# Con que busto se dibuja cada personaje debajo de la cara (NOTAS O-148, O-154).
# cuerpo = fichero de 10_icon_chr/uniform/<cuerpo>_l.png, ya en su talla.
# complexion = cuerpo base 3D (c000101..c000401); tipo_cuerpo = 0-7, lo que usa
# el filtro de cuerpo del juego; origen = camiseta / portero / propia / respaldo.
# Lo genera herramientas/construir_cuerpos.py.
identidad,cuerpo,complexion,tipo_cuerpo,origen
000CCA62,u115107_10_00,c000401,6,camiseta
002513F9,u010201_10_00,c000101,0,camiseta
00491555,u11600120,c000101,1,propia
004A74D5,u115105_10_00,c000301,4,camiseta
005CEF5C,u110706_10_00,c000401,5,camiseta
0060C7F1,u050101_10_00,c000101,0,respaldo_equipo
006246A5,u080606_10_00,c000401,5,camiseta
00663444,u117403_10_00,c000201,2,camiseta
006DEC12,u031901_10_00,c000101,0,camiseta
006F8F1C,u117403_10_00,c000201,2,camiseta
00821881,u061101_10_00,c000101,0,camiseta
008297CC,u117401_10_00,c000101,0,camiseta
009859CF,u115101_10_00,c000101,1,camiseta
009F3580,u031205_10_00,c000301,4,camiseta
00AA63B1,u112205_10_00,c000301,4,camiseta
00AD1DDF,u050601_10_00,c000101,0,camiseta
00B5CE9C,u11010070,c000401,6,propia
00BDA206,u041303_10_00,c000201,2,camiseta
00BF4E45,u117401_10_00,c000101,0,camiseta
00CA6827,u117405_10_00,c000301,4,camiseta
00CA6CD2,u041901_10_00,c000101,0,respaldo_equipo
00CAE76A,u040201_10_00,c000101,0,camiseta
00D2A610,u050701_10_00,c000101,0,camiseta
00E08E4F,u117406_10_00,c000401,5,camiseta
01080210,u117401_10_00,c000101,0,camiseta
01088D5D,u040205_10_00,c000301,4,camiseta
0110CC27,u050701_10_00,c000101,0,camiseta
01189533,u11180510,c000101,1,propia
0122E478,u117401_10_00,c000101,0,camiseta
0140FDFB,u117401_10_00,c000101,0,camiseta
015A33F8,u115103_10_00,c000201,2,camiseta
016F77E8,u050658_10_00,c000301,7,portero
017D2472,u117406_10_00,c000401,5,camiseta
018B7F62,u11600020,c000301,4,propia
0198C201,u117405_10_00,c000301,4,camiseta
019E856B,u110703_10_00,c000201,2,camiseta
01A02C92,u080601_10_00,c000101,0,camiseta
01A0E982,u050201_10_00,c000101,0,camiseta
01A45E73,u117407_10_00,c000401,6,camiseta
01ADE52B,u117402_10_00,c000101,1,camiseta
01AF8625,u031901_10_00,c000101,0,camiseta
01E25080,u021201_10_00,c000101,0,camiseta
01E779CE,u010205_10_00,c000301,4,camiseta
01F7A52D,u115105_10_00,c000301,4,camiseta
02094A80,u117401_10_00,c000101,0,camiseta
020D20F7,u11600010,c000101,0,propia
02154140,u115105_10_00,c000301,4,camiseta
02197A14,u051101_10_00,c000101,0,camiseta
0219E23F,u11803010,c000301,4,propia
021C166F,u117401_10_00,c000101,0,camiseta
021C7047,u030901_10_00,c000101,0,camiseta
02208A1D,u117401_10_00,c000101,0,camiseta
0222D9BE,u111207_10_00,c000401,6,camiseta
02293145,u117406_10_00,c000401,5,camiseta
022B524B,u032301_10_00,c000101,0,camiseta
0234719A,u117701_10_00,c000101,0,camiseta
0236F007,u117401_10_00,c000101,0,camiseta
024A9476,u11010060,c000101,1,propia
025029AD,u11010040,c000301,7,propia
0263ADA0,u010107_10_00,c000401,6,camiseta
0268FABB,u070201_10_00,c000101,0,camiseta
02693477,u040101_10_00,c000101,0,camiseta
0275D7BA,u020803_10_00,c000201,2,camiseta
028C5933,u040501_10_00,c000101,0,camiseta
028CD67E,u117405_10_00,c000301,4,camiseta
02941849,u051801_10_00,c000101,0,camiseta
02C42995,u117405_10_00,c000301,4,camiseta
02E4DD1D,u010101_10_00,c000101,0,camiseta
02ECD795,u051601_10_00,c000101,0,respaldo_equipo
02F9F01C,u117406_10_00,c000401,5,camiseta
0305066D,u115103_10_00,c000201,2,camiseta
030643A2,u117401_10_00,c000101,0,camiseta
030F668B,u021501_10_00,c000101,0,respaldo_equipo
0317B2A7,u117403_10_00,c000201,2,camiseta
0326B72A,u117401_10_00,c000101,0,camiseta
032EB7DF,u112205_10_00,c000301,4,camiseta
032EBDA2,u051601_10_00,c000101,0,respaldo_equipo
03322173,u021701_10_00,c000101,0,camiseta
03397668,u041401_10_00,c000101,0,camiseta
033B9A2B,u117405_10_00,c000301,4,camiseta
034E3304,u040503_10_00,c000201,2,camiseta
034EBC49,u117403_10_00,c000201,2,camiseta
0377CEAB,u010102_10_00,c000101,1,respaldo_generico
038E4D84,u010105_10_00,c000301,4,camiseta
03A148DA,u06037420,c000301,4,propia
03A33B7F,u020102_10_00,c000101,1,camiseta
03AA908C,u010201_10_00,c000101,0,camiseta
03B7BD8D,u020807_10_00,c000401,6,camiseta
03BCEA96,u041105_10_00,c000301,4,camiseta
03CB20B7,u117402_10_00,c000101,1,camiseta
03DE1A70,u030901_10_00,c000101,0,camiseta
03DE7C58,u117405_10_00,c000301,4,camiseta
03E0B389,u111207_10_00,c000401,6,camiseta
03E2E02A,u117401_10_00,c000101,0,camiseta
03E9387C,u032307_10_00,c000401,6,camiseta
03EB5B72,u117403_10_00,c000201,2,camiseta
03F49A30,u117405_10_00,c000301,4,camiseta
04079A90,u06039290,c000301,4,propia
040F6433,u061201_10_00,c000101,0,camiseta
040FEB7E,u117401_10_00,c000101,0,camiseta
043232F7,u117405_10_00,c000301,4,camiseta
04471495,u117402_10_00,c000101,1,camiseta
04479BD8,u117405_10_00,c000301,4,camiseta
04560E75,u010201_10_00,c000101,0,camiseta
045714AC,u111001_10_00,c000101,0,camiseta
04646742,u020201_10_00,c000101,0,respaldo_equipo
049E1BAB,u010101_10_00,c000101,0,camiseta
04A01582,u112501_10_00,c000101,0,camiseta
04A86F4B,u010301_10_00,c000101,0,camiseta
04B2A148,u115101_10_00,c000101,1,camiseta
04D7D484,u117401_10_00,c000101,0,camiseta
04DADE77,u11808080,c000201,2,propia
04DB53B4,u117401_10_00,c000101,0,camiseta
04E090A0,u031301_10_00,c000101,0,camiseta
04E2F3AE,u117401_10_00,c000101,0,camiseta
04EB48F6,u117401_10_00,c000101,0,camiseta
04F417C5,u020201_10_00,c000101,0,camiseta
04FDBDA1,u060905_10_00,c000301,4,camiseta
0502906E,u061501_10_00,c000101,0,camiseta
050B3A0A,u021803_20_00,c000201,2,camiseta
0515BEB3,u117407_10_00,c000401,6,camiseta
05209999,u117407_10_00,c000401,6,camiseta
0522FA97,u031305_10_00,c000301,4,camiseta
05262A85,u010107_10_00,c000401,6,respaldo_generico
052922C1,u117401_10_00,c000101,0,camiseta
053FD796,u060905_10_00,c000301,4,camiseta
055C719C,u010101_10_00,c000101,0,camiseta
05627FB5,u112556_10_00,c000401,5,portero
056A057C,u010303_10_00,c000201,2,camiseta
05857EA2,u117401_10_00,c000101,0,camiseta
0585F1EF,u040901_10_00,c000101,0,camiseta
05957E9B,u111002_10_00,c000101,1,camiseta
059DB095,u052006_10_00,c000401,5,camiseta
05A2E665,u115108_10_00,c000301,7,camiseta
05ABD762,u081101_10_00,c000101,0,camiseta
05C5F0A7,u117405_10_00,c000301,4,camiseta
05CD8149,u117401_10_00,c000101,0,camiseta
05F058C0,u117401_10_00,c000101,0,camiseta
05F11D3B,u117402_10_00,c000101,1,camiseta
05FC0170,u020905_10_00,c000301,4,camiseta
06012581,u040103_10_00,c000201,2,camiseta
0601AACC,u117401_10_00,c000101,0,camiseta
06113DEF,u111805_10_00,c000301,4,camiseta
06178BB7,u080406_10_00,c000401,5,camiseta
061964FB,u040101_10_00,c000101,0,camiseta
061C0880,u117406_10_00,c000401,5,camiseta
0629224E,u110501_10_00,c000101,0,camiseta
06338293,u117401_10_00,c000101,0,camiseta
063FB9C7,u115108_10_00,c000301,7,camiseta
064124C9,u117402_10_00,c000101,1,camiseta
06495527,u117407_10_00,c000401,6,camiseta
065F2F3D,u117406_10_00,c000401,5,camiseta
06644770,u081202_10_00,c000101,1,camiseta
0666DF34,u050456_10_00,c000401,5,portero
06748CAE,u117401_10_00,c000101,0,camiseta
0675C955,u117402_10_00,c000101,1,camiseta
06864400,u061405_10_00,c000301,4,camiseta
0686553C,u117407_10_00,c000401,6,camiseta
06916ADD,u117405_10_00,c000301,4,camiseta
06A44DF7,u117403_10_00,c000201,2,camiseta
06A62EF9,u031401_10_00,c000101,0,camiseta
06ADF6AF,u117402_10_00,c000101,1,camiseta
06D3089B,u117401_10_00,c000101,0,camiseta
06E25622,u010151_10_00,c000101,0,portero
06ED94DD,u115101_10_00,c000101,1,camiseta
06EED112,u010403_10_00,c000201,2,camiseta
06F6F352,u115104_10_00,c000201,3,camiseta
07033136,u051407_10_00,c000401,6,camiseta
072CBB25,u010401_10_00,c000101,0,camiseta
073A8B76,u11010011,c000101,0,propia
07443F0B,u117405_10_00,c000301,4,camiseta
075300EA,u117405_10_00,c000301,4,camiseta
076444CE,u031401_10_00,c000101,0,camiseta
076627C0,u117403_10_00,c000201,2,camiseta
076F9C98,u117405_10_00,c000301,4,camiseta
0782683F,u115101_10_00,c000101,0,camiseta
07834EFE,u06039090,c000301,4,propia
078B3F10,u117401_10_00,c000101,0,camiseta
079974DD,u011005_10_00,c000301,4,camiseta
079D450A,u117407_10_00,c000401,6,camiseta
07A4B503,u050401_10_00,c000101,0,camiseta
07B40ADA,u041501_10_00,c000101,0,camiseta
07B6E699,u117402_10_00,c000101,1,camiseta
07B7A362,u117403_10_00,c000201,2,camiseta
07BF5DC1,u021402_10_00,c000101,1,camiseta
07C34FB6,u040101_10_00,c000101,0,camiseta
07C3C0FB,u117407_10_00,c000401,6,camiseta
07D357D8,u111806_10_00,c000401,5,camiseta
07DB0ECC,u041901_10_00,c000101,0,camiseta
07DE62B7,u117401_10_00,c000101,0,camiseta
07EB4879,u110503_10_00,c000201,2,camiseta
07F1708F,u11806030,c000101,1,propia
07F1E8A4,u117401_10_00,c000101,0,camiseta
080538F5,u041901_10_00,c000101,0,respaldo_equipo
080F5938,u117401_10_00,c000101,0,camiseta
08127439,u040601_10_00,c000101,0,camiseta
08192322,u021506_10_00,c000401,5,camiseta
0820D32B,u117401_10_00,c000101,0,camiseta
08381D1C,u117401_10_00,c000101,0,camiseta
08492FB7,u07160500,c000301,4,propia
0849844E,u11010050,c000101,0,propia
084C7E85,u117402_10_00,c000101,1,camiseta
085A049F,u117405_10_00,c000301,4,camiseta
08758E8C,u050751_10_00,c000101,0,portero
0879D298,u021206_10_00,c000401,5,camiseta
087AF017,u117401_10_00,c000101,0,camiseta
08840633,u11010190,c000201,2,propia
08851CEA,u020201_10_00,c000101,0,camiseta
08928562,u030101_10_00,c000101,0,camiseta
08950484,u117401_10_00,c000101,0,camiseta
0897678A,u117401_10_00,c000101,0,camiseta
0897E8C7,u040806_10_00,c000401,5,camiseta
089CBFDC,u020702_10_00,c000101,1,camiseta
08A85240,u060605_10_00,c000301,4,camiseta
08A8DD0D,u117407_10_00,c000401,6,camiseta
08AB98C2,u115104_10_00,c000201,3,camiseta
08BD034B,u115105_10_00,c000301,4,camiseta
08CF3FEF,u020201_10_00,c000101,0,camiseta
08D4230D,u117203_10_00,c000201,2,camiseta
08DE01D2,u010101_10_00,,,respaldo_generico
08E022E6,u031605_10_00,c000301,4,camiseta
08EBFAB0,u020501_10_00,c000101,0,camiseta
08F175C1,u010101_10_00,c000101,0,camiseta
0922C79C,u042001_10_00,c000101,0,camiseta
09299087,u020501_10_00,c000101,0,camiseta
09331FF6,u010101_10_00,c000101,0,camiseta
0941C085,u080505_10_00,c000301,4,camiseta
09466C04,u11010090,c000401,5,propia
094776DD,u020206_10_00,c000401,5,camiseta
09532D9F,u011001_10_00,c000101,0,camiseta
09550DBD,u117401_10_00,c000101,0,camiseta
09576EB3,u117407_10_00,c000401,6,camiseta
0966300A,u11907060,c000201,2,propia
096A3877,u060605_10_00,c000301,4,camiseta
096AB73A,u117403_10_00,c000201,2,camiseta
097F697C,u110401_10_00,c000101,0,camiseta
0985CCE4,u030901_10_00,c000101,0,camiseta
098AA343,u051301_10_00,c000101,0,camiseta
098E14B2,u117402_10_00,c000101,1,camiseta
09986EA8,u117401_10_00,c000101,0,camiseta
09B7E4BB,u050701_10_00,c000101,0,camiseta
09B89A20,u117401_10_00,c000101,0,camiseta
09BBDFEF,u115101_10_00,c000101,0,camiseta
09C752C2,u041901_10_00,c000101,0,respaldo_equipo
09CD330F,u117401_10_00,c000101,0,camiseta
09D01E0E,u040604_10_00,c000201,3,camiseta
09E2B91C,u117402_10_00,c000101,1,camiseta
09FA772B,u117407_10_00,c000401,6,camiseta
0A01188A,u031101_10_00,c000101,0,camiseta
0A0AC0DC,u117401_10_00,c000101,0,camiseta
0A287FB9,u010101_10_00,,,respaldo_generico
0A3C4E4E,u117405_10_00,c000301,4,camiseta
0A49E761,u117401_10_00,c000101,0,camiseta
0A666D72,u117401_10_00,c000101,0,camiseta
0A7EA345,u117402_10_00,c000101,1,camiseta
0A8916AC,u070101_10_00,c000101,0,camiseta
0AA5CEE8,u117405_10_00,c000301,4,respaldo_equipo
0AA613F2,u041903_10_00,c000201,2,camiseta
0AAB7861,u11020010,c000101,0,propia
0AAD44E9,u020407_10_00,c000401,6,camiseta
0AC335A9,u111102_10_00,c000101,1,camiseta
0AD1D9D3,u117403_10_00,c000201,2,camiseta
0AD3BADD,u117406_10_00,c000401,5,camiseta
0AEE6354,u117407_10_00,c000401,6,camiseta
0AEEEC19,u060406_10_00,c000401,5,camiseta
0AF3C118,u032206_10_00,c000401,5,camiseta
0AF4AD57,u115101_10_00,c000101,0,camiseta
0AFA30D1,u111402_10_00,c000101,1,camiseta
0AFD9C50,u081006_10_00,c000401,5,camiseta
0B015F9E,u111102_10_00,c000101,1,camiseta
0B11D0EA,u117407_10_00,c000401,6,camiseta
0B133CA9,u040701_10_00,c000101,0,camiseta
0B13B3E4,u117405_10_00,c000301,4,camiseta
0B186BB2,u020302_10_00,c000101,1,camiseta
0B2C0963,u117405_10_00,c000301,4,camiseta
0B2C862E,u060405_10_00,c000301,4,camiseta
0B31AB2F,u032201_10_00,c000101,0,camiseta
0B64F688,u031501_10_00,c000101,0,camiseta
0B6F2EDE,u020403_10_00,c000201,2,camiseta
0B79DB89,u117401_10_00,c000101,0,camiseta
0B823DB1,u117701_10_00,c000101,0,camiseta
0B8A439A,u020201_10_00,c000101,0,camiseta
0B8B8D56,u117401_10_00,c000101,0,camiseta
0BA40745,u117404_10_00,c000201,3,camiseta
0BBCC972,u117405_10_00,c000301,4,camiseta
0BC8AAEB,u117401_10_00,c000101,0,camiseta
0BE4EA7A,u115107_10_00,c000401,6,camiseta
0BFE2479,u117405_10_00,c000301,4,camiseta
0C08F742,u11110510,c000301,4,propia
0C0F47D7,u117401_10_00,c000101,0,camiseta
0C11C36E,u021206_10_00,c000401,5,camiseta
0C187836,u117402_10_00,c000101,1,camiseta
0C1A9475,u041001_10_00,c000101,0,camiseta
0C252EF2,u060701_10_00,c000101,0,camiseta
0C25A1BF,u117407_10_00,c000401,6,camiseta
0C33DBA5,u117402_10_00,c000101,1,camiseta
0C482AD0,u115101_10_00,c000101,0,camiseta
0C534D5F,u115101_10_00,c000101,0,camiseta
0C5F760B,u051601_10_00,c000101,0,camiseta
0C668602,u020102_10_00,c000101,1,camiseta
0C6DD119,u041701_10_00,c000101,0,camiseta
0C70FC18,u010501_10_00,c000101,0,camiseta
0C816045,u115104_10_00,c000201,3,camiseta
0C82258A,u117405_10_00,c000301,4,camiseta
0C885142,u081201_10_00,c000101,0,camiseta
0CADAF99,u117403_10_00,c000201,2,camiseta
0CB561AE,u117401_10_00,c000101,0,camiseta
0CBFFC03,u117403_10_00,c000201,2,camiseta
0CC10237,u117403_10_00,c000201,2,camiseta
0CEAA1A4,u117406_10_00,c000401,5,camiseta
0CEAB098,u061705_10_00,c000301,4,camiseta
0CF78CA5,u117401_10_00,c000101,0,camiseta
0CFCDBBE,u070301_10_00,c000101,0,camiseta
0D036800,u117407_10_00,c000401,6,camiseta
0D07B4F1,u070506_10_00,c000401,5,camiseta
0D08B056,u030801_10_00,c000101,0,camiseta
0D176028,u040101_10_00,c000101,0,camiseta
0D28CB93,u117406_10_00,c000401,5,camiseta
0D35E692,u117407_10_00,c000401,6,camiseta
0D38CB66,u080101_10_00,c000101,0,camiseta
0D404FBD,u117403_10_00,c000201,2,camiseta
0D4C419A,u071001_10_00,c000101,0,camiseta
0D586DFD,u115101_10_00,c000101,1,camiseta
0D6FC5AE,u117407_10_00,c000401,6,camiseta
0D74928C,u111307_10_00,c000401,6,camiseta
0D770B99,u117407_10_00,c000401,6,camiseta
0D7D9634,u117402_10_00,c000101,1,camiseta
0D8D3EEA,u021201_10_00,c000101,0,camiseta
0D912768,u115105_10_00,c000301,4,camiseta
0D9D1C3C,u051602_10_00,c000101,1,camiseta
0DA4EC35,u020105_10_00,c000301,4,camiseta
0DAFBB2E,u041705_10_00,c000301,4,camiseta
0DB2962F,u010501_10_00,c000101,0,camiseta
0DC0BF38,u117401_10_00,c000101,0,camiseta
0DCD2DE0,u117407_10_00,c000401,6,camiseta
0DD8710F,u117406_10_00,c000401,5,camiseta
0DDA1201,u117407_10_00,c000401,6,camiseta
0DE744C5,u060705_10_00,c000301,4,camiseta
0DE7CB88,u117401_10_00,c000101,0,camiseta
0DF1B192,u117402_10_00,c000101,1,camiseta
0E0C78CA,u115101_10_00,c000101,0,camiseta
0E20385B,u020207_10_00,c000401,6,camiseta
0E2B6F40,u041806_10_00,c000401,5,camiseta
0E5CA561,u117402_10_00,c000101,1,camiseta
0E5EC66F,u117406_10_00,c000401,5,camiseta
0E631FE6,u117401_10_00,c000101,0,camiseta
0E6390AB,u060805_10_00,c000301,4,camiseta
0E7CDEA4,u117402_10_00,c000101,1,camiseta
0E87BC6E,u117405_10_00,c000301,4,camiseta
0E8C6438,u030701_10_00,c000101,0,camiseta
0E914939,u061301_10_00,c000101,0,camiseta
0EAEF3BE,u040301_10_00,c000101,0,camiseta
0EB132FC,u117407_10_00,c000401,6,camiseta
0EBBE824,u071605_10_00,c000301,4,camiseta
0EC49BD3,u117403_10_00,c000201,2,camiseta
0EC8CE59,u110601_10_00,c000101,0,camiseta
0ECF62D8,u080202_10_00,c000101,1,camiseta
0ED9399F,u117401_10_00,c000101,0,camiseta
0EDEBDDD,u050201_10_00,c000101,0,camiseta
0EEB11C0,u117405_10_00,c000301,4,camiseta
0EF3DFF7,u117401_10_00,c000101,0,camiseta
0EF9425A,u045301_10_00,c000101,0,camiseta
0F06F1E4,u117401_10_00,c000101,0,camiseta
0F0A76D4,u021005_10_00,c000301,4,camiseta
0F0AA46E,u110607_10_00,c000401,6,camiseta
0F1B53A8,u117401_10_00,c000101,0,camiseta
0F1C3FE7,u115101_10_00,c000101,0,camiseta
0F2340F6,u117407_10_00,c000401,6,respaldo_equipo
0F297BF7,u117401_10_00,c000101,0,camiseta
0F31B5C0,u117401_10_00,c000101,0,camiseta
0F3B286D,u042206_20_00,c000401,5,camiseta
0F40876B,u071703_10_00,c000201,2,camiseta
0F45D659,u117403_10_00,c000201,2,camiseta
0F638428,u115101_10_00,c000101,0,camiseta
0F7358CB,u117401_10_00,c000101,0,camiseta
0F9CAC58,u117401_10_00,c000101,0,camiseta
0F9E401B,u041203_10_00,c000201,2,camiseta
0F9ECF56,u117403_10_00,c000201,2,camiseta
0FA175D1,u117406_10_00,c000401,5,camiseta
0FA1FA9C,u060805_10_00,c000301,4,camiseta
0FBEB493,u117405_10_00,c000301,4,camiseta
0FC97613,u041208_10_00,c000301,7,respaldo_equipo
0FE2526C,u020206_10_00,c000401,5,camiseta
0FE90577,u041801_10_00,c000101,0,camiseta
1032A1C6,u020506_10_00,c000401,5,camiseta
1039F6DD,u042001_10_00,c000101,0,camiseta
104C5FF2,u117407_10_00,c000401,6,camiseta
104E3CFC,u117401_10_00,c000101,0,camiseta
105AF1C4,u080503_10_00,c000201,2,camiseta
105C479C,u020205_10_00,c000301,4,camiseta
105D5D45,u115203_10_00,c000201,2,camiseta
105DB7FF,u070205_10_00,c000301,4,camiseta
105E0C68,u050956_10_00,c000401,5,portero
1071867B,u117403_10_00,c000201,2,camiseta
107D014B,u11907070,c000101,1,propia
10835FE9,u117401_10_00,c000101,0,camiseta
10895DAB,u010103_10_00,c000201,2,respaldo_generico
108BBDA0,u050701_10_00,c000101,0,respaldo_equipo
109525F3,u117402_10_00,c000101,1,camiseta
109EFDA5,u030901_10_00,c000101,0,camiseta
10A0EEAE,u115101_10_00,c000101,0,camiseta
10A3AB61,u117405_10_00,c000301,4,camiseta
10ACD5FA,u050701_10_00,c000101,0,camiseta
10CB2F4F,u040605_10_00,c000301,4,camiseta
10D6024E,u117406_10_00,c000401,5,camiseta
10E1466A,u117403_10_00,c000201,2,camiseta
10F9885D,u117403_10_00,c000201,2,camiseta
11021263,u021406_10_00,c000401,5,camiseta
11094578,u040605_10_00,c000301,4,camiseta
11146879,u117403_10_00,c000201,2,camiseta
11232C5D,u117405_10_00,c000301,4,camiseta
113BE26A,u117402_10_00,c000101,1,camiseta
114135DE,u117406_10_00,c000401,5,camiseta
114F13CA,u11020010,c000101,0,propia
11574FC4,u117402_10_00,c000101,1,camiseta
115B612B,u010101_10_00,,,respaldo_generico
115C9792,u030901_10_00,c000101,0,camiseta
1161C156,u117401_10_00,c000101,0,camiseta
1162E3D9,u021207_10_00,c000401,6,camiseta
116A7283,u010102_10_00,c000101,1,respaldo_generico
116D343D,u010101_10_00,c000101,0,camiseta
11878E9D,u020703_10_00,c000201,2,camiseta
118C56CB,u117402_10_00,c000101,1,camiseta
118CD986,u040805_10_00,c000301,4,camiseta
118E35C5,u117406_10_00,c000401,5,camiseta
119C665F,u050905_10_00,c000301,4,camiseta
119E2DAB,u020207_10_00,c000401,6,camiseta
119F3772,u115105_10_00,c000301,4,camiseta
11A6320A,u115106_10_00,c000401,5,camiseta
11B0A983,u115105_10_00,c000301,4,camiseta
11B36301,u060605_10_00,c000301,4,camiseta
11B3EC4C,u117401_10_00,c000101,0,camiseta
11CF124C,u117201_10_00,c000101,0,camiseta
11D40EAE,u020201_10_00,c000101,0,camiseta
11F0CBF1,u020501_10_00,c000101,0,camiseta
11FB13A7,u031607_10_00,c000401,6,camiseta
12035AF3,u020301_10_00,c000101,0,camiseta
12080DE8,u040705_10_00,c000301,4,camiseta
120882A5,u117402_10_00,c000101,1,camiseta
120AE1AB,u117402_10_00,c000101,1,camiseta
121A6EDF,u111102_10_00,c000101,1,camiseta
122A9A6E,u032205_10_00,c000301,4,camiseta
12373822,u117405_10_00,c000301,4,camiseta
1237B76F,u060406_10_00,c000401,5,camiseta
1262EAC8,u117402_10_00,c000101,1,camiseta
12741F9F,u020407_10_00,c000401,6,camiseta
127FC7C9,u031505_10_00,c000301,4,camiseta
128CE95A,u050701_10_00,c000101,0,respaldo_equipo
1290BC17,u117403_10_00,c000201,2,camiseta
129DCFA7,u070105_10_00,c000301,4,camiseta
12A7F833,u117401_10_00,c000101,0,camiseta
12B74634,u011001_10_00,c000101,0,camiseta
12BF3604,u117403_10_00,c000201,2,camiseta
12CB22C3,u117701_10_00,c000101,0,camiseta
12D010F2,u042005_10_00,c000301,4,respaldo_equipo
12D843FC,u031101_10_00,c000101,0,camiseta
12DDC06A,u051201_10_00,c000101,0,respaldo_equipo
12E51538,u117401_10_00,c000101,0,camiseta
12FFDB3B,u115107_10_00,c000401,6,camiseta
1311F19D,u117401_10_00,c000101,0,camiseta
131A29CB,u031103_10_00,c000201,2,camiseta
13277F0F,u117405_10_00,c000301,4,camiseta
1348F02E,u050102_10_00,c000101,1,camiseta
1352D620,u117406_10_00,c000401,5,camiseta
13659204,u117401_10_00,c000101,0,camiseta
1376EEC9,u030101_10_00,c000101,0,camiseta
137D5C33,u117402_10_00,c000101,1,camiseta
139227ED,u070152_10_00,c000101,1,portero
13B675A8,u020405_10_00,c000301,4,camiseta
13BD22B3,u041901_10_00,c000101,0,camiseta
13BE3226,u11600010,c000101,0,propia
13C88B9C,u117401_10_00,c000101,0,camiseta
13CAE892,u117403_10_00,c000201,2,camiseta
13E10190,u111403_10_00,c000201,2,camiseta
13E6AD11,u081005_10_00,c000301,4,camiseta
13EF9C16,u115105_10_00,c000301,4,camiseta
13F55215,u117401_10_00,c000101,0,camiseta
140C5169,u040101_10_00,c000101,0,camiseta
14138117,u030801_10_00,c000101,0,camiseta
14185941,u117402_10_00,c000101,1,camiseta
141C85B0,u070501_10_00,c000101,0,camiseta
142580C8,u070305_10_00,c000301,4,camiseta
142ED7D3,u117401_10_00,c000101,0,camiseta
1433FAD2,u117405_10_00,c000301,4,camiseta
14435CBC,u115101_10_00,c000101,1,camiseta
14510A34,u081206_10_00,c000401,5,camiseta
14583B33,u115101_10_00,c000101,1,camiseta
145B7EFC,u117403_10_00,c000201,2,camiseta
1466A775,u117402_10_00,c000101,1,camiseta
146C3AD8,u117401_10_00,c000101,0,camiseta
146FA3CD,u111305_10_00,c000301,4,camiseta
1474F4EF,u117406_10_00,c000401,5,camiseta
147A59C4,u115105_10_00,c000301,4,camiseta
14862D7D,u051604_10_00,c000201,3,camiseta
148A1629,u115104_10_00,c000201,3,camiseta
14A9A76E,u010551_10_00,c000101,0,portero
14B48A6F,u041705_10_00,c000301,4,camiseta
14BFDD74,u020106_10_00,c000401,5,camiseta
14C12340,u117401_10_00,c000101,0,camiseta
14C2504D,u050701_10_00,c000101,0,respaldo_equipo
14C3404E,u117403_10_00,c000201,2,camiseta
14D61CA1,u117405_10_00,c000301,4,camiseta
14DB8E79,u117403_10_00,c000201,2,camiseta
14EA80D3,u117402_10_00,c000101,1,camiseta
14FCFAC9,u117405_10_00,c000301,4,camiseta
1501A534,u041001_10_00,c000101,0,camiseta
15034977,u117401_10_00,c000101,0,camiseta
150AF22F,u021201_10_00,c000101,0,camiseta
1513C603,u11110500,c000301,4,propia
15147696,u117401_10_00,c000101,0,camiseta
1519E44E,u117401_10_00,c000101,0,camiseta
1528EAE4,u117402_10_00,c000101,1,camiseta
153E1FB3,u060701_10_00,c000101,0,camiseta
153E90FE,u117401_10_00,c000101,0,camiseta
1544474A,u051602_10_00,c000101,1,camiseta
15531B91,u115101_10_00,c000101,0,camiseta
156931B1,u020851_10_00,c000101,0,portero
156BCD59,u010501_10_00,c000101,0,camiseta
1576E058,u041705_10_00,c000301,4,camiseta
157DB743,u020105_10_00,c000301,4,camiseta
158B5ACD,u117407_10_00,c000401,6,respaldo_equipo
15936003,u081205_10_00,c000301,4,camiseta
159914CB,u117406_10_00,c000401,5,camiseta
159A5104,u115105_10_00,c000301,4,camiseta
15A4CD42,u117403_10_00,c000201,2,camiseta
15A6E6DA,u117701_10_00,c000101,0,camiseta
15AE50EF,u117401_10_00,c000101,0,camiseta
15B69ED8,u117407_10_00,c000401,6,camiseta
15D1EB20,u030801_10_00,c000101,0,camiseta
15DA3376,u117403_10_00,c000201,2,camiseta
15E7EAFF,u070306_10_00,c000401,5,camiseta
15ECBDE4,u117405_10_00,c000301,4,camiseta
15F03954,u020201_10_00,c000101,0,camiseta
15F190E5,u117402_10_00,c000101,1,camiseta
160062E9,u117407_10_00,c000401,6,camiseta
16070EA6,u115101_10_00,c000101,0,camiseta
16114795,u021006_10_00,c000401,5,camiseta
1611952F,u110605_10_00,c000301,4,camiseta
161DC0A5,u117403_10_00,c000201,2,camiseta
1620192C,u042207_20_00,c000401,6,camiseta
162A8481,u117406_10_00,c000401,5,camiseta
16324AB6,u117406_10_00,c000401,5,camiseta
1648124F,u061301_10_00,c000101,0,camiseta
16553F4E,u030701_10_00,c000101,0,camiseta
165BB62A,u071705_10_00,c000301,4,camiseta
165EE718,u117402_10_00,c000101,1,camiseta
1665D364,u080101_20_00,c000101,0,camiseta
1668698A,u117406_10_00,c000401,5,camiseta
1678B569,u115101_10_00,c000101,1,camiseta
1685FE17,u117405_10_00,c000301,4,camiseta
16879D19,u117406_10_00,c000401,5,camiseta
16A585D2,u117401_10_00,c000101,0,camiseta
16B38033,u010101_10_00,c000101,0,camiseta
16BA4490,u117401_10_00,c000101,0,camiseta
16BACBDD,u060801_10_00,c000101,0,camiseta
16F23436,u041805_10_00,c000301,4,camiseta
16F9632D,u020201_10_00,c000101,0,camiseta
1717498B,u115107_10_00,c000401,6,camiseta
17305E01,u041801_10_00,c000101,0,camiseta
173B091A,u020205_10_00,c000301,4,camiseta
1745F72E,u117403_10_00,c000201,2,camiseta
17479420,u117405_10_00,c000301,4,camiseta
1767EFE5,u117405_10_00,c000301,4,camiseta
176AE34C,u050101_10_00,c000101,0,camiseta
17782EA7,u117406_10_00,c000401,5,camiseta
178A7878,u061301_10_00,c000101,0,camiseta
17975579,u030701_10_00,c000101,0,camiseta
1799DC1D,u071701_10_00,c000101,0,camiseta
179C8D2F,u117403_10_00,c000201,2,camiseta
17A0D965,u071601_10_00,c000101,0,camiseta
17AA03BD,u117407_10_00,c000401,6,camiseta
17B5C2FF,u040301_10_00,c000101,0,camiseta
17C208DE,u117405_10_00,c000301,4,camiseta
17D3FF18,u110605_10_00,c000301,4,camiseta
17D45399,u080201_10_00,c000101,0,camiseta
17DFAA92,u117401_10_00,c000101,0,camiseta
17E2731B,u045305_10_00,c000301,4,camiseta
17E8EEB6,u117402_10_00,c000101,1,camiseta
17ED56E1,u080703_10_00,c000201,2,camiseta
17F02081,u117405_10_00,c000301,4,camiseta
1803A472,u11180500,c000301,4,propia
180BFD66,u050701_10_00,c000101,0,camiseta
18133351,u117401_10_00,c000101,0,camiseta
1813BC1C,u040207_10_00,c000401,6,respaldo_equipo
1839D539,u117402_10_00,c000101,1,camiseta
184102B9,u115103_10_00,c000201,2,camiseta
18466EF6,u031203_10_00,c000201,2,camiseta
185B43F7,u061105_10_00,c000301,4,camiseta
185BCCBA,u117405_10_00,c000301,4,camiseta
18661533,u117403_10_00,c000201,2,camiseta
1883F340,u117405_10_00,c000301,4,camiseta
1885B42A,u110702_10_00,c000101,1,camiseta
18904E23,u11600030,c000301,7,propia
18B4B764,u031903_10_00,c000201,2,camiseta
18B6D46A,u117402_10_00,c000101,1,camiseta
18BB1DD3,u080602_10_00,c000101,1,camiseta
18BF6F32,u117401_10_00,c000101,0,camiseta
18EC946C,u115106_10_00,c000401,5,camiseta
18FC488F,u010206_10_00,c000401,5,camiseta
18FEC374,u010151_10_00,c000101,0,portero
192EFE5B,u115105_10_00,c000301,4,camiseta
193E22B8,u010257_10_00,c000401,6,portero
19419977,u117401_10_00,c000101,0,camiseta
19514594,u115101_10_00,c000101,0,camiseta
1974BE5D,u117406_10_00,c000401,5,camiseta
197977E4,u080605_10_00,c000301,4,camiseta
197D0505,u117403_10_00,c000201,2,camiseta
198404C1,u031205_10_00,c000301,4,camiseta
199929C0,u061101_10_00,c000101,0,camiseta
1999A68D,u117401_10_00,c000101,0,camiseta
19A47F04,u117401_10_00,c000101,0,camiseta
19A53AFF,u02029500,c000101,1,propia
19A69347,u041301_10_00,c000101,0,camiseta
19B152F0,u112201_10_00,c000101,0,camiseta
19B62C9E,u050605_10_00,c000301,4,camiseta
19C99751,u050701_10_00,c000101,0,camiseta
19D15966,u117406_10_00,c000401,5,camiseta
19D1D62B,u040205_10_00,c000301,4,camiseta
19FBBF0E,u117406_10_00,c000401,5,camiseta
1A1D72E3,u117405_10_00,c000301,4,camiseta
1A1E372C,u115108_10_00,c000301,7,camiseta
1A20AB6A,u117401_10_00,c000101,0,camiseta
1A224729,u041401_10_00,c000101,0,camiseta
1A291032,u021705_10_00,c000301,4,camiseta
1A35869E,u112201_10_00,c000101,0,camiseta
1A3D866B,u117403_10_00,c000201,2,camiseta
1A550245,u040505_10_00,c000301,4,camiseta
1A558D08,u117402_10_00,c000101,1,camiseta
1A957CC5,u010105_10_00,c000301,4,camiseta
1AA7DBD7,u041102_10_00,c000101,1,camiseta
1AA952C4,u050101_10_00,c000101,0,respaldo_equipo
1AAC8CCC,u020806_10_00,c000401,5,camiseta
1AB1A1CD,u070201_10_00,c000101,0,camiseta
1ABA799B,u117405_10_00,c000301,4,camiseta
1ABAF6D6,u010101_10_00,c000101,0,camiseta
1AC02162,u051156_10_00,c000401,5,portero
1AC0B949,u06039010,c000301,4,propia
1AC52B31,u030903_10_00,c000201,2,camiseta
1AC54D19,u117405_10_00,c000301,4,camiseta
1ACB4E47,u020403_10_00,c000201,2,camiseta
1AD011F6,u117402_10_00,c000101,1,camiseta
1AEFAB71,u117401_10_00,c000101,0,camiseta
1AF06A33,u117405_10_00,c000301,4,camiseta
1AF9D16B,u117402_10_00,c000101,1,camiseta
1B024B55,u051101_10_00,c000101,0,camiseta
1B07272E,u117407_10_00,c000401,6,camiseta
1B074106,u030901_10_00,c000101,0,camiseta
1B0E7001,u115101_10_00,c000101,0,camiseta
1B127BC1,u117401_10_00,c000101,0,camiseta
1B2DC146,u117401_10_00,c000101,0,camiseta
1B30630A,u032301_10_00,c000101,0,camiseta
1B320004,u117403_10_00,c000201,2,camiseta
1B39E8FF,u111201_10_00,c000101,0,camiseta
1B3BBB5C,u117401_10_00,c000101,0,camiseta
1B4B18EC,u11010050,c000101,0,propia
1B51A537,u11010070,c000401,6,propia
1B6EE6FB,u020806_10_00,c000401,5,camiseta
1B73CBFA,u070205_10_00,c000301,4,camiseta
1B789CE1,u010101_10_00,c000101,0,camiseta
1B81D74A,u050701_10_00,c000101,0,respaldo_equipo
1B976872,u040503_10_00,c000201,2,camiseta
1B97E73F,u117402_10_00,c000101,1,camiseta
1B9F46E8,u010102_10_00,c000101,1,respaldo_generico
1BDF18D4,u117405_10_00,c000301,4,camiseta
1BE2C15D,u117403_10_00,c000201,2,camiseta
1BFFEC5C,u117403_10_00,c000201,2,camiseta
1C0208C2,u081503_10_00,c000201,2,camiseta
1C0E8FF2,u117405_10_00,c000301,4,camiseta
1C100B4B,u021806_20_00,c000401,5,camiseta
1C24E6D7,u060901_10_00,c000101,0,camiseta
1C321380,u117407_10_00,c000401,6,camiseta
1C36A471,u050102_10_00,c000101,1,camiseta
1C39CBD6,u031303_10_00,c000201,2,camiseta
1C3BA8D8,u117401_10_00,c000101,0,camiseta
1C4284C2,u117701_10_00,c000101,0,camiseta
1C71343D,u010301_10_00,c000101,0,camiseta
1C794EF4,u112506_10_00,c000401,5,camiseta
1C8681D4,u052005_10_00,c000301,4,camiseta
1C8E4FDA,u111001_10_00,c000101,0,camiseta
1C9E4FE3,u117403_10_00,c000201,2,camiseta
1C9EC0AE,u040901_10_00,c000101,0,camiseta
1CB0E623,u081101_10_00,c000101,0,camiseta
1CB9D724,u115101_10_00,c000101,0,camiseta
1CD63F45,u061206_10_00,c000401,5,camiseta
1CD6B008,u117401_10_00,c000101,0,camiseta
1CDEC1E6,u117403_10_00,c000201,2,camiseta
1CEA2C7A,u117403_10_00,c000201,2,camiseta
1CEB6981,u117406_10_00,c000401,5,camiseta
1D025A57,u010101_10_00,c000101,0,camiseta
1D14DA3F,u117407_10_00,c000401,6,camiseta
1D1CABD1,u117405_10_00,c000301,4,camiseta
1D20B8EE,u021501_10_00,c000101,0,camiseta
1D2903B6,u117407_10_00,c000401,6,camiseta
1D4C25ED,u111001_10_00,c000101,0,camiseta
1D4D3F34,u010201_10_00,c000101,0,camiseta
1D5C25D4,u117402_10_00,c000101,1,camiseta
1D5CAA99,u040901_10_00,c000101,0,camiseta
1D728C14,u081106_10_00,c000401,5,camiseta
1D852AEA,u010107_10_00,c000401,6,camiseta
1DA99009,u115101_10_00,c000101,1,camiseta
1DB35E0A,u010306_10_00,c000401,5,camiseta
1DBB24C3,u112501_10_00,c000101,0,camiseta
1DC062F5,u117401_10_00,c000101,0,camiseta
1DC1EF36,u11808090,c000301,4,propia
1DCCE5C5,u117407_10_00,c000401,6,camiseta
1DCF6E5D,u050701_10_00,c000101,0,respaldo_equipo
1DF079B7,u117401_10_00,c000101,0,camiseta
1DF9C2EF,u117401_10_00,c000101,0,camiseta
1E0A53ED,u117401_10_00,c000101,0,camiseta
1E15FC8A,u040101_10_00,c000101,0,camiseta
1E16EDA2,u050601_10_00,c000101,0,respaldo_equipo
1E180077,u05024620,c000301,4,propia
1E186ADB,u020905_10_00,c000301,4,camiseta
1E34CFAB,u115101_10_00,c000101,0,camiseta
1E378A64,u010403_10_00,c000201,2,camiseta
1E4831AB,u117405_10_00,c000301,4,camiseta
1E5F0E4A,u117407_10_00,c000401,6,camiseta
1E74ADD9,u117407_10_00,c000401,6,camiseta
1E7D1681,u117406_10_00,c000401,5,camiseta
1E82459C,u070801_10_00,c000101,0,camiseta
1E86744B,u117402_10_00,c000101,1,camiseta
1E900E51,u117401_10_00,c000101,0,camiseta
1E987FBF,u040101_10_00,c000101,0,camiseta
1E99597E,u115103_10_00,c000201,2,camiseta
1EA46C80,u021406_10_00,c000401,5,camiseta
1EAC9223,u117405_10_00,c000301,4,camiseta
1EADD7D8,u117402_10_00,c000101,1,camiseta
1EAF3B9B,u041503_10_00,c000201,2,camiseta
1EBF8442,u050405_10_00,c000301,4,camiseta
1EC03F8D,u050605_10_00,c000301,4,camiseta
1EC553F6,u117407_10_00,c000401,6,camiseta
1ED87EF7,u040101_10_00,c000101,0,camiseta
1ED8F1BA,u117405_10_00,c000301,4,camiseta
1EE6E2B1,u115103_10_00,c000201,2,camiseta
1EEA41CE,u11806020,c000301,4,propia
1EEAD9E5,u117405_10_00,c000301,4,camiseta
1EF07938,u110504_10_00,c000201,3,camiseta
1F0255BA,u040101_10_00,c000101,0,camiseta
1F0739C1,u117407_10_00,c000401,6,camiseta
1F0A0CAE,u111803_10_00,c000201,2,camiseta
1F0CBAF6,u080401_10_00,c000101,0,camiseta
1F1A14C0,u040107_10_00,c000401,6,camiseta
1F1A9B8D,u117406_10_00,c000401,5,camiseta
1F248886,u115103_10_00,c000201,2,camiseta
1F28B3D2,u117402_10_00,c000101,1,camiseta
1F32130F,u110501_10_00,c000101,0,camiseta
1F441E7C,u117401_10_00,c000101,0,camiseta
1F526466,u117401_10_00,c000101,0,camiseta
1F5A1588,u117405_10_00,c000301,4,camiseta
1F6EF814,u117401_10_00,c000101,0,camiseta
1F6FBDEF,u117405_10_00,c000301,4,camiseta
1F7E2CB6,u041501_10_00,c000101,0,respaldo_equipo
1F86DCAC,u11908020,c000401,6,propia
1F8A5B9C,u117405_10_00,c000301,4,camiseta
1F9D647D,u117403_10_00,c000201,2,camiseta
1FB2701F,u050101_10_00,c000101,0,camiseta
1FB6C7EE,u117402_10_00,c000101,1,camiseta
1FBD1FB8,u031403_10_00,c000201,2,camiseta
1FBF7CB6,u117401_10_00,c000101,0,camiseta
1FC839DA,u117401_10_00,c000101,0,camiseta
1FEDC213,u115101_10_00,c000101,1,camiseta
1FF5E053,u010403_10_00,c000201,2,camiseta
20015AA0,u117401_10_00,c000101,0,camiseta
201CF8EC,u032201_10_00,c000101,0,camiseta
202C0C5D,u111104_10_00,c000201,3,camiseta
202D1684,u110901_10_00,c000101,0,camiseta
203C8329,u117401_10_00,c000101,0,camiseta
204217B1,u051301_10_00,c000101,0,camiseta
20427D1D,u020401_10_00,c000101,0,camiseta
2049A54B,u031507_10_00,c000401,6,camiseta
204BC645,u117401_10_00,c000101,0,camiseta
2054884A,u117401_10_00,c000101,0,camiseta
206065D6,u117405_10_00,c000301,4,camiseta
20895486,u117401_10_00,c000101,0,camiseta
20919AB1,u117402_10_00,c000101,1,camiseta
20996412,u117403_10_00,c000201,2,camiseta
209B996D,u011001_10_00,c000101,0,camiseta
20A6DE95,u117401_10_00,c000101,0,camiseta
20AE2036,u117406_10_00,c000401,5,camiseta
20B91FD7,u117407_10_00,c000401,6,camiseta
20C9B9B9,u115104_10_00,c000201,3,camiseta
20D377BA,u117405_10_00,c000301,4,camiseta
20E5F928,u117402_10_00,c000101,1,camiseta
20EE217E,u031105_10_00,c000301,4,camiseta
21111D8D,u117405_10_00,c000301,4,camiseta
2127931F,u117401_10_00,c000101,0,camiseta
212C4B49,u031106_10_00,c000401,5,camiseta
214B3EB1,u117404_10_00,c000201,3,camiseta
2150D673,u117403_10_00,c000201,2,camiseta
2153F086,u117402_10_00,c000101,1,camiseta
215B0E25,u117405_10_00,c000301,4,camiseta
2164B4A2,u117401_10_00,c000101,0,camiseta
216C4A01,u117401_10_00,c000101,0,camiseta
217B75E0,u117405_10_00,c000301,4,camiseta
2180172A,u020403_10_00,c000201,2,camiseta
2189AC72,u117402_10_00,c000101,1,camiseta
218B4031,u041901_10_00,c000101,0,camiseta
219A985B,u010201_10_00,c000101,0,camiseta
21A20FE1,u117401_10_00,c000101,0,camiseta
21A4456F,u070101_10_00,c000101,0,camiseta
21C33097,u117401_10_00,c000101,0,camiseta
21C3BFDA,u060401_10_00,c000101,0,camiseta
21CAE110,u010105_10_00,c000301,4,respaldo_generico
21D0CF93,u081001_10_00,c000101,0,camiseta
21D9FE94,u115108_10_00,c000301,7,camiseta
21DE92DB,u032201_10_00,c000101,0,camiseta
21EE666A,u111102_10_00,c000101,1,camiseta
21FEE91E,u117403_10_00,c000201,2,camiseta
2204C344,u020505_10_00,c000301,4,camiseta
220D781C,u117403_10_00,c000201,2,camiseta
220F945F,u042001_10_00,c000101,0,camiseta
2220061B,u020205_10_00,c000301,4,camiseta
22476BB4,u060605_10_00,c000301,4,camiseta
2247E4F9,u117406_10_00,c000401,5,camiseta
224B63C9,u11907050,c000201,2,propia
22523ABF,u110408_10_00,c000301,7,camiseta
22686EEA,u050901_10_00,c000101,0,camiseta
226A251E,u020202_10_00,c000101,1,camiseta
226C9346,u080501_10_00,c000101,0,camiseta
227A3D70,u117405_10_00,c000301,4,camiseta
228DEBA3,u115101_10_00,c000101,0,camiseta
2295C9E3,u117406_10_00,c000401,5,camiseta
229AB778,u050751_10_00,c000101,0,portero
22A34771,u117401_10_00,c000101,0,camiseta
22A89F27,u030906_10_00,c000401,5,camiseta
22B53D6B,u117407_10_00,c000401,6,camiseta
22CFEADF,u117402_10_00,c000101,1,camiseta
22D4021D,u020602_10_00,c000101,1,camiseta
22D724E8,u117403_10_00,c000201,2,camiseta
22DEC83F,u010102_10_00,c000101,1,respaldo_generico
22E060CC,u117401_10_00,c000101,0,camiseta
22E89E6F,u117401_10_00,c000101,0,camiseta
22F7699C,u041701_10_00,c000101,0,respaldo_equipo
22FD4DCD,u040601_10_00,c000101,0,camiseta
230D80E8,u117401_10_00,c000101,0,camiseta
23154EDF,u117405_10_00,c000301,4,camiseta
231DB07C,u032105_10_00,c000301,4,camiseta
23220AFB,u117401_10_00,c000101,0,camiseta
232AF458,u117403_10_00,c000201,2,camiseta
233470E1,u021501_10_00,c000101,0,camiseta
233F27FA,u040601_10_00,c000101,0,camiseta
2354815B,u021203_10_00,c000201,2,camiseta
2357A3D4,u117407_10_00,c000401,6,camiseta
2358DD4F,u050701_10_00,c000101,0,camiseta
23612D46,u117402_10_00,c000101,1,camiseta
2364D78D,u11010060,c000101,1,propia
236AF510,u030907_10_00,c000401,6,camiseta
2377575C,u117407_10_00,c000401,6,camiseta
23858ECE,u117405_10_00,c000301,4,camiseta
2386CB01,u115101_10_00,c000101,1,camiseta
23905088,u115107_10_00,c000401,6,camiseta
239DAC8E,u115108_10_00,c000301,7,camiseta
23AA04DD,u050905_10_00,c000301,4,camiseta
23B85747,u117401_10_00,c000101,0,camiseta
23C6A973,u020507_10_00,c000401,6,camiseta
23CD7125,u031601_10_00,c000101,0,camiseta
23CE58E4,u040301_10_00,c000101,0,respaldo_equipo
23CF122B,u117401_10_00,c000101,0,camiseta
23DC2602,u010151_10_00,c000101,0,portero
23E26C2C,u020201_10_00,c000101,0,camiseta
23F970CE,u117203_10_00,c000201,2,camiseta
23FA933B,u11600010,c000101,0,propia
24042834,u117401_10_00,c000101,0,camiseta
24167BAE,u042201_20_00,c000101,0,camiseta
241CE603,u117405_10_00,c000301,4,camiseta
24235C84,u117407_10_00,c000401,6,camiseta
24272517,u021002_10_00,c000101,1,camiseta
242BA227,u117407_10_00,c000401,6,camiseta
24316C24,u115101_10_00,c000101,0,camiseta
2436006B,u117405_10_00,c000301,4,camiseta
24490C3D,u080101_20_00,c000101,0,camiseta
244ED7EB,u115101_10_00,c000101,1,camiseta
245E0B08,u117406_10_00,c000401,5,camiseta
24635DCC,u030703_10_00,c000201,2,camiseta
2468859A,u117407_10_00,c000401,6,camiseta
246DD4A8,u071701_10_00,c000101,0,camiseta
247E70CD,u061301_10_00,c000101,0,camiseta
2484F568,u071001_10_00,c000101,0,camiseta
248C2612,u117401_10_00,c000101,0,camiseta
248CA95F,u060802_10_00,c000101,1,camiseta
248EB5AA,u070205_10_00,c000301,4,camiseta
24B1FF9B,u117401_10_00,c000101,0,camiseta
24C6BAF7,u117405_10_00,c000301,4,camiseta
24CF01AF,u020201_10_00,c000101,0,camiseta
24DFD4DA,u040101_10_00,c000101,0,camiseta
24E1C617,u010101_10_00,,,respaldo_generico
24F07F94,u080101_10_00,c000101,0,camiseta
2504D0C0,u117405_10_00,c000301,4,camiseta
25063C83,u041801_10_00,c000101,0,camiseta
250D6B98,u020203_10_00,c000201,2,camiseta
25212B09,u115108_10_00,c000301,7,camiseta
2522046A,u061705_10_00,c000301,4,camiseta
252A4AD0,u050701_10_00,c000101,0,respaldo_equipo
25463C15,u050101_10_00,c000101,0,camiseta
254E4C25,u117401_10_00,c000101,0,camiseta
254EC368,u060801_10_00,c000101,0,camiseta
25638DC2,u11190500,c000201,3,propia
257395AC,u117407_10_00,c000401,6,camiseta
259C613F,u117401_10_00,c000101,0,camiseta
25A137FB,u030703_10_00,c000201,2,camiseta
25AAEFAD,u117401_10_00,c000101,0,camiseta
25AFBE9F,u071701_10_00,c000101,0,camiseta
25C64203,u117402_10_00,c000101,1,camiseta
25D41199,u045305_10_00,c000301,4,camiseta
25D6FDDA,u045601_10_00,c000101,0,camiseta
25DB3463,u080706_10_00,c000401,5,camiseta
25DDAAC1,u020903_10_00,c000201,2,camiseta
25DE8C34,u117406_10_00,c000401,5,camiseta
25E136B3,u117405_10_00,c000301,4,camiseta
25E59D9A,u110605_10_00,c000301,4,camiseta
25E9C810,u117406_10_00,c000401,5,camiseta
25F46A5C,u117402_10_00,c000101,1,camiseta
26059850,u117403_10_00,c000201,2,camiseta
260C33A3,u010201_10_00,c000101,0,camiseta
260F257E,u080101_10_00,c000101,0,camiseta
2613E24A,u070301_10_00,c000101,0,camiseta
2618B551,u117401_10_00,c000101,0,camiseta
26208E30,u040101_10_00,c000101,0,camiseta
2625E395,u030806_10_00,c000401,5,camiseta
262E3BC3,u117401_10_00,c000101,0,camiseta
2642966D,u117402_10_00,c000101,1,camiseta
2650C5F7,u117401_10_00,c000101,0,camiseta
265229B4,u040402_10_00,c000101,1,camiseta
26597EAF,u021301_10_00,c000101,0,camiseta
2659C14F,u111302_10_00,c000101,1,camiseta
265A585A,u117401_10_00,c000101,0,camiseta
2665E2DD,u117407_10_00,c000401,6,camiseta
266768B6,u081205_10_00,c000301,4,camiseta
2669E9F2,u11010010,c000101,0,propia
266D1C7E,u117401_10_00,c000101,0,camiseta
266E59B1,u115105_10_00,c000301,4,camiseta
268004AE,u117402_10_00,c000101,1,camiseta
2682E8ED,u041701_10_00,c000101,0,camiseta
2689BFF6,u020101_10_00,c000101,0,camiseta
269FC5EC,u010501_10_00,c000101,0,camiseta
26A07F6B,u030601_10_00,c000101,0,camiseta
26BC74AB,u115105_10_00,c000301,4,camiseta
26CA1706,u060701_10_00,c000101,0,camiseta
26CA984B,u117401_10_00,c000101,0,camiseta
26DCE251,u117403_10_00,c000201,2,camiseta
26E07E23,u117407_10_00,c000401,6,camiseta
26F741C2,u117401_10_00,c000101,0,camiseta
27087D31,u060706_10_00,c000401,5,camiseta
2708F27C,u117405_10_00,c000301,4,camiseta
271E8866,u117402_10_00,c000101,1,camiseta
27221414,u117405_10_00,c000301,4,camiseta
27317A44,u041001_10_00,c000101,0,respaldo_equipo
27352BF5,u117405_10_00,c000301,4,camiseta
27426E99,u117406_10_00,c000401,5,camiseta
274BD5C1,u020106_10_00,c000401,5,camiseta
2755AF2E,u112302_10_00,c000101,1,camiseta
277225C8,u051601_10_00,c000101,0,camiseta
2772BDE3,u11805010,c000101,1,propia
277E1E9C,u115104_10_00,c000201,3,camiseta
2780FC5A,u117401_10_00,c000101,0,camiseta
2792AFC0,u117403_10_00,c000201,2,camiseta
2798326D,u117401_10_00,c000101,0,camiseta
27A3F179,u117405_10_00,c000301,4,camiseta
27A50281,u081205_10_00,c000301,4,camiseta
27A788EA,u117406_10_00,c000401,5,camiseta
27AC3386,u115101_10_00,c000101,1,camiseta
27AF7649,u117405_10_00,c000301,4,camiseta
27C7F267,u117402_10_00,c000101,1,camiseta
27D1887D,u070305_10_00,c000301,4,camiseta
27E789A2,u030801_10_00,c000101,0,camiseta
27EC51F4,u117401_10_00,c000101,0,camiseta
280BE4E9,u117401_10_00,c000101,0,camiseta
2816C9E8,u117406_10_00,c000401,5,camiseta
282B1061,u117401_10_00,c000101,0,camiseta
28333221,u115103_10_00,c000201,2,camiseta
28618C84,u117401_10_00,c000101,0,camiseta
286360C7,u040506_10_00,c000401,5,camiseta
2863EF8A,u117405_10_00,c000301,4,camiseta
28685D70,u050201_10_00,c000101,0,camiseta
2873EFB3,u11100500,c000301,7,propia
2887C34F,u070256_10_00,c000401,5,portero
288C1B19,u06037410,c000101,1,propia
288C9454,u010101_10_00,c000101,0,camiseta
2891B955,u041105_10_00,c000301,4,camiseta
289AEE4E,u020803_10_00,c000201,2,camiseta
28B32ED3,u117405_10_00,c000301,4,camiseta
28B8F685,u117401_10_00,c000101,0,camiseta
28C46BBF,u032303_10_00,c000201,2,camiseta
28CDE04A,u111202_10_00,c000101,1,camiseta
28CFB3E9,u117401_10_00,c000101,0,camiseta
28D9C9F3,u117401_10_00,c000101,0,camiseta
28E11F3B,u115103_10_00,c000201,2,camiseta
28F32F9B,u117401_10_00,c000101,0,camiseta
28F349B3,u030955_10_00,c000301,4,portero
28F643E0,u051101_10_00,c000101,0,camiseta
29060188,u032305_10_00,c000301,4,camiseta
29068165,u051102_10_00,c000101,1,respaldo_equipo
290DD9DE,u117403_10_00,c000201,2,camiseta
290F8A7D,u111202_10_00,c000101,1,camiseta
291BA3C4,u117405_10_00,c000301,4,camiseta
2923750C,u115108_10_00,c000301,7,respaldo_equipo
29312384,u030901_10_00,c000101,0,camiseta
293145AC,u117405_10_00,c000301,4,camiseta
293429D7,u051102_10_00,c000101,1,camiseta
2934B1FC,u11803020,c000101,1,propia
29381283,u115103_10_00,c000201,2,camiseta
2945A978,u070205_10_00,c000301,4,camiseta
29588479,u020851_10_00,c000101,0,portero
29617470,u010105_10_00,c000301,4,camiseta
2967C7B5,u11010050,c000101,0,propia
297A9CB2,u117402_10_00,c000101,1,camiseta
297CAC00,u010203_10_00,c000201,2,camiseta
29A10AF0,u040501_10_00,c000101,0,camiseta
29A185BD,u117403_10_00,c000201,2,camiseta
29A3E6B3,u117406_10_00,c000401,5,camiseta
29A9C77C,u117401_10_00,c000101,0,camiseta
29B9001C,u010105_10_00,c000301,4,respaldo_generico
29C98EDE,u010105_10_00,c000301,4,camiseta
29D4A3DF,u117407_10_00,c000401,6,camiseta
29E97A56,u117405_10_00,c000301,4,camiseta
29EA3F99,u115105_10_00,c000301,4,camiseta
2A0FB7BB,u117407_10_00,c000401,6,camiseta
2A2551D3,u117405_10_00,c000301,4,camiseta
2A25DE9E,u040201_10_00,c000101,0,camiseta
2A2732DD,u117402_10_00,c000101,1,camiseta
2A300D3C,u117405_10_00,c000301,4,camiseta
2A3D9FE4,u050701_10_00,c000101,0,camiseta
2A42242B,u050605_10_00,c000301,4,camiseta
2A5077B1,u117405_10_00,c000301,4,camiseta
2A6D2175,u061106_10_00,c000401,5,camiseta
2A6DAE38,u117407_10_00,c000401,6,camiseta
2A700C74,u031205_10_00,c000301,4,camiseta
2A77603B,u115103_10_00,c000201,2,camiseta
2A82D5E6,u031901_10_00,c000101,0,camiseta
2A890DB0,u117401_10_00,c000101,0,camiseta
2A8D7F51,u080605_10_00,c000301,4,camiseta
2A924FC4,u040103_10_00,c000201,2,respaldo_equipo
2AA62CA1,u11600010,c000101,0,propia
2AA7A162,u115101_10_00,c000101,1,respaldo_equipo
2AB3D6A8,u110705_10_00,c000301,4,camiseta
2AB47A29,u080307_10_00,c000401,6,camiseta
2AB591C2,u117406_10_00,c000401,5,camiseta
2AC0F0D5,u010105_10_00,c000301,4,camiseta
2AC7D279,u021501_10_00,c000101,0,respaldo_equipo
2AD5EB4F,u117401_10_00,c000101,0,camiseta
2ADAF6EE,u115103_10_00,c000201,2,camiseta
2AFE48DC,u117407_10_00,c000401,6,camiseta
2B08403A,u010201_10_00,c000101,0,camiseta
2B178178,u117402_10_00,c000101,1,camiseta
2B189CD9,u115108_10_00,c000301,7,camiseta
2B37FABD,u030305_10_00,c000301,4,camiseta
2B3C22EB,u117401_10_00,c000101,0,camiseta
2B40BFD1,u031901_10_00,c000101,0,camiseta
2B4B6787,u117401_10_00,c000101,0,camiseta
2B4F1566,u080601_10_00,c000101,0,camiseta
2B644696,u11600110,c000201,2,propia
2B65CB55,u115105_10_00,c000301,4,camiseta
2B672716,u115101_10_00,c000101,1,camiseta
2B71BC9F,u110701_10_00,c000101,0,camiseta
2B77FBF5,u117405_10_00,c000301,4,camiseta
2B804E1C,u050651_10_00,c000101,0,portero
2B921D86,u117405_10_00,c000301,4,camiseta
2BAF4B42,u061101_10_00,c000101,0,camiseta
2BAFC40F,u117401_10_00,c000101,0,camiseta
2BB26643,u031206_10_00,c000401,5,camiseta
2BCDDD8C,u117406_10_00,c000401,5,camiseta
2BCFB366,u11050500,c000401,6,propia
2BE558EA,u117401_10_00,c000101,0,camiseta
2BE73BE4,u117405_10_00,c000301,4,camiseta
2BE7B4A9,u040203_10_00,c000201,2,camiseta
2BF2670B,u117401_10_00,c000101,0,camiseta
2C01E8E6,u010405_10_00,c000301,4,camiseta
2C23705E,u010107_10_00,c000401,6,respaldo_generico
2C2774C0,u050701_10_00,c000101,0,respaldo_equipo
2C2F3A7A,u11030010,c000101,0,propia
2C358A37,u117403_10_00,c000201,2,camiseta
2C3C316F,u117401_10_00,c000101,0,camiseta
2C3E5261,u030501_10_00,c000101,0,camiseta
2C42CF5B,u117405_10_00,c000301,4,camiseta
2C49170D,u031401_10_00,c000101,0,camiseta
2C696CC8,u117403_10_00,c000201,2,camiseta
2C6C6389,u115104_10_00,c000201,3,camiseta
2C72D419,u117405_10_00,c000301,4,camiseta
2C7E5329,u117406_10_00,c000401,5,camiseta
2C89E6C0,u050455_10_00,c000301,4,portero
2C9AF0A1,u117402_10_00,c000101,1,camiseta
2C9BB55A,u117401_10_00,c000101,0,camiseta
2CA317ED,u010101_10_00,c000101,0,respaldo_equipo
2CA66CD3,u117401_10_00,c000101,0,camiseta
2CAF3BFC,u115103_10_00,c000201,2,camiseta
2CB016C9,u117401_10_00,c000101,0,camiseta
2CB4271E,u011007_10_00,c000401,6,camiseta
2CC61BBA,u110502_10_00,c000101,1,camiseta
2CCA249C,u061501_10_00,c000101,0,camiseta
2CD08033,u115101_10_00,c000101,0,camiseta
2CDCBB67,u117402_10_00,c000101,1,camiseta
2CECF036,u117401_10_00,c000101,0,camiseta
2CEE1C75,u040105_10_00,c000301,4,camiseta
2CEE9338,u117405_10_00,c000301,4,camiseta
2CF33174,u117401_10_00,c000101,0,camiseta
2CFE041B,u111804_10_00,c000201,3,camiseta
2D12EA04,u115101_10_00,c000101,1,camiseta
2D1E497B,u117401_10_00,,,respaldo_equipo
2D1ED150,u117402_10_00,c000101,1,camiseta
2D2C7642,u040101_10_00,c000101,0,respaldo_equipo
2D2CF90F,u117401_10_00,c000101,0,camiseta
2D2E9A01,u117401_10_00,c000101,0,camiseta
2D315B43,u117401_10_00,c000101,0,camiseta
2D343738,u040103_10_00,c000201,2,camiseta
2D3AD874,u080405_10_00,c000301,4,camiseta
2D3C6E2C,u111802_10_00,c000101,1,camiseta
2D3CA337,u020201_10_00,c000101,0,camiseta
2D3D9E4F,u070305_10_00,c000301,4,camiseta
2D4B8CF7,u050404_10_00,c000201,3,camiseta
2D589A96,u020805_10_00,c000301,4,camiseta
2D59DF6D,u117401_10_00,c000101,0,camiseta
2D6406E4,u117401_10_00,c000101,0,camiseta
2D727CFE,u117402_10_00,c000101,1,camiseta
2D80A56C,u117402_10_00,c000101,1,camiseta
2D8B7D3A,u031403_10_00,c000201,2,camiseta
2D9EAF46,u050101_10_00,c000101,0,camiseta
2DAB06FF,u117406_10_00,c000401,5,camiseta
2DAE09BE,u115101_10_00,c000101,0,camiseta
2DB0BE2E,u11908130,c000201,2,propia
2DBC391E,u117401_10_00,c000101,0,camiseta
2DC0C71E,u115105_10_00,c000301,4,camiseta
2DCF05E1,u030101_10_00,c000101,0,camiseta
2DEC08C2,u051405_10_00,c000301,4,camiseta
2DF5F631,u010201_10_00,c000101,0,camiseta
2DF7E000,u117406_10_00,c000401,5,camiseta
2DFE5B58,u117405_10_00,c000301,4,camiseta
2E047102,u117401_10_00,c000101,0,camiseta
2E0FA954,u031301_10_00,c000101,0,camiseta
2E128455,u060903_10_00,c000201,2,camiseta
2E1A7B28,u050102_10_00,c000101,1,camiseta
2E2ADDD0,u115105_10_00,c000301,4,respaldo_equipo
2E38ED70,u117407_10_00,c000401,6,camiseta
2E501BC2,u117407_10_00,c000401,6,respaldo_equipo
2E73346E,u117406_10_00,c000401,5,camiseta
2E812820,u111507_10_00,c000401,6,camiseta
2E8684A1,u081105_10_00,c000301,4,camiseta
2E8FB5A6,u115108_10_00,c000301,7,camiseta
2EA82D61,u117401_10_00,c000101,0,camiseta
2EA8A22C,u040901_10_00,c000101,0,camiseta
2EAA4E6F,u117401_10_00,c000101,0,camiseta
2EB0E356,u052002_10_00,c000101,1,camiseta
2EC40365,u117401_10_00,c000101,0,camiseta
2EDC4EF8,u117403_10_00,c000201,2,camiseta
2EDD0B03,u117407_10_00,c000401,6,camiseta
2EE0D28A,u117401_10_00,c000101,0,camiseta
2EEB69E6,u117205_10_00,c000301,4,camiseta
2F1714A0,u01002610,c000401,6,propia
2F1F6134,u117401_10_00,c000101,0,camiseta
2F22B8BD,u117405_10_00,c000301,4,camiseta
2F44EE96,u081103_10_00,c000201,2,camiseta
2F4EF0F2,u061405_10_00,c000301,4,camiseta
2F682458,u117407_10_00,c000401,6,camiseta
2F6A4756,u117401_10_00,c000101,0,camiseta
2F6AC81B,u04000360,c000101,1,propia
2F7A476F,u111002_10_00,c000101,1,camiseta
2F853C88,u010301_10_00,c000101,0,camiseta
2F8D4641,u112505_10_00,c000301,4,camiseta
2F9FF28B,u115105_10_00,c000301,4,camiseta
2FB15E59,u117401_10_00,c000101,0,camiseta
2FB34868,u010151_10_00,c000101,0,portero
2FBA860F,u030405_10_00,c000301,4,camiseta
2FC61B35,u117403_10_00,c000201,2,camiseta
2FCDC363,u031305_10_00,c000301,4,camiseta
2FD0EE62,u060902_10_00,c000101,1,camiseta
2FE8B7E7,u115101_10_00,c000101,1,camiseta
2FF48419,u020102_10_00,c000101,1,camiseta
2FFA8747,u117405_10_00,c000301,4,camiseta
30009285,u117401_10_00,c000101,0,camiseta
3014BB3C,u111202_10_00,c000101,1,camiseta
3016E89F,u117401_10_00,c000101,0,camiseta
301D30C9,u032306_10_00,c000401,5,camiseta
302A74ED,u117405_10_00,c000301,4,camiseta
302F1896,u051153_10_00,c000201,2,portero
302F80BD,u11803030,c000301,7,propia
3038444D,u115108_10_00,c000301,7,camiseta
3055406F,u117406_10_00,c000401,5,camiseta
3055CF22,u010151_10_00,c000101,0,portero
3061ADF3,u117401_10_00,c000101,0,camiseta
30664B2F,u11010060,c000101,1,propia
30679D41,u010201_10_00,c000101,0,camiseta
307A4531,u010105_10_00,c000301,4,camiseta
307CF6F4,u11010040,c000301,7,propia
30B2F63D,u117401_10_00,c000101,0,camiseta
30B8D7F2,u117402_10_00,c000101,1,camiseta
30BA3BB1,u040505_10_00,c000301,4,camiseta
30BAB4FC,u117405_10_00,c000301,4,camiseta
30CF929E,u117402_10_00,c000101,1,camiseta
30D2BF9F,u010103_10_00,c000201,2,camiseta
30E0C524,u051705_10_00,c000301,4,respaldo_equipo
30F24B17,u117407_10_00,c000401,6,camiseta
310DF8A9,u117401_10_00,c000101,0,camiseta
3110D5A8,u117401_10_00,c000101,0,camiseta
3123B9D2,u021501_10_00,c000101,0,respaldo_equipo
31280360,u115101_10_00,c000101,1,camiseta
312F7F8B,u041801_10_00,c000101,0,respaldo_equipo
31302120,u117405_10_00,c000301,4,camiseta
313364EF,u115107_10_00,c000401,6,camiseta
3168DEF2,u11100510,c000101,1,propia
3178DECB,u117403_10_00,c000201,2,camiseta
317ABDC5,u117407_10_00,c000401,6,camiseta
3181DF0F,u020805_10_00,c000301,4,camiseta
318A8814,u041105_10_00,c000301,4,camiseta
31972A58,u117402_10_00,c000101,1,camiseta
3197A515,u010105_10_00,c000301,4,camiseta
319CF20E,u070201_10_00,c000101,0,camiseta
31A3C7C4,u117403_10_00,c000201,2,camiseta
31A81F92,u03030080,c000101,1,propia
31B82F06,u010105_10_00,c000301,4,camiseta
31C2F8B2,u117407_10_00,c000401,6,camiseta
31D482A8,u117403_10_00,c000201,2,camiseta
31D6D10B,u111207_10_00,c000401,6,camiseta
31DF5AFE,u032301_10_00,c000101,0,camiseta
31E81EDA,u117405_10_00,c000301,4,camiseta
31E878F2,u030903_10_00,c000201,2,camiseta
31ED72A1,u051105_10_00,c000301,4,camiseta
31FA2E7A,u115101_10_00,c000101,1,camiseta
3203AD98,u115106_10_00,c000401,5,camiseta
320CB039,u117401_10_00,c000101,0,camiseta
3213717B,u010201_10_00,c000101,0,camiseta
322713AA,u117401_10_00,c000101,0,camiseta
322CCBFC,u030305_10_00,c000301,4,camiseta
325056C6,u117402_10_00,c000101,1,camiseta
32542427,u080601_10_00,c000101,0,camiseta
325B8E90,u031905_10_00,c000301,4,camiseta
326A8DDE,u110701_10_00,c000101,0,camiseta
326CCAB4,u117407_10_00,c000401,6,camiseta
327C1657,u115101_10_00,c000101,1,camiseta
327EFA14,u115107_10_00,c000401,6,camiseta
327F77D7,u117404_10_00,c000201,3,camiseta
3283AC1E,u11010050,c000101,0,propia
32892CC7,u117401_10_00,c000101,0,camiseta
329B7F5D,u050601_10_00,c000101,0,camiseta
32A95702,u031203_10_00,c000201,2,camiseta
32B47A03,u061101_10_00,c000101,0,camiseta
32B4F54E,u117405_10_00,c000301,4,camiseta
32C6A73F,u051602_10_00,c000101,1,respaldo_equipo
32D48227,u11050510,c000101,1,propia
32D6ECCD,u117405_10_00,c000301,4,camiseta
32E4C492,u050701_10_00,c000101,0,camiseta
32E9564A,u117401_10_00,c000101,0,camiseta
32FC0AA5,u117401_10_00,c000101,0,camiseta
32FE69AB,u117403_10_00,c000201,2,camiseta
331486FA,u117406_10_00,c000401,5,camiseta
3326AEA5,u050701_10_00,c000101,0,camiseta
33282B71,u041801_10_00,c000101,0,respaldo_equipo
332B3C7D,u117407_10_00,c000401,6,camiseta
333C039C,u117403_10_00,c000201,2,camiseta
333E6092,u117401_10_00,c000101,0,camiseta
333EEFDF,u040201_10_00,c000101,0,camiseta
334B46F0,u117401_10_00,c000101,0,camiseta
3359156A,u050602_10_00,c000101,1,camiseta
336B3D35,u031205_10_00,c000301,4,camiseta
336C517A,u115104_10_00,c000201,3,camiseta
33761034,u061106_10_00,c000401,5,camiseta
33769F79,u117401_10_00,c000101,0,camiseta
338C36DB,u050201_10_00,c000101,0,camiseta
33923CF1,u117401_10_00,c000101,0,camiseta
339905CF,u011001_10_00,c000101,0,camiseta
3399E4A7,u031905_10_00,c000301,4,camiseta
33A09645,u115601_10_00,c000101,0,camiseta
33A8E7E9,u110701_10_00,c000101,0,camiseta
33AEA083,u117401_10_00,c000101,0,camiseta
33AF4B68,u080301_10_00,c000101,0,camiseta
33BC9023,u115105_10_00,c000301,4,respaldo_equipo
33C1C7AF,u115101_10_00,c000101,0,camiseta
33CEDA0E,u117405_10_00,c000301,4,camiseta
33D11B4C,u010255_10_00,c000301,4,portero
33DBC194,u010101_10_00,c000101,0,camiseta
33E5799D,u117401_10_00,c000101,0,camiseta
3405E011,u117401_10_00,c000101,0,camiseta
3409DB45,u115101_10_00,c000101,1,camiseta
341F40CC,u110505_10_00,c000301,4,camiseta
341FE784,u010101_10_00,c000101,0,respaldo_generico
3421E935,u080403_10_00,c000201,2,camiseta
34275F6D,u111802_10_00,c000101,1,camiseta
342A6A02,u117403_10_00,c000201,2,camiseta
342F0679,u040301_10_00,c000101,0,camiseta
3435AB40,u117401_10_00,c000101,0,camiseta
34374703,u040101_10_00,c000101,0,camiseta
3437C84E,u117402_10_00,c000101,1,camiseta
3442EE2C,u117401_10_00,c000101,0,camiseta
3443ABD7,u117401_10_00,c000101,0,camiseta
344E17E8,u020201_10_00,c000101,0,respaldo_equipo
3450BDB6,u050406_10_00,c000401,5,camiseta
34694DBF,u117402_10_00,c000101,1,camiseta
347F37A5,u117401_10_00,c000101,0,camiseta
34904C7B,u031405_10_00,c000301,4,camiseta
349B942D,u117402_10_00,c000101,1,camiseta
34A7085F,u117405_10_00,c000301,4,camiseta
34AA9B59,u061405_10_00,c000301,4,camiseta
34AB8F6F,u11908120,c000201,2,propia
34B037BE,u117402_10_00,c000101,1,camiseta
34B538FF,u115101_10_00,c000101,1,camiseta
34D8B390,u010457_10_00,c000401,6,portero
34DBF65F,u115101_10_00,c000101,1,camiseta
34E56A19,u117401_10_00,c000101,0,camiseta
34ECD141,u117401_10_00,c000101,0,camiseta
34EEC770,u010201_10_00,c000101,0,camiseta
34F73983,u051405_10_00,c000301,4,camiseta
351AD9A7,u010401_10_00,c000101,0,camiseta
35256320,u030506_10_00,c000401,5,camiseta
3527002E,u117401_10_00,c000101,0,camiseta
352EBB76,u117402_10_00,c000101,1,camiseta
353553B4,u05024610,c000301,4,propia
3552264C,u031401_10_00,c000101,0,camiseta
3559FE1A,u117403_10_00,c000201,2,camiseta
35656268,u117401_10_00,c000101,0,camiseta
35725D89,u117402_10_00,c000101,1,camiseta
357752C8,u115105_10_00,c000301,4,camiseta
3580841B,u117403_10_00,c000201,2,camiseta
3581C1E0,u117401_10_00,c000101,0,camiseta
358C7DDF,u020201_10_00,c000101,0,respaldo_equipo
3592D781,u050406_10_00,c000401,5,camiseta
35AB2788,u117402_10_00,c000101,1,camiseta
35AF165F,u011001_10_00,c000101,0,camiseta
35B40ABD,u115103_10_00,c000201,2,camiseta
35BD5D92,u117401_10_00,c000101,0,camiseta
35C7120D,u11806010,c000301,4,propia
35C78A26,u117402_10_00,c000101,1,camiseta
35CBB172,u115101_10_00,c000101,1,camiseta
35DD2AFB,u110505_10_00,c000301,4,camiseta
35E5355A,u111801_10_00,c000101,0,camiseta
35E80035,u117403_10_00,c000201,2,camiseta
35ED6C4E,u050605_10_00,c000301,4,camiseta
35F52D34,u040101_10_00,c000101,0,camiseta
35F5A279,u117407_10_00,c000401,6,camiseta
35F7C177,u117401_10_00,c000101,0,camiseta
35FE1083,u050102_10_00,c000101,1,camiseta
36045075,u117403_10_00,c000201,2,camiseta
362F6511,u117403_10_00,c11500260,2,respaldo_equipo
363989FC,u117405_10_00,c000301,4,camiseta
365FDFD7,u081102_10_00,c000101,1,camiseta
3661762E,u111001_10_00,c000101,0,camiseta
36717617,u117405_10_00,c000301,4,camiseta
3671F95A,u04000370,c000101,1,propia
36731519,u117407_10_00,c000401,6,camiseta
367AC4ED,u050101_10_00,c000101,0,camiseta
3684C3CA,u115103_10_00,c000201,2,camiseta
36967700,u112501_10_00,c000101,0,camiseta
369CF121,u020403_10_00,c000201,2,camiseta
369E0DC9,u010301_10_00,c000101,0,camiseta
36A1B74E,u030405_10_00,c000301,4,camiseta
36AA6F18,u117401_10_00,c000101,0,camiseta
36BC9571,u010103_10_00,c000201,2,respaldo_generico
36CBDF23,u060901_10_00,c000101,0,camiseta
36D6F222,u031306_10_00,c000401,5,camiseta
36D8C89C,u020201_10_00,c000101,0,camiseta
36DD2A74,u117403_10_00,c000201,2,camiseta
36E1B606,u117405_10_00,c000301,4,camiseta
36F386A6,u115107_10_00,c000401,6,respaldo_equipo
37149815,u031306_10_00,c000401,5,camiseta
371F4043,u117403_10_00,c000201,2,camiseta
3723DC31,u117405_10_00,c000301,4,camiseta
372E4F37,u061501_10_00,c000101,0,camiseta
3731EC91,u115101_10_00,c000101,1,camiseta
37541D37,u112505_10_00,c000301,4,camiseta
375C67FE,u010351_10_00,c000101,0,portero
3768052F,u117401_10_00,c000101,0,camiseta
376A131E,u010101_10_00,c000101,0,camiseta
379A1961,u111505_10_00,c000301,4,camiseta
379DB5E0,u081103_10_00,c000201,2,camiseta
37A31C19,u111005_10_00,c000301,4,camiseta
37ABD217,u052001_10_00,c000101,0,camiseta
37B17F2E,u117403_10_00,c000201,2,camiseta
37B31C20,u117402_10_00,c000101,1,camiseta
37B3936D,u040901_10_00,c000101,0,camiseta
37C63A42,u117403_10_00,c000201,2,camiseta
37C77FB9,u117403_10_00,c000201,2,camiseta
37CB51D1,u11030010,c000101,0,propia
37D0DE29,u020905_10_00,c000301,4,camiseta
37DCD24E,u021501_10_00,c000101,0,respaldo_equipo
37DF3224,u117401_10_00,c000101,0,camiseta
37F058A7,u117208_10_00,c000301,7,camiseta
37FB6C86,u061205_10_00,c000301,4,camiseta
37FBE3CB,u117406_10_00,c000401,5,camiseta
380A2CCC,u117405_10_00,c000301,4,camiseta
38377A08,u031101_10_00,c000101,0,camiseta
3838474F,u011102_10_00,c000101,1,respaldo_equipo
383CA25E,u117406_10_00,c000401,5,camiseta
38403F64,u117402_10_00,c000101,1,camiseta
3848C1C7,u117402_10_00,c000101,1,camiseta
384BE732,u117402_10_00,c000101,1,camiseta
38500FF0,u117401_10_00,c000101,0,camiseta
3855B5EA,u010101_10_00,,,respaldo_generico
386044A1,u117407_10_00,c000401,6,camiseta
38777B40,u117401_10_00,c000101,0,camiseta
387F85E3,u117401_10_00,c000101,0,camiseta
3881A91A,u010201_10_00,c000101,0,camiseta
3887A738,u11020010,c000101,0,propia
38907170,u041903_10_00,c000201,2,camiseta
38929D33,u117401_10_00,c000101,0,camiseta
389B266B,u020405_10_00,c000301,4,camiseta
38B93EA0,u117401_10_00,c000101,0,camiseta
38BF742E,u070105_10_00,c000301,4,camiseta
38C2CFD5,u115101_10_00,c000101,0,camiseta
38C5A39A,u032201_10_00,c000101,0,camiseta
38CBFED2,u081001_10_00,c000101,0,camiseta
38D801D6,u117407_10_00,c000401,6,camiseta
38D88E9B,u060401_10_00,c000101,0,camiseta
38E5D85F,u117407_10_00,c000401,6,camiseta
38F5572B,u111102_10_00,c000101,1,camiseta
3907C9AD,u032207_10_00,c000401,6,camiseta
391A6BE1,u117401_10_00,c000101,0,camiseta
391E6729,u010102_10_00,c000101,1,respaldo_generico
3927B268,u117402_10_00,c000101,1,camiseta
393627C5,u110905_10_00,c000301,4,camiseta
39373D1C,u111102_10_00,c000101,1,camiseta
393E8ED7,u020851_10_00,c000101,0,portero
394FB90B,u117401_10_00,c000101,0,camiseta
3950F704,u117405_10_00,c000301,4,camiseta
3952940A,u031501_10_00,c000101,0,camiseta
397B5497,u117402_10_00,c000101,1,camiseta
39825553,u117403_10_00,c000201,2,camiseta
398AABF0,u117403_10_00,c000201,2,camiseta
399265C7,u117402_10_00,c000101,1,camiseta
39A22E96,u117406_10_00,c000401,5,camiseta
39B51177,u117401_10_00,c000101,0,camiseta
39BDEFD4,u117401_10_00,c000101,0,camiseta
39C846FB,u117401_10_00,c000101,0,camiseta
39D288F8,u115107_10_00,c000401,6,camiseta
39E4F6AF,u010101_10_00,,,respaldo_generico
39F5103F,u031105_10_00,c000301,4,camiseta
39FEC869,u117402_10_00,c000101,1,camiseta
3A06813D,u032105_10_00,c000301,4,camiseta
3A0E7F9E,u117403_10_00,c000201,2,camiseta
3A2416BB,u040603_10_00,c000201,2,camiseta
3A25CC3D,u051305_10_00,c000301,4,respaldo_equipo
3A2F41A0,u021401_10_00,c000101,0,camiseta
3A31C519,u117401_10_00,c000101,0,camiseta
3A393BBA,u117407_10_00,c000401,6,camiseta
3A42B664,u117403_10_00,c11500260,2,respaldo_equipo
3A43EC0E,u050701_10_00,c000101,0,camiseta
3A4C9295,u117405_10_00,c000301,4,camiseta
3A4FB01A,u021201_10_00,c000101,0,camiseta
3A6C661D,u117401_10_00,c000101,0,camiseta
3A71C451,u030903_10_00,c000201,2,camiseta
3A7A1C07,u117402_10_00,c000101,1,camiseta
3A7FE6CC,u11010070,c000401,6,propia
3A869DCF,u115104_10_00,c000201,3,camiseta
3A8B61C9,u115107_10_00,c000401,6,camiseta
3A9EBF8F,u117405_10_00,c000301,4,camiseta
3AA36606,u117405_10_00,c000301,4,camiseta
3AB1359C,u050952_10_00,c000101,1,portero
3AB37E68,u020203_10_00,c000201,2,camiseta
3ABE5A3B,u030101_10_00,c000101,0,camiseta
3AD4236A,u117405_10_00,c000301,4,camiseta
3AD64064,u031604_10_00,c000201,3,camiseta
3AE2418F,u117207_10_00,c000401,6,camiseta
3AF95D6D,u020203_10_00,c000201,2,camiseta
3B057D74,u010101_10_00,c000101,0,camiseta
3B14A51E,u042001_10_00,c000101,0,camiseta
3B16495D,u117407_10_00,c000401,6,camiseta
3B1FF205,u020503_10_00,c000201,2,camiseta
3B490BFE,u110405_10_00,c000301,4,camiseta
3B4DD475,u117402_10_00,c000101,1,respaldo_equipo
3B5C5AF5,u060605_10_00,c000301,4,camiseta
3B5CD5B8,u117401_10_00,c000101,0,camiseta
3B5F9077,u115101_10_00,c000101,0,camiseta
3B610C31,u117406_10_00,c000401,5,camiseta
3B71145F,u020201_10_00,c000101,0,camiseta
3B735FAB,u050903_10_00,c000201,2,camiseta
3B77A207,u080505_10_00,c000301,4,camiseta
3B818639,u050701_10_00,c000101,0,camiseta
3B8DBD6D,u115108_10_00,c000301,7,camiseta
3B8EF8A2,u117407_10_00,c000401,6,camiseta
3B96DAE2,u115101_10_00,c000101,1,camiseta
3BA67C1A,u051301_10_00,c000101,0,camiseta
3BAE0C2A,u117405_10_00,c000301,4,camiseta
3BB3AE66,u030905_10_00,c000301,4,camiseta
3BB3BC24,u021501_10_00,c000101,0,respaldo_equipo
3BB87630,u117402_10_00,c000101,1,camiseta
3BCC15A9,u117401_10_00,c000101,0,camiseta
3BCF335C,u020602_10_00,c000101,1,camiseta
3BD4DB9E,u117405_10_00,c000301,4,camiseta
3BF3AF2E,u117405_10_00,c000301,4,camiseta
3BFFA375,u010101_10_00,,,respaldo_generico
3C165AD9,u020201_10_00,c000101,0,camiseta
3C1D0DC2,u041806_10_00,c000401,5,camiseta
3C1FE181,u117407_10_00,c000401,6,camiseta
3C2BE8EC,u050405_10_00,c000301,4,respaldo_equipo
3C3A1A48,u115105_10_00,c000301,4,camiseta
3C3A5C1A,u051602_10_00,c000101,1,respaldo_equipo
3C3E05A6,u117403_10_00,c11500260,2,respaldo_equipo
3C557D64,u117401_10_00,c000101,0,camiseta
3C55F229,u060805_10_00,c000301,4,camiseta
3C68A4ED,u117402_10_00,c000101,1,camiseta
3C78BC83,u118801_10_00,c000101,0,camiseta
3C87507E,u117406_10_00,c000401,5,camiseta
3C8C9357,u050901_10_00,c000101,0,respaldo_equipo
3CB1DEEC,u117401_10_00,c000101,0,camiseta
3CB48FDE,u071757_10_00,c000401,6,portero
3CBA06BA,u030703_10_00,c000201,2,camiseta
3CC00522,u080701_10_00,c000101,0,camiseta
3CC5BD75,u117402_10_00,c000101,1,camiseta
3CC69B80,u020905_10_00,c000301,4,camiseta
3CCDCC9B,u045601_10_00,c000101,0,camiseta
3CCF20D8,u045303_10_00,c000201,2,camiseta
3CDD7342,u117405_10_00,c000301,4,camiseta
3CEF5B1D,u117405_10_00,c000301,4,camiseta
3CF2F951,u117401_10_00,c000101,0,camiseta
3CFA07F2,u117401_10_00,c000101,0,camiseta
3CFE7E61,u010101_10_00,c000101,0,camiseta
3CFEACDB,u110602_10_00,c000101,1,camiseta
3D07D742,u117403_10_00,c000201,2,camiseta
3D0D4AEF,u042205_20_00,c000301,4,camiseta
3D1F1975,u117402_10_00,c000101,1,camiseta
3D2A5D65,u115103_10_00,c000201,2,camiseta
3D2D312A,u117406_10_00,c000401,5,camiseta
3D309366,u117405_10_00,c000301,4,camiseta
3D386DC5,u117405_10_00,c000301,4,camiseta
3D3C1456,u021005_10_00,c000301,4,camiseta
3D3CC6EC,u110608_10_00,c000301,7,camiseta
3D453A49,u117401_10_00,c000101,0,camiseta
3D65418C,u061301_10_00,c000101,0,camiseta
3D73B4DB,u117403_10_00,c000201,2,camiseta
3D76E5E9,u071705_10_00,c000301,4,camiseta
3D786C8D,u030701_10_00,c000101,0,camiseta
3D971753,u117401_10_00,c000101,0,camiseta
3D9ED3F0,u010151_10_00,c000101,0,portero
3DAACEDA,u117401_10_00,c000101,0,camiseta
3DC4E59B,u040101_10_00,c000101,0,camiseta
3DD430EE,u020201_10_00,c000101,0,camiseta
3DDD8BB6,u117406_10_00,c000401,5,camiseta
3DDF67F5,u041801_10_00,c000101,0,camiseta
3DEB4ED5,u080101_10_00,c000101,0,camiseta
3E05B927,u117403_10_00,c000201,2,camiseta
3E13C33D,u117406_10_00,c000401,5,camiseta
3E2E1AB4,u117406_10_00,c000401,5,camiseta
3E392555,u117407_10_00,c000401,6,camiseta
3E469E9A,u010555_10_00,c000301,4,portero
3E4E9E6F,u112305_10_00,c000301,4,camiseta
3E55F38F,u080305_10_00,c000301,4,camiseta
3E595FD8,u117401_10_00,c000101,0,camiseta
3E5BB39B,u041701_10_00,c000101,0,camiseta
3E652FDD,u115101_10_00,c000101,0,camiseta
3E691489,u051601_10_00,c000101,0,camiseta
3E697E0F,u117401_10_00,c000101,0,camiseta
3E779B17,u117403_10_00,c000201,2,camiseta
3E83032C,u117403_10_00,c000201,2,camiseta
3E899E81,u117403_10_00,c000201,2,camiseta
3E8BFD8F,u031001_10_00,c000101,0,camiseta
3E9BCD1B,u117403_10_00,c000201,2,camiseta
3EA257BE,u050101_10_00,c000101,0,camiseta
3EB44708,u117401_10_00,c000101,0,camiseta
3EB702C7,u115104_10_00,c000201,3,camiseta
3EBCB9AB,u117405_10_00,c000301,4,camiseta
3EBE33C0,u081201_10_00,c000101,0,camiseta
3EC1EE27,u117401_10_00,c000101,0,camiseta
3EC66FC1,u061705_10_00,c000301,4,camiseta
3ECAB93C,u070301_10_00,c000101,0,camiseta
3ECB5A6B,u117403_10_00,c000201,2,respaldo_equipo
3ED67BC3,u010107_10_00,c000401,6,respaldo_generico
3EDCC326,u117405_10_00,c000301,4,camiseta
3EF760B5,u117406_10_00,c000401,5,camiseta
3EFCB8E3,u030803_10_00,c000201,2,camiseta
3F038410,u117405_10_00,c000301,4,camiseta
3F08D30B,u080155_10_00,c000301,4,portero
3F14143F,u080101_10_00,c000101,0,camiseta
3F1EA911,u117401_10_00,c000101,0,camiseta
3F350A82,u117405_10_00,c000301,4,camiseta
3F3BBF71,u040101_10_00,c000101,0,camiseta
3F3ED2D4,u030805_10_00,c000301,4,camiseta
3F41691B,u117405_10_00,c000301,4,camiseta
3F424FEE,u021301_10_00,c000101,0,camiseta
3F42F00E,u11130060,c000401,5,propia
3F4918F5,u040401_10_00,c000101,0,camiseta
3F4BF4B6,u117401_10_00,c000101,0,camiseta
3F570A07,u115105_10_00,c000301,4,camiseta
3F59A72C,u117402_10_00,c000101,1,camiseta
3F609EC3,u071001_10_00,c000101,0,camiseta
3F7568F0,u115103_10_00,c000201,2,camiseta
3F762D3F,u117407_10_00,c000401,6,camiseta
3F7C59F7,u081202_10_00,c000101,1,camiseta
3F7ED39C,u117401_10_00,c000101,0,camiseta
3F84F4AD,u010501_10_00,c000101,0,camiseta
3F928EB7,u020102_10_00,c000101,1,camiseta
3F99D9AC,u041701_10_00,c000101,0,camiseta
3F9B35EF,u117402_10_00,c000101,1,camiseta
3FAB7EBE,u051607_10_00,c000401,6,camiseta
3FBB4E2A,u030601_10_00,c000101,0,camiseta
3FC200D0,u010105_10_00,c000301,4,respaldo_generico
3FC7D310,u117403_10_00,c000201,2,camiseta
3FD12647,u060706_10_00,c000401,5,camiseta
3FD1A90A,u117401_10_00,c000101,0,camiseta
3FEC7083,u117401_10_00,c000101,0,camiseta
3FFB4F62,u117405_10_00,c000301,4,camiseta
4004409E,u117402_10_00,c000101,1,camiseta
400F98C8,u030701_10_00,c000101,0,camiseta
4012B5C9,u061306_10_00,c000401,5,camiseta
402212EF,u115105_10_00,c000301,4,camiseta
4030224F,u010605_10_00,c000301,4,camiseta
4030AD02,u117404_10_00,c000201,3,camiseta
4032CE0C,u117401_10_00,c000101,0,camiseta
4046CEAF,u115101_10_00,c000101,1,camiseta
40476723,u117405_10_00,c000301,4,camiseta
404B32A9,u110602_10_00,c000101,1,camiseta
404BE013,u021002_10_00,c000101,1,camiseta
405AC56F,u117401_10_00,c000101,0,camiseta
4068ED30,u117403_10_00,c000201,2,camiseta
40702307,u117403_10_00,c000201,2,camiseta
407ABEAA,u042206_20_00,c000401,5,camiseta
40A3C4AB,u020253_10_00,c000201,2,portero
40A893B0,u041801_10_00,c000101,0,camiseta
40B4C6FD,u050701_10_00,c000101,0,respaldo_equipo
40D802B2,u117401_10_00,c000101,0,camiseta
40DD3A9F,u117401_10_00,c000101,0,camiseta
40E0E316,u117401_10_00,c000101,0,camiseta
411F50A8,u117401_10_00,c000101,0,camiseta
4122066C,u060802_10_00,c000101,1,camiseta
41228921,u117401_10_00,c000101,0,camiseta
414DEE0D,u115108_10_00,c000301,7,camiseta
4161AE9C,u020202_10_00,c000101,1,camiseta
416AF987,u041801_10_00,c000101,0,camiseta
41850D14,u117401_10_00,c000101,0,camiseta
4189589E,u110605_10_00,c000301,4,camiseta
41898A24,u020403_10_00,c000201,2,camiseta
4198AF58,u117401_10_00,c000101,0,camiseta
419FC317,u115103_10_00,c000201,2,camiseta
41AA8707,u117403_10_00,c000201,2,camiseta
41B24930,u117405_10_00,c000301,4,camiseta
41B7F167,u080706_10_00,c000401,5,camiseta
41B8D49D,u045301_10_00,c000101,0,camiseta
41C37B9B,u071701_10_00,c000101,0,camiseta
41C62AA9,u117406_10_00,c000401,5,camiseta
41F0A43B,u117405_10_00,c000301,4,camiseta
41F2C735,u117403_10_00,c000201,2,camiseta
4201D97A,u117401_10_00,c000101,0,camiseta
42029CB5,u115101_10_00,c000101,1,camiseta
420BADB2,u081201_10_00,c000101,0,camiseta
422E5369,u117405_10_00,c000301,4,camiseta
4235044B,u111305_10_00,c000301,4,camiseta
42369D5E,u117407_10_00,c000401,6,camiseta
423C00F3,u117401_10_00,c000101,0,camiseta
4242FEC7,u117401_10_00,c000101,0,camiseta
42695D54,u117407_10_00,c000401,6,camiseta
42747055,u117401_10_00,c000101,0,camiseta
4276135B,u117406_10_00,c000401,5,camiseta
427F274E,u070305_10_00,c000301,4,camiseta
4284CAC9,u117405_10_00,c000301,4,camiseta
428CBB27,u117405_10_00,c000301,4,camiseta
429B84C6,u117403_10_00,c000201,2,camiseta
42A65D4F,u117406_10_00,c000401,5,camiseta
42A6D202,u060703_10_00,c000201,2,camiseta
42B02755,u117401_10_00,c000101,0,camiseta
42DC8AFB,u051605_10_00,c000301,4,camiseta
42E57AF2,u020103_10_00,c000201,2,camiseta
42EE2DE9,u041706_10_00,c000401,5,camiseta
42F300E8,u010501_10_00,c000101,0,camiseta
430EC21A,u021201_10_00,c000101,0,camiseta
4312DB98,u115101_10_00,c000101,1,camiseta
4325EC2D,u010105_10_00,c000301,4,camiseta
432710C5,u020101_10_00,c000101,0,camiseta
432C47DE,u041703_10_00,c000201,2,camiseta
43316ADF,u010506_10_00,c000401,5,camiseta
4346A0FE,u117401_10_00,c000101,0,camiseta
434ED110,u117401_10_00,c000101,0,camiseta
4359EEF1,u117401_10_00,c000101,0,camiseta
43643778,u117407_10_00,c000401,6,camiseta
43724D62,u117405_10_00,c000301,4,camiseta
438094F0,u117407_10_00,c000401,6,camiseta
438B4CA6,u030805_10_00,c000301,4,camiseta
43AB265F,u061705_10_00,c000301,4,camiseta
43AB3763,u117402_10_00,c000101,1,camiseta
43B4796C,u117405_10_00,c000301,4,camiseta
43B4F621,u010705_10_00,c000301,4,camiseta
43B61A62,u117405_10_00,c000301,4,camiseta
43C3B34D,u117407_10_00,c000401,6,camiseta
43EC395E,u117405_10_00,c000301,4,camiseta
43F4F769,u117403_10_00,c000201,2,camiseta
43FE6AC4,u117401_10_00,c000101,0,camiseta
440AEA5C,u070153_10_00,c000201,2,portero
4425604F,u031503_10_00,c000201,2,camiseta
442EB819,u020403_10_00,c000201,2,camiseta
44384D4E,u117401_10_00,c000101,0,camiseta
4440C959,u111102_10_00,c000101,1,camiseta
4450462D,u117403_10_00,c000201,2,camiseta
445F0088,u010101_10_00,c000101,0,camiseta
44609557,u11807190,c000301,4,propia
446D9FA4,u117405_10_00,c000301,4,camiseta
44703DE8,u032255_10_00,c000301,4,portero
447751A7,u115104_10_00,c000201,3,camiseta
447E60A0,u081008_10_00,c000301,7,camiseta
447F7A79,u080805_10_00,c000301,4,camiseta
4482E47A,u031101_10_00,c000101,0,camiseta
44893C2C,u117402_10_00,c000101,1,camiseta
448ECD0F,u112103_10_00,c000201,2,camiseta
44A57CBD,u115107_10_00,c000401,6,camiseta
44BD5EFD,u010901_10_00,c000101,0,camiseta
44BDD1B0,u117406_10_00,c000401,5,camiseta
44BFB2BE,u117407_10_00,c000401,6,camiseta
44CA1B91,u117406_10_00,c000401,5,camiseta
44E59182,u117401_10_00,c000101,0,camiseta
44F7C218,u045306_10_00,c000401,5,camiseta
44FD5FB5,u117403_10_00,c000201,2,camiseta
450871A6,u117401_10_00,c000101,0,camiseta
4527FBB5,u117403_10_00,c000201,2,camiseta
453F3582,u117405_10_00,c000301,4,camiseta
454B561B,u117401_10_00,c000101,0,camiseta
457DD889,u117407_10_00,c000401,6,camiseta
457FBB87,u117401_10_00,c000101,0,camiseta
4582A36E,u111102_10_00,c000101,1,camiseta
45922C1A,u117406_10_00,c000401,5,camiseta
45A2674B,u117402_10_00,c000101,1,camiseta
45A2FF60,u11807090,c000101,1,propia
45AF7ADE,u060401_10_00,c000101,0,camiseta
45AFF593,u117405_10_00,c000301,4,camiseta
45B257DF,u032201_10_00,c000101,0,camiseta
45B53B90,u115101_10_00,c000101,1,camiseta
45BC0A97,u080105_20_00,c000301,4,camiseta
45C8806B,u070104_10_00,c000201,3,camiseta
45D0C111,u117405_10_00,c000301,4,camiseta
45E78535,u041906_10_00,c000401,5,camiseta
45E9D15E,u11500860,c000301,7,propia
45ECD22E,u020401_10_00,c000101,0,camiseta
46005642,u080507_10_00,c000401,6,camiseta
4604ABEE,u050905_10_00,c000301,4,camiseta
4604E078,u010105_10_00,c000301,4,respaldo_generico
4606E01A,u020201_10_00,c000101,0,camiseta
46071079,u070205_10_00,c000301,4,camiseta
462B21FD,u117403_10_00,c000201,2,camiseta
462BAEB0,u060601_10_00,c000101,0,camiseta
463EFFBB,u110408_10_00,c000301,7,camiseta
464CC31F,u020256_10_00,c000401,5,portero
464EDFFE,u070101_10_00,c000101,0,camiseta
4657DFFD,u117203_10_00,c000201,2,camiseta
4663515B,u042006_10_00,c000401,5,camiseta
46680640,u020501_10_00,c000101,0,camiseta
467E1CC7,u010101_10_00,c000101,0,respaldo_equipo
468CA5C8,u117401_10_00,c000101,0,camiseta
469188C9,u040651_10_00,c000101,0,portero
46A32FDB,u117407_10_00,c000401,6,camiseta
46BBE1EC,u117401_10_00,c000101,0,camiseta
46CF8275,u117402_10_00,c000101,1,camiseta
46D9F86F,u117401_10_00,c000101,0,camiseta
46F6727C,u050701_10_00,c000101,0,camiseta
46FA4928,u115106_10_00,c000401,5,camiseta
46FA7FEA,u050701_10_00,c000101,0,respaldo_equipo
46FB6FE9,u117405_10_00,c000301,4,camiseta
47063014,u030901_10_00,c000101,0,camiseta
47081289,u11010020,c000301,4,propia
470A1961,u112103_10_00,c000201,2,camiseta
470DE842,u117402_10_00,c000101,1,camiseta
471B9258,u117401_10_00,c000101,0,camiseta
47297877,u010205_10_00,c000301,4,respaldo_equipo
4734184B,u050701_10_00,c000101,0,camiseta
4738445F,u021201_10_00,c000101,1,camiseta
473905DE,u117402_10_00,c000101,1,camiseta
47398A93,u010801_10_00,c000101,0,camiseta
473B66D0,u117401_10_00,c000101,0,camiseta
4740CCA1,u02029500,c000101,1,propia
47436172,u117401_10_00,c000101,0,respaldo_equipo
474ECFFF,u117401_10_00,c000101,0,camiseta
4753E2FE,u040606_10_00,c000401,5,camiseta
4758B5E5,u021502_10_00,c000101,1,camiseta
476145EC,u117407_10_00,c000401,6,camiseta
47798BDB,u117402_10_00,c000101,1,camiseta
4783BEA8,u020701_10_00,c000101,0,camiseta
478E03CC,u041501_10_00,c000101,0,respaldo_equipo
47A1B421,u031601_10_00,c000101,0,camiseta
47A8E4CA,u010102_10_00,c000101,1,respaldo_generico
47AA6C77,u020551_10_00,c000101,0,portero
47B5C6AB,u117401_10_00,c000101,0,camiseta
47C23C75,u080501_10_00,c000101,0,camiseta
47C48A2D,u020202_10_00,c000101,1,camiseta
47D313A5,u030105_10_00,c000301,4,camiseta
47D49243,u117405_10_00,c000301,4,camiseta
47E94BCA,u117401_10_00,c000101,0,camiseta
47EA0E05,u115101_10_00,c000101,0,camiseta
47FC958C,u115105_10_00,c000301,4,camiseta
4805A9CC,u117405_10_00,c000301,4,camiseta
4809DC7B,u071606_10_00,c000401,5,camiseta
4812962D,u117407_10_00,c000401,6,camiseta
4814D147,u11070510,c000101,1,propia
481A688E,u011204_10_00,c000201,3,camiseta
481AE7C3,u061105_10_00,c000301,4,camiseta
4825D209,u031405_10_00,c000301,4,camiseta
482E0A5F,u117401_10_00,c000101,0,camiseta
4842A7F1,u051405_10_00,c000301,4,camiseta
486D2DE2,u010407_10_00,c000401,6,camiseta
4882563C,u117406_10_00,c000401,5,camiseta
4882D971,u040101_10_00,c000101,0,camiseta
4892C11F,u111805_10_00,c000301,4,camiseta
48947747,u080401_10_00,c000101,0,camiseta
489A980B,u040101_10_00,c000101,0,camiseta
489FF470,u117405_10_00,c000301,4,camiseta
48AADEBE,u110504_10_00,c000201,3,camiseta
48B07E63,u117405_10_00,c000301,4,camiseta
48B0E648,u11806040,c000101,0,propia
48BC4537,u115101_10_00,c000101,1,camiseta
48C1FA6A,u040101_10_00,c000101,0,respaldo_equipo
48C3FEF8,u115101_10_00,c000101,0,camiseta
48C53046,u010105_10_00,c000301,4,respaldo_generico
48CAA9D7,u117405_10_00,c000301,4,camiseta
48D8E21A,u070857_10_00,c000401,6,portero
48DCD3CD,u117405_10_00,c000301,4,camiseta
48E523C4,u050401_10_00,c000101,0,camiseta
48F635A5,u117403_10_00,c000201,2,camiseta
48F7705E,u117401_10_00,c000101,0,camiseta
4903905D,u040101_10_00,c000101,0,respaldo_equipo
4908C3E0,u117401_10_00,c000101,0,camiseta
491353CE,u040301_10_00,c000101,0,respaldo_equipo
491B92F4,u021401_10_00,c000101,0,camiseta
491EB9FA,u117402_10_00,c000101,1,camiseta
492749F3,u050405_10_00,c000301,4,camiseta
49345F92,u117402_10_00,c000101,1,camiseta
49351A69,u117405_10_00,c000301,4,camiseta
49403C0B,u117404_10_00,c000201,3,camiseta
4940B346,u040101_10_00,c000101,0,respaldo_equipo
49427AFE,u040101_10_00,c000101,0,respaldo_equipo
4950AB28,u111805_10_00,c000301,4,camiseta
4958F23C,u040101_10_00,c000101,0,camiseta
495D9E47,u117406_10_00,c000401,5,camiseta
4968B489,u110508_10_00,c000301,7,camiseta
496E4E99,u117401_10_00,c000101,0,camiseta
49721454,u117407_10_00,c000401,6,camiseta
49929E5C,u117453_10_00,c000201,2,portero
499EC7EC,u021201_10_00,c000101,0,camiseta
49AC021A,u115101_10_00,c000101,1,camiseta
49AF47D5,u010401_10_00,c000101,0,camiseta
49B9F8ED,u050701_10_00,c000101,0,respaldo_equipo
49C7C3FB,u117401_10_00,c000101,0,camiseta
49D0FC1A,u117401_10_00,c000101,0,camiseta
49D88DF4,u117405_10_00,c000301,4,camiseta
49DC7B2A,u117401_10_00,c000101,0,camiseta
49E7B83E,u031451_10_00,c000101,0,portero
49EC6068,u117401_10_00,c000101,0,camiseta
4A203F88,u042001_10_00,c000101,0,respaldo_equipo
4A23E972,u112502_10_00,c000101,1,camiseta
4A2B93BB,u010306_10_00,c000401,5,camiseta
4A542874,u117405_10_00,c000301,4,camiseta
4A5C599A,u117404_10_00,c000201,3,camiseta
4A636C50,u031351_10_00,c000101,0,portero
4A68B406,u117406_10_00,c000401,5,camiseta
4A874433,u040101_10_00,c000101,0,respaldo_equipo
4A8C178E,u117405_10_00,c000301,4,camiseta
4A8C98C3,u061202_10_00,c000101,1,camiseta
4AA7CE21,u010907_10_00,c000401,6,camiseta
4AB08BFC,u117406_10_00,c000401,5,camiseta
4AB1CE07,u117406_10_00,c000401,5,camiseta
4AC46728,u040901_10_00,c000101,0,camiseta
4AC4E865,u117402_10_00,c000101,1,camiseta
4AD4E85C,u111005_10_00,c000301,4,camiseta
4ADC2652,u052006_10_00,c000401,5,camiseta
4B060D1F,u040905_10_00,c000301,4,camiseta
4B068252,u117401_10_00,c000101,0,camiseta
4B16826B,u111001_10_00,c000101,0,camiseta
4B211A95,u115101_10_00,c000101,1,camiseta
4B282B92,u081108_10_00,c000301,7,camiseta
4B393530,u117403_10_00,c11500260,2,respaldo_equipo
4B452E04,u040101_10_00,c000101,0,respaldo_equipo
4B48FE9C,u010101_10_00,c000101,0,respaldo_generico
4B4E7DB9,u117401_10_00,c000101,0,camiseta
4B619D06,u021201_10_00,c000101,1,camiseta
4B73A430,u117403_10_00,c000201,2,camiseta
4B964243,u117401_10_00,c000101,0,camiseta
4B9E33AD,u117407_10_00,c000401,6,camiseta
4B9EBCE0,u011103_10_00,c000201,2,camiseta
4BA10667,u031303_10_00,c000201,2,camiseta
4BA88D92,u11120510,c000101,1,propia
4BAADE31,u117403_10_00,c000201,2,camiseta
4BBC2B66,u060902_10_00,c000101,1,camiseta
4BE18345,u112555_10_00,c000301,4,portero
4BE255BF,u042001_10_00,c000101,0,respaldo_equipo
4BE85000,u115105_10_00,c000301,4,camiseta
4BE9F98C,u010301_10_00,c000101,0,camiseta
4BECD0C2,u020701_10_00,c000101,0,camiseta
4BEF0471,u021201_10_00,c000101,0,camiseta
4BF3378F,u115101_10_00,c000101,1,camiseta
4C0F2A8E,u117403_10_00,c000201,2,camiseta
4C0FA5C3,u040551_10_00,c000101,0,portero
4C4490AA,u115101_10_00,c000101,0,camiseta
4C47D565,u117401_10_00,c000101,0,camiseta
4C6721ED,u117407_10_00,c000401,6,camiseta
4C6835DA,u020301_10_00,c000101,0,camiseta
4C7A0CEC,u117401_10_00,c000101,0,camiseta
4C97143C,u011305_10_00,c000301,4,camiseta
4C979B71,u117405_10_00,c000301,4,camiseta
4C9A86E4,u051103_10_00,c000201,2,camiseta
4C9FEA9F,u117401_10_00,c000101,0,camiseta
4CA05018,u117403_10_00,c000201,2,camiseta
4CA0D52D,u070901_10_00,c000101,0,camiseta
4CA1254E,u111202_10_00,c000101,1,camiseta
4CA376ED,u117401_10_00,c000101,0,camiseta
4CA8AEBB,u032305_10_00,c000301,4,camiseta
4CB50CF7,u117401_10_00,c000101,0,camiseta
4CB89E2F,u05026580,c000301,4,propia
4CCFDB43,u010105_10_00,c000301,4,camiseta
4CD1D169,u020755_10_00,c000301,4,portero
4CE0DE1D,u117405_10_00,c000301,4,camiseta
4CEB064B,u070206_10_00,c000401,5,camiseta
4CF62B4A,u020801_10_00,c000101,0,camiseta
4CFD7C51,u041105_10_00,c000301,4,camiseta
4D223B67,u010105_10_00,c000301,4,camiseta
4D296C7C,u070205_10_00,c000301,4,camiseta
4D300BC7,u115101_10_00,c000101,1,camiseta
4D34417D,u020855_10_00,c000301,4,portero
4D54D787,u115103_10_00,c000201,2,camiseta
4D55F146,u117403_10_00,c000201,2,camiseta
4D5874F8,u11803060,c000401,5,propia
4D5A4A01,u111701_10_00,c000101,0,camiseta
4D5D80A8,u117401_10_00,c000101,0,camiseta
4D5DE680,u030901_10_00,c000101,0,camiseta
4D611CDA,u117405_10_00,c000301,4,camiseta
4D623A2F,u117406_10_00,c000401,5,camiseta
4D634F79,u111202_10_00,c000101,1,camiseta
4D6AC48C,u032355_10_00,c000301,4,portero
4D7766C0,u117401_10_00,c000101,0,camiseta
4D85BF52,u117407_10_00,c000401,6,camiseta
4DA54BDA,u117401_10_00,c000101,0,camiseta
4DB866DB,u117405_10_00,c000301,4,camiseta
4DCD40B9,u117405_10_00,c000301,4,camiseta
4DCDCFF4,u040501_10_00,c000101,0,camiseta
4DD58E8E,u051706_10_00,c000401,5,camiseta
4DF01500,u050701_10_00,c000101,0,respaldo_equipo
4E016B3C,u117401_10_00,c000101,0,camiseta
4E01E471,u061102_10_00,c000101,1,camiseta
4E0C61CF,u11804080,c000101,1,propia
4E1BA53F,u115101_10_00,c000101,1,camiseta
4E1CC970,u031205_10_00,c000301,4,camiseta
4E2373F7,u011001_10_00,c000101,0,camiseta
4E2EE12F,u050601_10_00,c000101,0,camiseta
4E3CB2B5,u117405_10_00,c000301,4,camiseta
4E491B9A,u040201_10_00,c000101,0,camiseta
4E4994D7,u117402_10_00,c000101,1,camiseta
4E515AE0,u050701_10_00,c000101,0,camiseta
4E6372BF,u117402_10_00,c000101,1,camiseta
4EA6EF09,u010201_10_00,c000101,0,camiseta
4ED12528,u117402_10_00,c000101,1,camiseta
4ED954C6,u117407_10_00,c000401,6,camiseta
4EDF13AC,u110705_10_00,c000301,4,camiseta
4EE1BA55,u080603_10_00,c000201,2,camiseta
4EE616D4,u110205_10_00,c000301,4,camiseta
4EEE10E2,u031956_10_00,c000401,5,portero
4EFBC29E,u040102_10_00,c000101,1,camiseta
4F0BE212,u115103_10_00,c000201,2,camiseta
4F134F1F,u117402_10_00,c000101,1,camiseta
4F13C052,u011401_10_00,c000101,0,camiseta
4F1B3EF1,u117401_10_00,c000101,0,camiseta
4F1D799B,u110705_10_00,c000301,4,camiseta
4F27A283,u117402_10_00,c000101,1,camiseta
4F2C7AD5,u031901_10_00,c000101,0,camiseta
4F3C4A41,u040105_10_00,c000301,4,camiseta
4F61AC70,u021201_10_00,c000101,0,camiseta
4F64853E,u010203_10_00,c000201,2,camiseta
4F7459DD,u115101_10_00,c000101,1,camiseta
4F8B71AD,u040201_10_00,c000101,0,camiseta
4F8BFEE0,u117401_10_00,c000101,0,camiseta
4F9330D7,u050701_10_00,c000101,0,camiseta
4FA11888,u117402_10_00,c000101,1,camiseta
4FC3010B,u117401_10_00,c000101,0,camiseta
4FD9CF08,u115103_10_00,c000201,2,camiseta
4FEC8B18,u050601_10_00,c000101,0,camiseta
4FF741FA,u050701_10_00,c000101,0,respaldo_equipo
4FFED882,u117403_10_00,c000201,2,camiseta
5000A3B5,u021406_10_00,c000401,5,camiseta
500588BB,u117402_10_00,c000101,1,camiseta
5013F2A1,u117405_10_00,c000301,4,camiseta
502E2B28,u117407_10_00,c000401,6,camiseta
502F6ED3,u117407_10_00,c000401,6,camiseta
503C78B2,u050401_10_00,c000101,0,camiseta
5043C37D,u050205_10_00,c000301,4,camiseta
5046AF06,u117403_10_00,c000201,2,camiseta
504D2C31,u080405_10_00,c000301,4,camiseta
505B0D4A,u117405_10_00,c000301,4,camiseta
505B8207,u040101_10_00,c000101,0,camiseta
50692515,u117401_10_00,c000101,0,camiseta
507385C8,u110501_10_00,c000101,0,camiseta
5085C785,u115101_10_00,c000101,1,camiseta
5085F6AD,u021201_10_00,c000101,1,camiseta
50B47694,u010407_10_00,c000401,6,camiseta
50B7335B,u115105_10_00,c000301,4,camiseta
50C3BCB5,u117403_10_00,c000201,2,camiseta
50C74A6B,u117401_10_00,c000101,0,camiseta
50CBCD5B,u117405_10_00,c000301,4,camiseta
50DCF2BA,u117407_10_00,c000401,6,camiseta
50F75129,u117401_10_00,c000101,0,camiseta
50F81E4B,u041801_10_00,c000101,0,respaldo_equipo
50F8C717,u051301_10_00,c000101,0,respaldo_equipo
510159CF,u011201_10_00,c000101,0,camiseta
5101D682,u117402_10_00,c000101,1,camiseta
5105205C,u117405_10_00,c000301,4,camiseta
5109A76C,u117406_10_00,c000401,5,camiseta
510FE006,u11070500,c000301,4,propia
511E988D,u117401_10_00,c000101,0,camiseta
51353B1E,u117401_10_00,c000101,0,camiseta
513A747C,u041801_10_00,c000101,0,respaldo_equipo
513EE348,u031401_10_00,c000101,0,camiseta
515996B0,u051405_10_00,c000301,4,camiseta
517335ED,u020301_10_00,c000101,0,camiseta
51761CA3,u010401_10_00,c000101,0,camiseta
5181A94A,u040102_10_00,c000101,1,camiseta
5184C531,u117405_10_00,c000301,4,camiseta
5189F05E,u111801_10_00,c000101,0,camiseta
518F4606,u080406_10_00,c000401,5,camiseta
5199677D,u117407_10_00,c000401,6,camiseta
5199E830,u040101_10_00,c000101,0,camiseta
51A77476,u115101_10_00,c000101,1,camiseta
51AB4F22,u117403_10_00,c000201,2,camiseta
51ABD709,u11806050,c000301,4,propia
51B1EFFF,u110502_10_00,c000101,1,camiseta
51C3D35B,u070801_10_00,c000101,0,camiseta
51C7E28C,u117403_10_00,c000201,2,camiseta
51D19896,u117405_10_00,c000301,4,camiseta
51D8CFB9,u115103_10_00,c000201,2,camiseta
51EC411F,u117401_10_00,c000101,0,camiseta
51ED04E4,u117401_10_00,c000101,0,camiseta
520DB32A,u111002_10_00,c000101,1,camiseta
521D3C5E,u040907_10_00,c000401,6,camiseta
521DB313,u117406_10_00,c000401,5,camiseta
52331AD3,u081102_10_00,c000101,1,camiseta
52554CF8,u117403_10_00,c000201,2,camiseta
52689571,u117401_10_00,c000101,0,camiseta
527AAC47,u021201_10_00,c000101,0,camiseta
528502EC,u117401_10_00,c000101,0,camiseta
52858DA1,u011103_10_00,c000201,2,camiseta
528D7302,u117401_10_00,c000101,0,camiseta
52A71A27,u060906_10_00,c000401,5,camiseta
52B1EF70,u117402_10_00,c000101,1,camiseta
52B3BCD3,u11120500_10,c000301,7,propia
52BA3726,u031301_10_00,c000101,0,camiseta
52F2C8CD,u010301_10_00,c000101,0,camiseta
52F36141,u115101_10_00,c000101,0,camiseta
52F43530,u021206_10_00,c000401,5,camiseta
52FAB204,u112506_10_00,c000401,5,camiseta
532A6CF9,u115101_10_00,c000101,0,camiseta
53302DB7,u020701_10_00,c000101,0,camiseta
5330A2FA,u010307_10_00,c000401,6,camiseta
5338D833,u112505_10_00,c000301,4,camiseta
534768DB,u117402_10_00,c000101,1,camiseta
534F1935,u117405_10_00,c000301,4,camiseta
53738547,u117401_10_00,c000101,0,camiseta
539726CF,u117401_10_00,c000101,0,camiseta
53AAFF46,u117406_10_00,c000401,5,camiseta
53ABBABD,u117405_10_00,c000301,4,camiseta
53BCFF60,u010905_10_00,c000301,4,camiseta
53C71713,u052005_10_00,c000301,4,camiseta
53CFD91D,u111005_10_00,c000301,4,camiseta
53DF5669,u040901_10_00,c000101,0,camiseta
53DFD924,u117401_10_00,c000101,0,camiseta
53EDB7D0,u071606_10_00,c000401,5,camiseta
53F170E4,u081105_10_00,c000301,4,camiseta
53F841E3,u115101_10_00,c000101,1,camiseta
540A8E2B,u11010020,c000301,4,propia
542B3A86,u115105_10_00,c000301,4,camiseta
542F703C,u020801_10_00,c000101,0,camiseta
54325D3D,u070201_10_00,c000101,0,camiseta
54390A26,u010103_10_00,c000201,2,camiseta
54417B40,u111701_10_00,c000101,0,camiseta
544345B9,u11803070,c000401,5,propia
5443DD92,u051105_10_00,c000301,4,camiseta
5446B1E9,u117401_10_00,c000101,0,camiseta
544EC007,u117406_10_00,c000401,5,camiseta
544FE6C6,u115101_10_00,c000101,0,camiseta
546C5781,u117401_10_00,c000101,0,camiseta
54790B6E,u117401_10_00,c000101,0,camiseta
547A2D9B,u117401_10_00,c000101,0,camiseta
54920923,u040101_10_00,c000101,0,camiseta
549E8E13,u117405_10_00,c000301,4,camiseta
54A3579A,u117402_10_00,c000101,1,camiseta
54CEBFCF,u051306_10_00,c000401,5,camiseta
54D671F8,u117402_10_00,c000101,1,camiseta
54D6FEB5,u040506_10_00,c000401,5,camiseta
55141BCF,u117401_10_00,c000101,0,camiseta
55149482,u040501_10_00,c000101,0,camiseta
551D4B24,u010102_10_00,c000101,1,respaldo_generico
551FA935,u040102_10_00,c000101,1,camiseta
555CE424,u117401_10_00,c000101,0,camiseta
555FA1EB,u115103_10_00,c000201,2,camiseta
55613DAD,u117401_10_00,c000101,0,camiseta
557C10AC,u117406_10_00,c000401,5,camiseta
5581B7A5,u051101_10_00,c000101,0,camiseta
5584BDF6,u030951_10_00,c000101,0,portero
5584DBDE,u117405_10_00,c000301,4,camiseta
558C257D,u011302_10_00,c000101,1,camiseta
558CAA30,u117401_10_00,c000101,0,camiseta
55A3AF6E,u05026590,c000301,4,propia
55AE3DB6,u117403_10_00,c000201,2,camiseta
55B39FFA,u032301_10_00,c000101,0,camiseta
55BA140F,u111207_10_00,c000401,6,camiseta
55BB6159,u117401_10_00,c000101,0,camiseta
55D4EA02,u010105_10_00,c000301,4,camiseta
55E64D10,u041101_10_00,c000101,0,camiseta
55ED1A0B,u020805_10_00,c000301,4,camiseta
55F0370A,u070201_10_00,c000101,0,camiseta
55FBEF5C,u117405_10_00,c000301,4,camiseta
56000FB0,u117407_10_00,c000401,6,camiseta
560648DA,u110701_10_00,c000101,0,camiseta
56087E5E,u117406_10_00,c000401,5,camiseta
5608F113,u011405_10_00,c000301,4,camiseta
5610D353,u115105_10_00,c000301,4,camiseta
56277B00,u040106_10_00,c000401,5,camiseta
56374B94,u031905_10_00,c000301,4,camiseta
563C93C2,u117401_10_00,c000101,0,camiseta
566F689C,u115105_10_00,c000301,4,camiseta
567A9D31,u021201_10_00,c000101,1,camiseta
567FB47F,u010206_10_00,c000401,5,camiseta
56880196,u050701_10_00,c000101,0,camiseta
569040EC,u040201_10_00,c000101,0,camiseta
5690CFA1,u117402_10_00,c000101,1,camiseta
56BA29C9,u117402_10_00,c000101,1,camiseta
56C2FE49,u115104_10_00,c000201,3,camiseta
56C59206,u031255_10_00,c000301,4,portero
56D3174D,u010105_10_00,c000301,4,respaldo_generico
56D8304A,u117401_10_00,c000101,0,camiseta
56E5E9C3,u117403_10_00,c000201,2,camiseta
56F6E3C6,u050406_10_00,c000401,5,respaldo_equipo
5700947E,u115101_10_00,c000101,1,camiseta
5700BD47,u020905_10_00,c000301,4,camiseta
5707F831,u031201_10_00,c000101,0,camiseta
571A5A7D,u117401_10_00,c000101,0,camiseta
571AD530,u061102_10_00,c000101,1,camiseta
572783F4,u117406_10_00,c000401,5,camiseta
5735BAC2,u020755_10_00,c000301,4,portero
5735D06E,u050602_10_00,c000101,1,camiseta
573842B6,u011001_10_00,c000101,0,camiseta
574A6BA1,u050701_10_00,c000101,0,camiseta
57522ADB,u040206_10_00,c000401,5,camiseta
5752A596,u117406_10_00,c000401,5,camiseta
577843FE,u117405_10_00,c000301,4,camiseta
578C5E71,u020301_10_00,c000101,0,camiseta
57BDDE48,u010205_10_00,c000301,4,camiseta
57C26587,u117406_10_00,c000401,5,camiseta
57CA1469,u117405_10_00,c000301,4,camiseta
57FA8B14,u080607_10_00,c000401,6,camiseta
57FD2795,u110202_10_00,c000101,1,camiseta
57FEF9F5,u117402_10_00,c000101,1,camiseta
580461E9,u117405_10_00,c000301,4,camiseta
581BAC15,u051602_10_00,c000101,1,respaldo_equipo
5839372D,u060802_10_00,c000101,1,camiseta
5839B860,u117401_10_00,c000101,0,camiseta
584DB8C3,u115101_10_00,c000101,1,camiseta
5871C8C6,u041805_10_00,c000301,4,camiseta
587A9FDD,u020201_10_00,c000101,0,camiseta
58839E19,u117402_10_00,c000101,1,camiseta
5884F256,u115101_10_00,c000101,1,camiseta
589269DF,u110601_10_00,c000101,0,camiseta
589E3C55,u117407_10_00,c000401,6,camiseta
58A3E5DC,u045305_10_00,c000301,4,camiseta
58A97871,u117406_10_00,c000401,5,camiseta
58ACC026,u080701_10_00,c000101,0,camiseta
58B1B646,u117405_10_00,c000301,4,camiseta
58D6C3BE,u030756_10_00,c000401,5,portero
58D84ADA,u071705_10_00,c000301,4,camiseta
58DD1BE8,u117401_10_00,c000101,0,camiseta
58E6B88E,u030102_10_00,c000101,1,camiseta
58E9F674,u117406_10_00,c000401,5,camiseta
58EB957A,u117406_10_00,c000401,5,camiseta
59098488,u061302_10_00,c000101,1,camiseta
5914A989,u030701_10_00,c000101,0,camiseta
591A20ED,u071701_10_00,c000101,0,camiseta
591F71DF,u117402_10_00,c000101,1,camiseta
5929FF4D,u117401_10_00,c000101,0,camiseta
592B130E,u010603_10_00,c000201,2,camiseta
592B9C43,u117405_10_00,c000301,4,camiseta
593923AE,u115108_10_00,c000301,7,camiseta
5941F42E,u117402_10_00,c000101,1,camiseta
59469861,u115105_10_00,c000301,4,camiseta
595003E8,u110601_10_00,c000101,0,camiseta
5950D152,u021001_10_00,c000101,0,camiseta
595C5662,u117401_10_00,c000101,0,camiseta
595DFFEE,u115107_10_00,c000401,6,camiseta
59618FEB,u042205_20_00,c000301,4,camiseta
596B1246,u117402_10_00,c000101,1,camiseta
5973DC71,u117405_10_00,c000301,4,camiseta
59B3A2F1,u041851_10_00,c000101,0,portero
59B8F5EA,u020205_10_00,c000301,4,camiseta
59C333F3,u117401_10_00,c000101,0,camiseta
59C60BDE,u117402_10_00,c000101,1,camiseta
59FBD257,u117405_10_00,c000301,4,camiseta
5A098D99,u020602_10_00,c000101,1,respaldo_equipo
5A09EAD9,u115108_10_00,c000301,7,camiseta
5A15F35B,u021201_10_00,c000101,1,camiseta
5A2A5B9E,u010507_10_00,c000401,6,camiseta
5A37769F,u041751_10_00,c000101,0,portero
5A3C2184,u020103_10_00,c000201,2,camiseta
5A42DFB0,u117401_10_00,c000101,0,camiseta
5A55E051,u117407_10_00,c000401,6,camiseta
5A5D91BF,u117402_10_00,c000101,1,camiseta
5A697C23,u117407_10_00,c000401,6,camiseta
5A7F0639,u117401_10_00,c000101,0,camiseta
5A907DE7,u030803_10_00,c000201,2,camiseta
5A9BA5B1,u117401_10_00,c000101,0,camiseta
5AA67C38,u070301_10_00,c000101,0,camiseta
5AAD2B23,u117406_10_00,c000401,5,camiseta
5AAF482D,u117405_10_00,c000301,4,camiseta
5AAFC760,u010703_10_00,c000201,2,camiseta
5AB00622,u117402_10_00,c000101,1,camiseta
5AD8820C,u117401_10_00,c000101,0,camiseta
5AE55B85,u117403_10_00,c000201,2,camiseta
5AEC5F3D,u111307_10_00,c000401,6,camiseta
5AEFC628,u117405_10_00,c000301,4,camiseta
5AF7081F,u117401_10_00,c000101,0,camiseta
5B109CF3,u081201_10_00,c000101,0,camiseta
5B19ADF4,u115103_10_00,c000201,2,camiseta
5B1AE83B,u117401_10_00,c000101,0,camiseta
5B2731B2,u117402_10_00,c000101,1,camiseta
5B2DAC1F,u117403_10_00,c000201,2,camiseta
5B2E350A,u111305_10_00,c000301,4,camiseta
5B356228,u117403_10_00,c000201,2,camiseta
5B5217D0,u030856_10_00,c000401,5,portero
5B59CF86,u117401_10_00,c000101,0,camiseta
5B64160F,u070301_10_00,c000101,0,camiseta
5B6D221A,u117407_10_00,c000401,6,camiseta
5B6F4114,u117407_10_00,c000401,6,camiseta
5B726C15,u117406_10_00,c000401,5,camiseta
5B80B587,u117401_10_00,c000101,0,camiseta
5B978A66,u117405_10_00,c000301,4,camiseta
5B9FFB88,u117401_10_00,c000101,0,camiseta
5BAB1614,u117402_10_00,c000101,1,camiseta
5BBD6C0E,u117401_10_00,c000101,0,camiseta
5BBDE343,u060701_10_00,c000101,0,camiseta
5BC7BBBA,u051605_10_00,c000301,4,camiseta
5BC83F53,u020403_10_00,c000201,2,camiseta
5BE831A9,u010505_10_00,c000301,4,camiseta
5BF51CA8,u041706_10_00,c000401,5,camiseta
5BFE4BB3,u020101_10_00,c000101,0,camiseta
5C012B43,u010101_10_00,c000101,0,camiseta
5C1340E7,u117403_10_00,c000201,2,camiseta
5C2404C3,u117407_10_00,c000401,6,camiseta
5C37780E,u030105_10_00,c000301,4,camiseta
5C3CCAF4,u117402_10_00,c000101,1,camiseta
5C50675A,u117403_10_00,c000201,2,camiseta
5C5BBF0C,u031156_10_00,c000401,5,portero
5C648AC6,u117403_10_00,c000201,2,camiseta
5C66E9C8,u117406_10_00,c000401,5,camiseta
5C865BFE,u010107_10_00,c000401,6,camiseta
5C891D5B,u117402_10_00,c000101,1,camiseta
5C99922F,u111105_10_00,c000301,4,camiseta
5CA73BD6,u081001_10_00,c000101,0,camiseta
5CA9669E,u032201_10_00,c000101,0,camiseta
5CAE0AD1,u115101_10_00,c000101,1,camiseta
5CB44B9F,u060401_10_00,c000101,0,camiseta
5CB4C4D2,u117403_10_00,c000201,2,camiseta
5CB9CE21,u11807080,c000401,5,propia
5CCBF050,u061701_10_00,c000101,0,camiseta
5CD3B12A,u070105_10_00,c000301,4,camiseta
5CF7E36F,u020405_10_00,c000301,4,camiseta
5CFCB474,u041901_10_00,c000101,0,camiseta
5D1C5B87,u020301_10_00,c000101,0,camiseta
5D237C0F,u117401_10_00,c000101,0,camiseta
5D358958,u020455_10_00,c000301,4,portero
5D3E510E,u031507_10_00,c000401,6,camiseta
5D4B776C,u117405_10_00,c000301,4,camiseta
5D644B38,u080801_10_00,c000101,0,camiseta
5D6551E1,u081001_10_00,c000101,0,camiseta
5D6C60E6,u115104_10_00,c000201,3,camiseta
5D76AEE5,u117403_10_00,c000201,2,camiseta
5D7BA416,u11807180,c000401,6,propia
5D909ED5,u040101_10_00,c000101,0,camiseta
5D920D6D,u117402_10_00,c000101,1,camiseta
5D95FC4E,u112105_10_00,c000301,4,camiseta
5D99D53B,u031105_10_00,c000301,4,camiseta
5DA483FF,u117401_10_00,c000101,0,camiseta
5DA66FBC,u010901_10_00,c000101,0,camiseta
5DA6E0F1,u117401_10_00,c000101,0,camiseta
5DBE4DFC,u115108_10_00,c000301,7,camiseta
5DD12AD0,u117407_10_00,c000401,6,camiseta
5DE66EF4,u117406_10_00,c000401,5,camiseta
5DFEA0C3,u117401_10_00,c000101,0,camiseta
5E00A319,u117406_10_00,c000401,5,camiseta
5E112820,u112105_10_00,c000301,4,camiseta
5E1323C8,u11010030,c000301,4,propia
5E16D903,u117401_10_00,c000101,0,camiseta
5E1D0155,u030901_10_00,c000101,0,camiseta
5E205791,u117401_10_00,c000101,0,camiseta
5E22349F,u117402_10_00,c000101,1,camiseta
5E22BBD2,u010801_10_00,c000101,0,camiseta
5E23751E,u021205_10_00,c000301,4,camiseta
5E2F290A,u050701_10_00,c000101,0,camiseta
5E4384A4,u021403_10_00,c000201,2,camiseta
5E48D3BF,u040605_10_00,c000301,4,camiseta
5E55FEBE,u117401_10_00,c000101,0,camiseta
5E62BA9A,u117403_10_00,c000201,2,camiseta
5E7A74AD,u117406_10_00,c000401,5,camiseta
5E8E848B,u117202_10_00,c000101,1,camiseta
5E959869,u070901_10_00,c000101,0,camiseta
5EAEF7EA,u117401_10_00,c000101,0,camiseta
5EB15D36,u020503_10_00,c000201,2,camiseta
5EBA8560,u031606_10_00,c000401,5,camiseta
5ECFA302,u117406_10_00,c000401,5,camiseta
5ED29F3F,u030101_10_00,c000101,0,camiseta
5ED90D34,u080501_10_00,c000101,0,camiseta
5EDDF098,u050901_10_00,c000101,0,camiseta
5EDFBB6C,u020201_10_00,c000101,0,camiseta
5EF13F44,u115101_10_00,c000101,0,camiseta
5EF27A8B,u117401_10_00,c000101,0,camiseta
5F0DC935,u117401_10_00,c000101,0,camiseta
5F1B6703,u080505_10_00,c000301,4,camiseta
5F1DD15B,u020201_10_00,c000101,0,camiseta
5F1F9AAF,u050901_10_00,c000101,0,camiseta
5F25CEFA,u110405_10_00,c000301,4,camiseta
5F3010BC,u117405_10_00,c000301,4,camiseta
5F309FF1,u060601_10_00,c000101,0,camiseta
5F3D1A4F,u11801120,c000301,4,propia
5F4CEEBC,u117202_10_00,c000101,1,camiseta
5F57F25E,u020205_10_00,c000301,4,camiseta
5F733701,u020501_10_00,c000101,0,camiseta
5F78601A,u042006_10_00,c000401,5,camiseta
5F8AB988,u040607_10_00,c000401,6,camiseta
5F979489,u117403_10_00,c000201,2,camiseta
5FA0D0AD,u117402_10_00,c000101,1,camiseta
5FB81E9A,u117402_10_00,c000101,1,camiseta
5FC2C92E,u117405_10_00,c000301,4,camiseta
5FD4B334,u117402_10_00,c000101,1,camiseta
5FDF6B62,u030955_10_00,c000301,4,portero
5FE05EA8,u117402_10_00,c000101,1,camiseta
5FE17869,u115101_10_00,c000101,0,camiseta
5FE23DA6,u117401_10_00,c000101,0,camiseta
60046288,u080907_10_00,c000401,6,camiseta
60057851,u081102_10_00,c000101,1,camiseta
60146B16,u117401_10_00,c000101,0,camiseta
602B5EDC,u040901_10_00,c000101,0,camiseta
602BD191,u117402_10_00,c000101,1,camiseta
60331FA6,u052001_10_00,c000101,0,camiseta
603BE105,u051801_10_00,c000101,0,camiseta
605EF7F3,u117402_10_00,c000101,1,camiseta
60632E7A,u117401_10_00,c000101,0,camiseta
6066A8B5,u11500690,c000101,1,propia
60878DF2,u117403_10_00,c000201,2,camiseta
608C55A4,u031357_10_00,c000401,6,portero
609178A5,u060901_10_00,c000101,0,camiseta
60BB1180,u117405_10_00,c000301,4,camiseta
60C9A0BC,u11801090,c000101,1,propia
60DA2EF6,u117401_10_00,c000101,0,camiseta
60DE644C,u115101_10_00,c000101,1,camiseta
60E6B284,u117401_10_00,c000101,0,camiseta
60F973C6,u117401_10_00,c000101,0,camiseta
6106C078,u010301_10_00,c000101,0,camiseta
610EBAB1,u112501_10_00,c000101,0,camiseta
611004D6,u041806_10_00,c000401,5,respaldo_equipo
611844C1,u117401_10_00,c000101,0,camiseta
6124D8B3,u117405_10_00,c000301,4,camiseta
6145E7C5,u117406_10_00,c000401,5,camiseta
614E3F93,u031305_10_00,c000301,4,camiseta
61797BB7,u117401_10_00,c000101,0,camiseta
619C9DC4,u117402_10_00,c000101,1,camiseta
619DD83F,u117402_10_00,c000101,1,camiseta
61A1444D,u117401_10_00,c000101,0,camiseta
61A1CB00,u061205_10_00,c000301,4,camiseta
61C16889,u071606_10_00,c000401,5,camiseta
61C608BF,u081501_10_00,c000101,0,camiseta
61C71266,u081105_10_00,c000301,4,camiseta
61CE2361,u115105_10_00,c000301,4,camiseta
61D60121,u117401_10_00,c000101,0,camiseta
61E934EB,u040957_10_00,c000401,6,portero
61E9BBA6,u117405_10_00,c000301,4,camiseta
61F9BB9F,u111001_10_00,c000101,0,camiseta
620A1A30,u050405_10_00,c000301,4,camiseta
621849AA,u117402_10_00,c000101,1,camiseta
62190C51,u117405_10_00,c000301,4,camiseta
62259023,u117407_10_00,c000401,6,camiseta
6233EA39,u117401_10_00,c000101,0,camiseta
6237DBEE,u070801_10_00,c000101,0,camiseta
6245E74A,u110501_10_00,c000101,0,camiseta
6252D54F,u117405_10_00,c000301,4,camiseta
625F4797,u117401_10_00,c000101,0,camiseta
626D6FC8,u117403_10_00,c000201,2,camiseta
626DE085,u040155_10_00,c000301,4,portero
6270CD84,u117407_10_00,c000401,6,camiseta
627B4EB3,u080406_10_00,c000401,5,camiseta
627DF8EB,u111801_10_00,c000101,0,camiseta
628151D9,u115103_10_00,c000201,2,camiseta
62821416,u010401_10_00,c000101,0,camiseta
62829B5B,u117403_10_00,c000201,2,camiseta
62989B67,u020102_10_00,c000101,1,camiseta
62A1D64C,u117701_10_00,c000101,0,camiseta
62A929F4,u021201_10_00,c000101,1,camiseta
62BFCD9F,u117403_10_00,c000201,2,camiseta
62C133AB,u117401_10_00,c000101,0,camiseta
62CAEBFD,u031401_10_00,c000101,0,camiseta
62EA9038,u117401_10_00,c000101,0,camiseta
62F128E9,u117401_10_00,c000101,0,camiseta
62FDAFD9,u117405_10_00,c000301,4,camiseta
6303599C,u117401_10_00,c000101,0,camiseta
630881CA,u031451_10_00,c000101,0,portero
6328FA0F,u117406_10_00,c000401,5,camiseta
633342DE,u117405_10_00,c000301,4,camiseta
633FC5EE,u117401_10_00,c000101,0,camiseta
634CF911,u117405_10_00,c000301,4,respaldo_equipo
636FF432,u05024670,c000301,4,propia
6390BF78,u117401_10_00,c000101,0,camiseta
639116F4,u115101_10_00,c000101,1,camiseta
639DB58B,u11806070,c000301,4,propia
63AF05FF,u117401_10_00,c000101,0,camiseta
63AF8AB2,u040101_10_00,c000101,0,camiseta
63B2A7B3,u117401_10_00,c000101,0,camiseta
63B7CBC8,u040105_10_00,c000301,4,camiseta
63B92484,u080407_10_00,c000401,6,camiseta
63BF356B,u051702_10_00,c000101,1,camiseta
63BF92DC,u111803_10_00,c000201,2,camiseta
63C87007,u050401_10_00,c000101,0,camiseta
63DA239D,u117401_10_00,c000101,0,camiseta
63DB6666,u117403_10_00,c000201,2,camiseta
63E27CDB,u115103_10_00,c000201,2,camiseta
63E7FA14,u117405_10_00,c000301,4,camiseta
63EEAD3B,u115105_10_00,c000301,4,camiseta
63F1800E,u117403_10_00,c000201,2,camiseta
63F5B1D9,u070801_10_00,c000101,0,camiseta
64012916,u031955_10_00,c000301,4,portero
640AF140,u117401_10_00,c000101,0,camiseta
6426B1D1,u115101_10_00,c000101,0,camiseta
64302A58,u110705_10_00,c000301,4,camiseta
64366D32,u117406_10_00,c000401,5,camiseta
643DD65E,u115101_10_00,c000101,1,camiseta
64590A1E,u115108_10_00,c000301,7,camiseta
648C4B4B,u117402_10_00,c000101,1,camiseta
649917A4,u117405_10_00,c000301,4,camiseta
649998E9,u030502_10_00,c000101,1,camiseta
64A6226E,u040201_10_00,c000101,0,camiseta
64A6AD23,u117402_10_00,c000101,1,camiseta
64BE6314,u050701_10_00,c000101,0,camiseta
64C1D8DB,u050605_10_00,c000301,4,camiseta
64D38B41,u117403_10_00,c000201,2,camiseta
64D90B98,u11010030,c000301,4,propia
64EBD407,u11500090,c000301,4,propia
64EE52C8,u117405_10_00,c000301,4,camiseta
64EEDD85,u061101_10_00,c000101,0,camiseta
64F3F084,u031205_10_00,c000301,4,camiseta
64F49CCB,u115101_10_00,c000101,1,camiseta
6503B2EC,u050601_10_00,c000101,0,camiseta
6511E176,u117403_10_00,c000201,2,camiseta
65147D39,u041201_10_00,c000101,0,respaldo_equipo
652C38FF,u117401_10_00,c000101,0,camiseta
652CB7B2,u061103_10_00,c000201,2,camiseta
652D9173,u115103_10_00,c000201,2,camiseta
65319AB3,u031206_10_00,c000401,5,camiseta
654E217C,u117401_10_00,c000101,0,camiseta
655B7D93,u117401_10_00,c000101,0,camiseta
65644859,u040255_10_00,c000301,4,portero
6564C714,u117405_10_00,c000301,4,camiseta
658BBCCA,u010201_10_00,c000101,0,camiseta
65A08128,u020301_10_00,c000101,0,camiseta
65BED61A,u050905_10_00,c000301,4,respaldo_equipo
65C34321,u031901_10_00,c000101,0,camiseta
65C89B77,u117401_10_00,c000101,0,camiseta
65CC1255,u117701_10_00,c000101,0,camiseta
65CCE996,u080605_10_00,c000301,4,camiseta
65F2406F,u110701_10_00,c000101,0,camiseta
65F40705,u117401_10_00,c000101,0,camiseta
66043FBF,u070203_10_00,c000201,2,camiseta
660F68A4,u010103_10_00,c000201,2,camiseta
661245A5,u041104_10_00,c000201,3,camiseta
661912BE,u020803_10_00,c000201,2,camiseta
66265172,u11010020,c000301,4,propia
6647974F,u032305_10_00,c000301,4,camiseta
664C4F19,u117402_10_00,c000101,1,camiseta
664E1CBA,u111205_10_00,c000301,4,camiseta
665A3503,u117405_10_00,c000301,4,camiseta
6670B543,u030901_10_00,c000101,0,camiseta
6670D36B,u117406_10_00,c000401,5,camiseta
6675273B,u11803050,c000301,4,propia
6675BF10,u051101_10_00,c000101,0,camiseta
66798444,u115105_10_00,c000301,4,camiseta
66953518,u117405_10_00,c000301,4,camiseta
66A46BA1,u117405_10_00,c000301,4,camiseta
66A8EC91,u117405_10_00,c000301,4,camiseta
66AD6A5E,u115101_10_00,c000101,1,respaldo_equipo
66DFA9FD,u117401_10_00,c000101,0,camiseta
66E0137A,u117401_10_00,c000101,0,camiseta
66E09C37,u040501_10_00,c000101,0,respaldo_equipo
671D4C87,u030305_10_00,c000301,4,camiseta
671DC3CA,u117406_10_00,c000401,5,camiseta
6722794D,u117405_10_00,c000301,4,camiseta
6722F600,u040505_10_00,c000301,4,camiseta
674A722E,u117401_10_00,c000101,0,camiseta
67575F2F,u117405_10_00,c000301,4,camiseta
6769C369,u115105_10_00,c000301,4,camiseta
676A86A6,u117401_10_00,c000101,0,camiseta
676F0069,u115101_10_00,c000101,1,camiseta
6785FD78,u032355_10_00,c000301,4,portero
678C768D,u111208_10_00,c000301,7,camiseta
678E252E,u117401_10_00,c000101,0,camiseta
67985F34,u117406_10_00,c000401,5,camiseta
67B2B95C,u117405_10_00,c000301,4,camiseta
67B7D527,u051102_10_00,c000101,1,camiseta
67C65588,u070203_10_00,c000201,2,camiseta
67CD8DDE,u117403_10_00,c000201,2,camiseta
67DB7889,u020851_10_00,c000101,0,portero
67E28880,u010105_10_00,c000301,4,camiseta
6801141D,u041701_10_00,c000101,0,camiseta
6802BDA5,u117403_10_00,c000201,2,camiseta
680A4306,u020101_10_00,c000101,0,camiseta
6811ABC4,u050103_10_00,c000201,2,camiseta
681C391C,u010501_10_00,c000101,0,camiseta
681D3AC6,u041801_10_00,c000101,0,respaldo_equipo
683E21D7,u117406_10_00,c000401,5,camiseta
683EAE9A,u061401_10_00,c000101,0,camiseta
683F885B,u115103_10_00,c000201,2,camiseta
684964BB,u117401_10_00,c000101,0,camiseta
685F1EA1,u117405_10_00,c000301,4,camiseta
686382D3,u117406_10_00,c000401,5,camiseta
6874BD32,u117407_10_00,c000401,6,camiseta
688664A0,u117401_10_00,c000101,0,camiseta
68901EBA,u070301_10_00,c000101,0,camiseta
689B49A1,u117401_10_00,c000101,0,camiseta
68A61F65,u030807_10_00,c000401,6,camiseta
68ADC733,u117405_10_00,c000301,4,camiseta
68C16A9D,u117402_10_00,c000101,1,camiseta
68D33907,u117403_10_00,c000201,2,camiseta
68D9A4AA,u117405_10_00,c000301,4,camiseta
68DA3DBF,u111305_10_00,c000301,4,camiseta
68E49446,u081207_10_00,c000401,6,camiseta
68EEE08E,u117403_10_00,c000201,2,camiseta
690300AA,u117403_10_00,c000201,2,camiseta
69115330,u117401_10_00,c000101,0,camiseta
691BCE9D,u117401_10_00,c000101,0,camiseta
692152F0,u111601_10_00,c000101,0,camiseta
6926FE71,u081207_10_00,c000401,6,camiseta
692C8AB9,u117401_10_00,c000101,0,camiseta
692FCF76,u115101_10_00,c000101,0,camiseta
69440E97,u117405_10_00,c000301,4,camiseta
694B1336,u115108_10_00,c000301,7,camiseta
6952748D,u070301_10_00,c000101,0,camiseta
69592396,u117405_10_00,c000301,4,camiseta
69647552,u030807_10_00,c000401,6,camiseta
696F1C32,u010101_10_00,,,respaldo_generico
696FAD04,u117406_10_00,c000401,5,camiseta
6972164E,u115101_10_00,c000101,0,camiseta
69782B4A,u040201_10_00,c000101,0,respaldo_equipo
698B0E8C,u117405_10_00,c000301,4,camiseta
698B81C1,u060705_10_00,c000301,4,camiseta
699D7496,u117407_10_00,c000401,6,camiseta
69A1E8E4,u117405_10_00,c000301,4,camiseta
69B6D705,u117401_10_00,c000101,0,camiseta
69C0D792,u117403_10_00,c000201,2,camiseta
69C82931,u020156_10_00,c000401,5,portero
69E1FBEE,u021205_10_00,c000301,4,camiseta
69F1D938,u051605_10_00,c000301,4,camiseta
69FC4BE0,u117403_10_00,c000201,2,camiseta
6A0F55AF,u060802_10_00,c000101,1,camiseta
6A0FDAE2,u117405_10_00,c000301,4,camiseta
6A32036B,u117405_10_00,c000301,4,camiseta
6A4403FC,u117407_10_00,c000401,6,camiseta
6A4CFD5F,u020256_10_00,c000401,5,portero
6A57159D,u050102_10_00,c000101,1,camiseta
6A60BDCE,u115108_10_00,c000301,7,camiseta
6A6392AD,u061705_10_00,c000301,4,camiseta
6A789F8E,u117407_10_00,c000401,6,camiseta
6A87D4C4,u117401_10_00,c000101,0,camiseta
6A8A461C,u117405_10_00,c000301,4,camiseta
6A95875E,u042201_20_00,c000101,0,camiseta
6A9AA2A4,u080705_10_00,c000301,4,camiseta
6A9D0E25,u110301_10_00,c000101,0,camiseta
6A9F1AF3,u117405_10_00,c000301,4,camiseta
6AA4D9E7,u021001_10_00,c000101,0,camiseta
6AA85ED7,u117401_10_00,c000101,0,camiseta
6AB290D4,u115108_10_00,c000301,7,camiseta
6AB5FC9B,u117405_10_00,c000301,4,camiseta
6ACA67D7,u030102_10_00,c000101,1,camiseta
6ADDF7F8,u117406_10_00,c000401,5,camiseta
6AE0A13C,u030707_10_00,c000401,6,camiseta
6AEB796A,u117407_10_00,c000401,6,camiseta
6AEE2858,u071703_10_00,c000201,2,camiseta
6B0F412C,u115106_10_00,c000401,5,camiseta
6B1F9DCF,u117405_10_00,c000301,4,camiseta
6B22CB0B,u030705_10_00,c000301,4,camiseta
6B29135D,u117402_10_00,c000101,1,camiseta
6B2C426F,u071701_10_00,c000101,0,camiseta
6B3AEF88,u117402_10_00,c000101,1,camiseta
6B3FE60A,u061305_10_00,c000301,4,camiseta
6B45B454,u117701_10_00,c000101,0,camiseta
6B45BEF3,u117401_10_00,c000101,0,camiseta
6B482C2B,u117401_10_00,c000101,0,camiseta
6B57ED69,u042205_20_00,c000301,4,camiseta
6B5D70C4,u117401_10_00,c000101,0,camiseta
6B66616A,u110606_10_00,c000401,5,camiseta
6B6A34E0,u117401_10_00,c000101,0,camiseta
6B70FAE3,u115101_10_00,c000101,1,camiseta
6B7796AC,u117403_10_00,c000201,2,camiseta
6B85C073,u041801_10_00,c000101,0,camiseta
6B8669CB,u117403_10_00,c000201,2,camiseta
6B8E9768,u020205_10_00,c000301,4,camiseta
6B957FAA,u050102_10_00,c000101,1,camiseta
6BBA7AF4,u061501_10_00,c000101,0,camiseta
6BBAF5B9,u117405_10_00,c000301,4,camiseta
6BCDB0D5,u117405_10_00,c000301,4,camiseta
6BD5D493,u051703_10_00,c000201,2,respaldo_equipo
6BF0695C,u117405_10_00,c000301,4,camiseta
6C163513,u117401_10_00,c000101,0,camiseta
6C194B88,u050701_10_00,c000101,0,camiseta
6C20BB81,u117402_10_00,c000101,1,camiseta
6C25414A,u11010010,c000101,0,propia
6C2B63D7,u030901_10_00,c000101,0,camiseta
6C36C19B,u117401_10_00,c000101,0,camiseta
6C4C162F,u117407_10_00,c000401,6,camiseta
6C54D818,u117405_10_00,c000301,4,camiseta
6C639C3C,u117403_10_00,c000201,2,camiseta
6C6FC9B6,u11060500,c000301,4,propia
6C7EB13D,u040655_10_00,c000301,4,portero
6C873FB4,u020501_10_00,c000101,0,camiseta
6C8C68AF,u042001_10_00,c000101,0,camiseta
6C8CE7E2,u031651_10_00,c000101,0,portero
6C8FC117,u117402_10_00,c000101,1,camiseta
6C9CD776,u05020280,c000301,4,propia
6CA3FAEB,u020201_10_00,c000101,0,camiseta
6CB35D65,u117407_10_00,c000401,6,camiseta
6CB8E609,u117208_10_00,c000301,7,camiseta
6CC41809,u117401_10_00,c000101,0,camiseta
6CC75DC6,u115105_10_00,c000301,4,camiseta
6CD1C64F,u115104_10_00,c000201,3,camiseta
6CE9D9EE,u020201_10_00,c000101,0,camiseta
6CEB921A,u050902_10_00,c000101,1,camiseta
6CEF6FB6,u080505_10_00,c000301,4,camiseta
6CF375CC,u117405_10_00,c000301,4,respaldo_equipo
6CF9C180,u117407_10_00,c000401,6,camiseta
6CFE4066,u030101_10_00,c000101,0,camiseta
6D06723E,u117405_10_00,c000301,4,camiseta
6D06FD73,u060607_10_00,c000401,6,camiseta
6D13AC78,u110456_10_00,c000401,5,portero
6D29F82D,u050906_10_00,c000401,5,camiseta
6D2D0581,u080505_10_00,c000301,4,camiseta
6D3BABB7,u117403_10_00,c000201,2,camiseta
6D455583,u020555_10_00,c000301,4,portero
6D4DAB20,u117401_10_00,c000101,0,camiseta
6D4E8DD5,u031601_10_00,c000101,0,camiseta
6D5EBD41,u05020380,c000401,6,propia
6D608A05,u071105_10_00,c000301,4,camiseta
6D6190DC,u070902_10_00,c000101,1,camiseta
6D713752,u117405_10_00,c000301,4,camiseta
6D83618D,u060301_10_00,c000101,0,camiseta
6D8E7C18,u117402_10_00,c000101,1,camiseta
6D96B22F,u117407_10_00,c000401,6,camiseta
6DA1F60B,u117407_10_00,c000401,6,camiseta
6DB78C11,u021401_10_00,c000101,0,camiseta
6DBCDB0A,u040601_10_00,c000101,0,camiseta
6DD45F24,u117406_10_00,c000401,5,camiseta
6DD71AEB,u115105_10_00,c000301,4,camiseta
6DD77DAB,u021201_10_00,c000101,1,camiseta
6DDB21BF,u050701_10_00,c000101,0,camiseta
6DE2D1B6,u117402_10_00,c000101,1,camiseta
6DE909E0,u030906_10_00,c000401,5,camiseta
6DF4ABAC,u117401_10_00,c000101,0,camiseta
6E0AA876,u117401_10_00,c000101,0,camiseta
6E126641,u117401_10_00,c000101,0,camiseta
6E252265,u117401_10_00,c000101,0,camiseta
6E4A4549,u115107_10_00,c000401,6,camiseta
6E508B4A,u117407_10_00,c000401,6,camiseta
6E6605D8,u117401_10_00,c000101,0,camiseta
6E6DDD8E,u031107_10_00,c000401,6,camiseta
6E82291D,u060403_10_00,c000201,2,camiseta
6E82A650,u117401_10_00,c000101,0,camiseta
6E915954,u081001_10_00,c000101,0,camiseta
6E986853,u115101_10_00,c000101,1,camiseta
6E9F041C,u032256_10_00,c000401,5,portero
6EAFF0AD,u111102_10_00,c000101,1,camiseta
6EB0397C,u010151_10_00,c000101,0,portero
6EBF7FD9,u117407_10_00,c000401,6,camiseta
6EC011E4,u08060090,c000201,2,propia
6EC181ED,u020455_10_00,c000301,4,portero
6EC97F4E,u117407_10_00,c000401,6,camiseta
6ECA59BB,u031501_10_00,c000101,0,camiseta
6EDCD6D0,u070406_10_00,c000401,5,camiseta
6EE5D3A8,u070101_10_00,c000101,0,camiseta
6EF5E33C,u117406_10_00,c000401,5,camiseta
6EF7F50D,u020102_10_00,c000101,1,camiseta
6F03EBDA,u020401_10_00,c000101,0,camiseta
6F08338C,u031556_10_00,c000401,5,portero
6F08BCC1,u041901_10_00,c000101,0,camiseta
6F0B1579,u117401_10_00,c000101,0,camiseta
6F151E8D,u117401_10_00,c000101,0,camiseta
6F27B99F,u070103_10_00,c000201,2,camiseta
6F37890B,u117407_10_00,c000401,6,camiseta
6F40CC67,u117401_10_00,c000101,0,camiseta
6F533363,u081005_10_00,c000301,4,camiseta
6F5A0264,u115104_10_00,c000201,3,camiseta
6F5D6E2B,u032201_10_00,c000101,0,camiseta
6F6D9A9A,u111102_10_00,c000101,1,camiseta
6F7D15EE,u117401_10_00,c000101,0,camiseta
6F92E17D,u117401_10_00,c000101,0,camiseta
6F9348F1,u115105_10_00,c000301,4,camiseta
6FA46FEF,u117402_10_00,c000101,1,camiseta
6FA6FC57,u040155_10_00,c000301,4,portero
6FAFB7B9,u031105_10_00,c000301,4,camiseta
6FC8C241,u117405_10_00,c000301,4,camiseta
6FD00C76,u117401_10_00,c000101,0,camiseta
6FD39563,u111301_10_00,,,respaldo_equipo
6FDA91DB,u045307_10_00,c000401,6,camiseta
6FE74852,u117401_10_00,c000101,0,camiseta
6FF76C99,u11010010,c000101,0,propia
7000FFDC,u117402_10_00,c000101,1,camiseta
700366C9,u111306_10_00,c000401,5,camiseta
700A6271,u117403_10_00,c000201,2,camiseta
701831EB,u117406_10_00,c000401,5,camiseta
7034C428,u051101_10_00,c000101,0,respaldo_equipo
7034FE37,u115103_10_00,c000201,2,camiseta
7037BBF8,u117401_10_00,c000101,0,camiseta
703A63B1,u111604_10_00,c000201,3,camiseta
703DCF30,u081201_10_00,c000101,0,camiseta
704212D7,u117405_10_00,c000301,4,camiseta
704945CC,u070301_10_00,c000101,0,camiseta
70502277,u115105_10_00,c000301,4,camiseta
705F3FD6,u117405_10_00,c000301,4,camiseta
70749C45,u117405_10_00,c000301,4,camiseta
707F4413,u030805_10_00,c000301,4,camiseta
708645D7,u117401_10_00,c000101,0,camiseta
70903FCD,u117401_10_00,c000101,0,camiseta
7090B080,u060704_10_00,c000201,3,camiseta
70ADE644,u117401_10_00,c000101,0,camiseta
70BAD9A5,u117405_10_00,c000301,4,camiseta
70C5626A,u010507_10_00,c000401,6,camiseta
70D1E498,u010107_10_00,c000401,6,camiseta
70D84F6B,u041751_10_00,c000101,0,portero
70DBE6D3,u117401_10_00,c000101,0,camiseta
70E77AA1,u117407_10_00,c000401,6,camiseta
70EAE879,u051606_10_00,c000401,5,camiseta
70FACAAF,u021201_10_00,c000101,1,camiseta
7107085D,u010501_10_00,c000101,0,camiseta
710A9A85,u050102_10_00,c000101,1,camiseta
71117247,u020102_10_00,c000101,1,camiseta
71198CE4,u117401_10_00,c000101,0,camiseta
711A255C,u041701_10_00,c000101,0,camiseta
7124B91A,u115107_10_00,c000401,6,camiseta
71251096,u117401_10_00,c000101,0,camiseta
71259FDB,u061405_10_00,c000301,4,camiseta
712E0C7C,u030102_10_00,c000101,1,camiseta
71442FE0,u117403_10_00,c000201,2,camiseta
715255FA,u117405_10_00,c000301,4,camiseta
715CDC60,u050701_10_00,c000101,0,respaldo_equipo
716F8C73,u117403_10_00,c000201,2,camiseta
7178B392,u117401_10_00,c000101,0,camiseta
718078E0,u117405_10_00,c000301,4,camiseta
7187F906,u061705_10_00,c000301,4,camiseta
718B2FFB,u070303_10_00,c000201,2,camiseta
719D55E1,u117407_10_00,c000401,6,camiseta
71B6F672,u117405_10_00,c000301,4,camiseta
71BD2E24,u030855_10_00,c000301,4,portero
71C10CFE,u11130110,c000301,4,propia
71C295EB,u117405_10_00,c000301,4,camiseta
71C80846,u117402_10_00,c000101,1,camiseta
71DA5BDC,u117402_10_00,c000101,1,camiseta
71F5D1CF,u117405_10_00,c000301,4,camiseta
7204AC8E,u117407_10_00,c000401,6,camiseta
7214706D,u115105_10_00,c000301,4,camiseta
7224D74B,u061303_10_00,c000201,2,camiseta
7232221C,u117402_10_00,c000101,1,camiseta
7237732E,u071701_10_00,c000101,0,camiseta
7239FA4A,u030757_10_00,c000401,6,portero
72464185,u117403_10_00,c000201,2,camiseta
724CDC28,u042401_20_00,c000101,0,camiseta
72531D6A,u117401_10_00,c000101,0,camiseta
725E8515,u117701_10_00,c000101,0,camiseta
725E8FB2,u117406_10_00,c000401,5,camiseta
726BCBA2,u115101_10_00,c000101,1,camiseta
726CA7ED,u117407_10_00,c000401,6,camiseta
727105A1,u117401_10_00,c000101,0,camiseta
727D502B,u110607_10_00,c000401,6,camiseta
727D8291,u021005_10_00,c000301,4,camiseta
7295A629,u020201_10_00,c000101,0,camiseta
729D588A,u117401_10_00,c000101,0,camiseta
729EF132,u041801_10_00,c000101,0,camiseta
72A14BB5,u061505_10_00,c000301,4,camiseta
72A1C4F8,u117401_10_00,c000101,0,camiseta
72C5C259,u051802_10_00,c000101,1,respaldo_equipo
72C812C1,u041701_10_00,c000101,0,respaldo_equipo
72D68194,u117407_10_00,c000401,6,camiseta
72EB581D,u117403_10_00,c000201,2,camiseta
731464EE,u060803_10_00,c000201,2,camiseta
7314EBA3,u117401_10_00,c000101,0,camiseta
7329322A,u117403_10_00,c000201,2,camiseta
733B0A77,u010105_10_00,c000301,4,respaldo_generico
735C9B05,u041855_10_00,c000301,4,portero
735F32BD,u117402_10_00,c000101,1,camiseta
7363AECF,u117405_10_00,c000301,4,camiseta
737B8C8F,u115106_10_00,c000401,5,camiseta
738193E5,u080706_10_00,c000401,5,camiseta
73842BB2,u117401_10_00,c000101,0,camiseta
73863F64,u110307_10_00,c000401,6,camiseta
738EB61F,u042201_20_00,c000101,0,camiseta
7391775D,u117401_10_00,c000101,0,camiseta
739CE585,u117402_10_00,c000101,1,camiseta
73A9A195,u115105_10_00,c000301,4,camiseta
73AECDDA,u117402_10_00,c000101,1,camiseta
73B36F96,u117406_10_00,c000401,5,camiseta
73BF3A1C,u110602_10_00,c000101,1,camiseta
73BFE8A6,u021001_10_00,c000101,0,camiseta
73C6C6B9,u117401_10_00,c000101,0,camiseta
73F0482B,u117401_10_00,c000101,0,camiseta
73F51919,u071706_10_00,c000401,5,camiseta
73FB907D,u030701_10_00,c000101,0,camiseta
74089D39,u110405_10_00,c000301,4,camiseta
741D437F,u117401_10_00,c000101,0,camiseta
741DCC32,u060601_10_00,c000101,0,camiseta
74209AF6,u117401_10_00,c000101,0,camiseta
742C57A4,u010101_10_00,,,respaldo_generico
74308298,u020205_10_00,c000301,4,camiseta
7432C96C,u050905_10_00,c000301,4,camiseta
74458C00,u05020390,c000301,4,propia
745291A9,u020851_10_00,c000101,0,portero
745533D9,u042053_10_00,c000201,2,portero
7455BC94,u031606_10_00,c000401,5,camiseta
74569A61,u117401_10_00,c000101,0,camiseta
74614DAB,u041506_10_00,c000401,5,respaldo_equipo
746A0613,u117401_10_00,c000101,0,camiseta
747AA19D,u020205_10_00,c000301,4,camiseta
747BBB44,u071107_10_00,c000401,6,camiseta
748D836E,u117405_10_00,c000301,4,camiseta
74954D59,u117402_10_00,c000101,1,camiseta
749850CC,u060301_10_00,c000101,0,camiseta
74A7EA4B,u040601_10_00,c000101,0,camiseta
74ACBD50,u021401_10_00,c000101,0,camiseta
74BAC74A,u117401_10_00,c000101,0,camiseta
74C010FE,u050701_10_00,c000101,0,camiseta
74CC2BAA,u115104_10_00,c000201,3,camiseta
74CC4CEA,u021201_10_00,c000101,0,camiseta
74CF6E65,u117401_10_00,c000101,0,camiseta
74EF9AED,u117401_10_00,c000101,0,camiseta
74F238A1,u030903_10_00,c000201,2,camiseta
74F9E0F7,u117402_10_00,c000101,1,camiseta
75027AC9,u050701_10_00,c000101,0,camiseta
750D0452,u117407_10_00,c000401,6,camiseta
750E26DD,u021253_10_00,c000201,2,portero
75247A4F,u08060090,c000201,2,propia
752DF0DA,u117405_10_00,c000301,4,camiseta
75305296,u030951_10_00,c000101,0,portero
7533410C,u117701_10_00,c000101,0,camiseta
753B8AC0,u117402_10_00,c000101,1,camiseta
754FE959,u117402_10_00,c000101,1,camiseta
7557276E,u117401_10_00,c000101,0,camiseta
756ED767,u021455_10_00,c000301,4,portero
7574F8F7,u11060510,c000301,4,propia
7578AD7D,u117401_10_00,c000101,0,camiseta
7587E637,u05020290,c000101,1,propia
7594F056,u117402_10_00,c000101,1,camiseta
759759EE,u042001_10_00,c000101,0,camiseta
759C0EF5,u020501_10_00,c000101,0,camiseta
75A3D748,u117205_10_00,c000301,4,camiseta
75A86C24,u117406_10_00,c000401,5,camiseta
75AD65C5,u11010030,c000301,4,propia
75B8CBAA,u070901_10_00,c000101,0,camiseta
75CAF70E,u115106_10_00,c000401,5,camiseta
75DC6C87,u115101_10_00,c000101,1,camiseta
75DF2948,u117401_10_00,c000101,0,camiseta
75E2F0C1,u117402_10_00,c000101,1,camiseta
75EDB664,u010201_10_00,c000101,0,camiseta
75F0A35B,u050902_10_00,c000101,1,camiseta
75F2E8AF,u020203_10_00,c000201,2,camiseta
75F45EF7,u080501_10_00,c000101,0,camiseta
75FFCCFC,u030105_10_00,c000301,4,camiseta
76033259,u050205_10_00,c000301,4,camiseta
76102438,u117401_10_00,c000101,0,camiseta
76138D80,u041901_10_00,c000101,0,camiseta
7618DA9B,u020401_10_00,c000101,0,camiseta
762CB84A,u117407_10_00,c000401,6,camiseta
763C88DE,u070101_10_00,c000101,0,camiseta
76413325,u115107_10_00,c000401,6,camiseta
76465F6A,u032206_10_00,c000401,5,camiseta
76480222,u081007_10_00,c000401,6,camiseta
765BFD26,u117405_10_00,c000301,4,camiseta
766624AF,u117401_10_00,c000101,0,camiseta
7669620A,u010101_10_00,c000101,0,camiseta
7676ABDB,u111102_10_00,c000101,1,camiseta
768879B0,u115104_10_00,c000201,3,camiseta
7689D03C,u117405_10_00,c000301,4,camiseta
76931E3F,u115107_10_00,c000401,6,camiseta
76B486F8,u031157_10_00,c000401,6,portero
76BF5EAE,u117402_10_00,c000101,1,camiseta
76C1A09A,u045301_10_00,c000101,0,camiseta
76C8A422,u11130510,c000301,4,propia
76CB3D37,u117403_10_00,c000201,2,camiseta
76D3F300,u117407_10_00,c000401,6,camiseta
76FC7913,u117401_10_00,c000101,0,camiseta
77095700,u117402_10_00,c000101,1,camiseta
77119937,u117406_10_00,c000401,5,camiseta
771A2BCD,u030101_10_00,c000101,0,camiseta
772C7880,u010105_10_00,c000301,4,camiseta
773E1324,u117401_10_00,c000101,0,camiseta
774BBA0B,u117401_10_00,c000101,0,camiseta
7776ECCF,u031105_10_00,c000301,4,camiseta
777D3499,u117402_10_00,c000101,1,camiseta
7784355D,u032201_10_00,c000101,0,camiseta
77983E9D,u115101_10_00,c000101,1,camiseta
7799185C,u060405_10_00,c000301,4,camiseta
77999711,u117407_10_00,c000401,6,camiseta
77A44E98,u117401_10_00,c000101,0,camiseta
77B4C1EC,u111105_10_00,c000301,4,camiseta
77C7E791,u070451_10_00,c000101,0,portero
77D168FA,u031502_10_00,c000101,1,camiseta
77D1E7B7,u041955_10_00,c000301,4,portero
77D24E0F,u117407_10_00,c000401,6,camiseta
77E6A393,u061705_10_00,c000301,4,camiseta
77EED27D,u117401_10_00,c000101,0,camiseta
7800CB40,u051205_10_00,c000301,4,respaldo_equipo
78037580,u117402_10_00,c000101,1,camiseta
78158BF0,u112505_10_00,c000301,4,camiseta
781DF139,u010303_10_00,c000201,2,camiseta
783DFFC3,u020851_10_00,c000101,0,portero
783FE9F2,u117401_10_00,c000101,0,camiseta
7851E270,u050701_10_00,c000101,0,respaldo_equipo
78550ED2,u031307_10_00,c000401,6,camiseta
78571227,u020501_10_00,c000101,0,camiseta
785ED684,u117406_10_00,c000401,5,camiseta
78624AF6,u117405_10_00,c000301,4,camiseta
7886E97E,u117401_10_00,c000101,0,camiseta
7887AC85,u117402_10_00,c000101,1,camiseta
78BA750C,u117405_10_00,c000301,4,camiseta
78BAFA41,u061202_10_00,c000101,1,camiseta
78CD3060,u117401_10_00,c000101,0,camiseta
78D51220,u115101_10_00,c000101,0,camiseta
78DC2327,u081101_10_00,c000101,0,camiseta
78DD39FE,u081503_10_00,c000201,2,camiseta
78E28ADE,u111006_10_00,c000401,5,camiseta
78EA44D0,u052051_10_00,c000101,0,portero
78F28AE7,u117401_10_00,c000101,0,camiseta
790F5A57,u117405_10_00,c000301,4,camiseta
791E4910,u081101_10_00,c000101,0,camiseta
791F53C9,u080905_10_00,c000301,4,camiseta
7920D044,u051803_10_00,c000201,2,camiseta
7920E0E9,u111002_10_00,c000101,1,camiseta
79282EE7,u052001_10_00,c000101,0,camiseta
79306F9D,u040906_10_00,c000401,5,camiseta
7930E0D0,u117402_10_00,c000101,1,camiseta
7939FA38,u051101_10_00,c000101,0,respaldo_equipo
7945C6B2,u117403_10_00,c000201,2,camiseta
7968D308,u040101_10_00,c000101,0,respaldo_equipo
79781F3B,u117401_10_00,c000101,0,camiseta
797D99F4,u11500680,c000401,6,propia
798A49E4,u060903_10_00,c000201,2,camiseta
799764E5,u031301_10_00,c000101,0,camiseta
799CBCB3,u117401_10_00,c000101,0,camiseta
79A020C1,u117405_10_00,c000301,4,camiseta
79C11FB7,u117401_10_00,c000101,0,camiseta
79C5550D,u115105_10_00,c000301,4,camiseta
79D291FD,u11801080,c000401,6,propia
79D7E1C7,u112505_10_00,c000301,4,camiseta
79DF9B0E,u010301_10_00,c000101,0,camiseta
79E24287,u117406_10_00,c000401,5,camiseta
79FD83C5,u117401_10_00,c000101,0,camiseta
7A13B08B,u031403_10_00,c000201,2,camiseta
7A1868DD,u117403_10_00,c000201,2,camiseta
7A24F4AF,u117406_10_00,c000401,5,camiseta
7A28739F,u11908050,c000101,1,propia
7A33CB4E,u117401_10_00,c000101,0,camiseta
7A5B4F60,u010407_10_00,c000401,6,camiseta
7A74C573,u051405_10_00,c000301,4,camiseta
7A8684CA,u11806060,c000101,1,propia
7A8A27B5,u115104_10_00,c000201,3,camiseta
7A8B8E39,u117405_10_00,c000301,4,camiseta
7A9CBC3C,u110503_10_00,c000201,2,camiseta
7AA215C5,u080401_10_00,c000101,0,camiseta
7AA4042A,u051701_10_00,c000101,0,camiseta
7AA4A39D,u111802_10_00,c000101,1,camiseta
7AA996F2,u117401_10_00,c000101,0,camiseta
7AACFA89,u040101_10_00,c000101,0,camiseta
7AB434BE,u117401_10_00,c000101,0,camiseta
7AB4BBF3,u040101_10_00,c000101,0,camiseta
7AC05727,u117403_10_00,c000201,2,camiseta
7AC112DC,u117407_10_00,c000401,6,camiseta
7AD34146,u050401_10_00,c000101,0,camiseta
7AEAB14F,u117401_10_00,c000101,0,camiseta
7AF94D9A,u115103_10_00,c000201,2,camiseta
7AFCCB55,u117401_10_00,c000101,0,camiseta
7B023D10,u117403_10_00,c000201,2,camiseta
7B0378EB,u117402_10_00,c000101,1,camiseta
7B112B71,u050407_10_00,c000401,6,camiseta
7B28DB78,u117402_10_00,c000101,1,camiseta
7B2CEAAF,u011001_10_00,c000101,0,camiseta
7B3EA162,u117401_10_00,c000101,0,camiseta
7B4476D6,u117402_10_00,c000101,1,camiseta
7B49E40E,u117405_10_00,c000301,4,camiseta
7B5ED60B,u110507_10_00,c000401,6,camiseta
7B607FF2,u080406_10_00,c000401,5,camiseta
7B66C9AA,u111802_10_00,c000101,1,camiseta
7B6BFCC5,u117403_10_00,c000201,2,camiseta
7B6E90BE,u050201_10_00,c000101,0,camiseta
7B765E89,u117402_10_00,c000101,1,camiseta
7B992557,u010401_10_00,c000101,0,camiseta
7B99AA1A,u117403_10_00,c000201,2,camiseta
7B9A6098,u115101_10_00,c000101,1,camiseta
7BA4FCDE,u117401_10_00,c000101,0,camiseta
7BB218B5,u021201_10_00,c000101,0,camiseta
7BC8FC49,u051801_10_00,c000101,0,respaldo_equipo
7BD1DABC,u031407_10_00,c000401,6,camiseta
7BDA02EA,u117402_10_00,c000101,1,camiseta
7BE69E98,u117405_10_00,c000301,4,camiseta
7BEA19A8,u117401_10_00,c000101,0,camiseta
7BF1A179,u117405_10_00,c000301,4,camiseta
7BF4253C,u11010090,c000401,5,propia
7C0AD037,u117401_10_00,c000101,0,camiseta
7C1883AD,u050607_10_00,c000401,6,camiseta
7C2AABF2,u031257_10_00,c000401,6,portero
7C2DC7BD,u115101_10_00,c000101,0,camiseta
7C328F71,u11500180,c000301,4,propia
7C36A032,u115101_10_00,c000101,0,camiseta
7C3709BE,u117405_10_00,c000301,4,camiseta
7C3786F3,u061102_10_00,c000101,1,camiseta
7C404CD2,u117401_10_00,c000101,0,camiseta
7C55103D,u117407_10_00,c000401,6,camiseta
7C673862,u050701_10_00,c000101,0,camiseta
7C7FF655,u117403_10_00,c000201,2,camiseta
7C850D27,u117701_10_00,c000101,0,camiseta
7C908D8B,u010201_10_00,c000101,0,camiseta
7C95A4C5,u021201_10_00,c000101,1,camiseta
7CD3AA36,u117401_10_00,c000101,0,camiseta
7CD71DC7,u040102_10_00,c000101,1,camiseta
7CD7D8D7,u080606_10_00,c000401,5,camiseta
7CD87260,u031905_10_00,c000301,4,camiseta
7CE9712E,u110705_10_00,c000301,4,camiseta
7CEF3644,u117406_10_00,c000401,5,camiseta
7D11C001,u117402_10_00,c000101,1,camiseta
7D1A1857,u031901_10_00,c000101,0,camiseta
7D26E71F,u115105_10_00,c000301,4,camiseta
7D2B1B19,u110707_10_00,c000401,6,camiseta
7D2D5C73,u117401_10_00,c000101,0,camiseta
7D423B5F,u115108_10_00,c000301,7,camiseta
7D52E7BC,u010201_10_00,c000101,0,camiseta
7D8226E5,u117405_10_00,c000301,4,camiseta
7D82A9A8,u030502_10_00,c000101,1,camiseta
7D977A0A,u117402_10_00,c000101,1,camiseta
7DA55255,u050701_10_00,c000101,0,camiseta
7DADACF6,u051205_10_00,c000301,4,camiseta
7DBD9C62,u117402_10_00,c000101,1,camiseta
7DC23AD9,u11010020,c000301,4,propia
7DC601C4,u041006_10_00,c000401,5,respaldo_equipo
7DC8BA00,u117401_10_00,c000101,0,camiseta
7DDAE99A,u050603_10_00,c000201,2,camiseta
7DE8C1C5,u031205_10_00,c000301,4,camiseta
7DEFAD8A,u115107_10_00,c000401,6,camiseta
7DF0E546,u11500080,c000301,4,propia
7DF56389,u117405_10_00,c000301,4,camiseta
7E033F09,u041001_10_00,c000101,0,respaldo_equipo
7E067DC6,u030302_10_00,c000101,1,camiseta
7E06F28B,u117401_10_00,c000101,0,camiseta
7E1F5B67,u050701_10_00,c000101,0,respaldo_equipo
7E39480C,u117402_10_00,c000101,1,camiseta
7E39C741,u040501_10_00,c000101,0,camiseta
7E4C6E6E,u117405_10_00,c000301,4,camiseta
7E51436F,u117401_10_00,c000101,0,camiseta
7E71B7E7,u117405_10_00,c000301,4,camiseta
7E72F228,u115103_10_00,c000201,2,camiseta
7E743128,u115101_10_00,c000101,0,camiseta
7E836E75,u117401_10_00,c000101,0,camiseta
7E95146F,u117401_10_00,c000101,0,camiseta
7E9747CC,u111207_10_00,c000401,6,camiseta
7E9ECC39,u032301_10_00,c000101,0,camiseta
7EA9881D,u117405_10_00,c000301,4,camiseta
7EACE466,u051105_10_00,c000301,4,camiseta
7ECB1ED3,u041157_10_00,c000401,6,portero
7ED6BC9F,u117405_10_00,c000301,4,camiseta
7EF9B9C1,u010105_10_00,c000301,4,camiseta
7EFD0E30,u020755_10_00,c000301,4,portero
7F0223FF,u020801_10_00,c000101,0,camiseta
7F0974E4,u041102_10_00,c000101,1,camiseta
7F1459E5,u010101_10_00,c000101,0,camiseta
7F1F0EFE,u070205_10_00,c000301,4,camiseta
7F3D6033,u11010030,c000301,4,propia
7F410442,u117407_10_00,c000401,6,camiseta
7F552DFB,u111202_10_00,c000101,1,camiseta
7F577E58,u117401_10_00,c000101,0,camiseta
7F5CA60E,u032306_10_00,c000401,5,camiseta
7F62B505,u115103_10_00,c000201,2,camiseta
7F6BE22A,u117406_10_00,c000401,5,camiseta
7F6E167A,u11803040,c000301,4,propia
7F6E8E51,u051102_10_00,c000101,1,camiseta
7F820E51,u010105_10_00,c000301,4,respaldo_generico
7F8E0459,u117402_10_00,c000101,1,camiseta
7F932958,u117403_10_00,c000201,2,camiseta
7FB3DDD0,u117406_10_00,c000401,5,camiseta
7FB65B1F,u115101_10_00,c000101,0,camiseta
7FC498BC,u117407_10_00,c000401,6,camiseta
7FE3EC0C,u051602_10_00,c000101,1,camiseta
7FFB223B,u117402_10_00,c000101,1,camiseta
800072CB,u020306_10_00,c000401,5,camiseta
800559C5,u117405_10_00,c000301,4,camiseta
8016A510,u115105_10_00,c000301,4,camiseta
801B5231,u06039060,c000301,4,propia
8027410E,u021402_10_00,c000101,1,camiseta
802C1615,u041505_10_00,c000301,4,camiseta
802EFA56,u117403_10_00,c000201,2,camiseta
8031B459,u117405_10_00,c000301,4,camiseta
8033C66B,u031001_10_00,c000101,0,camiseta
804BECA0,u051703_10_00,c000201,2,camiseta
8059BF3A,u117403_10_00,c000201,2,camiseta
806466B3,u117401_10_00,c000101,0,camiseta
8064E9FE,u061701_10_00,c000101,0,camiseta
8080C53B,u117406_10_00,c000401,5,camiseta
808B1D6D,u030505_10_00,c000301,4,camiseta
80C36DCB,u117405_10_00,c000301,4,camiseta
80CB1C25,u117401_10_00,c000101,0,camiseta
80D92C85,u117208_10_00,c000301,7,camiseta
80DC23C4,u117406_10_00,c000401,5,camiseta
80F45E37,u11020510,c000101,1,propia
80F78057,u117406_10_00,c000401,5,camiseta
80FE3B0F,u117407_10_00,c000401,6,camiseta
810107FC,u117405_10_00,c000301,4,camiseta
810188B1,u011201_10_00,c000101,0,camiseta
81097612,u117405_10_00,c000301,4,camiseta
811B46B2,u115101_10_00,c000101,1,camiseta
811E49F3,u117405_10_00,c000301,4,camiseta
81274E23,u010101_10_00,,,respaldo_generico
8135EA60,u117402_10_00,c000101,1,camiseta
8137FC51,u01002610,c000401,6,propia
813C5138,u117405_10_00,c000301,4,camiseta
813E3236,u031401_10_00,c000101,0,camiseta
8142AF0C,u117407_10_00,c000401,6,camiseta
8149775A,u030501_10_00,c000101,0,camiseta
815891CA,u010101_10_00,,,respaldo_generico
818F9778,u080406_10_00,c000401,5,camiseta
8193A099,u010151_10_00,c000101,0,portero
819BD50D,u117407_10_00,c000401,6,camiseta
81A60C84,u117401_10_00,c000101,0,camiseta
81C733F2,u117403_10_00,c000201,2,camiseta
81D4CF27,u11500520,c000301,4,propia
81D93806,u117405_10_00,c000301,4,camiseta
81E10A4B,u010901_10_00,c000101,0,respaldo_equipo
81EC9061,u117401_10_00,c000101,0,camiseta
81EE7C22,u041506_10_00,c000401,5,camiseta
8205AD84,u061301_10_00,c000101,0,camiseta
820C788D,u010201_10_00,c000101,0,camiseta
821F0163,u117401_10_00,c000101,0,camiseta
8222D8EA,u117401_10_00,c000101,0,camiseta
8232D174,u080901_10_00,c000101,0,camiseta
8233CBAD,u081102_10_00,c000101,1,camiseta
8234672C,u111501_10_00,c000101,0,camiseta
823AFAAA,u115101_10_00,c000101,1,camiseta
8247ABEB,u11030010,c000101,0,propia
825E26EA,u117205_10_00,c000301,4,camiseta
8268440F,u117405_10_00,c000301,4,camiseta
82743F52,u117701_10_00,c000101,0,camiseta
8280A88F,u11808170,c000301,4,propia
82855CDF,u011103_10_00,c000201,2,camiseta
8285D392,u117401_10_00,c000101,0,camiseta
828DA27C,u117405_10_00,c000301,4,camiseta
829326C5,u021803_20_00,c000201,2,camiseta
829F92DC,u115101_10_00,c000101,0,camiseta
82B13E0E,u117402_10_00,c000101,1,camiseta
82B218FB,u03039500,c000301,4,propia
82B88556,u117403_10_00,c000201,2,camiseta
82BAE658,u031305_10_00,c000301,4,camiseta
82C67B62,u117405_10_00,c000301,4,camiseta
82CDA334,u030403_10_00,c000201,2,camiseta
82D00178,u117405_10_00,c000301,4,camiseta
82EC9D0A,u117402_10_00,c000101,1,camiseta
82F3B03F,u115103_10_00,c000201,2,camiseta
82F4E44E,u021201_10_00,c000101,1,camiseta
82FF1340,u11801120,c000301,4,propia
83010C35,u020905_10_00,c000301,4,camiseta
83041155,u117405_10_00,c000301,4,camiseta
830FC903,u030406_10_00,c000401,5,camiseta
83126B4F,u117407_10_00,c000401,6,camiseta
832ABD87,u115108_10_00,c000301,7,camiseta
832EF73D,u117403_10_00,c000201,2,camiseta
8331DA08,u115103_10_00,c000201,2,camiseta
833D7977,u11801020,c000301,4,propia
8342C2B8,u11808070,c000101,0,propia
8347B9A5,u117403_10_00,c000201,2,camiseta
834802E2,u118604_10_00,c000201,3,camiseta
834FC84B,u117401_10_00,c000101,0,camiseta
835D4164,u050701_10_00,c000101,0,respaldo_equipo
835DF8EB,u115101_10_00,c000101,1,camiseta
83735439,u117401_10_00,c000101,0,camiseta
837AEF61,u117405_10_00,c000301,4,camiseta
839F865F,u117402_10_00,c000101,1,camiseta
83AA2E38,u117401_10_00,c000101,0,camiseta
83BC2E1E,u010903_10_00,c000201,2,camiseta
83CE12BA,u010207_10_00,c000401,6,camiseta
83CF38CE,u051805_10_00,c000301,4,camiseta
83DD6B54,u117403_10_00,c000201,2,camiseta
83E03D90,u117402_10_00,c000101,1,camiseta
83E0B2DD,u117406_10_00,c000401,5,camiseta
83F0BB43,u080901_10_00,c000101,0,camiseta
83F60D1B,u111505_10_00,c000301,4,camiseta
840661DF,u030101_10_00,c000101,0,camiseta
840DB989,u117405_10_00,c000301,4,camiseta
842BEBF8,u115101_10_00,c000101,0,camiseta
8441AA3E,u111706_10_00,c000401,5,camiseta
84466097,u117405_10_00,c000301,4,camiseta
844E1179,u117404_10_00,c000201,3,camiseta
84533C78,u117402_10_00,c000101,1,camiseta
84545037,u11700150,c000101,1,propia
847347BD,u117401_10_00,c000101,0,camiseta
8479DA10,u117406_10_00,c000401,5,camiseta
847AFCE5,u117401_10_00,c000101,0,camiseta
84806228,u041701_10_00,c000101,0,respaldo_equipo
84867D2D,u115103_10_00,c000201,2,camiseta
84A16AA7,u041405_10_00,c000301,4,camiseta
84A386E4,u117402_10_00,c000101,1,camiseta
84AA3DBC,u021701_10_00,c000101,0,camiseta
84B6AB10,u112201_10_00,c000101,0,camiseta
84C69012,u051307_10_00,c000401,6,camiseta
84D4C388,u117401_10_00,c000101,0,camiseta
84E91A01,u117407_10_00,c000401,6,camiseta
84E9954C,u030306_10_00,c000401,5,camiseta
84FF0E3E,u070205_10_00,c000301,4,camiseta
8504FA25,u051356_10_00,c000401,5,portero
8513F873,u050701_10_00,c000101,0,respaldo_equipo
8516A9BF,u117402_10_00,c000101,1,camiseta
852B7036,u117406_10_00,c000401,5,camiseta
85363312,u010101_10_00,c000101,0,camiseta
8559B395,u115101_10_00,c000101,0,camiseta
8561ECD3,u117402_10_00,c000101,1,camiseta
85630090,u041401_10_00,c000101,0,camiseta
8574C127,u112201_10_00,c000101,0,camiseta
8583C009,u111708_10_00,c000301,7,camiseta
85840AA0,u117401_10_00,c000101,0,camiseta
858C7B4E,u117407_10_00,c000401,6,camiseta
858CF403,u011305_10_00,c000301,4,camiseta
8591564F,u117407_10_00,c000401,6,camiseta
85963A00,u115103_10_00,c000201,2,respaldo_equipo
85B12D8A,u117402_10_00,c000101,1,camiseta
85B34E84,u032301_10_00,c000101,0,camiseta
85B896D2,u117401_10_00,c000101,0,camiseta
85BAC571,u111205_10_00,c000301,4,camiseta
85BBB027,u117401_10_00,c000101,0,camiseta
85C9E30C,u010201_10_00,c000101,0,camiseta
85CFD3BE,u117402_10_00,c000101,1,camiseta
85F00CCE,u11010040,c000301,7,propia
8600DECE,u117401_10_00,c000101,0,camiseta
86013525,u080303_10_00,c000201,2,camiseta
860699A4,u110701_10_00,c000101,0,camiseta
8608206D,u011405_10_00,c000301,4,camiseta
8608AF20,u117406_10_00,c000401,5,camiseta
8612EE6E,u115107_10_00,c000401,6,respaldo_equipo
8627AA7E,u117405_10_00,c000301,4,camiseta
8635F9E4,u117403_10_00,c000201,2,camiseta
86379AEA,u031901_10_00,c000101,0,camiseta
863C42BC,u117403_10_00,c000201,2,camiseta
863F9CDC,u11020010,c000101,0,propia
8640DF86,u030305_10_00,c000301,4,camiseta
864B07D0,u117405_10_00,c000301,4,camiseta
86503F3A,u010101_10_00,,,respaldo_generico
8660A443,u117402_10_00,c000101,1,camiseta
866A1CA6,u010107_10_00,c000401,6,respaldo_generico
8675BFD9,u010103_10_00,c000201,2,camiseta
86802E4B,u051255_10_00,c000301,4,portero
86854230,u117401_10_00,c000101,0,camiseta
86927DD1,u117401_10_00,c000101,0,camiseta
86AFA458,u117401_10_00,c000101,0,camiseta
86D948B8,u115105_10_00,c000301,4,camiseta
86DD67FB,u11500120,c000101,1,propia
86E538BD,u117407_10_00,c000401,6,camiseta
86E7D4FE,u041306_10_00,c000401,5,camiseta
86F01549,u112201_10_00,c000101,0,camiseta
86FAF9FF,u011057_10_00,c000401,6,portero
8707294F,u031201_10_00,c000101,0,camiseta
871F0DCC,u115101_10_00,c000101,1,camiseta
8725BEC9,u041301_10_00,c000101,0,camiseta
8727528A,u117406_10_00,c000401,5,camiseta
87327F7E,u112201_10_00,c000101,0,camiseta
873893C8,u011005_10_00,c000301,4,camiseta
8742447C,u051206_10_00,c000401,5,camiseta
87472807,u117405_10_00,c000301,4,camiseta
875017E6,u117402_10_00,c000101,1,camiseta
876D4122,u030501_10_00,c000101,0,camiseta
876DCE6F,u117403_10_00,c000201,2,camiseta
8782B5B1,u030301_10_00,c000101,0,camiseta
87896DE7,u117405_10_00,c000301,4,camiseta
87A2CE74,u117402_10_00,c000101,1,camiseta
87C2B4F9,u117401_10_00,c000101,0,camiseta
87C90F95,u115105_10_00,c000301,4,camiseta
87CAC517,u117402_10_00,c000101,1,camiseta
87D08459,u115105_10_00,c000301,4,camiseta
87F793D3,u117407_10_00,c000401,6,camiseta
87FD0E7E,u117401_10_00,c000101,0,camiseta
87FDF6EB,u110257_10_00,c000401,6,portero
87FE288B,u117401_10_00,c000101,0,camiseta
8804B097,u117407_10_00,c000401,6,camiseta
88065CD4,u041201_10_00,c000101,0,camiseta
8806D399,u117405_10_00,c000301,4,camiseta
8826A85C,u117403_10_00,c000201,2,camiseta
8842AB42,u050102_10_00,c000101,1,camiseta
884E2C72,u117407_10_00,c000401,6,camiseta
884EA33F,u061505_10_00,c000301,4,camiseta
8861A661,u050106_10_00,c000401,5,camiseta
88632339,u010102_10_00,c000101,1,respaldo_generico
8872B000,u117401_10_00,c000101,0,camiseta
8873F5FB,u117401_10_00,c000101,0,camiseta
88842328,u115101_10_00,c000101,1,camiseta
8893E7D8,u11802030,c000401,6,propia
88961388,u117401_10_00,c000101,0,camiseta
88A1D8E1,u045605_10_00,c000301,4,camiseta
88AA8FFA,u020905_10_00,c000301,4,camiseta
88ABBDD9,u110301_10_00,c000101,0,camiseta
88BCF5E0,u117403_10_00,c000201,2,camiseta
88CE3643,u117405_10_00,c000301,4,camiseta
88DDCA96,u117402_10_00,c000101,1,camiseta
88E9270A,u117403_10_00,c000201,2,camiseta
88E9A847,u010657_10_00,c000401,6,portero
88F48546,u040306_10_00,c000401,5,camiseta
891478F7,u030701_10_00,c000101,0,camiseta
89185182,u11210510,c000101,1,propia
891FA0A1,u117406_10_00,c000401,5,camiseta
8923F4EB,u071601_10_00,c000101,0,camiseta
892B4D3D,u117405_10_00,c000301,4,camiseta
892BC270,u010601_10_00,c000101,0,camiseta
8936EF71,u040303_10_00,c000201,2,camiseta
895479BF,u117406_10_00,c000401,5,camiseta
89577E17,u080206_10_00,c000401,5,camiseta
895D2E90,u115108_10_00,c000301,7,camiseta
8963B2D6,u045601_10_00,c000101,0,camiseta
8968E5CD,u020905_10_00,c000301,4,camiseta
8969D7EE,u110301_10_00,c000101,0,camiseta
897E9FD7,u117401_10_00,c000101,0,camiseta
898C4645,u117406_10_00,c000401,5,camiseta
898F038A,u115101_10_00,c000101,1,camiseta
89B0DA37,u117407_10_00,c000401,6,camiseta
89B19FCC,u117401_10_00,c000101,0,camiseta
89C4B9AE,u117402_10_00,c000101,1,camiseta
89C6DAA0,u117401_10_00,c000101,0,camiseta
89E4C26B,u117405_10_00,c000301,4,camiseta
8A08922B,u117406_10_00,c000401,5,camiseta
8A153067,u030605_10_00,c000301,4,camiseta
8A228A15,u112302_10_00,c000101,1,camiseta
8A271838,u050104_10_00,c000201,3,camiseta
8A340E59,u117401_10_00,c000101,0,camiseta
8A354BA2,u117405_10_00,c000301,4,camiseta
8A406DC0,u117406_10_00,c000401,5,camiseta
8A420ECE,u117405_10_00,c000301,4,camiseta
8A507F74,u050701_10_00,c000101,0,respaldo_equipo
8A55312F,u117405_10_00,c000301,4,camiseta
8A58A3F7,u117403_10_00,c000201,2,camiseta
8A5D40C1,u117405_10_00,c000301,4,camiseta
8A69AD5D,u117402_10_00,c000101,1,camiseta
8A90AC99,u030806_10_00,c000401,5,camiseta
8A95C13C,u040103_10_00,c000201,2,camiseta
8A9B74CF,u117402_10_00,c000101,1,camiseta
8A9C85EC,u11210510,c000101,1,propia
8A9FA83E,u070501_10_00,c000101,0,camiseta
8AAF161E,u010701_10_00,c000101,0,camiseta
8AAF9953,u117403_10_00,c000201,2,camiseta
8AB0D75C,u117401_10_00,c000101,0,camiseta
8AB17EED,u020201_10_00,c000101,0,camiseta
8AB1DD55,u117403_10_00,c11500260,2,respaldo_equipo
8ABFCAFD,u115108_10_00,c000301,7,camiseta
8AC07132,u115105_10_00,c000301,4,camiseta
8AD0ADD1,u117401_10_00,c000101,0,camiseta
8AD41C59,u010105_10_00,c000301,4,respaldo_equipo
8AD58B3B,u111601_10_00,c000101,0,camiseta
8AE766B8,u040403_10_00,c000201,2,camiseta
8AEC31A3,u021305_10_00,c000301,4,camiseta
8B12C7E6,u117401_10_00,c000101,0,camiseta
8B17E10C,u111604_10_00,c000201,3,camiseta
8B250C8F,u040403_10_00,c000201,2,camiseta
8B2583C2,u031005_10_00,c000301,4,camiseta
8B591EF8,u117401_10_00,c000101,0,camiseta
8B6D7C29,u010751_10_00,c000101,0,portero
8B6DF364,u117405_10_00,c000301,4,camiseta
8B72BD6B,u117406_10_00,c000401,5,camiseta
8B8064F9,u117403_10_00,c000201,2,camiseta
8B8207F7,u117403_10_00,c000201,2,camiseta
8B8288BA,u041003_10_00,c000201,2,camiseta
8B89DFA1,u021201_10_00,c000101,0,camiseta
8B975B18,u117405_10_00,c000301,4,camiseta
8B9AC9C0,u117401_10_00,c000101,0,camiseta
8B9F2AF6,u117401_10_00,c000101,0,camiseta
8BABC76A,u117402_10_00,c000101,1,camiseta
8BC27379,u117701_10_00,c000101,0,camiseta
8BCA7751,u061401_10_00,c000101,0,camiseta
8BCAF81C,u117403_10_00,c000201,2,camiseta
8BD0361F,u115101_10_00,c000101,0,camiseta
8BD75A50,u030605_10_00,c000301,4,camiseta
8BE0E022,u112305_10_00,c000301,4,camiseta
8BE5720F,u050102_10_00,c000101,1,camiseta
8BF6646E,u117403_10_00,c000201,2,camiseta
8BF72195,u117402_10_00,c000101,1,camiseta
8C0813F7,u010101_10_00,c000101,0,camiseta
8C0C41E7,u061101_10_00,c000101,0,camiseta
8C0C50DB,u117407_10_00,c000401,6,camiseta
8C1B6F3A,u117401_10_00,c000101,0,camiseta
8C1EC663,u050701_10_00,c000101,0,respaldo_equipo
8C27F348,u02024740,c000101,1,propia
8C2C2B1E,u117401_10_00,c000101,0,camiseta
8C4FEF53,u051201_10_00,c000101,0,respaldo_equipo
8C50B624,u117401_10_00,c000101,0,camiseta
8C574707,u112101_10_00,c000101,0,camiseta
8C645BB8,u117406_10_00,c000401,5,camiseta
8C64D4F5,u010957_10_00,c000401,6,portero
8C67913A,u115101_10_00,c000101,0,camiseta
8C80777D,u020302_10_00,c000101,1,camiseta
8C89CC25,u117406_10_00,c000401,5,camiseta
8C8B2066,u040701_10_00,c000101,0,camiseta
8C8BAF2B,u117401_10_00,c000101,0,camiseta
8C985988,u110902_10_00,c000101,1,camiseta
8CA04629,u111401_10_00,c000101,0,camiseta
8CA9B7E0,u032205_10_00,c000301,4,camiseta
8CAFB760,u117701_10_00,c000101,0,camiseta
8CB91F5F,u11807110,c000101,1,propia
8CC350C0,u117407_10_00,c000401,6,camiseta
8CD52ADA,u117401_10_00,c000101,0,camiseta
8CEA652C,u070407_10_00,c000401,6,camiseta
8CECDAD3,u050205_10_00,c000301,4,camiseta
8CFE8949,u117402_10_00,c000101,1,camiseta
8CFFCCB2,u117401_10_00,c000101,0,camiseta
8D013AF7,u117403_10_00,c000201,2,camiseta
8D1740ED,u117403_10_00,c000201,2,camiseta
8D27F71B,u050201_10_00,c000101,0,respaldo_equipo
8D280F1B,u070401_10_00,c000101,0,camiseta
8D3CE37E,u117405_10_00,c000301,4,camiseta
8D3DA685,u117402_10_00,c000101,1,camiseta
8D49C51C,u117405_10_00,c000301,4,camiseta
8D4BA612,u117405_10_00,c000301,4,camiseta
8D582F5E,u11010050,c000101,0,propia
8D58923B,u01002610,c000401,6,propia
8D5A33BF,u110902_10_00,c000101,1,camiseta
8D622C1E,u111402_10_00,c000101,1,camiseta
8D649A46,u080801_10_00,c000101,0,camiseta
8D6920A8,u010255_10_00,c000301,4,portero
8D77D617,u115101_10_00,c000101,0,camiseta
8D7B7568,u11807010,c000101,1,propia
8D808CA0,u051801_10_00,c000101,0,respaldo_equipo
8D92DC13,u117403_10_00,c000201,2,camiseta
8D952D30,u112105_10_00,c000301,4,camiseta
8D990445,u031105_10_00,c000301,4,camiseta
8DA5FB0D,u115104_10_00,c000201,3,camiseta
8DA6318F,u117402_10_00,c000101,1,camiseta
8DA6BEC2,u010901_10_00,c000101,0,camiseta
8DCE3AEC,u117407_10_00,c000401,6,camiseta
8DD9050D,u117406_10_00,c000401,5,camiseta
8DE5997F,u117405_10_00,c000301,4,camiseta
8E11F95E,u112105_10_00,c000301,4,camiseta
8E16087D,u117402_10_00,c000101,1,camiseta
8E1DD02B,u030901_10_00,c000101,0,camiseta
8E1FB325,u117401_10_00,c000101,0,camiseta
8E226AAC,u010801_10_00,c000101,0,camiseta
8E22E5E1,u117405_10_00,c000301,4,camiseta
8E38A4AF,u115105_10_00,c000301,4,camiseta
8E5DD163,u117407_10_00,c000401,6,camiseta
8E614D11,u020602_10_00,c000101,1,camiseta
8E6A1A0A,u042105_10_00,c000301,4,camiseta
8E6A9547,u032107_10_00,c000401,6,camiseta
8E7039A0,u010101_10_00,c000101,0,camiseta
8E77B846,u060306_10_00,c000401,5,camiseta
8E85EE99,u117403_10_00,c000201,2,camiseta
8E9453CE,u071151_10_00,c000101,0,portero
8EAA648A,u05020330,c000401,5,propia
8EB83710,u117405_10_00,c000301,4,camiseta
8EB972EB,u117405_10_00,c000301,4,camiseta
8EC6A388,u050605_10_00,c000301,4,camiseta
8ECD1172,u117402_10_00,c000101,1,camiseta
8ECF727C,u117401_10_00,c000101,0,camiseta
8EDE70CB,u11010060,c000101,1,propia
8EEDF4C6,u010151_10_00,c000101,0,portero
8EF7491D,u010107_10_00,c000401,6,camiseta
8EFFA106,u11807210,c000101,1,propia
8F04A313,u020705_10_00,c000301,4,camiseta
8F0D184B,u117403_10_00,c000201,2,camiseta
8F0F7B45,u117407_10_00,c000401,6,camiseta
8F0FF408,u040803_10_00,c000201,2,camiseta
8F1C1AFC,u115207_10_00,c000401,6,camiseta
8F28E382,u115101_10_00,c000101,1,camiseta
8F4784AE,u117407_10_00,c000401,6,camiseta
8F4C3FC2,u117202_10_00,c000101,1,camiseta
8F5639F9,u071102_10_00,c000101,1,camiseta
8F572320,u020207_10_00,c000401,6,camiseta
8F680EBD,u040104_10_00,c000201,3,camiseta
8F718AD1,u051101_10_00,c000101,0,respaldo_equipo
8F7A5D27,u117403_10_00,c000201,2,camiseta
8F7B18DC,u117401_10_00,c000101,0,camiseta
8F87D85A,u051805_10_00,c000301,4,respaldo_equipo
8F9FBB54,u117401_10_00,c000101,0,camiseta
8FA32726,u020602_10_00,c000101,1,camiseta
8FA8FF70,u032103_10_00,c000201,2,camiseta
8FD39369,u112101_10_00,c000101,0,camiseta
8FD4624A,u117402_10_00,c000101,1,camiseta
8FDDD912,u021206_10_00,c000401,5,camiseta
8FE0009B,u010851_10_00,c000101,0,portero
8FE08FD6,u117405_10_00,c000301,4,camiseta
900491E0,u117407_10_00,c000401,6,camiseta
900F49B6,u030705_10_00,c000301,4,camiseta
902DDE30,u040301_10_00,c000101,0,camiseta
90307C7C,u117402_10_00,c000101,1,camiseta
9030F331,u010601_10_00,c000101,0,camiseta
9038C5AA,u071605_10_00,c000301,4,camiseta
90461FD1,u115108_10_00,c000301,7,camiseta
904C4F56,u080203_10_00,c000201,2,camiseta
904F48FE,u117407_10_00,c000401,6,camiseta
9065AE96,u117405_10_00,c000301,4,camiseta
9072E6AF,u11030020,c000301,7,propia
9073D48C,u020905_10_00,c000301,4,camiseta
90788397,u045601_10_00,c000101,0,camiseta
90977704,u117407_10_00,c000401,6,camiseta
90AAAE8D,u117402_10_00,c000101,1,camiseta
90ABEB76,u117402_10_00,c000101,1,camiseta
90B639BB,u010101_10_00,,,respaldo_generico
90DDEBE1,u117401_10_00,c000101,0,camiseta
90DF07A2,u041203_10_00,c000201,2,camiseta
90DF88EF,u117403_10_00,c000201,2,camiseta
90FFF32A,u117402_10_00,c000101,1,camiseta
911D6D95,u041201_10_00,c000101,0,camiseta
911DE2D8,u117403_10_00,c000201,2,camiseta
911F81D6,u117405_10_00,c000301,4,camiseta
913D991D,u117407_10_00,c000401,6,camiseta
91551D33,u117401_10_00,c000101,0,camiseta
9155927E,u061505_10_00,c000301,4,camiseta
9168C4BA,u117407_10_00,c000401,6,camiseta
91698141,u117401_10_00,c000101,0,camiseta
9171AA97,u040103_10_00,c000201,2,camiseta
918475E6,u115103_10_00,c000201,2,camiseta
9188D699,u11802020,c000301,4,propia
918D22C9,u117401_10_00,c000101,0,camiseta
919F1269,u115106_10_00,c000401,5,camiseta
91A7C4A1,u117407_10_00,c000401,6,camiseta
91B08C98,u110356_10_00,c000401,5,portero
91B1BEBB,u020906_10_00,c000401,5,camiseta
91BAE9A0,u045603_10_00,c000201,2,camiseta
91C5F607,u080101_20_00,c000101,0,camiseta
91C6FBD7,u117406_10_00,c000401,5,camiseta
91D50702,u117405_10_00,c000301,4,camiseta
91F2164B,u117403_10_00,c000201,2,camiseta
9209F6A7,u117401_10_00,c000101,0,camiseta
920CD04D,u111601_10_00,c000101,0,camiseta
923E3DCE,u040401_10_00,c000101,0,camiseta
923EB283,u031006_10_00,c000401,5,camiseta
92422FB9,u117401_10_00,c000101,0,camiseta
92698C2A,u117406_10_00,c000401,5,camiseta
9276C225,u117405_10_00,c000301,4,camiseta
9281F881,u117401_10_00,c000101,0,camiseta
92841BB7,u061101_10_00,c000101,0,camiseta
928C6A59,u117405_10_00,c000301,4,camiseta
9292EEE0,u021203_10_00,c000201,2,camiseta
929936B6,u117401_10_00,c000101,0,camiseta
9299B9FB,u041007_10_00,c000401,6,camiseta
929B55B8,u117407_10_00,c000401,6,camiseta
92B0F62B,u117402_10_00,c000101,1,camiseta
92CB075E,u115105_10_00,c000301,4,camiseta
92CC6B11,u030601_10_00,c000101,0,camiseta
92D14610,u061406_10_00,c000401,5,camiseta
92D1C95D,u117407_10_00,c000401,6,camiseta
92EC10D4,u117405_10_00,c000301,4,camiseta
92ED552F,u117401_10_00,c000101,0,camiseta
92FBD163,u112302_10_00,c000101,1,camiseta
92FE434E,u050105_10_00,c000301,4,camiseta
930E0126,u030601_10_00,c000101,0,camiseta
930E1364,u021201_10_00,c000101,0,camiseta
9313A36A,u117405_10_00,c000301,4,camiseta
932E7AE3,u117405_10_00,c000301,4,camiseta
932F3F18,u117401_10_00,c000101,0,camiseta
9339BB54,u112302_10_00,c000101,1,camiseta
933C2979,u050155_10_00,c000301,4,portero
934392B6,u117403_10_00,c000201,2,camiseta
93467180,u117402_10_00,c000101,1,camiseta
934E006E,u117401_10_00,c000101,0,camiseta
93593F8F,u117402_10_00,c000101,1,camiseta
935B5C81,u117406_10_00,c000401,5,camiseta
935BD3CC,u041006_10_00,c000401,5,camiseta
93729C1C,u117401_10_00,c000101,0,camiseta
9380458E,u117403_10_00,c000201,2,camiseta
9383DF44,u080101_10_00,c000101,0,camiseta
9384997F,u070505_10_00,c000301,4,camiseta
9389FED6,u021401_10_00,c000101,0,camiseta
938B9DD8,u030805_10_00,c000301,4,camiseta
93A4FBBC,u115105_10_00,c000301,4,camiseta
93ABE61D,u117401_10_00,c000101,0,camiseta
93B4275F,u010701_10_00,c000101,0,camiseta
93B4A812,u117402_10_00,c000101,1,camiseta
93CB9C90,u117406_10_00,c000401,5,camiseta
93CEB5DE,u02029500,c000101,1,propia
93CEBA7A,u111606_10_00,c000401,5,camiseta
93DB4073,u115105_10_00,c000301,4,camiseta
93ED3E24,u010101_10_00,,,respaldo_generico
93F700E2,u021303_10_00,c000201,2,camiseta
93FC57F9,u040407_10_00,c000401,6,camiseta
940C71AC,u117402_10_00,c000101,1,camiseta
941A0BB6,u117407_10_00,c000401,6,camiseta
942697C4,u117401_10_00,c000101,0,camiseta
9427D23F,u117401_10_00,c000101,0,camiseta
94333E5A,u070407_10_00,c000401,6,camiseta
943581A5,u050205_10_00,c000301,4,camiseta
944102FE,u110902_10_00,c000101,1,camiseta
94431E1F,u11010040,c000301,7,propia
94509753,u117402_10_00,c000101,1,camiseta
94527B10,u040705_10_00,c000301,4,camiseta
9452F45D,u117401_10_00,c000101,0,camiseta
9460DC02,u117402_10_00,c000101,1,camiseta
946CE756,u115101_10_00,c000101,0,camiseta
94791D5F,u111402_10_00,c000101,1,camiseta
947FAB07,u080803_10_00,c000201,2,camiseta
94823504,u031106_10_00,c000401,5,camiseta
9489ED52,u117401_10_00,c000101,0,camiseta
948E1C71,u112101_10_00,c000101,0,camiseta
94BD00CE,u117402_10_00,c000101,1,camiseta
94BD8F83,u010901_10_00,c000101,0,camiseta
94BECA4C,u115107_10_00,c000401,6,camiseta
94C2344C,u117401_10_00,c000101,0,camiseta
94D50BAD,u117402_10_00,c000101,1,camiseta
94FEA83E,u117401_10_00,c000101,0,camiseta
95005E7B,u117405_10_00,c000301,4,camiseta
951322B6,u010107_10_00,c000401,6,camiseta
9517619A,u117401_10_00,c000101,0,camiseta
951770A6,u061101_10_00,c000101,0,camiseta
9522C823,u050605_10_00,c000301,4,camiseta
95371A5F,u117403_10_00,c000201,2,camiseta
953CC209,u02024750,c000101,1,propia
954B8765,u117402_10_00,c000101,1,camiseta
955F20C5,u041805_10_00,c000301,4,respaldo_equipo
957CA07B,u115101_10_00,c000101,0,camiseta
957F6AF9,u117402_10_00,c000101,1,camiseta
958368C9,u110907_10_00,c000401,6,camiseta
95901127,u040705_10_00,c000301,4,camiseta
95909E6A,u117407_10_00,c000401,6,camiseta
9592FD64,u117402_10_00,c000101,1,camiseta
9594520B,u010101_10_00,c000101,0,camiseta
959B463C,u020303_10_00,c000201,2,camiseta
95A22E1E,u11807100,c000301,4,propia
95B07BDE,u010201_10_00,c000101,0,camiseta
95B286A1,u032201_10_00,c000101,0,camiseta
95BDC130,u080808_10_00,c000301,7,camiseta
95CE1B9B,u117405_10_00,c000301,4,camiseta
95D86181,u117403_10_00,c000201,2,camiseta
95E4FDF3,u117401_10_00,c000101,0,camiseta
95E5B808,u117405_10_00,c000301,4,camiseta
95F1546D,u070401_10_00,c000101,0,camiseta
95F7EB92,u050202_10_00,c000101,1,camiseta
96072BBD,u11010170,c000101,1,propia
96144A04,u117402_10_00,c000101,1,camiseta
9614C549,u040801_10_00,c000101,0,camiseta
9616290A,u117405_10_00,c000301,4,camiseta
961C3AB7,u010101_10_00,,,respaldo_generico
961F9252,u020702_10_00,c000101,1,camiseta
9633D2C3,u115103_10_00,c000201,2,camiseta
9634AFB0,u010101_10_00,c000101,0,camiseta
964C1261,u020202_10_00,c000101,1,camiseta
964D08B8,u071103_10_00,c000201,2,camiseta
96570E83,u117203_10_00,c000201,2,camiseta
965CB5EF,u117401_10_00,c000101,0,camiseta
9660299D,u117401_10_00,c000101,0,camiseta
96616C66,u117407_10_00,c000401,6,camiseta
9667EFA2,u010101_10_00,,,respaldo_generico
96733FFC,u040103_10_00,c000201,2,camiseta
96848A15,u117405_10_00,c000301,4,camiseta
968E6287,u020905_10_00,c000301,4,camiseta
9697CE90,u051701_10_00,c000101,0,respaldo_equipo
96B3CE31,u032103_10_00,c000201,2,camiseta
96B81667,u020602_10_00,c000101,1,camiseta
96CF530B,u117402_10_00,c000101,1,camiseta
96FBBE97,u117402_10_00,c000101,1,camiseta
9706E16A,u030901_10_00,c000101,0,camiseta
970AC81F,u112101_10_00,c000101,0,camiseta
970D393C,u117402_10_00,c000101,1,camiseta
972395EE,u115103_10_00,c000201,2,camiseta
97395BED,u010801_10_00,c000101,0,camiseta
9739D4A0,u117401_10_00,c000101,0,camiseta
9746E022,u117401_10_00,c000101,0,camiseta
9758743F,u041801_10_00,c000101,0,respaldo_equipo
976C8907,u060301_10_00,c000101,0,camiseta
97712B4B,u042102_10_00,c000101,1,camiseta
9771A406,u032151_10_00,c000101,0,portero
977A7C50,u020602_10_00,c000101,1,camiseta
978F628F,u071103_10_00,c000201,2,camiseta
979EDFD8,u117406_10_00,c000401,5,camiseta
97A243AA,u117402_10_00,c000101,1,camiseta
97A30651,u117401_10_00,c000101,0,camiseta
97B155CB,u05020320,c000301,4,propia
97B4EDED,u010107_10_00,c11500560,6,respaldo_generico
97C5418A,u11010070,c000401,6,propia
97D4433D,u117403_10_00,c000201,2,camiseta
97D62033,u117402_10_00,c000101,1,camiseta
97D6AF7E,u040805_10_00,c000301,4,camiseta
97E49047,u11807200,c000101,1,propia
97E51D84,u11907080,c000301,4,propia
97EC785C,u010101_10_00,c000101,0,camiseta
97FD929C,u070205_10_00,c000301,4,camiseta
980077F3,u115101_10_00,c000101,1,camiseta
9800FCF7,u11010020,c000301,4,propia
980578B2,u117405_10_00,c000301,4,camiseta
98124753,u117405_10_00,c000301,4,camiseta
981A36BD,u117405_10_00,c000301,4,camiseta
981AB9F0,u011201_10_00,c000101,0,camiseta
98250377,u031401_10_00,c000101,0,camiseta
98276079,u117403_10_00,c000201,2,camiseta
982EDB21,u117402_10_00,c000101,1,camiseta
9852461B,u030501_10_00,c000101,0,camiseta
98599E4D,u117401_10_00,c000101,0,camiseta
9875DEDC,u115101_10_00,c000101,1,camiseta
9880E44C,u117406_10_00,c000401,5,camiseta
9894A639,u080406_10_00,c000401,5,camiseta
98ADA341,u080101_10_00,c000101,0,camiseta
98B16475,u070305_10_00,c000301,4,camiseta
98BD3DC5,u117407_10_00,c000401,6,camiseta
98BDB288,u061705_10_00,c000301,4,camiseta
98C20947,u117403_10_00,c000201,2,camiseta
98CFFE66,u11500530,c000301,4,propia
98D929BD,u071001_10_00,c000101,0,camiseta
98DC02B3,u117403_10_00,c000201,2,camiseta
98F7A120,u117407_10_00,c000401,6,camiseta
98FCCC19,u050903_10_00,c000201,2,respaldo_equipo
99006370,u040103_10_00,c000201,2,camiseta
990D9451,u115101_10_00,c000101,1,camiseta
991B438A,u021502_10_00,c000101,1,camiseta
991E6884,u117402_10_00,c000101,1,camiseta
992A8518,u117405_10_00,c000301,4,camiseta
9935CB17,u117403_10_00,c000201,2,camiseta
99372754,u041505_10_00,c000301,4,camiseta
99428E7B,u117406_10_00,c000401,5,camiseta
994AFBEF,u010101_10_00,c000101,0,camiseta
9950DDE1,u051703_10_00,c000201,2,camiseta
997F57F2,u117401_10_00,c000101,0,camiseta
997FD8BF,u061703_10_00,c000201,2,camiseta
99902C2C,u030505_10_00,c000301,4,camiseta
999BF47A,u117402_10_00,c000101,1,camiseta
99C21DC4,u115101_10_00,c000101,0,camiseta
99C71285,u117403_10_00,c000201,2,camiseta
99D02D64,u117405_10_00,c000301,4,camiseta
99D85C8A,u117405_10_00,c000301,4,camiseta
99D8D3C7,u011251_10_00,c000101,0,portero
99E1C62F,u061301_10_00,c000101,0,camiseta
99E50A4E,u117407_10_00,c000401,6,camiseta
99ECB116,u117407_10_00,c000401,6,camiseta
99EF6F76,u11020500,c000301,4,propia
9A095A0E,u117401_10_00,c000101,0,camiseta
9A14F842,u030403_10_00,c000201,2,camiseta
9A1A3D74,u020901_10_00,c000101,0,camiseta
9A1F2014,u117401_10_00,c000101,0,camiseta
9A264836,u11801030,c000401,6,propia
9A2DBF38,u021253_10_00,c000201,2,portero
9A318CC6,u115105_10_00,c000301,4,camiseta
9A3492BB,u060802_10_00,c000101,1,camiseta
9A35C67C,u117401_10_00,c000101,0,camiseta
9A46C9AA,u115103_10_00,c000201,2,camiseta
9A5333A3,u11170500,c000301,4,propia
9A54F90A,u117405_10_00,c000301,4,camiseta
9A59F3F9,u11808060,c000401,5,propia
9A5C07A9,u011151_10_00,c000101,0,portero
9A5C88E4,u117401_10_00,c000101,0,camiseta
9A61DE20,u117402_10_00,c000101,1,camiseta
9A686578,u117401_10_00,c000101,0,camiseta
9A84B71E,u117405_10_00,c000301,4,camiseta
9AA71F5F,u010901_10_00,c000101,0,camiseta
9AB11F79,u117401_10_00,c000101,0,camiseta
9AB8A421,u021501_10_00,c000101,0,camiseta
9AC65A15,u117405_10_00,c000301,4,camiseta
9AD4098F,u051807_10_00,c000401,6,camiseta
9AD523FB,u010201_10_00,c000101,0,camiseta
9AEB8A02,u080906_10_00,c000401,5,camiseta
9AED3C5A,u111502_10_00,c000101,1,camiseta
9AF6487B,u020201_10_00,c000101,0,respaldo_equipo
9AFB0CD1,u06030220,c000101,1,propia
9AFB839C,u117401_10_00,c000101,0,camiseta
9B043022,u117403_10_00,c000201,2,camiseta
9B04579A,u040101_10_00,c000101,0,camiseta
9B21CBEB,u115101_10_00,c000101,1,camiseta
9B28FAEC,u081102_10_00,c000101,1,camiseta
9B29E035,u080901_10_00,c000101,0,camiseta
9B2F566D,u111502_10_00,c000101,1,camiseta
9B39E9AB,u117405_10_00,c000301,4,camiseta
9B3AAC64,u115101_10_00,c000101,0,camiseta
9B3D2020,u117701_10_00,c000101,0,camiseta
9B4517AB,u117201_10_00,c000101,0,camiseta
9B46DD29,u117403_10_00,c000201,2,camiseta
9B657568,u010901_10_00,c000101,0,camiseta
9B73754E,u117407_10_00,c000401,6,camiseta
9B84A39D,u115105_10_00,c000301,4,camiseta
9B881784,u021803_20_00,c000201,2,camiseta
9B96933D,u117401_10_00,c000101,0,camiseta
9B9B99CE,u11808160,c000301,4,propia
9B9E6D9E,u011103_10_00,c000201,2,camiseta
9B9EE2D3,u117402_10_00,c000101,1,camiseta
9BA1D719,u031301_10_00,c000101,0,camiseta
9BA3B417,u117407_10_00,c000401,6,camiseta
9BAA0F4F,u117405_10_00,c000301,4,camiseta
9BCB3039,u117403_10_00,c000201,2,camiseta
9BD69275,u030406_10_00,c000401,5,camiseta
9BDD4A23,u117401_10_00,c000101,0,camiseta
9BE42201,u11801130,c000201,3,propia
9BE8817E,u115101_10_00,c000101,0,camiseta
9BEFD50F,u021201_10_00,c000101,0,camiseta
9BF7AC4B,u117401_10_00,c000101,0,camiseta
9C0D98FE,u117407_10_00,c000401,6,camiseta
9C1FCB64,u051302_10_00,c000101,1,camiseta
9C304177,u117406_10_00,c000401,5,camiseta
9C4282D4,u115101_10_00,c000101,0,camiseta
9C50E439,u117701_10_00,c000101,0,camiseta
9C7ADD92,u117401_10_00,c000101,0,camiseta
9C8A670E,u117405_10_00,c000301,4,camiseta
9C8D0B41,u115101_10_00,c000101,0,camiseta
9C97C542,u011305_10_00,c000301,4,camiseta
9C9ABBD0,u050701_10_00,c000101,0,camiseta
9C9F3BE1,u117405_10_00,c000301,4,camiseta
9CA08166,u117406_10_00,c000401,5,camiseta
9CA1F430,u111207_10_00,c000401,6,camiseta
9CA3A793,u117401_10_00,c000101,0,camiseta
9CA87FC5,u032305_10_00,c000301,4,camiseta
9CAA1CCB,u117401_10_00,c000101,0,camiseta
9CD2D24D,u010205_10_00,c000301,4,camiseta
9CD4E2FF,u117401_10_00,c000101,0,camiseta
9CF2B08E,u115106_10_00,c000401,5,camiseta
9D1688C8,u117402_10_00,c000101,1,camiseta
9D1D509E,u030101_10_00,c000101,0,camiseta
9D30DAB9,u115101_10_00,c000101,0,camiseta
9D480D39,u117403_10_00,c000201,2,camiseta
9D4F6176,u115101_10_00,c000101,1,camiseta
9D552038,u117405_10_00,c000301,4,camiseta
9D55AF75,u011357_10_00,c000401,6,portero
9D5A9B7F,u111705_10_00,c000301,4,camiseta
9D5D51D6,u117405_10_00,c000301,4,camiseta
9D61CDA4,u117401_10_00,c000101,0,camiseta
9D62EB51,u117402_10_00,c000101,1,camiseta
9D6876FC,u117407_10_00,c000401,6,camiseta
9D7A2566,u117402_10_00,c000101,1,camiseta
9D80E8E3,u115101_10_00,c000101,0,camiseta
9D9D4C6C,u115101_10_00,c000101,0,camiseta
9DAD9A51,u112201_10_00,c000101,0,camiseta
9DB10CFD,u021701_10_00,c000101,0,camiseta
9DB8B7A5,u117406_10_00,c000401,5,camiseta
9DBA5BE6,u041401_10_00,c000101,0,camiseta
9DCFF2C9,u117403_10_00,c000201,2,camiseta
9DDDA153,u051301_10_00,c000101,0,camiseta
9DEF6864,u010151_10_00,c000101,0,portero
9DF22B40,u117407_10_00,c000401,6,camiseta
9DF2A40D,u030301_10_00,c000101,0,camiseta
9E043C8D,u115105_10_00,c000301,4,camiseta
9E1C180E,u031201_10_00,c000101,0,camiseta
9E23A289,u011001_10_00,c000101,0,camiseta
9E294E3F,u112201_10_00,c000101,0,camiseta
9E3C63CB,u117407_10_00,c000401,6,camiseta
9E3E8F88,u041301_10_00,c000101,0,camiseta
9E4B26A7,u117406_10_00,c000401,5,camiseta
9E59753D,u051206_10_00,c000401,5,camiseta
9E5C1946,u117401_10_00,c000101,0,camiseta
9E767063,u030501_10_00,c000101,0,camiseta
9E76FF2E,u117406_10_00,c000401,5,camiseta
9E8FE7EC,u115101_10_00,c000101,0,camiseta
9E925CA6,u117401_10_00,c000101,0,camiseta
9E9984F0,u030307_10_00,c000401,6,camiseta
9EB9FF35,u117402_10_00,c000101,1,camiseta
9ECBB518,u115101_10_00,c000101,1,camiseta
9ED17B1B,u01002610,c000401,6,propia
9ED1F456,u117401_10_00,c000101,0,camiseta
9ED23ED4,u115105_10_00,c000301,4,camiseta
9ED985B8,u117405_10_00,c000301,4,camiseta
9EE519CA,u117401_10_00,c000101,0,camiseta
9EE63F3F,u117405_10_00,c000301,4,camiseta
9EE6C7AA,u110208_10_00,c000301,7,camiseta
9EECA292,u117403_10_00,c000201,2,camiseta
9EFEF108,u05026710,c000301,4,propia
9F09DF2F,u115104_10_00,c000201,3,respaldo_equipo
9F13112C,u011406_10_00,c000401,5,camiseta
9F139E61,u117401_10_00,c000101,0,camiseta
9F1A0464,u080301_10_00,c000101,0,camiseta
9F1BEF8F,u117405_10_00,c000301,4,camiseta
9F1DA8E5,u110706_10_00,c000401,5,camiseta
9F2773FD,u117401_10_00,c000101,0,camiseta
9F2CABAB,u031903_10_00,c000201,2,camiseta
9F2EC8A5,u117403_10_00,c000201,2,camiseta
9F3C9B3F,u117405_10_00,c000301,4,camiseta
9F503691,u117401_10_00,c000101,0,camiseta
9F5BEEC7,u030301_10_00,c000101,0,camiseta
9F617D0E,u021201_10_00,c000101,0,camiseta
9F6E8E98,u010103_10_00,c000201,2,camiseta
9F7B9502,u117402_10_00,c000101,1,camiseta
9F894C90,u117403_10_00,c000201,2,camiseta
9F9B1F0A,u051204_10_00,c000201,3,camiseta
9F9E7371,u117406_10_00,c000401,5,camiseta
9FA1DBB4,u02029500,c000101,1,propia
9FB49519,u117405_10_00,c000301,4,camiseta
9FC279F9,u115107_10_00,c000401,6,camiseta
9FC656BA,u11500130,c000301,7,propia
9FCEDA86,u11804010,c000301,4,propia
9FFE09FC,u117401_10_00,c000101,0,camiseta
A0085F4C,u040401_10_00,c000101,0,camiseta
A008D001,u031007_10_00,c000401,6,camiseta
A00AB30F,u117403_10_00,c000201,2,camiseta
A02F48C6,u115105_10_00,c000301,4,camiseta
A03AB2CF,u111605_10_00,c000301,4,camiseta
A03BEDB6,u117405_10_00,c000301,4,camiseta
A03F9425,u117401_10_00,c000101,0,camiseta
A0402FEA,u010701_10_00,c000101,0,camiseta
A040A0A7,u117405_10_00,c000301,4,camiseta
A050F309,u115105_10_00,c000301,4,camiseta
A0A48C62,u021207_10_00,c000401,6,camiseta
A0AF5434,u117405_10_00,c000301,4,camiseta
A0AFDB79,u041001_10_00,c000101,0,camiseta
A0B27935,u117406_10_00,c000401,5,camiseta
A0B79A03,u117401_10_00,c000101,0,camiseta
A0CDB3E1,u112305_10_00,c000301,4,camiseta
A0DA7256,u117403_10_00,c000201,2,camiseta
A0DB37AD,u117402_10_00,c000101,1,camiseta
A0E72492,u061407_10_00,c000401,6,camiseta
A0E7ABDF,u117401_10_00,c000101,0,camiseta
A0FA0993,u030603_10_00,c000201,2,camiseta
A0FD65DC,u115105_10_00,c000301,4,camiseta
A10A4BFB,u050101_10_00,c000101,0,camiseta
A111A339,u020102_10_00,c000101,1,camiseta
A1181861,u117403_10_00,c000201,2,camiseta
A1195D9A,u117401_10_00,c000101,0,camiseta
A11AF422,u041701_10_00,c000101,0,camiseta
A1254EA5,u061401_10_00,c000101,0,camiseta
A125C1E8,u117401_10_00,c000101,0,camiseta
A13863A4,u030603_10_00,c000201,2,camiseta
A16D3E03,u117405_10_00,c000301,4,camiseta
A16DB14E,u041005_10_00,c000301,4,camiseta
A1701302,u117401_10_00,c000101,0,camiseta
A175F034,u117401_10_00,c000101,0,camiseta
A18245DD,u010701_10_00,c000101,0,camiseta
A182CA90,u117405_10_00,c000301,4,camiseta
A192993E,u115106_10_00,c000401,5,camiseta
A1A69573,u010105_10_00,c000301,4,respaldo_generico
A1B2FBFD,u070506_10_00,c000401,5,camiseta
A1C16260,u021303_10_00,c000201,2,camiseta
A1C1DD80,u111301_10_00,c000101,0,camiseta
A1C8D938,u117401_10_00,c000101,0,camiseta
A1CA357B,u040405_10_00,c000301,4,camiseta
A1ED22F1,u115101_10_00,c000101,0,camiseta
A1FDFE12,u117401_10_00,c000101,0,camiseta
A2061EFE,u117405_10_00,c000301,4,camiseta
A20691B3,u010603_10_00,c000201,2,camiseta
A20EA728,u071601_10_00,c000101,0,camiseta
A21BBCB2,u040301_10_00,c000101,0,camiseta
A245B60E,u020901_10_00,c000101,0,camiseta
A24C0D56,u045301_10_00,c000101,0,camiseta
A24EE115,u045603_10_00,c000201,2,camiseta
A253CC14,u117406_10_00,c000401,5,camiseta
A25A9005,u117403_10_00,c11500260,2,respaldo_equipo
A26C7693,u117406_10_00,c000401,5,camiseta
A2707D53,u115101_10_00,c000101,1,camiseta
A2792A7C,u117401_10_00,c000101,0,camiseta
A27A2DD4,u080205_10_00,c000301,4,camiseta
A27D8155,u110602_10_00,c000101,1,camiseta
A28E9F95,u050102_10_00,c000101,1,camiseta
A2957757,u020201_10_00,c000101,0,camiseta
A29CCC0F,u117401_10_00,c000101,0,camiseta
A29D89F4,u117403_10_00,c000201,2,camiseta
A29E204C,u041801_10_00,c000101,0,camiseta
A2A11586,u117401_10_00,c000101,0,camiseta
A2A19ACB,u061502_10_00,c000101,1,camiseta
A2A25049,u115101_10_00,c000101,0,camiseta
A2C991A8,u117407_10_00,c000401,6,camiseta
A2E96520,u041201_10_00,c000101,0,camiseta
A2E9EA6D,u117405_10_00,c000301,4,camiseta
A30BFB9F,u117401_10_00,c000101,0,camiseta
A32B0F17,u041205_10_00,c000301,4,camiseta
A32B805A,u117402_10_00,c000101,1,camiseta
A34BE7DE,u117403_10_00,c11500260,2,respaldo_equipo
A35EA638,u117401_10_00,c000101,0,camiseta
A35FE3C3,u117407_10_00,c000401,6,camiseta
A3637FB1,u117401_10_00,c000101,0,camiseta
A363F0FC,u061502_10_00,c000101,1,camiseta
A37B74BE,u040701_10_00,c000101,0,respaldo_equipo
A386EE1A,u110305_10_00,c000301,4,camiseta
A38C8B22,u045601_10_00,c000101,0,camiseta
A38E6761,u042201_20_00,c000101,0,camiseta
A391A623,u117406_10_00,c000401,5,camiseta
A3AE1CA4,u117401_10_00,c000101,0,camiseta
A3B21764,u115108_10_00,c000301,7,camiseta
A3B847E3,u080206_10_00,c000401,5,camiseta
A3BB404B,u117401_10_00,c000101,0,camiseta
A3BF39D8,u021003_10_00,c000201,2,camiseta
A3C474C9,u117402_10_00,c000101,1,camiseta
A3C4FB84,u010605_10_00,c000301,4,camiseta
A3D9D685,u040305_10_00,c000301,4,camiseta
A405B041,u115105_10_00,c000301,4,camiseta
A41870E9,u010101_10_00,c000101,0,camiseta
A4222886,u117401_10_00,c000101,0,camiseta
A42234DF,u011103_10_00,c000201,2,respaldo_equipo
A422A7CB,u040801_10_00,c000101,0,camiseta
A429F0D0,u020706_10_00,c000401,5,camiseta
A431493F,u115101_10_00,c000101,1,camiseta
A445897D,u010101_10_00,,,respaldo_generico
A4556DEA,u031602_10_00,c000101,1,camiseta
A4564B1F,u117403_10_00,c000201,2,camiseta
A4570EE4,u117401_10_00,c000101,0,camiseta
A46AD76D,u117405_10_00,c000301,4,camiseta
A47B6A3A,u071107_10_00,c000401,6,camiseta
A485ACB3,u032101_10_00,c000101,0,camiseta
A48F46C6,u11030500,c000301,4,propia
A49881B2,u060305_10_00,c000301,4,camiseta
A4A1945A,u010255_10_00,c000301,4,portero
A4A73B35,u040601_10_00,c000101,0,camiseta
A4AC6C2E,u021502_10_00,c000101,1,camiseta
A4B2E897,u117406_10_00,c000401,5,camiseta
A4CC9D94,u021201_10_00,c000101,0,camiseta
A4CD5358,u010801_10_00,c000101,0,camiseta
A4CDDC15,u117401_10_00,c000101,0,camiseta
A50F396F,u010857_10_00,c000401,6,portero
A50FB622,u117405_10_00,c000301,4,camiseta
A515F76C,u115103_10_00,c000201,2,camiseta
A53CAA9D,u112101_10_00,c000101,0,camiseta
A54749C9,u042105_10_00,c000301,4,camiseta
A54C1ED2,u020602_10_00,c000101,1,respaldo_equipo
A559B616,u051601_10_00,c000101,0,respaldo_equipo
A57082A0,u117407_10_00,c000401,6,camiseta
A575506F,u041805_10_00,c000301,4,respaldo_equipo
A5873749,u040105_10_00,c000301,4,camiseta
A5942128,u117402_10_00,c000101,1,camiseta
A59564D3,u117407_10_00,c000401,6,camiseta
A5978890,u042007_10_00,c000401,6,camiseta
A59CDF8B,u020505_10_00,c000301,4,camiseta
A5A8BD5A,u117406_10_00,c000401,5,camiseta
A5AAAB6B,u020201_10_00,c000101,0,camiseta
A5B9000D,u071101_10_00,c000101,0,camiseta
A5C0A705,u010101_10_00,c000101,0,camiseta
A5C4F515,u061101_10_00,c000101,0,camiseta
A5D14DC5,u070205_10_00,c000301,4,camiseta
A5D2F2C5,u11807220,c000401,5,propia
A5E042B1,u117403_10_00,c000201,2,camiseta
A5E0CDFC,u040803_10_00,c000201,2,camiseta
A5F32308,u11010050,c000101,0,propia
A5F48F89,u080501_10_00,c000101,0,camiseta
A603E327,u050201_10_00,c000101,0,camiseta
A6055CD8,u070405_10_00,c000301,4,camiseta
A610F546,u117401_10_00,c000101,0,camiseta
A611B0BD,u117405_10_00,c000301,4,camiseta
A6135CFE,u041901_10_00,c000101,0,camiseta
A6180BE5,u020401_10_00,c000101,0,camiseta
A62C6934,u117406_10_00,c000401,5,camiseta
A63A132E,u117407_10_00,c000401,6,camiseta
A63C59A0,u070107_10_00,c000401,6,camiseta
A641E25B,u115103_10_00,c000201,2,camiseta
A648D35C,u081005_10_00,c000301,4,camiseta
A649C985,u080801_10_00,c000101,0,camiseta
A64F7FDD,u111402_10_00,c000101,1,camiseta
A65626AB,u11807020_10,c000401,6,propia
A656BE80,u117402_10_00,c000101,1,camiseta
A65A85D4,u115101_10_00,c000101,0,camiseta
A6641992,u040701_10_00,c000101,0,camiseta
A66496DF,u117405_10_00,c000301,4,camiseta
A6757C9D,u11010060,c000101,1,propia
A688A8CE,u115101_10_00,c000101,0,camiseta
A68B624C,u117403_10_00,c000201,2,camiseta
A68BED01,u010951_10_00,c000101,0,portero
A6A761B2,u117407_10_00,c000401,6,respaldo_equipo
A6B87EF3,u112101_10_00,c000101,0,camiseta
A6C8CABC,u117403_10_00,c000201,2,camiseta
A6E3692F,u117403_10_00,c000201,2,camiseta
A6F456CE,u117405_10_00,c000301,4,camiseta
A70178DD,u117401_10_00,c000101,0,camiseta
A70E177A,u050605_10_00,c000301,4,camiseta
A7210318,u117405_10_00,c000301,4,camiseta
A7254034,u010151_10_00,c000101,0,portero
A7331A13,u11160500,c000301,4,propia
A7363CF9,u117405_10_00,c000301,4,camiseta
A73BAFFF,u061101_10_00,c000101,0,camiseta
A749087B,u117401_10_00,c000101,0,camiseta
A7498736,u010901_10_00,c000101,0,camiseta
A751A576,u115104_10_00,c000201,3,camiseta
A75CA235,u080305_10_00,c000301,4,camiseta
A78BA3B2,u080801_10_00,c000101,0,camiseta
A78D15EA,u111402_10_00,c000101,1,camiseta
A7944C9C,u11807120,c000101,1,propia
A79CA487,u010201_10_00,c000101,0,camiseta
A7A673A5,u040703_10_00,c000201,2,camiseta
A7A6FCE8,u117405_10_00,c000301,4,camiseta
A7AD24BE,u020301_10_00,c000101,0,camiseta
A7B50A4B,u110901_10_00,c000101,0,camiseta
A7C736EF,u070406_10_00,c000401,5,camiseta
A7D1B984,u031503_10_00,c000201,2,camiseta
A7D29F71,u117403_10_00,c000201,2,camiseta
A7D3DA8A,u117401_10_00,c000101,0,camiseta
A7EE0303,u117407_10_00,c000401,6,camiseta
A7F87919,u117402_10_00,c000101,1,camiseta
A803A4FE,u117401_10_00,c000101,0,camiseta
A80CD6E1,u081202_10_00,c000101,1,camiseta
A8102AB4,u11801010,c000301,4,propia
A8155A8E,u112506_10_00,c000401,5,camiseta
A8184DE2,u060802_10_00,c000101,1,camiseta
A81BDDBA,u021201_10_00,c000101,1,camiseta
A81C89CB,u115103_10_00,c000201,2,camiseta
A8229AC0,u030405_10_00,c000301,4,camiseta
A8294296,u117407_10_00,c000401,6,camiseta
A83F388C,u117405_10_00,c000301,4,camiseta
A857BCA2,u117401_10_00,c000101,0,camiseta
A8635544,u02029500,c000101,1,propia
A86A652B,u011103_10_00,c000201,2,camiseta
A86AEA66,u117404_10_00,c000201,3,camiseta
A86F917B,u11808040,c000201,2,propia
A8704325,u050605_10_00,c000301,4,camiseta
A870AB28,u115105_10_00,c000301,4,camiseta
A8917DDD,u070501_10_00,c000101,0,camiseta
A8B2D59C,u117405_10_00,c000301,4,camiseta
A8CDE11E,u117401_10_00,c000101,0,camiseta
A8DDE880,u080101_20_00,c000101,0,camiseta
A8E26B0D,u051856_10_00,c000401,5,portero
A8E34179,u010201_10_00,c000101,0,camiseta
A8F03897,u117401_10_00,c000101,0,camiseta
A8F25B99,u117401_10_00,c000101,0,camiseta
A90F8B29,u117407_10_00,c000401,6,camiseta
A914D684,u050906_10_00,c000401,5,respaldo_equipo
A91934EF,u111505_10_00,c000301,4,camiseta
A91F82B7,u080906_10_00,c000401,5,camiseta
A920013A,u051802_10_00,c000101,1,camiseta
A9212B4E,u010205_10_00,c000301,4,camiseta
A928FF99,u052002_10_00,c000101,1,camiseta
A93031AE,u117402_10_00,c000101,1,camiseta
A930BEE3,u040901_10_00,c000101,0,camiseta
A93252A0,u117405_10_00,c000301,4,camiseta
A95317EA,u010901_10_00,c000101,0,camiseta
A9544B42,u117402_10_00,c000101,1,respaldo_equipo
A9737529,u117205_10_00,c000301,4,camiseta
A995D695,u117403_10_00,c000201,2,camiseta
A9A80F1C,u011103_10_00,c000201,2,camiseta
A9A88051,u117402_10_00,c000101,1,camiseta
A9AD6367,u117401_10_00,c000101,0,camiseta
A9ADFB4C,u11808140,c000301,4,propia
A9B2C11F,u115101_10_00,c000101,0,camiseta
A9BBA787,u117401_10_00,c000101,0,camiseta
A9BE7506,u021806_20_00,c000401,5,camiseta
A9C1CEC9,u117402_10_00,c000101,1,camiseta
A9C5C501,u020201_10_00,c000101,0,camiseta
A9D24083,u11801110,c000201,2,propia
A9D2D8A8,u050101_10_00,c000101,0,camiseta
A9E0F0F7,u030401_10_00,c000101,0,camiseta
A9EB28A1,u117401_10_00,c000101,0,camiseta
A9FB7299,u031001_10_00,c000101,0,camiseta
A9FD52BB,u117407_10_00,c000401,6,camiseta
AA1102FB,u117401_10_00,c000101,0,camiseta
AA2C543F,u117401_10_00,c000101,0,camiseta
AA2CDB72,u011207_10_00,c000401,6,camiseta
AA361571,u115101_10_00,c000101,1,camiseta
AA43BC5E,u115103_10_00,c000201,2,camiseta
AA642499,u030501_10_00,c000101,0,camiseta
AA664797,u117402_10_00,c000101,1,camiseta
AA6FFCCF,u117401_10_00,c000101,0,camiseta
AA8B5F47,u117403_10_00,c000201,2,camiseta
AA9BC1C3,u080101_10_00,c000101,0,camiseta
AA9DBB2C,u070305_10_00,c000301,4,camiseta
AAA4D554,u051705_10_00,c000301,4,camiseta
AAAC2BF7,u040101_10_00,c000101,0,camiseta
AAB46A8D,u040101_10_00,c000101,0,camiseta
AAB4E5C0,u117405_10_00,c000301,4,camiseta
AAB686CE,u117402_10_00,c000101,1,camiseta
AAC32FE1,u041501_10_00,c000101,0,camiseta
AAEF4B3F,u071001_10_00,c000101,0,camiseta
AAF46BC5,u117403_10_00,c000201,2,camiseta
AAF99CE4,u11500510,c000101,1,propia
AAFC1156,u010101_10_00,,,respaldo_generico
AB0145D6,u041506_10_00,c000401,5,camiseta
AB0A12CD,u021405_10_00,c000301,4,camiseta
AB2C3BD1,u011001_10_00,c000101,0,camiseta
AB2D2108,u071001_10_00,c000101,0,camiseta
AB3601F2,u06039050,c000301,4,propia
AB3BF6D3,u115103_10_00,c000201,2,respaldo_equipo
AB493570,u117405_10_00,c000301,4,camiseta
AB593CEE,u080901_10_00,c000101,0,camiseta
AB66BF63,u051755_10_00,c000301,4,portero
AB74ECF9,u117407_10_00,c000401,6,camiseta
AB768FF7,u117402_10_00,c000101,1,camiseta
AB7C996D,u010101_10_00,c000101,0,camiseta
AB957319,u117403_10_00,c000201,2,camiseta
ABA42DA0,u117401_10_00,c000101,0,camiseta
ABA64EAE,u030505_10_00,c000301,4,camiseta
ABAD96F8,u117407_10_00,c000401,6,camiseta
ABD368CC,u117401_10_00,c000101,0,camiseta
ABEE3E08,u117405_10_00,c000301,4,camiseta
ABEEB145,u011201_10_00,c000101,0,camiseta
ABF47F46,u117207_10_00,c000401,6,camiseta
AC08ED0A,u041301_10_00,c000101,0,camiseta
AC15C00B,u011051_10_00,c000101,0,portero
AC1F2CBD,u112202_10_00,c000101,1,camiseta
AC325E0F,u11500010,c000101,1,propia
AC36714C,u115101_10_00,c000101,0,camiseta
AC3FA92E,u117401_10_00,c000101,0,camiseta
AC409DAC,u117401_10_00,c000101,0,camiseta
AC654EC9,u010105_10_00,c000301,4,respaldo_generico
AC6A7BC4,u117407_10_00,c000401,6,camiseta
AC6F17BF,u051255_10_00,c000301,4,portero
AC7D4425,u117407_10_00,c000401,6,camiseta
AC7F272B,u117403_10_00,c000201,2,camiseta
AC8F9DB7,u117401_10_00,c000101,0,camiseta
ACA43E24,u117402_10_00,c000101,1,camiseta
ACAFE672,u030303_10_00,c000201,2,camiseta
ACB9856E,u115104_10_00,c000201,3,camiseta
ACC8938A,u040102_10_00,c000101,1,camiseta
ACD05DBD,u117403_10_00,c000201,2,camiseta
ACD0A528,u110201_10_00,c000101,0,camiseta
ACDAC010,u117405_10_00,c000301,4,camiseta
ACE45C56,u115105_10_00,c000301,4,camiseta
ACE71999,u011403_10_00,c000201,2,camiseta
ACE796D4,u117403_10_00,c000201,2,camiseta
ACFDD79A,u115107_10_00,c000401,6,camiseta
ACFF3BD9,u115105_10_00,c000301,4,camiseta
AD0AF9BD,u117402_10_00,c000101,1,camiseta
AD12CF1F,u11020020,c000101,0,propia
AD18AA27,u117402_10_00,c000101,1,camiseta
AD2573AE,u011405_10_00,c000301,4,camiseta
AD25FCE3,u117403_10_00,c000201,2,camiseta
AD263661,u115104_10_00,c000201,3,camiseta
AD29F49E,u030401_10_00,c000101,0,camiseta
AD2C66E6,u080301_10_00,c000101,0,camiseta
AD3FBDAD,u115106_10_00,c000401,5,respaldo_equipo
AD4DF780,u117401_10_00,c000101,0,camiseta
AD58EC1A,u010101_10_00,c000101,0,camiseta
AD665413,u117402_10_00,c000101,1,camiseta
AD6D8C45,u030301_10_00,c000101,0,camiseta
AD8278D6,u030505_10_00,c000301,4,camiseta
AD82F79B,u117405_10_00,c000301,4,camiseta
ADA5832B,u050701_10_00,c000101,0,camiseta
ADA811F3,u117403_10_00,c000201,2,camiseta
ADAD7D88,u051201_10_00,c000101,0,camiseta
ADBADD14,u051301_10_00,c000101,0,respaldo_equipo
ADBD4D1C,u117402_10_00,c000101,1,camiseta
ADBDC251,u040201_10_00,c000101,0,camiseta
ADBF2E12,u117407_10_00,c000401,6,camiseta
ADCA873D,u041305_10_00,c000301,4,camiseta
ADD7AA3C,u011003_10_00,c000201,2,respaldo_equipo
ADDD468A,u112205_10_00,c000301,4,camiseta
ADEF7CF4,u115107_10_00,c000401,6,camiseta
ADF03438,u11500110,c000301,4,propia
ADF8B804,u11804030,c000301,4,propia
AE0623F5,u117403_10_00,c000201,2,camiseta
AE06ACB8,u030301_10_00,c000101,0,camiseta
AE29A9E6,u051301_10_00,c000101,0,camiseta
AE39163F,u040501_10_00,c000101,0,camiseta
AE399972,u117405_10_00,c000301,4,camiseta
AE3BFA7C,u117403_10_00,c000201,2,camiseta
AE4E5353,u041401_10_00,c000101,0,camiseta
AE5992E4,u112205_10_00,c000301,4,camiseta
AE74E056,u115101_10_00,c000101,1,camiseta
AE96E3E4,u117401_10_00,c000101,0,camiseta
AE9C7E49,u117405_10_00,c000301,4,camiseta
AEA1288D,u117401_10_00,c000101,0,camiseta
AEA1A7C0,u011301_10_00,c000101,0,camiseta
AEAE93CA,u111702_10_00,c000101,1,camiseta
AEBB69C3,u115105_10_00,c000301,4,camiseta
AEBC058C,u117406_10_00,c000401,5,camiseta
AEC4D20C,u115107_10_00,c000401,6,camiseta
AED6639E,u117401_10_00,c000101,0,camiseta
AEDD5F0D,u11010070,c000401,6,propia
AEE2807D,u117401_10_00,c000101,0,camiseta
AEE4B0CF,u010205_10_00,c000301,4,camiseta
AEE79D1D,u11200500,c000301,7,propia
AF02F281,u020805_10_00,c000301,4,camiseta
AF06B83B,u115101_10_00,c000101,1,camiseta
AF0720CB,u115103_10_00,c11500260,2,respaldo_equipo
AF09A59A,u041105_10_00,c000301,4,camiseta
AF1AF255,u050101_10_00,c000101,0,respaldo_equipo
AF20EA4A,u117401_10_00,c000101,0,camiseta
AF2B321C,u030101_10_00,c000101,0,camiseta
AF4C47E4,u05026530,c000101,1,propia
AF5489D3,u117405_10_00,c000301,4,camiseta
AF5E147E,u117407_10_00,c000401,6,camiseta
AF6342BA,u117401_10_00,c000101,0,camiseta
AF63CDF7,u011302_10_00,c000101,1,camiseta
AF6CF9FD,u111702_10_00,c000101,1,camiseta
AF7903F4,u115101_10_00,c000101,0,camiseta
AF7E6FBB,u117401_10_00,c000101,0,camiseta
AF876E7F,u021707_10_00,c000401,6,camiseta
AF8C3964,u041403_10_00,c000201,2,camiseta
AF9BF8D3,u112202_10_00,c000101,1,camiseta
AFAB2EEE,u115101_10_00,c000101,0,camiseta
AFC449C2,u117401_10_00,c000101,0,camiseta
AFEBC3D1,u051355_10_00,c000301,4,portero
AFF9904B,u117405_10_00,c000301,4,camiseta
AFFBF345,u117401_10_00,c000101,0,camiseta
B00205AE,u111503_10_00,c000201,2,camiseta
B004B3F6,u080905_10_00,c000301,4,camiseta
B0069AEE,u050102_10_00,c000101,1,camiseta
B014BA68,u117407_10_00,c000401,6,camiseta
B017FFA7,u115103_10_00,c000201,2,camiseta
B02963E1,u117407_10_00,c000401,6,camiseta
B02972DD,u061301_10_00,c000101,0,camiseta
B02B00EF,u117401_10_00,c000101,0,camiseta
B02B8FA2,u040904_10_00,c000201,3,camiseta
B033CED8,u052002_10_00,c000101,1,camiseta
B03A1A0F,u010206_10_00,c000401,5,camiseta
B03B307B,u051801_10_00,c000101,0,camiseta
B04826AB,u010901_10_00,c000101,0,camiseta
B0684468,u117208_10_00,c000301,7,camiseta
B06B8EEA,u051301_10_00,c000101,0,camiseta
B08EE7D4,u117401_10_00,c000101,0,camiseta
B0A096C6,u117401_10_00,c000101,0,camiseta
B0A54447,u021801_20_00,c000101,0,camiseta
B0A9F05E,u115101_10_00,c000101,0,camiseta
B0B33E5D,u011103_10_00,c000201,2,camiseta
B0B3B110,u117401_10_00,c000101,0,camiseta
B0B65226,u117405_10_00,c000301,4,camiseta
B0B6CA0D,u11808150,c000201,2,propia
B0C971C2,u11801100,c000301,4,propia
B0DAFF88,u117402_10_00,c000101,1,camiseta
B0DD6F1B,u040102_10_00,c000101,1,camiseta
B0E663FA,u117407_10_00,c000401,6,camiseta
B0F019E0,u117401_10_00,c000101,0,camiseta
B100ECFB,u021205_10_00,c000301,4,camiseta
B107B88A,u115103_10_00,c000201,2,camiseta
B10E6BCF,u112502_10_00,c000101,1,camiseta
B11895BF,u117405_10_00,c000301,4,camiseta
B12409CD,u117406_10_00,c000401,5,camiseta
B13273D7,u117402_10_00,c000101,1,camiseta
B1376EB7,u020901_10_00,c000101,0,camiseta
B139AB81,u030401_10_00,c000101,0,camiseta
B14C8DE3,u117406_10_00,c000401,5,camiseta
B16B9A69,u115103_10_00,c000201,2,camiseta
B171546A,u011103_10_00,c000201,2,camiseta
B171DB27,u117405_10_00,c000301,4,camiseta
B174A03A,u11808050,c000101,1,propia
B18A4C9C,u010901_10_00,c000101,0,camiseta
B195F7E2,u021502_10_00,c000101,1,camiseta
B1A9E4DD,u117403_10_00,c000201,2,camiseta
B1C06F99,u111501_10_00,c000101,0,camiseta
B1D65F12,u06030210,c000101,1,propia
B1D6D05F,u117407_10_00,c000401,6,camiseta
B1E96AD8,u117403_10_00,c000201,2,camiseta
B1E9E595,u04000380,c000101,1,propia
B1EB09D6,u117401_10_00,c000101,0,camiseta
B1F87038,u010205_10_00,c000301,4,camiseta
B20E442C,u010906_10_00,c000401,5,respaldo_equipo
B21A7497,u041507_10_00,c000401,6,camiseta
B21F1932,u031001_10_00,c000101,0,camiseta
B220C792,u115104_10_00,c000201,3,camiseta
B22C1672,u115101_10_00,c000101,1,camiseta
B22D30B3,u117405_10_00,c000301,4,camiseta
B2361049,u021403_10_00,c000201,2,camiseta
B2370A90,u011003_10_00,c000201,2,camiseta
B2420DAF,u081501_10_00,c000101,0,camiseta
B248CA32,u115105_10_00,c000301,4,camiseta
B2520431,u117406_10_00,c000401,5,camiseta
B2528B7C,u061705_10_00,c000301,4,camiseta
B261D5AE,u010102_10_00,c000101,1,respaldo_generico
B26DBEB6,u117402_10_00,c000101,1,camiseta
B26FDDB8,u117406_10_00,c000401,5,camiseta
B28E4258,u11901080,c000401,6,propia
B2B55BF9,u050701_10_00,c000101,0,respaldo_equipo
B2B6A7B9,u117403_10_00,c000201,2,camiseta
B2BF1CE1,u117403_10_00,c000201,2,camiseta
B2C8598D,u117402_10_00,c000101,1,camiseta
B2EC7433,u070105_10_00,c000301,4,camiseta
B2EF4E07,u115101_10_00,c000101,1,camiseta
B2F50F49,u117402_10_00,c000101,1,camiseta
B2F58004,u011201_10_00,c000101,0,camiseta
B30A33BA,u117402_10_00,c000101,1,camiseta
B32DAF34,u11010010,c000101,0,propia
B337657E,u117405_10_00,c000301,4,camiseta
B337EA33,u011251_10_00,c000101,0,portero
B3588D1F,u115104_10_00,c000201,3,camiseta
B374CD8E,u117402_10_00,c000101,1,camiseta
B37D76D6,u117401_10_00,c000101,0,camiseta
B380F082,u080101_10_00,c000101,0,camiseta
B3906E06,u117405_10_00,c000301,4,camiseta
B390E14B,u061701_10_00,c000101,0,camiseta
B3A5C21B,u010107_10_00,c000401,6,camiseta
B3ADB78F,u117405_10_00,c000301,4,camiseta
B3AF5BCC,u040101_10_00,c000101,0,camiseta
B3AFD481,u117403_10_00,c000201,2,camiseta
B3B71AB6,u050201_10_00,c000101,0,camiseta
B3BFE415,u051701_10_00,c000101,0,camiseta
B3D81EA0,u041501_10_00,c000101,0,camiseta
B3E2ADA5,u11500500,c000301,4,propia
B3E5FA36,u117403_10_00,c11500260,2,respaldo_equipo
B3E8BD4A,u081202_10_00,c000101,1,camiseta
B3EF5A84,u117403_10_00,c000201,2,camiseta
B3F47A7E,u071001_10_00,c000101,0,camiseta
B3FC2649,u060802_10_00,c000101,1,camiseta
B40060FD,u040101_10_00,c000101,0,respaldo_equipo
B4039B66,u117407_10_00,c000401,6,camiseta
B409FE5E,u110205_10_00,c000301,4,camiseta
B411C8FC,u041705_10_00,c000301,4,camiseta
B4248CEC,u115101_10_00,c000101,0,respaldo_equipo
B432C5DF,u117407_10_00,c000401,6,camiseta
B43757A7,u080301_10_00,c000101,0,camiseta
B43D0720,u115104_10_00,c000201,3,camiseta
B43E42EF,u011405_10_00,c000301,4,camiseta
B43ECDA2,u117401_10_00,c000101,0,camiseta
B443DD5B,u010105_10_00,c000301,4,camiseta
B456C6C1,u117402_10_00,c000101,1,camiseta
B47D6552,u117401_10_00,c000101,0,camiseta
B4994997,u030505_10_00,c000301,4,camiseta
B499C6DA,u117405_10_00,c000301,4,camiseta
B4A41F53,u117405_10_00,c000301,4,camiseta
B4A67C5D,u117405_10_00,c000301,4,camiseta
B4A6F310,u040201_10_00,c000101,0,camiseta
B4AACBDE,u051201_10_00,c000101,0,respaldo_equipo
B4B320B2,u117401_10_00,c000101,0,camiseta
B4B64CC9,u051201_10_00,c000101,0,camiseta
B4BEB26A,u050701_10_00,c000101,0,camiseta
B4C677CB,u112201_10_00,c000101,0,camiseta
B4CC9B7D,u011001_10_00,c000101,0,camiseta
B4D1B67C,u041301_10_00,c000101,0,camiseta
B4E38945,u11804020,c000101,1,propia
B4EB0579,u115106_10_00,c000401,5,respaldo_equipo
B4EF2A3A,u115104_10_00,c000201,3,camiseta
B4F44DB5,u115107_10_00,c000401,6,camiseta
B4FBE2EE,u050701_10_00,c000101,0,respaldo_equipo
B5041DFC,u112206_10_00,c000401,5,camiseta
B50EF14A,u011001_10_00,c000101,0,camiseta
B513DC4B,u041306_10_00,c000401,5,camiseta
B524986F,u117401_10_00,c000101,0,camiseta
B52A147C,u020602_10_00,c000101,1,respaldo_equipo
B55B23A0,u030505_10_00,c000301,4,camiseta
B55BACED,u117403_10_00,c000201,2,camiseta
B564166A,u117405_10_00,c000301,4,camiseta
B5667564,u117405_10_00,c000301,4,camiseta
B5714A85,u117401_10_00,c000101,0,camiseta
B594ACF6,u117405_10_00,c000301,4,camiseta
B5B4D733,u030305_10_00,c000301,4,camiseta
B5BF0F65,u117401_10_00,c000101,0,camiseta
B5C1F151,u117401_10_00,c000101,0,camiseta
B5C20ACA,u040101_10_00,c000101,0,respaldo_equipo
B5CB6CFC,u117405_10_00,c000301,4,camiseta
B5CB9469,u110201_10_00,c000101,0,camiseta
B5D3A2CB,u040102_10_00,c000101,1,camiseta
B5E40A98,u115103_10_00,c000201,2,camiseta
B5E6E6DB,u115101_10_00,c000101,0,camiseta
B5FC28D8,u011405_10_00,c000301,4,camiseta
B5FCA795,u117401_10_00,c000101,0,camiseta
B61294DB,u041105_10_00,c000301,4,camiseta
B619C3C0,u020807_10_00,c000401,6,camiseta
B61D897A,u115105_10_00,c000301,4,camiseta
B630035D,u030205_10_00,c000301,4,camiseta
B63BDB0B,u117405_10_00,c000301,4,camiseta
B645253F,u117403_10_00,c000201,2,camiseta
B64FB892,u117401_10_00,c000101,0,camiseta
B65776A5,u117402_10_00,c000101,1,camiseta
B66232B5,u115101_10_00,c000101,0,camiseta
B6655EFA,u117402_10_00,c000101,1,camiseta
B677C8BC,u111701_10_00,c000101,0,camiseta
B67873FB,u117401_10_00,c000101,0,camiseta
B678FCB6,u011303_10_00,c000201,2,camiseta
B680C992,u112206_10_00,c000401,5,camiseta
B6970825,u041403_10_00,c000201,2,camiseta
B69C5F3E,u021705_10_00,c000301,4,camiseta
B6B01FAF,u115104_10_00,c000201,3,camiseta
B6C23BA7,u010101_10_00,c000101,0,camiseta
B6DF7883,u117406_10_00,c000401,5,camiseta
B6DFF7CE,u030305_10_00,c000301,4,camiseta
B6E0C204,u117401_10_00,c000101,0,camiseta
B6E2A10A,u117406_10_00,c000401,5,camiseta
B6FCB614,u050701_10_00,c000101,0,respaldo_equipo
B71D12B4,u117401_10_00,c000101,0,camiseta
B71D9DF9,u030301_10_00,c000101,0,camiseta
B720CB3D,u117401_10_00,c000101,0,camiseta
B722277E,u040501_10_00,c000101,0,camiseta
B722A833,u117405_10_00,c000301,4,camiseta
B73298A7,u051301_10_00,c000101,0,camiseta
B742A3A5,u112201_10_00,c000101,0,camiseta
B7556212,u041401_10_00,c000101,0,camiseta
B76FD117,u115104_10_00,c000201,3,respaldo_equipo
B7874F08,u117403_10_00,c000201,2,camiseta
B78DD2A5,u117401_10_00,c000101,0,camiseta
B7A05882,u115108_10_00,c000301,7,respaldo_equipo
B7A734CD,u117403_10_00,c000201,2,camiseta
B7B5A28B,u111702_10_00,c000101,1,camiseta
B7BA19CC,u117405_10_00,c000301,4,camiseta
B7BA9681,u011355_10_00,c000301,4,portero
B7C66E4C,u11010060,c000101,1,propia
B7DFE34D,u115107_10_00,c000401,6,camiseta
B7F9B13C,u117401_10_00,c000101,0,camiseta
B7FF818E,u010201_10_00,c000101,0,camiseta
B801C563,u041703_10_00,c000201,2,camiseta
B8026CDB,u117401_10_00,c000101,0,camiseta
B8032920,u117407_10_00,c000401,6,camiseta
B80A9278,u020105_10_00,c000301,4,camiseta
B8117ABA,u050101_10_00,c000101,0,camiseta
B814E897,u112302_10_00,c000101,1,camiseta
B82352E5,u030601_10_00,c000101,0,camiseta
B826B2E2,u010101_10_00,,,respaldo_generico
B83E7FE4,u061405_10_00,c000301,4,camiseta
B83EF0A9,u117403_10_00,c000201,2,camiseta
B861E616,u050605_10_00,c000301,4,respaldo_equipo
B86B2243,u117405_10_00,c000301,4,camiseta
B86EC175,u117401_10_00,c000101,0,camiseta
B8760F42,u117406_10_00,c000401,5,camiseta
B876800F,u041001_10_00,c000101,0,camiseta
B899749C,u010707_10_00,c000401,6,camiseta
B899FBD1,u117406_10_00,c000401,5,camiseta
B8A9CABC,u070507_10_00,c000401,6,camiseta
B8B91E65,u040103_10_00,c000201,2,camiseta
B8CB4D35,u041501_10_00,c000101,0,respaldo_equipo
B8D1043A,u040401_10_00,c000101,0,camiseta
B8D3E879,u117406_10_00,c000401,5,camiseta
B8DA5321,u021301_10_00,c000101,0,camiseta
B8DAECC1,u11130090,c000401,5,propia
B8E3E9B9,u111602_10_00,c000101,1,camiseta
B8E6CF53,u117401_10_00,c000101,0,camiseta
B8F613B0,u115104_10_00,c000201,3,camiseta
B911824E,u117403_10_00,c000201,2,camiseta
B913E140,u031001_10_00,c000101,0,camiseta
B921838E,u111604_10_00,c000201,3,camiseta
B924A564,u117405_10_00,c000301,4,camiseta
B94BC248,u115108_10_00,c000301,7,camiseta
B95B1EAB,u010701_10_00,c000101,0,camiseta
B95B91E6,u117405_10_00,c000301,4,camiseta
B9A38C21,u050605_10_00,c000301,4,respaldo_equipo
B9A94874,u117404_10_00,c000201,3,camiseta
B9ACAB42,u117401_10_00,c000101,0,camiseta
B9B46575,u117405_10_00,c000301,4,camiseta
B9B4EA38,u041001_10_00,c000101,0,camiseta
B9BFBD23,u021206_10_00,c000401,5,camiseta
B9C006EC,u117402_10_00,c000101,1,camiseta
B9C14317,u117407_10_00,c000401,6,camiseta
B9D3108D,u050155_10_00,c000301,4,portero
B9D682A0,u112302_10_00,c000101,1,camiseta
B9E6549D,u115105_10_00,c000301,4,camiseta
B9E662B0,u115101_10_00,c000101,1,camiseta
B9FC9A9E,u117401_10_00,c000101,0,camiseta
BA10CADE,u117402_10_00,c000101,1,camiseta
BA287F2C,u117402_10_00,c000101,1,camiseta
BA303E56,u041205_10_00,c000301,4,camiseta
BA30B11B,u117403_10_00,c000201,2,camiseta
BA44D282,u117402_10_00,c000101,1,camiseta
BA459779,u117403_10_00,c000201,2,camiseta
BA4C2C21,u020201_10_00,c000101,0,camiseta
BA6B6274,u010201_10_00,c000101,0,respaldo_equipo
BA784EF0,u117405_10_00,c000301,4,camiseta
BA8A9762,u117405_10_00,c000301,4,camiseta
BA955620,u042205_20_00,c000301,4,camiseta
BA9CED78,u020902_10_00,c000101,1,camiseta
BA9DDF5B,u110301_10_00,c000101,0,camiseta
BAA0710A,u117401_10_00,c000101,0,camiseta
BAA40899,u021002_10_00,c000101,1,camiseta
BAA5855A,u11802010,c000301,4,propia
BAA92625,u115108_10_00,c000301,7,camiseta
BAB52DE5,u117403_10_00,c000201,2,camiseta
BAC2E7C4,u040303_10_00,c000201,2,camiseta
BADF4588,u117402_10_00,c000101,1,camiseta
BADFCAC5,u010607_10_00,c000401,6,camiseta
BAF854C1,u115107_10_00,c000401,6,camiseta
BB008DF3,u040305_10_00,c000301,4,camiseta
BB159669,u071601_10_00,c000101,0,camiseta
BB1D2FBF,u117407_10_00,c000401,6,camiseta
BB1DA0F2,u010606_10_00,c000401,5,camiseta
BB3C06C4,u010101_10_00,c000101,0,respaldo_equipo
BB48FD55,u117406_10_00,c000401,5,camiseta
BB55D054,u045603_10_00,c000201,2,camiseta
BB573C17,u045303_10_00,c000201,2,camiseta
BB5E874F,u020901_10_00,c000101,0,camiseta
BB5FB56C,u11030010,c000101,0,propia
BB611C95,u080201_10_00,c000101,0,camiseta
BB621B3D,u117405_10_00,c000301,4,camiseta
BB66B014,u110605_10_00,c000301,4,camiseta
BB6B4C12,u115105_10_00,c000301,4,camiseta
BB7747D2,u117405_10_00,c000301,4,camiseta
BB85110D,u041801_10_00,c000101,0,camiseta
BB86B8B5,u117405_10_00,c000301,4,camiseta
BB87FD4E,u117407_10_00,c000401,6,camiseta
BB8E4616,u020201_10_00,c000101,0,camiseta
BB95AED4,u050151_10_00,c000101,0,portero
BBB865E9,u050701_10_00,c000101,0,respaldo_equipo
BBB96108,u115105_10_00,c000301,4,camiseta
BBBA24C7,u117405_10_00,c000301,4,camiseta
BBBAAB8A,u061501_10_00,c000101,0,camiseta
BBD2A0E9,u117401_10_00,c000101,0,camiseta
BBF25461,u041206_10_00,c000401,5,camiseta
BBF2DB2C,u117401_10_00,c000101,0,camiseta
BC0EC62D,u115103_10_00,c000201,2,camiseta
BC14082E,u010805_10_00,c000301,4,camiseta
BC148763,u117402_10_00,c000101,1,camiseta
BC279BDC,u112101_10_00,c000101,0,camiseta
BC41DAC4,u060305_10_00,c000301,4,camiseta
BC572F93,u020603_10_00,c000201,2,camiseta
BC5CE6F9,u010101_10_00,c000101,0,camiseta
BC5CF7C5,u032103_10_00,c000201,2,camiseta
BC6BB3E1,u117405_10_00,c000301,4,camiseta
BC78CF2C,u010201_10_00,c000101,0,camiseta
BC87EECA,u020502_10_00,c000101,1,camiseta
BC8CB9D1,u042005_10_00,c000301,4,camiseta
BC8E5592,u117406_10_00,c000401,5,camiseta
BC8F1069,u117402_10_00,c000101,1,camiseta
BC9C0608,u040105_10_00,c000301,4,camiseta
BC9EC4B6,u051106_10_00,c000401,5,respaldo_equipo
BCB38C1B,u117401_10_00,c000101,0,camiseta
BCC12B9F,u010151_10_00,c000101,0,portero
BCC3EB16,u11010010,c000101,0,propia
BCC9C384,u11801020,c000301,4,propia
BCCD18F0,u010101_10_00,c000101,0,respaldo_generico
BCCFED86,u050205_10_00,c000301,4,respaldo_equipo
BCDB9644,u010107_10_00,c000401,6,camiseta
BCDFC454,u061101_10_00,c000101,0,camiseta
BCE81249,u11010040,c000301,7,propia
BCEFBEC8,u080506_10_00,c000401,5,camiseta
BCFB73F0,u117402_10_00,c000101,1,camiseta
BCFBFCBD,u040801_10_00,c000101,0,camiseta
BD1E8100,u115101_10_00,c000101,1,camiseta
BD2A787E,u115101_10_00,c000101,1,camiseta
BD32C191,u020705_10_00,c000301,4,camiseta
BD3919C7,u117405_10_00,c000301,4,camiseta
BD39968A,u040805_10_00,c000301,4,camiseta
BD4C3FA5,u117401_10_00,c000101,0,camiseta
BD4D7A5E,u117403_10_00,c000201,2,camiseta
BD4E5CAB,u031602_10_00,c000101,1,camiseta
BD5E6C3F,u040101_10_00,c000101,0,camiseta
BD605B7B,u071101_10_00,c000101,0,camiseta
BD71E62C,u117405_10_00,c000301,4,camiseta
BD83B0F3,u060305_10_00,c000301,4,camiseta
BD947787,u11030510,c000101,0,propia
BD9545A4,u020657_10_00,c000401,6,portero
BD9E9DF2,u032107_10_00,c000401,6,camiseta
BDA25E76,u010101_10_00,,,respaldo_generico
BDA9D9D6,u117405_10_00,c000301,4,camiseta
BDB75D6F,u021501_10_00,c000101,0,respaldo_equipo
BDBC0A74,u040601_10_00,c000101,0,camiseta
BDC7C395,u010101_10_00,,,respaldo_generico
BDD66219,u010803_10_00,c000201,2,camiseta
BDD6A3B7,u11600010,c000101,0,propia
BDD6ED54,u117401_10_00,c000101,0,camiseta
BDD7ACD5,u021206_10_00,c000401,5,camiseta
BDE5F1EB,u112105_10_00,c000301,4,camiseta
BDF6DCFE,u050701_10_00,c000101,0,respaldo_equipo
BE1A499C,u117401_10_00,c000101,0,camiseta
BE209EBE,u061101_10_00,c000101,0,camiseta
BE282B52,u118501_10_00,c000101,0,camiseta
BE2D0DB8,u117401_10_00,c000101,0,camiseta
BE3A3259,u117403_10_00,c000201,2,camiseta
BE4A9437,u115103_10_00,c000201,2,camiseta
BE51F3B8,u115105_10_00,c000301,4,camiseta
BE52393A,u117403_10_00,c000201,2,camiseta
BE52B677,u010901_10_00,c000101,0,camiseta
BE612585,u112105_10_00,c000301,4,camiseta
BE64471E,u040101_10_00,c000101,0,camiseta
BE6FC2C7,u051806_10_00,c000401,5,respaldo_equipo
BE8F7DDD,u11807130,c000401,6,propia
BE9092F3,u080801_10_00,c000101,0,camiseta
BE9624AB,u111402_10_00,c000101,1,camiseta
BEAE3B0A,u110906_10_00,c000401,5,camiseta
BEB615FF,u020306_10_00,c000401,5,camiseta
BEBD42E4,u040701_10_00,c000101,0,camiseta
BEBDCDA9,u117401_10_00,c000101,0,camiseta
BEC8EBCB,u117403_10_00,c000201,2,camiseta
BEC9AE30,u117401_10_00,c000101,0,camiseta
BECA88C5,u031502_10_00,c000101,1,camiseta
BEDAB851,u050256_10_00,c000401,5,portero
BEDC07AE,u070401_10_00,c000101,0,camiseta
BEE34858,u117401_10_00,c000101,0,camiseta
BEF53242,u117405_10_00,c000301,4,camiseta
BF033AA4,u020401_10_00,c000101,0,camiseta
BF086DBF,u041901_10_00,c000101,0,camiseta
BF0A81FC,u117402_10_00,c000101,1,camiseta
BF0BC407,u117401_10_00,c000101,0,camiseta
BF18D266,u050201_10_00,c000101,0,camiseta
BF21226F,u117405_10_00,c000301,4,camiseta
BF2768E1,u070105_10_00,c000301,4,camiseta
BF375875,u117401_10_00,c000101,0,camiseta
BF45FFF1,u010255_10_00,c000301,4,portero
BF4D17EA,u11807030,c000301,4,propia
BF4D8FC1,u117402_10_00,c000101,1,camiseta
BF52F8C4,u080801_10_00,c000101,0,camiseta
BF53E21D,u081001_10_00,c000101,0,camiseta
BF544E9C,u111401_10_00,c000101,0,camiseta
BF5AD31A,u115104_10_00,c000201,3,camiseta
BF6C513D,u110905_10_00,c000301,4,camiseta
BF6E4DDC,u11010070,c000401,6,propia
BF6F85F7,u117403_10_00,c11500260,2,respaldo_equipo
BF7F28D3,u040703_10_00,c000201,2,camiseta
BF7FA79E,u117401_10_00,c000101,0,camiseta
BF90530D,u117406_10_00,c000401,5,camiseta
BF90DC40,u010907_10_00,c000401,6,camiseta
BF93998F,u115103_10_00,c000201,2,camiseta
BFA34FB2,u112101_10_00,c000101,0,camiseta
BFD3FBFD,u117403_10_00,c000201,2,camiseta
BFD823AB,u117402_10_00,c000101,1,camiseta
BFEF678F,u117405_10_00,c000301,4,camiseta
BFF8586E,u117401_10_00,c000101,0,camiseta
BFFC1B42,u010101_10_00,c000101,0,camiseta
C0061269,u117401_10_00,c000101,0,camiseta
C017AF3E,u071107_10_00,c000401,6,camiseta
C029987A,u040101_10_00,c000101,0,camiseta
C0348D45,u01002610,c000401,6,propia
C03A8E1B,u117401_10_00,c000101,0,camiseta
C03BCBE0,u117406_10_00,c000401,5,camiseta
C04535D4,u020755_10_00,c000301,4,portero
C04EED82,u117402_10_00,c000101,1,camiseta
C05D8C3B,u11010110,c000101,0,propia
C0697545,u115104_10_00,c000201,3,camiseta
C0715705,u117405_10_00,c000301,4,camiseta
C0838E97,u117401_10_00,c000101,0,camiseta
C09205AE,u112106_10_00,c000401,5,camiseta
C09FD427,u071606_10_00,c000401,5,camiseta
C0A11911,u117403_10_00,c000201,2,camiseta
C0A1965C,u010801_10_00,c000101,0,camiseta
C0A37A1F,u117405_10_00,c000301,4,camiseta
C0AC0484,u050701_10_00,c000101,0,camiseta
C0CA6249,u117401_10_00,c000101,0,camiseta
C0D71DFC,u020102_10_00,c000101,1,camiseta
C0DE2D93,u117406_10_00,c000401,5,camiseta
C0E2B1E1,u020603_10_00,c000201,2,camiseta
C0E969B7,u032106_10_00,c000401,5,camiseta
C11C47A4,u117407_10_00,c000401,6,camiseta
C120DBD6,u020602_10_00,c000101,1,camiseta
C12B0380,u032101_10_00,c000101,0,camiseta
C12B8CCD,u042105_10_00,c000301,4,camiseta
C1362E81,u060305_10_00,c000301,4,camiseta
C141E4A0,u117401_10_00,c000101,0,camiseta
C1506F99,u112101_10_00,c000101,0,camiseta
C15C54AE,u021502_10_00,c000101,1,camiseta
C1611028,u117405_10_00,c000301,4,camiseta
C1637326,u117401_10_00,c000101,0,camiseta
C163FC6B,u010801_10_00,c000101,0,camiseta
C1793268,u115101_10_00,c000101,0,camiseta
C1875FE3,u020701_10_00,c000101,0,camiseta
C18C08F8,u040801_10_00,c000101,0,camiseta
C18C87B5,u117402_10_00,c000101,1,camiseta
C19CB721,u050901_10_00,c000101,0,camiseta
C19FE60C,u11010010,c000101,0,propia
C1A6E374,u110401_10_00,c000101,0,camiseta
C1A7351A,u070205_10_00,c000301,4,camiseta
C1B33D32,u117401_10_00,c000101,0,camiseta
C1B3B27F,u060605_10_00,c000301,4,camiseta
C1BE37C1,u02024750,c000101,1,propia
C1C4785E,u117401_10_00,c000101,0,camiseta
C1D5C509,u071105_10_00,c000301,4,camiseta
C1EBF24D,u05020340,c000401,6,propia
C1F8E42C,u117405_10_00,c000301,4,camiseta
C1F9A1D7,u117402_10_00,c000101,1,camiseta
C2038B8D,u020301_10_00,c000101,0,camiseta
C20853DB,u117403_10_00,c000201,2,camiseta
C208DC96,u040701_10_00,c000101,0,camiseta
C219B999,u11010020,c000301,4,propia
C21ABFA1,u111105_10_00,c000301,4,camiseta
C21B3262,u115204_10_00,c000201,3,camiseta
C21BA578,u110901_10_00,c000101,0,camiseta
C223BAD9,u111402_10_00,c000101,1,camiseta
C22D1172,u010107_10_00,c000401,6,respaldo_generico
C23640D0,u115101_10_00,c000101,0,camiseta
C2376611,u060401_10_00,c000101,0,camiseta
C237E95C,u117401_10_00,c000101,0,camiseta
C23A7B84,u117402_10_00,c000101,1,camiseta
C23AE3AF,u11807060,c000101,1,propia
C240AC30,u117406_10_00,c000401,5,camiseta
C256D62A,u117401_10_00,c000101,0,camiseta
C26999DC,u070401_10_00,c000101,0,camiseta
C26F2623,u040102_10_00,c000101,1,camiseta
C27C3042,u117402_10_00,c000101,1,camiseta
C27D75B9,u117402_10_00,c000101,1,camiseta
C28FAC2B,u117405_10_00,c000301,4,camiseta
C29893CA,u117401_10_00,c000101,0,camiseta
C2A40FB8,u117406_10_00,c000401,5,camiseta
C2D4BBF7,u112101_10_00,c000101,0,camiseta
C2E5C446,u117406_10_00,c000401,5,camiseta
C2E72805,u010901_10_00,c000101,0,camiseta
C2E7A748,u117403_10_00,c000201,2,camiseta
C316D1C0,u112106_10_00,c000401,5,camiseta
C3254232,u010903_10_00,c000201,2,camiseta
C325CD7F,u117406_10_00,c000401,5,camiseta
C32607FD,u115108_10_00,c000301,7,camiseta
C327AE71,u117401_10_00,c000101,0,camiseta
C34DC61C,u117402_10_00,c000101,1,camiseta
C35AF9FD,u117405_10_00,c000301,4,camiseta
C35F74EE,u070101_10_00,c000101,0,camiseta
C35FFA3C,u010101_10_00,,,respaldo_generico
C363768D,u041201_10_00,c000101,0,respaldo_equipo
C366658F,u02024730,c000101,1,propia
C36DBDD9,u117401_10_00,c000101,0,camiseta
C382C607,u117406_10_00,c000401,5,camiseta
C394BC1D,u117407_10_00,c000401,6,camiseta
C3ABF3EB,u070403_10_00,c000201,2,camiseta
C3AD4C14,u050207_10_00,c000401,6,camiseta
C3BE5A75,u117401_10_00,c000101,0,camiseta
C3BF1F8E,u117405_10_00,c000301,4,camiseta
C3C1E1BA,u020356_10_00,c000401,5,portero
C3CA39EC,u117401_10_00,c000101,0,camiseta
C3D9CF4F,u110907_10_00,c000401,6,camiseta
C3E1D0EE,u111401_10_00,c000101,0,camiseta
C3E766B6,u080805_10_00,c000301,4,camiseta
C3F5836B,u117405_10_00,c000301,4,camiseta
C3F88998,u11807160,c000301,7,propia
C40C8017,u040101_10_00,c000101,0,camiseta
C41C54CE,u070501_10_00,c000101,0,camiseta
C42C65A3,u117405_10_00,c000301,4,camiseta
C42CEAEE,u010701_10_00,c000101,0,camiseta
C42E06AD,u117405_10_00,c000301,4,camiseta
C4438DC2,u115107_10_00,c000401,6,camiseta
C4535121,u117401_10_00,c000101,0,camiseta
C45677CB,u111602_10_00,c000101,1,camiseta
C4641505,u031003_10_00,c000201,2,camiseta
C4649A48,u040453_10_00,c000201,2,portero
C48AC757,u115104_10_00,c000201,3,camiseta
C48B6EDB,u117401_10_00,c000101,0,camiseta
C48BE196,u061405_10_00,c000301,4,camiseta
C491A0D8,u115101_10_00,c000101,1,camiseta
C496CC97,u030651_10_00,c000101,0,portero
C4A176E5,u112302_10_00,c000101,1,camiseta
C4A4E4C8,u050107_10_00,c000401,6,camiseta
C4B6B752,u117401_10_00,c000101,0,camiseta
C4B7F2A9,u117402_10_00,c000101,1,camiseta
C4C39130,u117403_10_00,c000201,2,camiseta
C4C84966,u021253_10_00,c000201,2,portero
C4DB5F07,u117401_10_00,c000101,0,camiseta
C4DEBC31,u117405_10_00,c000301,4,camiseta
C4E87832,u11140510,c000401,6,propia
C4FC2BB7,u117401_10_00,c000101,0,camiseta
C501744A,u041001_10_00,c000101,0,camiseta
C501FB07,u117401_10_00,c000101,0,camiseta
C50A2351,u021201_10_00,c000101,0,camiseta
C5193530,u117401_10_00,c000101,0,camiseta
C51CD606,u117402_10_00,c000101,1,camiseta
C53E4180,u117401_10_00,c000101,0,camiseta
C53ECECD,u060705_10_00,c000301,4,camiseta
C54904EC,u117401_10_00,c000101,0,camiseta
C553CAEF,u115103_10_00,c000201,2,camiseta
C554A6A0,u030605_10_00,c000301,4,camiseta
C5631CD2,u112302_10_00,c000101,1,camiseta
C5668EFF,u050105_10_00,c000301,4,camiseta
C5735C83,u031451_10_00,c000101,0,portero
C574DD65,u117407_10_00,c000401,6,camiseta
C575989E,u117401_10_00,c000101,0,camiseta
C5913B16,u117401_10_00,c000101,0,camiseta
C593B17D,u081207_10_00,c000401,6,camiseta
C5941DFC,u111602_10_00,c000101,1,camiseta
C59A807A,u115101_10_00,c000101,1,camiseta
C5A6F07F,u040406_10_00,c000401,5,camiseta
C5ADA764,u021301_10_00,c000101,0,camiseta
C5C7F97F,u050105_10_00,c000301,4,respaldo_equipo
C5D35950,u021206_10_00,c000401,5,camiseta
C5E73B81,u070305_10_00,c000301,4,camiseta
C5EC6C9A,u117401_10_00,c000101,0,camiseta
C5EE0F94,u117407_10_00,c000401,6,camiseta
C5EE80D9,u010755_10_00,c000301,4,portero
C5FE5C3A,u115106_10_00,c000401,5,camiseta
C615EF78,u117407_10_00,c000401,6,camiseta
C6222411,u045606_10_00,c000401,5,camiseta
C6284129,u110308_10_00,c000301,7,camiseta
C629730A,u020906_10_00,c000401,5,camiseta
C62FEDA8,u080701_10_00,c000101,0,camiseta
C63F0910,u117401_10_00,c000101,0,camiseta
C65B6754,u071702_10_00,c000101,1,camiseta
C668B8F4,u117401_10_00,c000101,0,camiseta
C66A54B7,u010601_10_00,c000101,0,camiseta
C66ADBFA,u117405_10_00,c000301,4,camiseta
C67779B6,u040301_10_00,c000101,0,respaldo_equipo
C6852F69,u117402_10_00,c000101,1,camiseta
C685A024,u041201_10_00,c000101,0,camiseta
C68B09DE,u011001_10_00,c000101,0,camiseta
C69DE15E,u05029710,c000301,4,propia
C6A554AC,u117403_10_00,c000201,2,camiseta
C6BA1AA3,u060801_10_00,c000101,0,camiseta
C6BA95EE,u117401_10_00,c000101,0,camiseta
C6CDD082,u117405_10_00,c000301,4,camiseta
C6CE954D,u115101_10_00,c000101,0,camiseta
C6E25A91,u050106_10_00,c000401,5,camiseta
C6F0090B,u117403_10_00,c000201,2,camiseta
C6F14CF0,u117401_10_00,c000101,0,camiseta
C70F35F8,u061501_10_00,c000101,0,camiseta
C70FBAB5,u117407_10_00,c000401,6,camiseta
C72B0D11,u040101_10_00,c000101,0,camiseta
C732633C,u117406_10_00,c000401,5,camiseta
C73326C7,u117403_10_00,c000201,2,camiseta
C747455E,u117405_10_00,c000301,4,camiseta
C7670F62,u041801_10_00,c000101,0,respaldo_equipo
C7673E9B,u117406_10_00,c000401,5,camiseta
C778FFD9,u117401_10_00,c000101,0,camiseta
C78AA906,u061305_10_00,c000301,4,camiseta
C7A0081B,u071601_10_00,c000101,0,camiseta
C7A7A650,u117401_10_00,c000101,0,camiseta
C7A83E80,u010605_10_00,c000301,4,camiseta
C7A8B1CD,u117403_10_00,c000201,2,camiseta
C7AAD2C3,u117401_10_00,c000101,0,camiseta
C7B51381,u040301_10_00,c000101,0,camiseta
C7D2711F,u11802040,c000101,0,propia
C7D482E7,u080205_10_00,c000301,4,camiseta
C7D7854F,u117406_10_00,c000401,5,camiseta
C7DED260,u115101_10_00,c000101,1,camiseta
C7E04E26,u045605_10_00,c000301,4,camiseta
C7EA2B1E,u110305_10_00,c000301,4,camiseta
C7EB193D,u020901_10_00,c000101,0,camiseta
C7FD6327,u117407_10_00,c000401,6,camiseta
C803D2BB,u051201_10_00,c000101,0,camiseta
C806BEC0,u117401_10_00,c000101,0,camiseta
C8118121,u117407_10_00,c000401,6,camiseta
C81600C7,u031101_10_00,c000101,0,camiseta
C82C58A8,u117405_10_00,c000301,4,camiseta
C82CD7E5,u030506_10_00,c000401,5,camiseta
C8536C2A,u117401_10_00,c000101,0,camiseta
C85B1DC4,u117407_10_00,c000401,6,camiseta
C85E9B0B,u11500050,c000101,1,propia
C864280E,u020205_10_00,c000301,4,respaldo_equipo
C873E9B9,u112205_10_00,c000301,4,camiseta
C879050F,u011001_10_00,c000101,0,camiseta
C882C9D5,u080301_10_00,c000101,0,camiseta
C8889952,u115107_10_00,c000401,6,camiseta
C88B53D0,u117405_10_00,c000301,4,camiseta
C88BDC9D,u011401_10_00,c000101,0,camiseta
C891129E,u115103_10_00,c000201,2,camiseta
C89F4EEC,u040601_10_00,c000101,0,respaldo_equipo
C8A4568E,u040105_10_00,c000301,4,camiseta
C8B60514,u117403_10_00,c000201,2,camiseta
C8BC602C,u110205_10_00,c000301,4,camiseta
C8C32376,u030305_10_00,c000301,4,camiseta
C8C8FB20,u117402_10_00,c000101,1,camiseta
C8E358B3,u117402_10_00,c000101,1,camiseta
C8EC4512,u115101_10_00,c000101,1,camiseta
C9014941,u030351_10_00,c000101,0,portero
C90A9117,u117405_10_00,c000301,4,camiseta
C9172A5D,u115107_10_00,c000401,6,camiseta
C9213284,u117402_10_00,c000101,1,camiseta
C934291E,u010101_10_00,c000101,0,camiseta
C940A3E2,u080306_10_00,c000401,5,camiseta
C94939E7,u117406_10_00,c000401,5,camiseta
C95378A9,u115101_10_00,c000101,0,camiseta
C95E9877,u061705_10_00,c000301,4,camiseta
C9746F23,u117401_10_00,c000101,0,camiseta
C97E0A1B,u110201_10_00,c000101,0,camiseta
C9947D00,u11804070,c000301,4,propia
C998DE7F,u115101_10_00,c000101,0,camiseta
C99977F3,u117407_10_00,c000401,6,camiseta
C999F8BE,u061105_10_00,c000301,4,camiseta
C99CF13C,u11500150,c000101,1,propia
C9A64239,u041301_10_00,c000101,0,camiseta
C9A67F94,u040701_10_00,c000101,0,respaldo_equipo
C9B1838E,u112206_10_00,c000401,5,camiseta
C9B6FDE0,u050605_10_00,c000301,4,camiseta
C9BB6F38,u011001_10_00,c000101,0,camiseta
C9C1B88C,u051203_10_00,c000201,2,camiseta
C9C4D4F7,u117405_10_00,c000301,4,camiseta
C9D3EB16,u117402_10_00,c000101,1,camiseta
C9EE329F,u117407_10_00,c000401,6,camiseta
CA182552,u115105_10_00,c000301,4,camiseta
CA1DA39D,u117405_10_00,c000301,4,camiseta
CA229657,u041401_10_00,c000101,0,camiseta
CA29C14C,u021705_10_00,c000301,4,camiseta
CA3557E0,u112206_10_00,c000401,5,camiseta
CA444696,u118101_10_00,c000101,0,camiseta
CA456CE2,u051302_10_00,c000101,1,camiseta
CA573F78,u117401_10_00,c000101,0,camiseta
CA6AE6F1,u117401_10_00,c000101,0,camiseta
CA847E78,u117401_10_00,c000101,0,respaldo_equipo
CA8875CB,u010201_10_00,c000101,0,camiseta
CA8E4579,u117402_10_00,c000101,1,camiseta
CAA81708,u115107_10_00,c000401,6,camiseta
CAB19A09,u11010030,c000301,4,propia
CAC06837,u11803090,c000401,5,propia
CAC256CE,u111708_10_00,c000301,7,camiseta
CACDED89,u117401_10_00,c000101,0,camiseta
CAD0C088,u117401_10_00,c000101,0,camiseta
CAD7ACC7,u115107_10_00,c000401,6,respaldo_equipo
CAEF7A0F,u117401_10_00,c000101,0,camiseta
CAF0BB4D,u117403_10_00,c000201,2,camiseta
CAFA26E0,u117406_10_00,c000401,5,camiseta
CB003CF9,u111703_10_00,c000201,2,camiseta
CB00F04E,u070901_10_00,c000101,0,camiseta
CB029A2B,u051102_10_00,c000101,1,camiseta
CB0F08F3,u011305_10_00,c000301,4,camiseta
CB0F87BE,u117405_10_00,c000301,4,camiseta
CB12AABF,u117401_10_00,c000101,0,camiseta
CB15C6F0,u115107_10_00,c000401,6,respaldo_equipo
CB2082E0,u117407_10_00,c000401,6,camiseta
CB2D1038,u117401_10_00,c000101,0,camiseta
CB32D17A,u117405_10_00,c000301,4,camiseta
CB384CD7,u117405_10_00,c000301,4,camiseta
CB47F718,u030105_10_00,c000301,4,camiseta
CB4A1FFC,u070701_10_00,c000101,0,camiseta
CB4C2F4E,u117403_10_00,c000201,2,camiseta
CB8706D5,u051305_10_00,c000301,4,camiseta
CB95554F,u117402_10_00,c000101,1,camiseta
CBA8038B,u030301_10_00,c000101,0,camiseta
CBA88CC6,u117406_10_00,c000401,5,camiseta
CBBB7F46,u061701_10_00,c000101,0,camiseta
CBC7EBEA,u115108_10_00,c000301,7,camiseta
CBDA4F65,u115101_10_00,c000101,1,camiseta
CBDFC9AA,u117407_10_00,c000401,6,camiseta
CBE0FC60,u041456_10_00,c000401,5,portero
CBF73DD7,u112205_10_00,c000301,4,camiseta
CBFF3D22,u117405_10_00,c000301,4,camiseta
CC062F62,u117405_10_00,c000301,4,camiseta
CC06A02F,u011103_10_00,c000201,2,camiseta
CC10DA35,u021806_20_00,c000401,5,camiseta
CC1C6E2C,u117206_10_00,c000401,5,respaldo_equipo
CC2437A9,u060905_10_00,c000301,4,camiseta
CC3B79A6,u117405_10_00,c000301,4,camiseta
CC409AF2,u020903_10_00,c000201,2,camiseta
CC458792,u117407_10_00,c000401,6,camiseta
CC4E5FC4,u030407_10_00,c000401,6,camiseta
CC53FD88,u117406_10_00,c000401,5,camiseta
CC54FADE,u11010010,c000101,0,propia
CC5885FA,u11030011,c000101,0,propia
CC6F61FA,u117407_10_00,c000401,6,camiseta
CC704CCF,u115103_10_00,c000201,2,camiseta
CC7718BE,u021203_10_00,c000201,2,camiseta
CC7CEFB0,u11801040,c000301,4,propia
CC8EAE09,u051805_10_00,c000301,4,camiseta
CC8F847D,u010202_10_00,c000101,1,camiseta
CC9030C1,u010101_10_00,,,respaldo_generico
CC9CFD93,u117401_10_00,c000101,0,camiseta
CCA1241A,u117406_10_00,c000401,5,camiseta
CCA1AB57,u117402_10_00,c000101,1,camiseta
CCB12D84,u080906_10_00,c000401,5,camiseta
CCB79BDC,u111505_10_00,c000301,4,camiseta
CCC5B975,u021005_10_00,c000301,4,camiseta
CCD66176,u117401_10_00,c000101,0,camiseta
CCDDDA1A,u117201_10_00,c000101,0,camiseta
CCDE1098,u117405_10_00,c000301,4,camiseta
CD140B41,u117401_10_00,c000101,0,camiseta
CD1FB02D,u117203_10_00,c000201,2,camiseta
CD289733,u117401_10_00,c000101,0,camiseta
CD333AC4,u021502_10_00,c000101,1,camiseta
CD3CFF3C,u11220510,c000101,0,propia
CD3FD2EE,u010901_10_00,c000101,0,camiseta
CD4DEE4A,u010208_10_00,c000301,7,camiseta
CD5E97A4,u117406_10_00,c000401,5,camiseta
CD600BE2,u115101_10_00,c000101,1,camiseta
CD634E2D,u117403_10_00,c000201,2,camiseta
CD7347B3,u080901_10_00,c000101,0,camiseta
CD75F1EB,u111508_10_00,c000301,7,camiseta
CD87EDA5,u117401_10_00,c000101,0,camiseta
CD8C35F3,u030456_10_00,c000401,5,portero
CD9197BF,u117405_10_00,c000301,4,camiseta
CDA2DF27,u051703_10_00,c000201,2,respaldo_equipo
CDAD0BCD,u117405_10_00,c000301,4,camiseta
CDC13E48,u11808100,c000401,5,propia
CDC1A663,u117403_10_00,c000201,2,camiseta
CDC44555,u117402_10_00,c000101,1,camiseta
CDD2B002,u021801_20_00,c000101,0,camiseta
CDDE041B,u115101_10_00,c000101,0,camiseta
CDE4A0E1,u041855_10_00,c000301,4,portero
CDF91391,u117407_10_00,c000401,6,camiseta
CE0339CB,u117401_10_00,c000101,0,camiseta
CE08E19D,u030551_10_00,c000101,0,portero
CE341ED5,u115108_10_00,c000301,7,camiseta
CE40913B,u117402_10_00,c000101,1,camiseta
CE4467E5,u117401_10_00,c000101,0,camiseta
CE5AD075,u115101_10_00,c000101,0,camiseta
CE6A3172,u041801_10_00,c000101,0,respaldo_equipo
CE7DC7FF,u117401_10_00,c000101,0,camiseta
CE838E3B,u071001_10_00,c000101,0,camiseta
CE90DF2F,u117401_10_00,c000101,0,camiseta
CE98AEC1,u06039110,c000301,4,propia
CEAC435D,u117406_10_00,c000401,5,camiseta
CEAFEAE5,u041501_10_00,c000101,0,camiseta
CEB82B52,u112201_10_00,c000101,0,camiseta
CEBF553C,u050401_10_00,c000101,0,camiseta
CEDA43CA,u117402_10_00,c000101,1,camiseta
CEE7150E,u117401_10_00,c000101,0,camiseta
CEE79A43,u117401_10_00,c000101,0,camiseta
CF0A7A67,u051702_10_00,c000101,1,camiseta
CF0ADDD0,u111805_10_00,c000301,4,camiseta
CF1829FD,u117402_10_00,c000101,1,camiseta
CF2459F8,u115104_10_00,c000201,3,camiseta
CF257F39,u061701_10_00,c000101,0,camiseta
CF25F074,u117401_10_00,c000101,0,camiseta
CF52B518,u117407_10_00,c000401,6,camiseta
CF5733D7,u115101_10_00,c000101,1,camiseta
CF5AC4F6,u06039010,c000301,4,propia
CF6D80D2,u041556_10_00,c000401,5,portero
CF6E296A,u117407_10_00,c000401,6,camiseta
CF827441,u011203_10_00,c000201,2,camiseta
CF82FB0C,u117401_10_00,c000101,0,camiseta
CF84BD3C,u051607_10_00,c000401,6,respaldo_equipo
CF860DD2,u117401_10_00,c000101,0,camiseta
CF98BA42,u010108_10_00,c000301,7,camiseta
CFA58BDD,u051702_10_00,c000101,1,respaldo_equipo
CFBFADC8,u117405_10_00,c000301,4,camiseta
CFC153FC,u117403_10_00,c000201,2,camiseta
CFCA8BAA,u030501_10_00,c000101,0,camiseta
CFD747C3,u040155_10_00,c000301,4,portero
CFED136D,u115104_10_00,c000201,3,camiseta
D00C1B1C,u115107_10_00,c000401,6,camiseta
D011A056,u117401_10_00,c000101,0,camiseta
D01A7800,u030301_10_00,c000101,0,camiseta
D02F185F,u010101_10_00,c000101,0,camiseta
D03A03C5,u117405_10_00,c000301,4,camiseta
D04849E8,u115101_10_00,c000101,0,camiseta
D05208A6,u117404_10_00,c000201,3,camiseta
D05287EB,u011407_10_00,c000401,6,camiseta
D05B92A3,u080305_10_00,c000301,4,camiseta
D05DE84C,u070101_10_00,c000101,0,camiseta
D05F14ED,u061701_10_00,c000101,0,camiseta
D0653B5A,u110205_10_00,c000301,4,camiseta
D06F5E62,u117401_10_00,c000101,0,camiseta
D08246B2,u117401_10_00,c000101,0,camiseta
D082C9FF,u061105_10_00,c000301,4,camiseta
D083EF3E,u115101_10_00,c000101,0,camiseta
D087C07D,u11500140,c000301,4,propia
D08F4C41,u11804060,c000401,6,propia
D0A05E79,u011003_10_00,c000201,2,camiseta
D0AAB2CF,u112203_10_00,c000201,2,camiseta
D0ADCCA1,u050603_10_00,c000201,2,camiseta
D0BD7378,u041301_10_00,c000101,0,camiseta
D0C8DA57,u117406_10_00,c000401,5,camiseta
D0DA89CD,u051202_10_00,c000101,1,camiseta
D0DFE5B6,u117407_10_00,c000401,6,camiseta
D0F503DE,u117405_10_00,c000301,4,camiseta
D10AB060,u117401_10_00,c000101,0,camiseta
D118E3FA,u051202_10_00,c000101,1,camiseta
D11D8F81,u117407_10_00,c000401,6,camiseta
D13769E9,u117405_10_00,c000301,4,camiseta
D137E6A4,u030501_10_00,c000101,0,camiseta
D1402C85,u117401_10_00,c000101,0,camiseta
D145AA4A,u11500040,c000401,6,propia
D1485D6B,u117401_10_00,c000101,0,camiseta
D18A23DF,u115105_10_00,c000301,4,respaldo_equipo
D1906291,u117401_10_00,c000101,0,camiseta
D190EDDC,u011401_10_00,c000101,0,camiseta
D193A813,u115105_10_00,c000301,4,camiseta
D199F894,u080305_10_00,c000301,4,camiseta
D1AD3455,u117403_10_00,c000201,2,camiseta
D1B08725,u041901_10_00,c000101,0,camiseta
D1BF67CF,u05026760,c000301,4,propia
D1D3CA61,u117401_10_00,c000101,0,camiseta
D1D81237,u030303_10_00,c000201,2,camiseta
D1F77453,u115104_10_00,c000201,3,camiseta
D1F869F2,u117402_10_00,c000101,1,camiseta
D2099BFE,u117402_10_00,c000101,1,camiseta
D20EF7B1,u115101_10_00,c000101,0,camiseta
D21439B2,u011302_10_00,c000101,1,camiseta
D214B6FF,u117405_10_00,c000301,4,camiseta
D219AB6A,u051101_10_00,c000101,0,camiseta
D2237D96,u117405_10_00,c000301,4,camiseta
D229E03B,u117407_10_00,c000401,6,camiseta
D230648A,u117403_10_00,c11500260,2,respaldo_equipo
D234534B,u042001_10_00,c000101,0,camiseta
D2362179,u117407_10_00,c000401,6,camiseta
D23BB3A1,u117403_10_00,c000201,2,camiseta
D2512EBD,u070551_20_00,c000101,0,portero
D2571E0F,u117405_10_00,c000301,4,camiseta
D25CC659,u030101_20_00,c000101,0,camiseta
D28E640E,u117407_10_00,c000401,6,camiseta
D29C3794,u051303_10_00,c000201,2,camiseta
D2B332CA,u030303_10_00,c000201,2,camiseta
D2B3BD87,u117407_10_00,c000401,6,camiseta
D2BCED3C,u050608_10_00,c000301,7,respaldo_equipo
D2C17E24,u11500240,c000301,4,propia
D2C4F8EB,u117401_10_00,c000101,0,camiseta
D2DCDAAB,u115103_10_00,c000201,2,camiseta
D2E40C63,u117403_10_00,c000201,2,camiseta
D2F09A3A,u021756_10_00,c000401,5,portero
D3031413,u115101_10_00,c000101,1,camiseta
D30692DC,u117401_10_00,c000101,0,camiseta
D30FB7F5,u021401_10_00,c000101,0,camiseta
D3266654,u030101_20_00,c000101,0,camiseta
D32E66A1,u112203_10_00,c000201,2,camiseta
D332F00D,u021706_10_00,c000401,5,camiseta
D339A716,u041401_10_00,c000101,0,camiseta
D34C0E39,u117406_10_00,c000401,5,camiseta
D35E5DA3,u051302_10_00,c000101,1,camiseta
D35F77D7,u11080500,c11080500,0,propia
D371D7B0,u117401_10_00,c000101,0,camiseta
D393448A,u010206_10_00,c000401,5,camiseta
D3957438,u117401_10_00,c000101,0,camiseta
D3B32649,u115106_10_00,c000401,5,camiseta
D3CBF1C9,u117401_10_00,c000101,0,camiseta
D3CC9D86,u115106_10_00,c000401,5,respaldo_equipo
D3D65385,u011302_10_00,c000101,1,camiseta
D3D6DCC8,u117404_10_00,c000201,3,camiseta
D3D9678F,u111701_10_00,c000101,0,camiseta
D3DB5976,u11803080,c000301,7,propia
D3E117A1,u117406_10_00,c000401,5,camiseta
D3EB8A0C,u117401_10_00,c000101,0,camiseta
D3F26B6C,u031101_10_00,c000101,0,camiseta
D3F44B4E,u117407_10_00,c000401,6,camiseta
D404816C,u117208_10_00,c000301,7,camiseta
D4074BEE,u117404_10_00,c000201,3,camiseta
D40F3A00,u117401_10_00,c000101,0,camiseta
D424E3AF,u010901_10_00,c000101,0,camiseta
D427CE7D,u11220500,c000401,5,propia
D433A672,u117407_10_00,c000401,6,camiseta
D43B58D1,u021505_10_00,c000301,4,camiseta
D445A6E5,u117402_10_00,c000101,1,camiseta
D456DF0B,u010201_10_00,c000101,0,camiseta
D46876F2,u080901_10_00,c000101,0,camiseta
D46EC0AA,u111501_10_00,c000101,0,camiseta
D476C9C8,u117403_10_00,c11500260,2,respaldo_equipo
D4787F6C,u117403_10_00,c000201,2,camiseta
D47B3AA3,u115105_10_00,c000301,4,camiseta
D48AA6FE,u117401_10_00,c000101,0,camiseta
D49704B2,u030401_10_00,c000101,0,camiseta
D49CDCE4,u117406_10_00,c000401,5,camiseta
D4B2C9ED,u051801_10_00,c000101,0,respaldo_equipo
D4B63A8C,u117401_10_00,c000101,0,camiseta
D4B76E4B,u060802_10_00,c000101,1,camiseta
D4C5355A,u115101_10_00,c000101,0,camiseta
D4DA0F09,u11808110,c000301,7,propia
D4DF7414,u117407_10_00,c000401,6,camiseta
D4DFFB59,u011154_10_00,c000201,3,portero
D4E222D0,u117403_10_00,c000201,2,camiseta
D5075F6D,u117205_10_00,c000301,4,respaldo_equipo
D50BEB74,u021801_20_00,c000101,0,camiseta
D518653E,u11808010,c000301,4,propia
D51D1E23,u117401_10_00,c000101,0,camiseta
D51D916E,u011103_10_00,c000201,2,camiseta
D52048E7,u117402_10_00,c000101,1,camiseta
D53F06E8,u060901_10_00,c000101,0,camiseta
D548CCC9,u117406_10_00,c000401,5,camiseta
D5556E85,u030401_10_00,c000101,0,camiseta
D55EB6D3,u117401_10_00,c000101,0,camiseta
D567DEF1,u11801040,c000301,4,propia
D56B7D8E,u115101_10_00,c000101,1,camiseta
D56C29FF,u021201_10_00,c000101,0,camiseta
D57450BB,u117406_10_00,c000401,5,camiseta
D587CCD2,u117406_10_00,c000401,5,camiseta
D5959F48,u051804_10_00,c000201,3,camiseta
D5AA1CC5,u080905_10_00,c000301,4,camiseta
D5ACAA9D,u111505_10_00,c000301,4,camiseta
D5BA155B,u117401_10_00,c000101,0,camiseta
D5C521D9,u117402_10_00,c000101,1,camiseta
D5CD5037,u117405_10_00,c000301,4,camiseta
D5F8771D,u031001_10_00,c000101,0,camiseta
D5F932E6,u021555_10_00,c000301,4,portero
D60318BC,u117405_10_00,c000301,4,camiseta
D6114B26,u051706_10_00,c000401,5,camiseta
D611EC91,u111801_10_00,c000101,0,camiseta
D61D1732,u020851_10_00,c000101,0,portero
D6240F36,u115105_10_00,c000301,4,camiseta
D63E4E78,u061701_10_00,c000101,0,camiseta
D63EC135,u117407_10_00,c000401,6,camiseta
D63F68B9,u115103_10_00,c000201,2,camiseta
D643CF9C,u051101_10_00,c000101,0,respaldo_equipo
D6498459,u117401_10_00,c000101,0,camiseta
D64C0296,u115101_10_00,c000101,1,camiseta
D675182B,u117405_10_00,c000301,4,camiseta
D6838B03,u115101_10_00,c000101,0,camiseta
D6994500,u011201_10_00,c000101,0,camiseta
D699CA4D,u117403_10_00,c000201,2,camiseta
D6A1A5E5,u010105_10_00,c000301,4,respaldo_generico
D6A49C89,u117406_10_00,c000401,5,camiseta
D6D1BAEB,u030503_10_00,c000201,2,camiseta
D6DA62BD,u117402_10_00,c000101,1,camiseta
D6F6222C,u115104_10_00,c000201,3,camiseta
D713D0DC,u030505_10_00,c000301,4,camiseta
D718088A,u117405_10_00,c000301,4,camiseta
D72BD7D4,u050701_10_00,c000101,0,respaldo_equipo
D72F2F94,u115107_10_00,c000401,6,camiseta
D741E134,u115105_10_00,c000301,4,respaldo_equipo
D75B2F37,u011203_10_00,c000201,2,camiseta
D75BA07A,u117402_10_00,c000101,1,camiseta
D75F56A4,u117401_10_00,c000101,0,camiseta
D766F6BE,u117406_10_00,c000401,5,camiseta
D7839F80,u06039100,c000301,4,propia
D78BEE6E,u117401_10_00,c000101,0,camiseta
D78D1393,u020905_10_00,c000301,4,camiseta
D78E68A1,u117402_10_00,c000101,1,camiseta
D798BF7A,u071001_10_00,c000101,0,respaldo_equipo
D7A31A13,u112206_10_00,c000401,5,camiseta
D7A4647D,u050407_10_00,c000401,6,camiseta
D7B4DBA4,u041501_10_00,c000101,0,camiseta
D7B7721C,u117402_10_00,c000101,1,camiseta
D7C1728B,u117403_10_00,c000201,2,camiseta
D7D055C7,u040105_10_00,c000301,4,respaldo_equipo
D7FCAB02,u117401_10_00,c000101,0,camiseta
D80776E5,u117401_10_00,c000101,0,camiseta
D826A9B3,u020501_10_00,c000101,0,camiseta
D82D1FC0,u060301_10_00,c000101,0,camiseta
D83032C1,u032105_10_00,c000301,4,camiseta
D830BD8C,u042107_10_00,c000401,6,camiseta
D83BEA97,u020603_10_00,c000201,2,camiseta
D85AD5E1,u117401_10_00,c000101,0,camiseta
D8620329,u115105_10_00,c000301,4,camiseta
D8784267,u117401_10_00,c000101,0,camiseta
D87A2169,u117405_10_00,c000301,4,camiseta
D8878660,u050901_10_00,c000101,0,camiseta
D89739B9,u010205_10_00,c000301,4,respaldo_equipo
D897B6F4,u117402_10_00,c000101,1,camiseta
D89C6EA2,u020701_10_00,c000101,0,camiseta
D8A50680,u01002610,c000401,6,propia
D8A80C73,u117401_10_00,c000101,0,camiseta
D8A8833E,u060605_10_00,c000301,4,camiseta
D8BDD235,u110405_10_00,c000301,4,camiseta
D8CEF448,u071101_10_00,c000101,0,camiseta
D8DF491F,u117406_10_00,c000401,5,camiseta
D8E29096,u117406_10_00,c000401,5,camiseta
D8E3D56D,u117407_10_00,c000401,6,camiseta
D8F0C30C,u05020350,c000101,1,propia
D90C9E7F,u071101_10_00,c000101,0,camiseta
D9112531,u010901_10_00,c000101,0,respaldo_equipo
D91D2328,u117401_10_00,c000101,0,camiseta
D920FAA1,u117405_10_00,c000301,4,camiseta
D921BF5A,u117401_10_00,c000101,0,camiseta
D932A93B,u040101_10_00,c000101,0,camiseta
D946BD7A,u11010100,c000101,0,propia
D955538E,u040851_10_00,c000101,0,portero
D955DCC3,u117402_10_00,c000101,1,camiseta
D963436D,u020851_10_00,c000101,0,portero
D96A6644,u117401_10_00,c000101,0,camiseta
D9724404,u115105_10_00,c000301,4,camiseta
D98934EF,u112151_10_00,c000101,0,portero
D998BFD6,u117401_10_00,c000101,0,camiseta
D9B735C5,u050701_10_00,c000101,0,camiseta
D9B84B5E,u117405_10_00,c000301,4,camiseta
D9BA2850,u117405_10_00,c000301,4,camiseta
D9BAA71D,u010801_10_00,c000101,0,camiseta
D9C51CD2,u117401_10_00,c000101,0,camiseta
D9D15308,u117401_10_00,c000101,0,camiseta
D9F258F6,u032106_10_00,c000401,5,camiseta
D9F980A0,u020652_10_00,c000101,1,portero
DA0DE081,u112151_10_00,c000101,0,portero
DA3C9F30,u117406_10_00,c000401,5,camiseta
DA3D36BC,u115104_10_00,c000201,3,camiseta
DA3E7373,u010901_10_00,c000101,0,camiseta
DA3EFC3E,u117405_10_00,c000301,4,camiseta
DA41C8BC,u117401_10_00,c000101,0,camiseta
DA56F75D,u117401_10_00,c000101,0,camiseta
DA768C98,u117401_10_00,c000101,0,camiseta
DA7D54CE,u030106_10_00,c000401,5,respaldo_equipo
DA8F8D5C,u117402_10_00,c000101,1,camiseta
DA99F746,u117401_10_00,c000101,0,camiseta
DAA42ECF,u117406_10_00,c000401,5,camiseta
DAA56B34,u117401_10_00,c000101,0,camiseta
DAB0C2AA,u070402_10_00,c000101,1,camiseta
DAB67D55,u050204_10_00,c000201,3,camiseta
DAC2FE0E,u110903_10_00,c000201,2,camiseta
DAD108AD,u117402_10_00,c000101,1,camiseta
DAD187E0,u040751_10_00,c000101,0,portero
DAE3B8D9,u11807170,c000101,1,propia
DAEEB22A,u117401_10_00,c000101,0,camiseta
DAFAE1AF,u111404_10_00,c000201,3,camiseta
DAFC57F7,u080801_10_00,c000101,0,camiseta
DB000323,u115104_10_00,c000201,3,camiseta
DB009439,u110901_10_00,c000101,0,camiseta
DB018EE0,u111103_10_00,c000201,2,camiseta
DB0288D8,u11010030,c000301,4,propia
DB13629A,u117403_10_00,c000201,2,camiseta
DB13EDD7,u040701_10_00,c000101,0,camiseta
DB18BACC,u020301_10_00,c000101,0,camiseta
DB214AC5,u117405_10_00,c000301,4,camiseta
DB21D2EE,u11807070,c000201,2,propia
DB2C5750,u060402_10_00,c000101,1,camiseta
DB2CD81D,u117401_10_00,c000101,0,camiseta
DB2D7191,u115103_10_00,c000201,2,camiseta
DB4CEBDE,u08060090,c000201,2,propia
DB4DE76B,u117405_10_00,c000301,4,camiseta
DB5B9D71,u117407_10_00,c000401,6,camiseta
DB6644F8,u117402_10_00,c000101,1,camiseta
DB670103,u117402_10_00,c000101,1,camiseta
DB72A89D,u070406_10_00,c000401,5,camiseta
DB741762,u040101_10_00,c000101,0,camiseta
DB83A28B,u117405_10_00,c000301,4,camiseta
DB949D6A,u117406_10_00,c000401,5,camiseta
DBB4E6AF,u117457_10_00,c000401,6,portero
DBBF3EF9,u117403_10_00,c000201,2,camiseta
DBFC9609,u117402_10_00,c000101,1,camiseta
DBFEF507,u117401_10_00,c000101,0,camiseta
DC07E747,u117402_10_00,c000101,1,camiseta
DC111210,u021201_10_00,c000101,1,camiseta
DC1A450B,u041001_10_00,c000101,0,camiseta
DC2570C1,u117401_10_00,c000101,0,camiseta
DC25FF8C,u060705_10_00,c000301,4,camiseta
DC48FBAE,u115103_10_00,c000201,2,camiseta
DC4F97E1,u030605_10_00,c000301,4,camiseta
DC5235AD,u117406_10_00,c000401,5,camiseta
DC6FEC24,u117403_10_00,c000201,2,camiseta
DC782D93,u112302_10_00,c000101,1,camiseta
DC7DBFBE,u050101_10_00,c000101,0,camiseta
DC81B13B,u115101_10_00,c000101,1,camiseta
DC88803C,u081202_10_00,c000101,1,camiseta
DC8A0A57,u117405_10_00,c000301,4,camiseta
DC8F2CBD,u111601_10_00,c000101,0,camiseta
DC9AD6B4,u115105_10_00,c000301,4,camiseta
DCB69625,u010901_10_00,c000101,0,camiseta
DCBDC13E,u040401_10_00,c000101,0,camiseta
DCC50FB8,u070655_10_00,c000301,4,portero
DCCF66BA,u040101_10_00,c000101,0,camiseta
DCD5DB61,u040155_10_00,c000301,4,portero
DCE56D7B,u115106_10_00,c000401,5,camiseta
DCF53ED5,u117407_10_00,c000401,6,camiseta
DCF75DDB,u117405_10_00,c000301,4,camiseta
DCFC0AC0,u070301_10_00,c000101,0,camiseta
DD07658F,u070501_10_00,c000101,0,camiseta
DD3537EC,u117405_10_00,c000301,4,camiseta
DD3754E2,u117405_10_00,c000301,4,camiseta
DD37DBAF,u010701_10_00,c000101,0,camiseta
DD486060,u117405_10_00,c000301,4,camiseta
DD4D468A,u111603_10_00,c000201,2,camiseta
DD58BC83,u115108_10_00,c000301,7,camiseta
DD7F2444,u031003_10_00,c000201,2,camiseta
DD7FAB09,u040401_10_00,c000101,0,camiseta
DD8DFDD6,u030607_10_00,c000401,6,camiseta
DD905F9A,u117406_10_00,c000401,5,camiseta
DD90D0D7,u061405_10_00,c000301,4,camiseta
DD91F616,u115103_10_00,c000201,2,camiseta
DDACC3E8,u117402_10_00,c000101,1,camiseta
DDAD8613,u117402_10_00,c000101,1,camiseta
DDBA47A4,u112302_10_00,c000101,1,camiseta
DDBFD589,u050101_10_00,c000101,0,camiseta
DDC58D70,u117401_10_00,c000101,0,camiseta
DDD82F3C,u041056_10_00,c000401,5,portero
DDD8A071,u117407_10_00,c000401,6,camiseta
DDE71AF6,u117405_10_00,c000301,4,camiseta
DDF34973,u11140500,c000101,1,propia
DE1404B9,u061501_10_00,c000101,0,camiseta
DE148BF4,u117401_10_00,c000101,0,camiseta
DE180CC4,u117405_10_00,c000301,4,camiseta
DE259F2F,u010101_10_00,,,respaldo_generico
DE26E9C4,u050701_10_00,c000101,0,respaldo_equipo
DE281786,u117402_10_00,c000101,1,camiseta
DE29527D,u117401_10_00,c000101,0,camiseta
DE3B01E7,u050105_10_00,c000301,4,camiseta
DE44BA28,u117405_10_00,c000301,4,camiseta
DE4F15A6,u115101_10_00,c000101,0,camiseta
DE5C741F,u117401_10_00,c000101,0,camiseta
DE5CFB52,u041258_10_00,c000301,7,portero
DE63CE98,u117401_10_00,c000101,0,camiseta
DE7C0FDA,u117403_10_00,c000201,2,camiseta
DE919847,u061302_10_00,c000101,1,camiseta
DE973728,u031451_10_00,c000101,0,portero
DEAE22C0,u040301_10_00,c000101,0,camiseta
DEB1E382,u117405_10_00,c000301,4,camiseta
DEB30FC1,u010601_10_00,c000101,0,camiseta
DEB3808C,u117402_10_00,c000101,1,camiseta
DEBB395A,u071657_10_00,c000401,6,portero
DEBC9711,u117401_10_00,c000101,0,camiseta
DEC5E321,u115108_10_00,c000301,7,camiseta
DEC9405E,u11802050,c000401,5,propia
DECCB40E,u117401_10_00,c000101,0,camiseta
DECFB3A6,u080207_10_00,c000401,6,camiseta
DEE65266,u117405_10_00,c000301,4,camiseta
DEF0287C,u020951_10_00,c000101,0,portero
DEF11A5F,u110307_10_00,c000401,6,camiseta
DEFB7F67,u045601_10_00,c000101,0,camiseta
DF0DD991,u080201_10_00,c000101,0,camiseta
DF0EDE39,u117407_10_00,c000401,6,camiseta
DF1FD8BC,u040102_10_00,c000101,1,respaldo_equipo
DF243851,u117401_10_00,c000101,0,camiseta
DF32424B,u020901_10_00,c000101,0,camiseta
DF337068,u110305_10_00,c000301,4,camiseta
DF34DCE9,u080705_10_00,c000301,4,camiseta
DF391550,u045605_10_00,c000301,4,camiseta
DF405615,u071706_10_00,c000401,5,camiseta
DF71EABB,u117403_10_00,c000201,2,camiseta
DF7389B5,u117405_10_00,c000301,4,camiseta
DF79536D,u071606_10_00,c000401,5,camiseta
DF9E9165,u041201_10_00,c000101,0,camiseta
DFA12BE2,u060802_10_00,c000101,1,camiseta
DFA1A4AF,u117404_10_00,c000201,3,camiseta
DFBE65ED,u117402_10_00,c000101,1,camiseta
DFD5A40C,u115103_10_00,c000201,2,camiseta
DFD6E1C3,u117401_10_00,c000101,0,camiseta
DFEA7DB1,u117403_10_00,c000201,2,camiseta
DFEB384A,u117406_10_00,c000401,5,camiseta
DFF96BD0,u050105_10_00,c000301,4,camiseta
E00DD123,u117402_10_00,c000101,1,camiseta
E0151F14,u117401_10_00,c000101,0,camiseta
E0188C12,u042001_10_00,c000101,0,camiseta
E01F82B9,u117405_10_00,c000301,4,camiseta
E0225B30,u011307_10_00,c000401,6,camiseta
E022D47D,u117407_10_00,c000401,6,camiseta
E02D6F3A,u111701_10_00,c000101,0,camiseta
E0389533,u115107_10_00,c000401,6,respaldo_equipo
E03FF97C,u117401_10_00,c000101,0,camiseta
E0559111,u117402_10_00,c000101,1,camiseta
E0617C8D,u117402_10_00,c000101,1,camiseta
E0674C3F,u030101_10_00,c000101,0,camiseta
E06AA4DB,u030101_10_00,c000101,0,camiseta
E07A944F,u010105_10_00,c000301,4,camiseta
E0855048,u030302_10_00,c000101,1,camiseta
E085DF05,u117406_10_00,c000401,5,camiseta
E08D745E,u050701_10_00,c000101,0,respaldo_equipo
E09360C3,u11150500,c000301,7,propia
E0962C85,u061705_10_00,c000301,4,camiseta
E0AA5516,u051302_10_00,c000101,1,camiseta
E0B8068C,u117402_10_00,c000101,1,camiseta
E0C6F8B8,u021703_10_00,c000201,2,camiseta
E0CDAFA3,u041405_10_00,c000301,4,camiseta
E0DA6E14,u112205_10_00,c000301,4,camiseta
E0F1DFA6,u115107_10_00,c000401,6,camiseta
E10FC594,u041455_10_00,c000301,4,portero
E1180423,u112201_10_00,c000101,0,camiseta
E12368AC,u021401_10_00,c000101,0,camiseta
E1357691,u115101_10_00,c000101,1,camiseta
E147B532,u117403_10_00,c000201,2,camiseta
E153A35B,u050605_10_00,c000301,4,respaldo_equipo
E1683F21,u051307_10_00,c000401,6,camiseta
E17A6CBB,u117405_10_00,c000301,4,camiseta
E18544CB,u115101_10_00,c000101,0,camiseta
E197746B,u010101_10_00,c000101,0,camiseta
E19C2370,u070205_10_00,c000301,4,camiseta
E1A316BA,u117407_10_00,c000401,6,camiseta
E1A52608,u070755_10_00,c000301,4,portero
E1D77523,u117406_10_00,c000401,5,camiseta
E1DDE88E,u117402_10_00,c000101,1,camiseta
E1E03107,u011305_10_00,c000301,4,camiseta
E1E0BE4A,u117402_10_00,c000101,1,camiseta
E1E8A98C,u030906_10_00,c000401,5,camiseta
E1EF050D,u111701_10_00,c000101,0,camiseta
E1FAFF04,u115107_10_00,c000401,6,respaldo_equipo
E1FD934B,u117402_10_00,c000101,1,camiseta
E20C6147,u117401_10_00,c000101,0,camiseta
E213A005,u010203_10_00,c000201,2,camiseta
E2197ADD,u010101_10_00,c000101,0,camiseta
E227C2D4,u117401_10_00,c000101,0,camiseta
E22C1A82,u030306_10_00,c000401,5,camiseta
E23A799E,u115104_10_00,c000201,3,camiseta
E24B6F7A,u117402_10_00,c000101,1,camiseta
E25359D8,u110255_10_00,c000301,4,portero
E254F559,u08060090,c000201,2,propia
E2593CE0,u117402_10_00,c000101,1,camiseta
E2646A24,u117407_10_00,c000401,6,camiseta
E264E569,u011406_10_00,c000401,5,camiseta
E2686259,u117405_10_00,c000301,4,camiseta
E26DF021,u080305_10_00,c000301,4,camiseta
E2713715,u070101_10_00,c000101,0,camiseta
E273CBB4,u061701_10_00,c000101,0,camiseta
E27E2B6A,u115101_10_00,c000101,1,camiseta
E27FA6A9,u11600010,c000101,0,propia
E28B11FA,u041353_10_00,c000201,2,portero
E2963CFB,u011007_10_00,c000401,6,camiseta
E29CD04D,u112201_10_00,c000101,0,camiseta
E2B58DBC,u115105_10_00,c000301,4,camiseta
E2B92EC3,u11804040,c000301,4,propia
E2C3615C,u117401_10_00,c000101,0,camiseta
E2D63DB3,u117401_10_00,c000101,0,camiseta
E2E98734,u117401_10_00,c000101,0,camiseta
E2ECEB4F,u051202_10_00,c000101,1,camiseta
E2FEB8D5,u117405_10_00,c000301,4,camiseta
E3010B6B,u117405_10_00,c000301,4,camiseta
E3018426,u030501_10_00,c000101,0,camiseta
E3145784,u117407_10_00,c000401,6,camiseta
E32BED03,u117407_10_00,c000401,6,camiseta
E32E8178,u051202_10_00,c000101,1,camiseta
E33CD2E2,u117405_10_00,c000301,4,camiseta
E3497BCD,u041306_10_00,c000401,5,camiseta
E35456CC,u011001_10_00,c000101,0,camiseta
E35EBA7A,u112205_10_00,c000301,4,camiseta
E373C8C8,u11500060,c000301,7,propia
E37E3FE9,u117401_10_00,c000101,0,camiseta
E389054D,u117405_10_00,c000301,4,camiseta
E39133EF,u110201_10_00,c000101,0,camiseta
E391CB7A,u117401_10_00,c000101,0,camiseta
E39B56D7,u117407_10_00,c000401,6,camiseta
E39C587C,u041901_10_00,c000101,0,camiseta
E3A5CA91,u115105_10_00,c000301,4,camiseta
E3A60013,u117401_10_00,c000101,0,camiseta
E3A68F5E,u011407_10_00,c000401,6,camiseta
E3AF9A16,u080305_10_00,c000301,4,camiseta
E3BC415D,u115101_10_00,c000101,1,camiseta
E3CE0B70,u117403_10_00,c000201,2,camiseta
E3E5A8E3,u117402_10_00,c000101,1,camiseta
E3EE70B5,u030355_10_00,c000301,4,portero
E405A944,u11806080,c000301,4,propia
E4082CFA,u061702_10_00,c000101,1,camiseta
E408A3B7,u117406_10_00,c000401,5,camiseta
E42729A4,u051706_10_00,c000401,5,camiseta
E42ABB7C,u117401_10_00,c000101,0,camiseta
E42C1413,u041855_10_00,c000301,4,portero
E4357A3E,u117401_10_00,c000101,0,camiseta
E440D311,u041501_10_00,c000101,0,camiseta
E44B840A,u021401_10_00,c000101,0,camiseta
E46CB7CF,u020701_10_00,c000101,0,camiseta
E4779735,u06039020,c000401,6,propia
E47A6014,u115101_10_00,c000101,0,camiseta
E492FE0B,u117407_10_00,c000401,6,camiseta
E498601B,u042001_10_00,c000101,0,respaldo_equipo
E49BF37A,u010101_10_00,,,respaldo_generico
E4A9DA7F,u020201_10_00,c000101,0,camiseta
E4AF2782,u011207_10_00,c000401,6,camiseta
E4AFA8CF,u117401_10_00,c000101,0,camiseta
E4B5E981,u115101_10_00,c000101,1,camiseta
E4E7D869,u030556_10_00,c000401,5,portero
E4EC003F,u117401_10_00,c000101,0,camiseta
E4F7E8FD,u051405_10_00,c000301,4,camiseta
E50D0D87,u021005_10_00,c000301,4,camiseta
E51A08D9,u010401_10_00,c000101,0,camiseta
E51A8794,u06037390,c000101,1,propia
E525B25E,u030501_10_00,c000101,0,respaldo_equipo
E52E6A08,u117405_10_00,c000301,4,camiseta
E550943C,u117402_10_00,c000101,1,camiseta
E56D4DB5,u011207_10_00,c000401,6,camiseta
E56DC2F8,u117401_10_00,c000101,0,camiseta
E57708B2,u11010070,c000401,6,propia
E57783B6,u010107_10_00,c000401,6,camiseta
E582B926,u041551_10_00,c000101,0,portero
E5AEDDF8,u030205_10_00,c000301,4,camiseta
E5B5FD02,u050204_10_00,c000201,3,camiseta
E5C75B58,u117403_10_00,c000201,2,camiseta
E5CAC980,u117405_10_00,c000301,4,camiseta
E5DDFB85,u110501_10_00,c000101,0,camiseta
E5E8D14B,u117403_10_00,c000201,2,camiseta
E5F71009,u117405_10_00,c000301,4,camiseta
E612812D,u010901_10_00,c000101,0,camiseta
E631296C,u06039320,c000301,4,propia
E632E3EE,u117205_10_00,c000301,4,camiseta
E64D5821,u115101_10_00,c000101,1,camiseta
E64E1DEE,u117401_10_00,c000101,0,camiseta
E65E1470,u081501_10_00,c000101,0,camiseta
E65E836A,u030102_10_00,c000101,1,camiseta
E660BD89,u010201_10_00,c000101,0,camiseta
E661A750,u111004_10_00,c000201,3,camiseta
E673C467,u117401_10_00,c000101,0,camiseta
E680580E,u117402_10_00,c000101,1,camiseta
E69BB112,u060802_10_00,c000101,1,camiseta
E69EDCB7,u010305_10_00,c000301,4,camiseta
E6A16630,u030401_10_00,c000101,0,camiseta
E6AABE66,u117401_10_00,c000101,0,camiseta
E6BCC47C,u117407_10_00,c000401,6,camiseta
E6C3CD49,u050701_10_00,c000101,0,respaldo_equipo
E6D44052,u117402_10_00,c000101,1,camiseta
E6E91696,u117405_10_00,c000301,4,camiseta
E6E999DB,u011104_10_00,c000201,3,camiseta
E6EC6D8B,u11808130,c000401,6,propia
E6ECF5A0,u117407_10_00,c000401,6,camiseta
E6F357D8,u115105_10_00,c000301,4,camiseta
E6FFE3C1,u021805_20_00,c000301,4,camiseta
E7162A65,u117405_10_00,c000301,4,camiseta
E72B7CA1,u117402_10_00,c000101,1,camiseta
E72BF3EC,u011103_10_00,c000201,2,camiseta
E72E07BC,u11808030,c000301,4,propia
E7313DEF,u115101_10_00,c000101,0,camiseta
E7423239,u117401_10_00,c000101,0,camiseta
E751BC73,u11801060,c000401,5,propia
E75A4B7D,u021206_10_00,c000401,5,camiseta
E75D1F0C,u115105_10_00,c000301,4,camiseta
E7630C07,u030451_10_00,c000101,0,portero
E768D451,u117401_10_00,c000101,0,camiseta
E779A91D,u11010020,c000301,4,propia
E77EAE4B,u117405_10_00,c000301,4,camiseta
E78C77D9,u117405_10_00,c000301,4,camiseta
E79AC81F,u111508_10_00,c000301,7,camiseta
E79C7E47,u080901_10_00,c000101,0,camiseta
E7A2D7BE,u010207_10_00,c000401,6,camiseta
E7A3FDCA,u051801_10_00,c000101,0,camiseta
E7B1AE50,u117406_10_00,c000401,5,camiseta
E7D0EB1A,u070501_10_00,c000101,0,camiseta
E7DC0330,u021401_10_00,c000101,0,camiseta
E7F089D9,u117201_10_00,c000101,0,camiseta
E7F3435B,u117402_10_00,c000101,1,camiseta
E80811F1,u010905_10_00,c000301,4,camiseta
E8089EBC,u117402_10_00,c000101,1,camiseta
E80B543E,u115101_10_00,c000101,0,camiseta
E836B902,u010102_10_00,c000101,1,respaldo_generico
E83B8203,u112101_10_00,c000101,0,camiseta
E84810B9,u117405_10_00,c000301,4,camiseta
E84B364C,u117401_10_00,c000101,0,camiseta
E850DE8E,u117401_10_00,c000101,0,camiseta
E86095DF,u117406_10_00,c000401,5,camiseta
E86F81E8,u070205_10_00,c000301,4,camiseta
E877AA3E,u117401_10_00,c000101,0,camiseta
E87F549D,u117405_10_00,c000301,4,camiseta
E8801FD7,u050202_10_00,c000101,1,camiseta
E886A028,u070406_10_00,c000401,5,camiseta
E8880D3E,u050701_10_00,c000101,0,camiseta
E8924C4D,u117403_10_00,c000201,2,camiseta
E89309B6,u117401_10_00,c000101,0,camiseta
E8AF95C4,u117403_10_00,c000201,2,camiseta
E8B9EFDE,u117402_10_00,c000101,1,camiseta
E8CA3575,u080801_10_00,c000101,0,camiseta
E8CC832D,u111402_10_00,c000101,1,camiseta
E8D5DA5B,u11807150,c000301,4,propia
E8E76A2F,u117403_10_00,c000201,2,camiseta
E8E7E562,u040707_10_00,c000401,6,camiseta
E8ECB279,u020301_10_00,c000101,0,camiseta
E9085F42,u080807_10_00,c000401,6,camiseta
E90EE91A,u111401_10_00,c000101,0,camiseta
E9172847,u117402_10_00,c000101,1,camiseta
E917B06C,u11807050,c000101,1,propia
E91B1313,u115101_10_00,c000101,0,camiseta
E9250018,u117403_10_00,c000201,2,camiseta
E9258F55,u040701_10_00,c000101,0,camiseta
E934EA5A,u11010010,c000101,0,propia
E93661A1,u115205_10_00,c000301,4,camiseta
E936F6BB,u110902_10_00,c000101,1,camiseta
E944CA1F,u070406_10_00,c000401,5,camiseta
E94F6875,u117402_10_00,c000101,1,camiseta
E950267A,u117402_10_00,c000101,1,camiseta
E9516381,u117405_10_00,c000301,4,camiseta
E96DFFF3,u117406_10_00,c000401,5,camiseta
E97B85E9,u117401_10_00,c000101,0,camiseta
E9804A4E,u050701_10_00,c000101,0,respaldo_equipo
E982842D,u117405_10_00,c000301,4,camiseta
E98A7A8E,u117403_10_00,c000201,2,camiseta
E992B4B9,u117405_10_00,c000301,4,camiseta
E9A2FFE8,u117401_10_00,c000101,0,camiseta
E9B5C009,u117401_10_00,c000101,0,camiseta
E9BD3EAA,u117407_10_00,c000401,6,camiseta
E9CA7BC6,u010905_10_00,c000301,4,camiseta
E9CAF48B,u117407_10_00,c000401,6,camiseta
E9F9E834,u112101_10_00,c000101,0,camiseta
EA065043,u032101_10_00,c000101,0,camiseta
EA06DF0E,u042106_10_00,c000401,5,camiseta
EA0EAEE0,u117406_10_00,c000401,5,camiseta
EA1660D7,u117402_10_00,c000101,1,camiseta
EA1B7D42,u060303_10_00,c000201,2,camiseta
EA311467,u117405_10_00,c000301,4,camiseta
EA39EAC4,u117401_10_00,c000101,0,camiseta
EA4E20E5,u117403_10_00,c000201,2,camiseta
EA4EAFA8,u010807_10_00,c000401,6,camiseta
EA4F0624,u115108_10_00,c000301,7,camiseta
EA7D3C5A,u112101_10_00,c000101,0,camiseta
EA936402,u02024740,c000101,1,propia
EAA15B3B,u040801_10_00,c000101,0,camiseta
EAA1D476,u117402_10_00,c000101,1,camiseta
EAB2B5CF,u11010020,c000301,4,propia
EAC6A18E,u050601_10_00,c000101,0,camiseta
EAD4F214,u117407_10_00,c000401,6,camiseta
EAD5B7EF,u117401_10_00,c000101,0,camiseta
EAE92B9D,u117403_10_00,c000201,2,camiseta
EAF896CA,u071103_10_00,c000201,2,camiseta
EB04CBB9,u05020270,c000301,4,propia
EB169823,u117402_10_00,c000101,1,camiseta
EB17DDD8,u117402_10_00,c000101,1,camiseta
EB2B41AA,u117401_10_00,c000101,0,camiseta
EB3AFCFD,u071105_10_00,c000301,4,camiseta
EB442686,u115106_10_00,c000401,5,camiseta
EB4F9C34,u020851_10_00,c000101,0,portero
EB57D4AF,u117701_10_00,c000101,0,camiseta
EB5F4109,u115108_10_00,c000301,7,camiseta
EB63310C,u040807_10_00,c000401,6,camiseta
EB63BE41,u117402_10_00,c000101,1,camiseta
EB686617,u020701_10_00,c000101,0,camiseta
EB70DFF8,u11010120,c000101,0,propia
EB71C521,u020204_10_00,c000201,3,camiseta
EB871EB4,u050701_10_00,c000101,0,respaldo_equipo
EB8C4AD2,u117402_10_00,c000101,1,camiseta
EB8CC59F,u010801_10_00,c000101,0,camiseta
EB960B9C,u115103_10_00,c000201,2,camiseta
EBB36D5A,u021401_10_00,c000101,0,camiseta
EBBD5BFF,u020201_10_00,c000101,0,camiseta
EBBF566D,u112101_10_00,c000101,0,camiseta
EBCCC4D7,u117403_10_00,c000201,2,camiseta
EBCFE222,u020602_10_00,c000101,1,respaldo_equipo
EBD40AE0,u117401_10_00,c000101,0,camiseta
EBF37E50,u117405_10_00,c000301,4,camiseta
EBFB80F3,u117407_10_00,c000401,6,camiseta
EC1E7504,u117402_10_00,c000101,1,camiseta
EC1F30FF,u117403_10_00,c000201,2,camiseta
EC22663B,u061506_10_00,c000401,5,camiseta
EC22E976,u117406_10_00,c000401,5,camiseta
EC3A10B6,u117701_10_00,c000101,0,camiseta
EC4A6D58,u117405_10_00,c000301,4,camiseta
EC6A169D,u117401_10_00,c000101,0,camiseta
EC6A99D0,u041206_10_00,c000401,5,camiseta
EC72D8AA,u050101_10_00,c000101,0,camiseta
EC856D43,u010607_10_00,c000401,6,camiseta
EC85E20E,u117404_10_00,c000201,3,camiseta
EC8D5BD8,u071601_10_00,c000101,0,camiseta
EC975DE3,u115101_10_00,c000101,1,camiseta
EC984042,u040351_10_00,c000101,0,portero
ECB341FC,u020607_10_00,c000401,6,respaldo_equipo
ECC56C0B,u117401_10_00,c000101,0,camiseta
ECC64AFE,u020901_10_00,c000101,0,camiseta
ECCD1DE5,u045601_10_00,c000101,0,camiseta
ECCD92A8,u117451_10_00,c000101,0,portero
ECD030E4,u117406_10_00,c000401,5,camiseta
ECDDA23C,u117405_10_00,c000301,4,camiseta
ECF04F87,u040101_10_00,c000101,0,respaldo_equipo
ECF2282F,u117407_10_00,c000401,6,camiseta
ECF381A3,u115101_10_00,c000101,0,camiseta
ECF9D124,u080205_10_00,c000301,4,camiseta
ECFAD68C,u117406_10_00,c000401,5,camiseta
ECFF22DC,u11802070,c000301,4,propia
ED0512EA,u110302_10_00,c000101,1,camiseta
ED07063C,u117403_10_00,c000201,2,camiseta
ED0F77D2,u045605_10_00,c000301,4,camiseta
ED125AD3,u117406_10_00,c000401,5,camiseta
ED1FC80B,u117405_10_00,c000301,4,camiseta
ED304218,u117401_10_00,c000101,0,camiseta
ED3225B0,u040101_10_00,c000101,0,respaldo_equipo
ED38BCBB,u117405_10_00,c000301,4,camiseta
ED3BBB13,u080201_10_00,c000101,0,camiseta
ED3FF528,u050102_10_00,c000101,1,respaldo_equipo
ED470774,u010603_10_00,c000201,2,camiseta
ED478839,u117401_10_00,c000101,0,camiseta
ED4F31EF,u071606_10_00,c000401,5,camiseta
ED5A2A75,u040306_10_00,c000401,5,camiseta
ED609970,u11500860,c000301,7,propia
ED88076F,u117401_10_00,c000101,0,camiseta
ED955E0B,u042001_10_00,c000101,0,respaldo_equipo
EDA87CAA,u117401_10_00,c000101,0,camiseta
EDA8F3E7,u041205_10_00,c000301,4,camiseta
EDB0B29D,u05029720,c000101,0,propia
EDC434E5,u040101_10_00,c000101,0,camiseta
EDDC1F33,u117402_10_00,c000101,1,camiseta
EDDD5AC8,u117402_10_00,c000101,1,camiseta
EDE08341,u117403_10_00,c000201,2,camiseta
EDE3C68E,u115103_10_00,c000201,2,camiseta
EE2C2789,u041001_10_00,c000101,0,camiseta
EE2CA8C4,u117405_10_00,c000301,4,camiseta
EE3185C5,u117402_10_00,c000101,1,camiseta
EE3466F3,u117401_10_00,c000101,0,camiseta
EE3F5E67,u11090500,c000101,0,propia
EE4E4F11,u112308_10_00,c000301,7,camiseta
EE58CB5D,u117401_10_00,c000101,0,camiseta
EE598EA6,u117402_10_00,c000101,1,camiseta
EE64572F,u117401_10_00,c000101,0,camiseta
EE69C5F7,u051605_10_00,c000301,4,camiseta
EE79F563,u030656_10_00,c000401,5,portero
EE7E992C,u115108_10_00,c000301,7,camiseta
EE83D252,u117405_10_00,c000301,4,camiseta
EE8B2CF1,u031005_10_00,c000301,4,camiseta
EE8BA3BC,u040451_10_00,c000101,0,portero
EE9B1C65,u117401_10_00,c000101,0,camiseta
EEACB436,u115101_10_00,c000101,0,camiseta
EEB49676,u117403_10_00,c000201,2,camiseta
EEB94E3F,u111608_10_00,c000301,7,camiseta
EEBC68D5,u117407_10_00,c000401,6,camiseta
EEC35C57,u117405_10_00,c000301,4,camiseta
EEC3D31A,u010701_10_00,c000101,0,camiseta
EED30FF9,u115105_10_00,c000301,4,camiseta
EEE3B9E3,u040101_10_00,c000101,0,camiseta
EEF36D3A,u070501_10_00,c000101,0,camiseta
EEF90438,u040155_10_00,c000301,4,portero
EF013660,u117405_10_00,c000301,4,camiseta
EF01B92D,u010706_10_00,c000401,5,camiseta
EF41B865,u117406_10_00,c000401,5,camiseta
EF429E90,u021301_10_00,c000101,0,camiseta
EF49C98B,u040402_10_00,c000101,1,camiseta
EF597652,u117402_10_00,c000101,1,camiseta
EF64587A,u040301_10_00,c000101,0,respaldo_equipo
EF6EDE01,u115103_10_00,c000201,2,camiseta
EF76FC41,u117401_10_00,c000101,0,camiseta
EF7E02E2,u117403_10_00,c000201,2,camiseta
EF8425D3,u010505_10_00,c000301,4,camiseta
EF89B70B,u050107_10_00,c000401,6,camiseta
EF9AA16A,u117402_10_00,c000101,1,camiseta
EF9BE491,u117403_10_00,c000201,2,camiseta
EFA63D18,u117401_10_00,c000101,0,camiseta
EFA6B255,u061401_10_00,c000101,0,camiseta
EFBB9F54,u030601_10_00,c000101,0,camiseta
EFBCF31B,u115105_10_00,c000301,4,camiseta
EFC52BF1,u11140520,c000301,4,propia
EFCEF359,u050701_10_00,c000101,0,respaldo_equipo
EFE51AA5,u021205_10_00,c000301,4,camiseta
EFEE4DBE,u041005_10_00,c000301,4,camiseta
EFEEC2F3,u117406_10_00,c000401,5,camiseta
EFF3EFF2,u117402_10_00,c000101,1,camiseta
EFF60CC4,u117401_10_00,c000101,0,camiseta
F0002252,u115101_10_00,c000101,1,camiseta
F00C1906,u117402_10_00,c000101,1,camiseta
F00C812D,u11807040,c000201,2,propia
F015D85B,u111401_10_00,c000101,0,camiseta
F02D50E0,u110107_10_00,c000401,6,camiseta
F02DC7FA,u110901_10_00,c000101,0,camiseta
F03E3159,u117401_10_00,c000101,0,camiseta
F03EBE14,u040756_10_00,c000401,5,portero
F04A52C0,u117402_10_00,c000101,1,camiseta
F04B173B,u117401_10_00,c000101,0,camiseta
F0545934,u117401_10_00,c000101,0,camiseta
F05CD68C,u11230010,c000101,1,propia
F05FFB5E,u070405_10_00,c000301,4,camiseta
F060B4A8,u117403_10_00,c000201,2,camiseta
F076CEB2,u117405_10_00,c000301,4,camiseta
F08985F8,u117407_10_00,c000401,6,camiseta
F0914BCF,u117406_10_00,c000401,5,camiseta
F0926D3A,u117401_10_00,c000101,0,camiseta
F0A60FEB,u117401_10_00,c000101,0,camiseta
F0ABF79F,u020851_10_00,c000101,0,portero
F0AEF148,u117401_10_00,c000101,0,camiseta
F0B9CEA9,u117406_10_00,c000401,5,camiseta
F0D14A87,u010901_10_00,c000101,0,camiseta
F0D1C5CA,u117401_10_00,c000101,0,camiseta
F0E2D975,u112108_10_00,c000301,7,camiseta
F110657F,u115105_10_00,c000301,4,camiseta
F11320B0,u010907_10_00,c000401,6,camiseta
F113AFFD,u117401_10_00,c000101,0,camiseta
F120B342,u112102_10_00,c000101,1,camiseta
F14BEFCF,u117405_10_00,c000301,4,camiseta
F150070D,u117401_10_00,c000101,0,camiseta
F15321F8,u117406_10_00,c000401,5,camiseta
F15BDF5B,u117451_10_00,c000101,0,portero
F16465DC,u117407_10_00,c000401,6,camiseta
F16C9B7F,u117406_10_00,c000401,5,camiseta
F17BA49E,u117403_10_00,c000201,2,camiseta
F18838F7,u117401_10_00,c000101,0,camiseta
F1897D0C,u117401_10_00,c000101,0,camiseta
F19B2E96,u050203_10_00,c000201,2,camiseta
F1A2DE9F,u117405_10_00,c000301,4,camiseta
F1B4A485,u117403_10_00,c000201,2,camiseta
F1CEEB1A,u11807140,c000301,4,propia
F1D10434,u080801_10_00,c000101,0,camiseta
F1D7B26C,u111407_10_00,c000401,6,camiseta
F1EFADCD,u110901_10_00,c000101,0,camiseta
F1F78338,u020304_10_00,c000201,3,camiseta
F1FC5B6E,u117401_10_00,c000101,0,camiseta
F1FCD423,u040706_10_00,c000401,5,camiseta
F20CEC99,u117401_10_00,c000101,0,camiseta
F20DA962,u117401_10_00,c000101,0,camiseta
F23070EB,u117407_10_00,c000401,6,camiseta
F2447048,u115101_10_00,c000101,0,camiseta
F26AF460,u020205_10_00,c000301,4,camiseta
F26BEEB9,u115101_10_00,c000101,0,camiseta
F2735756,u020702_10_00,c000101,1,camiseta
F278004D,u040801_10_00,c000101,0,camiseta
F2788F00,u117402_10_00,c000101,1,camiseta
F2977B93,u117405_10_00,c000301,4,camiseta
F297F4DE,u010806_10_00,c000401,5,camiseta
F2A4672C,u112102_10_00,c000101,1,camiseta
F2A85C1B,u021401_10_00,c000101,0,camiseta
F2B8250A,u117401_10_00,,,respaldo_equipo
F2CF3BA1,u117406_10_00,c000401,5,camiseta
F2D4D363,u020602_10_00,c000101,1,camiseta
F2D7F596,u117402_10_00,c000101,1,camiseta
F2DF0B35,u032156_10_00,c000401,5,portero
F2E0B1B2,u117401_10_00,c000101,0,camiseta
F2E84F11,u117405_10_00,c000301,4,camiseta
F3004C03,u060301_10_00,c000101,0,camiseta
F30D5196,u117403_10_00,c000201,2,camiseta
F3159FA1,u117402_10_00,c000101,1,camiseta
F316B954,u020657_10_00,c000401,6,portero
F31D6102,u032103_10_00,c000201,2,camiseta
F322DB85,u117401_10_00,c000101,0,camiseta
F32A2526,u117407_10_00,c000401,6,camiseta
F34F50EA,u115104_10_00,c000201,3,camiseta
F3543765,u115101_10_00,c000101,1,camiseta
F35511A4,u117406_10_00,c000401,5,camiseta
F3559EE9,u010803_10_00,c000201,2,camiseta
F3660D1B,u112108_10_00,c000301,7,camiseta
F3827DD1,u11010060,c000101,1,propia
F3885543,u02024730,c000101,1,propia
F38BEA43,u070205_10_00,c000301,4,camiseta
F39D7DF0,u115103_10_00,c000201,2,camiseta
F3A9848E,u11010030,c000301,4,propia
F3BA6A7A,u040856_10_00,c000401,5,portero
F3BAE537,u117402_10_00,c000101,1,camiseta
F3CE86AE,u117403_10_00,c000201,2,camiseta
F3CFC355,u117403_10_00,c000201,2,camiseta
F3DD90CF,u040105_10_00,c000301,4,camiseta
F3E3A78B,u071101_10_00,c000101,0,camiseta
F3F21ADC,u117407_10_00,c000401,6,camiseta
F404F94A,u117406_10_00,c000401,5,camiseta
F4096B92,u117401_10_00,c000101,0,camiseta
F41C377D,u117402_10_00,c000101,1,camiseta
F41E23AB,u110301_10_00,c000101,0,camiseta
F41F1188,u020957_10_00,c000401,6,portero
F4208A52,u080201_10_00,c000101,0,camiseta
F4238DFA,u117405_10_00,c000301,4,camiseta
F4296568,u020602_10_00,c000101,1,respaldo_equipo
F42B7359,u117407_10_00,c000401,6,camiseta
F4411B34,u040307_10_00,c000401,6,camiseta
F45400AE,u071601_10_00,c000101,0,camiseta
F45C3635,u010651_10_00,c000101,0,portero
F45CB978,u117401_10_00,c000101,0,camiseta
F47BA831,u117402_10_00,c000101,1,camiseta
F493362E,u117402_10_00,c000101,1,camiseta
F4B34DEB,u117401_10_00,c000101,0,camiseta
F4B3C2A6,u041251_10_00,c000101,0,portero
F4C66B89,u117405_10_00,c000301,4,camiseta
F4C72E72,u117405_10_00,c000301,4,camiseta
F4F8F7CF,u115101_10_00,c000101,0,camiseta
F4FBB200,u117401_10_00,c000101,0,camiseta
F50401BE,u117405_10_00,c000301,4,camiseta
F5054445,u117402_10_00,c000101,1,camiseta
F51D6F93,u040155_10_00,c000301,4,portero
F539577A,u061501_10_00,c000101,0,camiseta
F539D837,u117406_10_00,c000401,5,camiseta
F5515C19,u117402_10_00,c000101,1,camiseta
F569E9EB,u117401_10_00,c000101,0,camiseta
F56FFCCE,u010101_10_00,,,respaldo_generico
F57127DC,u117401_10_00,c000101,0,camiseta
F571A891,u041207_10_00,c000401,6,camiseta
F5730FC4,u117701_10_00,c000101,0,camiseta
F5837103,u040301_10_00,c000101,0,camiseta
F58C6CA2,u115103_10_00,c000201,2,camiseta
F5966A99,u071605_10_00,c000301,4,camiseta
F59E5C02,u010605_10_00,c000301,4,camiseta
F59ED34F,u117407_10_00,c000401,6,camiseta
F5C6937D,u117407_10_00,c000401,6,camiseta
F5CB01A5,u117401_10_00,c000101,0,camiseta
F5D62CA4,u045601_10_00,c000101,0,camiseta
F5DC499C,u110301_10_00,c000101,0,camiseta
F5DD7BBF,u020901_10_00,c000101,0,camiseta
F5DE5D4A,u117403_10_00,c000201,2,camiseta
F5E1E7CD,u117401_10_00,c000101,0,camiseta
F5E2E065,u080201_10_00,c000101,0,camiseta
F5E4139D,u11802060,c000101,1,propia
F5E8B0E2,u115104_10_00,c000201,3,camiseta
F5E8D7A2,u020403_10_00,c000201,2,camiseta
F5E9196E,u117401_10_00,c000101,0,camiseta
F61A0721,u117405_10_00,c000301,4,camiseta
F61A886C,u010707_10_00,c000401,6,camiseta
F6205F4E,u040101_10_00,c000101,0,camiseta
F6424713,u117402_10_00,c000101,1,camiseta
F6527787,u031056_10_00,c000401,5,portero
F652F8CA,u040404_10_00,c000201,3,camiseta
F659AFD1,u021305_10_00,c000301,4,camiseta
F65A8924,u117401_10_00,c000101,0,camiseta
F6601549,u111607_10_00,c000401,6,camiseta
F66533A3,u117407_10_00,c000401,6,camiseta
F66DCD00,u117406_10_00,c000401,5,camiseta
F675EF40,u115101_10_00,c000101,0,camiseta
F680D5D0,u117402_10_00,c000101,1,camiseta
F681902B,u117401_10_00,c000101,0,camiseta
F68F15FF,u041806_10_00,c000401,5,respaldo_equipo
F68FCCA3,u051301_10_00,c000101,0,respaldo_equipo
F692864A,u050101_10_00,c000101,0,camiseta
F6971467,u11230010,c000101,1,propia
F69F1492,u010501_10_00,c000101,0,camiseta
F6A0AE15,u030605_10_00,c000301,4,camiseta
F6A7C25A,u115101_10_00,c000101,0,camiseta
F6BD0C59,u117401_10_00,c000101,0,camiseta
F6BD8314,u061405_10_00,c000301,4,camiseta
F6CBEDD0,u010105_10_00,c000301,4,respaldo_generico
F6DE1AB0,u11140530,c000301,4,propia
F6E8DEB3,u117402_10_00,c000101,1,camiseta
F6ED3D85,u117401_10_00,c000101,0,camiseta
F6F29FFD,u115108_10_00,c000301,7,camiseta
F6F57CFF,u041006_10_00,c000401,5,camiseta
F6F5F3B2,u117401_10_00,c000101,0,camiseta
F6FE2BE4,u021201_10_00,c000101,1,camiseta
F7246F26,u11090510,c000101,1,propia
F72AB484,u117403_10_00,c000201,2,camiseta
F72F57B2,u117401_10_00,c000101,0,camiseta
F73716C8,u041054_10_00,c000201,3,portero
F7379985,u117402_10_00,c000101,1,camiseta
F742BFE7,u117406_10_00,c000401,5,camiseta
F743FA1C,u117402_10_00,c000101,1,camiseta
F750EC7D,u050102_10_00,c000101,1,camiseta
F7557E50,u112305_10_00,c000301,4,camiseta
F75F83DA,u031451_10_00,c000101,0,portero
F772F4B6,u051605_10_00,c000301,4,camiseta
F77F666E,u117406_10_00,c000401,5,camiseta
F7802D24,u117402_10_00,c000101,1,camiseta
F7901DB0,u031005_10_00,c000301,4,camiseta
F798E313,u117406_10_00,c000401,5,camiseta
F79BC5E6,u010555_10_00,c000301,4,portero
F7A27F7E,u111601_10_00,c000101,0,camiseta
F7A75994,u117401_10_00,c000101,0,camiseta
F7AFA737,u117407_10_00,c000401,6,camiseta
F7B78577,u115103_10_00,c000201,2,camiseta
F7C83EB8,u115105_10_00,c000301,4,camiseta
F7D86D16,u117403_10_00,c000201,2,camiseta
F7D8E25B,u010705_10_00,c000301,4,camiseta
F7E85C7B,u070501_10_00,c000101,0,camiseta
F8033562,u112201_10_00,c000101,0,camiseta
F814F4D5,u041403_10_00,c000201,2,camiseta
F82E47D0,u115104_10_00,c000201,3,respaldo_equipo
F8460B02,u020602_10_00,c000101,1,respaldo_equipo
F85C8473,u117405_10_00,c000301,4,camiseta
F8615DFA,u117403_10_00,c000201,2,camiseta
F87833D7,u041901_10_00,c000101,0,camiseta
F8871231,u070201_10_00,c000101,0,camiseta
F88C452A,u010101_10_00,c000101,0,camiseta
F89E758A,u115106_10_00,c000401,5,camiseta
F8B3FFAD,u117403_10_00,c000201,2,camiseta
F8B827FB,u117402_10_00,c000101,1,camiseta
F8C6D9CF,u117401_10_00,c000101,0,camiseta
F8CC4462,u117406_10_00,c000401,5,camiseta
F8E6A20A,u117401_10_00,c000101,0,camiseta
F8F398CD,u030906_10_00,c000401,5,camiseta
F8F4344C,u111707_10_00,c000401,6,camiseta
F8FB0046,u011305_10_00,c000301,4,camiseta
F8FB8F0B,u117406_10_00,c000401,5,camiseta
F904B3F8,u117402_10_00,c000101,1,camiseta
F90E2E55,u117401_10_00,c000101,0,camiseta
F916E062,u05026550,c000301,4,propia
F923A472,u115107_10_00,c000401,6,respaldo_equipo
F924C83D,u117402_10_00,c000101,1,camiseta
F92C2F17,u070901_10_00,c000101,0,camiseta
F9365E7B,u111701_10_00,c000101,0,camiseta
F9396A71,u011306_10_00,c000401,5,camiseta
F939E53C,u117402_10_00,c000101,1,camiseta
F94EA050,u117407_10_00,c000401,6,camiseta
F961A50E,u010105_10_00,c000301,4,camiseta
F97A4DCC,u117406_10_00,c000401,5,camiseta
F97C7D7E,u010205_10_00,c000301,4,camiseta
F9885182,u11150510,c000201,2,propia
F9955CBE,u070101_10_00,c000101,0,camiseta
F99E6109,u030305_10_00,c000301,4,camiseta
F99EEE44,u117406_10_00,c000401,5,camiseta
F9A337CD,u117406_10_00,c000401,5,camiseta
F9B16457,u051301_10_00,c000101,0,camiseta
F9C15F55,u112202_10_00,c000101,1,camiseta
F9D69EE2,u041406_10_00,c000401,5,camiseta
F9DDC9F9,u021705_10_00,c000301,4,camiseta
F9EAEEE7,u115103_10_00,c000201,2,camiseta
F9EC2DE7,u115101_10_00,c000101,1,camiseta
F9F18968,u115101_10_00,c000101,1,camiseta
FA0F66C5,u117401_10_00,c000101,0,camiseta
FA1A3A2A,u117401_10_00,c000101,0,camiseta
FA1AB567,u030506_10_00,c000401,5,camiseta
FA27E3A3,u117403_10_00,c000201,2,camiseta
FA30DC42,u117405_10_00,c000301,4,camiseta
FA35B039,u051203_10_00,c000201,2,camiseta
FA3ADF9E,u031101_10_00,c000101,0,camiseta
FA458B3B,u112202_10_00,c000101,1,camiseta
FA4F678D,u011006_10_00,c000401,5,camiseta
FA524A8C,u041305_10_00,c000301,4,camiseta
FA650EA8,u117401_10_00,c000101,0,camiseta
FA68F989,u11500070,c000101,0,propia
FA806796,u117407_10_00,c000401,6,camiseta
FA8A02AE,u110202_10_00,c000101,1,camiseta
FA92340C,u05026750,c000301,4,propia
FAA7701C,u115101_10_00,c000101,1,camiseta
FAB4AB57,u080306_10_00,c000401,5,camiseta
FABD3152,u117402_10_00,c000101,1,camiseta
FABDBE1F,u011405_10_00,c000301,4,camiseta
FABEFBD0,u115101_10_00,c000101,1,camiseta
FAC70307,u021401_10_00,c000101,0,camiseta
FAD53A31,u117402_10_00,c000101,1,camiseta
FAE322E8,u115103_10_00,c000201,2,camiseta
FAFE99A2,u117407_10_00,c000401,6,camiseta
FB089144,u010205_10_00,c000301,4,camiseta
FB175006,u117402_10_00,c000101,1,camiseta
FB2148DF,u115107_10_00,c000401,6,camiseta
FB372BC3,u030301_10_00,c000101,0,camiseta
FB3CF395,u117402_10_00,c000101,1,camiseta
FB420DA1,u117401_10_00,c000101,0,camiseta
FB486899,u110202_10_00,c000101,1,camiseta
FB4FC418,u080605_10_00,c000301,4,camiseta
FB505E3B,u117402_10_00,c000101,1,camiseta
FB651A2B,u115101_10_00,c000101,0,camiseta
FB72472E,u061705_10_00,c000301,4,camiseta
FB7F5B65,u117403_10_00,c000201,2,camiseta
FB7FD428,u011407_10_00,c000401,6,camiseta
FB87E10C,u112201_10_00,c000101,0,camiseta
FB8D0DBA,u011005_10_00,c000301,4,camiseta
FB9020BB,u041301_10_00,c000101,0,camiseta
FBA21F82,u11804050,c000301,4,propia
FBAA93BE,u11500170,c000101,0,propia
FBAEBCFD,u115101_10_00,c000101,1,camiseta
FBCD0CF2,u117403_10_00,c000201,2,camiseta
FBD8501D,u117401_10_00,c000101,0,camiseta
FBE58994,u117407_10_00,c000401,6,camiseta
FBF2B675,u117406_10_00,c000401,5,camiseta
FBFCE7B9,u042001_10_00,c000101,0,camiseta
FC013998,u010406_10_00,c000401,5,camiseta
FC01B6D5,u117407_10_00,c000401,6,camiseta
FC191BD8,u115105_10_00,c000301,4,camiseta
FC355B49,u117401_10_00,c000101,0,camiseta
FC3E831F,u030501_10_00,c000101,0,camiseta
FC4AC5BA,u051705_10_00,c000301,4,respaldo_equipo
FC4BA57D,u117401_10_00,c000101,0,camiseta
FC6C39F3,u11010060,c000101,1,propia
FC6CB2F7,u115108_10_00,c000301,7,camiseta
FC767CF4,u011201_10_00,c000101,0,camiseta
FC76F3B9,u117402_10_00,c000101,1,camiseta
FC998867,u041506_10_00,c000401,5,camiseta
FCAECC43,u06039130,c000301,4,propia
FCB5ECB9,u071002_10_00,c000101,1,camiseta
FCC543EF,u117701_10_00,c000101,0,camiseta
FCC6CAC4,u110505_10_00,c000301,4,camiseta
FCD1F8C1,u117405_10_00,c000301,4,camiseta
FCDC6A19,u117401_10_00,c000101,0,camiseta
FCEC2148,u117403_10_00,c000201,2,camiseta
FCF3E00A,u117403_10_00,c000201,2,camiseta
FD131DBB,u061705_10_00,c000301,4,camiseta
FD1392F6,u117406_10_00,c000401,5,camiseta
FD1E9805,u11806090,c000301,4,propia
FD2E4B7F,u117401_10_00,c000101,0,camiseta
FD318A3D,u117403_10_00,c000201,2,camiseta
FD3C18E5,u051701_10_00,c000101,0,camiseta
FD5BE250,u041501_10_00,c000101,0,camiseta
FD615155,u115105_10_00,c000301,4,respaldo_equipo
FD6CA674,u06039030,c000301,4,propia
FD7FDAB9,u060802_10_00,c000101,1,camiseta
FD89CF4A,u117402_10_00,c000101,1,camiseta
FDB416C3,u011205_10_00,c000301,4,camiseta
FDB4998E,u117401_10_00,c000101,0,camiseta
FDE12541,u040101_10_00,c000101,0,camiseta
FDECD9BC,u051405_10_00,c000301,4,camiseta
FDF7317E,u117406_10_00,c000401,5,camiseta
FE0D1B24,u117403_10_00,c000201,2,camiseta
FE2A0CAE,u115105_10_00,c000301,4,respaldo_equipo
FE304DE0,u117402_10_00,c000101,1,camiseta
FE30C2AD,u011104_10_00,c000201,3,camiseta
FE3536FD,u11808020,c000301,4,propia
FE417A3C,u021207_10_00,c000401,6,camiseta
FE462E4D,u115101_10_00,c000101,0,camiseta
FE4A8D32,u11801070,c000101,0,propia
FE590378,u117407_10_00,c000401,6,camiseta
FE62985C,u11010030,c000301,4,propia
FE659F0A,u117407_10_00,c000401,6,camiseta
FE73E510,u117401_10_00,c000101,0,camiseta
FE81F95E,u111504_10_00,c000201,3,camiseta
FE874F06,u080903_10_00,c000201,2,camiseta
FE974698,u117405_10_00,c000301,4,camiseta
FEAA9F11,u117403_10_00,c000201,2,camiseta
FEB8CC8B,u051802_10_00,c000101,1,camiseta
FEB9E6FF,u010205_10_00,c000301,4,camiseta
FEC73271,u021401_10_00,c000101,0,camiseta
FED46125,u021501_10_00,c000101,0,camiseta
FEE8721A,u06039230,c000301,4,propia
FEE9662C,u021005_10_00,c000301,4,camiseta
FEEBB898,u117203_10_00,c000201,2,camiseta
FF01726E,u117403_10_00,c11500260,2,respaldo_equipo
FF09B06C,u070556_10_00,c000401,5,portero
FF2A182D,u117405_10_00,c000301,4,camiseta
FF439369,u111502_10_00,c000101,1,camiseta
FF452531,u081506_10_00,c000401,5,camiseta
FF552CAF,u117401_10_00,c000101,0,camiseta
FF566960,u115103_10_00,c000201,2,camiseta
FF6413AF,u010102_10_00,c000101,1,respaldo_generico
FF68F526,u117405_10_00,c000301,4,camiseta
FF7A9611,u111001_10_00,c000101,0,camiseta
FF7B8CC8,u010202_10_00,c000101,1,camiseta
FF82F2B3,u051302_10_00,c000101,1,respaldo_equipo
FF85EDF6,u010301_10_00,c000101,0,camiseta
FF9B694F,u117402_10_00,c000101,1,camiseta
FFA7F53D,u117401_10_00,c000101,0,camiseta
FFB18F27,u117402_10_00,c000101,1,camiseta
FFBA5771,u030401_10_00,c000101,0,camiseta
FFC87FB8,u041855_10_00,c000301,4,portero
FFCF7113,u117406_10_00,c000401,5,camiseta
FFE4D280,u021807_20_00,c000401,6,camiseta
FFE86699,u115108_10_00,c000301,7,camiseta
FFF227D7,u117403_10_00,c000201,2,camiseta
FFF2A89A,u011103_10_00,c000201,2,camiseta
FFF75CCA,u11808120,c000401,6,propia
FFF7C4E1,u117402_10_00,c000101,1,camiseta
