# Equipacion de cada personaje, para ensenarlo de cuerpo.
# identidad = el valor del campo 0xBA162C11 de la partida.
# icono = fichero de datos/iconos/.../10_icon_chr/uniform/<icono>_00_l.png
# Lo genera herramientas/construir_equipacion_jugador.py (NOTAS O-76).
identidad,icono
000CCA62,u115101_10
002513F9,u010201_10
00491555,u117401_10
004A74D5,u115101_10
005CEF5C,u110701_10
0060C7F1,u050101_10
006246A5,u080601_10
00663444,u117401_10
006DEC12,u031901_10
006F8F1C,u117401_10
00821881,u061101_10
008297CC,u117401_10
009859CF,u115101_10
009F3580,u031201_10
00AA63B1,u112201_10
00AD1DDF,u050601_10
00B5CE9C,u110101_10
00BDA206,u020201_10
00BF4E45,u117401_10
00CA6827,u117401_10
00CA6CD2,u041901_10
00CAE76A,u040201_10
00D2A610,u050701_10
00E08E4F,u117401_10
01080210,u117401_10
01088D5D,u040201_10
0110CC27,u050701_10
01189533,u111801_10
0122E478,u117401_10
0140FDFB,u117401_10
015A33F8,u115101_10
016F77E8,u050601_10
017D2472,u117401_10
018B7F62,u112101_10
0198C201,u117401_10
019E856B,u110701_10
01A02C92,u080601_10
01A0E982,u050201_10
01A45E73,u117401_10
01ADE52B,u117401_10
01AF8625,u031901_10
01E25080,u021201_10
01E779CE,u010201_10
01F7A52D,u115101_10
02094A80,u117401_10
020D20F7,u112101_10
02154140,u115101_10
02197A14,u051101_10
0219E23F,u030301_10
021C166F,u117401_10
021C7047,u081301_10
02208A1D,u117401_10
0222D9BE,u111201_10
02293145,u117401_10
022B524B,u032301_10
0234719A,u117401_10
0236F007,u117401_10
024A9476,u110101_10
025029AD,u110101_10
0263ADA0,u010101_10
0268FABB,u070201_10
02693477,u040101_10
0275D7BA,u020801_10
028C5933,u040501_10
028CD67E,u117401_10
02941849,u051801_10
02C42995,u117401_10
02E4DD1D,u010101_10
02ECD795,u051601_10
02F9F01C,u117401_10
0305066D,u115101_10
030643A2,u117401_10
030F668B,u021501_10
0317B2A7,u117401_10
0326B72A,u117401_10
032EB7DF,u112201_10
032EBDA2,u051601_10
03322173,u021701_10
03397668,u010901_10
033B9A2B,u117401_10
034E3304,u040501_10
034EBC49,u117401_10
03A148DA,u011101_10
03A33B7F,u020101_10
03AA908C,u070201_10
03B7BD8D,u020801_10
03BCEA96,u041101_10
03CB20B7,u117401_10
03DE1A70,u081301_10
03DE7C58,u117401_10
03E0B389,u111201_10
03E2E02A,u117401_10
03E9387C,u032301_10
03EB5B72,u117401_10
03F49A30,u117401_10
04079A90,u061701_10
040F6433,u061201_10
040FEB7E,u117401_10
043232F7,u117401_10
04471495,u117401_10
04479BD8,u117401_10
04560E75,u010201_10
045714AC,u111001_10
04646742,u020201_10
049E1BAB,u010101_10
04A01582,u112501_10
04A86F4B,u010301_10
04B2A148,u115101_10
04D7D484,u117401_10
04DADE77,u080601_10
04DB53B4,u117401_10
04E090A0,u031301_10
04E2F3AE,u117401_10
04EB48F6,u117401_10
04F417C5,u020201_10
04FDBDA1,u060901_10
0502906E,u061501_10
050B3A0A,u021801_20
0515BEB3,u117401_10
05209999,u117401_10
0522FA97,u031301_10
052922C1,u117401_10
053FD796,u060901_10
055C719C,u010101_10
05627FB5,u112501_10
056A057C,u010301_10
05857EA2,u117401_10
0585F1EF,u040901_10
05957E9B,u111001_10
05A2E665,u115101_10
05ABD762,u081101_10
05C5F0A7,u117401_10
05CD8149,u117401_10
05F058C0,u117401_10
05F11D3B,u117401_10
05FC0170,u020901_10
06012581,u040101_10
0601AACC,u117401_10
06113DEF,u111801_10
06178BB7,u080401_10
061964FB,u040101_10
061C0880,u117401_10
0629224E,u110501_10
06338293,u117401_10
063FB9C7,u115101_10
064124C9,u117401_10
06495527,u117401_10
065F2F3D,u117401_10
06644770,u081201_10
0666DF34,u050401_10
06748CAE,u117401_10
0675C955,u117401_10
06864400,u061401_10
0686553C,u117401_10
06916ADD,u117401_10
06A44DF7,u117401_10
06A62EF9,u031401_10
06ADF6AF,u117401_10
06D3089B,u117401_10
06E25622,u010101_10
06ED94DD,u115101_10
06EED112,u010401_10
06F6F352,u115101_10
07033136,u051401_10
072CBB25,u010401_10
073A8B76,u110101_10
07443F0B,u117401_10
075300EA,u117401_10
076444CE,u031401_10
076627C0,u117401_10
076F9C98,u117401_10
0782683F,u115101_10
07834EFE,u117401_10
078B3F10,u117401_10
079974DD,u011001_10
079D450A,u117401_10
07A4B503,u050401_10
07B40ADA,u041501_10
07B6E699,u117401_10
07B7A362,u117401_10
07BF5DC1,u021401_10
07C34FB6,u040101_10
07C3C0FB,u117401_10
07D357D8,u111801_10
07DB0ECC,u041901_10
07DE62B7,u117401_10
07EB4879,u110501_10
07F1708F,u060401_10
07F1E8A4,u117401_10
080538F5,u041901_10
080F5938,u117401_10
08127439,u040601_10
08192322,u021501_10
0820D32B,u117401_10
08381D1C,u117401_10
08492FB7,u071701_10
0849844E,u110101_10
084C7E85,u117401_10
085A049F,u117401_10
08758E8C,u050701_10
0879D298,u021201_10
087AF017,u117401_10
08840633,u110101_10
08851CEA,u020201_10
08928562,u030101_10
08950484,u117401_10
0897678A,u117401_10
0897E8C7,u010201_10
089CBFDC,u020701_10
08A85240,u060601_10
08A8DD0D,u117401_10
08AB98C2,u115101_10
08BD034B,u115101_10
08CF3FEF,u020201_10
08D4230D,u117201_10
08E022E6,u031601_10
08EBFAB0,u020501_10
08F175C1,u010101_10
0922C79C,u042001_10
09299087,u020501_10
09331FF6,u010101_10
0941C085,u080501_10
09466C04,u110101_10
094776DD,u020201_10
09532D9F,u011001_10
09550DBD,u117401_10
09576EB3,u117401_10
0966300A,u117401_10
096A3877,u060601_10
096AB73A,u117401_10
097F697C,u115101_10
0985CCE4,u030901_10
098AA343,u051301_10
098E14B2,u117401_10
09986EA8,u117401_10
09B7E4BB,u050701_10
09B89A20,u117401_10
09BBDFEF,u115101_10
09C752C2,u041901_10
09CD330F,u117401_10
09D01E0E,u040601_10
09E2B91C,u117401_10
09FA772B,u117401_10
0A01188A,u031101_10
0A0AC0DC,u117401_10
0A3C4E4E,u117401_10
0A49E761,u117401_10
0A666D72,u117401_10
0A7EA345,u117401_10
0A8916AC,u010101_10
0AA5CEE8,u117401_10
0AA613F2,u041901_10
0AAB7861,u010101_10
0AAD44E9,u020401_10
0AC335A9,u111101_10
0AD1D9D3,u117401_10
0AD3BADD,u117401_10
0AEE6354,u117401_10
0AEEEC19,u060401_10
0AF3C118,u032201_10
0AF4AD57,u115101_10
0AFA30D1,u111401_10
0AFD9C50,u081001_10
0B015F9E,u111101_10
0B11D0EA,u117401_10
0B133CA9,u040701_10
0B13B3E4,u117401_10
0B186BB2,u020301_10
0B2C0963,u117401_10
0B2C862E,u060401_10
0B31AB2F,u032201_10
0B64F688,u031501_10
0B6F2EDE,u020401_10
0B79DB89,u117401_10
0B823DB1,u117401_10
0B8A439A,u020201_10
0B8B8D56,u117401_10
0BA40745,u117401_10
0BBCC972,u117401_10
0BC8AAEB,u117401_10
0BE4EA7A,u115101_10
0BFE2479,u117401_10
0C08F742,u111101_10
0C0F47D7,u117401_10
0C11C36E,u021201_10
0C187836,u117401_10
0C1A9475,u041001_10
0C252EF2,u060701_10
0C25A1BF,u117401_10
0C33DBA5,u117401_10
0C482AD0,u115101_10
0C534D5F,u115101_10
0C5F760B,u051601_10
0C668602,u020101_10
0C6DD119,u041701_10
0C70FC18,u010501_10
0C816045,u115101_10
0C82258A,u117401_10
0C885142,u081201_10
0CADAF99,u117401_10
0CB561AE,u117401_10
0CBFFC03,u117401_10
0CC10237,u117401_10
0CEAA1A4,u117401_10
0CEAB098,u061701_10
0CF78CA5,u117401_10
0CFCDBBE,u070301_10
0D036800,u117401_10
0D07B4F1,u010501_10
0D08B056,u030801_10
0D176028,u040101_10
0D28CB93,u117401_10
0D35E692,u117401_10
0D38CB66,u030101_10
0D404FBD,u117401_10
0D4C419A,u071001_10
0D586DFD,u115101_10
0D6FC5AE,u117401_10
0D74928C,u111301_10
0D770B99,u117401_10
0D7D9634,u117401_10
0D8D3EEA,u021201_10
0D912768,u115101_10
0D9D1C3C,u051601_10
0DA4EC35,u020101_10
0DAFBB2E,u041701_10
0DB2962F,u010501_10
0DC0BF38,u117401_10
0DCD2DE0,u117401_10
0DD8710F,u117401_10
0DDA1201,u117401_10
0DE744C5,u060701_10
0DE7CB88,u117401_10
0DF1B192,u117401_10
0E0C78CA,u115101_10
0E20385B,u020201_10
0E2B6F40,u041801_10
0E5CA561,u117401_10
0E5EC66F,u117401_10
0E631FE6,u117401_10
0E6390AB,u060801_10
0E7CDEA4,u117401_10
0E87BC6E,u117401_10
0E8C6438,u030701_10
0E914939,u061301_10
0EAEF3BE,u040301_10
0EB132FC,u117401_10
0EBBE824,u071601_10
0EC49BD3,u117401_10
0EC8CE59,u110601_10
0ECF62D8,u080201_10
0ED9399F,u117401_10
0EDEBDDD,u050201_10
0EEB11C0,u117401_10
0EF3DFF7,u117401_10
0EF9425A,u045301_10
0F06F1E4,u117401_10
0F0A76D4,u021001_10
0F0AA46E,u110601_10
0F1B53A8,u117401_10
0F1C3FE7,u115101_10
0F2340F6,u117401_10
0F297BF7,u117401_10
0F31B5C0,u117401_10
0F3B286D,u042201_20
0F40876B,u071701_10
0F45D659,u117401_10
0F638428,u115101_10
0F7358CB,u117401_10
0F9CAC58,u117401_10
0F9E401B,u041201_10
0F9ECF56,u117401_10
0FA175D1,u117401_10
0FA1FA9C,u060801_10
0FBEB493,u117401_10
0FC97613,u041201_10
0FE2526C,u020201_10
0FE90577,u041801_10
1032A1C6,u020501_10
1039F6DD,u042001_10
104C5FF2,u117401_10
104E3CFC,u117401_10
105AF1C4,u080501_10
105C479C,u020201_10
105D5D45,u110101_10
105DB7FF,u070201_10
105E0C68,u050901_10
1071867B,u117401_10
107D014B,u117401_10
10835FE9,u117401_10
108BBDA0,u050701_10
109525F3,u117401_10
109EFDA5,u030901_10
10A0EEAE,u115101_10
10A3AB61,u117401_10
10ACD5FA,u050701_10
10CB2F4F,u040601_10
10D6024E,u117401_10
10E1466A,u117401_10
10F9885D,u117401_10
11021263,u021401_10
11094578,u040601_10
11146879,u117401_10
11232C5D,u117401_10
113BE26A,u117401_10
114135DE,u117401_10
114F13CA,u010101_10
11574FC4,u117401_10
115C9792,u030901_10
1161C156,u117401_10
1162E3D9,u021201_10
116D343D,u010101_10
11878E9D,u020701_10
118C56CB,u117401_10
118CD986,u010201_10
118E35C5,u117401_10
119C665F,u050901_10
119E2DAB,u020201_10
119F3772,u110101_10
11A6320A,u115101_10
11B0A983,u115101_10
11B36301,u060601_10
11B3EC4C,u117401_10
11CF124C,u117201_10
11D40EAE,u020201_10
11F0CBF1,u020501_10
11FB13A7,u031601_10
12035AF3,u020301_10
12080DE8,u040701_10
120882A5,u117401_10
120AE1AB,u117401_10
121A6EDF,u111101_10
122A9A6E,u032201_10
12373822,u117401_10
1237B76F,u060401_10
1262EAC8,u117401_10
12741F9F,u020401_10
127FC7C9,u031501_10
128CE95A,u050701_10
1290BC17,u117401_10
129DCFA7,u010101_10
12A7F833,u117401_10
12B74634,u011001_10
12BF3604,u117401_10
12CB22C3,u117401_10
12D010F2,u042001_10
12D843FC,u117401_10
12DDC06A,u051201_10
12E51538,u117401_10
12FFDB3B,u115101_10
1311F19D,u117401_10
131A29CB,u031101_10
13277F0F,u117401_10
1348F02E,u050101_10
1352D620,u117401_10
13659204,u117401_10
1376EEC9,u030101_10
137D5C33,u117401_10
139227ED,u010101_10
13B675A8,u020401_10
13BD22B3,u041901_10
13BE3226,u112101_10
13C88B9C,u117401_10
13CAE892,u117401_10
13E10190,u111401_10
13E6AD11,u081001_10
13EF9C16,u115101_10
13F55215,u117401_10
140C5169,u040101_10
14138117,u030801_10
14185941,u117401_10
141C85B0,u010501_10
142580C8,u070301_10
142ED7D3,u117401_10
1433FAD2,u117401_10
14435CBC,u115101_10
14510A34,u081201_10
14583B33,u115101_10
145B7EFC,u117401_10
1466A775,u117401_10
146C3AD8,u117401_10
146FA3CD,u111301_10
1474F4EF,u117401_10
147A59C4,u115101_10
14862D7D,u051601_10
148A1629,u115101_10
14A9A76E,u010501_10
14B48A6F,u041701_10
14BFDD74,u020101_10
14C12340,u117401_10
14C2504D,u050701_10
14C3404E,u117401_10
14D61CA1,u117401_10
14DB8E79,u117401_10
14EA80D3,u117401_10
14FCFAC9,u117401_10
1501A534,u041001_10
15034977,u117401_10
150AF22F,u021201_10
1513C603,u111101_10
15147696,u117401_10
1519E44E,u117401_10
1528EAE4,u117401_10
153E1FB3,u060701_10
153E90FE,u117401_10
1544474A,u051601_10
15531B91,u115101_10
156931B1,u020801_10
156BCD59,u010501_10
1576E058,u041701_10
157DB743,u020101_10
158B5ACD,u117401_10
15936003,u081201_10
159914CB,u117401_10
159A5104,u115101_10
15A4CD42,u117401_10
15A6E6DA,u117401_10
15AE50EF,u117401_10
15B69ED8,u117401_10
15D1EB20,u030801_10
15DA3376,u117401_10
15E7EAFF,u070301_10
15ECBDE4,u117401_10
15F03954,u020201_10
15F190E5,u117401_10
160062E9,u117401_10
16070EA6,u115101_10
16114795,u021001_10
1611952F,u110601_10
161DC0A5,u117401_10
1620192C,u042201_20
162A8481,u117401_10
16324AB6,u117401_10
1648124F,u061301_10
16553F4E,u030701_10
165BB62A,u071701_10
165EE718,u117401_10
1665D364,u080901_10
1668698A,u117401_10
1678B569,u115101_10
1685FE17,u117401_10
16879D19,u117401_10
16A585D2,u117401_10
16B38033,u010101_10
16BA4490,u117401_10
16BACBDD,u060801_10
16F23436,u041801_10
16F9632D,u020201_10
1717498B,u115101_10
17305E01,u041801_10
173B091A,u020201_10
1745F72E,u117401_10
17479420,u117401_10
1767EFE5,u117401_10
17782EA7,u117401_10
178A7878,u061301_10
17975579,u030701_10
1799DC1D,u071701_10
179C8D2F,u117401_10
17A0D965,u071601_10
17AA03BD,u117401_10
17B5C2FF,u040301_10
17C208DE,u117401_10
17D3FF18,u110601_10
17D45399,u080201_10
17DFAA92,u117401_10
17E2731B,u045301_10
17E8EEB6,u117401_10
17ED56E1,u080701_10
17F02081,u117401_10
1803A472,u111801_10
180BFD66,u050701_10
18133351,u117401_10
1813BC1C,u040201_10
1839D539,u117401_10
184102B9,u115101_10
18466EF6,u031201_10
185B43F7,u061101_10
185BCCBA,u117401_10
18661533,u117401_10
1883F340,u117401_10
1885B42A,u110701_10
18904E23,u112501_10
18B4B764,u031901_10
18B6D46A,u117401_10
18BB1DD3,u080601_10
18BF6F32,u117401_10
18EC946C,u115101_10
18FC488F,u010201_10
18FEC374,u010101_10
192EFE5B,u115101_10
193E22B8,u010201_10
19419977,u117401_10
19514594,u115101_10
1974BE5D,u117401_10
197977E4,u080601_10
197D0505,u117401_10
198404C1,u031201_10
199929C0,u061101_10
1999A68D,u117401_10
19A47F04,u117401_10
19A53AFF,u010101_10
19A69347,u020201_10
19B152F0,u112201_10
19B62C9E,u050601_10
19C99751,u050701_10
19D15966,u117401_10
19D1D62B,u040201_10
19FBBF0E,u117401_10
1A1D72E3,u117401_10
1A1E372C,u115101_10
1A20AB6A,u117401_10
1A224729,u010901_10
1A291032,u021701_10
1A35869E,u112201_10
1A3D866B,u117401_10
1A550245,u040501_10
1A558D08,u117401_10
1AA7DBD7,u041101_10
1AA952C4,u050101_10
1AAC8CCC,u020801_10
1AB1A1CD,u070201_10
1ABA799B,u117401_10
1ABAF6D6,u010101_10
1AC02162,u051101_10
1AC0B949,u031401_10
1AC52B31,u081301_10
1AC54D19,u117401_10
1ACB4E47,u020401_10
1AD011F6,u117401_10
1AEFAB71,u117401_10
1AF06A33,u117401_10
1AF9D16B,u117401_10
1B024B55,u051101_10
1B07272E,u117401_10
1B074106,u081301_10
1B0E7001,u115101_10
1B127BC1,u117401_10
1B2DC146,u117401_10
1B30630A,u032301_10
1B320004,u117401_10
1B39E8FF,u111201_10
1B3BBB5C,u117401_10
1B4B18EC,u110101_10
1B51A537,u110101_10
1B6EE6FB,u020801_10
1B73CBFA,u070201_10
1B789CE1,u010101_10
1B81D74A,u050701_10
1B976872,u040501_10
1B97E73F,u117401_10
1BDF18D4,u117401_10
1BE2C15D,u117401_10
1BFFEC5C,u117401_10
1C0208C2,u081501_10
1C0E8FF2,u117401_10
1C100B4B,u021801_20
1C24E6D7,u060901_10
1C321380,u117401_10
1C36A471,u050101_10
1C39CBD6,u031301_10
1C3BA8D8,u117401_10
1C4284C2,u117401_10
1C71343D,u010301_10
1C794EF4,u112501_10
1C8E4FDA,u111001_10
1C9E4FE3,u117401_10
1C9EC0AE,u040901_10
1CB0E623,u081101_10
1CB9D724,u115101_10
1CD63F45,u061201_10
1CD6B008,u117401_10
1CDEC1E6,u117401_10
1CEA2C7A,u117401_10
1CEB6981,u117401_10
1D025A57,u010101_10
1D14DA3F,u117401_10
1D1CABD1,u117401_10
1D20B8EE,u021501_10
1D2903B6,u117401_10
1D4C25ED,u111001_10
1D4D3F34,u010201_10
1D5C25D4,u117401_10
1D5CAA99,u117401_10
1D728C14,u081101_10
1D852AEA,u010101_10
1DA99009,u115101_10
1DB35E0A,u010301_10
1DBB24C3,u112501_10
1DC062F5,u117401_10
1DC1EF36,u080601_10
1DCCE5C5,u117401_10
1DCF6E5D,u050701_10
1DF079B7,u117401_10
1DF9C2EF,u117401_10
1E0A53ED,u117401_10
1E15FC8A,u040101_10
1E16EDA2,u050601_10
1E180077,u010201_10
1E186ADB,u020901_10
1E34CFAB,u115101_10
1E378A64,u010401_10
1E4831AB,u117401_10
1E5F0E4A,u117401_10
1E74ADD9,u117401_10
1E7D1681,u117401_10
1E82459C,u011001_10
1E86744B,u117401_10
1E900E51,u117401_10
1E987FBF,u117401_10
1E99597E,u115101_10
1EA46C80,u021401_10
1EAC9223,u117401_10
1EADD7D8,u117401_10
1EAF3B9B,u041501_10
1EBF8442,u050401_10
1EC03F8D,u050601_10
1EC553F6,u117401_10
1ED87EF7,u040101_10
1ED8F1BA,u117401_10
1EE6E2B1,u115101_10
1EEA41CE,u060301_10
1EEAD9E5,u117401_10
1EF07938,u110501_10
1F0255BA,u040101_10
1F0739C1,u117401_10
1F0A0CAE,u111801_10
1F0CBAF6,u080401_10
1F1A14C0,u040101_10
1F1A9B8D,u117401_10
1F248886,u115101_10
1F28B3D2,u117401_10
1F32130F,u110501_10
1F441E7C,u117401_10
1F526466,u117401_10
1F5A1588,u117401_10
1F6EF814,u117401_10
1F6FBDEF,u117401_10
1F7E2CB6,u041501_10
1F86DCAC,u117401_10
1F8A5B9C,u117401_10
1F9D647D,u117401_10
1FB2701F,u050101_10
1FB6C7EE,u117401_10
1FBD1FB8,u031401_10
1FBF7CB6,u117401_10
1FC839DA,u117401_10
1FEDC213,u115101_10
1FF5E053,u010401_10
20015AA0,u117401_10
201CF8EC,u032201_10
202C0C5D,u111101_10
202D1684,u110901_10
203C8329,u117401_10
204217B1,u051301_10
20427D1D,u020401_10
2049A54B,u031501_10
204BC645,u117401_10
2054884A,u117401_10
206065D6,u117401_10
20895486,u117401_10
20919AB1,u117401_10
20996412,u117401_10
209B996D,u011001_10
20A6DE95,u117401_10
20AE2036,u117401_10
20B91FD7,u117401_10
20C9B9B9,u115101_10
20D377BA,u117401_10
20E5F928,u117401_10
20EE217E,u031101_10
21111D8D,u117401_10
2127931F,u117401_10
212C4B49,u031101_10
214B3EB1,u117401_10
2150D673,u117401_10
2153F086,u117401_10
215B0E25,u117401_10
2164B4A2,u117401_10
216C4A01,u117401_10
217B75E0,u117401_10
2180172A,u020401_10
2189AC72,u117401_10
218B4031,u041901_10
219A985B,u010201_10
21A20FE1,u117401_10
21A4456F,u010101_10
21C33097,u117401_10
21C3BFDA,u060401_10
21D0CF93,u081001_10
21D9FE94,u115101_10
21DE92DB,u032201_10
21EE666A,u111101_10
21FEE91E,u117401_10
2204C344,u020501_10
220D781C,u117401_10
220F945F,u042001_10
2220061B,u020201_10
22476BB4,u060601_10
2247E4F9,u117401_10
224B63C9,u117401_10
22523ABF,u115101_10
22686EEA,u050901_10
226A251E,u020201_10
226C9346,u080501_10
227A3D70,u117401_10
228DEBA3,u115101_10
2295C9E3,u117401_10
229AB778,u050701_10
22A34771,u117401_10
22A89F27,u030901_10
22B53D6B,u117401_10
22CFEADF,u117401_10
22D4021D,u020601_10
22D724E8,u117401_10
22E060CC,u117401_10
22E89E6F,u117401_10
22F7699C,u041701_10
22FD4DCD,u040601_10
230D80E8,u117401_10
23154EDF,u117401_10
231DB07C,u032101_10
23220AFB,u117401_10
232AF458,u117401_10
233470E1,u021501_10
233F27FA,u040601_10
2354815B,u021201_10
2357A3D4,u117401_10
2358DD4F,u050701_10
23612D46,u117401_10
2364D78D,u110101_10
236AF510,u030901_10
2377575C,u117401_10
23858ECE,u117401_10
2386CB01,u115101_10
23905088,u115101_10
239DAC8E,u115101_10
23AA04DD,u050901_10
23B85747,u117401_10
23C6A973,u020501_10
23CD7125,u031601_10
23CE58E4,u040301_10
23CF122B,u117401_10
23DC2602,u010101_10
23E26C2C,u020201_10
23F970CE,u117201_10
23FA933B,u112101_10
24042834,u117401_10
24167BAE,u042201_20
241CE603,u117401_10
24235C84,u117401_10
24272517,u021001_10
242BA227,u117401_10
24316C24,u115101_10
2436006B,u117401_10
24490C3D,u080901_10
244ED7EB,u115101_10
245E0B08,u117401_10
24635DCC,u030701_10
2468859A,u117401_10
246DD4A8,u071701_10
247E70CD,u061301_10
2484F568,u071001_10
248C2612,u117401_10
248CA95F,u060801_10
248EB5AA,u070201_10
24B1FF9B,u117401_10
24C6BAF7,u117401_10
24CF01AF,u020201_10
24DFD4DA,u040101_10
24F07F94,u030101_10
2504D0C0,u117401_10
25063C83,u041801_10
250D6B98,u020201_10
25212B09,u115101_10
2522046A,u061701_10
252A4AD0,u050701_10
254E4C25,u117401_10
254EC368,u060801_10
25638DC2,u020201_10
257395AC,u117401_10
259C613F,u117401_10
25A137FB,u030701_10
25AAEFAD,u117401_10
25AFBE9F,u071701_10
25C64203,u117401_10
25D41199,u045301_10
25D6FDDA,u045601_10
25DB3463,u080701_10
25DDAAC1,u020901_10
25DE8C34,u117401_10
25E136B3,u117401_10
25E59D9A,u110601_10
25E9C810,u117401_10
25F46A5C,u117401_10
26059850,u117401_10
260C33A3,u010201_10
260F257E,u030101_10
2613E24A,u070301_10
2618B551,u117401_10
26208E30,u040101_10
2625E395,u030801_10
262E3BC3,u117401_10
2642966D,u117401_10
2650C5F7,u117401_10
265229B4,u011101_10
26597EAF,u021301_10
2659C14F,u111301_10
265A585A,u117401_10
2665E2DD,u117401_10
266768B6,u081201_10
2669E9F2,u110101_10
266D1C7E,u117401_10
266E59B1,u115101_10
268004AE,u117401_10
2682E8ED,u041701_10
2689BFF6,u020101_10
269FC5EC,u010501_10
26A07F6B,u030601_10
26BC74AB,u115101_10
26CA1706,u060701_10
26CA984B,u117401_10
26DCE251,u117401_10
26E07E23,u117401_10
26F741C2,u117401_10
27087D31,u060701_10
2708F27C,u117401_10
271E8866,u117401_10
27221414,u117401_10
27317A44,u041001_10
27352BF5,u117401_10
27426E99,u117401_10
274BD5C1,u020101_10
2755AF2E,u112301_10
277225C8,u051601_10
2772BDE3,u050401_10
277E1E9C,u115101_10
2780FC5A,u117401_10
2792AFC0,u117401_10
2798326D,u117401_10
27A3F179,u117401_10
27A50281,u081201_10
27A788EA,u117401_10
27AC3386,u115101_10
27AF7649,u117401_10
27C7F267,u117401_10
27D1887D,u070301_10
27E789A2,u030801_10
27EC51F4,u117401_10
280BE4E9,u117401_10
2816C9E8,u117401_10
282B1061,u117401_10
28333221,u115101_10
28618C84,u117401_10
286360C7,u040501_10
2863EF8A,u117401_10
28685D70,u050201_10
2873EFB3,u111001_10
2887C34F,u070201_10
288C1B19,u011101_10
288C9454,u010101_10
2891B955,u041101_10
289AEE4E,u020801_10
28B32ED3,u117401_10
28B8F685,u117401_10
28C46BBF,u032301_10
28CDE04A,u111201_10
28CFB3E9,u117401_10
28D9C9F3,u117401_10
28E11F3B,u115101_10
28F32F9B,u117401_10
28F349B3,u081301_10
28F643E0,u051101_10
29060188,u032301_10
29068165,u051101_10
290DD9DE,u117401_10
290F8A7D,u111201_10
291BA3C4,u117401_10
2923750C,u115101_10
29312384,u081301_10
293145AC,u117401_10
293429D7,u051101_10
2934B1FC,u030401_10
29381283,u115101_10
2945A978,u070201_10
29588479,u020801_10
2967C7B5,u110101_10
297A9CB2,u117401_10
297CAC00,u010201_10
29A10AF0,u040501_10
29A185BD,u117401_10
29A3E6B3,u117401_10
29A9C77C,u115101_10
29C98EDE,u010101_10
29D4A3DF,u117401_10
29E97A56,u117401_10
29EA3F99,u115101_10
2A0FB7BB,u117401_10
2A2551D3,u117401_10
2A25DE9E,u040201_10
2A2732DD,u117401_10
2A300D3C,u117401_10
2A3D9FE4,u050701_10
2A42242B,u050601_10
2A5077B1,u117401_10
2A6D2175,u061101_10
2A6DAE38,u117401_10
2A700C74,u031201_10
2A77603B,u115101_10
2A82D5E6,u031901_10
2A890DB0,u117401_10
2A8D7F51,u080601_10
2A924FC4,u040101_10
2AA62CA1,u112101_10
2AA7A162,u115101_10
2AB3D6A8,u110701_10
2AB47A29,u080301_10
2AB591C2,u117401_10
2AC0F0D5,u010101_10
2AC7D279,u021501_10
2AD5EB4F,u117401_10
2ADAF6EE,u115101_10
2AFE48DC,u117401_10
2B08403A,u010201_10
2B178178,u117401_10
2B189CD9,u115101_10
2B37FABD,u030301_10
2B3C22EB,u117401_10
2B40BFD1,u031901_10
2B4B6787,u117401_10
2B4F1566,u080601_10
2B644696,u117401_10
2B65CB55,u115101_10
2B672716,u115101_10
2B71BC9F,u110701_10
2B77FBF5,u117401_10
2B804E1C,u050601_10
2B921D86,u117401_10
2BAF4B42,u061101_10
2BAFC40F,u117401_10
2BB26643,u031201_10
2BCDDD8C,u117401_10
2BCFB366,u110501_10
2BE558EA,u117401_10
2BE73BE4,u117401_10
2BE7B4A9,u040201_10
2BF2670B,u117401_10
2C01E8E6,u010401_10
2C2774C0,u050701_10
2C2F3A7A,u110301_10
2C358A37,u117401_10
2C3C316F,u117401_10
2C3E5261,u030501_10
2C42CF5B,u117401_10
2C49170D,u031401_10
2C696CC8,u117401_10
2C6C6389,u115101_10
2C72D419,u117401_10
2C7E5329,u117401_10
2C89E6C0,u050401_10
2C9AF0A1,u117401_10
2C9BB55A,u117401_10
2CA317ED,u010101_10
2CA66CD3,u117401_10
2CAF3BFC,u115101_10
2CB016C9,u117401_10
2CB4271E,u011001_10
2CC61BBA,u110501_10
2CCA249C,u061501_10
2CD08033,u115101_10
2CDCBB67,u117401_10
2CECF036,u117401_10
2CEE1C75,u040101_10
2CEE9338,u117401_10
2CF33174,u117401_10
2CFE041B,u111801_10
2D12EA04,u115101_10
2D1E497B,u117401_10
2D1ED150,u117401_10
2D2C7642,u040101_10
2D2CF90F,u117401_10
2D2E9A01,u117401_10
2D315B43,u117401_10
2D343738,u040101_10
2D3AD874,u080401_10
2D3C6E2C,u111801_10
2D3CA337,u020201_10
2D3D9E4F,u070301_10
2D4B8CF7,u050401_10
2D589A96,u020801_10
2D59DF6D,u117401_10
2D6406E4,u117401_10
2D727CFE,u117401_10
2D80A56C,u117401_10
2D8B7D3A,u031401_10
2D9EAF46,u050101_10
2DAB06FF,u117401_10
2DAE09BE,u115101_10
2DB0BE2E,u117401_10
2DBC391E,u117401_10
2DC0C71E,u115101_10
2DCF05E1,u030101_10
2DEC08C2,u051401_10
2DF5F631,u010201_10
2DF7E000,u117401_10
2DFE5B58,u117401_10
2E047102,u117401_10
2E0FA954,u031301_10
2E128455,u060901_10
2E1A7B28,u050101_10
2E2ADDD0,u115101_10
2E38ED70,u117401_10
2E501BC2,u117401_10
2E73346E,u117401_10
2E812820,u111501_10
2E8684A1,u081101_10
2E8FB5A6,u115101_10
2EA82D61,u117401_10
2EA8A22C,u040901_10
2EAA4E6F,u117401_10
2EC40365,u115101_10
2EDC4EF8,u117401_10
2EDD0B03,u117401_10
2EE0D28A,u117401_10
2EEB69E6,u117201_10
2F1714A0,u011401_10
2F1F6134,u117401_10
2F22B8BD,u117401_10
2F44EE96,u081101_10
2F4EF0F2,u061401_10
2F682458,u117401_10
2F6A4756,u117401_10
2F6AC81B,u040101_10
2F7A476F,u111001_10
2F853C88,u010301_10
2F8D4641,u112501_10
2F9FF28B,u115101_10
2FB15E59,u117401_10
2FB34868,u010101_10
2FBA860F,u030401_10
2FC61B35,u117401_10
2FCDC363,u031301_10
2FD0EE62,u060901_10
2FE8B7E7,u115101_10
2FF48419,u020101_10
2FFA8747,u117401_10
30009285,u117401_10
3014BB3C,u111201_10
3016E89F,u117401_10
301D30C9,u032301_10
302A74ED,u117401_10
302F1896,u051101_10
302F80BD,u030501_10
3038444D,u115101_10
3055406F,u117401_10
3055CF22,u010101_10
3061ADF3,u117401_10
30664B2F,u110101_10
30679D41,u010201_10
307CF6F4,u110101_10
30B2F63D,u115101_10
30B8D7F2,u117401_10
30BA3BB1,u040501_10
30BAB4FC,u117401_10
30CF929E,u117401_10
30D2BF9F,u010101_10
30E0C524,u051701_10
30F24B17,u117401_10
310DF8A9,u117401_10
3110D5A8,u117401_10
3123B9D2,u021501_10
31280360,u115101_10
312F7F8B,u041801_10
31302120,u117401_10
313364EF,u115101_10
3168DEF2,u111001_10
3178DECB,u117401_10
317ABDC5,u117401_10
3181DF0F,u020801_10
318A8814,u041101_10
31972A58,u117401_10
3197A515,u010101_10
319CF20E,u070201_10
31A3C7C4,u117401_10
31A81F92,u030101_10
31C2F8B2,u117401_10
31D482A8,u117401_10
31D6D10B,u111201_10
31DF5AFE,u032301_10
31E81EDA,u117401_10
31E878F2,u081301_10
31ED72A1,u051101_10
31FA2E7A,u115101_10
3203AD98,u115101_10
320CB039,u117401_10
3213717B,u010201_10
322713AA,u117401_10
322CCBFC,u030301_10
325056C6,u117401_10
32542427,u080601_10
325B8E90,u031901_10
326A8DDE,u110701_10
326CCAB4,u117401_10
327C1657,u115101_10
327EFA14,u115101_10
327F77D7,u117401_10
3283AC1E,u110101_10
32892CC7,u117401_10
329B7F5D,u050601_10
32A95702,u031201_10
32B47A03,u061101_10
32B4F54E,u117401_10
32C6A73F,u051601_10
32D48227,u110501_10
32D6ECCD,u117401_10
32E4C492,u050701_10
32E9564A,u117401_10
32FC0AA5,u117401_10
32FE69AB,u117401_10
331486FA,u117401_10
3326AEA5,u050701_10
33282B71,u041801_10
332B3C7D,u117401_10
333C039C,u117401_10
333E6092,u117401_10
333EEFDF,u040201_10
334B46F0,u117401_10
3359156A,u050601_10
336B3D35,u031201_10
336C517A,u115101_10
33761034,u061101_10
33769F79,u117401_10
338C36DB,u050201_10
33923CF1,u117401_10
339905CF,u011001_10
3399E4A7,u031901_10
33A8E7E9,u110701_10
33AEA083,u117401_10
33AF4B68,u080301_10
33BC9023,u115101_10
33C1C7AF,u115101_10
33CEDA0E,u117401_10
33D11B4C,u010201_10
33DBC194,u010101_10
33E5799D,u117401_10
3405E011,u117401_10
3409DB45,u115101_10
341F40CC,u110501_10
3421E935,u080401_10
34275F6D,u111801_10
342A6A02,u117401_10
342F0679,u040301_10
3435AB40,u117401_10
34374703,u040101_10
3437C84E,u117401_10
3442EE2C,u117401_10
3443ABD7,u117401_10
344E17E8,u020201_10
3450BDB6,u050401_10
34694DBF,u117401_10
347F37A5,u117401_10
34904C7B,u031401_10
349B942D,u117401_10
34A7085F,u117401_10
34AA9B59,u061401_10
34AB8F6F,u117401_10
34B037BE,u117401_10
34B538FF,u115101_10
34D8B390,u010401_10
34DBF65F,u115101_10
34E56A19,u117401_10
34ECD141,u117401_10
34EEC770,u010201_10
34F73983,u051401_10
351AD9A7,u010401_10
35256320,u030501_10
3527002E,u117401_10
352EBB76,u117401_10
353553B4,u040101_10
3552264C,u031401_10
3559FE1A,u117401_10
35656268,u117401_10
35725D89,u117401_10
357752C8,u115101_10
3580841B,u117401_10
3581C1E0,u117401_10
358C7DDF,u020201_10
3592D781,u050401_10
35AB2788,u117401_10
35AF165F,u011001_10
35B40ABD,u115101_10
35BD5D92,u117401_10
35C7120D,u030301_10
35C78A26,u117401_10
35CBB172,u115101_10
35DD2AFB,u110501_10
35E5355A,u111801_10
35E80035,u117401_10
35ED6C4E,u050601_10
35F52D34,u040101_10
35F5A279,u117401_10
35F7C177,u117401_10
35FE1083,u050101_10
36045075,u117401_10
362F6511,u117401_10
363989FC,u117401_10
365FDFD7,u081101_10
3661762E,u111001_10
36717617,u117401_10
3671F95A,u040101_10
36731519,u117401_10
367AC4ED,u050101_10
3684C3CA,u115101_10
36967700,u112501_10
369CF121,u020401_10
369E0DC9,u010301_10
36A1B74E,u030401_10
36AA6F18,u117401_10
36CBDF23,u060901_10
36D6F222,u031301_10
36D8C89C,u020201_10
36DD2A74,u117401_10
36E1B606,u117401_10
36F386A6,u115101_10
37149815,u031301_10
371F4043,u117401_10
3723DC31,u117401_10
372E4F37,u061501_10
3731EC91,u115101_10
37541D37,u112501_10
375C67FE,u010301_10
3768052F,u117401_10
376A131E,u010101_10
379A1961,u111501_10
379DB5E0,u081101_10
37A31C19,u111001_10
37B17F2E,u117401_10
37B31C20,u117401_10
37B3936D,u040901_10
37C63A42,u117401_10
37C77FB9,u117401_10
37CB51D1,u110301_10
37D0DE29,u020901_10
37DCD24E,u021501_10
37DF3224,u115101_10
37F058A7,u117201_10
37FB6C86,u061201_10
37FBE3CB,u117401_10
380A2CCC,u117401_10
38377A08,u031101_10
3838474F,u011101_10
383CA25E,u117401_10
38403F64,u117401_10
3848C1C7,u117401_10
384BE732,u117401_10
38500FF0,u117401_10
386044A1,u117401_10
38777B40,u117401_10
387F85E3,u117401_10
3881A91A,u010201_10
3887A738,u010101_10
38907170,u041901_10
38929D33,u117401_10
389B266B,u020401_10
38B93EA0,u117401_10
38BF742E,u010101_10
38C2CFD5,u115101_10
38C5A39A,u032201_10
38CBFED2,u081001_10
38D801D6,u117401_10
38D88E9B,u060401_10
38E5D85F,u117401_10
38F5572B,u111101_10
3907C9AD,u032201_10
391A6BE1,u117401_10
3927B268,u117401_10
393627C5,u110901_10
39373D1C,u111101_10
393E8ED7,u020801_10
394FB90B,u117401_10
3950F704,u117401_10
3952940A,u031501_10
397B5497,u117401_10
39825553,u117401_10
398AABF0,u117401_10
399265C7,u117401_10
39A22E96,u117401_10
39B51177,u117401_10
39BDEFD4,u117401_10
39C846FB,u117401_10
39D288F8,u115101_10
39F5103F,u031101_10
39FEC869,u117401_10
3A06813D,u032101_10
3A0E7F9E,u117401_10
3A2416BB,u040601_10
3A25CC3D,u051301_10
3A2F41A0,u021401_10
3A31C519,u117401_10
3A393BBA,u117401_10
3A42B664,u117401_10
3A43EC0E,u050701_10
3A4C9295,u117401_10
3A4FB01A,u021201_10
3A6C661D,u117401_10
3A71C451,u030901_10
3A7A1C07,u117401_10
3A7FE6CC,u110101_10
3A869DCF,u115101_10
3A8B61C9,u115101_10
3A9EBF8F,u117401_10
3AA36606,u117401_10
3AB1359C,u050901_10
3AB37E68,u020201_10
3ABE5A3B,u030101_10
3AD4236A,u117401_10
3AD64064,u031601_10
3AE2418F,u117201_10
3AF95D6D,u020201_10
3B057D74,u010101_10
3B14A51E,u042001_10
3B16495D,u117401_10
3B1FF205,u020501_10
3B490BFE,u115101_10
3B4DD475,u117401_10
3B5C5AF5,u060601_10
3B5CD5B8,u117401_10
3B5F9077,u115101_10
3B610C31,u117401_10
3B71145F,u020201_10
3B735FAB,u050901_10
3B77A207,u080501_10
3B818639,u050701_10
3B8DBD6D,u115101_10
3B8EF8A2,u117401_10
3B96DAE2,u115101_10
3BA67C1A,u051301_10
3BAE0C2A,u117401_10
3BB3AE66,u030901_10
3BB3BC24,u021501_10
3BB87630,u117401_10
3BCC15A9,u117401_10
3BCF335C,u020601_10
3BD4DB9E,u117401_10
3BF3AF2E,u117401_10
3C165AD9,u020201_10
3C1D0DC2,u041801_10
3C1FE181,u117401_10
3C2BE8EC,u050401_10
3C3A1A48,u115101_10
3C3A5C1A,u051601_10
3C3E05A6,u117401_10
3C557D64,u117401_10
3C55F229,u060801_10
3C68A4ED,u117401_10
3C78BC83,u020201_10
3C87507E,u117401_10
3C8C9357,u050901_10
3CB1DEEC,u117401_10
3CB48FDE,u071701_10
3CBA06BA,u030701_10
3CC00522,u080701_10
3CC5BD75,u117401_10
3CC69B80,u020901_10
3CCDCC9B,u045601_10
3CCF20D8,u045301_10
3CDD7342,u117401_10
3CEF5B1D,u117401_10
3CF2F951,u117401_10
3CFA07F2,u117401_10
3CFE7E61,u010101_10
3CFEACDB,u110601_10
3D07D742,u117401_10
3D0D4AEF,u042201_20
3D1F1975,u117401_10
3D2A5D65,u115101_10
3D2D312A,u117401_10
3D309366,u117401_10
3D386DC5,u117401_10
3D3C1456,u021001_10
3D3CC6EC,u110601_10
3D453A49,u117401_10
3D65418C,u061301_10
3D73B4DB,u117401_10
3D76E5E9,u071701_10
3D786C8D,u030701_10
3D971753,u117401_10
3D9ED3F0,u010101_10
3DAACEDA,u117401_10
3DC4E59B,u040101_10
3DD430EE,u020201_10
3DDD8BB6,u117401_10
3DDF67F5,u041801_10
3DEB4ED5,u030101_10
3E05B927,u117401_10
3E13C33D,u117401_10
3E2E1AB4,u117401_10
3E392555,u117401_10
3E469E9A,u010501_10
3E4E9E6F,u112301_10
3E55F38F,u080301_10
3E595FD8,u117401_10
3E5BB39B,u041701_10
3E652FDD,u115101_10
3E691489,u051601_10
3E697E0F,u115101_10
3E779B17,u117401_10
3E83032C,u117401_10
3E899E81,u117401_10
3E8BFD8F,u031001_10
3E9BCD1B,u117401_10
3EB44708,u117401_10
3EB702C7,u115101_10
3EBCB9AB,u117401_10
3EBE33C0,u081201_10
3EC1EE27,u117401_10
3EC66FC1,u061701_10
3ECAB93C,u070301_10
3ECB5A6B,u117401_10
3EDCC326,u117401_10
3EF760B5,u117401_10
3EFCB8E3,u030801_10
3F038410,u117401_10
3F08D30B,u070301_10
3F14143F,u030101_10
3F1EA911,u117401_10
3F350A82,u117401_10
3F3BBF71,u040101_10
3F3ED2D4,u030801_10
3F41691B,u117401_10
3F424FEE,u021301_10
3F42F00E,u111301_10
3F4918F5,u011101_10
3F4BF4B6,u117401_10
3F570A07,u115101_10
3F59A72C,u117401_10
3F609EC3,u071001_10
3F7568F0,u115101_10
3F762D3F,u117401_10
3F7C59F7,u081201_10
3F7ED39C,u117401_10
3F84F4AD,u010501_10
3F928EB7,u020101_10
3F99D9AC,u041701_10
3F9B35EF,u117401_10
3FAB7EBE,u051601_10
3FBB4E2A,u030601_10
3FC7D310,u117401_10
3FD12647,u060701_10
3FD1A90A,u117401_10
3FEC7083,u117401_10
3FFB4F62,u117401_10
4004409E,u117401_10
400F98C8,u030701_10
4012B5C9,u061301_10
402212EF,u115101_10
4030224F,u010601_10
4030AD02,u117401_10
4032CE0C,u117401_10
4046CEAF,u115101_10
40476723,u117401_10
404B32A9,u110601_10
404BE013,u021001_10
405AC56F,u117401_10
4068ED30,u117401_10
40702307,u117401_10
407ABEAA,u042201_20
40A3C4AB,u020201_10
40A893B0,u041801_10
40B4C6FD,u050701_10
40D802B2,u115101_10
40DD3A9F,u117401_10
40E0E316,u117401_10
411F50A8,u117401_10
4122066C,u060801_10
41228921,u117401_10
414DEE0D,u115101_10
4161AE9C,u020201_10
416AF987,u041801_10
41850D14,u117401_10
4189589E,u110601_10
41898A24,u020401_10
4198AF58,u117401_10
419FC317,u115101_10
41AA8707,u117401_10
41B24930,u117401_10
41B7F167,u080701_10
41B8D49D,u045301_10
41C37B9B,u071701_10
41C62AA9,u117401_10
41F0A43B,u117401_10
41F2C735,u117401_10
4201D97A,u117401_10
42029CB5,u115101_10
420BADB2,u081201_10
422E5369,u117401_10
4235044B,u111301_10
42369D5E,u117401_10
423C00F3,u117401_10
4242FEC7,u117401_10
42695D54,u117401_10
42747055,u117401_10
4276135B,u117401_10
427F274E,u070301_10
4284CAC9,u117401_10
428CBB27,u117401_10
429B84C6,u117401_10
42A65D4F,u117401_10
42A6D202,u060701_10
42B02755,u117401_10
42DC8AFB,u051601_10
42E57AF2,u020101_10
42EE2DE9,u041701_10
42F300E8,u010501_10
430EC21A,u021201_10
4312DB98,u115101_10
4325EC2D,u010101_10
432710C5,u020101_10
432C47DE,u041701_10
43316ADF,u010501_10
4346A0FE,u117401_10
434ED110,u117401_10
4359EEF1,u117401_10
43643778,u117401_10
43724D62,u117401_10
438094F0,u117401_10
438B4CA6,u030801_10
43AB265F,u061701_10
43AB3763,u117401_10
43B4796C,u117401_10
43B4F621,u010701_10
43B61A62,u117401_10
43C3B34D,u117401_10
43EC395E,u117401_10
43F4F769,u117401_10
43FE6AC4,u117401_10
440AEA5C,u010101_10
4425604F,u031501_10
442EB819,u020401_10
44384D4E,u117401_10
4440C959,u111101_10
4450462D,u117401_10
445F0088,u010101_10
44609557,u070401_10
446D9FA4,u117401_10
44703DE8,u032201_10
447751A7,u115101_10
447E60A0,u081001_10
447F7A79,u080801_10
4482E47A,u031101_10
44893C2C,u117401_10
448ECD0F,u112101_10
44A57CBD,u115101_10
44BD5EFD,u010901_10
44BDD1B0,u117401_10
44BFB2BE,u117401_10
44CA1B91,u117401_10
44E59182,u117401_10
44F7C218,u045301_10
44FD5FB5,u117401_10
450871A6,u117401_10
4527FBB5,u117401_10
453F3582,u117401_10
454B561B,u117401_10
457DD889,u117401_10
457FBB87,u117401_10
4582A36E,u111101_10
45922C1A,u117401_10
45A2674B,u117401_10
45A2FF60,u010901_10
45AF7ADE,u060401_10
45AFF593,u117401_10
45B257DF,u032201_10
45B53B90,u115101_10
45BC0A97,u081001_10
45C8806B,u010101_10
45D0C111,u117401_10
45E78535,u041901_10
45E9D15E,u117401_10
45ECD22E,u020401_10
46005642,u080501_10
4604ABEE,u050901_10
4606E01A,u020201_10
46071079,u070201_10
462B21FD,u117401_10
462BAEB0,u060601_10
463EFFBB,u115101_10
464CC31F,u020201_10
464EDFFE,u010101_10
4657DFFD,u117201_10
4663515B,u042001_10
46680640,u020501_10
467E1CC7,u010101_10
468CA5C8,u117401_10
469188C9,u040601_10
46A32FDB,u117401_10
46BBE1EC,u117401_10
46CF8275,u117401_10
46D9F86F,u117401_10
46F6727C,u050701_10
46FA4928,u115101_10
46FA7FEA,u050701_10
46FB6FE9,u117401_10
47063014,u030901_10
47081289,u110101_10
470A1961,u112101_10
470DE842,u117401_10
471B9258,u117401_10
47297877,u010201_10
4734184B,u050701_10
4738445F,u021201_10
473905DE,u117401_10
47398A93,u010801_10
473B66D0,u117401_10
4740CCA1,u010101_10
47436172,u117401_10
474ECFFF,u117401_10
4753E2FE,u040601_10
4758B5E5,u021501_10
476145EC,u117401_10
47798BDB,u117401_10
4783BEA8,u020701_10
478E03CC,u041501_10
47A1B421,u031601_10
47AA6C77,u020501_10
47B5C6AB,u115101_10
47C23C75,u080501_10
47C48A2D,u020201_10
47D313A5,u030101_10
47D49243,u117401_10
47E94BCA,u117401_10
47EA0E05,u115101_10
47FC958C,u115101_10
4805A9CC,u117401_10
4809DC7B,u080701_10
4812962D,u117401_10
4814D147,u110701_10
481A688E,u011201_10
481AE7C3,u061101_10
4825D209,u031401_10
482E0A5F,u117401_10
4842A7F1,u051401_10
486D2DE2,u010401_10
4882563C,u117401_10
4882D971,u040101_10
4892C11F,u111801_10
48947747,u080401_10
489A980B,u040101_10
489FF470,u117401_10
48AADEBE,u110501_10
48B07E63,u117401_10
48B0E648,u060701_10
48BC4537,u115101_10
48C1FA6A,u040101_10
48C3FEF8,u115101_10
48CAA9D7,u117401_10
48D8E21A,u011001_10
48DCD3CD,u117401_10
48E523C4,u050401_10
48F635A5,u117401_10
48F7705E,u117401_10
4903905D,u040101_10
4908C3E0,u117401_10
491353CE,u040301_10
491B92F4,u071001_10
491EB9FA,u117401_10
492749F3,u050401_10
49345F92,u117401_10
49351A69,u117401_10
49403C0B,u117401_10
4940B346,u040101_10
49427AFE,u040101_10
4950AB28,u111801_10
4958F23C,u040101_10
495D9E47,u117401_10
4968B489,u110501_10
496E4E99,u115101_10
49721454,u117401_10
49929E5C,u117401_10
499EC7EC,u021201_10
49AC021A,u115101_10
49AF47D5,u010401_10
49B9F8ED,u050701_10
49C7C3FB,u117401_10
49D0FC1A,u117401_10
49D88DF4,u117401_10
49DC7B2A,u117401_10
49E7B83E,u031401_10
49EC6068,u117401_10
4A203F88,u042001_10
4A23E972,u112501_10
4A2B93BB,u010301_10
4A542874,u117401_10
4A5C599A,u117401_10
4A636C50,u031301_10
4A68B406,u117401_10
4A874433,u040101_10
4A8C178E,u117401_10
4A8C98C3,u061201_10
4AA7CE21,u010901_10
4AB08BFC,u117401_10
4AB1CE07,u117401_10
4AC46728,u040901_10
4AC4E865,u117401_10
4AD4E85C,u111001_10
4B060D1F,u117401_10
4B068252,u117401_10
4B16826B,u111001_10
4B211A95,u115101_10
4B282B92,u081101_10
4B393530,u117401_10
4B452E04,u040101_10
4B4E7DB9,u117401_10
4B619D06,u021201_10
4B73A430,u117401_10
4B964243,u117401_10
4B9E33AD,u117401_10
4B9EBCE0,u011101_10
4BA10667,u031301_10
4BA88D92,u111201_10
4BAADE31,u117401_10
4BBC2B66,u060901_10
4BE18345,u112501_10
4BE255BF,u042001_10
4BE85000,u115101_10
4BE9F98C,u010301_10
4BECD0C2,u020701_10
4BEF0471,u021201_10
4BF3378F,u115101_10
4C0F2A8E,u117401_10
4C0FA5C3,u040501_10
4C4490AA,u115101_10
4C47D565,u117401_10
4C6721ED,u117401_10
4C6835DA,u020301_10
4C7A0CEC,u117401_10
4C97143C,u011301_10
4C979B71,u117401_10
4C9A86E4,u051101_10
4C9FEA9F,u117401_10
4CA05018,u117401_10
4CA0D52D,u020201_10
4CA1254E,u111201_10
4CA376ED,u117401_10
4CA8AEBB,u032301_10
4CB50CF7,u117401_10
4CB89E2F,u041701_10
4CD1D169,u020701_10
4CE0DE1D,u117401_10
4CEB064B,u070201_10
4CF62B4A,u020801_10
4CFD7C51,u041101_10
4D223B67,u010101_10
4D296C7C,u070201_10
4D300BC7,u115101_10
4D34417D,u020801_10
4D54D787,u115101_10
4D55F146,u117401_10
4D5874F8,u030801_10
4D5A4A01,u111701_10
4D5D80A8,u117401_10
4D5DE680,u081301_10
4D611CDA,u117401_10
4D623A2F,u117401_10
4D634F79,u111201_10
4D6AC48C,u032301_10
4D7766C0,u117401_10
4D85BF52,u117401_10
4DA54BDA,u117401_10
4DB866DB,u117401_10
4DCD40B9,u117401_10
4DCDCFF4,u040501_10
4DD58E8E,u051701_10
4DF01500,u050701_10
4E016B3C,u117401_10
4E01E471,u061101_10
4E0C61CF,u040301_10
4E1BA53F,u115101_10
4E1CC970,u031201_10
4E2373F7,u011001_10
4E2EE12F,u050601_10
4E3CB2B5,u117401_10
4E491B9A,u040201_10
4E4994D7,u117401_10
4E515AE0,u050701_10
4E6372BF,u117401_10
4EA6EF09,u010201_10
4ED12528,u117401_10
4ED954C6,u117401_10
4EDF13AC,u110701_10
4EE1BA55,u080601_10
4EE616D4,u010101_10
4EEE10E2,u031901_10
4EFBC29E,u040101_10
4F0BE212,u115101_10
4F134F1F,u117401_10
4F13C052,u011401_10
4F1B3EF1,u117401_10
4F1D799B,u110701_10
4F27A283,u117401_10
4F2C7AD5,u031901_10
4F3C4A41,u117401_10
4F61AC70,u021201_10
4F64853E,u010201_10
4F7459DD,u115101_10
4F8B71AD,u040201_10
4F8BFEE0,u117401_10
4F9330D7,u050701_10
4FA11888,u117401_10
4FC3010B,u117401_10
4FD9CF08,u115101_10
4FEC8B18,u050601_10
4FF741FA,u050701_10
4FFED882,u117401_10
5000A3B5,u071001_10
500588BB,u117401_10
5013F2A1,u117401_10
502E2B28,u117401_10
502F6ED3,u117401_10
503C78B2,u050401_10
5043C37D,u050201_10
5046AF06,u117401_10
504D2C31,u080401_10
505B0D4A,u117401_10
505B8207,u040101_10
50692515,u117401_10
507385C8,u110501_10
5085F6AD,u021201_10
50B47694,u010401_10
50B7335B,u115101_10
50C3BCB5,u117401_10
50C74A6B,u117401_10
50CBCD5B,u117401_10
50DCF2BA,u117401_10
50F75129,u117401_10
50F81E4B,u041801_10
50F8C717,u051301_10
510159CF,u011201_10
5101D682,u117401_10
5105205C,u117401_10
5109A76C,u117401_10
510FE006,u110701_10
511E988D,u117401_10
51353B1E,u117401_10
513A747C,u041801_10
513EE348,u031401_10
515996B0,u051401_10
517335ED,u020301_10
51761CA3,u010401_10
5181A94A,u040101_10
5184C531,u117401_10
5189F05E,u111801_10
518F4606,u080401_10
5199677D,u117401_10
5199E830,u040101_10
51A77476,u115101_10
51AB4F22,u117401_10
51ABD709,u060801_10
51B1EFFF,u110501_10
51C3D35B,u011001_10
51C7E28C,u117401_10
51D19896,u117401_10
51D8CFB9,u115101_10
51EC411F,u117401_10
51ED04E4,u117401_10
520DB32A,u111001_10
521D3C5E,u117401_10
521DB313,u117401_10
52331AD3,u081101_10
52554CF8,u117401_10
52689571,u117401_10
527AAC47,u021201_10
528502EC,u117401_10
52858DA1,u011101_10
528D7302,u117401_10
52A71A27,u060901_10
52B1EF70,u117401_10
52B3BCD3,u111201_10
52BA3726,u031301_10
52F2C8CD,u010301_10
52F36141,u115101_10
52F43530,u021201_10
52FAB204,u112501_10
532A6CF9,u115101_10
53302DB7,u030201_10
5330A2FA,u010301_10
5338D833,u112501_10
534768DB,u117401_10
534F1935,u117401_10
53738547,u117401_10
539726CF,u117401_10
53AAFF46,u117401_10
53ABBABD,u117401_10
53BCFF60,u010901_10
53CFD91D,u111001_10
53DF5669,u040901_10
53DFD924,u117401_10
53EDB7D0,u080701_10
53F170E4,u081101_10
53F841E3,u115101_10
540A8E2B,u110101_10
542B3A86,u115101_10
542F703C,u020801_10
54325D3D,u070201_10
54390A26,u010101_10
54417B40,u111701_10
544345B9,u030901_10
5443DD92,u051101_10
5446B1E9,u117401_10
544EC007,u117401_10
544FE6C6,u115101_10
546C5781,u117401_10
54790B6E,u117401_10
547A2D9B,u117401_10
54920923,u040101_10
549E8E13,u117401_10
54A3579A,u117401_10
54CEBFCF,u051301_10
54D671F8,u117401_10
54D6FEB5,u040501_10
55141BCF,u117401_10
55149482,u040501_10
551FA935,u040101_10
555CE424,u117401_10
555FA1EB,u115101_10
55613DAD,u117401_10
557C10AC,u117401_10
5581B7A5,u051101_10
5584BDF6,u081301_10
5584DBDE,u117401_10
558C257D,u011301_10
558CAA30,u117401_10
55A3AF6E,u010901_10
55AE3DB6,u117401_10
55B39FFA,u032301_10
55BA140F,u111201_10
55BB6159,u117401_10
55E64D10,u041101_10
55ED1A0B,u020801_10
55F0370A,u070201_10
55FBEF5C,u117401_10
56000FB0,u117401_10
560648DA,u110701_10
56087E5E,u117401_10
5608F113,u011401_10
5610D353,u115101_10
56277B00,u117401_10
56374B94,u031901_10
563C93C2,u117401_10
566F689C,u115101_10
567A9D31,u021201_10
567FB47F,u010201_10
56880196,u050701_10
569040EC,u040201_10
5690CFA1,u117401_10
56BA29C9,u117401_10
56C2FE49,u115101_10
56C59206,u031201_10
56D8304A,u117401_10
56E5E9C3,u117401_10
56F6E3C6,u050401_10
5700947E,u115101_10
5700BD47,u020901_10
5707F831,u031201_10
571A5A7D,u117401_10
571AD530,u061101_10
572783F4,u117401_10
5735BAC2,u020701_10
5735D06E,u050601_10
573842B6,u011001_10
574A6BA1,u050701_10
57522ADB,u040201_10
5752A596,u117401_10
577843FE,u117401_10
578C5E71,u020301_10
57BDDE48,u010201_10
57C26587,u117401_10
57CA1469,u117401_10
57FA8B14,u080601_10
57FD2795,u010101_10
57FEF9F5,u117401_10
580461E9,u117401_10
581BAC15,u051601_10
5839372D,u060801_10
5839B860,u117401_10
584DB8C3,u115101_10
5871C8C6,u041801_10
587A9FDD,u020201_10
58839E19,u117401_10
5884F256,u115101_10
589269DF,u110601_10
589E3C55,u117401_10
58A3E5DC,u045301_10
58A97871,u117401_10
58ACC026,u080701_10
58B1B646,u117401_10
58D6C3BE,u030701_10
58D84ADA,u071701_10
58DD1BE8,u117401_10
58E6B88E,u030101_10
58E9F674,u117401_10
58EB957A,u117401_10
59098488,u061301_10
5914A989,u030701_10
591A20ED,u071701_10
591F71DF,u117401_10
5929FF4D,u117401_10
592B130E,u010601_10
592B9C43,u117401_10
593923AE,u115101_10
5941F42E,u117401_10
59469861,u115101_10
595003E8,u110601_10
5950D152,u021001_10
595C5662,u117401_10
595DFFEE,u115101_10
59618FEB,u042201_20
596B1246,u117401_10
5973DC71,u117401_10
59B3A2F1,u041801_10
59B8F5EA,u020201_10
59C333F3,u115101_10
59C60BDE,u117401_10
59FBD257,u117401_10
5A098D99,u020601_10
5A09EAD9,u115101_10
5A15F35B,u021201_10
5A2A5B9E,u010501_10
5A37769F,u041701_10
5A3C2184,u020101_10
5A42DFB0,u117401_10
5A55E051,u117401_10
5A5D91BF,u117401_10
5A697C23,u117401_10
5A7F0639,u117401_10
5A907DE7,u030801_10
5A9BA5B1,u117401_10
5AA67C38,u070301_10
5AAD2B23,u117401_10
5AAF482D,u117401_10
5AAFC760,u010701_10
5AB00622,u117401_10
5AD8820C,u117401_10
5AE55B85,u117401_10
5AEC5F3D,u111301_10
5AEFC628,u117401_10
5AF7081F,u117401_10
5B109CF3,u081201_10
5B19ADF4,u115101_10
5B1AE83B,u117401_10
5B2731B2,u117401_10
5B2DAC1F,u117401_10
5B2E350A,u111301_10
5B356228,u117401_10
5B5217D0,u030801_10
5B59CF86,u117401_10
5B64160F,u070301_10
5B6D221A,u117401_10
5B6F4114,u117401_10
5B726C15,u117401_10
5B80B587,u117401_10
5B978A66,u117401_10
5B9FFB88,u117401_10
5BAB1614,u117401_10
5BBD6C0E,u117401_10
5BBDE343,u060701_10
5BC7BBBA,u051601_10
5BC83F53,u020401_10
5BE831A9,u010501_10
5BF51CA8,u041701_10
5BFE4BB3,u020101_10
5C012B43,u010101_10
5C1340E7,u117401_10
5C2404C3,u117401_10
5C37780E,u030101_10
5C3CCAF4,u117401_10
5C50675A,u117401_10
5C5BBF0C,u031101_10
5C648AC6,u117401_10
5C66E9C8,u117401_10
5C865BFE,u010101_10
5C891D5B,u117401_10
5C99922F,u111101_10
5CA73BD6,u081001_10
5CA9669E,u032201_10
5CAE0AD1,u115101_10
5CB44B9F,u060401_10
5CB4C4D2,u117401_10
5CB9CE21,u010501_10
5CCBF050,u061701_10
5CD3B12A,u010101_10
5CF7E36F,u020401_10
5CFCB474,u041901_10
5D1C5B87,u020301_10
5D237C0F,u117401_10
5D358958,u020401_10
5D3E510E,u031501_10
5D4B776C,u117401_10
5D644B38,u080801_10
5D6551E1,u081001_10
5D6C60E6,u115101_10
5D76AEE5,u117401_10
5D7BA416,u070401_10
5D909ED5,u040101_10
5D920D6D,u117401_10
5D95FC4E,u112101_10
5D99D53B,u031101_10
5DA483FF,u117401_10
5DA66FBC,u010901_10
5DA6E0F1,u117401_10
5DBE4DFC,u115101_10
5DD12AD0,u117401_10
5DE66EF4,u117401_10
5DFEA0C3,u117401_10
5E00A319,u117401_10
5E112820,u112101_10
5E1323C8,u110101_10
5E16D903,u117401_10
5E1D0155,u030901_10
5E205791,u117401_10
5E22349F,u117401_10
5E22BBD2,u010801_10
5E23751E,u021201_10
5E2F290A,u050701_10
5E4384A4,u021401_10
5E48D3BF,u040601_10
5E55FEBE,u117401_10
5E62BA9A,u117401_10
5E7A74AD,u117401_10
5E8E848B,u117201_10
5E959869,u020201_10
5EAEF7EA,u115101_10
5EB15D36,u020501_10
5EBA8560,u031601_10
5ECFA302,u117401_10
5ED29F3F,u030101_10
5ED90D34,u080501_10
5EDDF098,u050901_10
5EDFBB6C,u020201_10
5EF13F44,u115101_10
5EF27A8B,u117401_10
5F0DC935,u117401_10
5F1B6703,u080501_10
5F1DD15B,u020201_10
5F1F9AAF,u050901_10
5F25CEFA,u115101_10
5F3010BC,u117401_10
5F309FF1,u060601_10
5F3D1A4F,u010901_10
5F4CEEBC,u117201_10
5F57F25E,u020201_10
5F733701,u020501_10
5F78601A,u042001_10
5F8AB988,u040601_10
5F979489,u117401_10
5FA0D0AD,u117401_10
5FB81E9A,u117401_10
5FC2C92E,u117401_10
5FD4B334,u117401_10
5FDF6B62,u030901_10
5FE05EA8,u117401_10
5FE17869,u115101_10
5FE23DA6,u117401_10
60046288,u080901_10
60057851,u081101_10
60146B16,u117401_10
602B5EDC,u040901_10
602BD191,u117401_10
603BE105,u051801_10
605EF7F3,u117401_10
60632E7A,u117401_10
6066A8B5,u117401_10
60878DF2,u117401_10
608C55A4,u031301_10
609178A5,u060901_10
60BB1180,u117401_10
60C9A0BC,u010601_10
60DA2EF6,u117401_10
60DE644C,u115101_10
60E6B284,u117401_10
60F973C6,u117401_10
6106C078,u010301_10
610EBAB1,u112501_10
611004D6,u041801_10
611844C1,u117401_10
6124D8B3,u117401_10
6145E7C5,u117401_10
614E3F93,u031301_10
61797BB7,u117401_10
619C9DC4,u117401_10
619DD83F,u117401_10
61A1444D,u117401_10
61A1CB00,u061201_10
61C16889,u080701_10
61C608BF,u081501_10
61C71266,u081101_10
61CE2361,u115101_10
61D60121,u117401_10
61E934EB,u040901_10
61E9BBA6,u117401_10
61F9BB9F,u111001_10
620A1A30,u050401_10
621849AA,u117401_10
62190C51,u117401_10
62259023,u117401_10
6233EA39,u117401_10
6237DBEE,u011001_10
6245E74A,u110501_10
6252D54F,u117401_10
625F4797,u117401_10
626D6FC8,u117401_10
626DE085,u040101_10
6270CD84,u117401_10
627B4EB3,u080401_10
627DF8EB,u111801_10
628151D9,u115101_10
62821416,u010401_10
62829B5B,u117401_10
62989B67,u020101_10
62A1D64C,u117401_10
62A929F4,u021201_10
62BFCD9F,u117401_10
62C133AB,u117401_10
62CAEBFD,u031401_10
62EA9038,u117401_10
62F128E9,u117401_10
62FDAFD9,u117401_10
6303599C,u117401_10
630881CA,u031401_10
6328FA0F,u117401_10
633342DE,u117401_10
633FC5EE,u117401_10
634CF911,u117401_10
636FF432,u010201_10
6390BF78,u117401_10
639116F4,u115101_10
639DB58B,u030501_10
63AF05FF,u117401_10
63AF8AB2,u040101_10
63B2A7B3,u117401_10
63B7CBC8,u040101_10
63B92484,u080401_10
63BF356B,u051701_10
63BF92DC,u111801_10
63C87007,u050401_10
63DA239D,u117401_10
63DB6666,u117401_10
63E27CDB,u115101_10
63E7FA14,u117401_10
63EEAD3B,u115101_10
63F1800E,u117401_10
63F5B1D9,u011001_10
64012916,u031901_10
640AF140,u117401_10
6426B1D1,u115101_10
64302A58,u110701_10
64366D32,u117401_10
643DD65E,u115101_10
64590A1E,u115101_10
648C4B4B,u117401_10
649917A4,u117401_10
649998E9,u030501_10
64A6226E,u040201_10
64A6AD23,u117401_10
64BE6314,u050701_10
64C1D8DB,u050601_10
64D38B41,u117401_10
64D90B98,u110101_10
64EBD407,u111301_10
64EE52C8,u117401_10
64EEDD85,u061101_10
64F3F084,u031201_10
64F49CCB,u115101_10
6503B2EC,u050601_10
6511E176,u117401_10
65147D39,u041201_10
652C38FF,u117401_10
652CB7B2,u061101_10
652D9173,u115101_10
65319AB3,u031201_10
654E217C,u117401_10
655B7D93,u117401_10
65644859,u040201_10
6564C714,u117401_10
658BBCCA,u010201_10
65A08128,u020301_10
65BED61A,u050901_10
65C34321,u031901_10
65C89B77,u117401_10
65CC1255,u117401_10
65CCE996,u080601_10
65F2406F,u110701_10
65F40705,u117401_10
66043FBF,u070201_10
660F68A4,u010101_10
661245A5,u041101_10
661912BE,u020801_10
66265172,u110101_10
6647974F,u032301_10
664C4F19,u117401_10
664E1CBA,u111201_10
665A3503,u117401_10
6670B543,u081301_10
6670D36B,u117401_10
6675273B,u030701_10
6675BF10,u051101_10
66798444,u115101_10
66953518,u117401_10
66A46BA1,u117401_10
66A8EC91,u117401_10
66AD6A5E,u115101_10
66DFA9FD,u117401_10
66E0137A,u117401_10
66E09C37,u040501_10
671D4C87,u030301_10
671DC3CA,u117401_10
6722794D,u117401_10
6722F600,u040501_10
674A722E,u117401_10
67575F2F,u117401_10
6769C369,u115101_10
676A86A6,u117401_10
676F0069,u115101_10
6785FD78,u032301_10
678C768D,u111201_10
678E252E,u117401_10
67985F34,u117401_10
67B2B95C,u117401_10
67B7D527,u051101_10
67C65588,u070201_10
67CD8DDE,u117401_10
67DB7889,u020801_10
6801141D,u041701_10
6802BDA5,u117401_10
680A4306,u020101_10
6811ABC4,u050101_10
681C391C,u010501_10
681D3AC6,u041801_10
683E21D7,u117401_10
683EAE9A,u061401_10
683F885B,u115101_10
684964BB,u117401_10
685F1EA1,u117401_10
686382D3,u117401_10
6874BD32,u117401_10
688664A0,u117401_10
68901EBA,u070301_10
689B49A1,u117401_10
68A61F65,u030801_10
68ADC733,u117401_10
68C16A9D,u117401_10
68D33907,u117401_10
68D9A4AA,u117401_10
68DA3DBF,u111301_10
68E49446,u081201_10
68EEE08E,u117401_10
690300AA,u117401_10
69115330,u117401_10
691BCE9D,u117401_10
692152F0,u111601_10
6926FE71,u081201_10
692C8AB9,u117401_10
692FCF76,u115101_10
69440E97,u117401_10
694B1336,u115101_10
6952748D,u070301_10
69592396,u117401_10
69647552,u030801_10
696FAD04,u117401_10
6972164E,u115101_10
69782B4A,u040201_10
698B0E8C,u117401_10
698B81C1,u060701_10
699D7496,u117401_10
69A1E8E4,u117401_10
69B6D705,u117401_10
69C0D792,u117401_10
69C82931,u020101_10
69E1FBEE,u021201_10
69F1D938,u051601_10
69FC4BE0,u117401_10
6A0F55AF,u060801_10
6A0FDAE2,u117401_10
6A32036B,u117401_10
6A4403FC,u117401_10
6A4CFD5F,u020201_10
6A60BDCE,u115101_10
6A6392AD,u061701_10
6A789F8E,u117401_10
6A87D4C4,u117401_10
6A8A461C,u117401_10
6A95875E,u042201_20
6A9AA2A4,u080701_10
6A9D0E25,u110301_10
6A9F1AF3,u117401_10
6AA4D9E7,u021001_10
6AA85ED7,u117401_10
6AB290D4,u115101_10
6AB5FC9B,u117401_10
6ACA67D7,u030101_10
6ADDF7F8,u117401_10
6AE0A13C,u030701_10
6AEB796A,u117401_10
6AEE2858,u071701_10
6B0F412C,u115101_10
6B1F9DCF,u117401_10
6B22CB0B,u030701_10
6B29135D,u117401_10
6B2C426F,u071701_10
6B3AEF88,u117401_10
6B3FE60A,u061301_10
6B45B454,u117401_10
6B45BEF3,u117401_10
6B482C2B,u117401_10
6B57ED69,u042201_20
6B5D70C4,u117401_10
6B66616A,u110601_10
6B6A34E0,u117401_10
6B70FAE3,u115101_10
6B7796AC,u117401_10
6B85C073,u041801_10
6B8669CB,u117401_10
6B8E9768,u020201_10
6B957FAA,u050101_10
6BBA7AF4,u061501_10
6BBAF5B9,u117401_10
6BCDB0D5,u117401_10
6BD5D493,u051701_10
6BF0695C,u117401_10
6C163513,u117401_10
6C194B88,u050701_10
6C20BB81,u117401_10
6C25414A,u110101_10
6C2B63D7,u030901_10
6C36C19B,u117401_10
6C4C162F,u117401_10
6C54D818,u117401_10
6C639C3C,u117401_10
6C6FC9B6,u110601_10
6C7EB13D,u040601_10
6C873FB4,u020501_10
6C8C68AF,u042001_10
6C8CE7E2,u031601_10
6C8FC117,u117401_10
6C9CD776,u117401_10
6CA3FAEB,u020201_10
6CB35D65,u117401_10
6CB8E609,u117201_10
6CC41809,u117401_10
6CC75DC6,u115101_10
6CD1C64F,u115101_10
6CE9D9EE,u020201_10
6CEB921A,u050901_10
6CEF6FB6,u080501_10
6CF375CC,u117401_10
6CF9C180,u117401_10
6CFE4066,u030101_10
6D06723E,u117401_10
6D06FD73,u060601_10
6D13AC78,u115101_10
6D29F82D,u050901_10
6D2D0581,u080501_10
6D3BABB7,u117401_10
6D455583,u020501_10
6D4DAB20,u117401_10
6D4E8DD5,u031601_10
6D5EBD41,u117401_10
6D608A05,u071101_10
6D6190DC,u020201_10
6D713752,u117401_10
6D83618D,u060301_10
6D8E7C18,u117401_10
6D96B22F,u117401_10
6DA1F60B,u117401_10
6DB78C11,u021401_10
6DBCDB0A,u040601_10
6DD45F24,u117401_10
6DD71AEB,u115101_10
6DD77DAB,u021201_10
6DDB21BF,u050701_10
6DE2D1B6,u117401_10
6DE909E0,u030901_10
6DF4ABAC,u117401_10
6E0AA876,u117401_10
6E126641,u117401_10
6E252265,u117401_10
6E4A4549,u115101_10
6E508B4A,u117401_10
6E6605D8,u117401_10
6E6DDD8E,u031101_10
6E82291D,u060401_10
6E82A650,u117401_10
6E915954,u081001_10
6E986853,u115101_10
6E9F041C,u032201_10
6EAFF0AD,u111101_10
6EB0397C,u010101_10
6EBF7FD9,u117401_10
6EC011E4,u080601_10
6EC181ED,u020401_10
6EC97F4E,u117401_10
6ECA59BB,u031501_10
6EDCD6D0,u070401_10
6EE5D3A8,u010101_10
6EF5E33C,u117401_10
6EF7F50D,u020101_10
6F03EBDA,u020401_10
6F08338C,u031501_10
6F08BCC1,u041901_10
6F0B1579,u117401_10
6F151E8D,u117401_10
6F27B99F,u010101_10
6F37890B,u117401_10
6F40CC67,u117401_10
6F533363,u081001_10
6F5A0264,u115101_10
6F5D6E2B,u032201_10
6F6D9A9A,u111101_10
6F7D15EE,u117401_10
6F92E17D,u117401_10
6F9348F1,u115101_10
6FA46FEF,u117401_10
6FA6FC57,u040101_10
6FAFB7B9,u031101_10
6FC8C241,u117401_10
6FD00C76,u117401_10
6FD39563,u111301_10
6FDA91DB,u045301_10
6FE74852,u117401_10
6FF76C99,u110101_10
7000FFDC,u117401_10
700366C9,u111301_10
700A6271,u117401_10
701831EB,u117401_10
7034C428,u051101_10
7034FE37,u115101_10
7037BBF8,u117401_10
703A63B1,u111601_10
703DCF30,u081201_10
704212D7,u117401_10
704945CC,u070301_10
70502277,u115101_10
705F3FD6,u117401_10
70749C45,u117401_10
707F4413,u030801_10
708645D7,u117401_10
70903FCD,u117401_10
7090B080,u060701_10
70ADE644,u117401_10
70BAD9A5,u117401_10
70C5626A,u010501_10
70D1E498,u010101_10
70D84F6B,u041701_10
70DBE6D3,u117401_10
70E77AA1,u117401_10
70EAE879,u051601_10
70FACAAF,u021201_10
7107085D,u010501_10
710A9A85,u050101_10
71117247,u020101_10
71198CE4,u117401_10
711A255C,u041701_10
7124B91A,u115101_10
71251096,u117401_10
71259FDB,u061401_10
712E0C7C,u030101_10
71442FE0,u117401_10
715255FA,u117401_10
715CDC60,u050701_10
716F8C73,u117401_10
7178B392,u117401_10
718078E0,u117401_10
7187F906,u061701_10
718B2FFB,u070301_10
719D55E1,u117401_10
71B6F672,u117401_10
71BD2E24,u030801_10
71C10CFE,u111301_10
71C295EB,u117401_10
71C80846,u117401_10
71DA5BDC,u117401_10
71F5D1CF,u117401_10
7204AC8E,u117401_10
7214706D,u115101_10
7224D74B,u061301_10
7232221C,u117401_10
7237732E,u071701_10
7239FA4A,u030701_10
72464185,u117401_10
724CDC28,u042401_20
72531D6A,u117401_10
725E8515,u117401_10
725E8FB2,u117401_10
726BCBA2,u115101_10
726CA7ED,u117401_10
727105A1,u117401_10
727D502B,u110601_10
727D8291,u021001_10
7295A629,u020201_10
729D588A,u117401_10
729EF132,u041801_10
72A14BB5,u061501_10
72A1C4F8,u117401_10
72C5C259,u051801_10
72C812C1,u041701_10
72D68194,u117401_10
72EB581D,u117401_10
731464EE,u060801_10
7314EBA3,u117401_10
7329322A,u117401_10
735C9B05,u041801_10
735F32BD,u117401_10
7363AECF,u117401_10
737B8C8F,u115101_10
738193E5,u080701_10
73842BB2,u117401_10
73863F64,u110301_10
738EB61F,u042201_20
7391775D,u117401_10
739CE585,u117401_10
73A9A195,u115101_10
73AECDDA,u117401_10
73B36F96,u117401_10
73BF3A1C,u110601_10
73BFE8A6,u021001_10
73C6C6B9,u117401_10
73F0482B,u117401_10
73F51919,u071701_10
73FB907D,u030701_10
74089D39,u115101_10
741D437F,u117401_10
741DCC32,u060601_10
74209AF6,u117401_10
74308298,u020201_10
7432C96C,u050901_10
74458C00,u117401_10
745291A9,u020801_10
745533D9,u042001_10
7455BC94,u031601_10
74569A61,u117401_10
74614DAB,u041501_10
746A0613,u117401_10
747AA19D,u020201_10
747BBB44,u071101_10
748D836E,u117401_10
74954D59,u117401_10
749850CC,u060301_10
74A7EA4B,u040601_10
74ACBD50,u021401_10
74BAC74A,u117401_10
74C010FE,u050701_10
74CC2BAA,u115101_10
74CC4CEA,u021201_10
74CF6E65,u117401_10
74EF9AED,u117401_10
74F238A1,u030901_10
74F9E0F7,u117401_10
75027AC9,u050701_10
750D0452,u117401_10
750E26DD,u021201_10
75247A4F,u080601_10
752DF0DA,u117401_10
75305296,u030901_10
7533410C,u117401_10
753B8AC0,u117401_10
754FE959,u117401_10
7557276E,u117401_10
756ED767,u021401_10
7574F8F7,u110601_10
7578AD7D,u117401_10
7587E637,u117401_10
7594F056,u117401_10
759759EE,u042001_10
759C0EF5,u020501_10
75A3D748,u117201_10
75A86C24,u117401_10
75AD65C5,u110101_10
75B8CBAA,u020201_10
75CAF70E,u115101_10
75DC6C87,u115101_10
75DF2948,u117401_10
75E2F0C1,u117401_10
75EDB664,u010201_10
75F0A35B,u050901_10
75F2E8AF,u020201_10
75F45EF7,u080501_10
75FFCCFC,u030101_10
76033259,u050201_10
76102438,u117401_10
76138D80,u041901_10
7618DA9B,u020401_10
762CB84A,u117401_10
763C88DE,u010101_10
76413325,u115101_10
76465F6A,u032201_10
76480222,u081001_10
765BFD26,u117401_10
766624AF,u117401_10
7669620A,u010101_10
7676ABDB,u111101_10
768879B0,u115101_10
7689D03C,u117401_10
76931E3F,u115101_10
76B486F8,u031101_10
76BF5EAE,u117401_10
76C1A09A,u045301_10
76C8A422,u111301_10
76CB3D37,u117401_10
76D3F300,u117401_10
76FC7913,u117401_10
77095700,u117401_10
77119937,u117401_10
771A2BCD,u030101_10
772C7880,u010101_10
773E1324,u117401_10
774BBA0B,u117401_10
7776ECCF,u031101_10
777D3499,u117401_10
7784355D,u032201_10
77983E9D,u115101_10
7799185C,u060401_10
77999711,u117401_10
77A44E98,u117401_10
77B4C1EC,u111101_10
77C7E791,u070401_10
77D168FA,u031501_10
77D1E7B7,u041901_10
77D24E0F,u117401_10
77E6A393,u061701_10
77EED27D,u117401_10
7800CB40,u051201_10
78037580,u117401_10
78158BF0,u112501_10
781DF139,u010301_10
783DFFC3,u020801_10
783FE9F2,u117401_10
7851E270,u050701_10
78550ED2,u031301_10
78571227,u020501_10
785ED684,u117401_10
78624AF6,u117401_10
7886E97E,u117401_10
7887AC85,u117401_10
78BA750C,u117401_10
78BAFA41,u061201_10
78CD3060,u117401_10
78D51220,u115101_10
78DC2327,u081101_10
78DD39FE,u081501_10
78E28ADE,u111001_10
78F28AE7,u117401_10
790F5A57,u117401_10
791E4910,u081101_10
791F53C9,u080901_10
7920D044,u051801_10
7920E0E9,u111001_10
79306F9D,u040901_10
7930E0D0,u117401_10
7939FA38,u051101_10
7945C6B2,u117401_10
7968D308,u040101_10
79781F3B,u117401_10
797D99F4,u117401_10
798A49E4,u060901_10
799764E5,u031301_10
799CBCB3,u117401_10
79A020C1,u117401_10
79C11FB7,u117401_10
79C5550D,u115101_10
79D291FD,u010601_10
79D7E1C7,u112501_10
79DF9B0E,u010301_10
79E24287,u117401_10
79FD83C5,u117401_10
7A13B08B,u031401_10
7A1868DD,u117401_10
7A24F4AF,u117401_10
7A28739F,u117401_10
7A33CB4E,u117401_10
7A5B4F60,u010401_10
7A74C573,u051401_10
7A8684CA,u061101_10
7A8A27B5,u115101_10
7A8B8E39,u117401_10
7A9CBC3C,u110501_10
7AA215C5,u080401_10
7AA4042A,u051701_10
7AA4A39D,u111801_10
7AA996F2,u117401_10
7AACFA89,u040101_10
7AB434BE,u117401_10
7AB4BBF3,u040101_10
7AC05727,u117401_10
7AC112DC,u117401_10
7AD34146,u050401_10
7AEAB14F,u117401_10
7AF94D9A,u115101_10
7AFCCB55,u117401_10
7B023D10,u117401_10
7B0378EB,u117401_10
7B112B71,u050401_10
7B28DB78,u117401_10
7B2CEAAF,u011001_10
7B3EA162,u117401_10
7B4476D6,u117401_10
7B49E40E,u117401_10
7B5ED60B,u110501_10
7B607FF2,u080401_10
7B66C9AA,u111801_10
7B6BFCC5,u117401_10
7B6E90BE,u050201_10
7B765E89,u117401_10
7B992557,u010401_10
7B99AA1A,u117401_10
7B9A6098,u115101_10
7BA4FCDE,u117401_10
7BB218B5,u021201_10
7BC8FC49,u051801_10
7BD1DABC,u031401_10
7BDA02EA,u117401_10
7BE69E98,u117401_10
7BEA19A8,u117401_10
7BF1A179,u117401_10
7BF4253C,u110101_10
7C0AD037,u117401_10
7C1883AD,u050601_10
7C2AABF2,u031201_10
7C2DC7BD,u115101_10
7C328F71,u117401_10
7C36A032,u115101_10
7C3709BE,u117401_10
7C3786F3,u061101_10
7C404CD2,u117401_10
7C55103D,u117401_10
7C673862,u050701_10
7C7FF655,u117401_10
7C850D27,u117401_10
7C908D8B,u010201_10
7C95A4C5,u021201_10
7CD3AA36,u117401_10
7CD71DC7,u040101_10
7CD7D8D7,u080601_10
7CD87260,u031901_10
7CE9712E,u110701_10
7CEF3644,u117401_10
7D11C001,u117401_10
7D1A1857,u031901_10
7D26E71F,u115101_10
7D2B1B19,u110701_10
7D2D5C73,u117401_10
7D423B5F,u115101_10
7D52E7BC,u010201_10
7D8226E5,u117401_10
7D82A9A8,u030501_10
7D977A0A,u117401_10
7DA55255,u050701_10
7DADACF6,u051201_10
7DBD9C62,u117401_10
7DC23AD9,u110101_10
7DC601C4,u041001_10
7DC8BA00,u117401_10
7DDAE99A,u050601_10
7DE8C1C5,u031201_10
7DEFAD8A,u115101_10
7DF0E546,u111301_10
7DF56389,u117401_10
7E033F09,u041001_10
7E067DC6,u030301_10
7E06F28B,u117401_10
7E1F5B67,u050701_10
7E39480C,u117401_10
7E39C741,u040501_10
7E4C6E6E,u117401_10
7E51436F,u117401_10
7E71B7E7,u117401_10
7E72F228,u115101_10
7E743128,u115101_10
7E836E75,u117401_10
7E95146F,u117401_10
7E9747CC,u111201_10
7E9ECC39,u032301_10
7EA9881D,u117401_10
7EACE466,u051101_10
7ECB1ED3,u041101_10
7ED6BC9F,u117401_10
7EFD0E30,u020701_10
7F0223FF,u020801_10
7F0974E4,u041101_10
7F1459E5,u010101_10
7F1F0EFE,u070201_10
7F3D6033,u110101_10
7F410442,u117401_10
7F552DFB,u111201_10
7F577E58,u117401_10
7F5CA60E,u032301_10
7F62B505,u115101_10
7F6BE22A,u117401_10
7F6E167A,u030601_10
7F6E8E51,u051101_10
7F8E0459,u117401_10
7F932958,u117401_10
7FB3DDD0,u117401_10
7FB65B1F,u115101_10
7FC498BC,u117401_10
7FE3EC0C,u051601_10
7FFB223B,u117401_10
800072CB,u071001_10
800559C5,u117401_10
8016A510,u115101_10
801B5231,u041801_10
8027410E,u021401_10
802C1615,u041501_10
802EFA56,u117401_10
8031B459,u117401_10
8033C66B,u031001_10
804BECA0,u051701_10
8059BF3A,u117401_10
806466B3,u117401_10
8064E9FE,u061701_10
8080C53B,u117401_10
808B1D6D,u030501_10
80C36DCB,u117401_10
80CB1C25,u117401_10
80D92C85,u117201_10
80DC23C4,u117401_10
80F45E37,u010101_10
80F78057,u117401_10
80FE3B0F,u117401_10
810107FC,u117401_10
810188B1,u011201_10
81097612,u117401_10
811B46B2,u115101_10
811E49F3,u117401_10
8135EA60,u117401_10
8137FC51,u011401_10
813C5138,u117401_10
813E3236,u031401_10
8142AF0C,u117401_10
8149775A,u030501_10
818F9778,u080401_10
8193A099,u010101_10
819BD50D,u117401_10
81A60C84,u117401_10
81C733F2,u117401_10
81D4CF27,u117401_10
81D93806,u117401_10
81E10A4B,u010901_10
81EC9061,u117401_10
81EE7C22,u041501_10
8205AD84,u061301_10
820C788D,u010201_10
821F0163,u117401_10
8222D8EA,u117401_10
8232D174,u080901_10
8233CBAD,u081101_10
8234672C,u111501_10
823AFAAA,u115101_10
8247ABEB,u110301_10
825E26EA,u117201_10
8268440F,u117401_10
82743F52,u117401_10
8280A88F,u080701_10
82855CDF,u011101_10
8285D392,u117401_10
828DA27C,u117401_10
829326C5,u021801_20
829F92DC,u115101_10
82B13E0E,u117401_10
82B218FB,u030101_10
82B88556,u117401_10
82BAE658,u031301_10
82C67B62,u117401_10
82CDA334,u030401_10
82D00178,u117401_10
82EC9D0A,u117401_10
82F3B03F,u115101_10
82F4E44E,u021201_10
82FF1340,u010901_10
83010C35,u020901_10
83041155,u117401_10
830FC903,u030401_10
83126B4F,u117401_10
832ABD87,u115101_10
832EF73D,u117401_10
8331DA08,u115101_10
833D7977,u010201_10
8342C2B8,u080501_10
8347B9A5,u117401_10
834802E2,u111701_10
834FC84B,u117401_10
835D4164,u050701_10
835DF8EB,u115101_10
83735439,u117401_10
837AEF61,u117401_10
839F865F,u117401_10
83AA2E38,u117401_10
83BC2E1E,u010901_10
83CE12BA,u010201_10
83CF38CE,u051801_10
83DD6B54,u117401_10
83E03D90,u117401_10
83E0B2DD,u117401_10
83F0BB43,u080901_10
83F60D1B,u111501_10
840661DF,u030101_10
840DB989,u117401_10
842BEBF8,u115101_10
8441AA3E,u111701_10
84466097,u117401_10
844E1179,u117401_10
84533C78,u117401_10
84545037,u115101_10
847347BD,u117401_10
8479DA10,u117401_10
847AFCE5,u117401_10
84806228,u041701_10
84867D2D,u115101_10
84A16AA7,u010901_10
84A386E4,u117401_10
84AA3DBC,u021701_10
84B6AB10,u112201_10
84C69012,u051301_10
84D4C388,u117401_10
84E91A01,u117401_10
84E9954C,u030301_10
84FF0E3E,u070201_10
8504FA25,u051301_10
8513F873,u050701_10
8516A9BF,u117401_10
852B7036,u117401_10
85363312,u010101_10
8559B395,u115101_10
8561ECD3,u117401_10
85630090,u010901_10
8574C127,u112201_10
8583C009,u111701_10
85840AA0,u117401_10
858C7B4E,u117401_10
858CF403,u011301_10
8591564F,u117401_10
85963A00,u115101_10
85B12D8A,u117401_10
85B34E84,u032301_10
85B896D2,u117401_10
85BAC571,u111201_10
85BBB027,u117401_10
85C9E30C,u010201_10
85CFD3BE,u117401_10
85F00CCE,u110101_10
8600DECE,u117401_10
86013525,u080301_10
860699A4,u110701_10
8608206D,u011401_10
8608AF20,u117401_10
8612EE6E,u115101_10
8627AA7E,u117401_10
8635F9E4,u117401_10
86379AEA,u031901_10
863C42BC,u117401_10
863F9CDC,u010101_10
8640DF86,u030301_10
864B07D0,u117401_10
8660A443,u117401_10
8675BFD9,u010101_10
86802E4B,u051201_10
86854230,u117401_10
86927DD1,u117401_10
86AFA458,u117401_10
86D948B8,u115101_10
86DD67FB,u117401_10
86E538BD,u117401_10
86E7D4FE,u020201_10
86F01549,u112201_10
86FAF9FF,u011001_10
8707294F,u031201_10
871F0DCC,u110101_10
8725BEC9,u020201_10
8727528A,u117401_10
87327F7E,u112201_10
873893C8,u011001_10
8742447C,u051201_10
87472807,u117401_10
875017E6,u117401_10
876D4122,u030501_10
876DCE6F,u117401_10
8782B5B1,u030301_10
87896DE7,u117401_10
87A2CE74,u117401_10
87C2B4F9,u117401_10
87C90F95,u115101_10
87CAC517,u117401_10
87D08459,u115101_10
87F793D3,u117401_10
87FD0E7E,u117401_10
87FDF6EB,u010101_10
87FE288B,u117401_10
8804B097,u117401_10
88065CD4,u041201_10
8806D399,u117401_10
8826A85C,u117401_10
8842AB42,u050101_10
884E2C72,u117401_10
884EA33F,u061501_10
8861A661,u050101_10
8872B000,u117401_10
8873F5FB,u117401_10
88842328,u115101_10
8893E7D8,u020801_10
88961388,u117401_10
88A1D8E1,u045601_10
88AA8FFA,u020901_10
88ABBDD9,u110301_10
88BCF5E0,u117401_10
88CE3643,u117401_10
88DDCA96,u117401_10
88E9270A,u117401_10
88E9A847,u010601_10
88F48546,u040301_10
891478F7,u030701_10
89185182,u112101_10
891FA0A1,u117401_10
8923F4EB,u071601_10
892B4D3D,u117401_10
892BC270,u010601_10
8936EF71,u040301_10
895479BF,u117401_10
89577E17,u080201_10
895D2E90,u115101_10
8963B2D6,u045601_10
8968E5CD,u020901_10
8969D7EE,u110301_10
897E9FD7,u117401_10
898C4645,u117401_10
898F038A,u115101_10
89B0DA37,u117401_10
89B19FCC,u117401_10
89C4B9AE,u117401_10
89C6DAA0,u117401_10
89E4C26B,u117401_10
8A08922B,u117401_10
8A153067,u030601_10
8A228A15,u112301_10
8A271838,u050101_10
8A340E59,u117401_10
8A354BA2,u117401_10
8A406DC0,u117401_10
8A420ECE,u117401_10
8A507F74,u050701_10
8A55312F,u117401_10
8A58A3F7,u117401_10
8A5D40C1,u117401_10
8A69AD5D,u117401_10
8A90AC99,u030801_10
8A95C13C,u040101_10
8A9B74CF,u117401_10
8A9C85EC,u112101_10
8A9FA83E,u010501_10
8AAF161E,u010701_10
8AAF9953,u117401_10
8AB0D75C,u117401_10
8AB17EED,u020201_10
8AB1DD55,u117401_10
8ABFCAFD,u115101_10
8AC07132,u115101_10
8AD0ADD1,u117401_10
8AD41C59,u010101_10
8AD58B3B,u111601_10
8AE766B8,u011101_10
8AEC31A3,u021301_10
8B12C7E6,u117401_10
8B17E10C,u111601_10
8B250C8F,u011101_10
8B2583C2,u031001_10
8B591EF8,u117401_10
8B6D7C29,u010701_10
8B6DF364,u117401_10
8B72BD6B,u117401_10
8B8064F9,u117401_10
8B8207F7,u117401_10
8B8288BA,u041001_10
8B89DFA1,u021201_10
8B975B18,u117401_10
8B9AC9C0,u117401_10
8B9F2AF6,u117401_10
8BABC76A,u117401_10
8BC27379,u117401_10
8BCA7751,u061401_10
8BCAF81C,u117401_10
8BD0361F,u115101_10
8BD75A50,u030601_10
8BE0E022,u112301_10
8BE5720F,u050101_10
8BF6646E,u117401_10
8BF72195,u117401_10
8C0813F7,u010101_10
8C0C41E7,u061101_10
8C0C50DB,u117401_10
8C1B6F3A,u117401_10
8C1EC663,u050701_10
8C27F348,u010101_10
8C2C2B1E,u117401_10
8C4FEF53,u051201_10
8C50B624,u117401_10
8C574707,u112101_10
8C645BB8,u117401_10
8C64D4F5,u010901_10
8C67913A,u115101_10
8C80777D,u020301_10
8C89CC25,u117401_10
8C8B2066,u040701_10
8C8BAF2B,u117401_10
8C985988,u110901_10
8CA04629,u111401_10
8CA9B7E0,u032201_10
8CAFB760,u117401_10
8CB91F5F,u011001_10
8CC350C0,u117401_10
8CD52ADA,u117401_10
8CEA652C,u070401_10
8CECDAD3,u050201_10
8CFE8949,u117401_10
8CFFCCB2,u117401_10
8D013AF7,u117401_10
8D1740ED,u117401_10
8D27F71B,u050201_10
8D280F1B,u070401_10
8D3CE37E,u117401_10
8D3DA685,u117401_10
8D49C51C,u117401_10
8D4BA612,u117401_10
8D582F5E,u110101_10
8D58923B,u011401_10
8D5A33BF,u110901_10
8D622C1E,u111401_10
8D649A46,u080801_10
8D6920A8,u010201_10
8D77D617,u115101_10
8D7B7568,u010101_10
8D808CA0,u051801_10
8D92DC13,u117401_10
8D952D30,u112101_10
8D990445,u031101_10
8DA5FB0D,u115101_10
8DA6318F,u117401_10
8DA6BEC2,u010901_10
8DCE3AEC,u117401_10
8DD9050D,u117401_10
8DE5997F,u117401_10
8E11F95E,u112101_10
8E16087D,u117401_10
8E1DD02B,u030901_10
8E1FB325,u117401_10
8E226AAC,u010801_10
8E22E5E1,u117401_10
8E38A4AF,u115101_10
8E5DD163,u117401_10
8E614D11,u020601_10
8E6A1A0A,u042101_10
8E6A9547,u032101_10
8E7039A0,u010101_10
8E77B846,u060301_10
8E85EE99,u117401_10
8E9453CE,u071101_10
8EAA648A,u117401_10
8EB83710,u117401_10
8EB972EB,u117401_10
8EC6A388,u050601_10
8ECD1172,u117401_10
8ECF727C,u117401_10
8EDE70CB,u110101_10
8EEDF4C6,u010101_10
8EF7491D,u010101_10
8EFFA106,u010101_10
8F04A313,u020701_10
8F0D184B,u117401_10
8F0F7B45,u117401_10
8F0FF408,u010201_10
8F1C1AFC,u110101_10
8F28E382,u115101_10
8F4784AE,u117401_10
8F4C3FC2,u117201_10
8F5639F9,u071101_10
8F572320,u020201_10
8F680EBD,u117401_10
8F718AD1,u051101_10
8F7A5D27,u117401_10
8F7B18DC,u117401_10
8F87D85A,u051801_10
8F9FBB54,u117401_10
8FA32726,u020601_10
8FA8FF70,u032101_10
8FD39369,u112101_10
8FD4624A,u117401_10
8FDDD912,u030201_10
8FE0009B,u010801_10
8FE08FD6,u117401_10
900491E0,u117401_10
900F49B6,u030701_10
902DDE30,u040301_10
90307C7C,u117401_10
9030F331,u010601_10
9038C5AA,u071601_10
90461FD1,u115101_10
904C4F56,u080201_10
904F48FE,u117401_10
9065AE96,u117401_10
9072E6AF,u110301_10
9073D48C,u020901_10
90788397,u045601_10
90977704,u117401_10
90AAAE8D,u117401_10
90ABEB76,u117401_10
90DDEBE1,u117401_10
90DF07A2,u041201_10
90DF88EF,u117401_10
90FFF32A,u117401_10
911D6D95,u041201_10
911DE2D8,u117401_10
911F81D6,u117401_10
913D991D,u117401_10
91551D33,u117401_10
9155927E,u061501_10
9168C4BA,u117401_10
91698141,u117401_10
9171AA97,u040101_10
918475E6,u115101_10
9188D699,u020401_10
918D22C9,u117401_10
919F1269,u115101_10
91A7C4A1,u117401_10
91B08C98,u110301_10
91B1BEBB,u020901_10
91BAE9A0,u045601_10
91C5F607,u080901_10
91C6FBD7,u117401_10
91D50702,u117401_10
91F2164B,u117401_10
9209F6A7,u117401_10
920CD04D,u111601_10
923E3DCE,u011101_10
923EB283,u031001_10
92422FB9,u117401_10
92698C2A,u117401_10
9276C225,u117401_10
9281F881,u117401_10
92841BB7,u061101_10
928C6A59,u117401_10
9292EEE0,u021201_10
929936B6,u117401_10
9299B9FB,u041001_10
929B55B8,u117401_10
92B0F62B,u117401_10
92CB075E,u115101_10
92CC6B11,u030601_10
92D14610,u061401_10
92D1C95D,u117401_10
92EC10D4,u117401_10
92ED552F,u117401_10
92FBD163,u112301_10
92FE434E,u050101_10
930E0126,u030601_10
930E1364,u021201_10
9313A36A,u117401_10
932E7AE3,u117401_10
932F3F18,u117401_10
9339BB54,u112301_10
933C2979,u050101_10
934392B6,u117401_10
93467180,u117401_10
934E006E,u117401_10
93593F8F,u117401_10
935B5C81,u117401_10
935BD3CC,u041001_10
93729C1C,u117401_10
9380458E,u117401_10
9383DF44,u030101_10
9384997F,u010501_10
9389FED6,u030201_10
938B9DD8,u030801_10
93A4FBBC,u115101_10
93ABE61D,u117401_10
93B4275F,u010701_10
93B4A812,u117401_10
93CB9C90,u117401_10
93CEB5DE,u010101_10
93CEBA7A,u111601_10
93DB4073,u115101_10
93F700E2,u021301_10
93FC57F9,u011101_10
940C71AC,u117401_10
941A0BB6,u117401_10
942697C4,u117401_10
9427D23F,u117401_10
94333E5A,u070401_10
943581A5,u050201_10
944102FE,u110901_10
94431E1F,u110101_10
94509753,u117401_10
94527B10,u040701_10
9452F45D,u117401_10
9460DC02,u117401_10
946CE756,u115101_10
94791D5F,u111401_10
947FAB07,u080801_10
94823504,u031101_10
9489ED52,u117401_10
948E1C71,u112101_10
94BD00CE,u117401_10
94BD8F83,u010901_10
94BECA4C,u115101_10
94C2344C,u117401_10
94D50BAD,u117401_10
94FEA83E,u117401_10
95005E7B,u117401_10
951322B6,u010101_10
9517619A,u117401_10
951770A6,u061101_10
9522C823,u050601_10
95371A5F,u117401_10
953CC209,u010101_10
954B8765,u117401_10
955F20C5,u041801_10
957CA07B,u115101_10
957F6AF9,u117401_10
958368C9,u110901_10
95901127,u040701_10
95909E6A,u117401_10
9592FD64,u117401_10
9594520B,u010101_10
959B463C,u020301_10
95A22E1E,u011001_10
95B07BDE,u010201_10
95B286A1,u032201_10
95BDC130,u080801_10
95CE1B9B,u117401_10
95D86181,u117401_10
95E4FDF3,u117401_10
95E5B808,u117401_10
95F1546D,u070401_10
95F7EB92,u050201_10
96072BBD,u110101_10
96144A04,u117401_10
9614C549,u010201_10
9616290A,u117401_10
961F9252,u020701_10
9633D2C3,u115101_10
9634AFB0,u010101_10
964C1261,u020201_10
964D08B8,u071101_10
96570E83,u117201_10
965CB5EF,u117401_10
9660299D,u117401_10
96616C66,u117401_10
96733FFC,u117401_10
96848A15,u117401_10
968E6287,u020901_10
9697CE90,u051701_10
96B3CE31,u032101_10
96B81667,u020601_10
96CF530B,u117401_10
96FBBE97,u117401_10
9706E16A,u030901_10
970AC81F,u112101_10
970D393C,u117401_10
972395EE,u115101_10
97395BED,u010801_10
9739D4A0,u117401_10
9746E022,u117401_10
9758743F,u041801_10
976C8907,u060301_10
97712B4B,u042101_10
9771A406,u032101_10
977A7C50,u020601_10
978F628F,u071101_10
979EDFD8,u117401_10
97A243AA,u117401_10
97A30651,u117401_10
97B155CB,u117401_10
97C5418A,u110101_10
97D4433D,u117401_10
97D62033,u117401_10
97D6AF7E,u010201_10
97E49047,u071001_10
97E51D84,u117401_10
97EC785C,u010101_10
97FD929C,u070201_10
980077F3,u115101_10
9800FCF7,u110101_10
980578B2,u117401_10
98124753,u117401_10
981A36BD,u117401_10
981AB9F0,u011201_10
98250377,u031401_10
98276079,u117401_10
982EDB21,u117401_10
9852461B,u030501_10
98599E4D,u117401_10
9875DEDC,u115101_10
9880E44C,u117401_10
9894A639,u080401_10
98ADA341,u030101_10
98B16475,u070301_10
98BD3DC5,u117401_10
98BDB288,u061701_10
98C20947,u117401_10
98CFFE66,u117401_10
98D929BD,u071001_10
98DC02B3,u117401_10
98F7A120,u117401_10
98FCCC19,u050901_10
99006370,u117401_10
990D9451,u115101_10
991B438A,u071001_10
991E6884,u117401_10
992A8518,u117401_10
9935CB17,u117401_10
99372754,u041501_10
99428E7B,u117401_10
994AFBEF,u010101_10
9950DDE1,u051701_10
997F57F2,u117401_10
997FD8BF,u061701_10
99902C2C,u030501_10
999BF47A,u117401_10
99C21DC4,u115101_10
99C71285,u117401_10
99D02D64,u117401_10
99D85C8A,u117401_10
99D8D3C7,u011201_10
99E1C62F,u061301_10
99E50A4E,u117401_10
99ECB116,u117401_10
99EF6F76,u010101_10
9A095A0E,u117401_10
9A14F842,u030401_10
9A1A3D74,u020901_10
9A1F2014,u117401_10
9A264836,u010201_10
9A2DBF38,u021201_10
9A318CC6,u115101_10
9A3492BB,u060801_10
9A35C67C,u117401_10
9A46C9AA,u115101_10
9A5333A3,u111701_10
9A54F90A,u117401_10
9A59F3F9,u080501_10
9A5C07A9,u011101_10
9A5C88E4,u117401_10
9A61DE20,u117401_10
9A686578,u117401_10
9A84B71E,u117401_10
9AA71F5F,u010901_10
9AB11F79,u117401_10
9AB8A421,u021501_10
9AC65A15,u117401_10
9AD4098F,u051801_10
9AD523FB,u010201_10
9AEB8A02,u080901_10
9AED3C5A,u111501_10
9AF6487B,u020201_10
9AFB0CD1,u061701_10
9AFB839C,u117401_10
9B043022,u117401_10
9B04579A,u040101_10
9B21CBEB,u115101_10
9B28FAEC,u081101_10
9B29E035,u080901_10
9B2F566D,u111501_10
9B39E9AB,u117401_10
9B3AAC64,u115101_10
9B3D2020,u117401_10
9B4517AB,u117201_10
9B46DD29,u117401_10
9B657568,u010901_10
9B73754E,u117401_10
9B84A39D,u115101_10
9B881784,u021801_20
9B96933D,u117401_10
9B9B99CE,u030101_10
9B9E6D9E,u011101_10
9B9EE2D3,u117401_10
9BA1D719,u031301_10
9BA3B417,u117401_10
9BAA0F4F,u117401_10
9BCB3039,u117401_10
9BD69275,u030401_10
9BDD4A23,u117401_10
9BE42201,u011201_10
9BE8817E,u115101_10
9BEFD50F,u021201_10
9BF7AC4B,u117401_10
9C0D98FE,u117401_10
9C1FCB64,u051301_10
9C304177,u117401_10
9C4282D4,u117201_10
9C50E439,u117401_10
9C7ADD92,u117401_10
9C8A670E,u117401_10
9C8D0B41,u115101_10
9C97C542,u011301_10
9C9ABBD0,u050701_10
9C9F3BE1,u117401_10
9CA08166,u117401_10
9CA1F430,u111201_10
9CA3A793,u117401_10
9CA87FC5,u032301_10
9CAA1CCB,u117401_10
9CD2D24D,u010201_10
9CD4E2FF,u117401_10
9CF2B08E,u115101_10
9D1688C8,u117401_10
9D1D509E,u030101_10
9D30DAB9,u115101_10
9D480D39,u117401_10
9D4F6176,u115101_10
9D552038,u117401_10
9D55AF75,u011301_10
9D5A9B7F,u111701_10
9D5D51D6,u117401_10
9D61CDA4,u117401_10
9D62EB51,u117401_10
9D6876FC,u117401_10
9D7A2566,u117401_10
9D80E8E3,u115101_10
9D9D4C6C,u115101_10
9DAD9A51,u112201_10
9DB10CFD,u021701_10
9DB8B7A5,u117401_10
9DBA5BE6,u010901_10
9DCFF2C9,u117401_10
9DDDA153,u051301_10
9DEF6864,u010101_10
9DF22B40,u117401_10
9DF2A40D,u030301_10
9E043C8D,u115101_10
9E1C180E,u031201_10
9E23A289,u011001_10
9E294E3F,u112201_10
9E3C63CB,u117401_10
9E3E8F88,u020201_10
9E4B26A7,u117401_10
9E59753D,u051201_10
9E5C1946,u117401_10
9E767063,u030501_10
9E76FF2E,u117401_10
9E8FE7EC,u115101_10
9E925CA6,u117401_10
9E9984F0,u030301_10
9EB9FF35,u117401_10
9ECBB518,u115101_10
9ED17B1B,u011401_10
9ED1F456,u117401_10
9ED23ED4,u115101_10
9ED985B8,u117401_10
9EE519CA,u117401_10
9EE63F3F,u117401_10
9EE6C7AA,u010101_10
9EECA292,u117401_10
9EFEF108,u117401_10
9F09DF2F,u115101_10
9F13112C,u011401_10
9F139E61,u117401_10
9F1A0464,u080301_10
9F1BEF8F,u117401_10
9F1DA8E5,u110701_10
9F2773FD,u117401_10
9F2CABAB,u031901_10
9F2EC8A5,u117401_10
9F3C9B3F,u117401_10
9F503691,u117401_10
9F5BEEC7,u030301_10
9F617D0E,u021201_10
9F6E8E98,u010101_10
9F7B9502,u117401_10
9F894C90,u117401_10
9F9B1F0A,u051201_10
9F9E7371,u117401_10
9FA1DBB4,u010101_10
9FB49519,u117401_10
9FC279F9,u115101_10
9FC656BA,u117401_10
9FCEDA86,u040501_10
9FFE09FC,u117401_10
A0085F4C,u011101_10
A008D001,u031001_10
A00AB30F,u117401_10
A02F48C6,u115101_10
A03AB2CF,u111601_10
A03BEDB6,u117401_10
A03F9425,u117401_10
A0402FEA,u010701_10
A040A0A7,u117401_10
A050F309,u115101_10
A0A48C62,u021201_10
A0AF5434,u117401_10
A0AFDB79,u041001_10
A0B27935,u117401_10
A0B79A03,u117401_10
A0CDB3E1,u112301_10
A0DA7256,u117401_10
A0DB37AD,u117401_10
A0E72492,u061401_10
A0E7ABDF,u117401_10
A0FA0993,u030601_10
A0FD65DC,u115101_10
A10A4BFB,u050101_10
A111A339,u020101_10
A1181861,u117401_10
A1195D9A,u117401_10
A11AF422,u041701_10
A1254EA5,u061401_10
A125C1E8,u117401_10
A13863A4,u030601_10
A16D3E03,u117401_10
A16DB14E,u041001_10
A1701302,u117401_10
A175F034,u117401_10
A18245DD,u010701_10
A182CA90,u117401_10
A192993E,u115101_10
A1B2FBFD,u010501_10
A1C16260,u021301_10
A1C1DD80,u111301_10
A1C8D938,u117401_10
A1CA357B,u011101_10
A1ED22F1,u115101_10
A1FDFE12,u117401_10
A2061EFE,u117401_10
A20691B3,u010601_10
A20EA728,u071601_10
A21BBCB2,u040301_10
A245B60E,u020901_10
A24C0D56,u045301_10
A24EE115,u045601_10
A253CC14,u117401_10
A25A9005,u117401_10
A26C7693,u117401_10
A2707D53,u115101_10
A2792A7C,u117401_10
A27A2DD4,u080201_10
A27D8155,u110601_10
A28E9F95,u050101_10
A2957757,u020201_10
A29CCC0F,u117401_10
A29D89F4,u117401_10
A29E204C,u041801_10
A2A11586,u117401_10
A2A19ACB,u061501_10
A2A25049,u115101_10
A2C991A8,u117401_10
A2E96520,u041201_10
A2E9EA6D,u117401_10
A30BFB9F,u117401_10
A32B0F17,u041201_10
A32B805A,u117401_10
A34BE7DE,u117401_10
A35EA638,u117401_10
A35FE3C3,u117401_10
A3637FB1,u117401_10
A363F0FC,u061501_10
A37B74BE,u040701_10
A386EE1A,u110301_10
A38C8B22,u045601_10
A38E6761,u042201_20
A391A623,u117401_10
A3AE1CA4,u117401_10
A3B21764,u115101_10
A3B847E3,u080201_10
A3BB404B,u117401_10
A3BF39D8,u021001_10
A3C474C9,u117401_10
A3C4FB84,u010601_10
A3D9D685,u040301_10
A405B041,u115101_10
A41870E9,u010101_10
A4222886,u117401_10
A42234DF,u011101_10
A422A7CB,u010201_10
A429F0D0,u020701_10
A431493F,u110101_10
A4556DEA,u031601_10
A4564B1F,u117401_10
A4570EE4,u117401_10
A46AD76D,u117401_10
A47B6A3A,u071101_10
A485ACB3,u032101_10
A48F46C6,u110301_10
A49881B2,u060301_10
A4A1945A,u010201_10
A4A73B35,u040601_10
A4AC6C2E,u021501_10
A4B2E897,u117401_10
A4CC9D94,u021201_10
A4CD5358,u010801_10
A4CDDC15,u117401_10
A50F396F,u010801_10
A50FB622,u117401_10
A515F76C,u115101_10
A53CAA9D,u112101_10
A54749C9,u042101_10
A54C1ED2,u020601_10
A559B616,u051601_10
A57082A0,u117401_10
A575506F,u041801_10
A5873749,u117401_10
A5942128,u117401_10
A59564D3,u117401_10
A5978890,u042001_10
A59CDF8B,u020501_10
A5A8BD5A,u117401_10
A5AAAB6B,u020201_10
A5B9000D,u071101_10
A5C0A705,u010101_10
A5C4F515,u061101_10
A5D14DC5,u070201_10
A5D2F2C5,u071601_10
A5E042B1,u117401_10
A5E0CDFC,u010201_10
A5F32308,u110101_10
A5F48F89,u080501_10
A603E327,u050201_10
A6055CD8,u070401_10
A610F546,u117401_10
A611B0BD,u117401_10
A6135CFE,u041901_10
A6180BE5,u020401_10
A62C6934,u117401_10
A63A132E,u117401_10
A63C59A0,u010101_10
A641E25B,u115101_10
A648D35C,u081001_10
A649C985,u080801_10
A64F7FDD,u111401_10
A65626AB,u010101_10
A656BE80,u117401_10
A65A85D4,u115101_10
A6641992,u040701_10
A66496DF,u117401_10
A6757C9D,u110101_10
A688A8CE,u115101_10
A68B624C,u117401_10
A68BED01,u010901_10
A6A761B2,u117401_10
A6B87EF3,u112101_10
A6C8CABC,u117401_10
A6E3692F,u117401_10
A6F456CE,u117401_10
A70178DD,u117401_10
A70E177A,u050601_10
A7210318,u117401_10
A7254034,u010101_10
A7331A13,u111601_10
A7363CF9,u117401_10
A73BAFFF,u061101_10
A749087B,u117401_10
A7498736,u010901_10
A751A576,u115101_10
A75CA235,u080301_10
A78BA3B2,u080801_10
A78D15EA,u111401_10
A7944C9C,u020201_10
A79CA487,u010201_10
A7A673A5,u040701_10
A7A6FCE8,u117401_10
A7AD24BE,u020301_10
A7B50A4B,u110901_10
A7C736EF,u070401_10
A7D1B984,u031501_10
A7D29F71,u117401_10
A7D3DA8A,u117401_10
A7EE0303,u117401_10
A7F87919,u117401_10
A803A4FE,u117401_10
A80CD6E1,u081201_10
A8102AB4,u021701_10
A8155A8E,u112501_10
A8184DE2,u060801_10
A81BDDBA,u021201_10
A81C89CB,u115101_10
A8229AC0,u030401_10
A8294296,u117401_10
A83F388C,u117401_10
A857BCA2,u117401_10
A8635544,u010101_10
A86A652B,u011101_10
A86AEA66,u117401_10
A86F917B,u080401_10
A8704325,u050601_10
A870AB28,u115101_10
A8917DDD,u010901_10
A8B2D59C,u117401_10
A8CDE11E,u117401_10
A8DDE880,u080901_10
A8E26B0D,u051801_10
A8E34179,u010201_10
A8F03897,u117401_10
A8F25B99,u117401_10
A90F8B29,u117401_10
A914D684,u050901_10
A91934EF,u111501_10
A91F82B7,u080901_10
A920013A,u051801_10
A9212B4E,u010201_10
A93031AE,u117401_10
A930BEE3,u040901_10
A93252A0,u117401_10
A95317EA,u010901_10
A9544B42,u117401_10
A9737529,u117201_10
A995D695,u117401_10
A9A80F1C,u011101_10
A9A88051,u117401_10
A9AD6367,u117401_10
A9ADFB4C,u081101_10
A9B2C11F,u115101_10
A9BBA787,u115101_10
A9BE7506,u021801_20
A9C1CEC9,u117401_10
A9C5C501,u020201_10
A9D24083,u010801_10
A9E0F0F7,u030401_10
A9EB28A1,u117401_10
A9FB7299,u031001_10
A9FD52BB,u117401_10
AA1102FB,u117401_10
AA2C543F,u117401_10
AA2CDB72,u011201_10
AA361571,u115101_10
AA43BC5E,u115101_10
AA642499,u030501_10
AA664797,u117401_10
AA6FFCCF,u117401_10
AA8B5F47,u117401_10
AA9BC1C3,u030101_10
AA9DBB2C,u070301_10
AAA4D554,u051701_10
AAAC2BF7,u040101_10
AAB46A8D,u040101_10
AAB4E5C0,u117401_10
AAB686CE,u117401_10
AAC32FE1,u041501_10
AAEF4B3F,u071001_10
AAF46BC5,u117401_10
AAF99CE4,u117401_10
AB0145D6,u041501_10
AB0A12CD,u021401_10
AB2C3BD1,u011001_10
AB2D2108,u071001_10
AB3601F2,u040201_10
AB3BF6D3,u115101_10
AB493570,u117401_10
AB593CEE,u080901_10
AB66BF63,u051701_10
AB74ECF9,u117401_10
AB768FF7,u117401_10
AB7C996D,u010101_10
AB957319,u117401_10
ABA42DA0,u117401_10
ABA64EAE,u030501_10
ABAD96F8,u117401_10
ABD368CC,u117401_10
ABEE3E08,u117401_10
ABEEB145,u011201_10
ABF47F46,u117201_10
AC08ED0A,u020201_10
AC15C00B,u011001_10
AC1F2CBD,u112201_10
AC325E0F,u117401_10
AC36714C,u115101_10
AC3FA92E,u117401_10
AC409DAC,u117401_10
AC6A7BC4,u117401_10
AC6F17BF,u051201_10
AC7D4425,u117401_10
AC7F272B,u117401_10
AC8F9DB7,u117401_10
ACA43E24,u117401_10
ACAFE672,u030301_10
ACB9856E,u115101_10
ACC8938A,u117401_10
ACD05DBD,u117401_10
ACD0A528,u010101_10
ACDAC010,u117401_10
ACE45C56,u115101_10
ACE71999,u011401_10
ACE796D4,u117401_10
ACFDD79A,u115101_10
ACFF3BD9,u115101_10
AD0AF9BD,u117401_10
AD12CF1F,u010101_10
AD18AA27,u117401_10
AD2573AE,u011401_10
AD25FCE3,u117401_10
AD263661,u115101_10
AD29F49E,u030401_10
AD2C66E6,u080301_10
AD3FBDAD,u115101_10
AD4DF780,u117401_10
AD58EC1A,u010101_10
AD665413,u117401_10
AD6D8C45,u030301_10
AD8278D6,u030501_10
AD82F79B,u117401_10
ADA5832B,u050701_10
ADA811F3,u117401_10
ADAD7D88,u051201_10
ADBADD14,u051301_10
ADBD4D1C,u117401_10
ADBDC251,u040201_10
ADBF2E12,u117401_10
ADCA873D,u020201_10
ADD7AA3C,u011001_10
ADDD468A,u112201_10
ADEF7CF4,u115101_10
ADF03438,u117401_10
ADF8B804,u040701_10
AE0623F5,u117401_10
AE06ACB8,u030301_10
AE29A9E6,u051301_10
AE39163F,u040501_10
AE399972,u117401_10
AE3BFA7C,u117401_10
AE4E5353,u010901_10
AE5992E4,u112201_10
AE74E056,u115101_10
AE96E3E4,u117401_10
AE9C7E49,u117401_10
AEA1288D,u117401_10
AEA1A7C0,u011301_10
AEAE93CA,u111701_10
AEBB69C3,u115101_10
AEBC058C,u117401_10
AEC4D20C,u115101_10
AED6639E,u115101_10
AEDD5F0D,u110101_10
AEE2807D,u117401_10
AEE4B0CF,u010201_10
AEE79D1D,u020901_10
AF02F281,u020801_10
AF06B83B,u115101_10
AF0720CB,u115101_10
AF09A59A,u041101_10
AF1AF255,u050101_10
AF20EA4A,u117401_10
AF2B321C,u030101_10
AF4C47E4,u041101_10
AF5489D3,u117401_10
AF5E147E,u117401_10
AF6342BA,u117401_10
AF63CDF7,u011301_10
AF6CF9FD,u111701_10
AF7903F4,u115101_10
AF7E6FBB,u117401_10
AF876E7F,u021701_10
AF8C3964,u010901_10
AF9BF8D3,u112201_10
AFAB2EEE,u115101_10
AFC449C2,u117401_10
AFEBC3D1,u051301_10
AFF9904B,u117401_10
AFFBF345,u117401_10
B00205AE,u111501_10
B004B3F6,u080901_10
B0069AEE,u050101_10
B014BA68,u117401_10
B017FFA7,u115101_10
B02963E1,u117401_10
B02972DD,u061301_10
B02B00EF,u117401_10
B02B8FA2,u040901_10
B03A1A0F,u010201_10
B03B307B,u051801_10
B04826AB,u010901_10
B0684468,u117201_10
B06B8EEA,u051301_10
B08EE7D4,u117401_10
B0A096C6,u115101_10
B0A54447,u021801_20
B0A9F05E,u115101_10
B0B33E5D,u011101_10
B0B3B110,u117401_10
B0B65226,u117401_10
B0B6CA0D,u010101_10
B0C971C2,u010701_10
B0DAFF88,u117401_10
B0DD6F1B,u040101_10
B0E663FA,u117401_10
B0F019E0,u117401_10
B100ECFB,u021201_10
B107B88A,u115101_10
B10E6BCF,u112501_10
B11895BF,u117401_10
B12409CD,u117401_10
B13273D7,u117401_10
B1376EB7,u020901_10
B139AB81,u030401_10
B14C8DE3,u117401_10
B16B9A69,u115101_10
B171546A,u011101_10
B171DB27,u117401_10
B174A03A,u080401_10
B18A4C9C,u010901_10
B195F7E2,u021501_10
B1A9E4DD,u117401_10
B1C06F99,u111501_10
B1D65F12,u061701_10
B1D6D05F,u117401_10
B1E96AD8,u117401_10
B1E9E595,u040101_10
B1EB09D6,u117401_10
B1F87038,u010201_10
B20E442C,u010901_10
B21A7497,u041501_10
B21F1932,u031001_10
B220C792,u115101_10
B22C1672,u115101_10
B22D30B3,u117401_10
B2361049,u071001_10
B2370A90,u011001_10
B2420DAF,u081501_10
B248CA32,u115101_10
B2520431,u117401_10
B2528B7C,u061701_10
B26DBEB6,u117401_10
B26FDDB8,u117401_10
B28E4258,u117401_10
B2B55BF9,u050701_10
B2B6A7B9,u117401_10
B2BF1CE1,u117401_10
B2C8598D,u117401_10
B2EC7433,u010101_10
B2EF4E07,u115101_10
B2F50F49,u117401_10
B2F58004,u011201_10
B30A33BA,u117401_10
B32DAF34,u110101_10
B337657E,u117401_10
B337EA33,u011201_10
B3588D1F,u115101_10
B374CD8E,u117401_10
B37D76D6,u117401_10
B380F082,u030101_10
B3906E06,u117401_10
B390E14B,u061701_10
B3A5C21B,u010101_10
B3ADB78F,u117401_10
B3AF5BCC,u040101_10
B3AFD481,u117401_10
B3B71AB6,u050201_10
B3BFE415,u051701_10
B3D81EA0,u041501_10
B3E2ADA5,u117401_10
B3E5FA36,u117401_10
B3E8BD4A,u081201_10
B3EF5A84,u117401_10
B3F47A7E,u071001_10
B3FC2649,u060801_10
B40060FD,u040101_10
B4039B66,u117401_10
B409FE5E,u010101_10
B411C8FC,u041701_10
B4248CEC,u115101_10
B432C5DF,u117401_10
B43757A7,u080301_10
B43D0720,u115101_10
B43E42EF,u011401_10
B43ECDA2,u117401_10
B443DD5B,u010101_10
B456C6C1,u117401_10
B47D6552,u117401_10
B4994997,u030501_10
B499C6DA,u117401_10
B4A41F53,u117401_10
B4A67C5D,u117401_10
B4A6F310,u040201_10
B4AACBDE,u051201_10
B4B320B2,u117401_10
B4B64CC9,u051201_10
B4BEB26A,u050701_10
B4C677CB,u112201_10
B4CC9B7D,u011001_10
B4D1B67C,u020201_10
B4E38945,u040601_10
B4EB0579,u115101_10
B4EF2A3A,u115101_10
B4F44DB5,u115101_10
B4FBE2EE,u050701_10
B5041DFC,u112201_10
B50EF14A,u011001_10
B513DC4B,u020201_10
B524986F,u117401_10
B52A147C,u020601_10
B55B23A0,u030501_10
B55BACED,u117401_10
B564166A,u117401_10
B5667564,u117401_10
B5714A85,u117401_10
B594ACF6,u117401_10
B5B4D733,u030301_10
B5BF0F65,u117401_10
B5C1F151,u117401_10
B5C20ACA,u040101_10
B5CB6CFC,u117401_10
B5CB9469,u010101_10
B5D3A2CB,u117401_10
B5E40A98,u115101_10
B5E6E6DB,u115101_10
B5FC28D8,u011401_10
B5FCA795,u117401_10
B61294DB,u041101_10
B619C3C0,u020801_10
B61D897A,u115101_10
B630035D,u030201_10
B63BDB0B,u117401_10
B645253F,u117401_10
B64FB892,u117401_10
B65776A5,u117401_10
B66232B5,u115101_10
B6655EFA,u117401_10
B677C8BC,u111701_10
B67873FB,u117401_10
B678FCB6,u011301_10
B680C992,u112201_10
B6970825,u010901_10
B69C5F3E,u021701_10
B6B01FAF,u115101_10
B6C23BA7,u010101_10
B6DF7883,u117401_10
B6DFF7CE,u030301_10
B6E0C204,u117401_10
B6E2A10A,u117401_10
B6FCB614,u050701_10
B71D12B4,u117401_10
B71D9DF9,u030301_10
B720CB3D,u117401_10
B722277E,u040501_10
B722A833,u117401_10
B73298A7,u051301_10
B742A3A5,u112201_10
B7556212,u010901_10
B76FD117,u115101_10
B7874F08,u117401_10
B78DD2A5,u117401_10
B7A05882,u115101_10
B7A734CD,u117401_10
B7B5A28B,u111701_10
B7BA19CC,u117401_10
B7BA9681,u011301_10
B7C66E4C,u110101_10
B7DFE34D,u115101_10
B7F9B13C,u117401_10
B7FF818E,u010201_10
B801C563,u041701_10
B8026CDB,u117401_10
B8032920,u117401_10
B80A9278,u020101_10
B8117ABA,u050101_10
B814E897,u112301_10
B82352E5,u030601_10
B83E7FE4,u061401_10
B83EF0A9,u117401_10
B861E616,u050601_10
B86B2243,u117401_10
B86EC175,u117401_10
B8760F42,u117401_10
B876800F,u041001_10
B899749C,u010701_10
B899FBD1,u117401_10
B8A9CABC,u010501_10
B8B91E65,u040101_10
B8CB4D35,u041501_10
B8D1043A,u011101_10
B8D3E879,u117401_10
B8DA5321,u021301_10
B8DAECC1,u111301_10
B8E3E9B9,u111601_10
B8E6CF53,u117401_10
B8F613B0,u115101_10
B911824E,u117401_10
B913E140,u031001_10
B921838E,u111601_10
B924A564,u117401_10
B94BC248,u115101_10
B95B1EAB,u010701_10
B95B91E6,u117401_10
B9A38C21,u050601_10
B9A94874,u117401_10
B9ACAB42,u117401_10
B9B46575,u117401_10
B9B4EA38,u041001_10
B9BFBD23,u021201_10
B9C006EC,u117401_10
B9C14317,u117401_10
B9D3108D,u050101_10
B9D682A0,u112301_10
B9E6549D,u115101_10
B9FC9A9E,u117401_10
BA10CADE,u117401_10
BA287F2C,u117401_10
BA303E56,u041201_10
BA30B11B,u117401_10
BA44D282,u117401_10
BA459779,u117401_10
BA4C2C21,u020201_10
BA6B6274,u010201_10
BA784EF0,u117401_10
BA8A9762,u117401_10
BA955620,u042201_20
BA9CED78,u020901_10
BA9DDF5B,u110301_10
BAA0710A,u117401_10
BAA40899,u021001_10
BAA5855A,u020201_10
BAA92625,u115101_10
BAB52DE5,u117401_10
BAC2E7C4,u040301_10
BADF4588,u117401_10
BADFCAC5,u010601_10
BAF854C1,u115101_10
BB008DF3,u040301_10
BB159669,u071601_10
BB1D2FBF,u117401_10
BB1DA0F2,u010601_10
BB3C06C4,u010101_10
BB48FD55,u117401_10
BB55D054,u045601_10
BB573C17,u045301_10
BB5E874F,u020901_10
BB5FB56C,u110301_10
BB611C95,u080201_10
BB621B3D,u117401_10
BB66B014,u110601_10
BB6B4C12,u115101_10
BB7747D2,u117401_10
BB85110D,u041801_10
BB86B8B5,u117401_10
BB87FD4E,u117401_10
BB8E4616,u020201_10
BBB865E9,u050701_10
BBB96108,u115101_10
BBBA24C7,u117401_10
BBBAAB8A,u061501_10
BBD2A0E9,u117401_10
BBF25461,u041201_10
BBF2DB2C,u117401_10
BC0EC62D,u115101_10
BC14082E,u010801_10
BC148763,u117401_10
BC279BDC,u112101_10
BC41DAC4,u060301_10
BC572F93,u020601_10
BC5CE6F9,u010101_10
BC5CF7C5,u032101_10
BC6BB3E1,u117401_10
BC78CF2C,u010201_10
BC87EECA,u020501_10
BC8CB9D1,u042001_10
BC8E5592,u117401_10
BC8F1069,u117401_10
BC9C0608,u117401_10
BC9EC4B6,u051101_10
BCB38C1B,u117401_10
BCC12B9F,u010101_10
BCC3EB16,u110101_10
BCC9C384,u010201_10
BCCFED86,u050201_10
BCDB9644,u010101_10
BCDFC454,u061101_10
BCE81249,u110101_10
BCEFBEC8,u080501_10
BCFB73F0,u117401_10
BCFBFCBD,u010201_10
BD1E8100,u115101_10
BD2A787E,u110101_10
BD32C191,u020701_10
BD3919C7,u117401_10
BD39968A,u010201_10
BD4C3FA5,u117401_10
BD4D7A5E,u117401_10
BD4E5CAB,u031601_10
BD5E6C3F,u117401_10
BD605B7B,u071101_10
BD71E62C,u117401_10
BD83B0F3,u060301_10
BD947787,u110301_10
BD9545A4,u020601_10
BD9E9DF2,u032101_10
BDA9D9D6,u117401_10
BDB75D6F,u021501_10
BDBC0A74,u040601_10
BDD66219,u010801_10
BDD6A3B7,u112101_10
BDD6ED54,u117401_10
BDD7ACD5,u021201_10
BDE5F1EB,u112101_10
BDF6DCFE,u050701_10
BE1A499C,u117401_10
BE209EBE,u061101_10
BE282B52,u111601_10
BE2D0DB8,u117401_10
BE3A3259,u117401_10
BE4A9437,u115101_10
BE51F3B8,u115101_10
BE52393A,u117401_10
BE52B677,u010901_10
BE612585,u112101_10
BE64471E,u040101_10
BE6FC2C7,u051801_10
BE8F7DDD,u020201_10
BE9092F3,u080801_10
BE9624AB,u111401_10
BEAE3B0A,u110901_10
BEB615FF,u020301_10
BEBD42E4,u040701_10
BEBDCDA9,u117401_10
BEC8EBCB,u117401_10
BEC9AE30,u117401_10
BECA88C5,u031501_10
BEDAB851,u050201_10
BEDC07AE,u070401_10
BEE34858,u117401_10
BEF53242,u117401_10
BF033AA4,u020401_10
BF086DBF,u041901_10
BF0A81FC,u117401_10
BF0BC407,u117401_10
BF18D266,u050201_10
BF21226F,u117401_10
BF2768E1,u010101_10
BF375875,u117401_10
BF45FFF1,u010201_10
BF4D17EA,u010101_10
BF4D8FC1,u117401_10
BF52F8C4,u080801_10
BF53E21D,u081001_10
BF544E9C,u111401_10
BF5AD31A,u115101_10
BF6C513D,u110901_10
BF6E4DDC,u110101_10
BF6F85F7,u117401_10
BF7F28D3,u040701_10
BF7FA79E,u117401_10
BF90530D,u117401_10
BF90DC40,u010901_10
BF93998F,u115101_10
BFA34FB2,u112101_10
BFD3FBFD,u117401_10
BFD823AB,u117401_10
BFEF678F,u117401_10
BFF8586E,u117401_10
BFFC1B42,u010101_10
C0061269,u117401_10
C017AF3E,u071101_10
C029987A,u117401_10
C0348D45,u011401_10
C03A8E1B,u117401_10
C03BCBE0,u117401_10
C04535D4,u020701_10
C04EED82,u117401_10
C05D8C3B,u110101_10
C0697545,u115101_10
C0715705,u117401_10
C0838E97,u117401_10
C09205AE,u112101_10
C09FD427,u080701_10
C0A11911,u117401_10
C0A1965C,u010801_10
C0A37A1F,u117401_10
C0AC0484,u050701_10
C0CA6249,u115101_10
C0D71DFC,u020101_10
C0DE2D93,u117401_10
C0E2B1E1,u020601_10
C0E969B7,u032101_10
C11C47A4,u117401_10
C120DBD6,u020601_10
C12B0380,u032101_10
C12B8CCD,u042101_10
C1362E81,u060301_10
C141E4A0,u117401_10
C1506F99,u112101_10
C15C54AE,u021501_10
C1611028,u117401_10
C1637326,u117401_10
C163FC6B,u010801_10
C1793268,u115101_10
C1875FE3,u020701_10
C18C08F8,u010201_10
C18C87B5,u117401_10
C19CB721,u050901_10
C19FE60C,u110101_10
C1A6E374,u115101_10
C1A7351A,u070201_10
C1B33D32,u117401_10
C1B3B27F,u060601_10
C1BE37C1,u071101_10
C1C4785E,u117401_10
C1D5C509,u071101_10
C1EBF24D,u117401_10
C1F8E42C,u117401_10
C1F9A1D7,u117401_10
C2038B8D,u020301_10
C20853DB,u117401_10
C208DC96,u040701_10
C219B999,u110101_10
C21ABFA1,u111101_10
C21B3262,u110101_10
C21BA578,u110901_10
C223BAD9,u111401_10
C23640D0,u115101_10
C2376611,u060401_10
C237E95C,u117401_10
C23A7B84,u117401_10
C23AE3AF,u010401_10
C240AC30,u117401_10
C256D62A,u117401_10
C26999DC,u070401_10
C26F2623,u040101_10
C27C3042,u117401_10
C27D75B9,u117401_10
C28FAC2B,u117401_10
C29893CA,u117401_10
C2A40FB8,u117401_10
C2D4BBF7,u112101_10
C2E5C446,u117401_10
C2E72805,u010901_10
C2E7A748,u117401_10
C316D1C0,u112101_10
C3254232,u010901_10
C325CD7F,u117401_10
C32607FD,u115101_10
C327AE71,u117401_10
C34DC61C,u117401_10
C35AF9FD,u117401_10
C35F74EE,u010101_10
C363768D,u041201_10
C366658F,u010101_10
C36DBDD9,u117401_10
C382C607,u117401_10
C394BC1D,u117401_10
C3ABF3EB,u070401_10
C3AD4C14,u050201_10
C3BE5A75,u117401_10
C3BF1F8E,u117401_10
C3C1E1BA,u020301_10
C3CA39EC,u117401_10
C3D9CF4F,u110901_10
C3E1D0EE,u111401_10
C3E766B6,u080801_10
C3F5836B,u117401_10
C3F88998,u070301_10
C40C8017,u040101_10
C41C54CE,u010501_10
C42C65A3,u117401_10
C42CEAEE,u010701_10
C42E06AD,u117401_10
C4438DC2,u115101_10
C4535121,u117401_10
C45677CB,u111601_10
C4641505,u031001_10
C4649A48,u011101_10
C48AC757,u115101_10
C48B6EDB,u117401_10
C48BE196,u061401_10
C491A0D8,u115101_10
C496CC97,u030601_10
C4A176E5,u112301_10
C4A4E4C8,u050101_10
C4B6B752,u117401_10
C4B7F2A9,u117401_10
C4C39130,u117401_10
C4C84966,u021201_10
C4DB5F07,u117401_10
C4DEBC31,u117401_10
C4E87832,u111401_10
C4FC2BB7,u117401_10
C501744A,u041001_10
C501FB07,u117401_10
C50A2351,u021201_10
C5193530,u117401_10
C51CD606,u117401_10
C53E4180,u117401_10
C53ECECD,u060701_10
C54904EC,u117401_10
C553CAEF,u115101_10
C554A6A0,u030601_10
C5631CD2,u112301_10
C5668EFF,u050101_10
C5735C83,u031401_10
C574DD65,u117401_10
C575989E,u117401_10
C5913B16,u117401_10
C593B17D,u081201_10
C5941DFC,u111601_10
C59A807A,u115101_10
C5A6F07F,u011101_10
C5ADA764,u021301_10
C5C7F97F,u050101_10
C5D35950,u030201_10
C5E73B81,u070301_10
C5EC6C9A,u117401_10
C5EE0F94,u117401_10
C5EE80D9,u010701_10
C5FE5C3A,u115101_10
C615EF78,u117401_10
C6222411,u045601_10
C6284129,u110301_10
C629730A,u020901_10
C62FEDA8,u080701_10
C63F0910,u117401_10
C65B6754,u071701_10
C668B8F4,u117401_10
C66A54B7,u010601_10
C66ADBFA,u117401_10
C67779B6,u040301_10
C6852F69,u117401_10
C685A024,u041201_10
C68B09DE,u011001_10
C69DE15E,u117401_10
C6A554AC,u117401_10
C6BA1AA3,u060801_10
C6BA95EE,u117401_10
C6CDD082,u117401_10
C6CE954D,u115101_10
C6F0090B,u117401_10
C6F14CF0,u117401_10
C70F35F8,u061501_10
C70FBAB5,u117401_10
C72B0D11,u040101_10
C732633C,u117401_10
C73326C7,u117401_10
C747455E,u117401_10
C7670F62,u041801_10
C7673E9B,u117401_10
C778FFD9,u117401_10
C78AA906,u061301_10
C7A0081B,u071601_10
C7A7A650,u115101_10
C7A83E80,u010601_10
C7A8B1CD,u117401_10
C7AAD2C3,u117401_10
C7B51381,u040301_10
C7D2711F,u020801_10
C7D482E7,u080201_10
C7D7854F,u117401_10
C7DED260,u115101_10
C7E04E26,u045601_10
C7EA2B1E,u110301_10
C7EB193D,u020901_10
C7FD6327,u117401_10
C803D2BB,u051201_10
C806BEC0,u117401_10
C8118121,u117401_10
C81600C7,u031101_10
C82C58A8,u117401_10
C82CD7E5,u030501_10
C8536C2A,u117401_10
C85B1DC4,u117401_10
C85E9B0B,u117401_10
C864280E,u020201_10
C873E9B9,u112201_10
C879050F,u011001_10
C882C9D5,u080301_10
C8889952,u115101_10
C88B53D0,u117401_10
C88BDC9D,u011401_10
C891129E,u115101_10
C89F4EEC,u040601_10
C8A4568E,u117401_10
C8B60514,u117401_10
C8BC602C,u010101_10
C8C32376,u030301_10
C8C8FB20,u117401_10
C8E358B3,u117401_10
C8EC4512,u115101_10
C9014941,u030301_10
C90A9117,u117401_10
C9172A5D,u115101_10
C9213284,u117401_10
C934291E,u010101_10
C940A3E2,u080301_10
C94939E7,u117401_10
C95378A9,u115101_10
C95E9877,u061701_10
C9746F23,u117401_10
C97E0A1B,u010101_10
C9947D00,u041501_10
C998DE7F,u115101_10
C99977F3,u117401_10
C999F8BE,u061101_10
C99CF13C,u117401_10
C9A64239,u020201_10
C9A67F94,u040701_10
C9B1838E,u112201_10
C9B6FDE0,u050601_10
C9BB6F38,u011001_10
C9C1B88C,u051201_10
C9C4D4F7,u117401_10
C9D3EB16,u117401_10
C9EE329F,u117401_10
CA182552,u115101_10
CA1DA39D,u117401_10
CA229657,u010901_10
CA29C14C,u021701_10
CA3557E0,u112201_10
CA444696,u010201_10
CA456CE2,u051301_10
CA573F78,u117401_10
CA6AE6F1,u117401_10
CA847E78,u117401_10
CA8875CB,u010201_10
CA8E4579,u117401_10
CAA81708,u115101_10
CAB19A09,u110101_10
CAC06837,u031201_10
CAC256CE,u111701_10
CACDED89,u117401_10
CAD0C088,u117401_10
CAD7ACC7,u115101_10
CAEF7A0F,u117401_10
CAF0BB4D,u117401_10
CAFA26E0,u117401_10
CB003CF9,u111701_10
CB00F04E,u020201_10
CB029A2B,u051101_10
CB0F08F3,u011301_10
CB0F87BE,u117401_10
CB12AABF,u117401_10
CB15C6F0,u115101_10
CB2082E0,u117401_10
CB2D1038,u117401_10
CB32D17A,u117401_10
CB384CD7,u117401_10
CB47F718,u030101_10
CB4A1FFC,u010201_10
CB4C2F4E,u117401_10
CB8706D5,u051301_10
CB95554F,u117401_10
CBA8038B,u030301_10
CBA88CC6,u117401_10
CBBB7F46,u061701_10
CBC7EBEA,u115101_10
CBDA4F65,u110101_10
CBDFC9AA,u117401_10
CBE0FC60,u010901_10
CBF73DD7,u112201_10
CBFF3D22,u117401_10
CC062F62,u117401_10
CC06A02F,u011101_10
CC10DA35,u021801_20
CC1C6E2C,u117201_10
CC2437A9,u060901_10
CC3B79A6,u117401_10
CC409AF2,u020901_10
CC458792,u117401_10
CC4E5FC4,u030401_10
CC53FD88,u117401_10
CC54FADE,u110101_10
CC5885FA,u110301_10
CC6F61FA,u117401_10
CC704CCF,u115101_10
CC7718BE,u021201_10
CC7CEFB0,u010301_10
CC8EAE09,u051801_10
CC8F847D,u010201_10
CC9CFD93,u117401_10
CCA1241A,u117401_10
CCA1AB57,u117401_10
CCB12D84,u080901_10
CCB79BDC,u111501_10
CCC5B975,u021001_10
CCD66176,u117401_10
CCDDDA1A,u117201_10
CCDE1098,u117401_10
CD140B41,u117401_10
CD1FB02D,u117201_10
CD289733,u117401_10
CD333AC4,u021501_10
CD3CFF3C,u112201_10
CD3FD2EE,u010901_10
CD4DEE4A,u010201_10
CD5E97A4,u117401_10
CD600BE2,u115101_10
CD634E2D,u117401_10
CD7347B3,u080901_10
CD75F1EB,u111501_10
CD87EDA5,u117401_10
CD8C35F3,u030401_10
CD9197BF,u117401_10
CDA2DF27,u051701_10
CDAD0BCD,u117401_10
CDC13E48,u080801_10
CDC1A663,u117401_10
CDC44555,u117401_10
CDD2B002,u021801_20
CDDE041B,u115101_10
CDE4A0E1,u041801_10
CDF91391,u117401_10
CE0339CB,u117401_10
CE08E19D,u030501_10
CE341ED5,u115101_10
CE40913B,u117401_10
CE4467E5,u117401_10
CE5AD075,u115101_10
CE6A3172,u041801_10
CE7DC7FF,u117401_10
CE838E3B,u071001_10
CE90DF2F,u117401_10
CE98AEC1,u050701_10
CEAC435D,u117401_10
CEAFEAE5,u041501_10
CEB82B52,u112201_10
CEBF553C,u050401_10
CEDA43CA,u117401_10
CEE7150E,u117401_10
CEE79A43,u117401_10
CF0A7A67,u051701_10
CF0ADDD0,u111801_10
CF1829FD,u117401_10
CF2459F8,u115101_10
CF257F39,u061701_10
CF25F074,u117401_10
CF52B518,u117401_10
CF5733D7,u115101_10
CF5AC4F6,u040101_10
CF6D80D2,u041501_10
CF6E296A,u117401_10
CF827441,u011201_10
CF82FB0C,u117401_10
CF84BD3C,u051601_10
CF860DD2,u117401_10
CFA58BDD,u051701_10
CFBFADC8,u117401_10
CFC153FC,u117401_10
CFCA8BAA,u030501_10
CFD747C3,u040101_10
CFED136D,u115101_10
D00C1B1C,u115101_10
D011A056,u117401_10
D01A7800,u030301_10
D02F185F,u010101_10
D03A03C5,u117401_10
D04849E8,u115101_10
D05208A6,u117401_10
D05287EB,u011401_10
D05B92A3,u080301_10
D05DE84C,u010101_10
D05F14ED,u061701_10
D0653B5A,u010101_10
D06F5E62,u117401_10
D08246B2,u117401_10
D082C9FF,u061101_10
D083EF3E,u115101_10
D087C07D,u117401_10
D08F4C41,u020201_10
D0A05E79,u011001_10
D0AAB2CF,u112201_10
D0ADCCA1,u050601_10
D0BD7378,u020201_10
D0C8DA57,u117401_10
D0DA89CD,u051201_10
D0DFE5B6,u117401_10
D0F503DE,u117401_10
D10AB060,u117401_10
D118E3FA,u051201_10
D11D8F81,u117401_10
D13769E9,u117401_10
D137E6A4,u030501_10
D1402C85,u117401_10
D145AA4A,u115101_10
D1485D6B,u117401_10
D18A23DF,u115101_10
D1906291,u117401_10
D190EDDC,u011401_10
D193A813,u115101_10
D199F894,u080301_10
D1AD3455,u117401_10
D1B08725,u041901_10
D1BF67CF,u117401_10
D1D3CA61,u117401_10
D1D81237,u030301_10
D1F77453,u115101_10
D1F869F2,u117401_10
D2099BFE,u117401_10
D20EF7B1,u115101_10
D21439B2,u011301_10
D214B6FF,u117401_10
D219AB6A,u051101_10
D2237D96,u117401_10
D229E03B,u117401_10
D230648A,u117401_10
D234534B,u042001_10
D2362179,u117401_10
D23BB3A1,u117401_10
D2512EBD,u010201_10
D2571E0F,u117401_10
D25CC659,u030101_20
D28E640E,u117401_10
D29C3794,u051301_10
D2B332CA,u030301_10
D2B3BD87,u117401_10
D2BCED3C,u050601_10
D2C17E24,u115101_10
D2C4F8EB,u117401_10
D2DCDAAB,u115101_10
D2E40C63,u117401_10
D2F09A3A,u021701_10
D3031413,u115101_10
D30692DC,u117401_10
D30FB7F5,u021401_10
D3266654,u030101_20
D32E66A1,u112201_10
D332F00D,u021701_10
D339A716,u010901_10
D34C0E39,u117401_10
D35E5DA3,u051301_10
D35F77D7,u010201_10
D371D7B0,u117401_10
D393448A,u010201_10
D3957438,u117401_10
D3B32649,u115101_10
D3CBF1C9,u117401_10
D3CC9D86,u115101_10
D3D65385,u011301_10
D3D6DCC8,u117401_10
D3D9678F,u111701_10
D3DB5976,u031201_10
D3E117A1,u117401_10
D3EB8A0C,u117401_10
D3F26B6C,u031101_10
D3F44B4E,u117401_10
D404816C,u117201_10
D4074BEE,u117401_10
D40F3A00,u117401_10
D424E3AF,u010901_10
D427CE7D,u112201_10
D433A672,u117401_10
D43B58D1,u021501_10
D445A6E5,u117401_10
D456DF0B,u010201_10
D46876F2,u080901_10
D46EC0AA,u111501_10
D476C9C8,u117401_10
D4787F6C,u117401_10
D47B3AA3,u115101_10
D48AA6FE,u117401_10
D49704B2,u030401_10
D49CDCE4,u117401_10
D4B2C9ED,u051801_10
D4B63A8C,u117401_10
D4B76E4B,u060801_10
D4C5355A,u115101_10
D4DA0F09,u080901_10
D4DF7414,u117401_10
D4DFFB59,u011101_10
D4E222D0,u117401_10
D5075F6D,u117201_10
D50BEB74,u021801_20
D518653E,u080201_10
D51D1E23,u117401_10
D51D916E,u011101_10
D52048E7,u117401_10
D53F06E8,u060901_10
D548CCC9,u117401_10
D5556E85,u030401_10
D55EB6D3,u117401_10
D567DEF1,u010301_10
D56B7D8E,u115101_10
D56C29FF,u021201_10
D57450BB,u117401_10
D587CCD2,u117401_10
D5959F48,u051801_10
D5AA1CC5,u080901_10
D5ACAA9D,u111501_10
D5BA155B,u117401_10
D5C521D9,u117401_10
D5CD5037,u117401_10
D5F8771D,u031001_10
D5F932E6,u021501_10
D60318BC,u117401_10
D6114B26,u051701_10
D611EC91,u111801_10
D61D1732,u020801_10
D6240F36,u115101_10
D63E4E78,u061701_10
D63EC135,u117401_10
D63F68B9,u115101_10
D643CF9C,u051101_10
D6498459,u117401_10
D64C0296,u115101_10
D675182B,u117401_10
D6838B03,u115101_10
D6994500,u011201_10
D699CA4D,u117401_10
D6A49C89,u117401_10
D6D1BAEB,u030501_10
D6DA62BD,u117401_10
D6F6222C,u115101_10
D713D0DC,u030501_10
D718088A,u117401_10
D72BD7D4,u050701_10
D72F2F94,u115101_10
D741E134,u115101_10
D75B2F37,u011201_10
D75BA07A,u117401_10
D75F56A4,u117401_10
D766F6BE,u117401_10
D7839F80,u117401_10
D78BEE6E,u117401_10
D78D1393,u020901_10
D78E68A1,u117401_10
D798BF7A,u071001_10
D7A31A13,u112201_10
D7A4647D,u050401_10
D7B4DBA4,u041501_10
D7B7721C,u117401_10
D7C1728B,u117401_10
D7D055C7,u040101_10
D7FCAB02,u117401_10
D80776E5,u117401_10
D826A9B3,u020501_10
D82D1FC0,u060301_10
D83032C1,u032101_10
D830BD8C,u042101_10
D83BEA97,u020601_10
D85AD5E1,u117401_10
D8620329,u115101_10
D8784267,u117401_10
D87A2169,u117401_10
D8878660,u050901_10
D89739B9,u010201_10
D897B6F4,u117401_10
D89C6EA2,u020701_10
D8A50680,u071101_10
D8A80C73,u117401_10
D8A8833E,u060601_10
D8BDD235,u115101_10
D8CEF448,u071101_10
D8DF491F,u117401_10
D8E29096,u117401_10
D8E3D56D,u117401_10
D8F0C30C,u117401_10
D90C9E7F,u071101_10
D9112531,u010901_10
D91D2328,u117401_10
D920FAA1,u117401_10
D921BF5A,u117401_10
D932A93B,u117401_10
D946BD7A,u110101_10
D955538E,u010201_10
D955DCC3,u117401_10
D963436D,u020801_10
D96A6644,u117401_10
D9724404,u115101_10
D98934EF,u112101_10
D998BFD6,u117401_10
D9B735C5,u050701_10
D9B84B5E,u117401_10
D9BA2850,u117401_10
D9BAA71D,u010801_10
D9C51CD2,u117401_10
D9D15308,u115101_10
D9F258F6,u032101_10
D9F980A0,u020601_10
DA0DE081,u112101_10
DA3C9F30,u117401_10
DA3D36BC,u115101_10
DA3E7373,u010901_10
DA3EFC3E,u117401_10
DA41C8BC,u117401_10
DA56F75D,u117401_10
DA768C98,u117401_10
DA7D54CE,u030101_10
DA8F8D5C,u117401_10
DA99F746,u117401_10
DAA42ECF,u117401_10
DAA56B34,u117401_10
DAB0C2AA,u070401_10
DAB67D55,u050201_10
DAC2FE0E,u110901_10
DAD108AD,u117401_10
DAD187E0,u040701_10
DAE3B8D9,u070401_10
DAEEB22A,u117401_10
DAFAE1AF,u111401_10
DAFC57F7,u080801_10
DB000323,u110101_10
DB009439,u110901_10
DB018EE0,u111101_10
DB0288D8,u110101_10
DB13629A,u117401_10
DB13EDD7,u040701_10
DB18BACC,u020301_10
DB214AC5,u117401_10
DB21D2EE,u010501_10
DB2C5750,u060401_10
DB2CD81D,u117401_10
DB2D7191,u115101_10
DB4CEBDE,u080601_10
DB4DE76B,u117401_10
DB5B9D71,u117401_10
DB6644F8,u117401_10
DB670103,u117401_10
DB72A89D,u070401_10
DB741762,u040101_10
DB83A28B,u117401_10
DB949D6A,u117401_10
DBB4E6AF,u117401_10
DBBF3EF9,u117401_10
DBFC9609,u117401_10
DBFEF507,u117401_10
DC07E747,u117401_10
DC111210,u021201_10
DC1A450B,u041001_10
DC2570C1,u117401_10
DC25FF8C,u060701_10
DC48FBAE,u115101_10
DC4F97E1,u030601_10
DC5235AD,u117401_10
DC6FEC24,u117401_10
DC782D93,u112301_10
DC7DBFBE,u050101_10
DC81B13B,u115101_10
DC88803C,u081201_10
DC8A0A57,u117401_10
DC8F2CBD,u111601_10
DC9AD6B4,u115101_10
DCB69625,u021301_10
DCBDC13E,u011101_10
DCC50FB8,u010501_10
DCCF66BA,u040101_10
DCD5DB61,u040101_10
DCE56D7B,u115101_10
DCF53ED5,u117401_10
DCF75DDB,u117401_10
DCFC0AC0,u070301_10
DD07658F,u010501_10
DD3537EC,u117401_10
DD3754E2,u117401_10
DD37DBAF,u010701_10
DD486060,u117401_10
DD4D468A,u111601_10
DD58BC83,u115101_10
DD7F2444,u031001_10
DD7FAB09,u011101_10
DD8DFDD6,u030601_10
DD905F9A,u117401_10
DD90D0D7,u061401_10
DD91F616,u115101_10
DDACC3E8,u117401_10
DDAD8613,u117401_10
DDBA47A4,u112301_10
DDBFD589,u050101_10
DDC58D70,u117401_10
DDD82F3C,u041001_10
DDD8A071,u117401_10
DDE71AF6,u117401_10
DDF34973,u111401_10
DE1404B9,u061501_10
DE148BF4,u117401_10
DE180CC4,u117401_10
DE26E9C4,u050701_10
DE281786,u117401_10
DE29527D,u117401_10
DE3B01E7,u050101_10
DE44BA28,u117401_10
DE4F15A6,u110101_10
DE5C741F,u117401_10
DE5CFB52,u041201_10
DE63CE98,u117401_10
DE7C0FDA,u117401_10
DE919847,u061301_10
DE973728,u031401_10
DEAE22C0,u040301_10
DEB1E382,u117401_10
DEB30FC1,u010601_10
DEB3808C,u117401_10
DEBB395A,u080701_10
DEBC9711,u115101_10
DEC5E321,u115101_10
DEC9405E,u020901_10
DECCB40E,u117401_10
DECFB3A6,u080201_10
DEE65266,u117401_10
DEF0287C,u020901_10
DEF11A5F,u110301_10
DEFB7F67,u045601_10
DF0DD991,u080201_10
DF0EDE39,u117401_10
DF1FD8BC,u040101_10
DF243851,u117401_10
DF32424B,u020901_10
DF337068,u110301_10
DF34DCE9,u080701_10
DF391550,u045601_10
DF405615,u071701_10
DF71EABB,u117401_10
DF7389B5,u117401_10
DF79536D,u080701_10
DF9E9165,u041201_10
DFA12BE2,u060801_10
DFA1A4AF,u117401_10
DFBE65ED,u117401_10
DFD5A40C,u115101_10
DFD6E1C3,u117401_10
DFEA7DB1,u117401_10
DFEB384A,u117401_10
E00DD123,u117401_10
E0151F14,u117401_10
E0188C12,u042001_10
E01F82B9,u117401_10
E0225B30,u011301_10
E022D47D,u117401_10
E02D6F3A,u111701_10
E0389533,u115101_10
E03FF97C,u117401_10
E0559111,u117401_10
E0617C8D,u117401_10
E0674C3F,u010201_10
E06AA4DB,u030101_10
E0855048,u030301_10
E085DF05,u117401_10
E08D745E,u050701_10
E09360C3,u111501_10
E0962C85,u061701_10
E0AA5516,u051301_10
E0B8068C,u117401_10
E0C6F8B8,u021701_10
E0CDAFA3,u010901_10
E0DA6E14,u112201_10
E0F1DFA6,u115101_10
E10FC594,u010901_10
E1180423,u112201_10
E12368AC,u021401_10
E1357691,u115101_10
E147B532,u117401_10
E153A35B,u050601_10
E1683F21,u051301_10
E17A6CBB,u117401_10
E18544CB,u115101_10
E197746B,u010101_10
E19C2370,u070201_10
E1A316BA,u117401_10
E1A52608,u010201_10
E1D77523,u117401_10
E1DDE88E,u117401_10
E1E03107,u011301_10
E1E0BE4A,u117401_10
E1E8A98C,u081301_10
E1EF050D,u111701_10
E1FAFF04,u115101_10
E1FD934B,u117401_10
E20C6147,u117401_10
E213A005,u010201_10
E2197ADD,u010101_10
E227C2D4,u117401_10
E22C1A82,u030301_10
E23A799E,u115101_10
E24B6F7A,u117401_10
E25359D8,u010101_10
E254F559,u080601_10
E2593CE0,u117401_10
E2646A24,u117401_10
E264E569,u011401_10
E2686259,u117401_10
E26DF021,u080301_10
E2713715,u010101_10
E273CBB4,u061701_10
E27E2B6A,u115101_10
E27FA6A9,u112101_10
E28B11FA,u020201_10
E2963CFB,u011001_10
E29CD04D,u112201_10
E2B58DBC,u115101_10
E2B92EC3,u041001_10
E2C3615C,u117401_10
E2D63DB3,u117401_10
E2E98734,u117401_10
E2ECEB4F,u051201_10
E2FEB8D5,u117401_10
E3010B6B,u117401_10
E3018426,u030501_10
E3145784,u117401_10
E32BED03,u117401_10
E32E8178,u051201_10
E33CD2E2,u117401_10
E3497BCD,u020201_10
E35456CC,u011001_10
E35EBA7A,u112201_10
E373C8C8,u111301_10
E37E3FE9,u117401_10
E389054D,u117401_10
E39133EF,u010101_10
E391CB7A,u117401_10
E39B56D7,u117401_10
E39C587C,u041901_10
E3A5CA91,u115101_10
E3A60013,u117401_10
E3A68F5E,u011401_10
E3AF9A16,u080301_10
E3BC415D,u115101_10
E3CE0B70,u117401_10
E3E5A8E3,u117401_10
E3EE70B5,u030301_10
E405A944,u060601_10
E4082CFA,u061701_10
E408A3B7,u117401_10
E42729A4,u051701_10
E42ABB7C,u117401_10
E42C1413,u041801_10
E4357A3E,u117401_10
E440D311,u041501_10
E44B840A,u021401_10
E46CB7CF,u071001_10
E4779735,u117401_10
E47A6014,u115101_10
E492FE0B,u117401_10
E498601B,u042001_10
E4A9DA7F,u020201_10
E4AF2782,u011201_10
E4AFA8CF,u117401_10
E4B5E981,u115101_10
E4E7D869,u030501_10
E4EC003F,u117401_10
E4F7E8FD,u051401_10
E50D0D87,u021001_10
E51A08D9,u010401_10
E51A8794,u117401_10
E525B25E,u030501_10
E52E6A08,u117401_10
E550943C,u117401_10
E56D4DB5,u011201_10
E56DC2F8,u117401_10
E57708B2,u110101_10
E582B926,u041501_10
E5AEDDF8,u071001_10
E5B5FD02,u050201_10
E5C75B58,u117401_10
E5CAC980,u117401_10
E5DDFB85,u110501_10
E5E8D14B,u117401_10
E5F71009,u117401_10
E612812D,u010901_10
E632E3EE,u117201_10
E64D5821,u115101_10
E64E1DEE,u117401_10
E65E1470,u081501_10
E65E836A,u030101_10
E660BD89,u010201_10
E661A750,u111001_10
E673C467,u117401_10
E680580E,u117401_10
E69BB112,u060801_10
E69EDCB7,u010301_10
E6A16630,u030401_10
E6AABE66,u117401_10
E6BCC47C,u117401_10
E6C3CD49,u050701_10
E6D44052,u117401_10
E6E91696,u117401_10
E6E999DB,u011101_10
E6EC6D8B,u081101_10
E6ECF5A0,u117401_10
E6F357D8,u115101_10
E6FFE3C1,u021801_20
E7162A65,u117401_10
E72B7CA1,u117401_10
E72BF3EC,u011101_10
E72E07BC,u080301_10
E7313DEF,u115101_10
E7423239,u117401_10
E751BC73,u010401_10
E75A4B7D,u021201_10
E75D1F0C,u115101_10
E7630C07,u030401_10
E768D451,u117401_10
E779A91D,u110101_10
E77EAE4B,u117401_10
E78C77D9,u117401_10
E79AC81F,u111501_10
E79C7E47,u080901_10
E7A2D7BE,u010201_10
E7A3FDCA,u051801_10
E7B1AE50,u117401_10
E7D0EB1A,u010901_10
E7DC0330,u021401_10
E7F089D9,u117201_10
E7F3435B,u117401_10
E80811F1,u010901_10
E8089EBC,u117401_10
E80B543E,u115101_10
E83B8203,u112101_10
E84810B9,u117401_10
E84B364C,u117401_10
E850DE8E,u117401_10
E86095DF,u117401_10
E86F81E8,u070201_10
E877AA3E,u117401_10
E87F549D,u117401_10
E8801FD7,u050201_10
E886A028,u070401_10
E8880D3E,u050701_10
E8924C4D,u117401_10
E89309B6,u117401_10
E8AF95C4,u117401_10
E8B9EFDE,u117401_10
E8CA3575,u080801_10
E8CC832D,u111401_10
E8D5DA5B,u070201_10
E8E76A2F,u117401_10
E8E7E562,u040701_10
E8ECB279,u020301_10
E9085F42,u080801_10
E90EE91A,u111401_10
E9172847,u117401_10
E917B06C,u010301_10
E91B1313,u115101_10
E9250018,u117401_10
E9258F55,u040701_10
E934EA5A,u110101_10
E93661A1,u110101_10
E936F6BB,u110901_10
E944CA1F,u070401_10
E94F6875,u117401_10
E950267A,u117401_10
E9516381,u117401_10
E96DFFF3,u117401_10
E97B85E9,u117401_10
E9804A4E,u050701_10
E982842D,u117401_10
E98A7A8E,u117401_10
E992B4B9,u117401_10
E9A2FFE8,u117401_10
E9B5C009,u117401_10
E9BD3EAA,u117401_10
E9CA7BC6,u010901_10
E9CAF48B,u117401_10
E9F9E834,u112101_10
EA065043,u032101_10
EA06DF0E,u042101_10
EA0EAEE0,u117401_10
EA1660D7,u117401_10
EA1B7D42,u060301_10
EA311467,u117401_10
EA39EAC4,u117401_10
EA4E20E5,u117401_10
EA4EAFA8,u010801_10
EA4F0624,u115101_10
EA7D3C5A,u112101_10
EA936402,u070201_10
EAA15B3B,u010201_10
EAA1D476,u117401_10
EAB2B5CF,u110101_10
EAC6A18E,u117401_10
EAD4F214,u117401_10
EAD5B7EF,u117401_10
EAE92B9D,u117401_10
EAF896CA,u071101_10
EB04CBB9,u117401_10
EB169823,u117401_10
EB17DDD8,u117401_10
EB2B41AA,u117401_10
EB3AFCFD,u071101_10
EB442686,u115101_10
EB4F9C34,u020801_10
EB57D4AF,u117401_10
EB5F4109,u115101_10
EB63310C,u010201_10
EB63BE41,u117401_10
EB686617,u020701_10
EB70DFF8,u110101_10
EB71C521,u020201_10
EB871EB4,u050701_10
EB8C4AD2,u117401_10
EB8CC59F,u010801_10
EB960B9C,u115101_10
EBB36D5A,u021401_10
EBBD5BFF,u020201_10
EBBF566D,u112101_10
EBCCC4D7,u117401_10
EBCFE222,u020601_10
EBD40AE0,u117401_10
EBF37E50,u117401_10
EBFB80F3,u117401_10
EC1E7504,u117401_10
EC1F30FF,u117401_10
EC22663B,u061501_10
EC22E976,u117401_10
EC3A10B6,u117401_10
EC4A6D58,u117401_10
EC6A169D,u117401_10
EC6A99D0,u041201_10
EC72D8AA,u050101_10
EC856D43,u010601_10
EC85E20E,u117401_10
EC8D5BD8,u071601_10
EC975DE3,u115101_10
EC984042,u040301_10
ECB341FC,u020601_10
ECC56C0B,u117401_10
ECC64AFE,u020901_10
ECCD1DE5,u045601_10
ECCD92A8,u117401_10
ECD030E4,u117401_10
ECDDA23C,u117401_10
ECF04F87,u040101_10
ECF2282F,u117401_10
ECF381A3,u115101_10
ECF9D124,u080201_10
ECFAD68C,u117401_10
ECFF22DC,u021301_10
ED0512EA,u110301_10
ED07063C,u117401_10
ED0F77D2,u045601_10
ED125AD3,u117401_10
ED1FC80B,u117401_10
ED304218,u117401_10
ED3225B0,u040101_10
ED38BCBB,u117401_10
ED3BBB13,u080201_10
ED3FF528,u050101_10
ED470774,u010601_10
ED478839,u117401_10
ED4F31EF,u080701_10
ED5A2A75,u040301_10
ED609970,u117401_10
ED88076F,u117401_10
ED955E0B,u042001_10
EDA87CAA,u117401_10
EDA8F3E7,u041201_10
EDB0B29D,u117401_10
EDC434E5,u040101_10
EDDC1F33,u117401_10
EDDD5AC8,u117401_10
EDE08341,u117401_10
EDE3C68E,u115101_10
EE2C2789,u041001_10
EE2CA8C4,u117401_10
EE3185C5,u117401_10
EE3466F3,u117401_10
EE3F5E67,u110901_10
EE4E4F11,u112301_10
EE58CB5D,u117401_10
EE598EA6,u117401_10
EE64572F,u117401_10
EE69C5F7,u051601_10
EE79F563,u030601_10
EE7E992C,u115101_10
EE83D252,u117401_10
EE8B2CF1,u031001_10
EE8BA3BC,u011101_10
EE9B1C65,u117401_10
EEACB436,u115101_10
EEB49676,u117401_10
EEB94E3F,u111601_10
EEBC68D5,u117401_10
EEC35C57,u117401_10
EEC3D31A,u010701_10
EED30FF9,u115101_10
EEE3B9E3,u040101_10
EEF36D3A,u010501_10
EEF90438,u040101_10
EF013660,u117401_10
EF01B92D,u010701_10
EF41B865,u117401_10
EF429E90,u021301_10
EF49C98B,u011101_10
EF597652,u117401_10
EF64587A,u040301_10
EF6EDE01,u115101_10
EF76FC41,u117401_10
EF7E02E2,u117401_10
EF8425D3,u010501_10
EF89B70B,u050101_10
EF9AA16A,u117401_10
EF9BE491,u117401_10
EFA63D18,u117401_10
EFA6B255,u061401_10
EFBB9F54,u030601_10
EFBCF31B,u115101_10
EFC52BF1,u111401_10
EFCEF359,u050701_10
EFE51AA5,u021201_10
EFEE4DBE,u041001_10
EFEEC2F3,u117401_10
EFF3EFF2,u117401_10
EFF60CC4,u117401_10
F0002252,u115101_10
F00C1906,u117401_10
F00C812D,u010201_10
F015D85B,u111401_10
F02D50E0,u110101_10
F02DC7FA,u110901_10
F03E3159,u117401_10
F03EBE14,u040701_10
F04A52C0,u117401_10
F04B173B,u117401_10
F0545934,u117401_10
F05CD68C,u112301_10
F05FFB5E,u070401_10
F060B4A8,u117401_10
F076CEB2,u117401_10
F08985F8,u117401_10
F0914BCF,u117401_10
F0926D3A,u117401_10
F0A60FEB,u117401_10
F0ABF79F,u020801_10
F0AEF148,u117401_10
F0B9CEA9,u117401_10
F0D14A87,u010901_10
F0D1C5CA,u117401_10
F0E2D975,u112101_10
F110657F,u115101_10
F11320B0,u010901_10
F113AFFD,u117401_10
F120B342,u112101_10
F14BEFCF,u117401_10
F150070D,u117401_10
F15321F8,u117401_10
F15BDF5B,u117401_10
F16465DC,u117401_10
F16C9B7F,u117401_10
F17BA49E,u117401_10
F18838F7,u117401_10
F1897D0C,u117401_10
F19B2E96,u050201_10
F1A2DE9F,u117401_10
F1B4A485,u117401_10
F1CEEB1A,u070201_10
F1D10434,u080801_10
F1D7B26C,u111401_10
F1EFADCD,u110901_10
F1F78338,u020301_10
F1FC5B6E,u117401_10
F1FCD423,u040701_10
F20CEC99,u117401_10
F20DA962,u117401_10
F23070EB,u117401_10
F2447048,u115101_10
F26AF460,u020201_10
F26BEEB9,u110101_10
F2735756,u020701_10
F278004D,u010201_10
F2788F00,u117401_10
F2977B93,u117401_10
F297F4DE,u010801_10
F2A4672C,u112101_10
F2A85C1B,u021401_10
F2B8250A,u117401_10
F2CF3BA1,u117401_10
F2D4D363,u020601_10
F2D7F596,u117401_10
F2DF0B35,u032101_10
F2E0B1B2,u117401_10
F2E84F11,u117401_10
F3004C03,u060301_10
F30D5196,u117401_10
F3159FA1,u117401_10
F316B954,u020601_10
F31D6102,u032101_10
F322DB85,u117401_10
F32A2526,u117401_10
F34F50EA,u115101_10
F3543765,u115101_10
F35511A4,u117401_10
F3559EE9,u010801_10
F3660D1B,u112101_10
F3827DD1,u110101_10
F3885543,u117401_10
F38BEA43,u070201_10
F39D7DF0,u115101_10
F3A9848E,u110101_10
F3BA6A7A,u010201_10
F3BAE537,u117401_10
F3CE86AE,u117401_10
F3CFC355,u117401_10
F3DD90CF,u117401_10
F3E3A78B,u071101_10
F3F21ADC,u117401_10
F404F94A,u117401_10
F4096B92,u117401_10
F41C377D,u117401_10
F41E23AB,u110301_10
F41F1188,u020901_10
F4208A52,u080201_10
F4238DFA,u117401_10
F4296568,u020601_10
F42B7359,u117401_10
F4411B34,u040301_10
F45400AE,u080701_10
F45C3635,u010601_10
F45CB978,u117401_10
F47BA831,u117401_10
F493362E,u117401_10
F4B34DEB,u117401_10
F4B3C2A6,u041201_10
F4C66B89,u117401_10
F4C72E72,u117401_10
F4F8F7CF,u115101_10
F4FBB200,u117401_10
F50401BE,u117401_10
F5054445,u117401_10
F51D6F93,u040101_10
F539577A,u061501_10
F539D837,u117401_10
F5515C19,u117401_10
F569E9EB,u117401_10
F57127DC,u117401_10
F571A891,u041201_10
F5730FC4,u117401_10
F5837103,u040301_10
F58C6CA2,u115101_10
F5966A99,u071601_10
F59E5C02,u010601_10
F59ED34F,u117401_10
F5C6937D,u117401_10
F5CB01A5,u117401_10
F5D62CA4,u045601_10
F5DC499C,u110301_10
F5DD7BBF,u020901_10
F5DE5D4A,u117401_10
F5E1E7CD,u117401_10
F5E2E065,u080201_10
F5E4139D,u020601_10
F5E8B0E2,u115101_10
F5E8D7A2,u020401_10
F5E9196E,u117401_10
F61A0721,u117401_10
F61A886C,u010701_10
F6205F4E,u040101_10
F6424713,u117401_10
F6527787,u031001_10
F652F8CA,u011101_10
F659AFD1,u021301_10
F65A8924,u117401_10
F6601549,u111601_10
F66533A3,u117401_10
F66DCD00,u117401_10
F675EF40,u115101_10
F680D5D0,u117401_10
F681902B,u117401_10
F68F15FF,u041801_10
F68FCCA3,u051301_10
F692864A,u050101_10
F6971467,u112301_10
F69F1492,u010501_10
F6A0AE15,u030601_10
F6A7C25A,u115101_10
F6BD0C59,u117401_10
F6BD8314,u061401_10
F6DE1AB0,u111401_10
F6E8DEB3,u117401_10
F6ED3D85,u117401_10
F6F29FFD,u115101_10
F6F57CFF,u041001_10
F6F5F3B2,u117401_10
F6FE2BE4,u021201_10
F7246F26,u110901_10
F72AB484,u117401_10
F72F57B2,u117401_10
F73716C8,u041001_10
F7379985,u117401_10
F742BFE7,u117401_10
F743FA1C,u117401_10
F750EC7D,u050101_10
F7557E50,u112301_10
F75F83DA,u031401_10
F772F4B6,u051601_10
F77F666E,u117401_10
F7802D24,u117401_10
F7901DB0,u031001_10
F798E313,u117401_10
F79BC5E6,u021301_10
F7A27F7E,u111601_10
F7A75994,u117401_10
F7AFA737,u117401_10
F7B78577,u115101_10
F7C83EB8,u115101_10
F7D86D16,u117401_10
F7D8E25B,u010701_10
F7E85C7B,u010501_10
F8033562,u112201_10
F814F4D5,u010901_10
F82E47D0,u115101_10
F8460B02,u020601_10
F85C8473,u117401_10
F8615DFA,u117401_10
F87833D7,u041901_10
F8871231,u070201_10
F88C452A,u010101_10
F89E758A,u115101_10
F8B3FFAD,u117401_10
F8B827FB,u117401_10
F8C6D9CF,u117401_10
F8CC4462,u117401_10
F8E6A20A,u117401_10
F8F398CD,u081301_10
F8F4344C,u111701_10
F8FB0046,u011301_10
F8FB8F0B,u117401_10
F904B3F8,u117401_10
F90E2E55,u117401_10
F916E062,u040101_10
F923A472,u115101_10
F924C83D,u117401_10
F92C2F17,u020201_10
F9365E7B,u111701_10
F9396A71,u011301_10
F939E53C,u117401_10
F94EA050,u117401_10
F97A4DCC,u117401_10
F97C7D7E,u010201_10
F9885182,u111501_10
F9955CBE,u010101_10
F99E6109,u030301_10
F99EEE44,u117401_10
F9A337CD,u117401_10
F9B16457,u051301_10
F9C15F55,u112201_10
F9D69EE2,u010901_10
F9DDC9F9,u021701_10
F9EAEEE7,u115101_10
F9EC2DE7,u115101_10
F9F18968,u115101_10
FA0F66C5,u117401_10
FA1A3A2A,u117401_10
FA1AB567,u030501_10
FA27E3A3,u117401_10
FA30DC42,u117401_10
FA35B039,u051201_10
FA3ADF9E,u031101_10
FA458B3B,u112201_10
FA4F678D,u011001_10
FA524A8C,u020201_10
FA650EA8,u117401_10
FA68F989,u111301_10
FA806796,u117401_10
FA8A02AE,u010101_10
FA92340C,u117401_10
FAA7701C,u115101_10
FAB4AB57,u080301_10
FABD3152,u117401_10
FABDBE1F,u011401_10
FABEFBD0,u115101_10
FAC70307,u021401_10
FAD53A31,u117401_10
FAE322E8,u115101_10
FAFE99A2,u117401_10
FB089144,u010201_10
FB175006,u117401_10
FB2148DF,u115101_10
FB372BC3,u030301_10
FB3CF395,u117401_10
FB420DA1,u117401_10
FB486899,u010101_10
FB4FC418,u080601_10
FB505E3B,u117401_10
FB651A2B,u115101_10
FB72472E,u061701_10
FB7F5B65,u117401_10
FB7FD428,u011401_10
FB87E10C,u112201_10
FB8D0DBA,u011001_10
FB9020BB,u020201_10
FBA21F82,u041201_10
FBAA93BE,u117401_10
FBAEBCFD,u115101_10
FBCD0CF2,u117401_10
FBD8501D,u117401_10
FBE58994,u117401_10
FBF2B675,u117401_10
FBFCE7B9,u042001_10
FC013998,u010401_10
FC01B6D5,u117401_10
FC191BD8,u115101_10
FC355B49,u117401_10
FC3E831F,u030501_10
FC4AC5BA,u051701_10
FC4BA57D,u117401_10
FC6C39F3,u110101_10
FC6CB2F7,u115101_10
FC767CF4,u011201_10
FC76F3B9,u117401_10
FC998867,u041501_10
FCAECC43,u117401_10
FCB5ECB9,u071001_10
FCC543EF,u117401_10
FCC6CAC4,u110501_10
FCD1F8C1,u117401_10
FCDC6A19,u117401_10
FCEC2148,u117401_10
FCF3E00A,u117401_10
FD131DBB,u061701_10
FD1392F6,u117401_10
FD1E9805,u060901_10
FD2E4B7F,u117401_10
FD318A3D,u117401_10
FD3C18E5,u051701_10
FD5BE250,u041501_10
FD615155,u115101_10
FD6CA674,u117401_10
FD7FDAB9,u060801_10
FD89CF4A,u117401_10
FDB416C3,u011201_10
FDB4998E,u117401_10
FDE12541,u040101_10
FDECD9BC,u051401_10
FDF7317E,u117401_10
FE0D1B24,u117401_10
FE2A0CAE,u115101_10
FE304DE0,u117401_10
FE30C2AD,u011101_10
FE3536FD,u080301_10
FE417A3C,u021201_10
FE462E4D,u115101_10
FE4A8D32,u010501_10
FE590378,u117401_10
FE62985C,u110101_10
FE659F0A,u117401_10
FE73E510,u117401_10
FE81F95E,u111501_10
FE874F06,u080901_10
FE974698,u117401_10
FEAA9F11,u117401_10
FEB8CC8B,u051801_10
FEB9E6FF,u010201_10
FEC73271,u021401_10
FED46125,u021501_10
FEE8721A,u060501_10
FEE9662C,u021001_10
FEEBB898,u117201_10
FF01726E,u117401_10
FF09B06C,u010901_10
FF2A182D,u117401_10
FF439369,u111501_10
FF452531,u081501_10
FF552CAF,u117401_10
FF566960,u115101_10
FF68F526,u117401_10
FF7A9611,u111001_10
FF7B8CC8,u010201_10
FF82F2B3,u051301_10
FF85EDF6,u010301_10
FF9B694F,u117401_10
FFA7F53D,u117401_10
FFB18F27,u117401_10
FFBA5771,u030401_10
FFC87FB8,u041801_10
FFCF7113,u117401_10
FFE4D280,u021801_20
FFE86699,u115101_10
FFF227D7,u117401_10
FFF2A89A,u011101_10
FFF75CCA,u081001_10
FFF7C4E1,u117401_10
