# Equipos del juego (team_config), para autorrellenar un equipo.
# formacion/escudo/equipacion/tacticas = valor_equipo de equipo-objetos.csv (lo que guarda el equipo);
# *_objeto = id_objeto (el de la mochila; formacion_objeto = id de formaciones.csv). Vacio si no es un objeto.
# formacion_legal: la que se puede llevar mas parecida (modo: es legal, exacta, posiciones, lineas).
# nivel_min/max: niveles con los que sale en los partidos (soccer_game_config). nivel_base: col 8, sin confirmar.
# Lo genera herramientas/construir_equipos_juego.py.
id,clave,nombre,nombre_en,grupo,era,era_nombre,variante,etiqueta,nivel_min,nivel_max,nivel_base,partido,formacion,formacion_objeto,formacion_nombre,formacion_legal,formacion_legal_modo,escudo,escudo_objeto,escudo_nombre,equipacion,equipacion_objeto,equipacion_nombre,equipacion_crudo,tacticas,tacticas_objeto,tacticas_nombre,capitan,entrenador,miembros,jugadores,creables
C5D90D26,tm_st_game_0101a,Northbright,Northbright,historia,9,Inazuma Eleven Victory Road,partido,Northbright,20,36,1,fbtl_hokuyou_01,7A1F0E36,8FAE4A88,3-5-2 Libertad,8FAE4A88,es legal,F0F95379,7953F9F0,Northbright,6B110260,1882B3E2,Equipación Northbright,6B110260,8B013BA4|3EAF45E9|68F5E26F,3AA3DAD5|77DD7460|F17A2E36,Ataque en tres frentes|Lanzas laterales|Espadón,BB5FB56C,A48F46C6,18,16,18
F555B945,tm_st_game_0102,West Manor,West Manor,historia,9,Inazuma Eleven Victory Road,partido,West Manor,15,15,1,fbtl_st_0401,7A1F0E36,8FAE4A88,3-5-2 Libertad,8FAE4A88,es legal,199AF64C,4CF69A19,West Manor,4982956E,AAFE3EE6,Equipación West Manor,4982956E,43D8B1AC,3229031D,Cuernos de toro,6245E74A,2BCFB366,20,18,20
853F4DCA,tm_st_game_0107,Eastwind,Eastwind,historia,9,Inazuma Eleven Victory Road,partido,Eastwind,27,49,1,fbtl_ikokukan_01,BE566CA1,,,199E4DFF,posiciones,8093A7F6,F6A79380,Internacional Eastwind,BF00A7A0,F34078E4,Equipación Eastwind,BF00A7A0,,,,25E59D9A,6C6FC9B6,18,16,18
8A989BE1,tm_st_game_0106a,Equipo Billows,Team Billows,historia,9,Inazuma Eleven Victory Road,partido,Equipo Billows,1,22,1,fbtl_st_0602,7A1F0E36,8FAE4A88,3-5-2 Libertad,8FAE4A88,es legal,1EF73255,5532F71E,<MNT:NAGUMOHARA>,7E51DF9E,765637E1,Equipación <MNT:NAGUMOHARA>,7E51DF9E,8B013BA4,3AA3DAD5,Ataque en tres frentes,,A48F46C6,18,16,18
1391CA5B,tm_st_game_0106b,Equipo Turner,Team Turner,historia,9,Inazuma Eleven Victory Road,partido,Equipo Turner,20,20,1,fbtl_st_0602_debug,BE566CA1,,,199E4DFF,posiciones,1EF73255,5532F71E,<MNT:NAGUMOHARA>,6B110260,1882B3E2,Equipación Northbright,6B110260,0478CB7C,E253A35A,Aislar al jugador clave,,A48F46C6,12,11,12
6DFFE0B8,tm_st_game_0108_st0701,Stormridge,Stormridge,historia,9,Inazuma Eleven Victory Road,partido,Stormridge,33,33,1,fbtl_st_0701,BE566CA1,,,199E4DFF,posiciones,F7949760,609794F7,Stormridge,12758922,C42ABAE5,Equipación Stormridge,12758922,,,,019E856B,510FE006,18,16,18
1580505B,tm_st_game_0108,Stormridge,Stormridge,historia,9,Inazuma Eleven Victory Road,partido,Stormridge,33,53,1,fbtl_keizen_01,BE566CA1,,,199E4DFF,posiciones,F7949760,609794F7,Stormridge,12758922,C42ABAE5,Equipación Stormridge,12758922,,,,019E856B,510FE006,18,16,18
AA09A71B,tm_st_game_0109_st0801,Royal Academy,Royal Academy,historia,9,Inazuma Eleven Victory Road,partido,Royal Academy,39,39,1,fbtl_st_0801,937CAB03,BA0B2961,4-3-3 Delta,BA0B2961,es legal,672B8AF1,F18A2B67,Táctica Royal Academy,DC35BEB6,F96DE6EE,Equipación táctica Royal,DC35BEB6,7340120C|643B064F|5DB63A8A,||,||,FEB9E6FF,D35F77D7,18,16,18
628760CD,tm_st_game_0109,Royal Academy,Royal Academy,historia,9,Inazuma Eleven Victory Road,partido,Royal Academy,36,60,1,fbtl_teikoku_01,937CAB03,BA0B2961,4-3-3 Delta,BA0B2961,es legal,672B8AF1,F18A2B67,Táctica Royal Academy,DC35BEB6,F96DE6EE,Equipación táctica Royal,DC35BEB6,1CA1900A|05BAA14B|2E97F288,94087A42|D539615B|166A4C70,Bosque encantado|Carrera del dodo|Avance de caballería,FEB9E6FF,D35F77D7,18,16,18
DD005650,tm_st_game_0110a,Raimon,Raimon,historia,9,Inazuma Eleven Victory Road,partido,Raimon,1,43,1,fbtl_st_0901,E47B9B95,2C3B2E16,4-3-3 Triángulo,2C3B2E16,es legal,87FE63EF,EF63FE87,Campeones Raimon,BBE7C49D,2FE871E3,Equipación Campeones Raimon,BBE7C49D,921A0AE5,7B92C1CC,Protocolo de enlace,AD12CF1F,,17,16,17
330E377C,tm_st_game_0110c,Raimon,Raimon,historia,9,Inazuma Eleven Victory Road,partido,Raimon,40,70,1,fbtl_raimon_01,E47B9B95,2C3B2E16,4-3-3 Triángulo,2C3B2E16,es legal,87FE63EF,EF63FE87,Campeones Raimon,BBE7C49D,2FE871E3,Equipación Campeones Raimon,BBE7C49D,921A0AE5,7B92C1CC,Protocolo de enlace,AD12CF1F,99EF6F76,18,16,18
440907EA,tm_st_game_0110b,South Cirrus,South Cirrus,historia,9,Inazuma Eleven Victory Road,partido,South Cirrus,43,43,1,fbtl_st_0902_debug,BE566CA1,,,199E4DFF,posiciones,1EF73255,5532F71E,<MNT:NAGUMOHARA>,7E51DF9E,765637E1,Equipación <MNT:NAGUMOHARA>,7E51DF9E,61D6644F|78CD550E|27B474A8,D1FC0D3F||36EC6F79,Supresión inquebrantable||Luna creciente,,C19FE60C,12,11,11
AB5216F1,tm_st_game_0903b,Equipo del club de béisbol,Baseball Club Team,historia,9,Inazuma Eleven Victory Road,partido,Equipo del club de béisbol,39,39,1,fbtl_st_0903,0A75FAB9,005A20F8,4-5-1 Equilibrio,005A20F8,es legal,6E9DC6DA,DAC69D6E,Club de béisbol de <MNT:NAGUMOHARA>,83C396C9,9D94FCE7,Equipación Club de béisbol <MNT:NAGUMOHARA>,83C396C9,68F5E26F,F17A2E36,Espadón,08BD034B,,16,16,16
400543F3,tm_st_game_1001a,Solaria-Zeus,Solaria-Zeus,historia,9,Inazuma Eleven Victory Road,partido,Solaria-Zeus,60,60,1,fbtl_st_1001,0D183EA0,199E4DFF,4-4-2 Caja,199E4DFF,es legal,0081C70D,0DC78100,Solaria-Zeus,5B4A7FCC,CF99825E,Equipación Solaria-Zeus,5B4A7FCC,68F5E26F,F17A2E36,Espadón,D5ACAA9D,E09360C3,18,16,18
F7A12CEB,tm_prc_040100,Twinford,Twinford,practica,9,Inazuma Eleven Victory Road,,Twinford (practica),12,41,1,fbtl_nicogawa_01,BE566CA1,,,199E4DFF,posiciones,102CBA67,67BA2C10,Twinford,506FA2ED,CE0724EF,Equipación Twinford,506FA2ED,43D8B1AC,3229031D,Cuernos de toro,C21BA578,EE3F5E67,18,16,18
CAC1055B,tm_prc_050100,Academia Orchid,Orchid Academy,practica,9,Inazuma Eleven Victory Road,,Academia Orchid (practica),18,36,1,fbtl_suzuran_01,7D72CA2F,966A278F,3-6-1 Hexa,966A278F,es legal,07EC0314,1403EC07,Academia Orchid,351E1BD0,13318B59,Equipación Academia Orchid,351E1BD0,68F5E26F,F17A2E36,Espadón,6EAFF0AD,1513C603,18,16,18
8D617F8B,tm_prc_060100,Crosswind-Fauxshore,Crosswind-Fauxshore,practica,9,Inazuma Eleven Victory Road,,Crosswind-Fauxshore (practica),21,35,1,fbtl_battenyokato_01,7A1F0E36,8FAE4A88,3-5-2 Libertad,8FAE4A88,es legal,70EB3382,8233EB70,Crosswind-Fauxshore,133240DC,245B4958,Equipación Crosswind-Fauxshore,133240DC,68F5E26F,F17A2E36,Espadón,61F9BB9F,2873EFB3,18,16,18
B001563B,tm_prc_070100,Goleadores del Callejón,Back Alley Kickers,practica,9,Inazuma Eleven Victory Road,,Goleadores del Callejón (practica),25,47,1,fbtl_rojiura_01,7D72CA2F,966A278F,3-6-1 Hexa,966A278F,es legal,E9E26238,3862E2E9,Goleadores del Callejón,63BC4172,7DE50F5A,Equipación Goleadores del Callejón,63BC4172,68F5E26F,F17A2E36,Espadón,4235044B,6FD39563,18,16,18
B247E862,tm_prc_070200,West Manor,West Manor,practica,9,Inazuma Eleven Victory Road,,West Manor (practica),26,48,1,fbtl_nishinomiya_01,E47B9B95,2C3B2E16,4-3-3 Triángulo,2C3B2E16,es legal,199AF64C,4CF69A19,West Manor,4982956E,AAFE3EE6,Equipación West Manor,4982956E,43D8B1AC,3229031D,Cuernos de toro,6245E74A,2BCFB366,18,16,18
3251C1EA,tm_prc_080100,Academia IA,AI Academy,practica,9,Inazuma Eleven Victory Road,,Academia IA (practica),32,52,1,fbtl_eiai_01,BE566CA1,,,199E4DFF,posiciones,7E30BBB0,B0BB307E,Academia IA,89E6EF4E,9C0A5A56,Equipación Academia IA,89E6EF4E,27B474A8|3A9C36A2|446F1689,36EC6F79|3CAE4764|178EB41A,Luna creciente|Reflector 3D|Tifones gemelos,4892C11F,1803A472,18,16,18
6B312CE6,tm_st_game_0105,Gaviotas FC,Seagull FC,historia,9,Inazuma Eleven Victory Road,partido,Gaviotas FC,8,25,1,fbtl_kamome_01,7D72CA2F,966A278F,3-6-1 Hexa,966A278F,es legal,7786F79B,9BF78677,Gaviotas FC,7D6011AF,F8F3405F,Equipación Gaviotas FC,5F40F3F8,43D8B1AC,3229031D,Cuernos de toro,F015D85B,DDF34973,20,16,20
F2387D5C,tm_st_game_0106,Vendedores de South Cirrus,South Cirrus Shopkeepers,historia,9,Inazuma Eleven Victory Road,partido,Vendedores de South Cirrus,8,25,1,fbtl_qs_040200,E47B9B95,2C3B2E16,4-3-3 Triángulo,2C3B2E16,es legal,9EE552AE,AE52E59E,Vendedores de <MNT:NAGUMOHARA>,2A44CB89,8360C326,Equipación Vendedores <MNT:NAGUMOHARA>,2A44CB89,43D8B1AC,3229031D,Cuernos de toro,7E9747CC,52B3BCD3,18,16,18
41B214AA,tm_prc_090070,Equipo del club de béisbol,Baseball Club Team,practica,9,Inazuma Eleven Victory Road,,Equipo del club de béisbol (practica),39,60,1,fbtl_baseball_01,0A75FAB9,005A20F8,4-5-1 Equilibrio,005A20F8,es legal,6E9DC6DA,DAC69D6E,Club de béisbol de <MNT:NAGUMOHARA>,83C396C9,9D94FCE7,Equipación Club de béisbol <MNT:NAGUMOHARA>,83C396C9,68F5E26F,F17A2E36,Espadón,08BD034B,,16,16,16
C887BB02,tm_prc_050200,Club de culturismo,Bodybuilding Club,practica,9,Inazuma Eleven Victory Road,,Club de culturismo (practica),16,31,1,fbtl_bodybuild_01,94116F1A,A3CF4466,4-4-2 Diamante,A3CF4466,es legal,C85754E7,E75457C8,Club de culturismo,C1F231A9,,,C1F231A9,43D8B1AC,3229031D,Cuernos de toro,B7A05882,,14,14,14
C945D135,tm_prc_050300,Club de sumo,Sumo Club,practica,9,Inazuma Eleven Victory Road,,Club de sumo (practica),17,32,1,fbtl_sumou_01,E47B9B95,2C3B2E16,4-3-3 Triángulo,2C3B2E16,es legal,382FC093,93C02F38,Club de sumo,C1F231A9,,,C1F231A9,71EED32E,B04B352F,Monte Fuji,327EFA14,,15,15,15
CC0AC7B0,tm_prc_050400,Club de baile,Dance Club,practica,9,Inazuma Eleven Victory Road,,Club de baile (practica),18,33,1,fbtl_dance_01,937CAB03,BA0B2961,4-3-3 Delta,BA0B2961,es legal,A64B5530,30554BA6,Club de baile,C1F231A9,,,C1F231A9,27B474A8,36EC6F79,Luna creciente,9E043C8D,,16,16,16
CDC8AD87,tm_prc_050500,Club de astronomía,Space Laboratory,practica,9,Inazuma Eleven Victory Road,,Club de astronomía (practica),16,32,1,fbtl_space_01,E47B9B95,2C3B2E16,4-3-3 Triángulo,2C3B2E16,es legal,7D1E9287,87921E7D,Club de astronomía,C1F231A9,,,C1F231A9,68F5E26F,F17A2E36,Espadón,D4C5355A,,11,11,11
CF8E13DE,tm_prc_050600,Club de balonmano,Handball Club,practica,9,Inazuma Eleven Victory Road,,Club de balonmano (practica),17,31,1,fbtl_handball_01,7A1F0E36,8FAE4A88,3-5-2 Libertad,8FAE4A88,es legal,3F42048A,8A04423F,Club de balonmano,C1F231A9,,,C1F231A9,43D8B1AC,3229031D,Cuernos de toro,33BC9023,,12,12,12
CE4C79E9,tm_prc_050700,Club de informática,Computer Club,practica,9,Inazuma Eleven Victory Road,,Club de informática (practica),18,31,1,fbtl_dennshikeisannki_01,94116F1A,A3CF4466,4-4-2 Diamante,A3CF4466,es legal,B18BEC43,43EC8BB1,Club de informática,C1F231A9,,,C1F231A9,71EED32E,B04B352F,Monte Fuji,2AA7A162,,13,13,13
C5103ED4,tm_prc_050800,Club de bádminton,Badminton Club,practica,9,Inazuma Eleven Victory Road,,Club de bádminton (practica),17,33,1,fbtl_batominntonn_01,E47B9B95,2C3B2E16,4-3-3 Triángulo,2C3B2E16,es legal,4845341C,1C344548,Club de bádminton,C1F231A9,,,C1F231A9,27B474A8,36EC6F79,Luna creciente,FAA7701C,,16,16,16
C4D254E3,tm_prc_050900,Club de investigación,Quiz Society,practica,9,Inazuma Eleven Victory Road,,Club de investigación (practica),16,31,1,fbtl_kuizu_01,E47B9B95,2C3B2E16,4-3-3 Triángulo,2C3B2E16,es legal,E37A0724,24077AE3,Club de investigación,C1F231A9,,,C1F231A9,68F5E26F,F17A2E36,Espadón,C891129E,,14,14,14
8F27C1D2,tm_prc_060200,Club de surf,Surf Club,practica,9,Inazuma Eleven Victory Road,,Club de surf (practica),21,35,1,fbtl_safinn_01,937CAB03,BA0B2961,4-3-3 Delta,BA0B2961,es legal,D621A1BF,BFA121D6,Club de surf,C1F231A9,,,C1F231A9,43D8B1AC,3229031D,Cuernos de toro,D18A23DF,,15,15,15
8EE5ABE5,tm_prc_060300,Club de cartas,Karuta Club,practica,9,Inazuma Eleven Victory Road,,Club de cartas (practica),22,36,1,fbtl_hyakuninnisshu_01,EDCDD7BE,0777981F,5-4-1 Doble Volante,0777981F,es legal,947D37B2,B2377D94,Club de cartas,C1F231A9,,,C1F231A9,71EED32E,B04B352F,Monte Fuji,9ECBB518,,16,16,16
8BAABD60,tm_prc_060400,Club de go y shogi,Go & Shogi Club,practica,9,Inazuma Eleven Victory Road,,Club de go y shogi (practica),23,37,1,fbtl_igo_01,7A1F0E36,8FAE4A88,3-5-2 Libertad,8FAE4A88,es legal,0D746608,0866740D,Club de go y shogi,C1F231A9,,,C1F231A9,27B474A8,36EC6F79,Luna creciente,87D08459,,12,12,12
8A68D757,tm_prc_060500,Club de rugby,Rugby Club,practica,9,Inazuma Eleven Victory Road,,Club de rugby (practica),21,36,1,fbtl_ragubi_01,7D72CA2F,966A278F,3-6-1 Hexa,966A278F,es legal,A1269129,299126A1,Club de rugby,C1F231A9,,,C1F231A9,68F5E26F,F17A2E36,Espadón,ACFDD79A,,15,15,15
882E690E,tm_prc_060600,Club de teatro,Drama Club,practica,9,Inazuma Eleven Victory Road,,Club de teatro (practica),22,36,1,fbtl_enngeki_01,EDCDD7BE,0777981F,5-4-1 Doble Volante,0777981F,es legal,7A73569E,9E56737A,Club de teatro,C1F231A9,,,C1F231A9,43D8B1AC,3229031D,Cuernos de toro,DC9AD6B4,,15,15,15
89EC0339,tm_prc_060700,Club de kendo,Kendo Club,practica,9,Inazuma Eleven Victory Road,,Club de kendo (practica),21,36,1,fbtl_kenndou_01,94116F1A,A3CF4466,4-4-2 Diamante,A3CF4466,es legal,4F28F005,05F0284F,Club de kendo,C1F231A9,,,C1F231A9,71EED32E,B04B352F,Monte Fuji,FFE86699,,12,12,12
82B04404,tm_prc_060800,Club de magia,Magic Society,practica,9,Inazuma Eleven Victory Road,,Club de magia (practica),22,35,1,fbtl_magic_01,937CAB03,BA0B2961,4-3-3 Delta,BA0B2961,es legal,E417C33D,3DC317E4,Club de magia,C1F231A9,,,C1F231A9,27B474A8,36EC6F79,Luna creciente,B5E6E6DB,,12,12,12
B3858255,tm_prc_070300,Club de danza folclórica,Folk Dance Club,practica,9,Inazuma Eleven Victory Road,,Club de danza folclórica (practica),25,43,1,fbtl_nihonnbuyou_01,94116F1A,A3CF4466,4-4-2 Diamante,A3CF4466,es legal,9310F3AB,ABF31093,Club de danza folclórica,C1F231A9,,,C1F231A9,68F5E26F,F17A2E36,Espadón,E6F357D8,,12,12,12
B6CA94D0,tm_prc_070400,Club de arte,Art Club,practica,9,Inazuma Eleven Victory Road,,Club de arte (practica),26,44,1,fbtl_art_01,E47B9B95,2C3B2E16,4-3-3 Triángulo,2C3B2E16,es legal,EDA18F16,168FA1ED,Club de arte,C1F231A9,,,C1F231A9,43D8B1AC,3229031D,Cuernos de toro,2B65CB55,,11,11,11
B708FEE7,tm_prc_070500,Club de judo,Judo Club,practica,9,Inazuma Eleven Victory Road,,Club de judo (practica),27,45,1,fbtl_juudou_01,7A1F0E36,8FAE4A88,3-5-2 Libertad,8FAE4A88,es legal,DF97ED94,94ED97DF,Club de judo,C1F231A9,,,C1F231A9,71EED32E,B04B352F,Monte Fuji,D145AA4A,,11,11,11
B54E40BE,tm_prc_070600,Club de ceremonia del té,Tea Ceremony Club,practica,9,Inazuma Eleven Victory Road,,Club de ceremonia del té (practica),25,43,1,fbtl_sadou_01,0D183EA0,199E4DFF,4-4-2 Caja,199E4DFF,es legal,0A19A211,11A2190A,Club de ceremonia del té,C1F231A9,,,C1F231A9,27B474A8,36EC6F79,Luna creciente,CDDE041B,,12,12,12
B48C2A89,tm_prc_070700,Club de artes marciales,Martial Arts Club,practica,9,Inazuma Eleven Victory Road,,Club de artes marciales (practica),26,43,1,fbtl_kakutougi_01,937CAB03,BA0B2961,4-3-3 Delta,BA0B2961,es legal,A890DD02,02DD90A8,Club de artes marciales,C1F231A9,,,C1F231A9,68F5E26F,F17A2E36,Espadón,B4EB0579,,14,14,14
BFD06DB4,tm_prc_070800,Club de voleibol,Volleyball Club,practica,9,Inazuma Eleven Victory Road,,Club de voleibol (practica),27,45,1,fbtl_bareboru_01,937CAB03,BA0B2961,4-3-3 Delta,BA0B2961,es legal,BF506471,716450BF,Club de voleibol,C1F231A9,,,C1F231A9,43D8B1AC,3229031D,Cuernos de toro,9B84A39D,,12,12,12
BE120783,tm_prc_070900,Club de manga,Manga Club,practica,9,Inazuma Eleven Victory Road,,Club de manga (practica),25,43,1,fbtl_manga_01,0D183EA0,199E4DFF,4-4-2 Caja,199E4DFF,es legal,6405A3C6,C6A30564,Club de manga,C1F231A9,,,C1F231A9,71EED32E,B04B352F,Monte Fuji,A9B2C11F,,11,11,11
097F5B69,tm_prc_071000,Club de ping-pong,Table Tennis Club,practica,9,Inazuma Eleven Victory Road,,Club de ping-pong (practica),27,44,1,fbtl_takkyuu_01,94116F1A,A3CF4466,4-4-2 Diamante,A3CF4466,es legal,265935CB,CB355926,Club de ping-pong,C1F231A9,,,C1F231A9,27B474A8,36EC6F79,Luna creciente,829F92DC,,13,13,13
30177FB3,tm_prc_080200,"Club de ""idols""",Idol-Lovers Club,practica,9,Inazuma Eleven Victory Road,,"Club de ""idols"" (practica)",31,47,1,fbtl_idol_01,EDCDD7BE,0777981F,5-4-1 Doble Volante,0777981F,es legal,9AA6BF80,80BFA69A,Club de idols,C1F231A9,,,C1F231A9,68F5E26F,F17A2E36,Espadón,E7313DEF,,14,14,14
31D51584,tm_prc_080300,Club de tenis,Tennis Club,practica,9,Inazuma Eleven Victory Road,,Club de tenis (practica),32,48,1,fbtl_tennis_01,937CAB03,BA0B2961,4-3-3 Delta,BA0B2961,es legal,515E055D,5D055E51,Club de tenis,C1F231A9,,,C1F231A9,43D8B1AC,3229031D,Cuernos de toro,3731EC91,,15,15,15
349A0301,tm_prc_080400,Club de ocultismo,Occult Society,practica,9,Inazuma Eleven Victory Road,,Club de ocultismo (practica),33,49,1,fbtl_okaruto_01,0A75FAB9,005A20F8,4-5-1 Equilibrio,005A20F8,es legal,FA613665,653661FA,Club de ocultismo,C1F231A9,,,C1F231A9,71EED32E,B04B352F,Monte Fuji,9A46C9AA,,11,11,11
35586936,tm_prc_080500,Club de atletismo,Track and Field Club,practica,9,Inazuma Eleven Victory Road,,Club de atletismo (practica),31,47,1,fbtl_rikujou_01,E47B9B95,2C3B2E16,4-3-3 Triángulo,2C3B2E16,es legal,CF3A90FE,FE903ACF,Club de atletismo,C1F231A9,,,C1F231A9,27B474A8,36EC6F79,Luna creciente,2E2ADDD0,,14,14,14
371ED76F,tm_prc_080600,Club de baloncesto,Basketball Club,practica,9,Inazuma Eleven Victory Road,,Club de baloncesto (practica),32,48,1,fbtl_basketball_01,E47B9B95,2C3B2E16,4-3-3 Triángulo,2C3B2E16,es legal,B83DA068,68A03DB8,Club de baloncesto,C1F231A9,,,C1F231A9,68F5E26F,F17A2E36,Espadón,FE2A0CAE,,15,15,15
36DCBD58,tm_prc_080700,Club de metalurgia,Metal Club,practica,9,Inazuma Eleven Victory Road,,Club de metalurgia (practica),33,49,1,fbtl_metal_01,0D183EA0,199E4DFF,4-4-2 Caja,199E4DFF,es legal,8A0BC2EA,EAC20B8A,Club de metalurgia,C1F231A9,,,C1F231A9,43D8B1AC,3229031D,Cuernos de toro,36F386A6,,16,16,16
3D80FA65,tm_prc_080800,Club de natación,Swimming Club,practica,9,Inazuma Eleven Victory Road,,Club de natación (practica),31,48,1,fbtl_suiei_01,937CAB03,BA0B2961,4-3-3 Delta,BA0B2961,es legal,2134F1D2,D2F13421,Club de natación,C1F231A9,,,C1F231A9,71EED32E,B04B352F,Monte Fuji,CC1C6E2C,,14,14,14
0F31E85A,tm_prc_090100,Club de ciberdeportes,Esports Club,practica,9,Inazuma Eleven Victory Road,,Club de ciberdeportes (practica),35,51,1,fbtl_esport_01,94116F1A,A3CF4466,4-4-2 Diamante,A3CF4466,es legal,C68CDCD5,D5DC8CC6,Club de ciberdeportes,C1F231A9,,,C1F231A9,27B474A8,36EC6F79,Luna creciente,FC6CB2F7,,11,11,11
0D775603,tm_prc_090200,Club de waterpolo,Water Polo Club,practica,9,Inazuma Eleven Victory Road,,Club de waterpolo (practica),36,52,1,fbtl_suikyuu_01,E47B9B95,2C3B2E16,4-3-3 Triángulo,2C3B2E16,es legal,5633C144,44C13356,Club de waterpolo,C1F231A9,,,C1F231A9,68F5E26F,F17A2E36,Espadón,D5075F6D,,14,14,14
0CB53C34,tm_prc_090300,Banda juvenil de viento,Wind Orchestra Club,practica,9,Inazuma Eleven Victory Road,,Banda juvenil de viento (practica),37,53,1,fbtl_suisougaku_01,0D183EA0,199E4DFF,4-4-2 Caja,199E4DFF,es legal,8D6606F3,F306668D,Banda juvenil de viento,C1F231A9,,,C1F231A9,43D8B1AC,3229031D,Cuernos de toro,835DF8EB,,16,16,16
09FA2AB1,tm_prc_090400,Club de canto,Choir Club,practica,9,Inazuma Eleven Victory Road,,Club de canto (practica),35,51,1,fbtl_gasshou_01,7A1F0E36,8FAE4A88,3-5-2 Libertad,8FAE4A88,es legal,146F5749,49576F14,Club de canto,C1F231A9,,,C1F231A9,71EED32E,B04B352F,Monte Fuji,26BC74AB,,13,13,13
08384086,tm_prc_090500,Club de música moderna,Modern Music Club,practica,9,Inazuma Eleven Victory Road,,Club de música moderna (practica),36,52,1,fbtl_keionngaku_01,0D183EA0,199E4DFF,4-4-2 Caja,199E4DFF,es legal,636867DF,DF676863,Club de música moderna,C1F231A9,,,C1F231A9,27B474A8,36EC6F79,Luna creciente,A870AB28,,13,13,13
0A7EFEDF,tm_prc_090600,Club de periodismo,Newspaper Club,practica,9,Inazuma Eleven Victory Road,,Club de periodismo (practica),37,52,1,fbtl_news_01,0D183EA0,199E4DFF,4-4-2 Caja,199E4DFF,es legal,FD0CF27C,7CF20CFD,Club de periodismo,C1F231A9,,,C1F231A9,68F5E26F,F17A2E36,Espadón,B16B9A69,,12,12,12
0BBC94E8,tm_prc_090700,Club de biología marina,Marine Biology Club,practica,9,Inazuma Eleven Victory Road,,Club de biología marina (practica),35,53,1,fbtl_kaiyouseibutsu_01,94116F1A,A3CF4466,4-4-2 Diamante,A3CF4466,es legal,13029350,50930213,Club de biología marina,C1F231A9,,,C1F231A9,43D8B1AC,3229031D,Cuernos de toro,2FE8B7E7,,13,13,13
3C429052,tm_prc_080900,Lawcrest,Lawcrest,practica,9,Inazuma Eleven Victory Road,,Lawcrest (practica),32,52,1,fbtl_houreikan_01,937CAB03,BA0B2961,4-3-3 Delta,BA0B2961,es legal,EE8FA621,21A68FEE,Lawcrest,A0E119D2,A14D065D,Equipación Lawcrest,A0E119D2,43D8B1AC|0C99276B|779B1E3C,3229031D|F5BF4252|A2864029,Cuernos de toro|Defensa del diamante|Alas gemelas,CAC256CE,9A5333A3,18,16,18
8B2FCCB8,tm_prc_081000,Visión Noble,Noble Insight,practica,9,Inazuma Eleven Victory Road,,Visión Noble (practica),32,52,1,fbtl_ijin_01,E47B9B95,2C3B2E16,4-3-3 Triángulo,2C3B2E16,es legal,998896B7,B7968899,Instituto Visión Noble,4F77AD1F,9627C45C,Equipación Instituto Visión Noble,4F77AD1F,71EED32E|08AA5420|6F42454A,B04B352F|BECC7156|D4DD9931,Monte Fuji|Formación caparazón|Lanza invencible,F7A27F7E,A7331A13,18,16,18
00E0D3D5,tm_prc_090800,Alpino,Alpine,practica,9,Inazuma Eleven Victory Road,,Alpino (practica),36,60,1,fbtl_hakuren_01,E47B9B95,2C3B2E16,4-3-3 Triángulo,2C3B2E16,es legal,09378B26,268B3709,Alpino (V),2DC4AD97,AB609857,Equipación Alpino (V),2DC4AD97,238707E3|5D7427C8|E91833B2,7D9F5C7D|56BFAF03|2CABC3B7,Pases volantes|Caballeros perfectos|Barrera absoluta,47C48A2D,25638DC2,18,16,18
35B87230,bb_01_team_raimon,Raimon,Raimon,enjoy,,,,Raimon (enjoy),,,40,,94116F1A,A3CF4466,4-4-2 Diamante,A3CF4466,es legal,D5ABE1F0,F0E1ABD5,Raimon,252CE113,D3856B2A,Equipación Raimon,252CE113,43D8B1AC|71EED32E|921A0AE5,3229031D|B04B352F|7B92C1CC,Cuernos de toro|Monte Fuji|Protocolo de enlace,3055CF22,9ED17B1B,16,15,16
11F7C481,bb_02_team_empire,Royal Academy,Royal Academy,enjoy,,,,Royal Academy (enjoy),,,40,,7A1F0E36,8FAE4A88,3-5-2 Libertad,8FAE4A88,es legal,4CA2B04A,4AB0A24C,Royal Academy,D6ABDBB4,8A3B2D28,Equipación Royal Academy,D6ABDBB4,921A0AE5|3EAF45E9|0C99276B,7B92C1CC|77DD7460|F5BF4252,Protocolo de enlace|Lanzas laterales|Defensa del diamante,2B08403A,833D7977,17,16,17
54EA4346,bb_03_team_zeus,Zeus,Zeus,enjoy,,,,Zeus (enjoy),,,40,,0A75FAB9,005A20F8,4-5-1 Equilibrio,005A20F8,es legal,BBB7E027,27E0B7BB,Zeus,E17C3465,81881593,Equipación Zeus,E17C3465,921A0AE5|3EAF45E9|0C99276B,7B92C1CC|77DD7460|F5BF4252,Protocolo de enlace|Lanzas laterales|Defensa del diamante,9E23A289,,16,16,16
3D867C7C,bb_04_team_jemini,Tormenta de Géminis,Gemini Storm,enjoy,,,,Tormenta de Géminis (enjoy),,,40,,7A1F0E36,8FAE4A88,3-5-2 Libertad,8FAE4A88,es legal,B926C8E3,E3C826B9,Tormenta de Géminis,68FFB4EE,6D2B4F6E,Equipación Tormenta de Géminis,68FFB4EE,43D8B1AC|71EED32E|921A0AE5,3229031D|B04B352F|7B92C1CC,Cuernos de toro|Monte Fuji|Protocolo de enlace,DB18BACC,,11,11,11
93D44005,bb_05_team_epsilon,Épsilon,Epsilon,enjoy,,,,Épsilon (enjoy),,,40,,7D72CA2F,966A278F,3-6-1 Hexa,966A278F,es legal,202F9959,59992F20,Épsilon,D6227C4E,B1834669,Equipación Épsilon,D6227C4E,921A0AE5|3EAF45E9|0C99276B,7B92C1CC|77DD7460|F5BF4252,Protocolo de enlace|Lanzas laterales|Defensa del diamante,C04535D4,,11,11,11
DBB12446,bb_06_team_genesis,Génesis,Genesis,enjoy,,,,Génesis (enjoy),,,40,,7A1F0E36,8FAE4A88,3-5-2 Libertad,8FAE4A88,es legal,0B02CA9A,9ACA020B,Génesis,258657A2,3F2631D7,Equipación Génesis,258657A2,921A0AE5|3EAF45E9|0C99276B,7B92C1CC|77DD7460|F5BF4252,Protocolo de enlace|Lanzas laterales|Defensa del diamante,C50A2351,,11,11,11
755824A6,bb_07_team_japan,Inazuma Japón,Inazuma National,enjoy,,,,Inazuma Japón (enjoy),,,40,,E47B9B95,2C3B2E16,4-3-3 Triángulo,2C3B2E16,es legal,B11D47C8,C8471DB1,Inazuma Japón,C68FF352,B3D6AB50,Equipación Inazuma Japón,C68FF352,43D8B1AC|71EED32E|921A0AE5,3229031D|B04B352F|7B92C1CC,Cuernos de toro|Monte Fuji|Protocolo de enlace,3055CF22,82B218FB,17,16,17
4EB3FA87,bb_08_team_raimon_go,Raimon revolucionario,Revolutionary Raimon,enjoy,,,,Raimon revolucionario (enjoy),,,40,,94116F1A,A3CF4466,4-4-2 Diamante,A3CF4466,es legal,1D4B6E80,806E4B1D,Raimon revolucionario,AECB5B3E,A30A8BE2,Equipación Raimon revolucionario,AECB5B3E,68F5E26F|3EAF45E9|921A0AE5,F17A2E36|77DD7460|7B92C1CC,Espadón|Lanzas laterales|Protocolo de enlace,AAB46A8D,353553B4,17,16,17
E092549C,bb_09_team_zoro,Equipo Zero,Team Zero,enjoy,,,,Equipo Zero (enjoy),,,40,,94116F1A,A3CF4466,4-4-2 Diamante,A3CF4466,es legal,0A8BD7F3,F3D78B0A,Equipo Zero,0BC6B391,28C28248,Equipación Equipo Zero,0BC6B391,921A0AE5|3EAF45E9|0C99276B,7B92C1CC|77DD7460|F5BF4252,Protocolo de enlace|Lanzas laterales|Defensa del diamante,6F08BCC1,,11,11,11
BBDA960F,bb_10_team_omega_2.0,Protocolo Omega 2.0,Protocol Omega 2.0,enjoy,,,,Protocolo Omega 2.0 (enjoy),,,40,,7D72CA2F,966A278F,3-6-1 Hexa,966A278F,es legal,0FEF0484,8404EF0F,Protocolo Omega 2.0,450DA068,1323EBDF,Equipación Protocolo Omega,450DA068,921A0AE5|3EAF45E9|0C99276B,7B92C1CC|77DD7460|F5BF4252,Protocolo de enlace|Lanzas laterales|Defensa del diamante,A28E9F95,,16,16,16
D1878EAC,bb_10_team_zanark_domain,Avalonic Domain,Avalonic's Domain,enjoy,,,,Avalonic Domain (enjoy),,,40,,7D72CA2F,966A278F,3-6-1 Hexa,966A278F,es legal,CACC366B,6B36CCCA,Zanark Domain,9EE88F14,9635A4DA,Equipación <FST:ZANARK> Domain,9EE88F14,43D8B1AC|71EED32E|921A0AE5,3229031D|B04B352F|7B92C1CC,Cuernos de toro|Monte Fuji|Protocolo de enlace,19B62C9E,,16,16,16
A8EDA4FD,bb_11_team_cronostorm,Chrono Storm,Chrono Storm,enjoy,,,,Chrono Storm (enjoy),,,40,,7A1F0E36,8FAE4A88,3-5-2 Libertad,8FAE4A88,es legal,DECA07E0,E007CADE,Chrono Storm,AECB5B3E,A30A8BE2,Equipación Raimon revolucionario,AECB5B3E,921A0AE5|3EAF45E9|0C99276B,7B92C1CC|77DD7460|F5BF4252,Protocolo de enlace|Lanzas laterales|Defensa del diamante,B3AF5BCC,353553B4,12,11,12
525671D8,bb_13_team_newjapan,Earth Eleven,Earth Eleven,enjoy,,,,Earth Eleven (enjoy),,,40,,94116F1A,A3CF4466,4-4-2 Diamante,A3CF4466,es legal,65CD83B9,B983CD65,Earth Eleven,DE17975F,14427A24,Equipación Earth Eleven,DE17975F,921A0AE5|3EAF45E9|0C99276B,7B92C1CC|77DD7460|F5BF4252,Protocolo de enlace|Lanzas laterales|Defensa del diamante,B3AF5BCC,04079A90,14,13,14
6372F595,bb_14_team_nagumoharaA,South Cirrus A,South Cirrus A,enjoy,,,,South Cirrus A (enjoy),,,40,,937CAB03,BA0B2961,4-3-3 Delta,BA0B2961,es legal,F3A8EC0A,0AECA8F3,<MNT:NAGUMOHARA> A,7E51DF9E,765637E1,Equipación <MNT:NAGUMOHARA>,7E51DF9E,0478CB7C|1582162A|4B395DBB,E253A35A|B48E594B|25C5E215,Aislar al jugador clave|Fortaleza de llamas|Empujón del quince,,C19FE60C,20,16,19
152912CE,bb_15_team_nagumoharaB,South Cirrus B,South Cirrus B,enjoy,,,,South Cirrus B (enjoy),,,40,,937CAB03,BA0B2961,4-3-3 Delta,BA0B2961,es legal,6AA1BDB0,B0BDA16A,<MNT:NAGUMOHARA> B,7E51DF9E,765637E1,Equipación <MNT:NAGUMOHARA>,7E51DF9E,52226CFA|D5BA7035|CCA14174,64F4F90C|ABE8618B|EAD97A92,Recorrido estelar|Rugido decisivo|Muralla titánica,,C19FE60C,20,16,19
88A8FF3A,bb_16_team_nagumoharaC,South Cirrus C,South Cirrus C,enjoy,,,,South Cirrus C (enjoy),,,40,,937CAB03,BA0B2961,4-3-3 Delta,BA0B2961,es legal,1DA68D26,268DA61D,<MNT:NAGUMOHARA> C,7E51DF9E,765637E1,Equipación <MNT:NAGUMOHARA>,7E51DF9E,61D6644F|4AFB378C|53E006CD,D1FC0D3F|12AF2014|539E3B0D,Supresión inquebrantable|Virtuoso del éter|Contra todo pronóstico,,C19FE60C,20,16,19
92EF7CC2,bb_17_team_inakuniraimon,Raimon Isla Remota A,Backwater Raimon A,enjoy,,,,Raimon Isla Remota A (enjoy),,,40,,7D72CA2F,966A278F,3-6-1 Hexa,966A278F,es legal,838604A3,A3048683,Raimon Isla Remota A,F767237F,73702BA5,Equipación Raimon Isla Remota,F767237F,68F5E26F|43D8B1AC|27B474A8,F17A2E36|3229031D|36EC6F79,Espadón|Cuernos de toro|Luna creciente,38BF742E,A65626AB,14,11,14
EE700CE3,bb_18_team_inakuniraimon,Raimon Isla Remota B,Backwater Raimon B,enjoy,,,,Raimon Isla Remota B (enjoy),,,40,,7D72CA2F,966A278F,3-6-1 Hexa,966A278F,es legal,1A8F5519,19558F1A,Raimon Isla Remota B,F767237F,73702BA5,Equipación Raimon Isla Remota,F767237F,68F5E26F|43D8B1AC|27B474A8,F17A2E36|3229031D|36EC6F79,Espadón|Cuernos de toro|Luna creciente,6EE5D3A8,A65626AB,14,11,14
225D96A7,bb_19_team_faram_diete,Falam Medius,Falam Medius,enjoy,,,,Falam Medius (enjoy),,,40,,0A75FAB9,005A20F8,4-5-1 Equilibrio,005A20F8,es legal,E5DFE342,42E3DFE5,Falam Medius,38766052,FF80B122,Equipación Falam Medius,38766052,68F5E26F|0C99276B|43D8B1AC,F17A2E36|F5BF4252|3229031D,Espadón|Defensa del diamante|Cuernos de toro,7AB4BBF3,04079A90,13,12,13
8F126EC3,bb_20_team_seishogakuen,Academia Polaris,Polestar Academy,enjoy,,,,Academia Polaris (enjoy),,,40,,0A75FAB9,005A20F8,4-5-1 Equilibrio,005A20F8,es legal,C3E245EA,EA45E2C3,Polaris,A3542F7A,2ACE6DA7,Equipación Polaris,A3542F7A,F245BCAA|3EAF45E9|0C99276B,34249EAC|77DD7460|F5BF4252,Zona crítica|Lanzas laterales|Defensa del diamante,7F1F0EFE,F1CEEB1A,18,16,18
5AB58347,bb_21_team_oteitsukinomiya,Academia Plenilunio,Lunar Prime Academy,enjoy,,,,Academia Plenilunio (enjoy),,,40,,7A1F0E36,8FAE4A88,3-5-2 Libertad,8FAE4A88,es legal,B4E5757C,7C75E5B4,Plenilunio,6C8790DE,1DA4AFA6,Equipación Plenilunio,6C8790DE,22456DD4|09683E17|68F5E26F,4AF59E7C|89A6B357|F17A2E36,Maelstrom Omega|Supremacía de la espada|Espadón,142580C8,C3F88998,16,15,16
691CDA53,bb_22_team_raimon,Campeones Raimon,Raimon Kings,enjoy,,,,Campeones Raimon (enjoy),,,40,,E47B9B95,2C3B2E16,4-3-3 Triángulo,2C3B2E16,es legal,87FE63EF,EF63FE87,Campeones Raimon,BBE7C49D,2FE871E3,Equipación Campeones Raimon,BBE7C49D,921A0AE5|71EED32E|1582162A,7B92C1CC|B04B352F|B48E594B,Protocolo de enlace|Monte Fuji|Fortaleza de llamas,AD12CF1F,99EF6F76,18,16,18
8A10F7BF,bb_23_team_hokuyou,Northbright,Northbright,enjoy,,,,Northbright (enjoy),,,40,,7A1F0E36,8FAE4A88,3-5-2 Libertad,8FAE4A88,es legal,F0F95379,7953F9F0,Northbright,6B110260,1882B3E2,Equipación Northbright,6B110260,8B013BA4|3EAF45E9|68F5E26F,3AA3DAD5|77DD7460|F17A2E36,Ataque en tres frentes|Lanzas laterales|Espadón,BB5FB56C,A48F46C6,18,16,18
E2B8A544,bb_24_team_senshinjapan_a,Inazuma Japón Implacable A,Inazuma National War God A,enjoy,,,,Inazuma Japón Implacable A (enjoy),,,40,,7A1F0E36,8FAE4A88,3-5-2 Libertad,8FAE4A88,es legal,72D0B676,76B6D072,Inazuma Japón Implacable,59441354,A2E77B27,Equipación Inazuma Japón Implacable,59441354,741FCA52|153C19D3|0C99276B,CC52C42A|4D81E74B|F5BF4252,Velo luminoso|Cal y arena|Defensa del diamante,8E9453CE,A65626AB,20,16,20
E46B7760,bb_25_team_senshinjapan_b,Inazuma Japón Implacable B,Inazuma National War God B,enjoy,,,,Inazuma Japón Implacable B (enjoy),,,40,,94116F1A,A3CF4466,4-4-2 Diamante,A3CF4466,es legal,EBD9E7CC,CCE7D9EB,Inazuma Japón Implacable,59441354,A2E77B27,Equipación Inazuma Japón Implacable,59441354,3E114A10|6D04FB13|EA9CE7DC,8ED2CA60|8D63DF33|427F47B4,Virtuoso imperial|Maelstrom Omega 2.0|Marcaje al hombre,142580C8,A65626AB,17,16,17
B88BCF4B,bb_26_team_zhaojinyun,Kinuns,Kinuns,enjoy,,,,Kinuns (enjoy),,,40,,E47B9B95,2C3B2E16,4-3-3 Triángulo,2C3B2E16,es legal,B1CA464F,4F46CAB1,<MNT:KINUNS>,39BF0E54,2C420C99,Equipación <MNT:KINUNS>,39BF0E54,71EED32E|27B474A8|1582162A,B04B352F|36EC6F79|B48E594B,Monte Fuji|Luna creciente|Fortaleza de llamas,8E9453CE,A65626AB,19,16,19
5A3C45E3,bb_27_team_puratosu,Plathos,Platos,enjoy,,,,Plathos (enjoy),,,40,,0D183EA0,199E4DFF,4-4-2 Caja,199E4DFF,es legal,2CC150D7,D750C12C,Plathos,CE5DF269,FD9E3E4B,Equipación Plathos,CE5DF269,71EED32E|921A0AE5|0C99276B,B04B352F|7B92C1CC|F5BF4252,Monte Fuji|Protocolo de enlace|Defensa del diamante,2AA62CA1,018B7F62,18,16,18
FEB025C9,bb_28_team_destroyers,Destructores,Destroyers,enjoy,,,,Destructores (enjoy),,,40,,7D72CA2F,966A278F,3-6-1 Hexa,966A278F,es legal,B5C8016D,6D01C8B5,Destructores,D3236651,A4207849,Equipación Destructores,D3236651,68F5E26F|3EAF45E9|1582162A,F17A2E36|77DD7460|B48E594B,Espadón|Lanzas laterales|Fortaleza de llamas,CBF73DD7,D427CE7D,18,16,18
E73FDAE7,trial_player,Inazuma All-Stars,Inazuma All-Stars,demo,,,,Inazuma All-Stars (demo),30,30,1,sbtl_vision2_full,937CAB03,BA0B2961,4-3-3 Delta,BA0B2961,es legal,D5ABE1F0,F0E1ABD5,Raimon,252CE113,D3856B2A,Equipación Raimon,2A6B85D3,27B474A8|1582162A|921A0AE5,36EC6F79|B48E594B|7B92C1CC,Luna creciente|Fortaleza de llamas|Protocolo de enlace,3055CF22,9ED17B1B,17,16,17
EE2C1186,trial_player_02,Inazuma All-Stars,Inazuma All-Stars,demo,,,,Inazuma All-Stars (demo),30,30,1,sbtl_vision2_full2,937CAB03,BA0B2961,4-3-3 Delta,BA0B2961,es legal,1199F1DC,DCF19911,Inazuma Japón Alterno,ADA7D81F,AAEC5E60,Equipación Inazuma Japón Alterno,605EECAA,27B474A8|1582162A|921A0AE5,36EC6F79|B48E594B|7B92C1CC,Luna creciente|Fortaleza de llamas|Protocolo de enlace,3055CF22,9ED17B1B,17,16,17
B73263E5,trial_enemy,Campeones nacionales,National Champs,demo,,,,Campeones nacionales (demo),20,20,1,sbtl_vision2_full,E47B9B95,2C3B2E16,4-3-3 Triángulo,2C3B2E16,es legal,D8BB8381,8183BBD8,Inazuma Japón Implacable,59441354,A2E77B27,Equipación Inazuma Japón Implacable,277BE7A2,71EED32E|3EAF45E9|0C99276B,B04B352F|77DD7460|F5BF4252,Monte Fuji|Lanzas laterales|Defensa del diamante,AAB46A8D,82B218FB,17,16,17
A61EACF4,trial_enemy_02,Alius Masters,Alius Masters,demo,,,,Alius Masters (demo),,,1,,EDCDD7BE,0777981F,5-4-1 Doble Volante,0777981F,es legal,0B02CA9A,9ACA020B,Génesis,258657A2,3F2631D7,Equipación Génesis,D731263F,43D8B1AC|68F5E26F|8B013BA4,3229031D|F17A2E36|3AA3DAD5,Cuernos de toro|Espadón|Ataque en tres frentes,C50A2351,19A53AFF,17,16,17
992B2110,trial_player_03,Inazuma All-Stars,Inazuma All-Stars,demo,,,,Inazuma All-Stars (demo),25,25,1,btl_trial2,937CAB03,BA0B2961,4-3-3 Delta,BA0B2961,es legal,1199F1DC,DCF19911,Inazuma Japón Alterno,ADA7D81F,AAEC5E60,Equipación Inazuma Japón Alterno,605EECAA,27B474A8|1582162A|921A0AE5,36EC6F79|B48E594B|7B92C1CC,Luna creciente|Fortaleza de llamas|Protocolo de enlace,3055CF22,9ED17B1B,17,16,17
D1199C62,trial_enemy_03,Campeones nacionales,National Champs,demo,,,,Campeones nacionales (demo),20,20,1,btl_trial,E47B9B95,2C3B2E16,4-3-3 Triángulo,2C3B2E16,es legal,D8BB8381,8183BBD8,Inazuma Japón Implacable,59441354,A2E77B27,Equipación Inazuma Japón Implacable,277BE7A2,71EED32E|3EAF45E9|0C99276B,B04B352F|77DD7460|F5BF4252,Monte Fuji|Lanzas laterales|Defensa del diamante,AAB46A8D,82B218FB,17,16,17
659AD392,trial_enemy_02_god,Alius Masters,Alius Masters,demo,,,,Alius Masters (demo),30,30,1,btl_trial3,EDCDD7BE,0777981F,5-4-1 Doble Volante,0777981F,es legal,0B02CA9A,9ACA020B,Génesis,258657A2,3F2631D7,Equipación Génesis,D731263F,43D8B1AC|68F5E26F|8B013BA4,3229031D|F17A2E36|3AA3DAD5,Cuernos de toro|Espadón|Ataque en tres frentes,C50A2351,19A53AFF,17,16,17
B18E9D69,trial_player_02_death,Inazuma All-Stars,Inazuma All-Stars,demo,,,,Inazuma All-Stars (demo),15,15,1,btl_trial2,937CAB03,BA0B2961,4-3-3 Delta,BA0B2961,es legal,1199F1DC,DCF19911,Inazuma Japón Alterno,ADA7D81F,AAEC5E60,Equipación Inazuma Japón Alterno,605EECAA,27B474A8|1582162A|921A0AE5,36EC6F79|B48E594B|7B92C1CC,Luna creciente|Fortaleza de llamas|Protocolo de enlace,3055CF22,9ED17B1B,17,16,17
9DEF1AE0,trial_enemy_03_death,Campeones nacionales,National Champs,demo,,,,Campeones nacionales (demo),10,10,1,btl_trial,E47B9B95,2C3B2E16,4-3-3 Triángulo,2C3B2E16,es legal,D8BB8381,8183BBD8,Inazuma Japón Implacable,59441354,A2E77B27,Equipación Inazuma Japón Implacable,277BE7A2,71EED32E|3EAF45E9|0C99276B,B04B352F|77DD7460|F5BF4252,Monte Fuji|Lanzas laterales|Defensa del diamante,AAB46A8D,82B218FB,17,16,17
3B981154,trial_enemy_02_death,Alius Masters,Alius Masters,demo,,,,Alius Masters (demo),20,20,1,btl_trial3,EDCDD7BE,0777981F,5-4-1 Doble Volante,0777981F,es legal,0B02CA9A,9ACA020B,Génesis,258657A2,3F2631D7,Equipación Génesis,D731263F,43D8B1AC|68F5E26F|8B013BA4,3229031D|F17A2E36|3AA3DAD5,Cuernos de toro|Espadón|Ataque en tres frentes,C50A2351,19A53AFF,17,16,17
6E8F0E51,trial_player_02_inazuma,Inazuma All-Stars,Inazuma All-Stars,demo,,,,Inazuma All-Stars (demo),5,5,1,btl_trial2,937CAB03,BA0B2961,4-3-3 Delta,BA0B2961,es legal,1199F1DC,DCF19911,Inazuma Japón Alterno,ADA7D81F,AAEC5E60,Equipación Inazuma Japón Alterno,605EECAA,27B474A8|1582162A|921A0AE5,36EC6F79|B48E594B|7B92C1CC,Luna creciente|Fortaleza de llamas|Protocolo de enlace,3055CF22,9ED17B1B,17,16,17
F71217B1,trial_enemy_03_inazuma,Campeones nacionales,National Champs,demo,,,,Campeones nacionales (demo),1,1,1,btl_pvp1,E47B9B95,2C3B2E16,4-3-3 Triángulo,2C3B2E16,es legal,D8BB8381,8183BBD8,Inazuma Japón Implacable,59441354,A2E77B27,Equipación Inazuma Japón Implacable,277BE7A2,71EED32E|3EAF45E9|0C99276B,B04B352F|77DD7460|F5BF4252,Monte Fuji|Lanzas laterales|Defensa del diamante,AAB46A8D,82B218FB,17,16,17
E06903F2,trial_enemy_02_inazuma,Alius Masters,Alius Masters,demo,,,,Alius Masters (demo),10,10,1,btl_trial3,EDCDD7BE,0777981F,5-4-1 Doble Volante,0777981F,es legal,0B02CA9A,9ACA020B,Génesis,258657A2,3F2631D7,Equipación Génesis,D731263F,43D8B1AC|68F5E26F|8B013BA4,3229031D|F17A2E36|3AA3DAD5,Cuernos de toro|Espadón|Ataque en tres frentes,C50A2351,19A53AFF,17,16,17
71CAF176,trial_enemy_02_Legend,Alius Masters,Alius Masters,demo,,,,Alius Masters (demo),50,50,1,btl_trial3,EDCDD7BE,0777981F,5-4-1 Doble Volante,0777981F,es legal,0B02CA9A,9ACA020B,Génesis,258657A2,3F2631D7,Equipación Génesis,D731263F,43D8B1AC|68F5E26F|8B013BA4,3229031D|F17A2E36|3AA3DAD5,Cuernos de toro|Espadón|Ataque en tres frentes,C50A2351,19A53AFF,17,16,17
295C625F,trial_teamdoc_01,Pingüinos Inazuma,Inazuma Penguins,demo,,,,Pingüinos Inazuma (demo),,,1,,BE566CA1,,,199E4DFF,posiciones,1EF73255,5532F71E,<MNT:NAGUMOHARA>,7E51DF9E,765637E1,Equipación <MNT:NAGUMOHARA>,7E51DF9E,0478CB7C,E253A35A,Aislar al jugador clave,3055CF22,9ED17B1B,17,16,17
B05533E5,trial_teamdoc_02,Los Once más Fuertes de Reiwa,Reiwa Strongest Eleven,demo,,,,Los Once más Fuertes de Reiwa (demo),,,7,,7A1F0E36,8FAE4A88,3-5-2 Libertad,8FAE4A88,es legal,D5ABE1F0,F0E1ABD5,Raimon,252CE113,D3856B2A,Equipación Raimon,252CE113,43D8B1AC|71EED32E|921A0AE5,3229031D|B04B352F|7B92C1CC,Cuernos de toro|Monte Fuji|Protocolo de enlace,3197A515,82B218FB,17,16,17
C7520373,trial_teamdoc_03,Mi Once,My Eleven,demo,,,,Mi Once (demo),,,6,,94116F1A,A3CF4466,4-4-2 Diamante,A3CF4466,es legal,1D4B6E80,806E4B1D,Raimon revolucionario,AECB5B3E,A30A8BE2,Equipación Raimon revolucionario,AECB5B3E,68F5E26F|3EAF45E9|921A0AE5,F17A2E36|77DD7460|7B92C1CC,Espadón|Lanzas laterales|Protocolo de enlace,6DB78C11,19A53AFF,17,16,17
593696D0,trial_teamdoc_04,Inazuma All-Stars,Inazuma All-Stars,demo,,,,Inazuma All-Stars (demo),,,10,,937CAB03,BA0B2961,4-3-3 Delta,BA0B2961,es legal,1199F1DC,DCF19911,Inazuma Japón Alterno,ADA7D81F,AAEC5E60,Equipación Inazuma Japón Alterno,605EECAA,27B474A8|1582162A|921A0AE5,36EC6F79|B48E594B|7B92C1CC,Luna creciente|Fortaleza de llamas|Protocolo de enlace,3055CF22,9ED17B1B,17,16,17
2E31A646,trial_teamdoc_05,Campeones nacionales,National Champs,demo,,,,Campeones nacionales (demo),,,10,,E47B9B95,2C3B2E16,4-3-3 Triángulo,2C3B2E16,es legal,D8BB8381,8183BBD8,Inazuma Japón Implacable,59441354,A2E77B27,Equipación Inazuma Japón Implacable,277BE7A2,71EED32E|3EAF45E9|0C99276B,B04B352F|77DD7460|F5BF4252,Monte Fuji|Lanzas laterales|Defensa del diamante,AAB46A8D,82B218FB,17,16,17
B738F7FC,trial_teamdoc_06,Alius Masters,Alius Masters,demo,,,,Alius Masters (demo),,,10,,EDCDD7BE,0777981F,5-4-1 Doble Volante,0777981F,es legal,0B02CA9A,9ACA020B,Génesis,258657A2,3F2631D7,Equipación Génesis,D731263F,43D8B1AC|68F5E26F|8B013BA4,3229031D|F17A2E36|3AA3DAD5,Cuernos de toro|Espadón|Ataque en tres frentes,C50A2351,19A53AFF,17,16,17
60B9A47F,tgs24_team01,Génesis,Genesis,demo,,,,Génesis (demo),30,30,1,tgs24_0001,7A1F0E36,8FAE4A88,3-5-2 Libertad,8FAE4A88,es legal,0B02CA9A,9ACA020B,Génesis,258657A2,3F2631D7,Equipación Génesis,D731263F,71EED32E|27B474A8|0C99276B,B04B352F|36EC6F79|F5BF4252,Monte Fuji|Luna creciente|Defensa del diamante,C50A2351,,11,11,11
F9B0F5C5,tgs24_team02,Raimon,Raimon,demo,,,,Raimon (demo),30,30,30,tgs24_0001,7A1F0E36,8FAE4A88,3-5-2 Libertad,8FAE4A88,es legal,D5ABE1F0,F0E1ABD5,Raimon,252CE113,D3856B2A,Equipación Raimon,2A6B85D3,43D8B1AC|68F5E26F|71EED32E,3229031D|F17A2E36|B04B352F,Cuernos de toro|Espadón|Monte Fuji,3055CF22,19A53AFF,14,13,14
CCC39B76,tm_tutorial_001,Raimon,Raimon,otros,,,,Raimon (otros),1,1,1,tutorial_fbtl_001,0D183EA0,199E4DFF,4-4-2 Caja,199E4DFF,es legal,D5ABE1F0,F0E1ABD5,Raimon,252CE113,D3856B2A,Equipación Raimon,252CE113,,,,3055CF22,,12,12,12
55CACACC,tm_tutorial_002,Jóvenes Inazuma,Young Inazuma,otros,,,,Jóvenes Inazuma (otros),1,70,1,fbtl_free_001,94116F1A,A3CF4466,4-4-2 Diamante,A3CF4466,es legal,F10A9A3D,3D9A0AF1,Jóvenes Inazuma,13A281B5,,,13A281B5,,,,D2F09A3A,A8102AB4,12,11,12
75F90017,tm_cro_ie1_0100,Royal Academy,Royal Academy,cronica,1,Inazuma Eleven,normal,Royal Academy (Cronica Inazuma Eleven),1,10,10,fbtl_cro01_010_010,94116F1A,A3CF4466,4-4-2 Diamante,A3CF4466,es legal,4CA2B04A,4AB0A24C,Royal Academy,D6ABDBB4,8A3B2D28,Equipación Royal Academy,D6ABDBB4,,,,2B08403A,833D7977,17,16,17
02FE3081,tm_cro_ie1_0101,Royal Academy,Royal Academy,cronica,1,Inazuma Eleven,variante,"Royal Academy (Cronica Inazuma Eleven, variante)",3,70,10,fbtl_cro01_010_010,94116F1A,A3CF4466,4-4-2 Diamante,A3CF4466,es legal,4CA2B04A,4AB0A24C,Royal Academy,D6ABDBB4,8A3B2D28,Equipación Royal Academy,D6ABDBB4,,,,2B08403A,833D7977,17,16,17
77BFBE4E,tm_cro_ie1_0200,Inazuma Kids FC,Inazuma Kids FC,cronica,1,Inazuma Eleven,normal,Inazuma Kids FC (Cronica Inazuma Eleven),3,72,1,fbtl_cro01_020_010,94116F1A,A3CF4466,4-4-2 Diamante,A3CF4466,es legal,CCB0D0B1,B1D0B0CC,Inazuma Kids FC,297C6041,B6E2D792,Equipación Inazuma Kids FC,297C6041,,,,9B9E6D9E,,16,16,16
767DD479,tm_cro_ie1_0300,Occult,Occult,cronica,1,Inazuma Eleven,normal,Occult (Cronica Inazuma Eleven),5,73,1,fbtl_cro01_030_010,0D183EA0,199E4DFF,4-4-2 Caja,199E4DFF,es legal,3BA580DC,DC80A53B,Occult,B590F066,BD51EF29,Equipación Occult,B590F066,,,,FF85EDF6,D567DEF1,18,16,18
7332C2FC,tm_cro_ie1_0400,Wild,Wild,cronica,1,Inazuma Eleven,normal,Wild (Cronica Inazuma Eleven),6,75,1,fbtl_cro01_040_010,E47B9B95,2C3B2E16,4-3-3 Triángulo,2C3B2E16,es legal,A5C1157F,7F15C1A5,Wild,911E63AC,3847A02C,Equipación Wild,911E63AC,,,,1FF5E053,E751BC73,18,16,18
72F0A8CB,tm_cro_ie1_0500,Brain,Brainwashing,cronica,1,Inazuma Eleven,normal,Brain (Cronica Inazuma Eleven),7,77,1,fbtl_cro01_050_010,0D183EA0,199E4DFF,4-4-2 Caja,199E4DFF,es legal,D2C625E9,E925C6D2,Brain,1BC478F3,0F2D622D,Equipación Brain,1BC478F3,,,,3E469E9A,FE4A8D32,17,16,17
70B61692,tm_cro_ie1_0600,Otaku,Otaku,cronica,1,Inazuma Eleven,normal,Otaku (Cronica Inazuma Eleven),8,78,1,fbtl_cro01_060_010,94116F1A,A3CF4466,4-4-2 Diamante,A3CF4466,es legal,4BCF7453,5374CF4B,Otaku,3565C492,5693242F,Equipación Otaku,3565C492,,,,BADFCAC5,79D291FD,18,16,18
71747CA5,tm_cro_ie1_0700,Royal Academy,Royal Academy,cronica,1,Inazuma Eleven,normal,Royal Academy (Cronica Inazuma Eleven),11,80,10,fbtl_cro01_070_010,94116F1A,A3CF4466,4-4-2 Diamante,A3CF4466,es legal,4CA2B04A,4AB0A24C,Royal Academy,D6ABDBB4,8A3B2D28,Equipación Royal Academy,D6ABDBB4,,,,2B08403A,9A264836,17,16,17
7A283B98,tm_cro_ie1_0800,Veteranos Inazuma,Raimon Veterans,cronica,1,Inazuma Eleven,normal,Veteranos Inazuma (Cronica Inazuma Eleven),12,82,1,fbtl_cro01_080_010,94116F1A,A3CF4466,4-4-2 Diamante,A3CF4466,es legal,BCDA243E,3E24DABC,Veteranos Inazuma,C9C2A801,5D201C94,Equipación Veteranos Inazuma,C9C2A801,,,,9ED17B1B,,16,16,16
7BEA51AF,tm_cro_ie1_0900,Shuriken,Shuriken,cronica,1,Inazuma Eleven,normal,Shuriken (Cronica Inazuma Eleven),14,83,1,fbtl_cro01_090_010,7A1F0E36,8FAE4A88,3-5-2 Libertad,8FAE4A88,es legal,3CC844C5,C544C83C,Shuriken,EBFA8692,61F9E62E,Equipación Shuriken,EBFA8692,,,,8AAF161E,B0C971C2,17,16,17
CC870D45,tm_cro_ie1_1000,Farm,Farm,cronica,1,Inazuma Eleven,normal,Farm (Cronica Inazuma Eleven),16,85,1,fbtl_cro01_100_010,0A75FAB9,005A20F8,4-5-1 Equilibrio,005A20F8,es legal,AC775954,545977AC,Farm,E251C8C6,5CBEBA25,Equipación Farm,E251C8C6,,,,47398A93,A9D24083,17,16,17
CD456772,tm_cro_ie1_1100,Kirkwood,Kirkwood,cronica,1,Inazuma Eleven,normal,Kirkwood (Cronica Inazuma Eleven),18,87,1,fbtl_cro01_110_010,E47B9B95,2C3B2E16,4-3-3 Triángulo,2C3B2E16,es legal,DB7069C2,C26970DB,Kirkwood,BF8BEEE3,6BD47824,Equipación Kirkwood,BF8BEEE3,,,,44BD5EFD,82FF1340,17,16,17
CF03D92B,tm_cro_ie1_1200,Zeus,Zeus,cronica,1,Inazuma Eleven,normal,Zeus (Cronica Inazuma Eleven),23,25,1,fbtl_cro01_120_010,BA9D367C,,,005A20F8,exacta,BBB7E027,27E0B7BB,Zeus,E17C3465,81881593,Equipación Zeus,E17C3465,,,,9E23A289,,16,16,16
B804E9BD,tm_cro_ie1_1201,Zeus,Zeus,cronica,1,Inazuma Eleven,variante,"Zeus (Cronica Inazuma Eleven, variante)",21,88,1,fbtl_cro01_120_010,0A75FAB9,005A20F8,4-5-1 Equilibrio,005A20F8,es legal,BBB7E027,27E0B7BB,Zeus,E17C3465,81881593,Equipación Zeus,E17C3465,,,,9E23A289,,16,16,16
CEC1B31C,tm_cro_ie1_1300,Equipo Ogro,Team Ogre,cronica,1,Inazuma Eleven,normal,Equipo Ogro (Cronica Inazuma Eleven),24,90,1,fbtl_cro01_130_010,94116F1A,A3CF4466,4-4-2 Diamante,A3CF4466,es legal,93865820,20588693,Equipo Ogro,7362C53B,E1DBD5E9,Equipación Equipo Ogro,7362C53B,,,,3E8BFD8F,,11,11,11
F36D72B9,tm_cro_ie2_0100,Tormenta de Géminis,Gemini Storm,cronica,2,Inazuma Eleven 2,normal,Tormenta de Géminis (Cronica Inazuma Eleven 2),2,82,1,fbtl_cro02_010_010,0D183EA0,199E4DFF,4-4-2 Caja,199E4DFF,es legal,B926C8E3,E3C826B9,Tormenta de Géminis,68FFB4EE,6D2B4F6E,Equipación Tormenta de Géminis,68FFB4EE,,,,DB18BACC,,11,11,11
F12BCCE0,tm_cro_ie2_0200,Servicio Secreto,Secret Service,cronica,2,Inazuma Eleven 2,normal,Servicio Secreto (Cronica Inazuma Eleven 2),3,84,1,fbtl_cro02_020_010,0D183EA0,199E4DFF,4-4-2 Caja,199E4DFF,es legal,BE4B0CFA,FA0C4BBE,Servicio Secreto,368C7CA2,03FFCB6D,Equipación Servicio Secreto,368C7CA2,,,,71117247,,16,16,16
F5A6B052,tm_cro_ie2_0400,Alpino,Alpine,cronica,2,Inazuma Eleven 2,normal,Alpino (Cronica Inazuma Eleven 2),6,85,1,fbtl_cro02_040_010,94116F1A,A3CF4466,4-4-2 Diamante,A3CF4466,es legal,27425D40,405D4227,Alpino,1ED7F450,5A418D6F,Equipación Alpino,1ED7F450,,,,A2957757,BAA5855A,17,16,17
F622643C,tm_cro_ie2_0600,Claustro Sagrado,Cloister Divinity,cronica,2,Inazuma Eleven 2,normal,Claustro Sagrado (Cronica Inazuma Eleven 2),8,85,1,fbtl_cro02_060_010,94116F1A,A3CF4466,4-4-2 Diamante,A3CF4466,es legal,50456DD6,D66D4550,Claustro Sagrado,D26A74D6,E83D006B,Equipación Claustro Sagrado,D26A74D6,,,,6EC181ED,9188D699,17,16,17
F7E00E0B,tm_cro_ie2_0700,Épsilon,Epsilon,cronica,2,Inazuma Eleven 2,normal,Épsilon (Cronica Inazuma Eleven 2),9,83,1,fbtl_cro02_070_010,0D183EA0,199E4DFF,4-4-2 Caja,199E4DFF,es legal,202F9959,59992F20,Épsilon,D6227C4E,B1834669,Equipación Épsilon,D6227C4E,,,,C04535D4,,11,11,11
FCBC4936,tm_cro_ie2_0800,Royal Academy Redux,Royal Academy Redux,cronica,2,Inazuma Eleven 2,normal,Royal Academy Redux (Cronica Inazuma Eleven 2),11,86,1,fbtl_cro02_080_010,0D183EA0,199E4DFF,4-4-2 Caja,199E4DFF,es legal,C0FA7047,4770FAC0,Royal Academy Redux,CA2D2A5D,DF57C26A,Equipación Royal Academy Redux,CA2D2A5D,,,,759C0EF5,833D7977,17,16,17
FD7E2301,tm_cro_ie2_0900,Triple C,Super Triple C,cronica,2,Inazuma Eleven 2,normal,Triple C (Cronica Inazuma Eleven 2),12,86,1,fbtl_cro02_090_010,0D183EA0,199E4DFF,4-4-2 Caja,199E4DFF,es legal,6F6E0F9E,9E0F6E6F,Triple C,00B0668A,86E98468,Equipación Triple C,00B0668A,,,,EBCFE222,F5E4139D,17,16,17
4A137FEB,tm_cro_ie2_1000,Épsilon,Epsilon,cronica,2,Inazuma Eleven 2,normal,Épsilon (Cronica Inazuma Eleven 2),13,84,1,fbtl_cro02_100_010,0D183EA0,199E4DFF,4-4-2 Caja,199E4DFF,es legal,202F9959,59992F20,Épsilon,D6227C4E,B1834669,Equipación Épsilon,D6227C4E,,,,C04535D4,,11,11,11
4BD115DC,tm_cro_ie2_1100,Fauxshore,Fauxshore,cronica,2,Inazuma Eleven 2,normal,Fauxshore (Cronica Inazuma Eleven 2),14,87,1,fbtl_cro02_110_010,0D183EA0,199E4DFF,4-4-2 Caja,199E4DFF,es legal,B7FD40D1,D140FDB7,Fauxshore,037662B1,8CC41A62,Equipación Fauxshore,037662B1,,,,7F0223FF,8893E7D8,17,16,17
4997AB85,tm_cro_ie2_1200,Génesis,Genesis,cronica,2,Inazuma Eleven 2,normal,Génesis (Cronica Inazuma Eleven 2),15,89,1,fbtl_cro02_120_010,0D183EA0,199E4DFF,4-4-2 Caja,199E4DFF,es legal,0B02CA9A,9ACA020B,Génesis,258657A2,3F2631D7,Equipación Génesis,258657A2,,,,C50A2351,,11,11,11
4855C1B2,tm_cro_ie2_1300,Mary Times,Mary Times,cronica,2,Inazuma Eleven 2,normal,Mary Times (Cronica Inazuma Eleven 2),17,87,1,fbtl_cro02_130_010,0D183EA0,199E4DFF,4-4-2 Caja,199E4DFF,es legal,81606EB2,B26E6081,Mary Times,B7055263,BBAED863,Equipación Mary Times,B7055263,,,,8968E5CD,DEC9405E,17,16,17
4D1AD737,tm_cro_ie2_1400,Épsilon Plus,Advanced Epsilon,cronica,2,Inazuma Eleven 2,normal,Épsilon Plus (Cronica Inazuma Eleven 2),18,87,1,fbtl_cro02_140_010,0D183EA0,199E4DFF,4-4-2 Caja,199E4DFF,es legal,C94C3C6C,6C3C4CC9,Épsilon Plus,5002E8C8,,,5002E8C8,,,,727D8291,,11,11,0
4CD8BD00,tm_cro_ie2_1500,Prominence,Prominence,cronica,2,Inazuma Eleven 2,normal,Prominence (Cronica Inazuma Eleven 2),19,88,1,fbtl_cro02_150_010,94116F1A,A3CF4466,4-4-2 Diamante,A3CF4466,es legal,1F04FB11,11FB041F,Prominence,7254F858,8D5ABCD3,Equipación Prominence,7254F858,,,,6DB78C11,,11,11,11
4E9E0359,tm_cro_ie2_1600,Polvo de Diamantes,Diamond Dust,cronica,2,Inazuma Eleven 2,normal,Polvo de Diamantes (Cronica Inazuma Eleven 2),20,88,1,fbtl_cro02_160_010,94116F1A,A3CF4466,4-4-2 Diamante,A3CF4466,es legal,8FBBE680,80E6BB8F,Polvo de Diamantes,5F2427AB,BA307ED2,Equipación Polvo de Diamantes,5F2427AB,,,,BDB75D6F,,11,11,11
4F5C696E,tm_cro_ie2_1700,Raimon,Raimon,cronica,2,Inazuma Eleven 2,normal,Raimon (Cronica Inazuma Eleven 2),21,88,1,fbtl_cro02_170_010,0D183EA0,199E4DFF,4-4-2 Caja,199E4DFF,es legal,D5ABE1F0,F0E1ABD5,Raimon,252CE113,D3856B2A,Equipación Raimon,252CE113,,,,288C9454,,11,11,11
44002E53,tm_cro_ie2_1800,Caos,Chaos,cronica,2,Inazuma Eleven 2,normal,Caos (Cronica Inazuma Eleven 2),23,88,1,fbtl_cro02_180_010,0D183EA0,199E4DFF,4-4-2 Caja,199E4DFF,es legal,F8BCD616,16D6BCF8,Caos,751D47AA,E38E38D0,Equipación Caos,751D47AA,,,,6DB78C11,,11,11,11
58A6D005,tm_cro_ie2_2000,Emperadores Oscuros,Dark Emperors,cronica,2,Inazuma Eleven 2,normal,Emperadores Oscuros (Cronica Inazuma Eleven 2),25,90,1,fbtl_cro02_200_010,E47B9B95,2C3B2E16,4-3-3 Triángulo,2C3B2E16,es legal,F6675E24,245E67F6,Emperadores Oscuros,B835B8B6,,,B835B8B6,,,,EF429E90,ECFF22DC,12,11,12
3831A11C,tm_cro_ie3_0100,Pruebas de Selección - Equipo B,Team Sharp,cronica,3,Inazuma Eleven 3,normal,Pruebas de Selección - Equipo B (Cronica Inazuma Eleven 3),1,84,1,fbtl_cro03_010_010,0D183EA0,199E4DFF,4-4-2 Caja,199E4DFF,es legal,B11D47C8,C8471DB1,Inazuma Japón,FCC6DC25,,,FCC6DC25,,,,2B08403A,,11,11,11
3A771F45,tm_cro_ie3_0200,Big Waves,Big Waves,cronica,3,Inazuma Eleven 3,normal,Big Waves (Cronica Inazuma Eleven 3),2,84,1,fbtl_cro03_020_010,94116F1A,A3CF4466,4-4-2 Diamante,A3CF4466,es legal,B8AB0BE3,E30BABB8,Big Waves,2351303D,DD022F53,Equipación Big Waves,2351303D,0B2E804E,D018F555,Defensa en bloque,2B37FABD,0219E23F,17,16,17
3BB57572,tm_cro_ie3_0300,Leones del Desierto,Desert Lions,cronica,3,Inazuma Eleven 3,normal,Leones del Desierto (Cronica Inazuma Eleven 3),4,85,1,fbtl_cro03_030_010,0D183EA0,199E4DFF,4-4-2 Caja,199E4DFF,es legal,743E7527,27753E74,Leones del Desierto,F3649C58,58146056,Equipación Leones del Desierto,F3649C58,,,,D5556E85,2934B1FC,17,16,17
3EFA63F7,tm_cro_ie3_0400,Neo Japón,Neo National,cronica,3,Inazuma Eleven 3,normal,Neo Japón (Cronica Inazuma Eleven 3),5,85,1,fbtl_cro03_040_010,94116F1A,A3CF4466,4-4-2 Diamante,A3CF4466,es legal,CFAC3B75,753BACCF,Neo Japón,3AB21E5D,EA68ED52,Equipación Neo Japón,3AB21E5D,,,,B630035D,19A53AFF,17,16,17
3F3809C0,tm_cro_ie3_0500,Dragones de Fuego,Fire Dragon,cronica,3,Inazuma Eleven 3,normal,Dragones de Fuego (Cronica Inazuma Eleven 3),7,86,1,fbtl_cro03_050_010,E47B9B95,2C3B2E16,4-3-3 Triángulo,2C3B2E16,es legal,9D5DD012,12D05D9D,Dragones de Fuego,1813F4FF,6F7EA257,Equipación Dragones de Fuego,1813F4FF,7659740B,95EC8228,Presión perfecta,FC3E831F,302F80BD,17,16,17
3D7EB799,tm_cro_ie3_0600,Knights of Queen,Queen's Knights,cronica,3,Inazuma Eleven 3,normal,Knights of Queen (Cronica Inazuma Eleven 3),8,85,1,fbtl_cro03_060_010,0D183EA0,199E4DFF,4-4-2 Caja,199E4DFF,es legal,A51B7643,43761BA5,Knights of Queen,6F7F0A04,36C0E455,Equipación Knights of Queen,6F7F0A04,5D7427C8|6F42454A,56BFAF03|D4DD9931,Caballeros perfectos|Lanza invencible,F6A0AE15,7F6E167A,17,16,17
3CBCDDAE,tm_cro_ie3_0700,Teamk,Teamk,cronica,3,Inazuma Eleven 3,normal,Teamk (Cronica Inazuma Eleven 3),9,86,1,fbtl_cro03_070_010,94116F1A,A3CF4466,4-4-2 Diamante,A3CF4466,es legal,D21C46D5,D5461CD2,<MNT:TEAMK>,2E484920,01AA2654,Equipación <MNT:TEAMK>,2E484920,,,,400F98C8,,16,16,16
37E09A93,tm_cro_ie3_0800,Los Emperadores,The Empire,cronica,3,Inazuma Eleven 3,normal,Los Emperadores (Cronica Inazuma Eleven 3),11,86,1,fbtl_cro03_080_010,0D183EA0,199E4DFF,4-4-2 Caja,199E4DFF,es legal,4B15176F,6F17154B,Los Emperadores,76FB5C82,3CED7A5F,Equipación Emperadores,76FB5C82,E8DA5985,1BC101B6,Trampa andina,707F4413,4D5874F8,17,16,17
3622F0A4,tm_cro_ie3_0900,Unicorn,Unicorn,cronica,3,Inazuma Eleven 3,normal,Unicorn (Cronica Inazuma Eleven 3),12,86,1,fbtl_cro03_090_010,0D183EA0,199E4DFF,4-4-2 Caja,199E4DFF,es legal,3C1227F9,F927123C,Unicorn,E03C405E,0B87B85E,Equipación Unicorn,E03C405E,,,,9706E16A,544345B9,17,16,17
814FAC4E,tm_cro_ie3_1000,Los Rojos,Red Matador,cronica,3,Inazuma Eleven 3,normal,Los Rojos (Cronica Inazuma Eleven 3),14,87,1,fbtl_cro03_100_010,E47B9B95,2C3B2E16,4-3-3 Triángulo,2C3B2E16,es legal,DCC7CEE7,E7CEC7DC,Los Rojos,F3A48406,6EE004E6,Equipación Los Rojos,F3A48406,,,,2A82D5E6,,16,16,16
808DC679,tm_cro_ie3_1100,Orfeo,Orpheus,cronica,3,Inazuma Eleven 3,normal,Orfeo (Cronica Inazuma Eleven 3),15,87,1,fbtl_cro03_110_010,94116F1A,A3CF4466,4-4-2 Diamante,A3CF4466,es legal,A276B25A,5AB276A2,Orfeo,CCA74C04,D6B117E8,Equipación Orfeo,CCA74C04,21C1B9BA,24211A7F,Contraataque catenaccio,4482E47A,6675273B,16,15,16
82CB7820,tm_cro_ie3_1200,Sky Team,Apostles from the Sky,cronica,3,Inazuma Eleven 3,normal,Sky Team (Cronica Inazuma Eleven 3),17,87,1,fbtl_cro03_120_010,0D183EA0,199E4DFF,4-4-2 Caja,199E4DFF,es legal,603844AC,AC443860,Sky Team,01732636,0A191EEF,Equipación Sky Team,01732636,,,,6ECA59BB,,11,11,11
83091217,tm_cro_ie3_1300,Dark Team,Devil Army Z,cronica,3,Inazuma Eleven 3,normal,Dark Team (Cronica Inazuma Eleven 3),18,87,1,fbtl_cro03_130_010,0D183EA0,199E4DFF,4-4-2 Caja,199E4DFF,es legal,173F743A,3A743F17,Dark Team,3C571A4D,53A758ED,Equipación Dark Team,3C571A4D,0AECEA79,E7723754,Trueno oscuro,6D4E8DD5,,11,11,11
86460492,tm_cro_ie3_1400,Ángel Oscuro,Dark Angels,cronica,3,Inazuma Eleven 3,normal,Ángel Oscuro (Cronica Inazuma Eleven 3),19,88,1,fbtl_cro03_140_010,0D183EA0,199E4DFF,4-4-2 Caja,199E4DFF,es legal,E48168B6,B66881E4,Ángel Oscuro,71B22A1C,64CD9AEC,Equipación Ángel Oscuro,71B22A1C,,,,6D4E8DD5,,11,11,11
87846EA5,tm_cro_ie3_1500,Os Reis,The Kingdom,cronica,3,Inazuma Eleven 3,normal,Os Reis (Cronica Inazuma Eleven 3),21,88,1,fbtl_cro03_150_010,937CAB03,BA0B2961,4-3-3 Delta,BA0B2961,es legal,D57182CC,CC8271D5,Os Reis,F424BBEB,8F0F51EA,Equipación Os Reis,F424BBEB,,,,4E1CC970,CAC06837,17,16,17
85C2D0FC,tm_cro_ie3_1600,Equipo Garcildo,Team Garcildo,cronica,3,Inazuma Eleven 3,normal,Equipo Garcildo (Cronica Inazuma Eleven 3),22,88,1,fbtl_cro03_160_010,0D183EA0,199E4DFF,4-4-2 Caja,199E4DFF,es legal,4C78D376,76D3784C,<FST:GARCILDO> Team,57538E36,B86593EB,Equipación <FST:GARCILDO> Team,57538E36,,,,78550ED2,CAC06837,17,16,17
8400BACB,tm_cro_ie3_1700,Orfeo,Orpheus,cronica,3,Inazuma Eleven 3,normal,Orfeo (Cronica Inazuma Eleven 3),24,89,1,fbtl_cro03_170_010,94116F1A,A3CF4466,4-4-2 Diamante,A3CF4466,es legal,A276B25A,5AB276A2,Orfeo,CCA74C04,D6B117E8,Equipación Orfeo,CCA74C04,21C1B9BA,24211A7F,Contraataque catenaccio,4482E47A,,15,15,15
8F5CFDF6,tm_cro_ie3_1800,Pequeños Gigantes,Little Gigantes,cronica,3,Inazuma Eleven 3,normal,Pequeños Gigantes (Cronica Inazuma Eleven 3),25,90,1,fbtl_cro03_180_010,0D183EA0,199E4DFF,4-4-2 Caja,199E4DFF,es legal,3B7FE3E0,E0E37F3B,Pequeños Gigantes,A8764C5A,3D73DCEE,Equipación Pequeños Gigantes,A8764C5A,,,,49E7B83E,1AC0B949,17,16,17
8E9E97C1,tm_cro_ie3_1900,Raimon equipo B,Graduation Team B,cronica,3,Inazuma Eleven 3,normal,Raimon equipo B (Cronica Inazuma Eleven 3),25,90,1,fbtl_cro03_190_010,E47B9B95,2C3B2E16,4-3-3 Triángulo,2C3B2E16,es legal,D5ABE1F0,F0E1ABD5,Raimon,6FBFB094,,,6FBFB094,,,,2B08403A,,11,11,11
C4034D6B,tm_cro_go1_0100,Caballeros Templarios,Black Templars,cronica,4,Inazuma Eleven GO,normal,Caballeros Templarios (Cronica Inazuma Eleven GO),1,84,1,fbtl_cro04_010_010,E47B9B95,2C3B2E16,4-3-3 Triángulo,2C3B2E16,es legal,84423F3A,3A3F4284,Caballeros Templarios,549CA681,,,549CA681,,,,7AB4BBF3,AB3601F2,17,16,17
C645F332,tm_cro_go1_0200,Inazuma Kids FC,Inazuma Kids FC,cronica,4,Inazuma Eleven GO,normal,Inazuma Kids FC (Cronica Inazuma Eleven GO),2,84,1,fbtl_cro04_020_010,937CAB03,BA0B2961,4-3-3 Delta,BA0B2961,es legal,C1736D2E,2E6D73C1,Inazuma Kids FC (GO),6A1C4C4D,48C840E4,Equipación Inazuma Kids FC (GO),6A1C4C4D,,,,B8D1043A,03A148DA,17,16,17
C7879905,tm_cro_go1_0300,Empollones,Prodigy Grammar,cronica,4,Inazuma Eleven GO,normal,Empollones (Cronica Inazuma Eleven GO),4,85,1,fbtl_cro04_030_010,0D183EA0,199E4DFF,4-4-2 Caja,199E4DFF,es legal,F3450FAC,AC0F45F3,Empollones,5CFCAABA,7FA282E5,Equipación Empollones,5CFCAABA,,,,7E39C741,9FCEDA86,17,16,17
C2C88F80,tm_cro_go1_0400,Vía Láctea,Milky Way Charter,cronica,4,Inazuma Eleven GO,normal,Vía Láctea (Cronica Inazuma Eleven GO),5,85,1,fbtl_cro04_040_010,7A1F0E36,8FAE4A88,3-5-2 Libertad,8FAE4A88,es legal,6D219A0F,0F9A216D,Vía Láctea,EBA9A9C0,261CC4E7,Equipación Vía Láctea,EBA9A9C0,,,,A4A73B35,B4E38945,17,16,17
C30AE5B7,tm_cro_go1_0500,Poderosa Fe,Almighty Faith,cronica,4,Inazuma Eleven GO,normal,Poderosa Fe (Cronica Inazuma Eleven GO),6,85,1,fbtl_cro04_050_010,0A75FAB9,005A20F8,4-5-1 Equilibrio,005A20F8,es legal,1A26AA99,99AA261A,Poderosa Fe,43AA7C8A,117606E6,Equipación Poderosa Fe,43AA7C8A,,,,DB13EDD7,ADF8B804,17,16,17
C14C5BEE,tm_cro_go1_0600,Royal Academy,Royal Academy,cronica,4,Inazuma Eleven GO,normal,Royal Academy (Cronica Inazuma Eleven GO),8,85,1,fbtl_cro04_060_010,94116F1A,A3CF4466,4-4-2 Diamante,A3CF4466,es legal,832FFB23,23FB2F83,Royal Academy (GO),93FF607B,2C315AED,Equipación Royal Academy Reformado,93FF607B,,,,D89739B9,636FF432,17,16,17
C08E31D9,tm_cro_go1_0700,Cala Pirata,Pirates Cove,cronica,4,Inazuma Eleven GO,normal,Cala Pirata (Cronica Inazuma Eleven GO),9,86,1,fbtl_cro04_070_010,7A1F0E36,8FAE4A88,3-5-2 Libertad,8FAE4A88,es legal,F428CBB5,B5CB28F4,Cala Pirata,B7FF6AAB,F107F55B,Equipación Cala Pirata,B7FF6AAB,,,,C501744A,E2B92EC3,17,16,17
CBD276E4,tm_cro_go1_0800,Edad Dorada,Golden Oldies,cronica,4,Inazuma Eleven GO,normal,Edad Dorada (Cronica Inazuma Eleven GO),10,86,1,fbtl_cro04_080_010,94116F1A,A3CF4466,4-4-2 Diamante,A3CF4466,es legal,2F7D0C02,020C7D2F,Edad Dorada,F56CFFFD,C66D375A,Equipación Edad Dorada,F56CFFFD,,,,55E64D10,AF4C47E4,12,11,12
CA101CD3,tm_cro_go1_0900,Mar de Luna,Lunar Sea,cronica,4,Inazuma Eleven GO,normal,Mar de Luna (Cronica Inazuma Eleven GO),12,86,1,fbtl_cro04_090_010,E47B9B95,2C3B2E16,4-3-3 Triángulo,2C3B2E16,es legal,6497D624,24D69764,Mar de Luna,35A52295,9FD37158,Equipación Mar de Luna,35A52295,6E802F7D,E3B75B30,Ataque táctico,DE5CFB52,FBA21F82,17,16,17
7D7D4039,tm_cro_go1_1000,Alpino,Alpine,cronica,4,Inazuma Eleven GO,normal,Alpino (Cronica Inazuma Eleven GO),13,87,1,fbtl_cro04_100_010,E47B9B95,2C3B2E16,4-3-3 Triángulo,2C3B2E16,es legal,73576F57,576F5773,Alpino (GO),620E735A,A8B9B359,Equipación Alpino (GO),620E735A,E91833B2,2CABC3B7,Barrera absoluta,C864280E,D08F4C41,16,15,16
7CBF2A0E,tm_cro_go1_1100,Kirkwood,Kirkwood,cronica,4,Inazuma Eleven GO,normal,Kirkwood (Cronica Inazuma Eleven GO),14,87,1,fbtl_cro04_110_010,94116F1A,A3CF4466,4-4-2 Diamante,A3CF4466,es legal,04505FC1,C15F5004,Kirkwood (GO),B4156579,2DAFFC5C,Equipación Kirkwood (GO),B4156579,,,,03397668,55A3AF6E,17,16,17
7EF99457,tm_cro_go1_1200,Luz Eterna,Eternal Light,cronica,4,Inazuma Eleven GO,normal,Luz Eterna (Cronica Inazuma Eleven GO),16,87,1,fbtl_cro04_120_010,7A1F0E36,8FAE4A88,3-5-2 Libertad,8FAE4A88,es legal,ED33FAF4,F4FA33ED,Luz Eterna,169CA42F,7E3C2454,Equipación Luz Eterna,169CA42F,,,,6F08BCC1,,11,11,11
7F3BFE60,tm_cro_go1_1300,Oscuridad Ancestral,Ancient Darkness,cronica,4,Inazuma Eleven GO,normal,Oscuridad Ancestral (Cronica Inazuma Eleven GO),17,87,1,fbtl_cro04_130_010,0A75FAB9,005A20F8,4-5-1 Equilibrio,005A20F8,es legal,7D8CE765,65E78C7D,Oscuridad Ancestral,042E6F2B,1FA84049,Equipación Oscuridad Ancestral,042E6F2B,,,,6C8C68AF,,11,11,11
7A74E8E5,tm_cro_go1_1400,Equipo Zero,Team Zero,cronica,4,Inazuma Eleven GO,normal,Equipo Zero (Cronica Inazuma Eleven GO),18,88,1,fbtl_cro04_140_010,0D183EA0,199E4DFF,4-4-2 Caja,199E4DFF,es legal,0A8BD7F3,F3D78B0A,Equipo Zero,0BC6B391,28C28248,Equipación Equipo Zero,0BC6B391,,,,6F08BCC1,,11,11,11
7BB682D2,tm_cro_go1_1500,Espejismo,Mirage,cronica,4,Inazuma Eleven GO,normal,Espejismo (Cronica Inazuma Eleven GO),20,88,1,fbtl_cro04_150_010,94116F1A,A3CF4466,4-4-2 Diamante,A3CF4466,es legal,9D590E7B,7B0E599D,Espejismo,E49F1C1B,1AC53E5D,Equipación Espejismo,E49F1C1B,,,,07B40ADA,C9947D00,17,16,17
79F03C8B,tm_cro_go1_1600,Universal,Universal,cronica,4,Inazuma Eleven GO,normal,Universal (Cronica Inazuma Eleven GO),22,88,1,fbtl_cro04_170_010,EDCDD7BE,0777981F,5-4-1 Doble Volante,0777981F,es legal,743AAB4E,4EAB3A74,Universal,3233D2AA,CDDE0FE1,Equipación Universal,3233D2AA,,,,DEAE22C0,4E0C61CF,17,16,17
783256BC,tm_cro_go1_1700,Revolucionarios,Revolutionaries,cronica,4,Inazuma Eleven GO,normal,Revolucionarios (Cronica Inazuma Eleven GO),21,88,1,fbtl_cro04_160_010,0D183EA0,199E4DFF,4-4-2 Caja,199E4DFF,es legal,5F17F88D,8DF8175F,Revolucionarios,711553F6,BC1F09FE,Equipación Revolucionarios,711553F6,,,,5199E830,,16,16,16
736E1181,tm_cro_go1_1800,Monte Olimpo,Mount Olympus,cronica,4,Inazuma Eleven GO,normal,Monte Olimpo (Cronica Inazuma Eleven GO),24,89,1,fbtl_cro04_180_010,7A1F0E36,8FAE4A88,3-5-2 Libertad,8FAE4A88,es legal,033D9BD8,D89B3D03,Monte Olimpo,3730D5DE,7411BA5E,Equipación Monte Olimpo,3730D5DE,,,,A11AF422,4CB89E2F,17,16,17
72AC7BB6,tm_cro_go1_1900,Dragon Link,Dragon Link,cronica,4,Inazuma Eleven GO,normal,Dragon Link (Cronica Inazuma Eleven GO),25,90,1,fbtl_cro04_190_010,0D183EA0,199E4DFF,4-4-2 Caja,199E4DFF,es legal,9A34CA62,62CA349A,Dragon Link,642805DB,4956E655,Equipación Dragon Link,642805DB,,,,735C9B05,801B5231,17,16,17
42973FC5,tm_cro_go2_0100,Protocolo Omega,Protocol Omega,cronica,5,Inazuma Eleven GO Chrono Stone,normal,Protocolo Omega (Cronica Inazuma Eleven GO Chrono Stone),1,85,1,fbtl_cro05_010_010,7D72CA2F,966A278F,3-6-1 Hexa,966A278F,es legal,BAA6C2E4,E4C2A6BA,Protocolo Omega,450DA068,1323EBDF,Equipación Protocolo Omega,450DA068,,,,A10A4BFB,,16,16,16
445CFD2E,tm_cro_go2_0400,Selección de Japón,Japan United,cronica,5,Inazuma Eleven GO Chrono Stone,normal,Selección de Japón (Cronica Inazuma Eleven GO Chrono Stone),5,85,1,fbtl_cro05_040_010,7D72CA2F,966A278F,3-6-1 Hexa,966A278F,es legal,D3D7072A,2A07D7D3,Inazuma Japón Legendario,450DA068,1323EBDF,Equipación Protocolo Omega,450DA068,,,,A28E9F95,,17,17,17
459E9719,tm_cro_go2_0500,Protocolo Omega 2.0,Protocol Omega 2.0,cronica,5,Inazuma Eleven GO Chrono Stone,normal,Protocolo Omega 2.0 (Cronica Inazuma Eleven GO Chrono Stone),6,85,1,fbtl_cro05_050_010,7D72CA2F,966A278F,3-6-1 Hexa,966A278F,es legal,0FEF0484,8404EF0F,Protocolo Omega 2.0,450DA068,1323EBDF,Equipación Protocolo Omega,450DA068,,,,A28E9F95,,17,17,17
47D82940,tm_cro_go2_0600,Ciervo Blanco,Ciervo Blanco,cronica,5,Inazuma Eleven GO Chrono Stone,normal,Ciervo Blanco (Cronica Inazuma Eleven GO Chrono Stone),8,85,1,fbtl_cro05_060_010,7A1F0E36,8FAE4A88,3-5-2 Libertad,8FAE4A88,es legal,53C567D1,D167C553,<MNT:SHIROSHIKA>,F8EB9CE7,F8E120D9,Equipación <MNT:SHIROSHIKA>,F8EB9CE7,,,,1EBF8442,2772BDE3,17,16,16
461A4377,tm_cro_go2_0700,Ira de Imagawa,Imagawa's Ire,cronica,5,Inazuma Eleven GO Chrono Stone,normal,Ira de Imagawa (Cronica Inazuma Eleven GO Chrono Stone),9,86,1,fbtl_cro05_070_010,7D72CA2F,966A278F,3-6-1 Hexa,966A278F,es legal,96E6553E,3E55E696,Ira de Imagawa,450DA068,1323EBDF,Equipación Protocolo Omega,450DA068,,,,A28E9F95,,17,17,17
4D46044A,tm_cro_go2_0800,Protocolo Omega 3.0,Protocol Omega 3.0,cronica,5,Inazuma Eleven GO Chrono Stone,normal,Protocolo Omega 3.0 (Cronica Inazuma Eleven GO Chrono Stone),10,86,1,fbtl_cro05_080_010,EDCDD7BE,0777981F,5-4-1 Doble Volante,0777981F,es legal,24C25747,4757C224,Protocolo Omega 3.0,320A90FE,AF812074,Equipación Procolo Omega 3.0,320A90FE,,,,60331FA6,19B62C9E,12,11,12
4C846E7D,tm_cro_go2_0900,Avalonic Domain,Avalonic's Domain,cronica,5,Inazuma Eleven GO Chrono Stone,normal,Avalonic Domain (Cronica Inazuma Eleven GO Chrono Stone),13,87,1,fbtl_cro05_100_010,7D72CA2F,966A278F,3-6-1 Hexa,966A278F,es legal,CACC366B,6B36CCCA,Zanark Domain,9EE88F14,9635A4DA,Equipación <FST:ZANARK> Domain,9EE88F14,,,,19B62C9E,,17,17,17
FBE93297,tm_cro_go2_1000,Avalonic Domain,Avalonic's Domain,cronica,5,Inazuma Eleven GO Chrono Stone,normal,Avalonic Domain (Cronica Inazuma Eleven GO Chrono Stone),14,87,1,fbtl_cro05_110_010,7D72CA2F,966A278F,3-6-1 Hexa,966A278F,es legal,CACC366B,6B36CCCA,Zanark Domain,9EE88F14,9635A4DA,Equipación <FST:ZANARK> Domain,9EE88F14,,,,19B62C9E,,16,16,16
FA2B58A0,tm_cro_go2_1100,Cascada Perfecta,Perfect Cascade,cronica,5,Inazuma Eleven GO Chrono Stone,normal,Cascada Perfecta (Cronica Inazuma Eleven GO Chrono Stone),16,87,1,fbtl_cro05_120_010,7A1F0E36,8FAE4A88,3-5-2 Libertad,8FAE4A88,es legal,5A732BFA,FA2B735A,Cascada Perfecta,91A97E62,A15F66DB,Equipación Cascada Perfecta,91A97E62,,,,C0AC0484,CE98AEC1,17,16,17
F9AF8CCE,tm_cro_go2_1300,Cascada Perfecta,Perfect Cascade,cronica,5,Inazuma Eleven GO Chrono Stone,normal,Cascada Perfecta (Cronica Inazuma Eleven GO Chrono Stone),20,88,1,fbtl_cro05_150_010,7A1F0E36,8FAE4A88,3-5-2 Libertad,8FAE4A88,es legal,5A732BFA,FA2B735A,Cascada Perfecta,91A97E62,A15F66DB,Equipación Cascada Perfecta,91A97E62,,,,B4BEB26A,CE98AEC1,17,16,1
FCE09A4B,tm_cro_go2_1400,Zan,Zan,cronica,5,Inazuma Eleven GO Chrono Stone,normal,Zan (Cronica Inazuma Eleven GO Chrono Stone),21,88,1,fbtl_cro05_160_010,7D72CA2F,966A278F,3-6-1 Hexa,966A278F,es legal,4DB39289,8992B34D,Zan,25CB231D,AB72F8D1,Equipación Zan,25CB231D,,,,19B62C9E,,16,16,16
FD22F07C,tm_cro_go2_1500,Gir,Gihl,cronica,5,Inazuma Eleven GO Chrono Stone,normal,Gir (Cronica Inazuma Eleven GO Chrono Stone),22,88,1,fbtl_cro05_170_010,7A1F0E36,8FAE4A88,3-5-2 Libertad,8FAE4A88,es legal,3AB4A21F,1FA2B43A,Gir,DB594E63,76445767,Equipación Gir,DB594E63,,,,CB029A2B,,16,16,16
FF644E25,tm_cro_go2_1600,Gar,Gahl,cronica,5,Inazuma Eleven GO Chrono Stone,normal,Gar (Cronica Inazuma Eleven GO Chrono Stone),24,89,1,fbtl_cro05_180_010,7A1F0E36,8FAE4A88,3-5-2 Libertad,8FAE4A88,es legal,A3BDF3A5,A5F3BDA3,Gar,D54A1FDB,2FFA1165,Equipación Gar,D54A1FDB,,,,BF18D266,,16,16,16
FEA62412,tm_cro_go2_1700,Ragnah,Ragnah,cronica,5,Inazuma Eleven GO Chrono Stone,normal,Ragnah (Cronica Inazuma Eleven GO Chrono Stone),25,90,1,fbtl_cro05_190_010,7A1F0E36,8FAE4A88,3-5-2 Libertad,8FAE4A88,es legal,D4BAC333,33C3BAD4,Ragnah,5F983982,1890D364,Equipación Ragnah,5F983982,,,,B73298A7,,16,16,16
F5FA632F,tm_cro_go2_1800,Aullido Lunar,Lunar Howl,cronica,5,Inazuma Eleven GO Chrono Stone,normal,Aullido Lunar (Cronica Inazuma Eleven GO Chrono Stone),26,91,1,fbtl_cro05_200_010,EDCDD7BE,0777981F,5-4-1 Doble Volante,0777981F,es legal,4ADE5690,9056DE4A,Aullido Lunar,FC3FF7B7,C438DA63,Equipación Aullido Lunar,FC3FF7B7,,,,B3BFE415,,11,11,11
F4380918,tm_cro_go2_1900,Nosfanáticos,Nosfanatica,cronica,5,Inazuma Eleven GO Chrono Stone,normal,Nosfanáticos (Cronica Inazuma Eleven GO Chrono Stone),26,91,1,fbtl_cro05_210_010,7A1F0E36,8FAE4A88,3-5-2 Libertad,8FAE4A88,es legal,3DD96606,0666D93D,Nosfanáticos,E5CDCF9A,F97F8668,Equipación Nosfanáticos,E5CDCF9A,,,,603BE105,,11,11,11
E95C9D79,tm_cro_go2_2000,Criaturas de la Noche,Children of the Night,cronica,5,Inazuma Eleven GO Chrono Stone,normal,Criaturas de la Noche (Cronica Inazuma Eleven GO Chrono Stone),27,92,1,fbtl_cro05_220_010,E47B9B95,2C3B2E16,4-3-3 Triángulo,2C3B2E16,es legal,A4D037BC,BC37D0A4,Criaturas de la Noche,002347BF,CE154469,Equipación Criaturas de la Noche,002347BF,,,,603BE105,,11,11,11
EAD84917,tm_cro_go2_2200,Desesperdidos,The Despairadoes,cronica,5,Inazuma Eleven GO Chrono Stone,normal,Desesperdidos (Cronica Inazuma Eleven GO Chrono Stone),28,93,1,fbtl_cro05_240_010,7A1F0E36,8FAE4A88,3-5-2 Libertad,8FAE4A88,es legal,43681ABB,BB1A6843,Desesperdidos,77EE5F46,F3521862,Equipación Desesperdidos,77EE5F46,,,,277225C8,,13,13,12
E89EF74E,tm_cro_go2_2100,Inazuma Japón Legendario,Inazuma Legend National,cronica,5,Inazuma Eleven GO Chrono Stone,normal,Inazuma Japón Legendario (Cronica Inazuma Eleven GO Chrono Stone),28,93,1,fbtl_cro05_230_010,94116F1A,A3CF4466,4-4-2 Diamante,A3CF4466,es legal,D3D7072A,2A07D7D3,Inazuma Japón Legendario,B152C958,,,B152C958,,,,353553B4,,12,12,12
EB1A2320,tm_cro_go2_2300,Ejército de terracota,The Terracotta Army,cronica,5,Inazuma Eleven GO Chrono Stone,normal,Ejército de terracota (Cronica Inazuma Eleven GO Chrono Stone),12,86,1,fbtl_cro05_090_010,7D72CA2F,966A278F,3-6-1 Hexa,966A278F,es legal,BDCB06FD,FD06CBBD,Ejército de terracota,B826F722,,,B826F722,,,,31B82F06,,11,11,11
EE5535A5,tm_cro_go2_2400,Caballeros de la Mesa Redonda,Knights of the Round Table,cronica,5,Inazuma Eleven GO Chrono Stone,normal,Caballeros de la Mesa Redonda (Cronica Inazuma Eleven GO Chrono Stone),18,88,1,fbtl_cro05_140_010,E47B9B95,2C3B2E16,4-3-3 Triángulo,2C3B2E16,es legal,47C3565A,5A56C347,Caballeros de la Mesa Redonda,F9A783E1,9C183AD0,Equipación Caballeros de la Mesa Redonda,F9A783E1,45AD7CBE,20E4761B,Virtuoso,AAB46A8D,,11,11,11
A8E73184,tm_cro_go2_2400_1,Caballeros de la Mesa Redonda,Knights of the Round Table,cronica,5,Inazuma Eleven GO Chrono Stone,normal,Caballeros de la Mesa Redonda (Cronica Inazuma Eleven GO Chrono Stone),29,88,1,fbtl_cro05_140_110,E47B9B95,2C3B2E16,4-3-3 Triángulo,2C3B2E16,es legal,47C3565A,5A56C347,Caballeros de la Mesa Redonda,F9A783E1,9C183AD0,Equipación Caballeros de la Mesa Redonda,F9A783E1,45AD7CBE,20E4761B,Virtuoso,AAB46A8D,,11,11,11
EF975F92,tm_cro_go2_2500,Colmillo del Norte,Northern Fang,cronica,4,Inazuma Eleven GO,normal,Colmillo del Norte (Cronica Inazuma Eleven GO),26,91,1,fbtl_cro04_210_010,0D183EA0,199E4DFF,4-4-2 Caja,199E4DFF,es legal,B11999A1,A19919B1,Colmillos del Norte,2148A698,4616064B,Equipación Colmillo del Norte,2148A698,,,,44F7C218,,11,11,11
EDD1E1CB,tm_cro_go2_2600,Garra del Sur,Southern Claw,cronica,4,Inazuma Eleven GO,normal,Garra del Sur (Cronica Inazuma Eleven GO),26,91,1,fbtl_cro04_200_010,0D183EA0,199E4DFF,4-4-2 Caja,199E4DFF,es legal,2810C81B,1BC81028,Garras del Sur,EC3BE5C1,717CC44A,Equipación Garra del Sur,EC3BE5C1,,,,24167BAE,,11,11,11
EC138BFC,tm_cro_go2_2700,Cuerno Demoníaco,Demon's Horn,cronica,4,Inazuma Eleven GO,normal,Cuerno Demoníaco (Cronica Inazuma Eleven GO),27,92,1,fbtl_cro04_220_010,0D183EA0,199E4DFF,4-4-2 Caja,199E4DFF,es legal,C61EA937,37A91EC6,Cuerno Demoníaco,16DAA0FA,C300494E,Equipación Cuerno Demoníaco,16DAA0FA,,,,724CDC28,,16,16,16
89CBEC60,tm_cro_go3_0100,Royal Academy,Royal Academy,cronica,6,Inazuma Eleven GO Galaxy,normal,Royal Academy (Cronica Inazuma Eleven GO Galaxy),1,85,1,fbtl_cro06_010_010,94116F1A,A3CF4466,4-4-2 Diamante,A3CF4466,es legal,832FFB23,23FB2F83,Royal Academy (GO),93FF607B,2C315AED,Equipación Royal Academy Reformado,93FF607B,,,,D89739B9,636FF432,17,16,17
8B8D5239,tm_cro_go3_0200,Dragones de Fuego,Fire Dragon,cronica,6,Inazuma Eleven GO Galaxy,normal,Dragones de Fuego (Cronica Inazuma Eleven GO Galaxy),3,86,1,fbtl_cro06_020_010,E47B9B95,2C3B2E16,4-3-3 Triángulo,2C3B2E16,es legal,FCC4D203,03D2C4FC,Dragones de Fuego (GO 3),6A1B930E,C3594B98,Equipación Dragones de Fuego (GO 3),6A1B930E,,,,AD8278D6,639DB58B,12,11,12
8A4F380E,tm_cro_go3_0300,Big Waves,Big Waves,cronica,6,Inazuma Eleven GO Galaxy,normal,Big Waves (Cronica Inazuma Eleven GO Galaxy),4,86,1,fbtl_cro06_030_010,94116F1A,A3CF4466,4-4-2 Diamante,A3CF4466,es legal,8BC3E295,95E2C38B,Big Waves (GO 3),84325488,9AE70D9A,Equipación Big Waves (GO 3),84325488,5EF0F3A6,386B2B00,Vórtice de succión,671D4C87,35C7120D,12,11,12
8F002E8B,tm_cro_go3_0400,Cimitarras,Shamshir,cronica,6,Inazuma Eleven GO Galaxy,normal,Cimitarras (Cronica Inazuma Eleven GO Galaxy),6,87,1,fbtl_cro06_040_010,94116F1A,A3CF4466,4-4-2 Diamante,A3CF4466,es legal,15A77736,3677A715,Cimitarras,59476C43,AD8DCF9B,Equipación Cimitarras,59476C43,75DDA065,FB38062B,Derrape arenoso,A49881B2,1EEA41CE,12,11,12
8EC244BC,tm_cro_go3_0500,Muay Tigers,Muay Tigers,cronica,6,Inazuma Eleven GO Galaxy,normal,Muay Tigers (Cronica Inazuma Eleven GO Galaxy),7,87,1,fbtl_cro06_050_010,7D72CA2F,966A278F,3-6-1 Hexa,966A278F,es legal,62A047A0,A047A062,Muay Tigers,3A1BB860,289B809E,Equipación Muay Tigers,3A1BB860,,,,38D88E9B,07F1708F,12,11,12
8C84FAE5,tm_cro_go3_0600,Resistencia Japón,Japanese Resistance,cronica,6,Inazuma Eleven GO Galaxy,normal,Resistencia Japón (Cronica Inazuma Eleven GO Galaxy),9,88,1,fbtl_cro06_060_010,94116F1A,A3CF4466,4-4-2 Diamante,A3CF4466,es legal,8CAE268C,8C26AE8C,Resistencia Japón,856E82A1,1FF1429F,Equipación Resistencia Japón,856E82A1,,,,6F08BCC1,FEE8721A,12,11,12
8D4690D2,tm_cro_go3_0700,Storm Wolves,Storm Wolves,cronica,6,Inazuma Eleven GO Galaxy,normal,Storm Wolves (Cronica Inazuma Eleven GO Galaxy),11,89,1,fbtl_cro06_070_010,E47B9B95,2C3B2E16,4-3-3 Triángulo,2C3B2E16,es legal,FBA9161A,1A16A9FB,Storm Wolves,1792BE96,464F049D,Equipación Storm Wolves,1792BE96,,,,11B36301,E405A944,12,11,12
861AD7EF,tm_cro_go3_0800,Sílice,Silica Eleven,cronica,6,Inazuma Eleven GO Galaxy,normal,Sílice (Cronica Inazuma Eleven GO Galaxy),12,90,1,fbtl_cro06_080_010,7A1F0E36,8FAE4A88,3-5-2 Libertad,8FAE4A88,es legal,1C113B1D,1D3B111C,Sílice,9A45AFB3,,,9A45AFB3,,,,5BBDE343,48B0E648,13,12,13
87D8BDD8,tm_cro_go3_0900,Naiadi,Naiadi Eleven,cronica,6,Inazuma Eleven GO Galaxy,normal,Naiadi (Cronica Inazuma Eleven GO Galaxy),14,90,1,fbtl_cro06_090_010,E47B9B95,2C3B2E16,4-3-3 Triángulo,2C3B2E16,es legal,6B160B8B,8B0B166B,Naiadi,943EE12B,,,943EE12B,,,,6A0F55AF,51ABD709,13,12,13
30B5E132,tm_cro_go3_1000,Magmavís,Magmavia Eleven,cronica,6,Inazuma Eleven GO Galaxy,normal,Magmavís (Cronica Inazuma Eleven GO Galaxy),15,91,1,fbtl_cro06_100_010,0D183EA0,199E4DFF,4-4-2 Caja,199E4DFF,es legal,0BD1826E,6E82D10B,Magmavís,A4DA3FCD,,,A4DA3FCD,,,,04FDBDA1,FD1E9805,13,12,13
31778B05,tm_cro_go3_1100,Fertilia,Fertilia Eleven,cronica,6,Inazuma Eleven GO Galaxy,normal,Fertilia (Cronica Inazuma Eleven GO Galaxy),17,92,1,fbtl_cro06_110_010,94116F1A,A3CF4466,4-4-2 Diamante,A3CF4466,es legal,7CD6B2F8,F8B2D67C,Fertilia,BE817331,,,BE817331,,,,D082C9FF,7A8684CA,15,14,15
3331355C,tm_cro_go3_1200,Falam Medius,Falam Medius,cronica,6,Inazuma Eleven GO Galaxy,normal,Falam Medius (Cronica Inazuma Eleven GO Galaxy),19,92,1,fbtl_cro06_120_010,0A75FAB9,005A20F8,4-5-1 Equilibrio,005A20F8,es legal,E5DFE342,42E3DFE5,Falam Medius,38766052,FF80B122,Equipación Falam Medius,38766052,,,,7AB4BBF3,04079A90,14,13,14
32F35F6B,tm_cro_go3_1300,Flota Ixar,Ixar Fleet,cronica,6,Inazuma Eleven GO Galaxy,normal,Flota Ixar (Cronica Inazuma Eleven GO Galaxy),20,93,1,fbtl_cro06_130_010,7D72CA2F,966A278F,3-6-1 Hexa,966A278F,es legal,92D8D3D4,D4D3D892,Flota Ixar,CF14D5D8,C8EA7323,Equipación Flota Ixar,CF14D5D8,6CC69124,BA091D32,La Marca del Berserker,0E914939,,11,11,11
37BC49EE,tm_cro_go3_1400,Big Bang,Big Bang,cronica,6,Inazuma Eleven GO Galaxy,normal,Big Bang (Cronica Inazuma Eleven GO Galaxy),22,94,1,fbtl_cro06_140_010,0A75FAB9,005A20F8,4-5-1 Equilibrio,005A20F8,es legal,0CBC4677,7746BC0C,Big Bang,88AD789E,4DFC3C26,Equipación Big Bang,88AD789E,,,,B83E7FE4,,11,11,11
367E23D9,tm_cro_go3_1500,Supernova,Supernova,cronica,6,Inazuma Eleven GO Galaxy,normal,Supernova (Cronica Inazuma Eleven GO Galaxy),23,94,1,fbtl_cro06_150_010,EDCDD7BE,0777981F,5-4-1 Doble Volante,0777981F,es legal,7BBB76E1,E176BB7B,Supernova,B5951732,7A96FE27,Equipación Supernova,B5951732,,,,BBBAAB8A,,11,11,11
34389D80,tm_cro_go3_1600,Dinastía Galáctica,Space Rankers,cronica,6,Inazuma Eleven GO Galaxy,normal,Dinastía Galáctica (Cronica Inazuma Eleven GO Galaxy),25,95,1,fbtl_cro06_160_010,7A1F0E36,8FAE4A88,3-5-2 Libertad,8FAE4A88,es legal,E2B2275B,5B27B2E2,Dinastía Galáctica,DE5795FC,2328B825,Equipación Dinastía Galáctica,DE5795FC,,,,BBBAAB8A,,16,16,16
BF33DCEB,tm_cro_ares_0100,Academia Polaris,Polestar Academy,cronica,7,Inazuma Eleven Ares,normal,Academia Polaris (Cronica Inazuma Eleven Ares),3,85,1,fbtl_cro07_020_010,0A75FAB9,005A20F8,4-5-1 Equilibrio,005A20F8,es legal,C3E245EA,EA45E2C3,Polaris,D6A1D630,,,D6A1D630,,,,7F1F0EFE,F1CEEB1A,16,15,16
BD7562B2,tm_cro_ares_0200,Bastión,Rampart Junior High,cronica,7,Inazuma Eleven Ares,normal,Bastión (Cronica Inazuma Eleven Ares),5,5,1,fbtl_cro07_030_010,0D183EA0,199E4DFF,4-4-2 Caja,199E4DFF,es legal,2A81E0DF,DFE0812A,Bastión,559D1F1F,98B2E0A3,Equipación Bastión,559D1F1F,,,,E944CA1F,5D7BA416,17,15,17
BCB70885,tm_cro_ares_0300,Kirkwood,Kirkwood,cronica,7,Inazuma Eleven Ares,normal,Kirkwood (Cronica Inazuma Eleven Ares),12,12,1,fbtl_cro07_040_010,0A75FAB9,005A20F8,4-5-1 Equilibrio,005A20F8,es legal,5D86D049,49D0865D,Kirkwood (Ares),03A9BB9F,AFD822A2,Equipación Kirkwood (Ares),03A9BB9F,,,,B04826AB,5F3D1A4F,16,14,16
B9F81E00,tm_cro_ares_0400,Brain,Brainwashing,cronica,7,Inazuma Eleven Ares,normal,Brain (Cronica Inazuma Eleven Ares),9,87,1,fbtl_cro07_050_010,0D183EA0,199E4DFF,4-4-2 Caja,199E4DFF,es legal,C48F81F3,F3818FC4,Brain (Ares),C98FBA9F,F66664A0,Equipación Brain (Ares),C98FBA9F,,,,DD07658F,5CB9CE21,13,11,13
B83A7437,tm_cro_ares_0500,Royal Academy,Royal Academy,cronica,7,Inazuma Eleven Ares,normal,Royal Academy (Cronica Inazuma Eleven Ares),11,87,1,fbtl_cro07_060_010,94116F1A,A3CF4466,4-4-2 Diamante,A3CF4466,es legal,B388B165,65B188B3,Royal Academy (Ares),59145CEB,,,59145CEB,EB5E8DEB,751585B5,Ciclo imperial,D2512EBD,BCC9C384,15,13,15
BA7CCA6E,tm_cro_ares_0600,Zeus,Zeus,cronica,7,Inazuma Eleven Ares,normal,Zeus (Cronica Inazuma Eleven Ares),17,88,1,fbtl_cro07_090_010,0A75FAB9,005A20F8,4-5-1 Equilibrio,005A20F8,es legal,2337ACF4,F4AC3723,Zeus (Ares),CF536BCA,FC4BFAAA,Equipación Zeus (Ares),CF536BCA,,,,63F5B1D9,8CB91F5F,12,11,12
A367FB2F,tm_cro_ares_0610,Academia Polaris,Polestar Academy,cronica,7,Inazuma Eleven Ares,variante,"Academia Polaris (Cronica Inazuma Eleven Ares, variante)",13,88,1,fbtl_cro07_070_010,0A75FAB9,005A20F8,4-5-1 Equilibrio,005A20F8,es legal,C3E245EA,EA45E2C3,Polaris,D6A1D630,,,D6A1D630,F245BCAA,34249EAC,Zona crítica,7F1F0EFE,F1CEEB1A,18,16,18
064DD1B9,tm_cro_ares_1000,Academia Plenilunio,Lunar Prime Academy,cronica,7,Inazuma Eleven Ares,normal,Academia Plenilunio (Cronica Inazuma Eleven Ares),15,87,1,fbtl_cro07_080_010,7A1F0E36,8FAE4A88,3-5-2 Libertad,8FAE4A88,es legal,B4E5757C,7C75E5B4,Plenilunio,6C8790DE,1DA4AFA6,Equipación Plenilunio,6C8790DE,22456DD4,4AF59E7C,Maelstrom Omega,142580C8,C3F88998,16,15,16
BBBEA059,tm_cro_ares_0700,Alpino,Alpine,cronica,7,Inazuma Eleven Ares,normal,Alpino (Cronica Inazuma Eleven Ares),29,29,1,fbtl_cro07_100_010,E47B9B95,2C3B2E16,4-3-3 Triángulo,2C3B2E16,es legal,54309C62,629C3054,Alpino (Ares),638CAE24,CB2138AB,Equipación Alpino (Ares),638CAE24,,,,5E959869,BE8F7DDD,16,14,16
B0E2E764,tm_cro_ares_0800,Academia Alia,Alia Academy,cronica,7,Inazuma Eleven Ares,normal,Academia Alia (Cronica Inazuma Eleven Ares),32,32,1,fbtl_cro07_110_010,E47B9B95,2C3B2E16,4-3-3 Triángulo,2C3B2E16,es legal,34F71587,8715F734,Academia Alia,E7FF78F9,217D551C,Equipación Academia Alia,E7FF78F9,,,,98D929BD,97E49047,15,14,15
B1208D53,tm_cro_ares_0900,Instituto Ribera,Everytown,cronica,7,Inazuma Eleven Ares,normal,Instituto Ribera (Cronica Inazuma Eleven Ares),36,36,1,fbtl_cro07_120_010,0D183EA0,199E4DFF,4-4-2 Caja,199E4DFF,es legal,43F02511,1125F043,Instituto Ribera,4FA300FF,1617971D,Equipación Instituto Ribera,4FA300FF,,,,8E9453CE,D8A50680,18,16,18
CC577916,tm_cro_ares_0950,Academia Plenilunio,Lunar Prime Academy,cronica,7,Inazuma Eleven Ares,variante,"Academia Plenilunio (Cronica Inazuma Eleven Ares, variante)",24,93,1,fbtl_cro07_130_010,7A1F0E36,8FAE4A88,3-5-2 Libertad,8FAE4A88,es legal,B4E5757C,7C75E5B4,Plenilunio,6C8790DE,1DA4AFA6,Equipación Plenilunio,6C8790DE,22456DD4|09683E17,4AF59E7C|89A6B357,Maelstrom Omega|Supremacía de la espada,142580C8,C3F88998,16,15,16
078FBB8E,tm_cro_ares_1100,Barcelona Orb,Barcelona Orb,cronica,7,Inazuma Eleven Ares,normal,Barcelona Orb (Cronica Inazuma Eleven Ares),1,84,1,fbtl_cro07_010_010,0D183EA0,199E4DFF,4-4-2 Caja,199E4DFF,es legal,DD94B0B2,B2B094DD,Barcelona Orb,BB089E51,9301D818,Equipación Barcelona Orb,BB089E51,,,,DF79536D,A5D2F2C5,14,13,14
CD1F963D,tm_cro_ares_0205,Bastión,Rampart Junior High,cronica,7,Inazuma Eleven Ares,variante,"Bastión (Cronica Inazuma Eleven Ares, variante)",5,86,1,fbtl_cro07_030_010,0D183EA0,199E4DFF,4-4-2 Caja,199E4DFF,es legal,2A81E0DF,DFE0812A,Bastión,559D1F1F,98B2E0A3,Equipación Bastión,559D1F1F,,,,E944CA1F,5D7BA416,17,15,17
CCDDFC0A,tm_cro_ares_0305,Kirkwood,Kirkwood,cronica,7,Inazuma Eleven Ares,variante,"Kirkwood (Cronica Inazuma Eleven Ares, variante)",7,86,1,fbtl_cro07_040_010,0A75FAB9,005A20F8,4-5-1 Equilibrio,005A20F8,es legal,5D86D049,49D0865D,Kirkwood (Ares),03A9BB9F,AFD822A2,Equipación Kirkwood (Ares),03A9BB9F,,,,B04826AB,5F3D1A4F,16,14,16
CBD454D6,tm_cro_ares_0705,Alpino,Alpine,cronica,7,Inazuma Eleven Ares,variante,"Alpino (Cronica Inazuma Eleven Ares, variante)",18,89,1,fbtl_cro07_100_010,E47B9B95,2C3B2E16,4-3-3 Triángulo,2C3B2E16,es legal,54309C62,629C3054,Alpino (Ares),638CAE24,CB2138AB,Equipación Alpino (Ares),638CAE24,,,,5E959869,BE8F7DDD,16,14,16
C08813EB,tm_cro_ares_0805,Academia Alia,Alia Academy,cronica,7,Inazuma Eleven Ares,variante,"Academia Alia (Cronica Inazuma Eleven Ares, variante)",20,89,1,fbtl_cro07_110_010,E47B9B95,2C3B2E16,4-3-3 Triángulo,2C3B2E16,es legal,34F71587,8715F734,Academia Alia,E7FF78F9,217D551C,Equipación Academia Alia,E7FF78F9,,,,98D929BD,97E49047,15,14,15
C14A79DC,tm_cro_ares_0905,Instituto Ribera,Everytown,cronica,7,Inazuma Eleven Ares,variante,"Instituto Ribera (Cronica Inazuma Eleven Ares, variante)",22,91,1,fbtl_cro07_120_010,0D183EA0,199E4DFF,4-4-2 Caja,199E4DFF,es legal,43F02511,1125F043,Instituto Ribera,4FA300FF,1617971D,Equipación Instituto Ribera,4FA300FF,,,,8E9453CE,D8A50680,18,16,18
479E3D8D,tm_cro_orion_0100,Bisonte Rojo,Raging Bulls,cronica,8,Inazuma Eleven Orion,normal,Bisonte Rojo (Cronica Inazuma Eleven Orion),2,84,1,fbtl_cro08_010_010,0A75FAB9,005A20F8,4-5-1 Equilibrio,005A20F8,es legal,41B2D23B,3BD2B241,Bisonte Rojo,7538A87F,FB593D25,Equipación Bisonte Rojo,7538A87F,,,,A27A2DD4,D518653E,15,14,15
45D883D4,tm_cro_orion_0200,Demonios Brillantes,Fallen Angels,cronica,8,Inazuma Eleven Orion,normal,Demonios Brillantes (Cronica Inazuma Eleven Orion),5,85,1,fbtl_cro08_020_010,94116F1A,A3CF4466,4-4-2 Diamante,A3CF4466,es legal,36B5E2AD,ADE2B536,Demonios Brillantes,E5E12969,CC33FF24,Equipación Demonios Brillantes,E5E12969,4629A8D0,4E30F218,Desvanecimiento absoluto,3E55F38F,FE3536FD,15,14,15
441AE9E3,tm_cro_orion_0300,Bailarines Eternos,Eternal Dancers,cronica,8,Inazuma Eleven Orion,normal,Bailarines Eternos (Cronica Inazuma Eleven Orion),7,86,1,fbtl_cro08_030_010,0A75FAB9,005A20F8,4-5-1 Equilibrio,005A20F8,es legal,A8D1770E,0E77D1A8,Bailarines Eternos,19B00A61,4925B021,Equipación Bailarines Eternos,19B00A61,,,,48947747,A86F917B,14,13,14
4155FF66,tm_cro_orion_0400,Ejército del Fénix Árabe,Arabian Firebirds,cronica,8,Inazuma Eleven Orion,normal,Ejército del Fénix Árabe (Cronica Inazuma Eleven Orion),9,87,1,fbtl_cro08_040_010,7A1F0E36,8FAE4A88,3-5-2 Libertad,8FAE4A88,es legal,DFD64798,9847D6DF,Ejército del Fénix Árabe,D0AAC431,7E4F7220,Eq. Ejército del Fénix Árabe,D0AAC431,,,,6D2D0581,9A59F3F9,14,13,14
40979551,tm_cro_orion_0500,Tropa Acrobática del Fútbol,Avenging Acrobats,cronica,8,Inazuma Eleven Orion,normal,Tropa Acrobática del Fútbol (Cronica Inazuma Eleven Orion),11,88,1,fbtl_cro08_050_010,7A1F0E36,8FAE4A88,3-5-2 Libertad,8FAE4A88,es legal,46DF1622,2216DF46,Tropa Acrobática del Fútbol,DD3EA19C,27F13422,Eq. Tropa Acrobática del Fútbol,DD3EA19C,,,,FB4FC418,1DC1EF36,16,13,16
42D12B08,tm_cro_orion_0600,Gigantes Invencibles,Los Invencibles,cronica,8,Inazuma Eleven Orion,normal,Gigantes Invencibles (Cronica Inazuma Eleven Orion),13,89,1,fbtl_cro08_060_010,7A1F0E36,8FAE4A88,3-5-2 Libertad,8FAE4A88,es legal,31D826B4,B426D831,Gigantes Invencibles,A5795CD0,109BF623,Equipación Gigantes Invencibles,A5795CD0,,,,DF79536D,8280A88F,14,13,14
4313413F,tm_cro_orion_0700,Navy Invader,Ace Invaders,cronica,8,Inazuma Eleven Orion,normal,Navy Invader (Cronica Inazuma Eleven Orion),15,90,1,fbtl_cro08_070_010,7A1F0E36,8FAE4A88,3-5-2 Libertad,8FAE4A88,es legal,A1673B25,253B67A1,Navy Invader,3783EE34,2DDCAA28,Equipación Navy Invader,3783EE34,7150DCD7,49448B2F,Campo explosivo,E8CA3575,CDC13E48,19,18,19
484F0602,tm_cro_orion_0800,Chispas Perfectas,Pitch Perfectionists,cronica,8,Inazuma Eleven Orion,normal,Chispas Perfectas (Cronica Inazuma Eleven Orion),17,91,1,fbtl_cro08_080_010,7A1F0E36,8FAE4A88,3-5-2 Libertad,8FAE4A88,es legal,D6600BB3,B30B60D6,Chispas Perfectas,09FA75F8,1AB66829,Equipación Chispas Perfectas,09FA75F8,684BED96,08759036,Aurora tenebrosa,A8DDE880,D4DA0F09,16,15,16
498D6C35,tm_cro_orion_0900,Olé de Samba,The Sambassadors,cronica,8,Inazuma Eleven Orion,normal,Olé de Samba (Cronica Inazuma Eleven Orion),19,92,1,fbtl_cro08_090_010,7A1F0E36,8FAE4A88,3-5-2 Libertad,8FAE4A88,es legal,B6A78256,5682A7B6,Olé de Samba,18DFF179,F0EA059E,Equipación Olé de Samba,18DFF179,,,,45BC0A97,FFF75CCA,14,13,14
FEE030DF,tm_cro_orion_1000,Guardianes de la Reina,Guardians of the Queen,cronica,8,Inazuma Eleven Orion,normal,Guardianes de la Reina (Cronica Inazuma Eleven Orion),21,93,1,fbtl_cro08_100_010,7D72CA2F,966A278F,3-6-1 Hexa,966A278F,es legal,C1A0B2C0,C0B2A0C1,Guardianes de la Reina,C6DF30D4,,,C6DF30D4,,,,53F170E4,E6EC6D8B,18,17,18
FD64E4B1,tm_cro_orion_1200,Chispas Perfectas,Pitch Perfectionists,cronica,8,Inazuma Eleven Orion,normal,Chispas Perfectas (Cronica Inazuma Eleven Orion),23,94,1,fbtl_cro08_110_010,7D72CA2F,966A278F,3-6-1 Hexa,966A278F,es legal,D6600BB3,B30B60D6,Chispas Perfectas,09FA75F8,1AB66829,Equipación Chispas Perfectas,09FA75F8,684BED96,08759036,Aurora tenebrosa,A8DDE880,D4DA0F09,16,15,16
FF225AE8,tm_cro_orion_1100,Eclipse de Orión,Orion Eclipse,cronica,8,Inazuma Eleven Orion,normal,Eclipse de Orión (Cronica Inazuma Eleven Orion),25,95,1,fbtl_cro08_120_010,7A1F0E36,8FAE4A88,3-5-2 Libertad,8FAE4A88,es legal,58A9E37A,7AE3A958,Eclipse de Orión,BC013A12,9E3E819D,Equipación Eclipse de Orión,BC013A12,,,,3F7C59F7,BCC9C384,15,14,15
A7C449EB,tm_cro_original_0100,Guardianas,Gatekeepers,cronica,12,Originales de la Cronica,normal,Guardianas (Cronica Originales de la Cronica),85,99,1,fbtl_cro12_010_010,E47B9B95,2C3B2E16,4-3-3 Triángulo,2C3B2E16,es legal,C2CF31FB,FB31CFC2,Guardianes,D2B0B4E9,934ABA48,Equipación Guardianas,D2B0B4E9,,,,F6971467,,17,16,17
A582F7B2,tm_cro_original_0200,Avalonic Outsiders,Avalonic's Outsiders,cronica,12,Originales de la Cronica,normal,Avalonic Outsiders (Cronica Originales de la Cronica),85,95,1,fbtl_cro12_020_010,7A1F0E36,8FAE4A88,3-5-2 Libertad,8FAE4A88,es legal,2BAC94CE,CE94AC2B,Zanark Outsiders,2FE09427,2136374C,Equipación Zanark Outsiders,2FE09427,,,,79D7E1C7,18904E23,17,16,17
BC99C6F3,tm_cro_original_0210,Avalonic Outsiders,Avalonic's Outsiders,cronica,12,Originales de la Cronica,variante,"Avalonic Outsiders (Cronica Originales de la Cronica, variante)",85,95,1,fbtl_cro12_020_010,7A1F0E36,8FAE4A88,3-5-2 Libertad,8FAE4A88,es legal,2BAC94CE,CE94AC2B,Zanark Outsiders,2FE09427,2136374C,Equipación Zanark Outsiders,2FE09427,,,,79D7E1C7,18904E23,17,16,17
A4409D85,tm_cro_original_0300,Plathos,Platos,cronica,12,Originales de la Cronica,normal,Plathos (Cronica Originales de la Cronica),90,97,1,fbtl_cro12_030_010,0D183EA0,199E4DFF,4-4-2 Caja,199E4DFF,es legal,2CC150D7,D750C12C,Plathos,CE5DF269,FD9E3E4B,Equipación Plathos,CE5DF269,,,,E27FA6A9,,17,16,17
A10F8B00,tm_cro_original_0400,Destructores,Destroyers,cronica,12,Originales de la Cronica,normal,Destructores (Cronica Originales de la Cronica),90,98,1,fbtl_cro12_080_010,7D72CA2F,966A278F,3-6-1 Hexa,966A278F,es legal,B5C8016D,6D01C8B5,Destructores,D3236651,A4207849,Equipación Destructores,D3236651,,,,C873E9B9,D7A31A13,18,16,18
A0CDE137,tm_cro_original_0500,Tormenta cortante,Tearing Tempest,cronica,12,Originales de la Cronica,normal,Tormenta cortante (Cronica Originales de la Cronica),90,96,1,fbtl_cro12_040_010,E47B9B95,2C3B2E16,4-3-3 Triángulo,2C3B2E16,es legal,221AD8E5,E5D81A22,Tormenta cortante,109C8240,45CF2D45,Equipación Tormenta cortante,109C8240,,,,6F08BCC1,,16,16,16
A28B5F6E,tm_cro_original_0600,Hojas espinosas,Leaf Lacerators,cronica,12,Originales de la Cronica,normal,Hojas espinosas (Cronica Originales de la Cronica),90,96,1,fbtl_cro12_050_010,D0963849,,,199E4DFF,exacta,42DD5100,0051DD42,Hojas espinosas,B2EA922F,AF9340F2,Equipación Hojas espinosas,B2EA922F,,,,63F5B1D9,,16,16,16
A3493559,tm_cro_original_0700,Llamarada volcánica,Molten Maelstrom,cronica,12,Originales de la Cronica,normal,Llamarada volcánica (Cronica Originales de la Cronica),90,96,1,fbtl_cro12_060_010,937CAB03,BA0B2961,4-3-3 Delta,BA0B2961,es legal,ACD3302C,2C30D3AC,Llamarada volcánica,EF61CB69,C147C4F1,Equipación Llamarada volcánica,EF61CB69,,,,DF0DD991,,16,16,16
A8157264,tm_cro_original_0800,Aplastarocas,Stone Smashers,cronica,12,Originales de la Cronica,normal,Aplastarocas (Cronica Originales de la Cronica),90,96,1,fbtl_cro12_070_010,7A1F0E36,8FAE4A88,3-5-2 Libertad,8FAE4A88,es legal,35DA6196,9661DA35,Aplastarocas,8E9EA3FE,98F982F3,Equipación Aplastarocas,8E9EA3FE,,,,5BBDE343,,16,16,16
268581D3,tm_cro_victory_0100,West Manor,West Manor,cronica,9,Inazuma Eleven Victory Road,normal,West Manor (Cronica Inazuma Eleven Victory Road),13,13,1,fbtl_cro09_010_010,7A1F0E36,8FAE4A88,3-5-2 Libertad,8FAE4A88,es legal,199AF64C,4CF69A19,West Manor,4982956E,AAFE3EE6,Equipación West Manor,4982956E,43D8B1AC,3229031D,Cuernos de toro,6245E74A,2BCFB366,20,18,20
56EF755C,tm_cro_victory_0105,West Manor,West Manor,cronica,9,Inazuma Eleven Victory Road,variante,"West Manor (Cronica Inazuma Eleven Victory Road, variante)",82,92,1,fbtl_cro09_010_010,7A1F0E36,8FAE4A88,3-5-2 Libertad,8FAE4A88,es legal,199AF64C,4CF69A19,West Manor,4982956E,AAFE3EE6,Equipación West Manor,4982956E,43D8B1AC,3229031D,Cuernos de toro,6245E74A,2BCFB366,20,18,20
24C33F8A,tm_cro_victory_0200,Northbright,Northbright,cronica,9,Inazuma Eleven Victory Road,normal,Northbright (Cronica Inazuma Eleven Victory Road),20,93,1,fbtl_cro09_020_010,7A1F0E36,8FAE4A88,3-5-2 Libertad,8FAE4A88,es legal,F0F95379,7953F9F0,Northbright,6B110260,1882B3E2,Equipación Northbright,6B110260,8B013BA4|3EAF45E9|68F5E26F,3AA3DAD5|77DD7460|F17A2E36,Ataque en tres frentes|Lanzas laterales|Espadón,BB5FB56C,A48F46C6,18,16,18
250155BD,tm_cro_victory_0300,Eastwind,Eastwind,cronica,9,Inazuma Eleven Victory Road,normal,Eastwind (Cronica Inazuma Eleven Victory Road),28,94,1,fbtl_cro09_030_010,BE566CA1,,,199E4DFF,posiciones,8093A7F6,F6A79380,Internacional Eastwind,BF00A7A0,F34078E4,Equipación Eastwind,BF00A7A0,,,,25E59D9A,6C6FC9B6,18,16,18
204E4338,tm_cro_victory_0400,Stormridge,Stormridge,cronica,9,Inazuma Eleven Victory Road,normal,Stormridge (Cronica Inazuma Eleven Victory Road),33,33,1,fbtl_cro09_040_010,BE566CA1,,,199E4DFF,posiciones,F7949760,609794F7,Stormridge,12758922,C42ABAE5,Equipación Stormridge,12758922,,,,019E856B,510FE006,18,16,18
5024B7B7,tm_cro_victory_0405,Stormridge,Stormridge,cronica,9,Inazuma Eleven Victory Road,variante,"Stormridge (Cronica Inazuma Eleven Victory Road, variante)",85,95,1,fbtl_cro09_040_010,BE566CA1,,,199E4DFF,posiciones,F7949760,609794F7,Stormridge,12758922,C42ABAE5,Equipación Stormridge,12758922,,,,019E856B,510FE006,18,16,18
218C290F,tm_cro_victory_0500,Royal Academy,Royal Academy,cronica,9,Inazuma Eleven Victory Road,normal,Royal Academy (Cronica Inazuma Eleven Victory Road),39,39,1,fbtl_cro09_050_010,937CAB03,BA0B2961,4-3-3 Delta,BA0B2961,es legal,672B8AF1,F18A2B67,Táctica Royal Academy,DC35BEB6,F96DE6EE,Equipación táctica Royal,DC35BEB6,7340120C|643B064F|5DB63A8A,||,||,FEB9E6FF,D35F77D7,18,16,18
51E6DD80,tm_cro_victory_0505,Royal Academy,Royal Academy,cronica,9,Inazuma Eleven Victory Road,variante,"Royal Academy (Cronica Inazuma Eleven Victory Road, variante)",86,96,1,fbtl_cro09_050_010,937CAB03,BA0B2961,4-3-3 Delta,BA0B2961,es legal,672B8AF1,F18A2B67,Táctica Royal Academy,DC35BEB6,F96DE6EE,Equipación táctica Royal,DC35BEB6,1CA1900A|05BAA14B|2E97F288,94087A42|D539615B|166A4C70,Bosque encantado|Carrera del dodo|Avance de caballería,FEB9E6FF,D35F77D7,18,16,18
23CA9756,tm_cro_victory_0600,Raimon,Raimon,cronica,9,Inazuma Eleven Victory Road,normal,Raimon (Cronica Inazuma Eleven Victory Road),48,48,1,fbtl_cro09_060_010,E47B9B95,2C3B2E16,4-3-3 Triángulo,2C3B2E16,es legal,87FE63EF,EF63FE87,Campeones Raimon,BBE7C49D,2FE871E3,Equipación Campeones Raimon,BBE7C49D,921A0AE5,7B92C1CC,Protocolo de enlace,AD12CF1F,,17,16,17
53A063D9,tm_cro_victory_0605,Raimon,Raimon,cronica,9,Inazuma Eleven Victory Road,variante,"Raimon (Cronica Inazuma Eleven Victory Road, variante)",87,97,1,fbtl_cro09_060_010,E47B9B95,2C3B2E16,4-3-3 Triángulo,2C3B2E16,es legal,87FE63EF,EF63FE87,Campeones Raimon,BBE7C49D,2FE871E3,Equipación Campeones Raimon,BBE7C49D,921A0AE5,7B92C1CC,Protocolo de enlace,AD12CF1F,,17,16,17
2208FD61,tm_cro_victory_0700,Secundaria South Cirrus,South Cirrus Junior High,cronica,9,Inazuma Eleven Victory Road,normal,Secundaria South Cirrus (Cronica Inazuma Eleven Victory Road),40,99,40,fbtl_cro09_070_010,937CAB03,BA0B2961,4-3-3 Delta,BA0B2961,es legal,1EF73255,5532F71E,<MNT:NAGUMOHARA>,7E51DF9E,765637E1,Equipación <MNT:NAGUMOHARA>,7E51DF9E,61D6644F|4AFB378C|53E006CD,D1FC0D3F|12AF2014|539E3B0D,Supresión inquebrantable|Virtuoso del éter|Contra todo pronóstico,,C19FE60C,20,16,19
2954BA5C,tm_cro_victory_0800,Solaria-Zeus,Solaria-Zeus,cronica,9,Inazuma Eleven Victory Road,normal,Solaria-Zeus (Cronica Inazuma Eleven Victory Road),40,99,1,fbtl_cro09_080_010,0D183EA0,199E4DFF,4-4-2 Caja,199E4DFF,es legal,0081C70D,0DC78100,Solaria-Zeus,5B4A7FCC,CF99825E,Equipación Solaria-Zeus,5B4A7FCC,68F5E26F,F17A2E36,Espadón,D5ACAA9D,E09360C3,18,16,18
0F5EF52E,tm_cro_legend_ie1_01,Raimon 1,Raimon 1,cronica-leyenda,1,Inazuma Eleven,leyenda,"Raimon 1 (Cronica Inazuma Eleven, leyenda)",99,99,1,fbtl_cro01_legend_IE1_01,0D183EA0,199E4DFF,4-4-2 Caja,199E4DFF,es legal,28AF5A81,815AAF28,Raimon 1,252CE113,D3856B2A,Equipación Raimon,252CE113,4B395DBB|8B013BA4|921A0AE5,25C5E215|3AA3DAD5|7B92C1CC,Empujón del quince|Ataque en tres frentes|Protocolo de enlace,3055CF22,9ED17B1B,13,12,13
E1509402,tm_cro_legend_ie1_03,Tarjeteros,The Card,cronica-leyenda,1,Inazuma Eleven,leyenda,"Tarjeteros (Cronica Inazuma Eleven, leyenda)",99,99,1,fbtl_cro01_legend_IE1_03,94116F1A,A3CF4466,4-4-2 Diamante,A3CF4466,es legal,41DE9F4F,4F9FDE41,Tarjeteros,DC8FCC6B,,,DC8FCC6B,3B5E5C95|0B2E804E|4366BE55,0BC48565|D018F555|CB26BD1D,Cuadrícula defensiva|Defensa en bloque|Espejismo Shaolin,D3266654,,15,15,15
08333137,tm_cro_legend_ie1_05,Fase previa FF A,FF Regional Pick A,cronica-leyenda,1,Inazuma Eleven,leyenda,"Fase previa FF A (Cronica Inazuma Eleven, leyenda)",99,99,1,fbtl_cro01_legend_IE1_05,0A75FAB9,005A20F8,4-5-1 Equilibrio,005A20F8,es legal,AA11C9AF,AFC911AA,Fase previa FF A,ED27929E,,,ED27929E,3B5E5C95|43D8B1AC|EB5E8DEB,0BC48565|3229031D|751585B5,Cuadrícula defensiva|Cuernos de toro|Ciclo imperial,1C71343D,,11,11,11
913A608D,tm_cro_legend_ie1_06,Sallys,Street Sally's,cronica-leyenda,1,Inazuma Eleven,leyenda,"Sallys (Cronica Inazuma Eleven, leyenda)",99,99,1,fbtl_cro01_legend_IE1_06,94116F1A,A3CF4466,4-4-2 Diamante,A3CF4466,es legal,22BEB19D,9DB1BE22,Sallys,A7F271BD,D8365391,Equipación Sallys,A7F271BD,3EAF45E9|153C19D3|5F329991,77DD7460|4D81E74B|0F01E901,Lanzas laterales|Cal y arena|Danza alineada,558C257D,,16,16,16
76824D8A,tm_cro_legend_ie1_08,Fase nacional FF B,FF National Pick B,cronica-leyenda,1,Inazuma Eleven,leyenda,"Fase nacional FF B (Cronica Inazuma Eleven, leyenda)",99,99,1,fbtl_cro01_legend_IE1_08,0A75FAB9,005A20F8,4-5-1 Equilibrio,005A20F8,es legal,86515E75,755E5186,Fase nacional FF B,684C0D1B,,,684C0D1B,45AD7CBE|4366BE55|F00302F3,20E4761B|CB26BD1D|6D9AD8AE,Virtuoso|Espejismo Shaolin|Triángulo perfecto,9E23A289,,11,11,11
01857D1C,tm_cro_legend_ie1_09,Ultra Zeus,Fallen Zeus,cronica-leyenda,1,Inazuma Eleven,leyenda,"Ultra Zeus (Cronica Inazuma Eleven, leyenda)",99,99,1,fbtl_cro01_legend_IE1_09,BA9D367C,,,005A20F8,exacta,336AEA33,33EA6A33,Ultra Zeus,CF6F1698,CE53782D,E. visitante Zeus,CF6F1698,EA9CE7DC|6D04FB13|45AD7CBE,427F47B4|8D63DF33|20E4761B,Marcaje al hombre|Maelstrom Omega 2.0|Virtuoso,9E23A289,,16,16,16
6142F4F9,tm_cro_legend_ie1_10,Neo Raimon,Neo Raimon,cronica-leyenda,1,Inazuma Eleven,leyenda,"Neo Raimon (Cronica Inazuma Eleven, leyenda)",99,99,1,fbtl_cro01_legend_IE1_10,E47B9B95,2C3B2E16,4-3-3 Triángulo,2C3B2E16,es legal,AA1C3C0E,0E3C1CAA,Neo Raimon,252CE113,D3856B2A,Equipación Raimon,252CE113,1235B10F|446F1689|921A0AE5,9129EE4C|178EB41A|7B92C1CC,Cielo infinito|Tifones gemelos|Protocolo de enlace,3055CF22,,13,13,13
1645C46F,tm_cro_legend_ie1_11,Fase previa FF B,FF Regional Pick B,cronica-leyenda,1,Inazuma Eleven,leyenda,"Fase previa FF B (Cronica Inazuma Eleven, leyenda)",99,99,1,fbtl_cro01_legend_IE1_11,E47B9B95,2C3B2E16,4-3-3 Triángulo,2C3B2E16,es legal,DD16F939,39F916DD,Fase previa FF B,ED27929E,,,ED27929E,3918E2CC|0AECEA79|446F1689,527AC367|E7723754|178EB41A,Bloqueo espectral|Trueno oscuro|Tifones gemelos,E213A005,,11,11,11
7F3401A1,tm_cro_legend_ie1_04,Gafitas,Glasses B,cronica-leyenda,1,Inazuma Eleven,leyenda,"Gafitas (Cronica Inazuma Eleven, leyenda)",99,99,1,fbtl_cro01_legend_IE1_04,0D183EA0,199E4DFF,4-4-2 Caja,199E4DFF,es legal,F63BAAFA,FAAA3BF6,Gafitas,65F58532,,,65F58532,3A9C36A2|21C1B9BA|3B5E5C95,3CAE4764|24211A7F|0BC48565,Reflector 3D|Contraataque catenaccio|Cuadrícula defensiva,1ABAF6D6,,11,11,11
E63D501B,tm_cro_legend_ie1_07,Ninjas a Gogó,The Ninja Infringers,cronica-leyenda,1,Inazuma Eleven,leyenda,"Ninjas a Gogó (Cronica Inazuma Eleven, leyenda)",99,99,1,fbtl_cro01_legend_IE1_07,0D183EA0,199E4DFF,4-4-2 Caja,199E4DFF,es legal,5173E225,25E27351,Ninjas a Gogó,EBFA8692,61F9E62E,Equipación Shuriken,EBFA8692,4366BE55|153C19D3|08AA5420,CB26BD1D|4D81E74B|BECC7156,Espejismo Shaolin|Cal y arena|Formación caparazón,C42CEAEE,,16,16,16
9657A494,tm_cro_legend_ie1_02,Los Superadorables,The Zoo Keepers,cronica-leyenda,1,Inazuma Eleven,leyenda,"Los Superadorables (Cronica Inazuma Eleven, leyenda)",99,99,1,fbtl_cro01_legend_IE1_02,94116F1A,A3CF4466,4-4-2 Diamante,A3CF4466,es legal,CFF0CFAB,ABCFF0CF,Los Superadorables,19DCCD91,,,19DCCD91,38DA88FB|43D8B1AC|05BAA14B,65100166|3229031D|D539615B,Ola del Amazonas|Cuernos de toro|Carrera del dodo,351AD9A7,,16,16,16
8F4C95D5,tm_cro_legend_ie1_12,Fase nacional FF A,FF National Pick A,cronica-leyenda,1,Inazuma Eleven,leyenda,"Fase nacional FF A (Cronica Inazuma Eleven, leyenda)",99,99,1,fbtl_cro01_legend_IE1_12,0D183EA0,199E4DFF,4-4-2 Caja,199E4DFF,es legal,1835CBD6,D6CB3518,Fase nacional FF A,6B5D76A6,,,6B5D76A6,0B2E804E|446F1689|779B1E3C,D018F555|178EB41A|A2864029,Defensa en bloque|Tifones gemelos|Alas gemelas,8AAF161E,,11,11,11
DB8670F2,tm_cro_legend_IE2_01,Umbrella,Umbrella,cronica-leyenda,2,Inazuma Eleven 2,leyenda,"Umbrella (Cronica Inazuma Eleven 2, leyenda)",99,99,1,fbtl_cro02_legend_IE2_01,94116F1A,A3CF4466,4-4-2 Diamante,A3CF4466,es legal,55B9810B,0B81B955,Umbrella,7A47A6BD,EF5C9190,Equipación Umbrella,7A47A6BD,3EAF45E9|71EED32E|8B013BA4,77DD7460|B04B352F|3AA3DAD5,Lanzas laterales|Monte Fuji|Ataque en tres frentes,510159CF,,16,16,16
ABEC847D,tm_cro_legend_IE2_04,Neo Royal Academy,Neo Royal,cronica-leyenda,2,Inazuma Eleven 2,leyenda,"Neo Royal Academy (Cronica Inazuma Eleven 2, leyenda)",99,99,10,fbtl_cro02_legend_IE2_02,94116F1A,A3CF4466,4-4-2 Diamante,A3CF4466,es legal,B30AF8EE,EEF80AB3,Neo Royal Academy,F5F67C9D,,,F5F67C9D,3EAF45E9|8B013BA4|EB5E8DEB,77DD7460|3AA3DAD5|751585B5,Lanzas laterales|Ataque en tres frentes|Ciclo imperial,759C0EF5,833D7977,12,11,12
45E2E551,tm_cro_legend_IE2_06,Selección nacional A,National Team A,cronica-leyenda,2,Inazuma Eleven 2,leyenda,"Selección nacional A (Cronica Inazuma Eleven 2, leyenda)",99,99,1,fbtl_cro02_legend_IE2_03,937CAB03,BA0B2961,4-3-3 Delta,BA0B2961,es legal,B4673CF7,F73C67B4,Selección nacional A,5AB3DB5D,,,5AB3DB5D,6E802F7D|4366BE55|E91833B2,E3B75B30|CB26BD1D|2CABC3B7,Ataque táctico|Espejismo Shaolin|Barrera absoluta,6EC181ED,,11,11,11
32E5D5C7,tm_cro_legend_IE2_07,Divinidades y Alienígenas,Gods and Aliens,cronica-leyenda,2,Inazuma Eleven 2,leyenda,"Divinidades y Alienígenas (Cronica Inazuma Eleven 2, leyenda)",99,99,1,fbtl_cro02_legend_IE2_04,0A75FAB9,005A20F8,4-5-1 Equilibrio,005A20F8,es legal,441FA883,83A81F44,Divinidades y Alienígenas,AA0C9EF2,,,AA0C9EF2,22456DD4|6CC69124|5D7427C8,4AF59E7C|BA091D32|56BFAF03,Maelstrom Omega|La Marca del Berserker|Caballeros perfectos,C50A2351,,11,11,11
A25AC856,tm_cro_legend_IE2_08,Nuevo Caos,Chaos Returns,cronica-leyenda,2,Inazuma Eleven 2,leyenda,"Nuevo Caos (Cronica Inazuma Eleven 2, leyenda)",99,99,1,fbtl_cro02_legend_IE2_05,0D183EA0,199E4DFF,4-4-2 Caja,199E4DFF,es legal,0C3E0FFC,FC0F3E0C,Nuevo Caos,819888E9,,,819888E9,1582162A|E91833B2|684BED96,B48E594B|2CABC3B7|08759036,Fortaleza de llamas|Barrera absoluta|Aurora tenebrosa,8027410E,,11,11,11
D55DF8C0,tm_cro_legend_IE2_09,Mar de Árboles,Forest Team,cronica-leyenda,2,Inazuma Eleven 2,leyenda,"Mar de Árboles (Cronica Inazuma Eleven 2, leyenda)",99,99,1,fbtl_cro02_legend_IE2_06,0D183EA0,199E4DFF,4-4-2 Caja,199E4DFF,es legal,860DAAAB,ABAA0D86,Mar de Árboles,210F44A3,E9A3A6DA,Equipación Mar de Árboles,210F44A3,1CA1900A|05BAA14B|38DA88FB,94087A42|D539615B|65100166,Bosque encantado|Carrera del dodo|Ola del Amazonas,CDD2B002,,11,11,11
B59A7125,tm_cro_legend_IE2_10,Suplentes del Raimon,Raimon Subs,cronica-leyenda,2,Inazuma Eleven 2,leyenda,"Suplentes del Raimon (Cronica Inazuma Eleven 2, leyenda)",99,99,1,fbtl_cro02_legend_IE2_07,0D183EA0,199E4DFF,4-4-2 Caja,199E4DFF,es legal,1F580FCF,CF0F581F,Suplentes del Raimon,451604F8,,,451604F8,71EED32E|921A0AE5|8B013BA4,B04B352F|7B92C1CC|3AA3DAD5,Monte Fuji|Protocolo de enlace|Ataque en tres frentes,953CC209,,13,13,13
C29D41B3,tm_cro_legend_IE2_11,Selección nacional B,National Team B,cronica-leyenda,2,Inazuma Eleven 2,leyenda,"Selección nacional B (Cronica Inazuma Eleven 2, leyenda)",99,99,1,fbtl_cro02_legend_IE2_08,E47B9B95,2C3B2E16,4-3-3 Triángulo,2C3B2E16,es legal,34755C0C,0C5C7534,Selección nacional B,5AB3DB5D,,,5AB3DB5D,1235B10F|5EF0F3A6|684BED96,9129EE4C|386B2B00|08759036,Cielo infinito|Vórtice de succión|Aurora tenebrosa,0E20385B,,11,11,11
5B941009,tm_cro_legend_IE2_12,Royal Claustro A,Front And Back Kings,cronica-leyenda,2,Inazuma Eleven 2,leyenda,"Royal Claustro A (Cronica Inazuma Eleven 2, leyenda)",99,99,1,fbtl_cro02_legend_IE2_09,7A1F0E36,8FAE4A88,3-5-2 Libertad,8FAE4A88,es legal,2D6E6D4D,4D6D6E2D,Royal Claustro A,ED27929E,,,ED27929E,4366BE55|6E802F7D|153C19D3,CB26BD1D|E3B75B30|4D81E74B,Espejismo Shaolin|Ataque táctico|Cal y arena,33D11B4C,,16,16,16
428F2148,tm_cro_legend_IE2_02,Alius A,Alius A,cronica-leyenda,2,Inazuma Eleven 2,leyenda,"Alius A (Cronica Inazuma Eleven 2, leyenda)",99,99,1,fbtl_cro02_legend_IE2_10,94116F1A,A3CF4466,4-4-2 Diamante,A3CF4466,es legal,5D0499C2,C299045D,Alius A,AA0C9EF2,,,AA0C9EF2,6CC69124|27B474A8|52226CFA,BA091D32|36EC6F79|64F4F90C,La Marca del Berserker|Luna creciente|Recorrido estelar,DC111210,,11,11,11
DCEBB4EB,tm_cro_legend_IE2_05,Alius B,Alius B,cronica-leyenda,2,Inazuma Eleven 2,leyenda,"Alius B (Cronica Inazuma Eleven 2, leyenda)",99,99,1,fbtl_cro02_legend_IE2_11,94116F1A,A3CF4466,4-4-2 Diamante,A3CF4466,es legal,DA7B3D20,203D7BDA,Alius B,AA0C9EF2,,,AA0C9EF2,6D04FB13|CCA14174|0AECEA79,8D63DF33|EAD97A92|E7723754,Maelstrom Omega 2.0|Muralla titánica|Trueno oscuro,C50A2351,,11,11,11
358811DE,tm_cro_legend_IE2_03,Reinas del Hielo,The Ice Queens,cronica-leyenda,2,Inazuma Eleven 2,leyenda,"Reinas del Hielo (Cronica Inazuma Eleven 2, leyenda)",99,99,1,fbtl_cro02_legend_IE2_12,94116F1A,A3CF4466,4-4-2 Diamante,A3CF4466,es legal,31B46BC0,C06BB431,Reinas del Hielo,8F54511A,,,8F54511A,27B474A8|779B1E3C|1235B10F,36EC6F79|A2864029|9129EE4C,Luna creciente|Alas gemelas|Cielo infinito,2C9AF0A1,,16,16,16
633A1797,tm_cro_legend_IE3_01,Reiji All Stars,Reiji's All Stars,cronica-leyenda,3,Inazuma Eleven 3,leyenda,"Reiji All Stars (Cronica Inazuma Eleven 3, leyenda)",99,99,1,fbtl_cro03_legend_IE3_01,94116F1A,A3CF4466,4-4-2 Diamante,A3CF4466,es legal,33189815,15981833,<FLA:REIJI> All Stars,ED27929E,,,ED27929E,EB5E8DEB|3EAF45E9|45AD7CBE,751585B5|77DD7460|20E4761B,Ciclo imperial|Lanzas laterales|Virtuoso,9E23A289,833D7977,12,11,12
FA33462D,tm_cro_legend_IE3_02,Astros del Grupo A,Group A Allstars,cronica-leyenda,3,Inazuma Eleven 3,leyenda,"Astros del Grupo A (Cronica Inazuma Eleven 3, leyenda)",99,99,1,fbtl_cro03_legend_IE3_02,94116F1A,A3CF4466,4-4-2 Diamante,A3CF4466,es legal,F5F0D7A3,A3D7F0F5,Astros del Grupo A,64404028,,,64404028,5D7427C8|E8DA5985|21C1B9BA,56BFAF03|1BC101B6|24211A7F,Caballeros perfectos|Trampa andina|Contraataque catenaccio,3055CF22,,15,15,15
8D3476BB,tm_cro_legend_IE3_03,Ángeles del Caos,Chaos Angels,cronica-leyenda,3,Inazuma Eleven 3,leyenda,"Ángeles del Caos (Cronica Inazuma Eleven 3, leyenda)",99,99,1,fbtl_cro03_legend_IE3_03,0D183EA0,199E4DFF,4-4-2 Caja,199E4DFF,es legal,B0C185B7,B785C1B0,Ángeles del Caos,819888E9,,,819888E9,0AECEA79|1582162A|E91833B2,E7723754|B48E594B|2CABC3B7,Trueno oscuro|Fortaleza de llamas|Barrera absoluta,6D4E8DD5,,16,16,16
1350E318,tm_cro_legend_IE3_04,Ases Internacionales,International United,cronica-leyenda,3,Inazuma Eleven 3,leyenda,"Ases Internacionales (Cronica Inazuma Eleven 3, leyenda)",99,99,1,fbtl_cro03_legend_IE3_04,94116F1A,A3CF4466,4-4-2 Diamante,A3CF4466,es legal,3153D3ED,EDD35331,Ases Internacionales,6EB9C026,,,6EB9C026,7659740B|21C1B9BA|13F7DB38,95EC8228|24211A7F|A6432C4D,Presión perfecta|Contraataque catenaccio|Impulso circular,49E7B83E,,16,16,16
6457D38E,tm_cro_legend_IE3_05,Grifos de Rosa,Rose Griffons,cronica-leyenda,3,Inazuma Eleven 3,leyenda,"Grifos de Rosa (Cronica Inazuma Eleven 3, leyenda)",99,99,1,fbtl_cro03_legend_IE3_05,0D183EA0,199E4DFF,4-4-2 Caja,199E4DFF,es legal,ABC0FE71,71FEC0AB,Grifos de la Rosa,14360AD9,56CA26F9,Equipación Grifos de la Rosa,14360AD9,3E114A10|D5BA7035|53E006CD,8ED2CA60|ABE8618B|539E3B0D,Virtuoso imperial|Rugido decisivo|Contra todo pronóstico,29060188,,16,16,16
FD5E8234,tm_cro_legend_IE3_06,Brocken Brigade,Brocken Brigade,cronica-leyenda,3,Inazuma Eleven 3,leyenda,"Brocken Brigade (Cronica Inazuma Eleven 3, leyenda)",99,99,1,fbtl_cro03_legend_IE3_06,0D183EA0,199E4DFF,4-4-2 Caja,199E4DFF,es legal,8E362580,8025368E,Brocken Brigade,96573244,61A0E4F8,Equipación Brocken Brigade,96573244,CCA14174|0C99276B|3EAF45E9,EAD97A92|F5BF4252|77DD7460,Muralla titánica|Defensa del diamante|Lanzas laterales,8CA9B7E0,,16,16,16
8A59B2A2,tm_cro_legend_IE3_07,Caimanes del Cabo,The Cape Crusaders,cronica-leyenda,3,Inazuma Eleven 3,leyenda,"Caimanes del Cabo (Cronica Inazuma Eleven 3, leyenda)",99,99,1,fbtl_cro03_legend_IE3_07,94116F1A,A3CF4466,4-4-2 Diamante,A3CF4466,es legal,F9311516,161531F9,Caimanes del Cabo,6E49901B,381EA2FA,Equipación Caimanes del Cabo,6E49901B,43D8B1AC|D5BA7035|F387D69D,3229031D|ABE8618B|034E5CAD,Cuernos de toro|Rugido decisivo|Regate abrasador,C0E969B7,,16,16,16
1AE6AF33,tm_cro_legend_IE3_08,Los Payasetes,The Clown Princes,cronica-leyenda,3,Inazuma Eleven 3,leyenda,"Los Payasetes (Cronica Inazuma Eleven 3, leyenda)",99,99,1,fbtl_cro03_legend_IE3_08,94116F1A,A3CF4466,4-4-2 Diamante,A3CF4466,es legal,A8BD3A7A,7A3ABDA8,Los Payasetes,7173C363,,,7173C363,1CA1900A|05BAA14B|270A7B51,94087A42|D539615B|CFE3D179,Bosque encantado|Carrera del dodo|Marcaje zombi,5A697C23,,12,12,12
6DE19FA5,tm_cro_legend_IE3_09,Astros del Firm.,The Blastrologers,cronica-leyenda,3,Inazuma Eleven 3,leyenda,"Astros del Firm. (Cronica Inazuma Eleven 3, leyenda)",99,99,1,fbtl_cro03_legend_IE3_09,94116F1A,A3CF4466,4-4-2 Diamante,A3CF4466,es legal,C6468380,808346C6,Astros del Firm.,819888E9,,,819888E9,27B474A8|52226CFA|684BED96,36EC6F79|64F4F90C|08759036,Luna creciente|Recorrido estelar|Aurora tenebrosa,4E6372BF,,12,12,12
0D261640,tm_cro_legend_IE3_10,Estrellas femeninas,The All-Girls Allstars,cronica-leyenda,3,Inazuma Eleven 3,leyenda,"Estrellas femeninas (Cronica Inazuma Eleven 3, leyenda)",99,99,1,fbtl_cro03_legend_IE3_10,0D183EA0,199E4DFF,4-4-2 Caja,199E4DFF,es legal,53F4D402,02D4F453,Estrellas femeninas,5AB3DB5D,,,5AB3DB5D,27B474A8|238707E3|E91833B2,36EC6F79|7D9F5C7D|2CABC3B7,Luna creciente|Pases volantes|Barrera absoluta,71117247,,16,16,16
7A2126D6,tm_cro_legend_IE3_11,Hermanas Estrelladas,Star Sisters,cronica-leyenda,3,Inazuma Eleven 3,leyenda,"Hermanas Estrelladas (Cronica Inazuma Eleven 3, leyenda)",99,99,1,fbtl_cro03_legend_IE3_11,7D72CA2F,966A278F,3-6-1 Hexa,966A278F,es legal,F0FBAF9A,9AAFFBF0,Hermanas Estrelladas,BDDD676B,,,BDDD676B,1235B10F|4AFB378C|684BED96,9129EE4C|12AF2014|08759036,Cielo infinito|Virtuoso del éter|Aurora tenebrosa,C366658F,,16,16,16
E328776C,tm_cro_legend_IE3_12,Mega Inazuma Eleven,The Real Inazuma,cronica-leyenda,3,Inazuma Eleven 3,leyenda,"Mega Inazuma Eleven (Cronica Inazuma Eleven 3, leyenda)",99,99,1,fbtl_cro03_legend_IE3_12,7A1F0E36,8FAE4A88,3-5-2 Libertad,8FAE4A88,es legal,437F993B,3B997F43,Mega Inazuma Eleven,5AB3DB5D,,,5AB3DB5D,921A0AE5|1235B10F|446F1689,7B92C1CC|9129EE4C|178EB41A,Protocolo de enlace|Cielo infinito|Tifones gemelos,3055CF22,,16,16,16
B989A6CD,tm_cro_legend_GO1_01,Ultramegahiedra,Ivy Selective,cronica-leyenda,4,Inazuma Eleven GO,leyenda,"Ultramegahiedra (Cronica Inazuma Eleven GO, leyenda)",99,99,10,fbtl_cro04_legend_GO1_01,0D183EA0,199E4DFF,4-4-2 Caja,199E4DFF,es legal,B6745DB8,B85D74B6,Ultramegahiedra,2C33D98F,14EC1AD0,Equipación Ultramegahiedra,2C33D98F,6E802F7D|71EED32E|3EAF45E9,E3B75B30|B04B352F|77DD7460,Ataque táctico|Monte Fuji|Lanzas laterales,25D6FDDA,,16,16,16
C9E35242,tm_cro_legend_GO1_04,Selección CI,Saints' Way Pick,cronica-leyenda,4,Inazuma Eleven GO,leyenda,"Selección CI (Cronica Inazuma Eleven GO, leyenda)",99,99,10,fbtl_cro04_legend_GO1_02,94116F1A,A3CF4466,4-4-2 Diamante,A3CF4466,es legal,A7CB7331,3173CBA7,Selección CI,BD0A67B8,,,BD0A67B8,1235B10F|60140E78|68F5E26F,9129EE4C|E696CF3E|F17A2E36,Cielo infinito|Vínculo invisible|Espadón,F278004D,,16,16,16
27ED336E,tm_cro_legend_GO1_06,Superheroínas,The Superheroines,cronica-leyenda,4,Inazuma Eleven GO,leyenda,"Superheroínas (Cronica Inazuma Eleven GO, leyenda)",99,99,1,fbtl_cro04_legend_GO1_03,0A75FAB9,005A20F8,4-5-1 Equilibrio,005A20F8,es legal,849206EE,EE069284,Superheroínas,243728B6,,,243728B6,27B474A8|0C99276B|741FCA52,36EC6F79|F5BF4252|CC52C42A,Luna creciente|Defensa del diamante|Velo luminoso,EF49C98B,,11,11,11
50EA03F8,tm_cro_legend_GO1_07,Superestrellas CI,All Saints' Allstars,cronica-leyenda,4,Inazuma Eleven GO,leyenda,"Superestrellas CI (Cronica Inazuma Eleven GO, leyenda)",99,99,10,fbtl_cro04_legend_GO1_04,7A1F0E36,8FAE4A88,3-5-2 Libertad,8FAE4A88,es legal,612EC926,26C92E61,Superestrellas CI,99045D62,,,99045D62,8B013BA4|E91833B2|F00302F3,3AA3DAD5|2CABC3B7|6D9AD8AE,Ataque en tres frentes|Barrera absoluta|Triángulo perfecto,735C9B05,,16,16,16
C0551E69,tm_cro_legend_GO1_08,Gerentes,The Coodinators,cronica-leyenda,4,Inazuma Eleven GO,leyenda,"Gerentes (Cronica Inazuma Eleven GO, leyenda)",99,99,1,fbtl_cro04_legend_GO1_05,BE566CA1,,,199E4DFF,posiciones,F3953678,783695F3,Gerentes,DB3F2C36,,,DB3F2C36,45AD7CBE|5CB64DFF|47EBC2E7,20E4761B|61D56D02|795A3019,Virtuoso|Trueno ilimitado|Gran plan,2F6AC81B,,12,12,12
B7522EFF,tm_cro_legend_GO1_09,Última Orden,The Last Orders,cronica-leyenda,4,Inazuma Eleven GO,leyenda,"Última Orden (Cronica Inazuma Eleven GO, leyenda)",99,99,1,fbtl_cro04_legend_GO1_06,E47B9B95,2C3B2E16,4-3-3 Triángulo,2C3B2E16,es legal,BA7B0E91,910E7BBA,Última Orden,054ED54B,,,054ED54B,68F5E26F|0AECEA79|13F7DB38,F17A2E36|E7723754|A6432C4D,Espadón|Trueno oscuro|Impulso circular,735C9B05,,16,16,16
D795A71A,tm_cro_legend_GO1_10,Segundo equipo del Raimon,Raimon Second Squad,cronica-leyenda,4,Inazuma Eleven GO,leyenda,"Segundo equipo del Raimon (Cronica Inazuma Eleven GO, leyenda)",99,99,10,fbtl_cro04_legend_GO1_07,0D183EA0,199E4DFF,4-4-2 Caja,199E4DFF,es legal,587A3C94,943C7A58,Segundo equipo del Raimon,B2AA9535,1B5B98EC,Equipación Segundo equipo del Raimon,B2AA9535,238707E3|3EAF45E9|921A0AE5,7D9F5C7D|77DD7460|7B92C1CC,Pases volantes|Lanzas laterales|Protocolo de enlace,A930BEE3,,11,11,11
BEE462D4,tm_cro_legend_GO1_05,Rubios de Bote,The Bottle Blondes,cronica-leyenda,4,Inazuma Eleven GO,leyenda,"Rubios de Bote (Cronica Inazuma Eleven GO, leyenda)",99,99,1,fbtl_cro04_legend_GO1_10,94116F1A,A3CF4466,4-4-2 Diamante,A3CF4466,es legal,C3A7B635,35B6A7C3,Rubios de Bote,2199271A,,,2199271A,0C99276B|27B474A8|52226CFA,F5BF4252|36EC6F79|64F4F90C,Defensa del diamante|Luna creciente|Recorrido estelar,902DDE30,,16,16,16
A092978C,tm_cro_legend_GO1_11,Alucinaciones,The Illusions,cronica-leyenda,4,Inazuma Eleven GO,leyenda,"Alucinaciones (Cronica Inazuma Eleven GO, leyenda)",99,99,1,fbtl_cro04_legend_GO1_09,0D183EA0,199E4DFF,4-4-2 Caja,199E4DFF,es legal,33389A6C,6C9A3833,Alucinaciones,3AD8555B,,,3AD8555B,3918E2CC|270A7B51|1CA1900A,527AC367|CFE3D179|94087A42,Bloqueo espectral|Marcaje zombi|Bosque encantado,07B40ADA,,16,16,16
5787C7E1,tm_cro_legend_GO1_03,Fuerza Elemental,Elemental Masters,cronica-leyenda,4,Inazuma Eleven GO,leyenda,"Fuerza Elemental (Cronica Inazuma Eleven GO, leyenda)",99,99,1,fbtl_cro04_legend_GO1_11,EDCDD7BE,0777981F,5-4-1 Doble Volante,0777981F,es legal,1629F9B0,B0F92916,Fuerza Elemental,0BC6B391,28C28248,Equipación Equipo Zero,0BC6B391,1582162A|446F1689|71EED32E,B48E594B|178EB41A|B04B352F,Fortaleza de llamas|Tifones gemelos|Monte Fuji,EA06DF0E,,16,16,16
399BC636,tm_cro_legend_GO1_12,Pro Sector Quinto,Fifth Sectarians,cronica-leyenda,4,Inazuma Eleven GO,leyenda,"Pro Sector Quinto (Cronica Inazuma Eleven GO, leyenda)",99,99,1,fbtl_cro04_legend_GO1_12,94116F1A,A3CF4466,4-4-2 Diamante,A3CF4466,es legal,D4670F46,460F67D4,Pro Sector Quinto,69CD5731,FAB4CDE0,Equipación Caballeros Templarios,69CD5731,6E802F7D|E91833B2|F00302F3,E3B75B30|2CABC3B7|6D9AD8AE,Ataque táctico|Barrera absoluta|Triángulo perfecto,735C9B05,,16,16,16
4E9CF6A0,tm_cro_legend_GO1_13,Ángeles del Caos Zero,Chaos Angels Zero,cronica-leyenda,4,Inazuma Eleven GO,leyenda,"Ángeles del Caos Zero (Cronica Inazuma Eleven GO, leyenda)",99,99,1,fbtl_cro04_legend_GO1_08,0D183EA0,199E4DFF,4-4-2 Caja,199E4DFF,es legal,CD7C3E07,073E7CCD,Ángeles del Caos Zero,6E0D0E27,,,6E0D0E27,1582162A|0AECEA79|741FCA52,B48E594B|E7723754|CC52C42A,Fortaleza de llamas|Trueno oscuro|Velo luminoso,6C8C68AF,,16,16,16
4532680F,tm_cro_legend_GO2_03,Auténticas Leyendas,True Legends,cronica-leyenda,5,Inazuma Eleven GO Chrono Stone,leyenda,"Auténticas Leyendas (Cronica Inazuma Eleven GO Chrono Stone, leyenda)",99,99,1,fbtl_cro05_legend_GO2_01,94116F1A,A3CF4466,4-4-2 Diamante,A3CF4466,es legal,2C241419,1914242C,Auténticas Leyendas,5525D532,,,5525D532,53E006CD|2E97F288|08AA5420,539E3B0D|166A4C70|BECC7156,Contra todo pronóstico|Avance de caballería|Formación caparazón,74458C00,FA92340C,14,13,14
AC51CD3A,tm_cro_legend_GO2_05,Chrono Crisis,Chrono Crisis,cronica-leyenda,5,Inazuma Eleven GO Chrono Stone,leyenda,"Chrono Crisis (Cronica Inazuma Eleven GO Chrono Stone, leyenda)",99,99,1,fbtl_cro05_legend_GO2_02,7D72CA2F,966A278F,3-6-1 Hexa,966A278F,es legal,5B23248F,8F24235B,Chrono Crisis,A484286F,,,A484286F,779B1E3C|3A9C36A2|0AECEA79,A2864029|3CAE4764|E7723754,Alas gemelas|Reflector 3D|Trueno oscuro,B73298A7,D7839F80,12,11,12
35589C80,tm_cro_legend_GO2_06,Armiños Invernales,The Snow Weasels,cronica-leyenda,5,Inazuma Eleven GO Chrono Stone,leyenda,"Armiños Invernales (Cronica Inazuma Eleven GO Chrono Stone, leyenda)",99,99,1,fbtl_cro05_legend_GO2_03,0D183EA0,199E4DFF,4-4-2 Caja,199E4DFF,es legal,A9CD3776,7637CDA9,Armiños Invernales,2D9BFCFC,,,2D9BFCFC,F00302F3|684BED96|E91833B2,6D9AD8AE|08759036|2CABC3B7,Triángulo perfecto|Aurora tenebrosa|Barrera absoluta,CDC1A663,,16,16,16
425FAC16,tm_cro_legend_GO2_07,Osos Dorados,The Golden Bears,cronica-leyenda,5,Inazuma Eleven GO Chrono Stone,leyenda,"Osos Dorados (Cronica Inazuma Eleven GO Chrono Stone, leyenda)",99,99,1,fbtl_cro05_legend_GO2_04,0D183EA0,199E4DFF,4-4-2 Caja,199E4DFF,es legal,37A9A2D5,D5A2A937,Osos Dorados,7CA5724C,,,7CA5724C,F00302F3|5CB64DFF|47EBC2E7,6D9AD8AE|61D56D02|795A3019,Triángulo perfecto|Trueno ilimitado|Gran plan,E6ECF5A0,,16,16,16
D2E0B187,tm_cro_legend_GO2_08,Aves Acuáticas,The Aquatic Wings,cronica-leyenda,5,Inazuma Eleven GO Chrono Stone,leyenda,"Aves Acuáticas (Cronica Inazuma Eleven GO Chrono Stone, leyenda)",99,99,1,fbtl_cro05_legend_GO2_05,94116F1A,A3CF4466,4-4-2 Diamante,A3CF4466,es legal,40AE9243,4392AE40,Aves Acuáticas,A484286F,,,A484286F,F00302F3|5EF0F3A6|10730F56,6D9AD8AE|386B2B00|C897A84E,Triángulo perfecto|Vórtice de succión|Ataque marioneta,FFF7C4E1,,16,16,16
A5E78111,tm_cro_legend_GO2_09,Víboras Nocturnas,The Night Vipers,cronica-leyenda,5,Inazuma Eleven GO Chrono Stone,leyenda,"Víboras Nocturnas (Cronica Inazuma Eleven GO Chrono Stone, leyenda)",99,99,1,fbtl_cro05_legend_GO2_06,E47B9B95,2C3B2E16,4-3-3 Triángulo,2C3B2E16,es legal,D9A7C3F9,F9C3A7D9,Víboras Nocturnas,5F82F9B2,,,5F82F9B2,F00302F3|75DDA065|4629A8D0,6D9AD8AE|FB38062B|4E30F218,Triángulo perfecto|Derrape arenoso|Desvanecimiento absoluto,B0B65226,,16,16,16
C52008F4,tm_cro_legend_GO2_10,Canes Escarlata,The Crimson Hounds,cronica-leyenda,5,Inazuma Eleven GO Chrono Stone,leyenda,"Canes Escarlata (Cronica Inazuma Eleven GO Chrono Stone, leyenda)",99,99,1,fbtl_cro05_legend_GO2_07,937CAB03,BA0B2961,4-3-3 Delta,BA0B2961,es legal,AEA0F36F,6FF3A0AE,Canes Escarlata,5525D532,,,5525D532,F00302F3|5A7D8F14|1582162A,6D9AD8AE|8A17A604|B48E594B,Triángulo perfecto|Polvareda cegadora|Fortaleza de llamas,A9AD6367,,16,16,16
AB3C0923,tm_cro_legend_GO2_01,Superestrellas de Owari,Owari Allstars,cronica-leyenda,5,Inazuma Eleven GO Chrono Stone,leyenda,"Superestrellas de Owari (Cronica Inazuma Eleven GO Chrono Stone, leyenda)",99,99,1,fbtl_cro05_legend_GO2_08,0A75FAB9,005A20F8,4-5-1 Equilibrio,005A20F8,es legal,E90726F6,F62607E9,Superestrellas de Owari,EFDC8693,,,EFDC8693,53E006CD|1582162A|11B16561,539E3B0D|B48E594B|FFFD6A4F,Contra todo pronóstico|Fortaleza de llamas|Virtuoso volcánico,D932A93B,,16,16,16
B2273862,tm_cro_legend_GO2_11,Fuerza de Orleans,The Orléans,cronica-leyenda,5,Inazuma Eleven GO Chrono Stone,leyenda,"Fuerza de Orleans (Cronica Inazuma Eleven GO Chrono Stone, leyenda)",99,99,1,fbtl_cro05_legend_GO2_11,7A1F0E36,8FAE4A88,3-5-2 Libertad,8FAE4A88,es legal,9E001660,6016009E,Fuerza de Orleans,243728B6,,,243728B6,2E97F288|CCA14174|D5BA7035,166A4C70|EAD97A92|ABE8618B,Avance de caballería|Muralla titánica|Rugido decisivo,7587E637,,16,16,16
2B2E69D8,tm_cro_legend_GO2_12,Invencibles de Chengdú,Chengdu Champions,cronica-leyenda,5,Inazuma Eleven GO Chrono Stone,leyenda,"Invencibles de Chengdú (Cronica Inazuma Eleven GO Chrono Stone, leyenda)",99,99,1,fbtl_cro05_legend_GO2_09,0D183EA0,199E4DFF,4-4-2 Caja,199E4DFF,es legal,070947DA,DA470907,Invencibles de Chengdú,3CA38BC7,,,3CA38BC7,08AA5420|3B5E5C95|0C272892,BECC7156|0BC48565|0CB0FC52,Formación caparazón|Cuadrícula defensiva|La Gran Muralla china,97B155CB,,16,16,16
32355899,tm_cro_legend_GO2_02,Élite Omega,Omega Elite,cronica-leyenda,5,Inazuma Eleven GO Chrono Stone,leyenda,"Élite Omega (Cronica Inazuma Eleven GO Chrono Stone, leyenda)",99,99,1,fbtl_cro05_legend_GO2_10,937CAB03,BA0B2961,4-3-3 Delta,BA0B2961,es legal,B24081BA,BA8140B2,Élite Omega,9A85DF50,,,9A85DF50,F00302F3|3A9C36A2|60140E78,6D9AD8AE|3CAE4764|E696CF3E,Triángulo perfecto|Reflector 3D|Vínculo invisible,A10A4BFB,,16,16,16
DB56FDAC,tm_cro_legend_GO2_04,Belladona,Belladonna,cronica-leyenda,5,Inazuma Eleven GO Chrono Stone,leyenda,"Belladona (Cronica Inazuma Eleven GO Chrono Stone, leyenda)",99,99,1,fbtl_cro05_legend_GO2_12,0A75FAB9,005A20F8,4-5-1 Equilibrio,005A20F8,es legal,CCF1FD07,07FDF1CC,Belladona,EFCAC3ED,,,EFCAC3ED,27B474A8|3A9C36A2|EB5E8DEB,36EC6F79|3CAE4764|751585B5,Luna creciente|Reflector 3D|Ciclo imperial,A28E9F95,,16,16,16
13806E46,tm_cro_legend_GO3_01,Hermanos del Estadio,Battle Band Brothers,cronica-leyenda,6,Inazuma Eleven GO Galaxy,leyenda,"Hermanos del Estadio (Cronica Inazuma Eleven GO Galaxy, leyenda)",99,99,1,fbtl_cro06_legend_GO3_01,0D183EA0,199E4DFF,4-4-2 Caja,199E4DFF,es legal,518476C1,C1768451,Hermanos del Estadio,3AD8555B,,,3AD8555B,921A0AE5|F00302F3|11B16561,7B92C1CC|6D9AD8AE|FFFD6A4F,Protocolo de enlace|Triángulo perfecto|Virtuoso volcánico,943581A5,,16,16,16
8A893FFC,tm_cro_legend_GO3_02,Leyendas rebeldes,Resistance Legends,cronica-leyenda,6,Inazuma Eleven GO Galaxy,leyenda,"Leyendas rebeldes (Cronica Inazuma Eleven GO Galaxy, leyenda)",99,99,1,fbtl_cro06_legend_GO3_02,937CAB03,BA0B2961,4-3-3 Delta,BA0B2961,es legal,D6FBD223,23D2FBD6,Leyendas rebeldes,4EA03141,,,4EA03141,F00302F3|11B16561|921A0AE5,6D9AD8AE|FFFD6A4F|7B92C1CC,Triángulo perfecto|Virtuoso volcánico|Protocolo de enlace,55A3AF6E,,11,11,11
FD8E0F6A,tm_cro_legend_GO3_03,Pimpollos Eleven,Eleven Young'uns,cronica-leyenda,6,Inazuma Eleven GO Galaxy,leyenda,"Pimpollos Eleven (Cronica Inazuma Eleven GO Galaxy, leyenda)",99,99,1,fbtl_cro06_legend_GO3_03,7A1F0E36,8FAE4A88,3-5-2 Libertad,8FAE4A88,es legal,0DAE1594,9415AE0D,Pimpollos Eleven,00F5708E,,,00F5708E,1235B10F|21C1B9BA|5CB64DFF,9129EE4C|24211A7F|61D56D02,Cielo infinito|Contraataque catenaccio|Trueno ilimitado,9B9E6D9E,,16,16,16
63EA9AC9,tm_cro_legend_GO3_04,Féminas Eleven,Sisterhood Eleven,cronica-leyenda,6,Inazuma Eleven GO Galaxy,leyenda,"Féminas Eleven (Cronica Inazuma Eleven GO Galaxy, leyenda)",99,99,1,fbtl_cro06_legend_GO3_04,E47B9B95,2C3B2E16,4-3-3 Triángulo,2C3B2E16,es legal,7AA92502,0225A97A,Féminas Eleven,A281B9D5,,,A281B9D5,27B474A8|0C99276B|08AA5420,36EC6F79|F5BF4252|BECC7156,Luna creciente|Defensa del diamante|Formación caparazón,E51A8794,,16,16,16
14EDAA5F,tm_cro_legend_GO3_05,Némesis Astrales,Astral Nemeses,cronica-leyenda,6,Inazuma Eleven GO Galaxy,leyenda,"Némesis Astrales (Cronica Inazuma Eleven GO Galaxy, leyenda)",99,99,1,fbtl_cro06_legend_GO3_05,0D183EA0,199E4DFF,4-4-2 Caja,199E4DFF,es legal,26834657,57468326,Némesis Astrales,8A68AEA4,,,8A68AEA4,3918E2CC|75DDA065|6CC69124,527AC367|FB38062B|BA091D32,Bloqueo espectral|Derrape arenoso|La Marca del Berserker,0E914939,,16,16,16
8DE4FBE5,tm_cro_legend_GO3_06,Iridiscencia Zafiro,Sapphire Iridics,cronica-leyenda,6,Inazuma Eleven GO Galaxy,leyenda,"Iridiscencia Zafiro (Cronica Inazuma Eleven GO Galaxy, leyenda)",99,99,1,fbtl_cro06_legend_GO3_06,7D72CA2F,966A278F,3-6-1 Hexa,966A278F,es legal,77B425C8,C825B477,Iridiscencia Zafiro,C30F446D,,,C30F446D,E91833B2|5D7427C8|1235B10F,2CABC3B7|56BFAF03|9129EE4C,Barrera absoluta|Caballeros perfectos|Cielo infinito,C7A8B1CD,,16,16,16
FAE3CB73,tm_cro_legend_GO3_07,Iridiscencia Rubí,Ruby Iridics,cronica-leyenda,6,Inazuma Eleven GO Galaxy,leyenda,"Iridiscencia Rubí (Cronica Inazuma Eleven GO Galaxy, leyenda)",99,99,1,fbtl_cro06_legend_GO3_07,0D183EA0,199E4DFF,4-4-2 Caja,199E4DFF,es legal,1EC5E006,06E0C51E,Iridiscencia Rubí,C677F590,,,C677F590,1582162A|11B16561|22456DD4,B48E594B|FFFD6A4F|4AF59E7C,Fortaleza de llamas|Virtuoso volcánico|Maelstrom Omega,DDC58D70,,16,16,16
6A5CD6E2,tm_cro_legend_GO3_08,Las Galácticas,Starborn Girls,cronica-leyenda,6,Inazuma Eleven GO Galaxy,leyenda,"Las Galácticas (Cronica Inazuma Eleven GO Galaxy, leyenda)",99,99,1,fbtl_cro06_legend_GO3_08,E47B9B95,2C3B2E16,4-3-3 Triángulo,2C3B2E16,es legal,E3A074B8,B874A0E3,Las Galácticas,7173C363,,,7173C363,0C99276B|684BED96|5EF0F3A6,F5BF4252|08759036|386B2B00,Defensa del diamante|Aurora tenebrosa|Vórtice de succión,FE304DE0,,16,16,16
1D5BE674,tm_cro_legend_GO3_09,Tutores Guardianes,Guardian Parents,cronica-leyenda,6,Inazuma Eleven GO Galaxy,leyenda,"Tutores Guardianes (Cronica Inazuma Eleven GO Galaxy, leyenda)",99,99,1,fbtl_cro06_legend_GO3_12,D7FBFC50,,,005A20F8,exacta,93CA8037,3780CA93,Tutores Guardianes,DC17D9E5,,,DC17D9E5,446F1689|779B1E3C|3EAF45E9,178EB41A|A2864029|77DD7460,Tifones gemelos|Alas gemelas|Lanzas laterales,801B5231,,16,16,16
7D9C6F91,tm_cro_legend_GO3_10,Comando Entrenadores,Coach Command,cronica-leyenda,6,Inazuma Eleven GO Galaxy,leyenda,"Comando Entrenadores (Cronica Inazuma Eleven GO Galaxy, leyenda)",99,99,10,fbtl_cro06_legend_GO3_10,7A1F0E36,8FAE4A88,3-5-2 Libertad,8FAE4A88,es legal,ED7BFC8A,8AFC7BED,Comando Entrenadores,8A68AEA4,,,8A68AEA4,446F1689|F00302F3|47EBC2E7,178EB41A|6D9AD8AE|795A3019,Tifones gemelos|Triángulo perfecto|Gran plan,CE98AEC1,,16,16,16
0A9B5F07,tm_cro_legend_GO3_11,Los Estirados,Highyard Giants,cronica-leyenda,6,Inazuma Eleven GO Galaxy,leyenda,"Los Estirados (Cronica Inazuma Eleven GO Galaxy, leyenda)",99,99,10,fbtl_cro06_legend_GO3_11,7A1F0E36,8FAE4A88,3-5-2 Libertad,8FAE4A88,es legal,A84AAE9E,9EAE4AA8,Los Estirados,32EB390D,,,32EB390D,27B474A8|13F7DB38|E91833B2,36EC6F79|A6432C4D|2CABC3B7,Luna creciente|Impulso circular|Barrera absoluta,8E22E5E1,,16,16,16
93920EBD,tm_cro_legend_GO3_12,Los Cósmicos,Muscle Mayhem,cronica-leyenda,6,Inazuma Eleven GO Galaxy,leyenda,"Los Cósmicos (Cronica Inazuma Eleven GO Galaxy, leyenda)",99,99,10,fbtl_cro06_legend_GO3_09,7A1F0E36,8FAE4A88,3-5-2 Libertad,8FAE4A88,es legal,87CCB1BC,BCB1CC87,Los Cósmicos,62E82FF2,,,62E82FF2,43D8B1AC|5F329991|75DDA065,3229031D|0F01E901|FB38062B,Cuernos de toro|Danza alineada|Derrape arenoso,BEDAB851,,16,16,16
4832D9A4,tm_cro_legend_ARES_03,Los Princesos,The Princelings,cronica-leyenda,7,Inazuma Eleven Ares,leyenda,"Los Princesos (Cronica Inazuma Eleven Ares, leyenda)",99,99,1,fbtl_cro07_legend_ARES_01,7A1F0E36,8FAE4A88,3-5-2 Libertad,8FAE4A88,es legal,80AC8004,0480AC80,Los Princesos,A976A971,3C8CDCCE,E. visitante Servicio Secreto,A976A971,22456DD4|09683E17|F245BCAA,4AF59E7C|89A6B357|34249EAC,Maelstrom Omega|Supremacía de la espada|Zona crítica,5E959869,,11,11,11
D6564C07,tm_cro_legend_ARES_04,Las Principesas,The Princesses,cronica-leyenda,7,Inazuma Eleven Ares,leyenda,"Las Principesas (Cronica Inazuma Eleven Ares, leyenda)",99,99,10,fbtl_cro07_legend_ARES_02,E47B9B95,2C3B2E16,4-3-3 Triángulo,2C3B2E16,es legal,19A5D1BE,BED1A519,Las Principesas,8F54511A,,,8F54511A,10730F56|0C99276B|52226CFA,C897A84E|F5BF4252|64F4F90C,Ataque marioneta|Defensa del diamante|Recorrido estelar,6D6190DC,,11,11,11
A1517C91,tm_cro_legend_ARES_05,Colina Verde,Green Hill,cronica-leyenda,7,Inazuma Eleven Ares,leyenda,"Colina Verde (Cronica Inazuma Eleven Ares, leyenda)",99,99,1,fbtl_cro07_legend_ARES_03,94116F1A,A3CF4466,4-4-2 Diamante,A3CF4466,es legal,AA938024,248093AA,Colina Verde,C84223ED,A46B1A19,Equipación Colina Verde,C84223ED,1235B10F|05BAA14B|38DA88FB,9129EE4C|D539615B|65100166,Cielo infinito|Carrera del dodo|Ola del Amazonas,73F51919,08492FB7,17,16,17
38582D2B,tm_cro_legend_ARES_06,Dioses de la Dioptría,Spec Pantheon,cronica-leyenda,7,Inazuma Eleven Ares,leyenda,"Dioses de la Dioptría (Cronica Inazuma Eleven Ares, leyenda)",99,99,1,fbtl_cro07_legend_ARES_04,E47B9B95,2C3B2E16,4-3-3 Triángulo,2C3B2E16,es legal,E9DD45CA,CA45DDE9,Dioses de la Dioptría,CF536BCA,FC4BFAAA,Equipación Zeus (Ares),CF536BCA,446F1689|4629A8D0|238707E3,178EB41A|4E30F218|7D9F5C7D,Tifones gemelos|Desvanecimiento absoluto|Pases volantes,D02F185F,44609557,12,11,12
4F5F1DBD,tm_cro_legend_ARES_07,Llamas Glaciales,Frostflame,cronica-leyenda,7,Inazuma Eleven Ares,leyenda,"Llamas Glaciales (Cronica Inazuma Eleven Ares, leyenda)",99,99,10,fbtl_cro07_legend_ARES_05,0D183EA0,199E4DFF,4-4-2 Caja,199E4DFF,es legal,70D41470,7014D470,Llamas Glaciales,1E6A61F1,,,1E6A61F1,1582162A|E91833B2|684BED96,B48E594B|2CABC3B7|08759036,Fortaleza de llamas|Barrera absoluta|Aurora tenebrosa,CE838E3B,,12,12,12
DFE0002C,tm_cro_legend_ARES_08,Titanes de Ares,Ares Vanguard,cronica-leyenda,7,Inazuma Eleven Ares,leyenda,"Titanes de Ares (Cronica Inazuma Eleven Ares, leyenda)",99,99,1,fbtl_cro07_legend_ARES_06,E47B9B95,2C3B2E16,4-3-3 Triángulo,2C3B2E16,es legal,A69CD30D,0DD39CA6,Titanes de Ares,AACA3360,,,AACA3360,3B5E5C95|F245BCAA|09683E17,0BC48565|34249EAC|89A6B357,Cuadrícula defensiva|Zona crítica|Supremacía de la espada,6EE5D3A8,,16,16,16
C820B95F,tm_cro_legend_ARES_10,Real Academia Plenilunio,True Lunar Prime Academy,cronica-leyenda,7,Inazuma Eleven Ares,leyenda,"Real Academia Plenilunio (Cronica Inazuma Eleven Ares, leyenda)",99,99,10,fbtl_cro07_legend_ARES_07,7A1F0E36,8FAE4A88,3-5-2 Libertad,8FAE4A88,es legal,5C9483AA,AA83945C,Real Academia Plenilunio,5DCDDBF8,,,5DCDDBF8,22456DD4|09683E17|3E114A10,4AF59E7C|89A6B357|8ED2CA60,Maelstrom Omega|Supremacía de la espada|Virtuoso imperial,142580C8,C3F88998,17,16,17
A63CB888,tm_cro_legend_ARES_01,Miniastros,Starlings,cronica-leyenda,7,Inazuma Eleven Ares,leyenda,"Miniastros (Cronica Inazuma Eleven Ares, leyenda)",99,99,1,fbtl_cro07_legend_ARES_08,EDCDD7BE,0777981F,5-4-1 Doble Volante,0777981F,es legal,D25D6B63,636B5DD2,Miniastros,9DC1A5B5,,,9DC1A5B5,4366BE55|779B1E3C|1235B10F,CB26BD1D|A2864029|9129EE4C,Espejismo Shaolin|Alas gemelas|Cielo infinito,F00C812D,,11,11,11
3F35E932,tm_cro_legend_ARES_02,Gigaboys,Giga Boys,cronica-leyenda,7,Inazuma Eleven Ares,leyenda,"Gigaboys (Cronica Inazuma Eleven Ares, leyenda)",99,99,1,fbtl_cro07_legend_ARES_09,0D183EA0,199E4DFF,4-4-2 Caja,199E4DFF,es legal,A55A5BF5,F55B5AA5,Gigaboys,23B717E2,,,23B717E2,CCA14174|0B2E804E|43D8B1AC,EAD97A92|D018F555|3229031D,Muralla titánica|Defensa en bloque|Cuernos de toro,ED4F31EF,,11,11,11
A8E730BA,tm_cro_legend_ARES_09,Selección de Kinun,Kinun's Starforce,cronica-leyenda,7,Inazuma Eleven Ares,leyenda,"Selección de Kinun (Cronica Inazuma Eleven Ares, leyenda)",99,99,1,fbtl_cro07_legend_ARES_10,0D183EA0,199E4DFF,4-4-2 Caja,199E4DFF,es legal,D82DAFB0,B0AF2DD8,Selección de <FUL:KINUN>,AACA3360,,,AACA3360,3B5E5C95|EB5E8DEB|71EED32E,0BC48565|751585B5|B04B352F,Cuadrícula defensiva|Ciclo imperial|Monte Fuji,D2512EBD,A65626AB,13,11,13
BF2789C9,tm_cro_legend_ARES_11,Isla Remota,Backwater Island,cronica-leyenda,7,Inazuma Eleven Ares,leyenda,"Isla Remota (Cronica Inazuma Eleven Ares, leyenda)",99,99,1,fbtl_cro07_legend_ARES_11,7D72CA2F,966A278F,3-6-1 Hexa,966A278F,es legal,DAF974AB,AB74F9DA,Isla Remota,B60475A5,4FA9D11F,Equipación Isla Remota,B60475A5,10730F56|3B5E5C95|921A0AE5,C897A84E|0BC48565|7B92C1CC,Ataque marioneta|Cuadrícula defensiva|Protocolo de enlace,38BF742E,,11,11,11
262ED873,tm_cro_legend_ARES_12,Los Verdosos,Pop Greens,cronica-leyenda,7,Inazuma Eleven Ares,leyenda,"Los Verdosos (Cronica Inazuma Eleven Ares, leyenda)",99,99,1,fbtl_cro07_legend_ARES_12,E47B9B95,2C3B2E16,4-3-3 Triángulo,2C3B2E16,es legal,38D1C9E5,E5C9D138,Emblema: Sapo,E984D59C,,,E984D59C,05BAA14B|38DA88FB|3EAF45E9,D539615B|65100166|77DD7460,Carrera del dodo|Ola del Amazonas|Lanzas laterales,C1D5C509,,11,11,11
1574FD71,tm_cro_legend_ORION_01,Nuevo Inazuma Fusión,Inazuma Fusion Reloaded,cronica-leyenda,8,Inazuma Eleven Orion,leyenda,"Nuevo Inazuma Fusión (Cronica Inazuma Eleven Orion, leyenda)",99,99,1,fbtl_cro08_legend_ORION_01,0D183EA0,199E4DFF,4-4-2 Caja,199E4DFF,es legal,A1F11714,1417F1A1,Nuevo Inazuma Fusión,AAB484ED,,,AAB484ED,921A0AE5|3EAF45E9|153C19D3,7B92C1CC|77DD7460|4D81E74B,Protocolo de enlace|Lanzas laterales|Cal y arena,8E9453CE,A5D2F2C5,18,16,18
8C7DACCB,tm_cro_legend_ORION_02,Selección Mundial,World Captains United,cronica-leyenda,8,Inazuma Eleven Orion,leyenda,"Selección Mundial (Cronica Inazuma Eleven Orion, leyenda)",99,99,1,fbtl_cro08_legend_ORION_02,EDCDD7BE,0777981F,5-4-1 Doble Volante,0777981F,es legal,4892B221,21B29248,Selección Mundial,BDB748DF,,,BDB748DF,0C99276B|7150DCD7|684BED96,F5BF4252|49448B2F|08759036,Defensa del diamante|Campo explosivo|Aurora tenebrosa,A8DDE880,,16,16,16
651E09FE,tm_cro_legend_ORION_04,Estrellas Neo,Neo Starbreakers,cronica-leyenda,8,Inazuma Eleven Orion,leyenda,"Estrellas Neo (Cronica Inazuma Eleven Orion, leyenda)",99,99,1,fbtl_cro08_legend_ORION_03,E47B9B95,2C3B2E16,4-3-3 Triángulo,2C3B2E16,es legal,B8EA2655,5526EAB8,Estrellas Neo,6B9317B3,,,6B9317B3,446F1689|0478CB7C|1235B10F,178EB41A|E253A35A|9129EE4C,Tifones gemelos|Aislar al jugador clave|Cielo infinito,CD7347B3,,16,16,16
8B1068D2,tm_cro_legend_ORION_06,Unicornios con Estrellas,Star-Spangled Unicorns,cronica-leyenda,8,Inazuma Eleven Orion,leyenda,"Unicornios con Estrellas (Cronica Inazuma Eleven Orion, leyenda)",99,99,1,fbtl_cro08_legend_ORION_04,0D183EA0,199E4DFF,4-4-2 Caja,199E4DFF,es legal,2FAED3EC,ECD3AE2F,Unicornios con Estrellas,C8A267B9,A954439C,Eq. Unicornios con Estrellas,C8A267B9,F1C168C4|3EAF45E9|8B013BA4,5AF01AAF|77DD7460|3AA3DAD5,Trueno rodante|Lanzas laterales|Ataque en tres frentes,1B074106,544345B9,17,16,17
FC175844,tm_cro_legend_ORION_07,Brigada Orión Asia,Orion Asia Brigade,cronica-leyenda,8,Inazuma Eleven Orion,leyenda,"Brigada Orión Asia (Cronica Inazuma Eleven Orion, leyenda)",99,99,1,fbtl_cro08_legend_ORION_05,E47B9B95,2C3B2E16,4-3-3 Triángulo,2C3B2E16,es legal,30CA7557,5775CA30,Brigada Orión Asia,00381573,,,00381573,7659740B|75DDA065|0C272892,95EC8228|FB38062B|0CB0FC52,Presión perfecta|Derrape arenoso|La Gran Muralla china,48947747,,16,16,16
6CA845D5,tm_cro_legend_ORION_08,Neo Japón Implacable,Neo National War God,cronica-leyenda,8,Inazuma Eleven Orion,leyenda,"Neo Japón Implacable (Cronica Inazuma Eleven Orion, leyenda)",99,99,1,fbtl_cro08_legend_ORION_06,7D72CA2F,966A278F,3-6-1 Hexa,966A278F,es legal,A9C324ED,ED24C3A9,Neo Japón Implacable,684C0D1B,,,684C0D1B,10730F56|EB5E8DEB|F245BCAA,C897A84E|751585B5|34249EAC,Ataque marioneta|Ciclo imperial|Zona crítica,38BF742E,97E49047,18,16,18
7B68FCA6,tm_cro_legend_ORION_10,Sombras del Crepúsculo,Duskborn Shadows,cronica-leyenda,8,Inazuma Eleven Orion,leyenda,"Sombras del Crepúsculo (Cronica Inazuma Eleven Orion, leyenda)",99,99,1,fbtl_cro08_legend_ORION_07,937CAB03,BA0B2961,4-3-3 Delta,BA0B2961,es legal,07D324E6,E624D307,Sombras del Crepúsculo,377E856E,,,377E856E,3B5E5C95|921A0AE5|741FCA52,0BC48565|7B92C1CC|CC52C42A,Cuadrícula defensiva|Protocolo de enlace|Velo luminoso,3F7C59F7,,11,11,11
FB7A9C5D,tm_cro_legend_ORION_03,Los Estrafalarios,Patchworks,cronica-leyenda,8,Inazuma Eleven Orion,leyenda,"Los Estrafalarios (Cronica Inazuma Eleven Orion, leyenda)",99,99,1,fbtl_cro08_legend_ORION_08,94116F1A,A3CF4466,4-4-2 Diamante,A3CF4466,es legal,CFED16C3,C316EDCF,Los Estrafalarios,394B9A7C,,,394B9A7C,8B013BA4|7659740B|6E802F7D,3AA3DAD5|95EC8228|E3B75B30,Ataque en tres frentes|Presión perfecta|Ataque táctico,60057851,,16,16,16
1BAF7543,tm_cro_legend_ORION_09,Samuráis por la Libertad,Liberty Samurais,cronica-leyenda,8,Inazuma Eleven Orion,leyenda,"Samuráis por la Libertad (Cronica Inazuma Eleven Orion, leyenda)",99,99,1,fbtl_cro08_legend_ORION_09,937CAB03,BA0B2961,4-3-3 Delta,BA0B2961,es legal,3F9582B7,B782953F,Samuráis por la Libertad,EA0FFF6A,,,EA0FFF6A,F1C168C4|153C19D3|7150DCD7,5AF01AAF|4D81E74B|49448B2F,Trueno rodante|Cal y arena|Campo explosivo,8E9453CE,,11,11,11
12193968,tm_cro_legend_ORION_05,Inazuma Bravos,Inazuma Braves,cronica-leyenda,8,Inazuma Eleven Orion,leyenda,"Inazuma Bravos (Cronica Inazuma Eleven Orion, leyenda)",99,99,1,fbtl_cro08_legend_ORION_10,0A75FAB9,005A20F8,4-5-1 Equilibrio,005A20F8,es legal,D19BE39B,9BE39BD1,Inazuma Bravos,68AF80B1,,,68AF80B1,3E114A10|EA9CE7DC|741FCA52,8ED2CA60|427F47B4|CC52C42A,Virtuoso imperial|Marcaje al hombre|Velo luminoso,8E9453CE,,16,13,16
0C6FCC30,tm_cro_legend_ORION_11,Familias aguerridas,Bound Battlekin,cronica-leyenda,8,Inazuma Eleven Orion,leyenda,"Familias aguerridas (Cronica Inazuma Eleven Orion, leyenda)",99,99,1,fbtl_cro08_legend_ORION_11,94116F1A,A3CF4466,4-4-2 Diamante,A3CF4466,es legal,DEC4147B,7B14C4DE,Familias aguerridas,16B0F865,,,16B0F865,10730F56|153C19D3|684BED96,C897A84E|4D81E74B|08759036,Ataque marioneta|Cal y arena|Aurora tenebrosa,633342DE,,15,15,15
95669D8A,tm_cro_legend_ORION_12,La Élite de Orión,Orion Apex,cronica-leyenda,8,Inazuma Eleven Orion,leyenda,"La Élite de Orión (Cronica Inazuma Eleven Orion, leyenda)",99,99,1,fbtl_cro08_legend_ORION_12,0A75FAB9,005A20F8,4-5-1 Equilibrio,005A20F8,es legal,40A081D8,D881A040,La Élite de Orión,377E856E,,,377E856E,7150DCD7|4629A8D0|684BED96,49448B2F|4E30F218|08759036,Campo explosivo|Desvanecimiento absoluto|Aurora tenebrosa,F1D10434,633342DE,19,16,19
365FEBCA,tm_cro_legend_ORIGINAL_01,Forajidos Solitarios,Lonewolf Outlaws,cronica-leyenda,9,Inazuma Eleven Victory Road,leyenda,"Forajidos Solitarios (Cronica Inazuma Eleven Victory Road, leyenda)",99,99,1,fbtl_cro09_legend_ORIGINAL_01,E47B9B95,2C3B2E16,4-3-3 Triángulo,2C3B2E16,es legal,BFAE6D07,076DAEBF,Emblema: Lobo Negro,D954612D,,,D954612D,68F5E26F|D5BA7035|53E006CD,F17A2E36|ABE8618B|539E3B0D,Espadón|Rugido decisivo|Contra todo pronóstico,D741E134,,11,11,11
AF56BA70,tm_cro_legend_ORIGINAL_02,Mitos Nipones,Nippon Mythos,cronica-leyenda,9,Inazuma Eleven Victory Road,leyenda,"Mitos Nipones (Cronica Inazuma Eleven Victory Road, leyenda)",99,99,1,fbtl_cro09_legend_ORIGINAL_02,7A1F0E36,8FAE4A88,3-5-2 Libertad,8FAE4A88,es legal,51A00C2B,2B0CA051,Emblema: Hojas Duales,6A6B68C3,,,6A6B68C3,71EED32E|153C19D3|4366BE55,B04B352F|4D81E74B|CB26BD1D,Monte Fuji|Cal y arena|Espejismo Shaolin,F3A9848E,510FE006,18,16,18
D8518AE6,tm_cro_legend_ORIGINAL_03,Colegas del Océano,Ocean Buddies,cronica-leyenda,9,Inazuma Eleven Victory Road,leyenda,"Colegas del Océano (Cronica Inazuma Eleven Victory Road, leyenda)",99,99,1,fbtl_cro09_legend_ORIGINAL_03,937CAB03,BA0B2961,4-3-3 Delta,BA0B2961,es legal,A6B55C46,465CB5A6,Emblema: Delfín,33EE26EC,,,33EE26EC,446F1689|238707E3|5EF0F3A6,178EB41A|7D9F5C7D|386B2B00,Tifones gemelos|Pases volantes|Vórtice de succión,E93661A1,F47BA831,17,16,17
46351F45,tm_cro_legend_ORIGINAL_04,Brisa Fresca,Freshbreeze,cronica-leyenda,9,Inazuma Eleven Victory Road,leyenda,"Brisa Fresca (Cronica Inazuma Eleven Victory Road, leyenda)",99,99,1,fbtl_cro09_legend_ORIGINAL_04,94116F1A,A3CF4466,4-4-2 Diamante,A3CF4466,es legal,56CDC832,32C8CD56,Emblema: Alas,94EC31D2,,,94EC31D2,921A0AE5|1235B10F|4AFB378C,7B92C1CC|9129EE4C|12AF2014,Protocolo de enlace|Cielo infinito|Virtuoso del éter,F26BEEB9,C19FE60C,13,11,12
31322FD3,tm_cro_legend_ORIGINAL_05,Tropa Muscular,Brute Brawlers,cronica-leyenda,9,Inazuma Eleven Victory Road,leyenda,"Tropa Muscular (Cronica Inazuma Eleven Victory Road, leyenda)",99,99,1,fbtl_cro09_legend_ORIGINAL_05,0A75FAB9,005A20F8,4-5-1 Equilibrio,005A20F8,es legal,48BB3D6A,6A3DBB48,Emblema: Puño de Hierro,53AC1627,,,53AC1627,43D8B1AC|D5BA7035|F387D69D,3229031D|ABE8618B|034E5CAD,Cuernos de toro|Rugido decisivo|Regate abrasador,09466C04,2873EFB3,20,16,20
A83B7E69,tm_cro_legend_ORIGINAL_06,Los Monocromáticos,MonoChromes,cronica-leyenda,9,Inazuma Eleven Victory Road,leyenda,"Los Monocromáticos (Cronica Inazuma Eleven Victory Road, leyenda)",99,99,1,fbtl_cro09_legend_ORIGINAL_06,7D72CA2F,966A278F,3-6-1 Hexa,966A278F,es legal,A1D8985F,5F98D8A1,Emblema: Gran Escudo,FAE48D77,,,FAE48D77,2E97F288|4629A8D0|6F42454A,166A4C70|4E30F218|D4DD9931,Avance de caballería|Desvanecimiento absoluto|Lanza invencible,EB70DFF8,D35F77D7,17,16,17
DF3C4EFF,tm_cro_legend_ORIGINAL_07,Solaria-Zeus,Solaria-Zeus,cronica-leyenda,9,Inazuma Eleven Victory Road,leyenda,"Solaria-Zeus (Cronica Inazuma Eleven Victory Road, leyenda)",99,99,1,fbtl_cro09_legend_ORIGINAL_07,0D183EA0,199E4DFF,4-4-2 Caja,199E4DFF,es legal,0081C70D,0DC78100,Solaria-Zeus,5B4A7FCC,CF99825E,Equipación Solaria-Zeus,5B4A7FCC,EB5E8DEB|45AD7CBE|684BED96,751585B5|20E4761B|08759036,Ciclo imperial|Virtuoso|Aurora tenebrosa,D5ACAA9D,E09360C3,18,16,18
4F83536E,tm_cro_legend_ORIGINAL_08,Sinapsis Cibertrónicas,Cyber Synapse,cronica-leyenda,9,Inazuma Eleven Victory Road,leyenda,"Sinapsis Cibertrónicas (Cronica Inazuma Eleven Victory Road, leyenda)",99,99,1,fbtl_cro09_legend_ORIGINAL_08,0A75FAB9,005A20F8,4-5-1 Equilibrio,005A20F8,es legal,B618212C,2C2118B6,Emblema: Trueno,D58BEA9C,,,D58BEA9C,0478CB7C|7659740B|3B5E5C95,E253A35A|95EC8228|0BC48565,Aislar al jugador clave|Presión perfecta|Cuadrícula defensiva,35E5355A,1803A472,13,11,13
388463F8,tm_cro_legend_ORIGINAL_09,Los Gourmet,Food Feasters,cronica-leyenda,9,Inazuma Eleven Victory Road,leyenda,"Los Gourmet (Cronica Inazuma Eleven Victory Road, leyenda)",99,99,1,fbtl_cro09_legend_ORIGINAL_09,7D72CA2F,966A278F,3-6-1 Hexa,966A278F,es legal,0DAA5CE7,E75CAA0D,Los Gourmet,FE38801A,,,FE38801A,52226CFA|0AECEA79|F387D69D,64F4F90C|E7723754|034E5CAD,Recorrido estelar|Trueno oscuro|Regate abrasador,C21B3262,6066A8B5,12,11,12
5843EA1D,tm_cro_legend_ORIGINAL_10,Campeones Raimon V,True Raimon Kings,cronica-leyenda,9,Inazuma Eleven Victory Road,leyenda,"Campeones Raimon V (Cronica Inazuma Eleven Victory Road, leyenda)",99,99,1,fbtl_cro09_legend_ORIGINAL_10,E47B9B95,2C3B2E16,4-3-3 Triángulo,2C3B2E16,es legal,87FE63EF,EF63FE87,Campeones Raimon,BBE7C49D,2FE871E3,Equipación Campeones Raimon,BBE7C49D,921A0AE5|71EED32E|1582162A,7B92C1CC|B04B352F|B48E594B,Protocolo de enlace|Monte Fuji|Fortaleza de llamas,AD12CF1F,,17,16,17
2F44DA8B,tm_cro_legend_ORIGINAL_11,Flower Power,Petal Parade,cronica-leyenda,9,Inazuma Eleven Victory Road,leyenda,"Flower Power (Cronica Inazuma Eleven Victory Road, leyenda)",99,99,1,fbtl_cro09_legend_ORIGINAL_11,0A75FAB9,005A20F8,4-5-1 Equilibrio,005A20F8,es legal,D1B26CD0,D06CB2D1,Emblema: Danza de las Flores,356CD163,,,356CD163,27B474A8|741FCA52|1CA1900A,36EC6F79|CC52C42A|94087A42,Luna creciente|Velo luminoso|Bosque encantado,980077F3,,16,16,16
B64D8B31,tm_cro_legend_ORIGINAL_12,Justicieros,Justicars,cronica-leyenda,9,Inazuma Eleven Victory Road,leyenda,"Justicieros (Cronica Inazuma Eleven Victory Road, leyenda)",99,99,1,fbtl_cro09_legend_ORIGINAL_12,937CAB03,BA0B2961,4-3-3 Delta,BA0B2961,es legal,4FD6F973,73F9D64F,Emblema: Nova,2379E098,,,2379E098,8B013BA4|D5BA7035|2E97F288,3AA3DAD5|ABE8618B|166A4C70,Ataque en tres frentes|Rugido decisivo|Avance de caballería,D3D9678F,,11,11,11
B7448C1F,pltm_cro_ie1_01,Raimon,Raimon,cronica-jugador,1,Inazuma Eleven,jugador,"Raimon (Cronica Inazuma Eleven, jugador)",1,1,1,fbtl_cro01_010_010,0D183EA0,199E4DFF,4-4-2 Caja,199E4DFF,es legal,D5ABE1F0,F0E1ABD5,Raimon,252CE113,D3856B2A,Equipación Raimon,252CE113,,,,3055CF22,,13,12,13
2E4DDDA5,pltm_cro_ie1_02,Raimon,Raimon,cronica-jugador,1,Inazuma Eleven,jugador,"Raimon (Cronica Inazuma Eleven, jugador)",5,5,1,fbtl_cro01_020_010,0D183EA0,199E4DFF,4-4-2 Caja,199E4DFF,es legal,D5ABE1F0,F0E1ABD5,Raimon,252CE113,D3856B2A,Equipación Raimon,252CE113,,,,3055CF22,,12,11,12
594AED33,pltm_cro_ie1_03,Raimon,Raimon,cronica-jugador,1,Inazuma Eleven,jugador,"Raimon (Cronica Inazuma Eleven, jugador)",7,7,1,fbtl_cro01_030_010,0D183EA0,199E4DFF,4-4-2 Caja,199E4DFF,es legal,D5ABE1F0,F0E1ABD5,Raimon,252CE113,D3856B2A,Equipación Raimon,252CE113,,,,3055CF22,,14,12,14
C72E7890,pltm_cro_ie1_04,Raimon,Raimon,cronica-jugador,1,Inazuma Eleven,jugador,"Raimon (Cronica Inazuma Eleven, jugador)",9,9,1,fbtl_cro01_040_010,0D183EA0,199E4DFF,4-4-2 Caja,199E4DFF,es legal,D5ABE1F0,F0E1ABD5,Raimon,252CE113,D3856B2A,Equipación Raimon,252CE113,,,,3055CF22,,15,13,15
B0294806,pltm_cro_ie1_05,Raimon,Raimon,cronica-jugador,1,Inazuma Eleven,jugador,"Raimon (Cronica Inazuma Eleven, jugador)",11,11,1,fbtl_cro01_050_010,0D183EA0,199E4DFF,4-4-2 Caja,199E4DFF,es legal,D5ABE1F0,F0E1ABD5,Raimon,252CE113,D3856B2A,Equipación Raimon,252CE113,,,,3055CF22,,15,13,15
292019BC,pltm_cro_ie1_06,Raimon,Raimon,cronica-jugador,1,Inazuma Eleven,jugador,"Raimon (Cronica Inazuma Eleven, jugador)",13,13,1,fbtl_cro01_060_010,0D183EA0,199E4DFF,4-4-2 Caja,199E4DFF,es legal,D5ABE1F0,F0E1ABD5,Raimon,252CE113,D3856B2A,Equipación Raimon,252CE113,,,,3055CF22,,14,12,14
5E27292A,pltm_cro_ie1_07,Raimon,Raimon,cronica-jugador,1,Inazuma Eleven,jugador,"Raimon (Cronica Inazuma Eleven, jugador)",15,15,1,fbtl_cro01_070_010,0D183EA0,199E4DFF,4-4-2 Caja,199E4DFF,es legal,D5ABE1F0,F0E1ABD5,Raimon,252CE113,D3856B2A,Equipación Raimon,252CE113,,,,3055CF22,9ED17B1B,17,13,17
CE9834BB,pltm_cro_ie1_08,Raimon,Raimon,cronica-jugador,1,Inazuma Eleven,jugador,"Raimon (Cronica Inazuma Eleven, jugador)",17,17,1,fbtl_cro01_080_010,0D183EA0,199E4DFF,4-4-2 Caja,199E4DFF,es legal,D5ABE1F0,F0E1ABD5,Raimon,252CE113,D3856B2A,Equipación Raimon,252CE113,,,,3055CF22,,16,13,16
B99F042D,pltm_cro_ie1_09,Raimon,Raimon,cronica-jugador,1,Inazuma Eleven,jugador,"Raimon (Cronica Inazuma Eleven, jugador)",19,19,1,fbtl_cro01_090_010,0D183EA0,199E4DFF,4-4-2 Caja,199E4DFF,es legal,D5ABE1F0,F0E1ABD5,Raimon,252CE113,D3856B2A,Equipación Raimon,252CE113,,,,3055CF22,9ED17B1B,17,13,17
D9588DC8,pltm_cro_ie1_10,Raimon,Raimon,cronica-jugador,1,Inazuma Eleven,jugador,"Raimon (Cronica Inazuma Eleven, jugador)",21,21,1,fbtl_cro01_100_010,0D183EA0,199E4DFF,4-4-2 Caja,199E4DFF,es legal,D5ABE1F0,F0E1ABD5,Raimon,252CE113,D3856B2A,Equipación Raimon,252CE113,,,,3055CF22,9ED17B1B,18,14,18
AE5FBD5E,pltm_cro_ie1_11,Raimon,Raimon,cronica-jugador,1,Inazuma Eleven,jugador,"Raimon (Cronica Inazuma Eleven, jugador)",23,23,1,fbtl_cro01_110_010,94116F1A,A3CF4466,4-4-2 Diamante,A3CF4466,es legal,D5ABE1F0,F0E1ABD5,Raimon,252CE113,D3856B2A,Equipación Raimon,252CE113,,,,3055CF22,9ED17B1B,19,15,19
3756ECE4,pltm_cro_ie1_12,Raimon,Raimon,cronica-jugador,1,Inazuma Eleven,jugador,"Raimon (Cronica Inazuma Eleven, jugador)",25,25,1,fbtl_cro01_120_010,94116F1A,A3CF4466,4-4-2 Diamante,A3CF4466,es legal,D5ABE1F0,F0E1ABD5,Raimon,252CE113,D3856B2A,Equipación Raimon,252CE113,,,,3055CF22,9ED17B1B,20,16,20
4051DC72,pltm_cro_ie1_13,Raimon,Raimon,cronica-jugador,1,Inazuma Eleven,jugador,"Raimon (Cronica Inazuma Eleven, jugador)",27,27,1,fbtl_cro01_130_010,94116F1A,A3CF4466,4-4-2 Diamante,A3CF4466,es legal,D5ABE1F0,F0E1ABD5,Raimon,252CE113,D3856B2A,Equipación Raimon,252CE113,,,,3055CF22,9ED17B1B,25,21,25
A5F123F1,pltm_cro_ie2_01,Raimon,Raimon,cronica-jugador,2,Inazuma Eleven 2,jugador,"Raimon (Cronica Inazuma Eleven 2, jugador)",3,3,1,fbtl_cro02_010_010,D7FBFC50,,,005A20F8,exacta,D5ABE1F0,F0E1ABD5,Raimon,252CE113,D3856B2A,Equipación Raimon,252CE113,,,,3055CF22,9ED17B1B,17,13,17
4BFF42DD,pltm_cro_ie2_03,Raimon,Raimon,cronica-jugador,2,Inazuma Eleven 2,jugador,"Raimon (Cronica Inazuma Eleven 2, jugador)",7,7,1,fbtl_cro02_030_010,0D183EA0,199E4DFF,4-4-2 Caja,199E4DFF,es legal,D5ABE1F0,F0E1ABD5,Raimon,252CE113,D3856B2A,Equipación Raimon,252CE113,,,,3055CF22,19A53AFF,15,11,15
A29CE7E8,pltm_cro_ie2_05,Raimon,Raimon,cronica-jugador,2,Inazuma Eleven 2,jugador,"Raimon (Cronica Inazuma Eleven 2, jugador)",11,11,1,fbtl_cro02_050_010,94116F1A,A3CF4466,4-4-2 Diamante,A3CF4466,es legal,D5ABE1F0,F0E1ABD5,Raimon,252CE113,D3856B2A,Equipación Raimon,252CE113,,,,3055CF22,19A53AFF,16,12,16
3B95B652,pltm_cro_ie2_06,Raimon,Raimon,cronica-jugador,2,Inazuma Eleven 2,jugador,"Raimon (Cronica Inazuma Eleven 2, jugador)",13,13,1,fbtl_cro02_060_010,94116F1A,A3CF4466,4-4-2 Diamante,A3CF4466,es legal,D5ABE1F0,F0E1ABD5,Raimon,252CE113,D3856B2A,Equipación Raimon,252CE113,,,,3055CF22,19A53AFF,15,11,15
4C9286C4,pltm_cro_ie2_07,Raimon,Raimon,cronica-jugador,2,Inazuma Eleven 2,jugador,"Raimon (Cronica Inazuma Eleven 2, jugador)",15,15,1,fbtl_cro02_070_010,94116F1A,A3CF4466,4-4-2 Diamante,A3CF4466,es legal,D5ABE1F0,F0E1ABD5,Raimon,252CE113,D3856B2A,Equipación Raimon,252CE113,,,,3055CF22,19A53AFF,16,12,16
DC2D9B55,pltm_cro_ie2_08,Raimon,Raimon,cronica-jugador,2,Inazuma Eleven 2,jugador,"Raimon (Cronica Inazuma Eleven 2, jugador)",17,17,1,fbtl_cro02_080_010,7A1F0E36,8FAE4A88,3-5-2 Libertad,8FAE4A88,es legal,D5ABE1F0,F0E1ABD5,Raimon,252CE113,D3856B2A,Equipación Raimon,252CE113,,,,3055CF22,19A53AFF,17,13,17
AB2AABC3,pltm_cro_ie2_09,Raimon,Raimon,cronica-jugador,2,Inazuma Eleven 2,jugador,"Raimon (Cronica Inazuma Eleven 2, jugador)",19,19,1,fbtl_cro02_090_010,0D183EA0,199E4DFF,4-4-2 Caja,199E4DFF,es legal,D5ABE1F0,F0E1ABD5,Raimon,252CE113,D3856B2A,Equipación Raimon,252CE113,,,,3055CF22,19A53AFF,15,11,15
CBED2226,pltm_cro_ie2_10,Raimon,Raimon,cronica-jugador,2,Inazuma Eleven 2,jugador,"Raimon (Cronica Inazuma Eleven 2, jugador)",21,21,1,fbtl_cro02_100_010,937CAB03,BA0B2961,4-3-3 Delta,BA0B2961,es legal,D5ABE1F0,F0E1ABD5,Raimon,252CE113,D3856B2A,Equipación Raimon,252CE113,,,,3055CF22,19A53AFF,16,12,16
BCEA12B0,pltm_cro_ie2_11,Raimon,Raimon,cronica-jugador,2,Inazuma Eleven 2,jugador,"Raimon (Cronica Inazuma Eleven 2, jugador)",23,23,1,fbtl_cro02_110_010,94116F1A,A3CF4466,4-4-2 Diamante,A3CF4466,es legal,D5ABE1F0,F0E1ABD5,Raimon,252CE113,D3856B2A,Equipación Raimon,252CE113,,,,3055CF22,19A53AFF,15,11,15
25E3430A,pltm_cro_ie2_12,Raimon,Raimon,cronica-jugador,2,Inazuma Eleven 2,jugador,"Raimon (Cronica Inazuma Eleven 2, jugador)",25,25,1,fbtl_cro02_120_010,94116F1A,A3CF4466,4-4-2 Diamante,A3CF4466,es legal,D5ABE1F0,F0E1ABD5,Raimon,252CE113,D3856B2A,Equipación Raimon,252CE113,,,,3055CF22,19A53AFF,16,12,16
52E4739C,pltm_cro_ie2_13,Raimon,Raimon,cronica-jugador,2,Inazuma Eleven 2,jugador,"Raimon (Cronica Inazuma Eleven 2, jugador)",27,27,1,fbtl_cro02_130_010,0D183EA0,199E4DFF,4-4-2 Caja,199E4DFF,es legal,D5ABE1F0,F0E1ABD5,Raimon,252CE113,D3856B2A,Equipación Raimon,252CE113,,,,3055CF22,19A53AFF,15,11,15
CC80E63F,pltm_cro_ie2_14,Raimon,Raimon,cronica-jugador,2,Inazuma Eleven 2,jugador,"Raimon (Cronica Inazuma Eleven 2, jugador)",29,29,1,fbtl_cro02_140_010,937CAB03,BA0B2961,4-3-3 Delta,BA0B2961,es legal,D5ABE1F0,F0E1ABD5,Raimon,252CE113,D3856B2A,Equipación Raimon,252CE113,,,,3055CF22,19A53AFF,18,14,18
BB87D6A9,pltm_cro_ie2_15,Raimon,Raimon,cronica-jugador,2,Inazuma Eleven 2,jugador,"Raimon (Cronica Inazuma Eleven 2, jugador)",31,31,1,fbtl_cro02_150_010,94116F1A,A3CF4466,4-4-2 Diamante,A3CF4466,es legal,D5ABE1F0,F0E1ABD5,Raimon,252CE113,D3856B2A,Equipación Raimon,252CE113,,,,3055CF22,19A53AFF,17,13,17
228E8713,pltm_cro_ie2_16,Raimon,Raimon,cronica-jugador,2,Inazuma Eleven 2,jugador,"Raimon (Cronica Inazuma Eleven 2, jugador)",33,33,1,fbtl_cro02_160_010,94116F1A,A3CF4466,4-4-2 Diamante,A3CF4466,es legal,D5ABE1F0,F0E1ABD5,Raimon,252CE113,D3856B2A,Equipación Raimon,252CE113,,,,3055CF22,19A53AFF,17,13,17
5589B785,pltm_cro_ie2_17,Royal Academy,Royal Academy,cronica-jugador,2,Inazuma Eleven 2,jugador,"Royal Academy (Cronica Inazuma Eleven 2, jugador)",35,35,1,fbtl_cro02_170_010,94116F1A,A3CF4466,4-4-2 Diamante,A3CF4466,es legal,4CA2B04A,4AB0A24C,Royal Academy,D6ABDBB4,8A3B2D28,Equipación Royal Academy,D6ABDBB4,,,,2B08403A,,11,11,11
C536AA14,pltm_cro_ie2_18,Raimon,Raimon,cronica-jugador,2,Inazuma Eleven 2,jugador,"Raimon (Cronica Inazuma Eleven 2, jugador)",37,37,1,fbtl_cro02_180_010,94116F1A,A3CF4466,4-4-2 Diamante,A3CF4466,es legal,D5ABE1F0,F0E1ABD5,Raimon,252CE113,D3856B2A,Equipación Raimon,252CE113,,,,3055CF22,19A53AFF,16,12,16
B2319A82,pltm_cro_ie2_19,Raimon,Raimon,cronica-jugador,2,Inazuma Eleven 2,jugador,"Raimon (Cronica Inazuma Eleven 2, jugador)",39,39,1,fbtl_cro02_190_010,0D183EA0,199E4DFF,4-4-2 Caja,199E4DFF,es legal,D5ABE1F0,F0E1ABD5,Raimon,252CE113,D3856B2A,Equipación Raimon,252CE113,,,,3055CF22,19A53AFF,19,15,19
E0C071E5,pltm_cro_ie2_20,Raimon,Raimon,cronica-jugador,2,Inazuma Eleven 2,jugador,"Raimon (Cronica Inazuma Eleven 2, jugador)",41,41,1,fbtl_cro02_200_010,7A1F0E36,8FAE4A88,3-5-2 Libertad,8FAE4A88,es legal,D5ABE1F0,F0E1ABD5,Raimon,252CE113,D3856B2A,Equipación Raimon,252CE113,,,,3055CF22,9ED17B1B,16,12,16
1D4D4494,pltm_cro_ie3_01,Pruebas de Selección - Equipo A,Team Evans,cronica-jugador,3,Inazuma Eleven 3,jugador,"Pruebas de Selección - Equipo A (Cronica Inazuma Eleven 3, jugador)",3,3,1,fbtl_cro03_010_010,E47B9B95,2C3B2E16,4-3-3 Triángulo,2C3B2E16,es legal,B11D47C8,C8471DB1,Inazuma Japón,C68FF352,B3D6AB50,Equipación Inazuma Japón,C68FF352,,,,3055CF22,,11,11,11
8444152E,pltm_cro_ie3_02,Inazuma Japón,Inazuma National,cronica-jugador,3,Inazuma Eleven 3,jugador,"Inazuma Japón (Cronica Inazuma Eleven 3, jugador)",5,5,1,fbtl_cro03_020_010,E47B9B95,2C3B2E16,4-3-3 Triángulo,2C3B2E16,es legal,B11D47C8,C8471DB1,Inazuma Japón,C68FF352,B3D6AB50,Equipación Inazuma Japón,C68FF352,,,,3055CF22,82B218FB,20,16,20
F34325B8,pltm_cro_ie3_03,Inazuma Japón,Inazuma National,cronica-jugador,3,Inazuma Eleven 3,jugador,"Inazuma Japón (Cronica Inazuma Eleven 3, jugador)",7,7,1,fbtl_cro03_030_010,E47B9B95,2C3B2E16,4-3-3 Triángulo,2C3B2E16,es legal,B11D47C8,C8471DB1,Inazuma Japón,C68FF352,B3D6AB50,Equipación Inazuma Japón,C68FF352,,,,3055CF22,82B218FB,20,16,20
6D27B01B,pltm_cro_ie3_04,Inazuma Japón,Inazuma National,cronica-jugador,3,Inazuma Eleven 3,jugador,"Inazuma Japón (Cronica Inazuma Eleven 3, jugador)",9,9,1,fbtl_cro03_040_010,E47B9B95,2C3B2E16,4-3-3 Triángulo,2C3B2E16,es legal,B11D47C8,C8471DB1,Inazuma Japón,330CF840,,,330CF840,,,,3055CF22,82B218FB,20,16,20
1A20808D,pltm_cro_ie3_05,Inazuma Japón,Inazuma National,cronica-jugador,3,Inazuma Eleven 3,jugador,"Inazuma Japón (Cronica Inazuma Eleven 3, jugador)",11,11,1,fbtl_cro03_050_010,E47B9B95,2C3B2E16,4-3-3 Triángulo,2C3B2E16,es legal,B11D47C8,C8471DB1,Inazuma Japón,330CF840,,,330CF840,1235B10F,9129EE4C,Cielo infinito,2B08403A,82B218FB,20,16,20
8329D137,pltm_cro_ie3_06,Inazuma Japón,Inazuma National,cronica-jugador,3,Inazuma Eleven 3,jugador,"Inazuma Japón (Cronica Inazuma Eleven 3, jugador)",13,13,1,fbtl_cro03_060_010,0D183EA0,199E4DFF,4-4-2 Caja,199E4DFF,es legal,B11D47C8,C8471DB1,Inazuma Japón,C68FF352,B3D6AB50,Equipación Inazuma Japón,C68FF352,446F1689,178EB41A,Tifones gemelos,3055CF22,82B218FB,20,16,20
F42EE1A1,pltm_cro_ie3_07,Orfeo,Orpheus,cronica-jugador,3,Inazuma Eleven 3,jugador,"Orfeo (Cronica Inazuma Eleven 3, jugador)",15,15,1,fbtl_cro03_070_010,0D183EA0,199E4DFF,4-4-2 Caja,199E4DFF,es legal,A276B25A,5AB276A2,Orfeo,616C01FB,,,616C01FB,,,,4482E47A,,11,11,11
6491FC30,pltm_cro_ie3_08,Inazuma Japón,Inazuma National,cronica-jugador,3,Inazuma Eleven 3,jugador,"Inazuma Japón (Cronica Inazuma Eleven 3, jugador)",17,17,1,fbtl_cro03_080_010,E47B9B95,2C3B2E16,4-3-3 Triángulo,2C3B2E16,es legal,B11D47C8,C8471DB1,Inazuma Japón,330CF840,,,330CF840,,,,1B789CE1,,15,12,15
1396CCA6,pltm_cro_ie3_09,Inazuma Japón,Inazuma National,cronica-jugador,3,Inazuma Eleven 3,jugador,"Inazuma Japón (Cronica Inazuma Eleven 3, jugador)",19,19,1,fbtl_cro03_090_010,0D183EA0,199E4DFF,4-4-2 Caja,199E4DFF,es legal,B11D47C8,C8471DB1,Inazuma Japón,C68FF352,B3D6AB50,Equipación Inazuma Japón,C68FF352,,,,3055CF22,82B218FB,20,16,20
73514543,pltm_cro_ie3_10,Inazuma Japón,Inazuma National,cronica-jugador,3,Inazuma Eleven 3,jugador,"Inazuma Japón (Cronica Inazuma Eleven 3, jugador)",21,21,1,fbtl_cro03_100_010,937CAB03,BA0B2961,4-3-3 Delta,BA0B2961,es legal,B11D47C8,C8471DB1,Inazuma Japón,C68FF352,B3D6AB50,Equipación Inazuma Japón,C68FF352,,,,3055CF22,82B218FB,20,16,20
045675D5,pltm_cro_ie3_11,Inazuma Japón,Inazuma National,cronica-jugador,3,Inazuma Eleven 3,jugador,"Inazuma Japón (Cronica Inazuma Eleven 3, jugador)",23,23,1,fbtl_cro03_110_010,E47B9B95,2C3B2E16,4-3-3 Triángulo,2C3B2E16,es legal,B11D47C8,C8471DB1,Inazuma Japón,C68FF352,B3D6AB50,Equipación Inazuma Japón,C68FF352,,,,3055CF22,82B218FB,20,16,20
9D5F246F,pltm_cro_ie3_12,Equipo Rojo,Red Team,cronica-jugador,3,Inazuma Eleven 3,jugador,"Equipo Rojo (Cronica Inazuma Eleven 3, jugador)",25,25,1,fbtl_cro03_120_010,E47B9B95,2C3B2E16,4-3-3 Triángulo,2C3B2E16,es legal,B11D47C8,C8471DB1,Inazuma Japón,9506B278,,,9506B278,,,,3055CF22,,11,11,11
EA5814F9,pltm_cro_ie3_13,Equipo Blanco,White Team,cronica-jugador,3,Inazuma Eleven 3,jugador,"Equipo Blanco (Cronica Inazuma Eleven 3, jugador)",27,27,1,fbtl_cro03_130_010,7D72CA2F,966A278F,3-6-1 Hexa,966A278F,es legal,B11D47C8,C8471DB1,Inazuma Japón,3A51D27E,,,3A51D27E,,,,2B08403A,,11,11,11
743C815A,pltm_cro_ie3_14,Los Once Elegidos,The Chosen Eleven,cronica-jugador,3,Inazuma Eleven 3,jugador,"Los Once Elegidos (Cronica Inazuma Eleven 3, jugador)",29,29,1,fbtl_cro03_140_010,E47B9B95,2C3B2E16,4-3-3 Triángulo,2C3B2E16,es legal,B11D47C8,C8471DB1,Inazuma Japón,6B67A08C,,,6B67A08C,,,,3055CF22,,11,11,11
033BB1CC,pltm_cro_ie3_15,Inazuma Japón,Inazuma National,cronica-jugador,3,Inazuma Eleven 3,jugador,"Inazuma Japón (Cronica Inazuma Eleven 3, jugador)",31,31,1,fbtl_cro03_150_010,E47B9B95,2C3B2E16,4-3-3 Triángulo,2C3B2E16,es legal,B11D47C8,C8471DB1,Inazuma Japón,C68FF352,B3D6AB50,Equipación Inazuma Japón,C68FF352,,,,3055CF22,82B218FB,20,16,20
9A32E076,pltm_cro_ie3_16,Inazuma Japón,Inazuma National,cronica-jugador,3,Inazuma Eleven 3,jugador,"Inazuma Japón (Cronica Inazuma Eleven 3, jugador)",33,33,1,fbtl_cro03_160_010,0D183EA0,199E4DFF,4-4-2 Caja,199E4DFF,es legal,B11D47C8,C8471DB1,Inazuma Japón,C68FF352,B3D6AB50,Equipación Inazuma Japón,C68FF352,,,,3055CF22,1AC0B949,20,16,20
ED35D0E0,pltm_cro_ie3_17,Inazuma Japón,Inazuma National,cronica-jugador,3,Inazuma Eleven 3,jugador,"Inazuma Japón (Cronica Inazuma Eleven 3, jugador)",35,35,1,fbtl_cro03_170_010,94116F1A,A3CF4466,4-4-2 Diamante,A3CF4466,es legal,B11D47C8,C8471DB1,Inazuma Japón,C68FF352,B3D6AB50,Equipación Inazuma Japón,C68FF352,,,,3055CF22,82B218FB,20,16,20
7D8ACD71,pltm_cro_ie3_18,Inazuma Japón,Inazuma National,cronica-jugador,3,Inazuma Eleven 3,jugador,"Inazuma Japón (Cronica Inazuma Eleven 3, jugador)",37,37,1,fbtl_cro03_180_010,0D183EA0,199E4DFF,4-4-2 Caja,199E4DFF,es legal,B11D47C8,C8471DB1,Inazuma Japón,C68FF352,B3D6AB50,Equipación Inazuma Japón,C68FF352,,,,3055CF22,82B218FB,20,16,20
0A8DFDE7,pltm_cro_ie3_19,Raimon equipo A,Graduation Team A,cronica-jugador,3,Inazuma Eleven 3,jugador,"Raimon equipo A (Cronica Inazuma Eleven 3, jugador)",39,39,1,fbtl_cro03_190_010,0D183EA0,199E4DFF,4-4-2 Caja,199E4DFF,es legal,D5ABE1F0,F0E1ABD5,Raimon,252CE113,D3856B2A,Equipación Raimon,252CE113,,,,3055CF22,,11,11,11
809A7C2D,pltm_cro_ie4_01,Raimon,Raimon,cronica-jugador,4,Inazuma Eleven GO,jugador,"Raimon (Cronica Inazuma Eleven GO, jugador)",3,3,1,fbtl_cro04_010_010,94116F1A,A3CF4466,4-4-2 Diamante,A3CF4466,es legal,1D4B6E80,806E4B1D,Raimon revolucionario,D5EDE5A4,,,D5EDE5A4,,,,AAB46A8D,F916E062,13,12,13
19932D97,pltm_cro_ie4_02,Raimon,Raimon,cronica-jugador,4,Inazuma Eleven GO,jugador,"Raimon (Cronica Inazuma Eleven GO, jugador)",5,5,1,fbtl_cro04_020_010,94116F1A,A3CF4466,4-4-2 Diamante,A3CF4466,es legal,1D4B6E80,806E4B1D,Raimon revolucionario,D5EDE5A4,,,D5EDE5A4,,,,AAB46A8D,F916E062,15,11,15
6E941D01,pltm_cro_ie4_03,Raimon,Raimon,cronica-jugador,4,Inazuma Eleven GO,jugador,"Raimon (Cronica Inazuma Eleven GO, jugador)",7,7,1,fbtl_cro04_030_010,94116F1A,A3CF4466,4-4-2 Diamante,A3CF4466,es legal,1D4B6E80,806E4B1D,Raimon revolucionario,D5EDE5A4,,,D5EDE5A4,,,,AAB46A8D,F916E062,15,11,15
F0F088A2,pltm_cro_ie4_04,Raimon,Raimon,cronica-jugador,4,Inazuma Eleven GO,jugador,"Raimon (Cronica Inazuma Eleven GO, jugador)",9,9,1,fbtl_cro04_040_010,94116F1A,A3CF4466,4-4-2 Diamante,A3CF4466,es legal,1D4B6E80,806E4B1D,Raimon revolucionario,D5EDE5A4,,,D5EDE5A4,45AD7CBE,20E4761B,Virtuoso,AAB46A8D,353553B4,15,11,15
87F7B834,pltm_cro_ie4_05,Raimon,Raimon,cronica-jugador,4,Inazuma Eleven GO,jugador,"Raimon (Cronica Inazuma Eleven GO, jugador)",11,11,1,fbtl_cro04_050_010,94116F1A,A3CF4466,4-4-2 Diamante,A3CF4466,es legal,1D4B6E80,806E4B1D,Raimon revolucionario,D5EDE5A4,,,D5EDE5A4,,,,AAB46A8D,353553B4,15,11,15
69F9D918,pltm_cro_ie4_07,Raimon,Raimon,cronica-jugador,4,Inazuma Eleven GO,jugador,"Raimon (Cronica Inazuma Eleven GO, jugador)",15,15,1,fbtl_cro04_070_010,94116F1A,A3CF4466,4-4-2 Diamante,A3CF4466,es legal,1D4B6E80,806E4B1D,Raimon revolucionario,D28569D3,,,D28569D3,,,,AAB46A8D,353553B4,17,13,17
F946C489,pltm_cro_ie4_08,Raimon,Raimon,cronica-jugador,4,Inazuma Eleven GO,jugador,"Raimon (Cronica Inazuma Eleven GO, jugador)",17,17,1,fbtl_cro04_080_010,0A75FAB9,005A20F8,4-5-1 Equilibrio,005A20F8,es legal,1D4B6E80,806E4B1D,Raimon revolucionario,D5EDE5A4,,,D5EDE5A4,,,,AAB46A8D,353553B4,17,13,17
EE867DFA,pltm_cro_ie4_10,Raimon,Raimon,cronica-jugador,4,Inazuma Eleven GO,jugador,"Raimon (Cronica Inazuma Eleven GO, jugador)",21,21,1,fbtl_cro04_100_010,94116F1A,A3CF4466,4-4-2 Diamante,A3CF4466,es legal,1D4B6E80,806E4B1D,Raimon revolucionario,D28569D3,,,D28569D3,779B1E3C,A2864029,Alas gemelas,AAB46A8D,353553B4,20,16,20
99814D6C,pltm_cro_ie4_11,Raimon,Raimon,cronica-jugador,4,Inazuma Eleven GO,jugador,"Raimon (Cronica Inazuma Eleven GO, jugador)",23,23,1,fbtl_cro04_110_010,94116F1A,A3CF4466,4-4-2 Diamante,A3CF4466,es legal,1D4B6E80,806E4B1D,Raimon revolucionario,D5EDE5A4,,,D5EDE5A4,,,,AAB46A8D,636FF432,20,16,20
00881CD6,pltm_cro_ie4_12,Raimon,Raimon,cronica-jugador,4,Inazuma Eleven GO,jugador,"Raimon (Cronica Inazuma Eleven GO, jugador)",25,25,1,fbtl_cro04_120_010,94116F1A,A3CF4466,4-4-2 Diamante,A3CF4466,es legal,1D4B6E80,806E4B1D,Raimon revolucionario,D5EDE5A4,,,D5EDE5A4,,,,AAB46A8D,,13,13,13
778F2C40,pltm_cro_ie4_13,Raimon,Raimon,cronica-jugador,4,Inazuma Eleven GO,jugador,"Raimon (Cronica Inazuma Eleven GO, jugador)",27,27,1,fbtl_cro04_130_010,94116F1A,A3CF4466,4-4-2 Diamante,A3CF4466,es legal,1D4B6E80,806E4B1D,Raimon revolucionario,D5EDE5A4,,,D5EDE5A4,,,,AAB46A8D,,13,13,13
E9EBB9E3,pltm_cro_ie4_14,Raimon,Raimon,cronica-jugador,4,Inazuma Eleven GO,jugador,"Raimon (Cronica Inazuma Eleven GO, jugador)",29,29,1,fbtl_cro04_140_010,94116F1A,A3CF4466,4-4-2 Diamante,A3CF4466,es legal,1D4B6E80,806E4B1D,Raimon revolucionario,D5EDE5A4,,,D5EDE5A4,,,,AAB46A8D,353553B4,14,13,14
9EEC8975,pltm_cro_ie4_15,Raimon,Raimon,cronica-jugador,4,Inazuma Eleven GO,jugador,"Raimon (Cronica Inazuma Eleven GO, jugador)",31,31,1,fbtl_cro04_150_010,94116F1A,A3CF4466,4-4-2 Diamante,A3CF4466,es legal,1D4B6E80,806E4B1D,Raimon revolucionario,1546BE65,,,1546BE65,,,,AAB46A8D,636FF432,20,16,20
07E5D8CF,pltm_cro_ie4_16,Raimon,Raimon,cronica-jugador,4,Inazuma Eleven GO,jugador,"Raimon (Cronica Inazuma Eleven GO, jugador)",33,33,1,fbtl_cro04_160_010,94116F1A,A3CF4466,4-4-2 Diamante,A3CF4466,es legal,1D4B6E80,806E4B1D,Raimon revolucionario,1546BE65,,,1546BE65,,,,AAB46A8D,636FF432,20,16,20
70E2E859,pltm_cro_ie4_17,Raimon,Raimon,cronica-jugador,4,Inazuma Eleven GO,jugador,"Raimon (Cronica Inazuma Eleven GO, jugador)",35,35,1,fbtl_cro04_170_010,94116F1A,A3CF4466,4-4-2 Diamante,A3CF4466,es legal,1D4B6E80,806E4B1D,Raimon revolucionario,1546BE65,,,1546BE65,,,,AAB46A8D,636FF432,20,16,20
E05DF5C8,pltm_cro_ie4_18,Raimon,Raimon,cronica-jugador,4,Inazuma Eleven GO,jugador,"Raimon (Cronica Inazuma Eleven GO, jugador)",37,37,1,fbtl_cro04_180_010,94116F1A,A3CF4466,4-4-2 Diamante,A3CF4466,es legal,1D4B6E80,806E4B1D,Raimon revolucionario,1546BE65,,,1546BE65,,,,B3AF5BCC,353553B4,19,15,19
975AC55E,pltm_cro_ie4_19,Raimon,Raimon,cronica-jugador,4,Inazuma Eleven GO,jugador,"Raimon (Cronica Inazuma Eleven GO, jugador)",39,39,1,fbtl_cro04_190_010,94116F1A,A3CF4466,4-4-2 Diamante,A3CF4466,es legal,1D4B6E80,806E4B1D,Raimon revolucionario,1546BE65,,,1546BE65,,,,B3AF5BCC,353553B4,19,15,19
C5AB2E39,pltm_cro_ie4_20,Raimon,Raimon,cronica-jugador,4,Inazuma Eleven GO,jugador,"Raimon (Cronica Inazuma Eleven GO, jugador)",41,41,1,fbtl_cro04_200_010,94116F1A,A3CF4466,4-4-2 Diamante,A3CF4466,es legal,1D4B6E80,806E4B1D,Raimon revolucionario,1546BE65,,,1546BE65,,,,B3AF5BCC,353553B4,19,15,19
B2AC1EAF,pltm_cro_ie4_21,Raimon,Raimon,cronica-jugador,4,Inazuma Eleven GO,jugador,"Raimon (Cronica Inazuma Eleven GO, jugador)",43,43,1,fbtl_cro04_210_010,94116F1A,A3CF4466,4-4-2 Diamante,A3CF4466,es legal,1D4B6E80,806E4B1D,Raimon revolucionario,1546BE65,,,1546BE65,,,,B3AF5BCC,353553B4,19,15,19
2BA54F15,pltm_cro_ie4_22,Raimon,Raimon,cronica-jugador,4,Inazuma Eleven GO,jugador,"Raimon (Cronica Inazuma Eleven GO, jugador)",45,45,1,fbtl_cro04_220_010,94116F1A,A3CF4466,4-4-2 Diamante,A3CF4466,es legal,1D4B6E80,806E4B1D,Raimon revolucionario,1546BE65,,,1546BE65,,,,B3AF5BCC,353553B4,19,15,19
38261B48,pltm_cro_ie5_01,Arions,The Arions,cronica-jugador,5,Inazuma Eleven GO Chrono Stone,jugador,"Arions (Cronica Inazuma Eleven GO Chrono Stone, jugador)",3,3,1,fbtl_cro05_010_010,7A1F0E36,8FAE4A88,3-5-2 Libertad,8FAE4A88,es legal,23AF935E,5E93AF23,<MNT:TENMAS>,63CF60EE,4A9DADDD,Equipación <MNT:TENMAS>,63CF60EE,,,,B3AF5BCC,,11,11,11
A12F4AF2,pltm_cro_ie5_02,Arions,The Arions,cronica-jugador,5,Inazuma Eleven GO Chrono Stone,jugador,"Arions (Cronica Inazuma Eleven GO Chrono Stone, jugador)",5,5,1,fbtl_cro05_020_010,E47B9B95,2C3B2E16,4-3-3 Triángulo,2C3B2E16,es legal,23AF935E,5E93AF23,<MNT:TENMAS>,63CF60EE,4A9DADDD,Equipación <MNT:TENMAS>,63CF60EE,,,,B3AF5BCC,,13,13,13
D6287A64,pltm_cro_ie5_03,Raimon,Raimon,cronica-jugador,5,Inazuma Eleven GO Chrono Stone,jugador,"Raimon (Cronica Inazuma Eleven GO Chrono Stone, jugador)",7,7,1,fbtl_cro05_030_010,94116F1A,A3CF4466,4-4-2 Diamante,A3CF4466,es legal,1D4B6E80,806E4B1D,Raimon revolucionario,D5EDE5A4,,,D5EDE5A4,,,,B3AF5BCC,,11,11,11
484CEFC7,pltm_cro_ie5_04,Star Unicorn,America United,cronica-jugador,5,Inazuma Eleven GO Chrono Stone,jugador,"Star Unicorn (Cronica Inazuma Eleven GO Chrono Stone, jugador)",9,9,1,fbtl_cro05_040_010,E47B9B95,2C3B2E16,4-3-3 Triángulo,2C3B2E16,es legal,918B9127,27918B91,Star Unicorn,1546BE65,,,1546BE65,,,,B3AF5BCC,353553B4,17,16,17
3F4BDF51,pltm_cro_ie5_05,Raimon,Raimon,cronica-jugador,5,Inazuma Eleven GO Chrono Stone,jugador,"Raimon (Cronica Inazuma Eleven GO Chrono Stone, jugador)",11,11,1,fbtl_cro05_050_010,E47B9B95,2C3B2E16,4-3-3 Triángulo,2C3B2E16,es legal,1D4B6E80,806E4B1D,Raimon revolucionario,458368D3,,,458368D3,3A9C36A2,3CAE4764,Reflector 3D,B3AF5BCC,636FF432,13,12,13
A6428EEB,pltm_cro_ie5_06,Raimon,Raimon,cronica-jugador,5,Inazuma Eleven GO Chrono Stone,jugador,"Raimon (Cronica Inazuma Eleven GO Chrono Stone, jugador)",13,13,1,fbtl_cro05_060_010,E47B9B95,2C3B2E16,4-3-3 Triángulo,2C3B2E16,es legal,1D4B6E80,806E4B1D,Raimon revolucionario,1546BE65,,,1546BE65,,,,B3AF5BCC,6C9CD776,12,11,12
D145BE7D,pltm_cro_ie5_07,Clan Oda,Oda's Oddjobs,cronica-jugador,5,Inazuma Eleven GO Chrono Stone,jugador,"Clan Oda (Cronica Inazuma Eleven GO Chrono Stone, jugador)",15,15,1,fbtl_cro05_070_010,EDCDD7BE,0777981F,5-4-1 Doble Volante,0777981F,es legal,E68CA1B1,B1A18CE6,Clan Oda,1546BE65,,,1546BE65,,,,B3AF5BCC,6C9CD776,12,11,12
41FAA3EC,pltm_cro_ie5_08,Raimon,Raimon,cronica-jugador,5,Inazuma Eleven GO Chrono Stone,jugador,"Raimon (Cronica Inazuma Eleven GO Chrono Stone, jugador)",17,17,1,fbtl_cro05_080_010,E47B9B95,2C3B2E16,4-3-3 Triángulo,2C3B2E16,es legal,1D4B6E80,806E4B1D,Raimon revolucionario,1546BE65,,,1546BE65,,,,B3AF5BCC,D1BF67CF,12,11,12
36FD937A,pltm_cro_ie5_09,Raimon,Raimon,cronica-jugador,5,Inazuma Eleven GO Chrono Stone,jugador,"Raimon (Cronica Inazuma Eleven GO Chrono Stone, jugador)",19,19,1,fbtl_cro05_090_010,7A1F0E36,8FAE4A88,3-5-2 Libertad,8FAE4A88,es legal,1D4B6E80,806E4B1D,Raimon revolucionario,D1C604DD,,,D1C604DD,,,,B3AF5BCC,,12,12,12
91F23621,pltm_cro_ie5_09_1,Raimon,Raimon,cronica-jugador,5,Inazuma Eleven GO Chrono Stone,jugador,"Raimon (Cronica Inazuma Eleven GO Chrono Stone, jugador)",19,19,1,fbtl_cro05_090_110,7A1F0E36,8FAE4A88,3-5-2 Libertad,8FAE4A88,es legal,1D4B6E80,806E4B1D,Raimon revolucionario,D1C604DD,,,D1C604DD,,,,B3AF5BCC,,12,12,12
563A1A9F,pltm_cro_ie5_10,Raimon,Raimon,cronica-jugador,5,Inazuma Eleven GO Chrono Stone,jugador,"Raimon (Cronica Inazuma Eleven GO Chrono Stone, jugador)",21,21,1,fbtl_cro05_100_010,7A1F0E36,8FAE4A88,3-5-2 Libertad,8FAE4A88,es legal,1D4B6E80,806E4B1D,Raimon revolucionario,1546BE65,,,1546BE65,08AA5420,BECC7156,Formación caparazón,B3AF5BCC,97B155CB,13,12,13
269F6ACB,pltm_cro_ie5_10_1,Raimon,Raimon,cronica-jugador,5,Inazuma Eleven GO Chrono Stone,jugador,"Raimon (Cronica Inazuma Eleven GO Chrono Stone, jugador)",21,21,1,fbtl_cro05_100_110,7A1F0E36,8FAE4A88,3-5-2 Libertad,8FAE4A88,es legal,1D4B6E80,806E4B1D,Raimon revolucionario,1546BE65,,,1546BE65,08AA5420,BECC7156,Formación caparazón,B3AF5BCC,97B155CB,13,12,13
213D2A09,pltm_cro_ie5_11,Raimon,Raimon,cronica-jugador,5,Inazuma Eleven GO Chrono Stone,jugador,"Raimon (Cronica Inazuma Eleven GO Chrono Stone, jugador)",23,23,1,fbtl_cro05_110_010,7A1F0E36,8FAE4A88,3-5-2 Libertad,8FAE4A88,es legal,1D4B6E80,806E4B1D,Raimon revolucionario,1546BE65,,,1546BE65,,,,B3AF5BCC,FA92340C,13,12,13
275D00FC,pltm_cro_ie5_11_1,Raimon,Raimon,cronica-jugador,5,Inazuma Eleven GO Chrono Stone,jugador,"Raimon (Cronica Inazuma Eleven GO Chrono Stone, jugador)",23,23,1,fbtl_cro05_110_110,7A1F0E36,8FAE4A88,3-5-2 Libertad,8FAE4A88,es legal,1D4B6E80,806E4B1D,Raimon revolucionario,1546BE65,,,1546BE65,,,,B3AF5BCC,FA92340C,13,12,13
B8347BB3,pltm_cro_ie5_12,Raimon,Raimon,cronica-jugador,5,Inazuma Eleven GO Chrono Stone,jugador,"Raimon (Cronica Inazuma Eleven GO Chrono Stone, jugador)",25,25,1,fbtl_cro05_120_010,7A1F0E36,8FAE4A88,3-5-2 Libertad,8FAE4A88,es legal,1D4B6E80,806E4B1D,Raimon revolucionario,1546BE65,,,1546BE65,,,,B3AF5BCC,2D1E497B,14,13,14
251BBEA5,pltm_cro_ie5_12_1,Raimon,Raimon,cronica-jugador,5,Inazuma Eleven GO Chrono Stone,jugador,"Raimon (Cronica Inazuma Eleven GO Chrono Stone, jugador)",25,25,1,fbtl_cro05_120_110,7A1F0E36,8FAE4A88,3-5-2 Libertad,8FAE4A88,es legal,1D4B6E80,806E4B1D,Raimon revolucionario,1546BE65,,,1546BE65,,,,B3AF5BCC,2D1E497B,14,13,14
CF334B25,pltm_cro_ie5_13,Raimon,Raimon,cronica-jugador,5,Inazuma Eleven GO Chrono Stone,jugador,"Raimon (Cronica Inazuma Eleven GO Chrono Stone, jugador)",27,27,1,fbtl_cro05_130_010,7A1F0E36,8FAE4A88,3-5-2 Libertad,8FAE4A88,es legal,1D4B6E80,806E4B1D,Raimon revolucionario,1546BE65,,,1546BE65,,,,B3AF5BCC,2D1E497B,13,12,13
24D9D492,pltm_cro_ie5_13_1,Raimon,Raimon,cronica-jugador,5,Inazuma Eleven GO Chrono Stone,jugador,"Raimon (Cronica Inazuma Eleven GO Chrono Stone, jugador)",27,27,1,fbtl_cro05_130_110,7A1F0E36,8FAE4A88,3-5-2 Libertad,8FAE4A88,es legal,1D4B6E80,806E4B1D,Raimon revolucionario,1546BE65,,,1546BE65,,,,B3AF5BCC,2D1E497B,13,12,13
5157DE86,pltm_cro_ie5_14,Arions,The Arions,cronica-jugador,5,Inazuma Eleven GO Chrono Stone,jugador,"Arions (Cronica Inazuma Eleven GO Chrono Stone, jugador)",29,29,1,fbtl_cro05_140_010,E47B9B95,2C3B2E16,4-3-3 Triángulo,2C3B2E16,es legal,23AF935E,5E93AF23,<MNT:TENMAS>,63CF60EE,4A9DADDD,Equipación <MNT:TENMAS>,63CF60EE,,,,B3AF5BCC,,11,11,11
2196C217,pltm_cro_ie5_14_1,Arions,The Arions,cronica-jugador,5,Inazuma Eleven GO Chrono Stone,jugador,"Arions (Cronica Inazuma Eleven GO Chrono Stone, jugador)",29,29,1,fbtl_cro05_140_110,E47B9B95,2C3B2E16,4-3-3 Triángulo,2C3B2E16,es legal,23AF935E,5E93AF23,<MNT:TENMAS>,63CF60EE,4A9DADDD,Equipación <MNT:TENMAS>,63CF60EE,,,,B3AF5BCC,,11,11,11
2650EE10,pltm_cro_ie5_15,Caballeros de la Mesa Redonda,Knights of the Round Table,cronica-jugador,5,Inazuma Eleven GO Chrono Stone,jugador,"Caballeros de la Mesa Redonda (Cronica Inazuma Eleven GO Chrono Stone, jugador)",31,31,1,fbtl_cro05_150_010,E47B9B95,2C3B2E16,4-3-3 Triángulo,2C3B2E16,es legal,47C3565A,5A56C347,Caballeros de la Mesa Redonda,1546BE65,,,1546BE65,,,,B3AF5BCC,74458C00,14,13,14
2054A820,pltm_cro_ie5_15_1,Caballeros de la Mesa Redonda,Knights of the Round Table,cronica-jugador,5,Inazuma Eleven GO Chrono Stone,jugador,"Caballeros de la Mesa Redonda (Cronica Inazuma Eleven GO Chrono Stone, jugador)",31,31,1,fbtl_cro05_150_110,E47B9B95,2C3B2E16,4-3-3 Triángulo,2C3B2E16,es legal,47C3565A,5A56C347,Caballeros de la Mesa Redonda,1546BE65,,,1546BE65,,,,B3AF5BCC,74458C00,14,13,14
BF59BFAA,pltm_cro_ie5_16,El Dorado 01,El Dorado 01,cronica-jugador,5,Inazuma Eleven GO Chrono Stone,jugador,"El Dorado 01 (Cronica Inazuma Eleven GO Chrono Stone, jugador)",33,33,1,fbtl_cro05_160_010,E47B9B95,2C3B2E16,4-3-3 Triángulo,2C3B2E16,es legal,E1E165A8,A865E1E1,El Dorado 01,08421B99,,,08421B99,,,,7AB4BBF3,636FF432,12,11,12
22121679,pltm_cro_ie5_16_1,El Dorado 01,El Dorado 01,cronica-jugador,5,Inazuma Eleven GO Chrono Stone,jugador,"El Dorado 01 (Cronica Inazuma Eleven GO Chrono Stone, jugador)",33,33,1,fbtl_cro05_160_110,E47B9B95,2C3B2E16,4-3-3 Triángulo,2C3B2E16,es legal,E1E165A8,A865E1E1,El Dorado 01,08421B99,,,08421B99,,,,7AB4BBF3,636FF432,12,11,12
C85E8F3C,pltm_cro_ie5_17,El Dorado 02,El Dorado 02,cronica-jugador,5,Inazuma Eleven GO Chrono Stone,jugador,"El Dorado 02 (Cronica Inazuma Eleven GO Chrono Stone, jugador)",35,35,1,fbtl_cro05_170_010,7D72CA2F,966A278F,3-6-1 Hexa,966A278F,es legal,715E7839,39785E71,El Dorado 02,C76B1453,,,C76B1453,11B16561,FFFD6A4F,Virtuoso volcánico,AAB46A8D,CE98AEC1,14,13,14
23D07C4E,pltm_cro_ie5_17_1,El Dorado 02,El Dorado 02,cronica-jugador,5,Inazuma Eleven GO Chrono Stone,jugador,"El Dorado 02 (Cronica Inazuma Eleven GO Chrono Stone, jugador)",35,35,1,fbtl_cro05_170_110,7D72CA2F,966A278F,3-6-1 Hexa,966A278F,es legal,715E7839,39785E71,El Dorado 02,C76B1453,,,C76B1453,11B16561,FFFD6A4F,Virtuoso volcánico,AAB46A8D,CE98AEC1,14,13,14
58E192AD,pltm_cro_ie5_18,El Dorado 03,El Dorado 03,cronica-jugador,5,Inazuma Eleven GO Chrono Stone,jugador,"El Dorado 03 (Cronica Inazuma Eleven GO Chrono Stone, jugador)",37,37,1,fbtl_cro05_180_010,7A1F0E36,8FAE4A88,3-5-2 Libertad,8FAE4A88,es legal,065948AF,AF485906,El Dorado 03,1546BE65,,,1546BE65,,,,B3AF5BCC,E631296C,13,12,13
288C3B73,pltm_cro_ie5_18_1,El Dorado 03,El Dorado 03,cronica-jugador,5,Inazuma Eleven GO Chrono Stone,jugador,"El Dorado 03 (Cronica Inazuma Eleven GO Chrono Stone, jugador)",37,37,1,fbtl_cro05_180_110,7A1F0E36,8FAE4A88,3-5-2 Libertad,8FAE4A88,es legal,065948AF,AF485906,El Dorado 03,1546BE65,,,1546BE65,,,,B3AF5BCC,E631296C,13,12,13
2FE6A23B,pltm_cro_ie5_19,Chrono Storm,Chrono Storm,cronica-jugador,5,Inazuma Eleven GO Chrono Stone,jugador,"Chrono Storm (Cronica Inazuma Eleven GO Chrono Stone, jugador)",39,39,1,fbtl_cro05_190_010,7A1F0E36,8FAE4A88,3-5-2 Libertad,8FAE4A88,es legal,DECA07E0,E007CADE,Chrono Storm,1546BE65,,,1546BE65,,,,489A980B,353553B4,12,11,1
294E5144,pltm_cro_ie5_19_1,Chrono Storm,Chrono Storm,cronica-jugador,5,Inazuma Eleven GO Chrono Stone,jugador,"Chrono Storm (Cronica Inazuma Eleven GO Chrono Stone, jugador)",39,39,1,fbtl_cro05_190_110,7A1F0E36,8FAE4A88,3-5-2 Libertad,8FAE4A88,es legal,DECA07E0,E007CADE,Chrono Storm,1546BE65,,,1546BE65,,,,489A980B,353553B4,12,11,1
7D17495C,pltm_cro_ie5_20,Chrono Storm,Chrono Storm,cronica-jugador,5,Inazuma Eleven GO Chrono Stone,jugador,"Chrono Storm (Cronica Inazuma Eleven GO Chrono Stone, jugador)",41,46,1,fbtl_cro05_200_010,7A1F0E36,8FAE4A88,3-5-2 Libertad,8FAE4A88,es legal,DECA07E0,E007CADE,Chrono Storm,1546BE65,,,1546BE65,,,,B3AF5BCC,353553B4,12,11,12
342AC525,pltm_cro_ie5_20_1,Chrono Storm,Chrono Storm,cronica-jugador,5,Inazuma Eleven GO Chrono Stone,jugador,"Chrono Storm (Cronica Inazuma Eleven GO Chrono Stone, jugador)",,,1,,7A1F0E36,8FAE4A88,3-5-2 Libertad,8FAE4A88,es legal,DECA07E0,E007CADE,Chrono Storm,1546BE65,,,1546BE65,,,,B3AF5BCC,353553B4,12,11,12
0A1079CA,pltm_cro_ie5_21,Chrono Storm,Chrono Storm,cronica-jugador,5,Inazuma Eleven GO Chrono Stone,jugador,"Chrono Storm (Cronica Inazuma Eleven GO Chrono Stone, jugador)",43,43,1,fbtl_cro05_210_010,7A1F0E36,8FAE4A88,3-5-2 Libertad,8FAE4A88,es legal,DECA07E0,E007CADE,Chrono Storm,1546BE65,,,1546BE65,,,,B3AF5BCC,353553B4,12,11,12
9474EC69,pltm_cro_ie5_26,Inazuma Japón,Inazuma National,cronica-jugador,5,Inazuma Eleven GO Chrono Stone,jugador,"Inazuma Japón (Cronica Inazuma Eleven GO Chrono Stone, jugador)",48,48,1,fbtl_cro05_230_010,7D72CA2F,966A278F,3-6-1 Hexa,966A278F,es legal,1199F1DC,DCF19911,Inazuma Japón Alterno,ADA7D81F,AAEC5E60,Equipación Inazuma Japón Alterno,ADA7D81F,,,,B3AF5BCC,,11,11,11
E373DCFF,pltm_cro_ie5_27,Inazuma Japón,Inazuma National,cronica-jugador,5,Inazuma Eleven GO Chrono Stone,jugador,"Inazuma Japón (Cronica Inazuma Eleven GO Chrono Stone, jugador)",49,49,1,fbtl_cro05_240_010,7D72CA2F,966A278F,3-6-1 Hexa,966A278F,es legal,1199F1DC,DCF19911,Inazuma Japón Alterno,ADA7D81F,AAEC5E60,Equipación Inazuma Japón Alterno,ADA7D81F,,,,B3AF5BCC,,11,11,11
2A93B4A6,pltm_cro_ie6_01,Inazuma Japón,Inazuma National,cronica-jugador,6,Inazuma Eleven GO Galaxy,jugador,"Inazuma Japón (Cronica Inazuma Eleven GO Galaxy, jugador)",3,3,1,fbtl_cro06_010_010,94116F1A,A3CF4466,4-4-2 Diamante,A3CF4466,es legal,213EBB9A,9ABB3E21,Nuevo Inazuma Japón,D2999A41,,,D2999A41,11B16561,FFFD6A4F,Virtuoso volcánico,B3AF5BCC,04079A90,14,11,14
B39AE51C,pltm_cro_ie6_02,Inazuma Japón,Inazuma National,cronica-jugador,6,Inazuma Eleven GO Galaxy,jugador,"Inazuma Japón (Cronica Inazuma Eleven GO Galaxy, jugador)",5,5,1,fbtl_cro06_020_010,94116F1A,A3CF4466,4-4-2 Diamante,A3CF4466,es legal,213EBB9A,9ABB3E21,Nuevo Inazuma Japón,D2999A41,,,D2999A41,68F5E26F|3EAF45E9|921A0AE5,F17A2E36|77DD7460|7B92C1CC,Espadón|Lanzas laterales|Protocolo de enlace,B3AF5BCC,04079A90,14,11,14
C49DD58A,pltm_cro_ie6_03,Inazuma Japón,Inazuma National,cronica-jugador,6,Inazuma Eleven GO Galaxy,jugador,"Inazuma Japón (Cronica Inazuma Eleven GO Galaxy, jugador)",7,7,1,fbtl_cro06_030_010,94116F1A,A3CF4466,4-4-2 Diamante,A3CF4466,es legal,213EBB9A,9ABB3E21,Nuevo Inazuma Japón,D2999A41,,,D2999A41,68F5E26F|3EAF45E9|921A0AE5,F17A2E36|77DD7460|7B92C1CC,Espadón|Lanzas laterales|Protocolo de enlace,B3AF5BCC,04079A90,14,11,14
5AF94029,pltm_cro_ie6_04,Inazuma Japón,Inazuma National,cronica-jugador,6,Inazuma Eleven GO Galaxy,jugador,"Inazuma Japón (Cronica Inazuma Eleven GO Galaxy, jugador)",9,9,1,fbtl_cro06_040_010,94116F1A,A3CF4466,4-4-2 Diamante,A3CF4466,es legal,213EBB9A,9ABB3E21,Nuevo Inazuma Japón,D2999A41,,,D2999A41,68F5E26F|3EAF45E9|921A0AE5,F17A2E36|77DD7460|7B92C1CC,Espadón|Lanzas laterales|Protocolo de enlace,B3AF5BCC,04079A90,15,12,15
2DFE70BF,pltm_cro_ie6_05,Inazuma Japón,Inazuma National,cronica-jugador,6,Inazuma Eleven GO Galaxy,jugador,"Inazuma Japón (Cronica Inazuma Eleven GO Galaxy, jugador)",11,11,1,fbtl_cro06_050_010,94116F1A,A3CF4466,4-4-2 Diamante,A3CF4466,es legal,213EBB9A,9ABB3E21,Nuevo Inazuma Japón,D2999A41,,,D2999A41,68F5E26F|3EAF45E9|921A0AE5,F17A2E36|77DD7460|7B92C1CC,Espadón|Lanzas laterales|Protocolo de enlace,B3AF5BCC,04079A90,15,12,15
B4F72105,pltm_cro_ie6_06,Inazuma Japón,Inazuma National,cronica-jugador,6,Inazuma Eleven GO Galaxy,jugador,"Inazuma Japón (Cronica Inazuma Eleven GO Galaxy, jugador)",13,13,1,fbtl_cro06_060_010,94116F1A,A3CF4466,4-4-2 Diamante,A3CF4466,es legal,213EBB9A,9ABB3E21,Nuevo Inazuma Japón,D2999A41,,,D2999A41,68F5E26F|3EAF45E9|921A0AE5,F17A2E36|77DD7460|7B92C1CC,Espadón|Lanzas laterales|Protocolo de enlace,B3AF5BCC,04079A90,14,11,14
C3F01193,pltm_cro_ie6_07,Inazuma Japón,Inazuma National,cronica-jugador,6,Inazuma Eleven GO Galaxy,jugador,"Inazuma Japón (Cronica Inazuma Eleven GO Galaxy, jugador)",15,15,1,fbtl_cro06_070_010,94116F1A,A3CF4466,4-4-2 Diamante,A3CF4466,es legal,213EBB9A,9ABB3E21,Nuevo Inazuma Japón,D2999A41,,,D2999A41,68F5E26F|3EAF45E9|921A0AE5,F17A2E36|77DD7460|7B92C1CC,Espadón|Lanzas laterales|Protocolo de enlace,B3AF5BCC,04079A90,14,11,14
534F0C02,pltm_cro_ie6_08,Earth Eleven,Earth Eleven,cronica-jugador,6,Inazuma Eleven GO Galaxy,jugador,"Earth Eleven (Cronica Inazuma Eleven GO Galaxy, jugador)",17,17,1,fbtl_cro06_080_010,E47B9B95,2C3B2E16,4-3-3 Triángulo,2C3B2E16,es legal,65CD83B9,B983CD65,Earth Eleven,D2999A41,,,D2999A41,68F5E26F|3EAF45E9|921A0AE5,F17A2E36|77DD7460|7B92C1CC,Espadón|Lanzas laterales|Protocolo de enlace,B3AF5BCC,04079A90,16,13,16
24483C94,pltm_cro_ie6_09,Earth Eleven,Earth Eleven,cronica-jugador,6,Inazuma Eleven GO Galaxy,jugador,"Earth Eleven (Cronica Inazuma Eleven GO Galaxy, jugador)",19,19,1,fbtl_cro06_090_010,94116F1A,A3CF4466,4-4-2 Diamante,A3CF4466,es legal,65CD83B9,B983CD65,Earth Eleven,D2999A41,,,D2999A41,68F5E26F|3EAF45E9|921A0AE5,F17A2E36|77DD7460|7B92C1CC,Espadón|Lanzas laterales|Protocolo de enlace,B3AF5BCC,04079A90,17,14,17
448FB571,pltm_cro_ie6_10,Earth Eleven,Earth Eleven,cronica-jugador,6,Inazuma Eleven GO Galaxy,jugador,"Earth Eleven (Cronica Inazuma Eleven GO Galaxy, jugador)",21,21,1,fbtl_cro06_100_010,94116F1A,A3CF4466,4-4-2 Diamante,A3CF4466,es legal,65CD83B9,B983CD65,Earth Eleven,D2999A41,,,D2999A41,68F5E26F|3EAF45E9|921A0AE5,F17A2E36|77DD7460|7B92C1CC,Espadón|Lanzas laterales|Protocolo de enlace,B3AF5BCC,04079A90,16,13,16
338885E7,pltm_cro_ie6_11,Earth Eleven,Earth Eleven,cronica-jugador,6,Inazuma Eleven GO Galaxy,jugador,"Earth Eleven (Cronica Inazuma Eleven GO Galaxy, jugador)",23,23,1,fbtl_cro06_110_010,94116F1A,A3CF4466,4-4-2 Diamante,A3CF4466,es legal,65CD83B9,B983CD65,Earth Eleven,D2999A41,,,D2999A41,68F5E26F|3EAF45E9|921A0AE5,F17A2E36|77DD7460|7B92C1CC,Espadón|Lanzas laterales|Protocolo de enlace,B3AF5BCC,04079A90,16,13,16
AA81D45D,pltm_cro_ie6_12,Earth Eleven,Earth Eleven,cronica-jugador,6,Inazuma Eleven GO Galaxy,jugador,"Earth Eleven (Cronica Inazuma Eleven GO Galaxy, jugador)",25,25,1,fbtl_cro06_120_010,94116F1A,A3CF4466,4-4-2 Diamante,A3CF4466,es legal,65CD83B9,B983CD65,Earth Eleven,D2999A41,,,D2999A41,68F5E26F|3EAF45E9|921A0AE5,F17A2E36|77DD7460|7B92C1CC,Espadón|Lanzas laterales|Protocolo de enlace,B3AF5BCC,,14,12,14
DD86E4CB,pltm_cro_ie6_13,Earth Eleven,Earth Eleven,cronica-jugador,6,Inazuma Eleven GO Galaxy,jugador,"Earth Eleven (Cronica Inazuma Eleven GO Galaxy, jugador)",27,27,1,fbtl_cro06_130_010,94116F1A,A3CF4466,4-4-2 Diamante,A3CF4466,es legal,65CD83B9,B983CD65,Earth Eleven,BA2E8393,,,BA2E8393,68F5E26F|3EAF45E9|921A0AE5,F17A2E36|77DD7460|7B92C1CC,Espadón|Lanzas laterales|Protocolo de enlace,B3AF5BCC,04079A90,25,22,25
43E27168,pltm_cro_ie6_14,Earth Eleven,Earth Eleven,cronica-jugador,6,Inazuma Eleven GO Galaxy,jugador,"Earth Eleven (Cronica Inazuma Eleven GO Galaxy, jugador)",29,33,1,fbtl_cro06_140_010,94116F1A,A3CF4466,4-4-2 Diamante,A3CF4466,es legal,65CD83B9,B983CD65,Earth Eleven,D2999A41,,,D2999A41,68F5E26F|3EAF45E9|921A0AE5,F17A2E36|77DD7460|7B92C1CC,Espadón|Lanzas laterales|Protocolo de enlace,B3AF5BCC,04079A90,16,13,16
828DB74B,pltm_cro_ie6_98,Earth Eleven,Earth Eleven,cronica-jugador,6,Inazuma Eleven GO Galaxy,jugador,"Earth Eleven (Cronica Inazuma Eleven GO Galaxy, jugador)",,,1,,94116F1A,A3CF4466,4-4-2 Diamante,A3CF4466,es legal,65CD83B9,B983CD65,Earth Eleven,D2999A41,,,D2999A41,68F5E26F|3EAF45E9|921A0AE5,F17A2E36|77DD7460|7B92C1CC,Espadón|Lanzas laterales|Protocolo de enlace,B3AF5BCC,,13,11,13
922FD3C3,pltm_cro_ie7_01,Raimon,Raimon,cronica-jugador,7,Inazuma Eleven Ares,jugador,"Raimon (Cronica Inazuma Eleven Ares, jugador)",10,10,1,fbtl_cro07_010_010,0D183EA0,199E4DFF,4-4-2 Caja,199E4DFF,es legal,D5ABE1F0,F0E1ABD5,Raimon,252CE113,D3856B2A,Equipación Raimon,252CE113,,,,8E9453CE,9ED17B1B,19,15,19
0B268279,pltm_cro_ie7_02,Raimon,Raimon,cronica-jugador,7,Inazuma Eleven Ares,jugador,"Raimon (Cronica Inazuma Eleven Ares, jugador)",2,2,1,fbtl_cro07_020_010,7D72CA2F,966A278F,3-6-1 Hexa,966A278F,es legal,5AEB1450,5014EB5A,Raimon Isla Remota,89A8C617,,,89A8C617,,,,38BF742E,A65626AB,13,11,13
7C21B2EF,pltm_cro_ie7_03,Raimon,Raimon,cronica-jugador,7,Inazuma Eleven Ares,jugador,"Raimon (Cronica Inazuma Eleven Ares, jugador)",5,5,1,fbtl_cro07_030_010,7D72CA2F,966A278F,3-6-1 Hexa,966A278F,es legal,5AEB1450,5014EB5A,Raimon Isla Remota,F767237F,73702BA5,Equipación Raimon Isla Remota,F767237F,,,,38BF742E,A65626AB,14,11,14
E245274C,pltm_cro_ie7_04,Academia Polaris,Polestar Academy,cronica-jugador,7,Inazuma Eleven Ares,jugador,"Academia Polaris (Cronica Inazuma Eleven Ares, jugador)",12,12,1,fbtl_cro07_040_010,0A75FAB9,005A20F8,4-5-1 Equilibrio,005A20F8,es legal,C3E245EA,EA45E2C3,Polaris,D6A1D630,,,D6A1D630,,,,7F1F0EFE,F1CEEB1A,14,12,14
954217DA,pltm_cro_ie7_05,Raimon,Raimon,cronica-jugador,7,Inazuma Eleven Ares,jugador,"Raimon (Cronica Inazuma Eleven Ares, jugador)",11,11,1,fbtl_cro07_050_010,7D72CA2F,966A278F,3-6-1 Hexa,966A278F,es legal,5AEB1450,5014EB5A,Raimon Isla Remota,F767237F,73702BA5,Equipación Raimon Isla Remota,F767237F,,,,38BF742E,,13,11,13
0C4B4660,pltm_cro_ie7_06,Raimon,Raimon,cronica-jugador,7,Inazuma Eleven Ares,jugador,"Raimon (Cronica Inazuma Eleven Ares, jugador)",15,15,1,fbtl_cro07_060_010,7D72CA2F,966A278F,3-6-1 Hexa,966A278F,es legal,5AEB1450,5014EB5A,Raimon Isla Remota,F767237F,73702BA5,Equipación Raimon Isla Remota,F767237F,3B5E5C95,0BC48565,Cuadrícula defensiva,38BF742E,A65626AB,15,11,15
7B4C76F6,pltm_cro_ie7_07,Raimon,Raimon,cronica-jugador,7,Inazuma Eleven Ares,jugador,"Raimon (Cronica Inazuma Eleven Ares, jugador)",19,19,1,fbtl_cro07_070_010,7D72CA2F,966A278F,3-6-1 Hexa,966A278F,es legal,5AEB1450,5014EB5A,Raimon Isla Remota,F767237F,73702BA5,Equipación Raimon Isla Remota,F767237F,10730F56|3B5E5C95,C897A84E|0BC48565,Ataque marioneta|Cuadrícula defensiva,38BF742E,A65626AB,15,11,15
EBF36B67,pltm_cro_ie7_08,Academia Polaris,Polestar Academy,cronica-jugador,7,Inazuma Eleven Ares,jugador,"Academia Polaris (Cronica Inazuma Eleven Ares, jugador)",23,23,1,fbtl_cro07_080_010,0A75FAB9,005A20F8,4-5-1 Equilibrio,005A20F8,es legal,C3E245EA,EA45E2C3,Polaris,D6A1D630,,,D6A1D630,,,,7F1F0EFE,F1CEEB1A,13,12,13
9CF45BF1,pltm_cro_ie7_09,Raimon,Raimon,cronica-jugador,7,Inazuma Eleven Ares,jugador,"Raimon (Cronica Inazuma Eleven Ares, jugador)",26,26,1,fbtl_cro07_090_010,7D72CA2F,966A278F,3-6-1 Hexa,966A278F,es legal,5AEB1450,5014EB5A,Raimon Isla Remota,F767237F,73702BA5,Equipación Raimon Isla Remota,F767237F,10730F56|3B5E5C95,C897A84E|0BC48565,Ataque marioneta|Cuadrícula defensiva,38BF742E,A65626AB,15,11,15
FC33D214,pltm_cro_ie7_10,Raimon,Raimon,cronica-jugador,7,Inazuma Eleven Ares,jugador,"Raimon (Cronica Inazuma Eleven Ares, jugador)",29,29,1,fbtl_cro07_100_010,7D72CA2F,966A278F,3-6-1 Hexa,966A278F,es legal,5AEB1450,5014EB5A,Raimon Isla Remota,F767237F,73702BA5,Equipación Raimon Isla Remota,F767237F,10730F56|3B5E5C95,C897A84E|0BC48565,Ataque marioneta|Cuadrícula defensiva,38BF742E,A65626AB,15,11,15
8B34E282,pltm_cro_ie7_11,Raimon,Raimon,cronica-jugador,7,Inazuma Eleven Ares,jugador,"Raimon (Cronica Inazuma Eleven Ares, jugador)",32,32,1,fbtl_cro07_110_010,7D72CA2F,966A278F,3-6-1 Hexa,966A278F,es legal,5AEB1450,5014EB5A,Raimon Isla Remota,F767237F,73702BA5,Equipación Raimon Isla Remota,F767237F,10730F56|3B5E5C95,C897A84E|0BC48565,Ataque marioneta|Cuadrícula defensiva,38BF742E,A65626AB,15,11,15
123DB338,pltm_cro_ie7_12,Raimon,Raimon,cronica-jugador,7,Inazuma Eleven Ares,jugador,"Raimon (Cronica Inazuma Eleven Ares, jugador)",36,36,1,fbtl_cro07_120_010,7D72CA2F,966A278F,3-6-1 Hexa,966A278F,es legal,5AEB1450,5014EB5A,Raimon Isla Remota,F767237F,73702BA5,Equipación Raimon Isla Remota,F767237F,10730F56|3B5E5C95,C897A84E|0BC48565,Ataque marioneta|Cuadrícula defensiva,38BF742E,,13,11,13
653A83AE,pltm_cro_ie7_13,Raimon,Raimon,cronica-jugador,7,Inazuma Eleven Ares,jugador,"Raimon (Cronica Inazuma Eleven Ares, jugador)",40,40,1,fbtl_cro07_130_010,7D72CA2F,966A278F,3-6-1 Hexa,966A278F,es legal,5AEB1450,5014EB5A,Raimon Isla Remota,F767237F,73702BA5,Equipación Raimon Isla Remota,F767237F,10730F56|3B5E5C95,C897A84E|0BC48565,Ataque marioneta|Cuadrícula defensiva,6EE5D3A8,A65626AB,16,12,16
CA4CC395,pltm_cro_ie8_01,Inazuma Japón,Inazuma National,cronica-jugador,8,Inazuma Eleven Orion,jugador,"Inazuma Japón (Cronica Inazuma Eleven Orion, jugador)",2,2,1,fbtl_cro08_010_010,7A1F0E36,8FAE4A88,3-5-2 Libertad,8FAE4A88,es legal,D8BB8381,8183BBD8,Inazuma Japón Implacable,BBCF30BD,,,BBCF30BD,,,,8E9453CE,A65626AB,22,18,22
5345922F,pltm_cro_ie8_02,Inazuma Japón,Inazuma National,cronica-jugador,8,Inazuma Eleven Orion,jugador,"Inazuma Japón (Cronica Inazuma Eleven Orion, jugador)",5,5,1,fbtl_cro08_020_010,7A1F0E36,8FAE4A88,3-5-2 Libertad,8FAE4A88,es legal,D8BB8381,8183BBD8,Inazuma Japón Implacable,BBCF30BD,,,BBCF30BD,,,,8E9453CE,A65626AB,20,16,20
2442A2B9,pltm_cro_ie8_03,Inazuma Japón,Inazuma National,cronica-jugador,8,Inazuma Eleven Orion,jugador,"Inazuma Japón (Cronica Inazuma Eleven Orion, jugador)",8,8,1,fbtl_cro08_030_010,7A1F0E36,8FAE4A88,3-5-2 Libertad,8FAE4A88,es legal,D8BB8381,8183BBD8,Inazuma Japón Implacable,BBCF30BD,,,BBCF30BD,3E114A10|6D04FB13,8ED2CA60|8D63DF33,Virtuoso imperial|Maelstrom Omega 2.0,142580C8,A65626AB,20,16,20
BA26371A,pltm_cro_ie8_04,Inazuma Japón,Inazuma National,cronica-jugador,8,Inazuma Eleven Orion,jugador,"Inazuma Japón (Cronica Inazuma Eleven Orion, jugador)",11,11,1,fbtl_cro08_040_010,7A1F0E36,8FAE4A88,3-5-2 Libertad,8FAE4A88,es legal,D8BB8381,8183BBD8,Inazuma Japón Implacable,BBCF30BD,,,BBCF30BD,3E114A10|6D04FB13,8ED2CA60|8D63DF33,Virtuoso imperial|Maelstrom Omega 2.0,8E9453CE,A65626AB,22,18,22
CD21078C,pltm_cro_ie8_05,Inazuma Japón,Inazuma National,cronica-jugador,8,Inazuma Eleven Orion,jugador,"Inazuma Japón (Cronica Inazuma Eleven Orion, jugador)",15,15,1,fbtl_cro08_050_010,7A1F0E36,8FAE4A88,3-5-2 Libertad,8FAE4A88,es legal,D8BB8381,8183BBD8,Inazuma Japón Implacable,BBCF30BD,,,BBCF30BD,3E114A10|6D04FB13|EA9CE7DC,8ED2CA60|8D63DF33|427F47B4,Virtuoso imperial|Maelstrom Omega 2.0|Marcaje al hombre,8E9453CE,F1CEEB1A,20,17,20
54285636,pltm_cro_ie8_06,Inazuma Japón,Inazuma National,cronica-jugador,8,Inazuma Eleven Orion,jugador,"Inazuma Japón (Cronica Inazuma Eleven Orion, jugador)",19,19,1,fbtl_cro08_060_010,7A1F0E36,8FAE4A88,3-5-2 Libertad,8FAE4A88,es legal,D8BB8381,8183BBD8,Inazuma Japón Implacable,59441354,A2E77B27,Equipación Inazuma Japón Implacable,59441354,3E114A10|6D04FB13|EA9CE7DC,8ED2CA60|8D63DF33|427F47B4,Virtuoso imperial|Maelstrom Omega 2.0|Marcaje al hombre,8E9453CE,A65626AB,23,19,23
232F66A0,pltm_cro_ie8_07,Inazuma Japón,Inazuma National,cronica-jugador,8,Inazuma Eleven Orion,jugador,"Inazuma Japón (Cronica Inazuma Eleven Orion, jugador)",23,23,1,fbtl_cro08_070_010,7A1F0E36,8FAE4A88,3-5-2 Libertad,8FAE4A88,es legal,D8BB8381,8183BBD8,Inazuma Japón Implacable,59441354,A2E77B27,Equipación Inazuma Japón Implacable,59441354,3E114A10|6D04FB13|EA9CE7DC,8ED2CA60|8D63DF33|427F47B4,Virtuoso imperial|Maelstrom Omega 2.0|Marcaje al hombre,8E9453CE,A65626AB,23,19,23
B3907B31,pltm_cro_ie8_08,Inazuma Japón,Inazuma National,cronica-jugador,8,Inazuma Eleven Orion,jugador,"Inazuma Japón (Cronica Inazuma Eleven Orion, jugador)",26,26,1,fbtl_cro08_080_010,94116F1A,A3CF4466,4-4-2 Diamante,A3CF4466,es legal,D8BB8381,8183BBD8,Inazuma Japón Implacable,45D2B9B7,,,45D2B9B7,3E114A10|6D04FB13|EA9CE7DC,8ED2CA60|8D63DF33|427F47B4,Virtuoso imperial|Maelstrom Omega 2.0|Marcaje al hombre,142580C8,A65626AB,23,19,23
C4974BA7,pltm_cro_ie8_09,Inazuma Japón,Inazuma National,cronica-jugador,8,Inazuma Eleven Orion,jugador,"Inazuma Japón (Cronica Inazuma Eleven Orion, jugador)",29,29,1,fbtl_cro08_090_010,7D72CA2F,966A278F,3-6-1 Hexa,966A278F,es legal,D8BB8381,8183BBD8,Inazuma Japón Implacable,BBCF30BD,,,BBCF30BD,3B5E5C95|7150DCD7|6D04FB13,0BC48565|49448B2F|8D63DF33,Cuadrícula defensiva|Campo explosivo|Maelstrom Omega 2.0,142580C8,A65626AB,25,21,25
A450C242,pltm_cro_ie8_10,Inazuma Japón,Inazuma National,cronica-jugador,8,Inazuma Eleven Orion,jugador,"Inazuma Japón (Cronica Inazuma Eleven Orion, jugador)",32,32,1,fbtl_cro08_100_010,94116F1A,A3CF4466,4-4-2 Diamante,A3CF4466,es legal,D8BB8381,8183BBD8,Inazuma Japón Implacable,45D2B9B7,,,45D2B9B7,3B5E5C95|7150DCD7|6D04FB13,0BC48565|49448B2F|8D63DF33,Cuadrícula defensiva|Campo explosivo|Maelstrom Omega 2.0,142580C8,A65626AB,25,21,25
D357F2D4,pltm_cro_ie8_11,Inazuma Japón,Inazuma National,cronica-jugador,8,Inazuma Eleven Orion,jugador,"Inazuma Japón (Cronica Inazuma Eleven Orion, jugador)",36,36,1,fbtl_cro08_110_010,7D72CA2F,966A278F,3-6-1 Hexa,966A278F,es legal,D8BB8381,8183BBD8,Inazuma Japón Implacable,59441354,A2E77B27,Equipación Inazuma Japón Implacable,59441354,3B5E5C95|7150DCD7|6D04FB13,0BC48565|49448B2F|8D63DF33,Cuadrícula defensiva|Campo explosivo|Maelstrom Omega 2.0,8E9453CE,A65626AB,24,20,24
4A5EA36E,pltm_cro_ie8_12,Kinuns,Kinuns,cronica-jugador,8,Inazuma Eleven Orion,jugador,"Kinuns (Cronica Inazuma Eleven Orion, jugador)",40,40,1,fbtl_cro08_120_010,E47B9B95,2C3B2E16,4-3-3 Triángulo,2C3B2E16,es legal,B1CA464F,4F46CAB1,<MNT:KINUNS>,39BF0E54,2C420C99,Equipación <MNT:KINUNS>,39BF0E54,3B5E5C95|7150DCD7|6D04FB13,0BC48565|49448B2F|8D63DF33,Cuadrícula defensiva|Campo explosivo|Maelstrom Omega 2.0,8E9453CE,A65626AB,20,17,20
8348F616,pltm_cro_ie9_01_a,South Cirrus,South Cirrus,cronica-jugador,9,Inazuma Eleven Victory Road,jugador,"South Cirrus (Cronica Inazuma Eleven Victory Road, jugador)",15,15,1,fbtl_cro09_010_010,937CAB03,BA0B2961,4-3-3 Delta,BA0B2961,es legal,1EF73255,5532F71E,<MNT:NAGUMOHARA>,7E51DF9E,765637E1,Equipación <MNT:NAGUMOHARA>,7E51DF9E,0478CB7C,E253A35A,Aislar al jugador clave,C19FE60C,C19FE60C,13,11,12
1A41A7AC,pltm_cro_ie9_01_b,South Cirrus,South Cirrus,cronica-jugador,9,Inazuma Eleven Victory Road,jugador,"South Cirrus (Cronica Inazuma Eleven Victory Road, jugador)",,,1,,937CAB03,BA0B2961,4-3-3 Delta,BA0B2961,es legal,1EF73255,5532F71E,<MNT:NAGUMOHARA>,7E51DF9E,765637E1,Equipación <MNT:NAGUMOHARA>,7E51DF9E,0478CB7C,E253A35A,Aislar al jugador clave,C19FE60C,C19FE60C,13,11,12
6D46973A,pltm_cro_ie9_01_c,South Cirrus,South Cirrus,cronica-jugador,9,Inazuma Eleven Victory Road,jugador,"South Cirrus (Cronica Inazuma Eleven Victory Road, jugador)",,,1,,937CAB03,BA0B2961,4-3-3 Delta,BA0B2961,es legal,1EF73255,5532F71E,<MNT:NAGUMOHARA>,7E51DF9E,765637E1,Equipación <MNT:NAGUMOHARA>,7E51DF9E,0478CB7C,E253A35A,Aislar al jugador clave,C19FE60C,C19FE60C,13,11,12
810E484F,pltm_cro_ie9_02_a,South Cirrus,South Cirrus,cronica-jugador,9,Inazuma Eleven Victory Road,jugador,"South Cirrus (Cronica Inazuma Eleven Victory Road, jugador)",20,20,1,fbtl_cro09_020_010,937CAB03,BA0B2961,4-3-3 Delta,BA0B2961,es legal,1EF73255,5532F71E,<MNT:NAGUMOHARA>,7E51DF9E,765637E1,Equipación <MNT:NAGUMOHARA>,7E51DF9E,0478CB7C,E253A35A,Aislar al jugador clave,C19FE60C,C19FE60C,14,11,13
180719F5,pltm_cro_ie9_02_b,South Cirrus,South Cirrus,cronica-jugador,9,Inazuma Eleven Victory Road,jugador,"South Cirrus (Cronica Inazuma Eleven Victory Road, jugador)",,,1,,937CAB03,BA0B2961,4-3-3 Delta,BA0B2961,es legal,1EF73255,5532F71E,<MNT:NAGUMOHARA>,7E51DF9E,765637E1,Equipación <MNT:NAGUMOHARA>,7E51DF9E,0478CB7C,E253A35A,Aislar al jugador clave,C19FE60C,C19FE60C,14,11,13
6F002963,pltm_cro_ie9_02_c,South Cirrus,South Cirrus,cronica-jugador,9,Inazuma Eleven Victory Road,jugador,"South Cirrus (Cronica Inazuma Eleven Victory Road, jugador)",,,1,,937CAB03,BA0B2961,4-3-3 Delta,BA0B2961,es legal,1EF73255,5532F71E,<MNT:NAGUMOHARA>,7E51DF9E,765637E1,Equipación <MNT:NAGUMOHARA>,7E51DF9E,0478CB7C,E253A35A,Aislar al jugador clave,C19FE60C,C19FE60C,14,11,13
80CC2278,pltm_cro_ie9_03_a,South Cirrus,South Cirrus,cronica-jugador,9,Inazuma Eleven Victory Road,jugador,"South Cirrus (Cronica Inazuma Eleven Victory Road, jugador)",28,28,1,fbtl_cro09_030_010,937CAB03,BA0B2961,4-3-3 Delta,BA0B2961,es legal,1EF73255,5532F71E,<MNT:NAGUMOHARA>,7E51DF9E,765637E1,Equipación <MNT:NAGUMOHARA>,7E51DF9E,0478CB7C|1582162A|4B395DBB,E253A35A|B48E594B|25C5E215,Aislar al jugador clave|Fortaleza de llamas|Empujón del quince,C19FE60C,C19FE60C,19,16,18
19C573C2,pltm_cro_ie9_03_b,South Cirrus,South Cirrus,cronica-jugador,9,Inazuma Eleven Victory Road,jugador,"South Cirrus (Cronica Inazuma Eleven Victory Road, jugador)",,,1,,937CAB03,BA0B2961,4-3-3 Delta,BA0B2961,es legal,1EF73255,5532F71E,<MNT:NAGUMOHARA>,7E51DF9E,765637E1,Equipación <MNT:NAGUMOHARA>,7E51DF9E,0478CB7C|1582162A|4B395DBB,E253A35A|B48E594B|25C5E215,Aislar al jugador clave|Fortaleza de llamas|Empujón del quince,C19FE60C,C19FE60C,19,16,18
6EC24354,pltm_cro_ie9_03_c,South Cirrus,South Cirrus,cronica-jugador,9,Inazuma Eleven Victory Road,jugador,"South Cirrus (Cronica Inazuma Eleven Victory Road, jugador)",,,1,,937CAB03,BA0B2961,4-3-3 Delta,BA0B2961,es legal,1EF73255,5532F71E,<MNT:NAGUMOHARA>,7E51DF9E,765637E1,Equipación <MNT:NAGUMOHARA>,7E51DF9E,0478CB7C|1582162A|4B395DBB,E253A35A|B48E594B|25C5E215,Aislar al jugador clave|Fortaleza de llamas|Empujón del quince,C19FE60C,C19FE60C,19,16,18
858334FD,pltm_cro_ie9_04_a,South Cirrus,South Cirrus,cronica-jugador,9,Inazuma Eleven Victory Road,jugador,"South Cirrus (Cronica Inazuma Eleven Victory Road, jugador)",30,30,1,fbtl_cro09_040_010,937CAB03,BA0B2961,4-3-3 Delta,BA0B2961,es legal,1EF73255,5532F71E,<MNT:NAGUMOHARA>,7E51DF9E,765637E1,Equipación <MNT:NAGUMOHARA>,7E51DF9E,0478CB7C|1582162A|4B395DBB,E253A35A|B48E594B|25C5E215,Aislar al jugador clave|Fortaleza de llamas|Empujón del quince,C19FE60C,C19FE60C,20,16,19
1C8A6547,pltm_cro_ie9_04_b,South Cirrus,South Cirrus,cronica-jugador,9,Inazuma Eleven Victory Road,jugador,"South Cirrus (Cronica Inazuma Eleven Victory Road, jugador)",,,1,,937CAB03,BA0B2961,4-3-3 Delta,BA0B2961,es legal,1EF73255,5532F71E,<MNT:NAGUMOHARA>,7E51DF9E,765637E1,Equipación <MNT:NAGUMOHARA>,7E51DF9E,0478CB7C|1582162A|4B395DBB,E253A35A|B48E594B|25C5E215,Aislar al jugador clave|Fortaleza de llamas|Empujón del quince,C19FE60C,C19FE60C,20,16,19
6B8D55D1,pltm_cro_ie9_04_c,South Cirrus,South Cirrus,cronica-jugador,9,Inazuma Eleven Victory Road,jugador,"South Cirrus (Cronica Inazuma Eleven Victory Road, jugador)",,,1,,937CAB03,BA0B2961,4-3-3 Delta,BA0B2961,es legal,1EF73255,5532F71E,<MNT:NAGUMOHARA>,7E51DF9E,765637E1,Equipación <MNT:NAGUMOHARA>,7E51DF9E,0478CB7C|1582162A|4B395DBB,E253A35A|B48E594B|25C5E215,Aislar al jugador clave|Fortaleza de llamas|Empujón del quince,C19FE60C,C19FE60C,20,16,19
84415ECA,pltm_cro_ie9_05_a,South Cirrus,South Cirrus,cronica-jugador,9,Inazuma Eleven Victory Road,jugador,"South Cirrus (Cronica Inazuma Eleven Victory Road, jugador)",35,35,1,fbtl_cro09_050_010,937CAB03,BA0B2961,4-3-3 Delta,BA0B2961,es legal,1EF73255,5532F71E,<MNT:NAGUMOHARA>,A991EAB2,,,A991EAB2,F8E314FB|275ADB2A|3021CF69,||,||,C19FE60C,C19FE60C,20,16,19
1D480F70,pltm_cro_ie9_05_b,South Cirrus,South Cirrus,cronica-jugador,9,Inazuma Eleven Victory Road,jugador,"South Cirrus (Cronica Inazuma Eleven Victory Road, jugador)",,,1,,937CAB03,BA0B2961,4-3-3 Delta,BA0B2961,es legal,1EF73255,5532F71E,<MNT:NAGUMOHARA>,A991EAB2,,,A991EAB2,F8E314FB|275ADB2A|3021CF69,||,||,C19FE60C,C19FE60C,20,16,19
6A4F3FE6,pltm_cro_ie9_05_c,South Cirrus,South Cirrus,cronica-jugador,9,Inazuma Eleven Victory Road,jugador,"South Cirrus (Cronica Inazuma Eleven Victory Road, jugador)",,,1,,937CAB03,BA0B2961,4-3-3 Delta,BA0B2961,es legal,1EF73255,5532F71E,<MNT:NAGUMOHARA>,A991EAB2,,,A991EAB2,F8E314FB|275ADB2A|3021CF69,||,||,C19FE60C,C19FE60C,20,16,19
8607E093,pltm_cro_ie9_06_a,South Cirrus,South Cirrus,cronica-jugador,9,Inazuma Eleven Victory Road,jugador,"South Cirrus (Cronica Inazuma Eleven Victory Road, jugador)",45,45,1,fbtl_cro09_060_010,937CAB03,BA0B2961,4-3-3 Delta,BA0B2961,es legal,1EF73255,5532F71E,<MNT:NAGUMOHARA>,7E51DF9E,765637E1,Equipación <MNT:NAGUMOHARA>,7E51DF9E,61D6644F|52226CFA|53E006CD,D1FC0D3F|64F4F90C|539E3B0D,Supresión inquebrantable|Recorrido estelar|Contra todo pronóstico,C19FE60C,C19FE60C,20,16,19
1F0EB129,pltm_cro_ie9_06_b,South Cirrus,South Cirrus,cronica-jugador,9,Inazuma Eleven Victory Road,jugador,"South Cirrus (Cronica Inazuma Eleven Victory Road, jugador)",,,1,,937CAB03,BA0B2961,4-3-3 Delta,BA0B2961,es legal,1EF73255,5532F71E,<MNT:NAGUMOHARA>,7E51DF9E,765637E1,Equipación <MNT:NAGUMOHARA>,7E51DF9E,61D6644F|52226CFA|53E006CD,D1FC0D3F|64F4F90C|539E3B0D,Supresión inquebrantable|Recorrido estelar|Contra todo pronóstico,C19FE60C,C19FE60C,20,16,19
680981BF,pltm_cro_ie9_06_c,South Cirrus,South Cirrus,cronica-jugador,9,Inazuma Eleven Victory Road,jugador,"South Cirrus (Cronica Inazuma Eleven Victory Road, jugador)",,,1,,937CAB03,BA0B2961,4-3-3 Delta,BA0B2961,es legal,1EF73255,5532F71E,<MNT:NAGUMOHARA>,7E51DF9E,765637E1,Equipación <MNT:NAGUMOHARA>,7E51DF9E,61D6644F|52226CFA|53E006CD,D1FC0D3F|64F4F90C|539E3B0D,Supresión inquebrantable|Recorrido estelar|Contra todo pronóstico,C19FE60C,C19FE60C,20,16,19
9B9301C5,pltm_cro_ie9_07,Raimon,Raimon,cronica-jugador,9,Inazuma Eleven Victory Road,jugador,"Raimon (Cronica Inazuma Eleven Victory Road, jugador)",40,40,1,fbtl_cro09_070_010,E47B9B95,2C3B2E16,4-3-3 Triángulo,2C3B2E16,es legal,87FE63EF,EF63FE87,Campeones Raimon,BBE7C49D,2FE871E3,Equipación Campeones Raimon,BBE7C49D,921A0AE5,7B92C1CC,Protocolo de enlace,AD12CF1F,,17,16,17
0B2C1C54,pltm_cro_ie9_08,Secundaria South Cirrus,South Cirrus Junior High,cronica-jugador,9,Inazuma Eleven Victory Road,jugador,"Secundaria South Cirrus (Cronica Inazuma Eleven Victory Road, jugador)",40,40,1,fbtl_cro09_080_010,937CAB03,BA0B2961,4-3-3 Delta,BA0B2961,es legal,1EF73255,5532F71E,<MNT:NAGUMOHARA>,7E51DF9E,765637E1,Equipación <MNT:NAGUMOHARA>,7E51DF9E,61D6644F|019801B1|53E006CD,D1FC0D3F||539E3B0D,Supresión inquebrantable||Contra todo pronóstico,,C19FE60C,20,16,19
47CF6295,tm_cro_ie1_0120,Royal Academy,Royal Academy,cronica,1,Inazuma Eleven,nivel99,"Royal Academy (Cronica Inazuma Eleven, nivel99)",99,99,10,fbtl_cro01_010_010,94116F1A,A3CF4466,4-4-2 Diamante,A3CF4466,es legal,4CA2B04A,4AB0A24C,Royal Academy,D6ABDBB4,8A3B2D28,Equipación Royal Academy,D6ABDBB4,,,,2B08403A,833D7977,17,16,17
4589DCCC,tm_cro_ie1_0220,Inazuma Kids FC,Inazuma Kids FC,cronica,1,Inazuma Eleven,nivel99,"Inazuma Kids FC (Cronica Inazuma Eleven, nivel99)",99,99,1,fbtl_cro01_020_010,94116F1A,A3CF4466,4-4-2 Diamante,A3CF4466,es legal,CCB0D0B1,B1D0B0CC,Inazuma Kids FC,297C6041,B6E2D792,Equipación Inazuma Kids FC,297C6041,,,,9B9E6D9E,,16,16,16
444BB6FB,tm_cro_ie1_0320,Occult,Occult,cronica,1,Inazuma Eleven,nivel99,"Occult (Cronica Inazuma Eleven, nivel99)",99,99,1,fbtl_cro01_030_010,0D183EA0,199E4DFF,4-4-2 Caja,199E4DFF,es legal,3BA580DC,DC80A53B,Occult,B590F066,BD51EF29,Equipación Occult,B590F066,,,,FF85EDF6,D567DEF1,18,16,18
4104A07E,tm_cro_ie1_0420,Wild,Wild,cronica,1,Inazuma Eleven,nivel99,"Wild (Cronica Inazuma Eleven, nivel99)",99,99,1,fbtl_cro01_040_010,E47B9B95,2C3B2E16,4-3-3 Triángulo,2C3B2E16,es legal,A5C1157F,7F15C1A5,Wild,911E63AC,3847A02C,Equipación Wild,911E63AC,,,,1FF5E053,E751BC73,18,16,18
40C6CA49,tm_cro_ie1_0520,Brain,Brainwashing,cronica,1,Inazuma Eleven,nivel99,"Brain (Cronica Inazuma Eleven, nivel99)",99,99,1,fbtl_cro01_050_010,0D183EA0,199E4DFF,4-4-2 Caja,199E4DFF,es legal,D2C625E9,E925C6D2,Brain,1BC478F3,0F2D622D,Equipación Brain,1BC478F3,,,,3E469E9A,FE4A8D32,17,16,17
42807410,tm_cro_ie1_0620,Otaku,Otaku,cronica,1,Inazuma Eleven,nivel99,"Otaku (Cronica Inazuma Eleven, nivel99)",99,99,1,fbtl_cro01_060_010,94116F1A,A3CF4466,4-4-2 Diamante,A3CF4466,es legal,4BCF7453,5374CF4B,Otaku,3565C492,5693242F,Equipación Otaku,3565C492,,,,BADFCAC5,79D291FD,18,16,18
43421E27,tm_cro_ie1_0720,Royal Academy,Royal Academy,cronica,1,Inazuma Eleven,nivel99,"Royal Academy (Cronica Inazuma Eleven, nivel99)",99,99,10,fbtl_cro01_070_010,94116F1A,A3CF4466,4-4-2 Diamante,A3CF4466,es legal,4CA2B04A,4AB0A24C,Royal Academy,D6ABDBB4,8A3B2D28,Equipación Royal Academy,D6ABDBB4,,,,2B08403A,9A264836,17,16,17
481E591A,tm_cro_ie1_0820,Veteranos Inazuma,Raimon Veterans,cronica,1,Inazuma Eleven,nivel99,"Veteranos Inazuma (Cronica Inazuma Eleven, nivel99)",99,99,1,fbtl_cro01_080_010,94116F1A,A3CF4466,4-4-2 Diamante,A3CF4466,es legal,BCDA243E,3E24DABC,Veteranos Inazuma,C9C2A801,5D201C94,Equipación Veteranos Inazuma,C9C2A801,,,,9ED17B1B,,16,16,16
49DC332D,tm_cro_ie1_0920,Shuriken,Shuriken,cronica,1,Inazuma Eleven,nivel99,"Shuriken (Cronica Inazuma Eleven, nivel99)",99,99,1,fbtl_cro01_090_010,7A1F0E36,8FAE4A88,3-5-2 Libertad,8FAE4A88,es legal,3CC844C5,C544C83C,Shuriken,EBFA8692,61F9E62E,Equipación Shuriken,EBFA8692,,,,8AAF161E,B0C971C2,17,16,17
FEB16FC7,tm_cro_ie1_1020,Farm,Farm,cronica,1,Inazuma Eleven,nivel99,"Farm (Cronica Inazuma Eleven, nivel99)",99,99,1,fbtl_cro01_100_010,0A75FAB9,005A20F8,4-5-1 Equilibrio,005A20F8,es legal,AC775954,545977AC,Farm,E251C8C6,5CBEBA25,Equipación Farm,E251C8C6,,,,47398A93,A9D24083,17,16,17
FF7305F0,tm_cro_ie1_1120,Kirkwood,Kirkwood,cronica,1,Inazuma Eleven,nivel99,"Kirkwood (Cronica Inazuma Eleven, nivel99)",99,99,1,fbtl_cro01_110_010,E47B9B95,2C3B2E16,4-3-3 Triángulo,2C3B2E16,es legal,DB7069C2,C26970DB,Kirkwood,BF8BEEE3,6BD47824,Equipación Kirkwood,BF8BEEE3,,,,44BD5EFD,82FF1340,17,16,17
FD35BBA9,tm_cro_ie1_1220,Zeus,Zeus,cronica,1,Inazuma Eleven,nivel99,"Zeus (Cronica Inazuma Eleven, nivel99)",99,99,1,fbtl_cro01_120_010,0A75FAB9,005A20F8,4-5-1 Equilibrio,005A20F8,es legal,BBB7E027,27E0B7BB,Zeus,E17C3465,81881593,Equipación Zeus,E17C3465,,,,9E23A289,,16,16,16
FCF7D19E,tm_cro_ie1_1320,Equipo Ogro,Team Ogre,cronica,1,Inazuma Eleven,nivel99,"Equipo Ogro (Cronica Inazuma Eleven, nivel99)",99,99,1,fbtl_cro01_130_010,94116F1A,A3CF4466,4-4-2 Diamante,A3CF4466,es legal,93865820,20588693,Equipo Ogro,7362C53B,E1DBD5E9,Equipación Equipo Ogro,7362C53B,,,,3E8BFD8F,,11,11,11
C15B103B,tm_cro_ie2_0120,Tormenta de Géminis,Gemini Storm,cronica,2,Inazuma Eleven 2,nivel99,"Tormenta de Géminis (Cronica Inazuma Eleven 2, nivel99)",99,99,1,fbtl_cro02_010_010,0D183EA0,199E4DFF,4-4-2 Caja,199E4DFF,es legal,B926C8E3,E3C826B9,Tormenta de Géminis,68FFB4EE,6D2B4F6E,Equipación Tormenta de Géminis,68FFB4EE,,,,DB18BACC,,11,11,11
C31DAE62,tm_cro_ie2_0220,Servicio Secreto,Secret Service,cronica,2,Inazuma Eleven 2,nivel99,"Servicio Secreto (Cronica Inazuma Eleven 2, nivel99)",99,99,1,fbtl_cro02_020_010,0D183EA0,199E4DFF,4-4-2 Caja,199E4DFF,es legal,BE4B0CFA,FA0C4BBE,Servicio Secreto,368C7CA2,03FFCB6D,Equipación Servicio Secreto,368C7CA2,,,,71117247,,16,16,16
C2DFC455,tm_cro_ie2_0320,Tormenta de Géminis,Gemini Storm,cronica,2,Inazuma Eleven 2,nivel99,"Tormenta de Géminis (Cronica Inazuma Eleven 2, nivel99)",99,99,1,fbtl_cro02_050_010,0D183EA0,199E4DFF,4-4-2 Caja,199E4DFF,es legal,B926C8E3,E3C826B9,Tormenta de Géminis,68FFB4EE,6D2B4F6E,Equipación Tormenta de Géminis,68FFB4EE,,,,DB18BACC,,11,11,11
C790D2D0,tm_cro_ie2_0420,Alpino,Alpine,cronica,2,Inazuma Eleven 2,nivel99,"Alpino (Cronica Inazuma Eleven 2, nivel99)",99,99,1,fbtl_cro02_040_010,94116F1A,A3CF4466,4-4-2 Diamante,A3CF4466,es legal,27425D40,405D4227,Alpino,1ED7F450,5A418D6F,Equipación Alpino,1ED7F450,,,,A2957757,BAA5855A,17,16,17
C652B8E7,tm_cro_ie2_0520,Tormenta de Géminis,Gemini Storm,cronica,2,Inazuma Eleven 2,nivel99,"Tormenta de Géminis (Cronica Inazuma Eleven 2, nivel99)",,,1,,0D183EA0,199E4DFF,4-4-2 Caja,199E4DFF,es legal,B926C8E3,E3C826B9,Tormenta de Géminis,68FFB4EE,6D2B4F6E,Equipación Tormenta de Géminis,68FFB4EE,,,,DB18BACC,,11,11,11
C41406BE,tm_cro_ie2_0620,Claustro Sagrado,Cloister Divinity,cronica,2,Inazuma Eleven 2,nivel99,"Claustro Sagrado (Cronica Inazuma Eleven 2, nivel99)",99,99,1,fbtl_cro02_060_010,94116F1A,A3CF4466,4-4-2 Diamante,A3CF4466,es legal,50456DD6,D66D4550,Claustro Sagrado,D26A74D6,E83D006B,Equipación Claustro Sagrado,D26A74D6,,,,6EC181ED,9188D699,17,16,17
C5D66C89,tm_cro_ie2_0720,Épsilon,Epsilon,cronica,2,Inazuma Eleven 2,nivel99,"Épsilon (Cronica Inazuma Eleven 2, nivel99)",99,99,1,fbtl_cro02_070_010,0D183EA0,199E4DFF,4-4-2 Caja,199E4DFF,es legal,202F9959,59992F20,Épsilon,D6227C4E,B1834669,Equipación Épsilon,D6227C4E,,,,C04535D4,,11,11,11
CE8A2BB4,tm_cro_ie2_0820,Royal Academy Redux,Royal Academy Redux,cronica,2,Inazuma Eleven 2,nivel99,"Royal Academy Redux (Cronica Inazuma Eleven 2, nivel99)",99,99,1,fbtl_cro02_080_010,0D183EA0,199E4DFF,4-4-2 Caja,199E4DFF,es legal,C0FA7047,4770FAC0,Royal Academy Redux,CA2D2A5D,DF57C26A,Equipación Royal Academy Redux,CA2D2A5D,,,,759C0EF5,833D7977,17,16,17
CF484183,tm_cro_ie2_0920,Triple C,Super Triple C,cronica,2,Inazuma Eleven 2,nivel99,"Triple C (Cronica Inazuma Eleven 2, nivel99)",99,99,1,fbtl_cro02_090_010,0D183EA0,199E4DFF,4-4-2 Caja,199E4DFF,es legal,6F6E0F9E,9E0F6E6F,Triple C,00B0668A,86E98468,Equipación Triple C,00B0668A,,,,EBCFE222,F5E4139D,17,16,17
78251D69,tm_cro_ie2_1020,Épsilon,Epsilon,cronica,2,Inazuma Eleven 2,nivel99,"Épsilon (Cronica Inazuma Eleven 2, nivel99)",99,99,1,fbtl_cro02_100_010,0D183EA0,199E4DFF,4-4-2 Caja,199E4DFF,es legal,202F9959,59992F20,Épsilon,D6227C4E,B1834669,Equipación Épsilon,D6227C4E,,,,C04535D4,,11,11,11
79E7775E,tm_cro_ie2_1120,Fauxshore,Fauxshore,cronica,2,Inazuma Eleven 2,nivel99,"Fauxshore (Cronica Inazuma Eleven 2, nivel99)",99,99,1,fbtl_cro02_110_010,0D183EA0,199E4DFF,4-4-2 Caja,199E4DFF,es legal,B7FD40D1,D140FDB7,Fauxshore,037662B1,8CC41A62,Equipación Fauxshore,037662B1,,,,7F0223FF,8893E7D8,17,16,17
7BA1C907,tm_cro_ie2_1220,Génesis,Genesis,cronica,2,Inazuma Eleven 2,nivel99,"Génesis (Cronica Inazuma Eleven 2, nivel99)",99,99,1,fbtl_cro02_120_010,0D183EA0,199E4DFF,4-4-2 Caja,199E4DFF,es legal,0B02CA9A,9ACA020B,Génesis,258657A2,3F2631D7,Equipación Génesis,258657A2,,,,C50A2351,,11,11,11
7A63A330,tm_cro_ie2_1320,Mary Times,Mary Times,cronica,2,Inazuma Eleven 2,nivel99,"Mary Times (Cronica Inazuma Eleven 2, nivel99)",99,99,1,fbtl_cro02_130_010,0D183EA0,199E4DFF,4-4-2 Caja,199E4DFF,es legal,81606EB2,B26E6081,Mary Times,B7055263,BBAED863,Equipación Mary Times,B7055263,,,,8968E5CD,DEC9405E,17,16,17
7F2CB5B5,tm_cro_ie2_1420,Épsilon Plus,Advanced Epsilon,cronica,2,Inazuma Eleven 2,nivel99,"Épsilon Plus (Cronica Inazuma Eleven 2, nivel99)",99,99,1,fbtl_cro02_140_010,0D183EA0,199E4DFF,4-4-2 Caja,199E4DFF,es legal,C94C3C6C,6C3C4CC9,Épsilon Plus,5002E8C8,,,5002E8C8,,,,727D8291,,11,11,0
7EEEDF82,tm_cro_ie2_1520,Prominence,Prominence,cronica,2,Inazuma Eleven 2,nivel99,"Prominence (Cronica Inazuma Eleven 2, nivel99)",99,99,1,fbtl_cro02_150_010,94116F1A,A3CF4466,4-4-2 Diamante,A3CF4466,es legal,1F04FB11,11FB041F,Prominence,7254F858,8D5ABCD3,Equipación Prominence,7254F858,,,,6DB78C11,,11,11,11
7CA861DB,tm_cro_ie2_1620,Polvo de Diamantes,Diamond Dust,cronica,2,Inazuma Eleven 2,nivel99,"Polvo de Diamantes (Cronica Inazuma Eleven 2, nivel99)",99,99,1,fbtl_cro02_160_010,94116F1A,A3CF4466,4-4-2 Diamante,A3CF4466,es legal,8FBBE680,80E6BB8F,Polvo de Diamantes,5F2427AB,BA307ED2,Equipación Polvo de Diamantes,5F2427AB,,,,BDB75D6F,,11,11,11
7D6A0BEC,tm_cro_ie2_1720,Raimon,Raimon,cronica,2,Inazuma Eleven 2,nivel99,"Raimon (Cronica Inazuma Eleven 2, nivel99)",99,99,1,fbtl_cro02_170_010,0D183EA0,199E4DFF,4-4-2 Caja,199E4DFF,es legal,D5ABE1F0,F0E1ABD5,Raimon,252CE113,D3856B2A,Equipación Raimon,252CE113,,,,288C9454,,11,11,11
76364CD1,tm_cro_ie2_1820,Caos,Chaos,cronica,2,Inazuma Eleven 2,nivel99,"Caos (Cronica Inazuma Eleven 2, nivel99)",99,99,1,fbtl_cro02_180_010,0D183EA0,199E4DFF,4-4-2 Caja,199E4DFF,es legal,F8BCD616,16D6BCF8,Caos,751D47AA,E38E38D0,Equipación Caos,751D47AA,,,,6DB78C11,,11,11,11
77F426E6,tm_cro_ie2_1920,Génesis,Genesis,cronica,2,Inazuma Eleven 2,nivel99,"Génesis (Cronica Inazuma Eleven 2, nivel99)",,,1,,0D183EA0,199E4DFF,4-4-2 Caja,199E4DFF,es legal,0B02CA9A,9ACA020B,Génesis,258657A2,3F2631D7,Equipación Génesis,258657A2,,,,C50A2351,,11,11,11
6A90B287,tm_cro_ie2_2020,Emperadores Oscuros,Dark Emperors,cronica,2,Inazuma Eleven 2,nivel99,"Emperadores Oscuros (Cronica Inazuma Eleven 2, nivel99)",99,99,1,fbtl_cro02_200_010,E47B9B95,2C3B2E16,4-3-3 Triángulo,2C3B2E16,es legal,F6675E24,245E67F6,Emperadores Oscuros,B835B8B6,,,B835B8B6,,,,EF429E90,ECFF22DC,12,11,12
0A07C39E,tm_cro_ie3_0120,Pruebas de Selección - Equipo B,Team Sharp,cronica,3,Inazuma Eleven 3,nivel99,"Pruebas de Selección - Equipo B (Cronica Inazuma Eleven 3, nivel99)",99,99,1,fbtl_cro03_010_010,0D183EA0,199E4DFF,4-4-2 Caja,199E4DFF,es legal,B11D47C8,C8471DB1,Inazuma Japón,FCC6DC25,,,FCC6DC25,,,,2B08403A,,11,11,11
08417DC7,tm_cro_ie3_0220,Big Waves,Big Waves,cronica,3,Inazuma Eleven 3,nivel99,"Big Waves (Cronica Inazuma Eleven 3, nivel99)",99,99,1,fbtl_cro03_020_010,94116F1A,A3CF4466,4-4-2 Diamante,A3CF4466,es legal,B8AB0BE3,E30BABB8,Big Waves,2351303D,DD022F53,Equipación Big Waves,2351303D,0B2E804E,D018F555,Defensa en bloque,2B37FABD,0219E23F,17,16,17
098317F0,tm_cro_ie3_0320,Leones del Desierto,Desert Lions,cronica,3,Inazuma Eleven 3,nivel99,"Leones del Desierto (Cronica Inazuma Eleven 3, nivel99)",99,99,1,fbtl_cro03_030_010,0D183EA0,199E4DFF,4-4-2 Caja,199E4DFF,es legal,743E7527,27753E74,Leones del Desierto,F3649C58,58146056,Equipación Leones del Desierto,F3649C58,,,,D5556E85,2934B1FC,17,16,17
0CCC0175,tm_cro_ie3_0420,Neo Japón,Neo National,cronica,3,Inazuma Eleven 3,nivel99,"Neo Japón (Cronica Inazuma Eleven 3, nivel99)",99,99,1,fbtl_cro03_040_010,94116F1A,A3CF4466,4-4-2 Diamante,A3CF4466,es legal,CFAC3B75,753BACCF,Neo Japón,3AB21E5D,EA68ED52,Equipación Neo Japón,3AB21E5D,,,,B630035D,19A53AFF,17,16,17
0D0E6B42,tm_cro_ie3_0520,Dragones de Fuego,Fire Dragon,cronica,3,Inazuma Eleven 3,nivel99,"Dragones de Fuego (Cronica Inazuma Eleven 3, nivel99)",99,99,1,fbtl_cro03_050_010,E47B9B95,2C3B2E16,4-3-3 Triángulo,2C3B2E16,es legal,9D5DD012,12D05D9D,Dragones de Fuego,1813F4FF,6F7EA257,Equipación Dragones de Fuego,1813F4FF,7659740B,95EC8228,Presión perfecta,FC3E831F,302F80BD,17,16,17
0F48D51B,tm_cro_ie3_0620,Knights of Queen,Queen's Knights,cronica,3,Inazuma Eleven 3,nivel99,"Knights of Queen (Cronica Inazuma Eleven 3, nivel99)",99,99,1,fbtl_cro03_060_010,0D183EA0,199E4DFF,4-4-2 Caja,199E4DFF,es legal,A51B7643,43761BA5,Knights of Queen,6F7F0A04,36C0E455,Equipación Knights of Queen,6F7F0A04,5D7427C8|6F42454A,56BFAF03|D4DD9931,Caballeros perfectos|Lanza invencible,F6A0AE15,7F6E167A,17,16,17
0E8ABF2C,tm_cro_ie3_0720,Teamk,Teamk,cronica,3,Inazuma Eleven 3,nivel99,"Teamk (Cronica Inazuma Eleven 3, nivel99)",99,99,1,fbtl_cro03_070_010,94116F1A,A3CF4466,4-4-2 Diamante,A3CF4466,es legal,D21C46D5,D5461CD2,<MNT:TEAMK>,2E484920,01AA2654,Equipación <MNT:TEAMK>,2E484920,,,,400F98C8,,16,16,16
05D6F811,tm_cro_ie3_0820,Los Emperadores,The Empire,cronica,3,Inazuma Eleven 3,nivel99,"Los Emperadores (Cronica Inazuma Eleven 3, nivel99)",99,99,1,fbtl_cro03_080_010,0D183EA0,199E4DFF,4-4-2 Caja,199E4DFF,es legal,4B15176F,6F17154B,Los Emperadores,76FB5C82,3CED7A5F,Equipación Emperadores,76FB5C82,E8DA5985,1BC101B6,Trampa andina,707F4413,4D5874F8,17,16,17
04149226,tm_cro_ie3_0920,Unicorn,Unicorn,cronica,3,Inazuma Eleven 3,nivel99,"Unicorn (Cronica Inazuma Eleven 3, nivel99)",99,99,1,fbtl_cro03_090_010,0D183EA0,199E4DFF,4-4-2 Caja,199E4DFF,es legal,3C1227F9,F927123C,Unicorn,E03C405E,0B87B85E,Equipación Unicorn,E03C405E,,,,9706E16A,544345B9,17,16,17
B379CECC,tm_cro_ie3_1020,Los Rojos,Red Matador,cronica,3,Inazuma Eleven 3,nivel99,"Los Rojos (Cronica Inazuma Eleven 3, nivel99)",99,99,1,fbtl_cro03_100_010,E47B9B95,2C3B2E16,4-3-3 Triángulo,2C3B2E16,es legal,DCC7CEE7,E7CEC7DC,Los Rojos,F3A48406,6EE004E6,Equipación Los Rojos,F3A48406,,,,2A82D5E6,,16,16,16
B2BBA4FB,tm_cro_ie3_1120,Orfeo,Orpheus,cronica,3,Inazuma Eleven 3,nivel99,"Orfeo (Cronica Inazuma Eleven 3, nivel99)",99,99,1,fbtl_cro03_110_010,94116F1A,A3CF4466,4-4-2 Diamante,A3CF4466,es legal,A276B25A,5AB276A2,Orfeo,CCA74C04,D6B117E8,Equipación Orfeo,CCA74C04,21C1B9BA,24211A7F,Contraataque catenaccio,4482E47A,6675273B,16,15,16
B0FD1AA2,tm_cro_ie3_1220,Sky Team,Apostles from the Sky,cronica,3,Inazuma Eleven 3,nivel99,"Sky Team (Cronica Inazuma Eleven 3, nivel99)",99,99,1,fbtl_cro03_120_010,0D183EA0,199E4DFF,4-4-2 Caja,199E4DFF,es legal,603844AC,AC443860,Sky Team,01732636,0A191EEF,Equipación Sky Team,01732636,,,,6ECA59BB,,11,11,11
B13F7095,tm_cro_ie3_1320,Dark Team,Devil Army Z,cronica,3,Inazuma Eleven 3,nivel99,"Dark Team (Cronica Inazuma Eleven 3, nivel99)",99,99,1,fbtl_cro03_130_010,0D183EA0,199E4DFF,4-4-2 Caja,199E4DFF,es legal,173F743A,3A743F17,Dark Team,3C571A4D,53A758ED,Equipación Dark Team,3C571A4D,0AECEA79,E7723754,Trueno oscuro,6D4E8DD5,,11,11,11
B4706610,tm_cro_ie3_1420,Ángel Oscuro,Dark Angels,cronica,3,Inazuma Eleven 3,nivel99,"Ángel Oscuro (Cronica Inazuma Eleven 3, nivel99)",99,99,1,fbtl_cro03_140_010,0D183EA0,199E4DFF,4-4-2 Caja,199E4DFF,es legal,E48168B6,B66881E4,Ángel Oscuro,71B22A1C,64CD9AEC,Equipación Ángel Oscuro,71B22A1C,,,,6D4E8DD5,,11,11,11
B5B20C27,tm_cro_ie3_1520,Os Reis,The Kingdom,cronica,3,Inazuma Eleven 3,nivel99,"Os Reis (Cronica Inazuma Eleven 3, nivel99)",99,99,1,fbtl_cro03_150_010,937CAB03,BA0B2961,4-3-3 Delta,BA0B2961,es legal,D57182CC,CC8271D5,Os Reis,F424BBEB,8F0F51EA,Equipación Os Reis,F424BBEB,,,,4E1CC970,CAC06837,17,16,17
B7F4B27E,tm_cro_ie3_1620,Equipo Garcildo,Team Garcildo,cronica,3,Inazuma Eleven 3,nivel99,"Equipo Garcildo (Cronica Inazuma Eleven 3, nivel99)",99,99,1,fbtl_cro03_160_010,0D183EA0,199E4DFF,4-4-2 Caja,199E4DFF,es legal,4C78D376,76D3784C,<FST:GARCILDO> Team,57538E36,B86593EB,Equipación <FST:GARCILDO> Team,57538E36,,,,78550ED2,CAC06837,17,16,17
B636D849,tm_cro_ie3_1720,Orfeo,Orpheus,cronica,3,Inazuma Eleven 3,nivel99,"Orfeo (Cronica Inazuma Eleven 3, nivel99)",99,99,1,fbtl_cro03_170_010,94116F1A,A3CF4466,4-4-2 Diamante,A3CF4466,es legal,A276B25A,5AB276A2,Orfeo,CCA74C04,D6B117E8,Equipación Orfeo,CCA74C04,21C1B9BA,24211A7F,Contraataque catenaccio,4482E47A,,15,15,15
BD6A9F74,tm_cro_ie3_1820,Pequeños Gigantes,Little Gigantes,cronica,3,Inazuma Eleven 3,nivel99,"Pequeños Gigantes (Cronica Inazuma Eleven 3, nivel99)",99,99,1,fbtl_cro03_180_010,0D183EA0,199E4DFF,4-4-2 Caja,199E4DFF,es legal,3B7FE3E0,E0E37F3B,Pequeños Gigantes,A8764C5A,3D73DCEE,Equipación Pequeños Gigantes,A8764C5A,,,,49E7B83E,1AC0B949,17,16,17
BCA8F543,tm_cro_ie3_1920,Raimon equipo B,Graduation Team B,cronica,3,Inazuma Eleven 3,nivel99,"Raimon equipo B (Cronica Inazuma Eleven 3, nivel99)",99,99,1,fbtl_cro03_190_010,E47B9B95,2C3B2E16,4-3-3 Triángulo,2C3B2E16,es legal,D5ABE1F0,F0E1ABD5,Raimon,6FBFB094,,,6FBFB094,,,,2B08403A,,11,11,11
F6352FE9,tm_cro_go1_0120,Caballeros Templarios,Black Templars,cronica,4,Inazuma Eleven GO,nivel99,"Caballeros Templarios (Cronica Inazuma Eleven GO, nivel99)",99,99,1,fbtl_cro04_010_010,E47B9B95,2C3B2E16,4-3-3 Triángulo,2C3B2E16,es legal,84423F3A,3A3F4284,Caballeros Templarios,549CA681,,,549CA681,,,,7AB4BBF3,AB3601F2,17,16,17
F47391B0,tm_cro_go1_0220,Inazuma Kids FC,Inazuma Kids FC,cronica,4,Inazuma Eleven GO,nivel99,"Inazuma Kids FC (Cronica Inazuma Eleven GO, nivel99)",99,99,1,fbtl_cro04_020_010,937CAB03,BA0B2961,4-3-3 Delta,BA0B2961,es legal,C1736D2E,2E6D73C1,Inazuma Kids FC (GO),6A1C4C4D,48C840E4,Equipación Inazuma Kids FC (GO),6A1C4C4D,,,,B8D1043A,03A148DA,17,16,17
F5B1FB87,tm_cro_go1_0320,Empollones,Prodigy Grammar,cronica,4,Inazuma Eleven GO,nivel99,"Empollones (Cronica Inazuma Eleven GO, nivel99)",99,99,1,fbtl_cro04_030_010,0D183EA0,199E4DFF,4-4-2 Caja,199E4DFF,es legal,F3450FAC,AC0F45F3,Empollones,5CFCAABA,7FA282E5,Equipación Empollones,5CFCAABA,,,,7E39C741,9FCEDA86,17,16,17
F0FEED02,tm_cro_go1_0420,Vía Láctea,Milky Way Charter,cronica,4,Inazuma Eleven GO,nivel99,"Vía Láctea (Cronica Inazuma Eleven GO, nivel99)",99,99,1,fbtl_cro04_040_010,7A1F0E36,8FAE4A88,3-5-2 Libertad,8FAE4A88,es legal,6D219A0F,0F9A216D,Vía Láctea,EBA9A9C0,261CC4E7,Equipación Vía Láctea,EBA9A9C0,,,,A4A73B35,B4E38945,17,16,17
F13C8735,tm_cro_go1_0520,Poderosa Fe,Almighty Faith,cronica,4,Inazuma Eleven GO,nivel99,"Poderosa Fe (Cronica Inazuma Eleven GO, nivel99)",99,99,1,fbtl_cro04_050_010,0A75FAB9,005A20F8,4-5-1 Equilibrio,005A20F8,es legal,1A26AA99,99AA261A,Poderosa Fe,43AA7C8A,117606E6,Equipación Poderosa Fe,43AA7C8A,,,,DB13EDD7,ADF8B804,17,16,17
F37A396C,tm_cro_go1_0620,Royal Academy,Royal Academy,cronica,4,Inazuma Eleven GO,nivel99,"Royal Academy (Cronica Inazuma Eleven GO, nivel99)",99,99,1,fbtl_cro04_060_010,94116F1A,A3CF4466,4-4-2 Diamante,A3CF4466,es legal,832FFB23,23FB2F83,Royal Academy (GO),93FF607B,2C315AED,Equipación Royal Academy Reformado,93FF607B,,,,D89739B9,636FF432,17,16,17
F2B8535B,tm_cro_go1_0720,Cala Pirata,Pirates Cove,cronica,4,Inazuma Eleven GO,nivel99,"Cala Pirata (Cronica Inazuma Eleven GO, nivel99)",99,99,1,fbtl_cro04_070_010,7A1F0E36,8FAE4A88,3-5-2 Libertad,8FAE4A88,es legal,F428CBB5,B5CB28F4,Cala Pirata,B7FF6AAB,F107F55B,Equipación Cala Pirata,B7FF6AAB,,,,C501744A,E2B92EC3,17,16,17
F9E41466,tm_cro_go1_0820,Edad Dorada,Golden Oldies,cronica,4,Inazuma Eleven GO,nivel99,"Edad Dorada (Cronica Inazuma Eleven GO, nivel99)",99,99,1,fbtl_cro04_080_010,94116F1A,A3CF4466,4-4-2 Diamante,A3CF4466,es legal,2F7D0C02,020C7D2F,Edad Dorada,F56CFFFD,C66D375A,Equipación Edad Dorada,F56CFFFD,,,,55E64D10,AF4C47E4,12,11,12
F8267E51,tm_cro_go1_0920,Mar de Luna,Lunar Sea,cronica,4,Inazuma Eleven GO,nivel99,"Mar de Luna (Cronica Inazuma Eleven GO, nivel99)",99,99,1,fbtl_cro04_090_010,E47B9B95,2C3B2E16,4-3-3 Triángulo,2C3B2E16,es legal,6497D624,24D69764,Mar de Luna,35A52295,9FD37158,Equipación Mar de Luna,35A52295,6E802F7D,E3B75B30,Ataque táctico,DE5CFB52,FBA21F82,17,16,17
4F4B22BB,tm_cro_go1_1020,Alpino,Alpine,cronica,4,Inazuma Eleven GO,nivel99,"Alpino (Cronica Inazuma Eleven GO, nivel99)",99,99,1,fbtl_cro04_100_010,E47B9B95,2C3B2E16,4-3-3 Triángulo,2C3B2E16,es legal,73576F57,576F5773,Alpino (GO),620E735A,A8B9B359,Equipación Alpino (GO),620E735A,E91833B2,2CABC3B7,Barrera absoluta,C864280E,D08F4C41,16,15,16
4E89488C,tm_cro_go1_1120,Kirkwood,Kirkwood,cronica,4,Inazuma Eleven GO,nivel99,"Kirkwood (Cronica Inazuma Eleven GO, nivel99)",99,99,1,fbtl_cro04_110_010,94116F1A,A3CF4466,4-4-2 Diamante,A3CF4466,es legal,04505FC1,C15F5004,Kirkwood (GO),B4156579,2DAFFC5C,Equipación Kirkwood (GO),B4156579,,,,03397668,55A3AF6E,17,16,17
4CCFF6D5,tm_cro_go1_1220,Luz Eterna,Eternal Light,cronica,4,Inazuma Eleven GO,nivel99,"Luz Eterna (Cronica Inazuma Eleven GO, nivel99)",99,99,1,fbtl_cro04_120_010,7A1F0E36,8FAE4A88,3-5-2 Libertad,8FAE4A88,es legal,ED33FAF4,F4FA33ED,Luz Eterna,169CA42F,7E3C2454,Equipación Luz Eterna,169CA42F,,,,6F08BCC1,,11,11,11
4D0D9CE2,tm_cro_go1_1320,Oscuridad Ancestral,Ancient Darkness,cronica,4,Inazuma Eleven GO,nivel99,"Oscuridad Ancestral (Cronica Inazuma Eleven GO, nivel99)",99,99,1,fbtl_cro04_130_010,0A75FAB9,005A20F8,4-5-1 Equilibrio,005A20F8,es legal,7D8CE765,65E78C7D,Oscuridad Ancestral,042E6F2B,1FA84049,Equipación Oscuridad Ancestral,042E6F2B,,,,6C8C68AF,,11,11,11
48428A67,tm_cro_go1_1420,Equipo Zero,Team Zero,cronica,4,Inazuma Eleven GO,nivel99,"Equipo Zero (Cronica Inazuma Eleven GO, nivel99)",99,99,1,fbtl_cro04_140_010,0D183EA0,199E4DFF,4-4-2 Caja,199E4DFF,es legal,0A8BD7F3,F3D78B0A,Equipo Zero,0BC6B391,28C28248,Equipación Equipo Zero,0BC6B391,,,,6F08BCC1,,11,11,11
4980E050,tm_cro_go1_1520,Espejismo,Mirage,cronica,4,Inazuma Eleven GO,nivel99,"Espejismo (Cronica Inazuma Eleven GO, nivel99)",99,99,1,fbtl_cro04_150_010,94116F1A,A3CF4466,4-4-2 Diamante,A3CF4466,es legal,9D590E7B,7B0E599D,Espejismo,E49F1C1B,1AC53E5D,Equipación Espejismo,E49F1C1B,,,,07B40ADA,C9947D00,17,16,17
4BC65E09,tm_cro_go1_1620,Universal,Universal,cronica,4,Inazuma Eleven GO,nivel99,"Universal (Cronica Inazuma Eleven GO, nivel99)",99,99,1,fbtl_cro04_170_010,EDCDD7BE,0777981F,5-4-1 Doble Volante,0777981F,es legal,743AAB4E,4EAB3A74,Universal,3233D2AA,CDDE0FE1,Equipación Universal,3233D2AA,,,,DEAE22C0,4E0C61CF,17,16,17
4A04343E,tm_cro_go1_1720,Revolucionarios,Revolutionaries,cronica,4,Inazuma Eleven GO,nivel99,"Revolucionarios (Cronica Inazuma Eleven GO, nivel99)",99,99,1,fbtl_cro04_160_010,0D183EA0,199E4DFF,4-4-2 Caja,199E4DFF,es legal,5F17F88D,8DF8175F,Revolucionarios,711553F6,BC1F09FE,Equipación Revolucionarios,711553F6,,,,5199E830,,16,16,16
41587303,tm_cro_go1_1820,Monte Olimpo,Mount Olympus,cronica,4,Inazuma Eleven GO,nivel99,"Monte Olimpo (Cronica Inazuma Eleven GO, nivel99)",99,99,1,fbtl_cro04_180_010,7A1F0E36,8FAE4A88,3-5-2 Libertad,8FAE4A88,es legal,033D9BD8,D89B3D03,Monte Olimpo,3730D5DE,7411BA5E,Equipación Monte Olimpo,3730D5DE,,,,A11AF422,4CB89E2F,17,16,17
409A1934,tm_cro_go1_1920,Dragon Link,Dragon Link,cronica,4,Inazuma Eleven GO,nivel99,"Dragon Link (Cronica Inazuma Eleven GO, nivel99)",99,99,1,fbtl_cro04_190_010,0D183EA0,199E4DFF,4-4-2 Caja,199E4DFF,es legal,9A34CA62,62CA349A,Dragon Link,642805DB,4956E655,Equipación Dragon Link,642805DB,,,,735C9B05,801B5231,17,16,17
DFE78349,tm_cro_go2_2620,Garra del Sur,Southern Claw,cronica,4,Inazuma Eleven GO,nivel99,"Garra del Sur (Cronica Inazuma Eleven GO, nivel99)",99,99,1,fbtl_cro04_200_010,0D183EA0,199E4DFF,4-4-2 Caja,199E4DFF,es legal,2810C81B,1BC81028,Garras del Sur,EC3BE5C1,717CC44A,Equipación Garra del Sur,EC3BE5C1,,,,24167BAE,,11,11,11
DDA13D10,tm_cro_go2_2520,Colmillo del Norte,Northern Fang,cronica,4,Inazuma Eleven GO,nivel99,"Colmillo del Norte (Cronica Inazuma Eleven GO, nivel99)",99,99,1,fbtl_cro04_210_010,0D183EA0,199E4DFF,4-4-2 Caja,199E4DFF,es legal,B11999A1,A19919B1,Colmillos del Norte,2148A698,4616064B,Equipación Colmillo del Norte,2148A698,,,,44F7C218,,11,11,11
DE25E97E,tm_cro_go2_2720,Cuerno Demoníaco,Demon's Horn,cronica,4,Inazuma Eleven GO,nivel99,"Cuerno Demoníaco (Cronica Inazuma Eleven GO, nivel99)",99,99,1,fbtl_cro04_220_010,0D183EA0,199E4DFF,4-4-2 Caja,199E4DFF,es legal,C61EA937,37A91EC6,Cuerno Demoníaco,16DAA0FA,C300494E,Equipación Cuerno Demoníaco,16DAA0FA,,,,724CDC28,,16,16,16
70A15D47,tm_cro_go2_0120,Protocolo Omega,Protocol Omega,cronica,5,Inazuma Eleven GO Chrono Stone,nivel99,"Protocolo Omega (Cronica Inazuma Eleven GO Chrono Stone, nivel99)",99,99,1,fbtl_cro05_010_010,7D72CA2F,966A278F,3-6-1 Hexa,966A278F,es legal,BAA6C2E4,E4C2A6BA,Protocolo Omega,450DA068,1323EBDF,Equipación Protocolo Omega,450DA068,,,,A10A4BFB,,16,16,16
72E7E31E,tm_cro_go2_0220,Protocolo Omega,Protocol Omega,cronica,5,Inazuma Eleven GO Chrono Stone,nivel99,"Protocolo Omega (Cronica Inazuma Eleven GO Chrono Stone, nivel99)",,,1,,7D72CA2F,966A278F,3-6-1 Hexa,966A278F,es legal,BAA6C2E4,E4C2A6BA,Protocolo Omega,450DA068,1323EBDF,Equipación Protocolo Omega,450DA068,,,,A10A4BFB,,16,16,16
73258929,tm_cro_go2_0320,Protocolo Omega,Protocol Omega,cronica,5,Inazuma Eleven GO Chrono Stone,nivel99,"Protocolo Omega (Cronica Inazuma Eleven GO Chrono Stone, nivel99)",,,1,,7D72CA2F,966A278F,3-6-1 Hexa,966A278F,es legal,BAA6C2E4,E4C2A6BA,Protocolo Omega,450DA068,1323EBDF,Equipación Protocolo Omega,450DA068,,,,A10A4BFB,,16,16,16
766A9FAC,tm_cro_go2_0420,Selección de Japón,Japan United,cronica,5,Inazuma Eleven GO Chrono Stone,nivel99,"Selección de Japón (Cronica Inazuma Eleven GO Chrono Stone, nivel99)",99,99,1,fbtl_cro05_040_010,7D72CA2F,966A278F,3-6-1 Hexa,966A278F,es legal,D3D7072A,2A07D7D3,Inazuma Japón Legendario,450DA068,1323EBDF,Equipación Protocolo Omega,450DA068,,,,A28E9F95,,17,17,17
77A8F59B,tm_cro_go2_0520,Protocolo Omega 2.0,Protocol Omega 2.0,cronica,5,Inazuma Eleven GO Chrono Stone,nivel99,"Protocolo Omega 2.0 (Cronica Inazuma Eleven GO Chrono Stone, nivel99)",99,99,1,fbtl_cro05_050_010,7D72CA2F,966A278F,3-6-1 Hexa,966A278F,es legal,0FEF0484,8404EF0F,Protocolo Omega 2.0,450DA068,1323EBDF,Equipación Protocolo Omega,450DA068,,,,A28E9F95,,17,17,17
75EE4BC2,tm_cro_go2_0620,Ciervo Blanco,Ciervo Blanco,cronica,5,Inazuma Eleven GO Chrono Stone,nivel99,"Ciervo Blanco (Cronica Inazuma Eleven GO Chrono Stone, nivel99)",99,99,1,fbtl_cro05_060_010,7A1F0E36,8FAE4A88,3-5-2 Libertad,8FAE4A88,es legal,53C567D1,D167C553,<MNT:SHIROSHIKA>,F8EB9CE7,F8E120D9,Equipación <MNT:SHIROSHIKA>,F8EB9CE7,,,,1EBF8442,2772BDE3,17,16,16
742C21F5,tm_cro_go2_0720,Ira de Imagawa,Imagawa's Ire,cronica,5,Inazuma Eleven GO Chrono Stone,nivel99,"Ira de Imagawa (Cronica Inazuma Eleven GO Chrono Stone, nivel99)",99,99,1,fbtl_cro05_070_010,7D72CA2F,966A278F,3-6-1 Hexa,966A278F,es legal,96E6553E,3E55E696,Ira de Imagawa,450DA068,1323EBDF,Equipación Protocolo Omega,450DA068,,,,A28E9F95,,17,17,17
7F7066C8,tm_cro_go2_0820,Protocolo Omega 3.0,Protocol Omega 3.0,cronica,5,Inazuma Eleven GO Chrono Stone,nivel99,"Protocolo Omega 3.0 (Cronica Inazuma Eleven GO Chrono Stone, nivel99)",99,99,1,fbtl_cro05_080_010,EDCDD7BE,0777981F,5-4-1 Doble Volante,0777981F,es legal,24C25747,4757C224,Protocolo Omega 3.0,320A90FE,AF812074,Equipación Procolo Omega 3.0,320A90FE,,,,60331FA6,19B62C9E,12,11,12
D92C41A2,tm_cro_go2_2320,Ejército de terracota,The Terracotta Army,cronica,5,Inazuma Eleven GO Chrono Stone,nivel99,"Ejército de terracota (Cronica Inazuma Eleven GO Chrono Stone, nivel99)",99,99,1,fbtl_cro05_090_010,7D72CA2F,966A278F,3-6-1 Hexa,966A278F,es legal,BDCB06FD,FD06CBBD,Ejército de terracota,B826F722,,,B826F722,,,,31B82F06,,11,11,11
7EB20CFF,tm_cro_go2_0920,Avalonic Domain,Avalonic's Domain,cronica,5,Inazuma Eleven GO Chrono Stone,nivel99,"Avalonic Domain (Cronica Inazuma Eleven GO Chrono Stone, nivel99)",99,99,1,fbtl_cro05_100_010,7D72CA2F,966A278F,3-6-1 Hexa,966A278F,es legal,CACC366B,6B36CCCA,Zanark Domain,9EE88F14,9635A4DA,Equipación <FST:ZANARK> Domain,9EE88F14,,,,19B62C9E,,17,17,17
C9DF5015,tm_cro_go2_1020,Avalonic Domain,Avalonic's Domain,cronica,5,Inazuma Eleven GO Chrono Stone,nivel99,"Avalonic Domain (Cronica Inazuma Eleven GO Chrono Stone, nivel99)",99,99,1,fbtl_cro05_110_010,7D72CA2F,966A278F,3-6-1 Hexa,966A278F,es legal,CACC366B,6B36CCCA,Zanark Domain,9EE88F14,9635A4DA,Equipación <FST:ZANARK> Domain,9EE88F14,,,,19B62C9E,,16,16,16
C81D3A22,tm_cro_go2_1120,Cascada Perfecta,Perfect Cascade,cronica,5,Inazuma Eleven GO Chrono Stone,nivel99,"Cascada Perfecta (Cronica Inazuma Eleven GO Chrono Stone, nivel99)",99,99,1,fbtl_cro05_120_010,7A1F0E36,8FAE4A88,3-5-2 Libertad,8FAE4A88,es legal,5A732BFA,FA2B735A,Cascada Perfecta,91A97E62,A15F66DB,Equipación Cascada Perfecta,91A97E62,,,,C0AC0484,CE98AEC1,17,16,17
CA5B847B,tm_cro_go2_1220,Cascada Perfecta,Perfect Cascade,cronica,5,Inazuma Eleven GO Chrono Stone,nivel99,"Cascada Perfecta (Cronica Inazuma Eleven GO Chrono Stone, nivel99)",,,1,,7A1F0E36,8FAE4A88,3-5-2 Libertad,8FAE4A88,es legal,5A732BFA,FA2B735A,Cascada Perfecta,91A97E62,A15F66DB,Equipación Cascada Perfecta,91A97E62,,,,C0AC0484,CE98AEC1,17,16,17
DC635727,tm_cro_go2_2420,Caballeros de la Mesa Redonda,Knights of the Round Table,cronica,5,Inazuma Eleven GO Chrono Stone,nivel99,"Caballeros de la Mesa Redonda (Cronica Inazuma Eleven GO Chrono Stone, nivel99)",99,99,1,fbtl_cro05_140_010,E47B9B95,2C3B2E16,4-3-3 Triángulo,2C3B2E16,es legal,47C3565A,5A56C347,Caballeros de la Mesa Redonda,F9A783E1,9C183AD0,Equipación Caballeros de la Mesa Redonda,F9A783E1,45AD7CBE,20E4761B,Virtuoso,AAB46A8D,,11,11,11
CB99EE4C,tm_cro_go2_1320,Cascada Perfecta,Perfect Cascade,cronica,5,Inazuma Eleven GO Chrono Stone,nivel99,"Cascada Perfecta (Cronica Inazuma Eleven GO Chrono Stone, nivel99)",99,99,1,fbtl_cro05_150_010,7A1F0E36,8FAE4A88,3-5-2 Libertad,8FAE4A88,es legal,5A732BFA,FA2B735A,Cascada Perfecta,91A97E62,A15F66DB,Equipación Cascada Perfecta,91A97E62,,,,B4BEB26A,CE98AEC1,17,16,1
CED6F8C9,tm_cro_go2_1420,Zan,Zan,cronica,5,Inazuma Eleven GO Chrono Stone,nivel99,"Zan (Cronica Inazuma Eleven GO Chrono Stone, nivel99)",99,99,1,fbtl_cro05_160_010,7D72CA2F,966A278F,3-6-1 Hexa,966A278F,es legal,4DB39289,8992B34D,Zan,25CB231D,AB72F8D1,Equipación Zan,25CB231D,,,,19B62C9E,,16,16,16
CF1492FE,tm_cro_go2_1520,Gir,Gihl,cronica,5,Inazuma Eleven GO Chrono Stone,nivel99,"Gir (Cronica Inazuma Eleven GO Chrono Stone, nivel99)",99,99,1,fbtl_cro05_170_010,7A1F0E36,8FAE4A88,3-5-2 Libertad,8FAE4A88,es legal,3AB4A21F,1FA2B43A,Gir,DB594E63,76445767,Equipación Gir,DB594E63,,,,CB029A2B,,16,16,16
CD522CA7,tm_cro_go2_1620,Gar,Gahl,cronica,5,Inazuma Eleven GO Chrono Stone,nivel99,"Gar (Cronica Inazuma Eleven GO Chrono Stone, nivel99)",99,99,1,fbtl_cro05_180_010,7A1F0E36,8FAE4A88,3-5-2 Libertad,8FAE4A88,es legal,A3BDF3A5,A5F3BDA3,Gar,D54A1FDB,2FFA1165,Equipación Gar,D54A1FDB,,,,BF18D266,,16,16,16
CC904690,tm_cro_go2_1720,Ragnah,Ragnah,cronica,5,Inazuma Eleven GO Chrono Stone,nivel99,"Ragnah (Cronica Inazuma Eleven GO Chrono Stone, nivel99)",99,99,1,fbtl_cro05_190_010,7A1F0E36,8FAE4A88,3-5-2 Libertad,8FAE4A88,es legal,D4BAC333,33C3BAD4,Ragnah,5F983982,1890D364,Equipación Ragnah,5F983982,,,,B73298A7,,16,16,16
97B49530,tm_cro_original_0220,Avalonic Outsiders,Avalonic's Outsiders,cronica,12,Originales de la Cronica,nivel99,"Avalonic Outsiders (Cronica Originales de la Cronica, nivel99)",99,99,1,fbtl_cro12_020_010,7A1F0E36,8FAE4A88,3-5-2 Libertad,8FAE4A88,es legal,2BAC94CE,CE94AC2B,Zanark Outsiders,2FE09427,2136374C,Equipación Zanark Outsiders,2FE09427,,,,79D7E1C7,18904E23,17,16,17
C7CC01AD,tm_cro_go2_1820,Aullido Lunar,Lunar Howl,cronica,5,Inazuma Eleven GO Chrono Stone,nivel99,"Aullido Lunar (Cronica Inazuma Eleven GO Chrono Stone, nivel99)",99,99,1,fbtl_cro05_200_010,EDCDD7BE,0777981F,5-4-1 Doble Volante,0777981F,es legal,4ADE5690,9056DE4A,Aullido Lunar,FC3FF7B7,C438DA63,Equipación Aullido Lunar,FC3FF7B7,,,,B3BFE415,,11,11,11
C60E6B9A,tm_cro_go2_1920,Nosfanáticos,Nosfanatica,cronica,5,Inazuma Eleven GO Chrono Stone,nivel99,"Nosfanáticos (Cronica Inazuma Eleven GO Chrono Stone, nivel99)",99,99,1,fbtl_cro05_210_010,7A1F0E36,8FAE4A88,3-5-2 Libertad,8FAE4A88,es legal,3DD96606,0666D93D,Nosfanáticos,E5CDCF9A,F97F8668,Equipación Nosfanáticos,E5CDCF9A,,,,603BE105,,11,11,11
DB6AFFFB,tm_cro_go2_2020,Criaturas de la Noche,Children of the Night,cronica,5,Inazuma Eleven GO Chrono Stone,nivel99,"Criaturas de la Noche (Cronica Inazuma Eleven GO Chrono Stone, nivel99)",99,99,1,fbtl_cro05_220_010,E47B9B95,2C3B2E16,4-3-3 Triángulo,2C3B2E16,es legal,A4D037BC,BC37D0A4,Criaturas de la Noche,002347BF,CE154469,Equipación Criaturas de la Noche,002347BF,,,,603BE105,,11,11,11
DAA895CC,tm_cro_go2_2120,Inazuma Japón Legendario,Inazuma Legend National,cronica,5,Inazuma Eleven GO Chrono Stone,nivel99,"Inazuma Japón Legendario (Cronica Inazuma Eleven GO Chrono Stone, nivel99)",99,99,1,fbtl_cro05_230_010,94116F1A,A3CF4466,4-4-2 Diamante,A3CF4466,es legal,D3D7072A,2A07D7D3,Inazuma Japón Legendario,B152C958,,,B152C958,,,,353553B4,,12,12,12
D8EE2B95,tm_cro_go2_2220,Desesperdidos,The Despairadoes,cronica,5,Inazuma Eleven GO Chrono Stone,nivel99,"Desesperdidos (Cronica Inazuma Eleven GO Chrono Stone, nivel99)",99,99,1,fbtl_cro05_240_010,7A1F0E36,8FAE4A88,3-5-2 Libertad,8FAE4A88,es legal,43681ABB,BB1A6843,Desesperdidos,77EE5F46,F3521862,Equipación Desesperdidos,77EE5F46,,,,277225C8,,13,13,12
BBFD8EE2,tm_cro_go3_0120,Royal Academy,Royal Academy,cronica,6,Inazuma Eleven GO Galaxy,nivel99,"Royal Academy (Cronica Inazuma Eleven GO Galaxy, nivel99)",99,99,1,fbtl_cro06_010_010,94116F1A,A3CF4466,4-4-2 Diamante,A3CF4466,es legal,832FFB23,23FB2F83,Royal Academy (GO),93FF607B,2C315AED,Equipación Royal Academy Reformado,93FF607B,,,,D89739B9,636FF432,17,16,17
B9BB30BB,tm_cro_go3_0220,Dragones de Fuego,Fire Dragon,cronica,6,Inazuma Eleven GO Galaxy,nivel99,"Dragones de Fuego (Cronica Inazuma Eleven GO Galaxy, nivel99)",99,99,1,fbtl_cro06_020_010,E47B9B95,2C3B2E16,4-3-3 Triángulo,2C3B2E16,es legal,FCC4D203,03D2C4FC,Dragones de Fuego (GO 3),6A1B930E,C3594B98,Equipación Dragones de Fuego (GO 3),6A1B930E,,,,AD8278D6,639DB58B,12,11,12
B8795A8C,tm_cro_go3_0320,Big Waves,Big Waves,cronica,6,Inazuma Eleven GO Galaxy,nivel99,"Big Waves (Cronica Inazuma Eleven GO Galaxy, nivel99)",99,99,1,fbtl_cro06_030_010,94116F1A,A3CF4466,4-4-2 Diamante,A3CF4466,es legal,8BC3E295,95E2C38B,Big Waves (GO 3),84325488,9AE70D9A,Equipación Big Waves (GO 3),84325488,5EF0F3A6,386B2B00,Vórtice de succión,671D4C87,35C7120D,12,11,12
BD364C09,tm_cro_go3_0420,Cimitarras,Shamshir,cronica,6,Inazuma Eleven GO Galaxy,nivel99,"Cimitarras (Cronica Inazuma Eleven GO Galaxy, nivel99)",99,99,1,fbtl_cro06_040_010,94116F1A,A3CF4466,4-4-2 Diamante,A3CF4466,es legal,15A77736,3677A715,Cimitarras,59476C43,AD8DCF9B,Equipación Cimitarras,59476C43,75DDA065,FB38062B,Derrape arenoso,A49881B2,1EEA41CE,12,11,12
BCF4263E,tm_cro_go3_0520,Muay Tigers,Muay Tigers,cronica,6,Inazuma Eleven GO Galaxy,nivel99,"Muay Tigers (Cronica Inazuma Eleven GO Galaxy, nivel99)",99,99,1,fbtl_cro06_050_010,7D72CA2F,966A278F,3-6-1 Hexa,966A278F,es legal,62A047A0,A047A062,Muay Tigers,3A1BB860,289B809E,Equipación Muay Tigers,3A1BB860,,,,38D88E9B,07F1708F,12,11,12
BEB29867,tm_cro_go3_0620,Resistencia Japón,Japanese Resistance,cronica,6,Inazuma Eleven GO Galaxy,nivel99,"Resistencia Japón (Cronica Inazuma Eleven GO Galaxy, nivel99)",99,99,1,fbtl_cro06_060_010,94116F1A,A3CF4466,4-4-2 Diamante,A3CF4466,es legal,8CAE268C,8C26AE8C,Resistencia Japón,856E82A1,1FF1429F,Equipación Resistencia Japón,856E82A1,,,,6F08BCC1,FEE8721A,12,11,12
BF70F250,tm_cro_go3_0720,Storm Wolves,Storm Wolves,cronica,6,Inazuma Eleven GO Galaxy,nivel99,"Storm Wolves (Cronica Inazuma Eleven GO Galaxy, nivel99)",99,99,1,fbtl_cro06_070_010,E47B9B95,2C3B2E16,4-3-3 Triángulo,2C3B2E16,es legal,FBA9161A,1A16A9FB,Storm Wolves,1792BE96,464F049D,Equipación Storm Wolves,1792BE96,,,,11B36301,E405A944,12,11,12
B42CB56D,tm_cro_go3_0820,Sílice,Silica Eleven,cronica,6,Inazuma Eleven GO Galaxy,nivel99,"Sílice (Cronica Inazuma Eleven GO Galaxy, nivel99)",99,99,1,fbtl_cro06_080_010,7A1F0E36,8FAE4A88,3-5-2 Libertad,8FAE4A88,es legal,1C113B1D,1D3B111C,Sílice,9A45AFB3,,,9A45AFB3,,,,5BBDE343,48B0E648,13,12,13
B5EEDF5A,tm_cro_go3_0920,Naiadi,Naiadi Eleven,cronica,6,Inazuma Eleven GO Galaxy,nivel99,"Naiadi (Cronica Inazuma Eleven GO Galaxy, nivel99)",99,99,1,fbtl_cro06_090_010,E47B9B95,2C3B2E16,4-3-3 Triángulo,2C3B2E16,es legal,6B160B8B,8B0B166B,Naiadi,943EE12B,,,943EE12B,,,,6A0F55AF,51ABD709,13,12,13
028383B0,tm_cro_go3_1020,Magmavís,Magmavia Eleven,cronica,6,Inazuma Eleven GO Galaxy,nivel99,"Magmavís (Cronica Inazuma Eleven GO Galaxy, nivel99)",99,99,1,fbtl_cro06_100_010,0D183EA0,199E4DFF,4-4-2 Caja,199E4DFF,es legal,0BD1826E,6E82D10B,Magmavís,A4DA3FCD,,,A4DA3FCD,,,,04FDBDA1,FD1E9805,13,12,13
0341E987,tm_cro_go3_1120,Fertilia,Fertilia Eleven,cronica,6,Inazuma Eleven GO Galaxy,nivel99,"Fertilia (Cronica Inazuma Eleven GO Galaxy, nivel99)",99,99,1,fbtl_cro06_110_010,94116F1A,A3CF4466,4-4-2 Diamante,A3CF4466,es legal,7CD6B2F8,F8B2D67C,Fertilia,BE817331,,,BE817331,,,,D082C9FF,7A8684CA,15,14,15
010757DE,tm_cro_go3_1220,Falam Medius,Falam Medius,cronica,6,Inazuma Eleven GO Galaxy,nivel99,"Falam Medius (Cronica Inazuma Eleven GO Galaxy, nivel99)",99,99,1,fbtl_cro06_120_010,0A75FAB9,005A20F8,4-5-1 Equilibrio,005A20F8,es legal,E5DFE342,42E3DFE5,Falam Medius,38766052,FF80B122,Equipación Falam Medius,38766052,,,,7AB4BBF3,04079A90,14,13,14
00C53DE9,tm_cro_go3_1320,Flota Ixar,Ixar Fleet,cronica,6,Inazuma Eleven GO Galaxy,nivel99,"Flota Ixar (Cronica Inazuma Eleven GO Galaxy, nivel99)",99,99,1,fbtl_cro06_130_010,7D72CA2F,966A278F,3-6-1 Hexa,966A278F,es legal,92D8D3D4,D4D3D892,Flota Ixar,CF14D5D8,C8EA7323,Equipación Flota Ixar,CF14D5D8,6CC69124,BA091D32,La Marca del Berserker,0E914939,,11,11,11
058A2B6C,tm_cro_go3_1420,Big Bang,Big Bang,cronica,6,Inazuma Eleven GO Galaxy,nivel99,"Big Bang (Cronica Inazuma Eleven GO Galaxy, nivel99)",99,99,1,fbtl_cro06_140_010,0A75FAB9,005A20F8,4-5-1 Equilibrio,005A20F8,es legal,0CBC4677,7746BC0C,Big Bang,88AD789E,4DFC3C26,Equipación Big Bang,88AD789E,,,,B83E7FE4,,11,11,11
0448415B,tm_cro_go3_1520,Supernova,Supernova,cronica,6,Inazuma Eleven GO Galaxy,nivel99,"Supernova (Cronica Inazuma Eleven GO Galaxy, nivel99)",99,99,1,fbtl_cro06_150_010,EDCDD7BE,0777981F,5-4-1 Doble Volante,0777981F,es legal,7BBB76E1,E176BB7B,Supernova,B5951732,7A96FE27,Equipación Supernova,B5951732,,,,BBBAAB8A,,11,11,11
060EFF02,tm_cro_go3_1620,Dinastía Galáctica,Space Rankers,cronica,6,Inazuma Eleven GO Galaxy,nivel99,"Dinastía Galáctica (Cronica Inazuma Eleven GO Galaxy, nivel99)",99,99,1,fbtl_cro06_160_010,7A1F0E36,8FAE4A88,3-5-2 Libertad,8FAE4A88,es legal,E2B2275B,5B27B2E2,Dinastía Galáctica,DE5795FC,2328B825,Equipación Dinastía Galáctica,DE5795FC,,,,BBBAAB8A,,16,16,16
95F22B69,tm_cro_original_0120,Guardianas,Gatekeepers,cronica,12,Originales de la Cronica,nivel99,"Guardianas (Cronica Originales de la Cronica, nivel99)",99,99,1,fbtl_cro12_010_010,E47B9B95,2C3B2E16,4-3-3 Triángulo,2C3B2E16,es legal,C2CF31FB,FB31CFC2,Guardianes,D2B0B4E9,934ABA48,Equipación Guardianas,D2B0B4E9,,,,F6971467,,17,16,17
35B9D90C,tm_cro_ares_1120,Barcelona Orb,Barcelona Orb,cronica,7,Inazuma Eleven Ares,nivel99,"Barcelona Orb (Cronica Inazuma Eleven Ares, nivel99)",99,99,1,fbtl_cro07_010_010,0D183EA0,199E4DFF,4-4-2 Caja,199E4DFF,es legal,DD94B0B2,B2B094DD,Barcelona Orb,BB089E51,9301D818,Equipación Barcelona Orb,BB089E51,,,,DF79536D,A5D2F2C5,14,13,14
8D05BE69,tm_cro_ares_0120,Academia Polaris,Polestar Academy,cronica,7,Inazuma Eleven Ares,nivel99,"Academia Polaris (Cronica Inazuma Eleven Ares, nivel99)",99,99,1,fbtl_cro07_020_010,0A75FAB9,005A20F8,4-5-1 Equilibrio,005A20F8,es legal,C3E245EA,EA45E2C3,Polaris,D6A1D630,,,D6A1D630,,,,7F1F0EFE,F1CEEB1A,16,15,16
8F430030,tm_cro_ares_0220,Bastión,Rampart Junior High,cronica,7,Inazuma Eleven Ares,nivel99,"Bastión (Cronica Inazuma Eleven Ares, nivel99)",99,99,1,fbtl_cro07_030_010,0D183EA0,199E4DFF,4-4-2 Caja,199E4DFF,es legal,2A81E0DF,DFE0812A,Bastión,559D1F1F,98B2E0A3,Equipación Bastión,559D1F1F,,,,E944CA1F,5D7BA416,17,15,17
8E816A07,tm_cro_ares_0320,Kirkwood,Kirkwood,cronica,7,Inazuma Eleven Ares,nivel99,"Kirkwood (Cronica Inazuma Eleven Ares, nivel99)",99,99,1,fbtl_cro07_040_010,0A75FAB9,005A20F8,4-5-1 Equilibrio,005A20F8,es legal,5D86D049,49D0865D,Kirkwood (Ares),03A9BB9F,AFD822A2,Equipación Kirkwood (Ares),03A9BB9F,,,,B04826AB,5F3D1A4F,16,14,16
8BCE7C82,tm_cro_ares_0420,Brain,Brainwashing,cronica,7,Inazuma Eleven Ares,nivel99,"Brain (Cronica Inazuma Eleven Ares, nivel99)",99,99,1,fbtl_cro07_050_010,0D183EA0,199E4DFF,4-4-2 Caja,199E4DFF,es legal,C48F81F3,F3818FC4,Brain (Ares),C98FBA9F,F66664A0,Equipación Brain (Ares),C98FBA9F,,,,DD07658F,5CB9CE21,13,11,13
8A0C16B5,tm_cro_ares_0520,Royal Academy,Royal Academy,cronica,7,Inazuma Eleven Ares,nivel99,"Royal Academy (Cronica Inazuma Eleven Ares, nivel99)",99,99,1,fbtl_cro07_060_010,94116F1A,A3CF4466,4-4-2 Diamante,A3CF4466,es legal,B388B165,65B188B3,Royal Academy (Ares),59145CEB,,,59145CEB,EB5E8DEB,751585B5,Ciclo imperial,D2512EBD,BCC9C384,15,13,15
FA028EFF,tm_cro_ares_0121,Academia Polaris,Polestar Academy,cronica,7,Inazuma Eleven Ares,nivel99,"Academia Polaris (Cronica Inazuma Eleven Ares, nivel99)",99,99,1,fbtl_cro07_070_010,0A75FAB9,005A20F8,4-5-1 Equilibrio,005A20F8,es legal,C3E245EA,EA45E2C3,Polaris,D6A1D630,,,D6A1D630,F245BCAA,34249EAC,Zona crítica,7F1F0EFE,F1CEEB1A,18,16,18
347BB33B,tm_cro_ares_1020,Academia Plenilunio,Lunar Prime Academy,cronica,7,Inazuma Eleven Ares,nivel99,"Academia Plenilunio (Cronica Inazuma Eleven Ares, nivel99)",99,99,1,fbtl_cro07_080_010,7A1F0E36,8FAE4A88,3-5-2 Libertad,8FAE4A88,es legal,B4E5757C,7C75E5B4,Plenilunio,6C8790DE,1DA4AFA6,Equipación Plenilunio,6C8790DE,22456DD4,4AF59E7C,Maelstrom Omega,142580C8,C3F88998,16,15,16
884AA8EC,tm_cro_ares_0620,Zeus,Zeus,cronica,7,Inazuma Eleven Ares,nivel99,"Zeus (Cronica Inazuma Eleven Ares, nivel99)",99,99,1,fbtl_cro07_090_010,0A75FAB9,005A20F8,4-5-1 Equilibrio,005A20F8,es legal,2337ACF4,F4AC3723,Zeus (Ares),CF536BCA,FC4BFAAA,Equipación Zeus (Ares),CF536BCA,,,,63F5B1D9,8CB91F5F,12,11,12
8988C2DB,tm_cro_ares_0720,Alpino,Alpine,cronica,7,Inazuma Eleven Ares,nivel99,"Alpino (Cronica Inazuma Eleven Ares, nivel99)",99,99,1,fbtl_cro07_100_010,E47B9B95,2C3B2E16,4-3-3 Triángulo,2C3B2E16,es legal,54309C62,629C3054,Alpino (Ares),638CAE24,CB2138AB,Equipación Alpino (Ares),638CAE24,,,,5E959869,BE8F7DDD,16,14,16
82D485E6,tm_cro_ares_0820,Academia Alia,Alia Academy,cronica,7,Inazuma Eleven Ares,nivel99,"Academia Alia (Cronica Inazuma Eleven Ares, nivel99)",99,99,1,fbtl_cro07_110_010,E47B9B95,2C3B2E16,4-3-3 Triángulo,2C3B2E16,es legal,34F71587,8715F734,Academia Alia,E7FF78F9,217D551C,Equipación Academia Alia,E7FF78F9,,,,98D929BD,97E49047,15,14,15
8316EFD1,tm_cro_ares_0920,Instituto Ribera,Everytown,cronica,7,Inazuma Eleven Ares,nivel99,"Instituto Ribera (Cronica Inazuma Eleven Ares, nivel99)",99,99,1,fbtl_cro07_120_010,0D183EA0,199E4DFF,4-4-2 Caja,199E4DFF,es legal,43F02511,1125F043,Instituto Ribera,4FA300FF,1617971D,Equipación Instituto Ribera,4FA300FF,,,,8E9453CE,D8A50680,18,16,18
437C83AD,tm_cro_ares_1021,Academia Plenilunio,Lunar Prime Academy,cronica,7,Inazuma Eleven Ares,nivel99,"Academia Plenilunio (Cronica Inazuma Eleven Ares, nivel99)",99,99,1,fbtl_cro07_130_010,7A1F0E36,8FAE4A88,3-5-2 Libertad,8FAE4A88,es legal,B4E5757C,7C75E5B4,Plenilunio,6C8790DE,1DA4AFA6,Equipación Plenilunio,6C8790DE,22456DD4|09683E17,4AF59E7C|89A6B357,Maelstrom Omega|Supremacía de la espada,142580C8,C3F88998,16,15,16
9676FF07,tm_cro_original_0320,Plathos,Platos,cronica,12,Originales de la Cronica,nivel99,"Plathos (Cronica Originales de la Cronica, nivel99)",99,99,1,fbtl_cro12_030_010,0D183EA0,199E4DFF,4-4-2 Caja,199E4DFF,es legal,2CC150D7,D750C12C,Plathos,CE5DF269,FD9E3E4B,Equipación Plathos,CE5DF269,,,,E27FA6A9,,17,16,17
75A85F0F,tm_cro_orion_0120,Bisonte Rojo,Raging Bulls,cronica,8,Inazuma Eleven Orion,nivel99,"Bisonte Rojo (Cronica Inazuma Eleven Orion, nivel99)",99,99,1,fbtl_cro08_010_010,0A75FAB9,005A20F8,4-5-1 Equilibrio,005A20F8,es legal,41B2D23B,3BD2B241,Bisonte Rojo,7538A87F,FB593D25,Equipación Bisonte Rojo,7538A87F,,,,A27A2DD4,D518653E,15,14,15
77EEE156,tm_cro_orion_0220,Demonios Brillantes,Fallen Angels,cronica,8,Inazuma Eleven Orion,nivel99,"Demonios Brillantes (Cronica Inazuma Eleven Orion, nivel99)",99,99,1,fbtl_cro08_020_010,94116F1A,A3CF4466,4-4-2 Diamante,A3CF4466,es legal,36B5E2AD,ADE2B536,Demonios Brillantes,E5E12969,CC33FF24,Equipación Demonios Brillantes,E5E12969,4629A8D0,4E30F218,Desvanecimiento absoluto,3E55F38F,FE3536FD,15,14,15
762C8B61,tm_cro_orion_0320,Bailarines Eternos,Eternal Dancers,cronica,8,Inazuma Eleven Orion,nivel99,"Bailarines Eternos (Cronica Inazuma Eleven Orion, nivel99)",99,99,1,fbtl_cro08_030_010,0A75FAB9,005A20F8,4-5-1 Equilibrio,005A20F8,es legal,A8D1770E,0E77D1A8,Bailarines Eternos,19B00A61,4925B021,Equipación Bailarines Eternos,19B00A61,,,,48947747,A86F917B,14,13,14
73639DE4,tm_cro_orion_0420,Ejército del Fénix Árabe,Arabian Firebirds,cronica,8,Inazuma Eleven Orion,nivel99,"Ejército del Fénix Árabe (Cronica Inazuma Eleven Orion, nivel99)",99,99,1,fbtl_cro08_040_010,7A1F0E36,8FAE4A88,3-5-2 Libertad,8FAE4A88,es legal,DFD64798,9847D6DF,Ejército del Fénix Árabe,D0AAC431,7E4F7220,Eq. Ejército del Fénix Árabe,D0AAC431,,,,6D2D0581,9A59F3F9,14,13,14
72A1F7D3,tm_cro_orion_0520,Tropa Acrobática del Fútbol,Avenging Acrobats,cronica,8,Inazuma Eleven Orion,nivel99,"Tropa Acrobática del Fútbol (Cronica Inazuma Eleven Orion, nivel99)",99,99,1,fbtl_cro08_050_010,7A1F0E36,8FAE4A88,3-5-2 Libertad,8FAE4A88,es legal,46DF1622,2216DF46,Tropa Acrobática del Fútbol,DD3EA19C,27F13422,Eq. Tropa Acrobática del Fútbol,DD3EA19C,,,,FB4FC418,1DC1EF36,16,13,16
70E7498A,tm_cro_orion_0620,Gigantes Invencibles,Los Invencibles,cronica,8,Inazuma Eleven Orion,nivel99,"Gigantes Invencibles (Cronica Inazuma Eleven Orion, nivel99)",99,99,1,fbtl_cro08_060_010,7A1F0E36,8FAE4A88,3-5-2 Libertad,8FAE4A88,es legal,31D826B4,B426D831,Gigantes Invencibles,A5795CD0,109BF623,Equipación Gigantes Invencibles,A5795CD0,,,,DF79536D,8280A88F,14,13,14
712523BD,tm_cro_orion_0720,Navy Invader,Ace Invaders,cronica,8,Inazuma Eleven Orion,nivel99,"Navy Invader (Cronica Inazuma Eleven Orion, nivel99)",99,99,1,fbtl_cro08_070_010,7A1F0E36,8FAE4A88,3-5-2 Libertad,8FAE4A88,es legal,A1673B25,253B67A1,Navy Invader,3783EE34,2DDCAA28,Equipación Navy Invader,3783EE34,7150DCD7,49448B2F,Campo explosivo,E8CA3575,CDC13E48,19,18,19
7A796480,tm_cro_orion_0820,Chispas Perfectas,Pitch Perfectionists,cronica,8,Inazuma Eleven Orion,nivel99,"Chispas Perfectas (Cronica Inazuma Eleven Orion, nivel99)",99,99,1,fbtl_cro08_080_010,7A1F0E36,8FAE4A88,3-5-2 Libertad,8FAE4A88,es legal,D6600BB3,B30B60D6,Chispas Perfectas,09FA75F8,1AB66829,Equipación Chispas Perfectas,09FA75F8,684BED96,08759036,Aurora tenebrosa,A8DDE880,D4DA0F09,16,15,16
7BBB0EB7,tm_cro_orion_0920,Olé de Samba,The Sambassadors,cronica,8,Inazuma Eleven Orion,nivel99,"Olé de Samba (Cronica Inazuma Eleven Orion, nivel99)",99,99,1,fbtl_cro08_090_010,7A1F0E36,8FAE4A88,3-5-2 Libertad,8FAE4A88,es legal,B6A78256,5682A7B6,Olé de Samba,18DFF179,F0EA059E,Equipación Olé de Samba,18DFF179,,,,45BC0A97,FFF75CCA,14,13,14
CCD6525D,tm_cro_orion_1020,Guardianes de la Reina,Guardians of the Queen,cronica,8,Inazuma Eleven Orion,nivel99,"Guardianes de la Reina (Cronica Inazuma Eleven Orion, nivel99)",99,99,1,fbtl_cro08_100_010,7D72CA2F,966A278F,3-6-1 Hexa,966A278F,es legal,C1A0B2C0,C0B2A0C1,Guardianes de la Reina,C6DF30D4,,,C6DF30D4,,,,53F170E4,E6EC6D8B,18,17,18
CD14386A,tm_cro_orion_1120,Eclipse de Orión,Orion Eclipse,cronica,8,Inazuma Eleven Orion,nivel99,"Eclipse de Orión (Cronica Inazuma Eleven Orion, nivel99)",99,99,1,fbtl_cro08_120_010,7A1F0E36,8FAE4A88,3-5-2 Libertad,8FAE4A88,es legal,58A9E37A,7AE3A958,Eclipse de Orión,BC013A12,9E3E819D,Equipación Eclipse de Orión,BC013A12,,,,3F7C59F7,BCC9C384,15,14,15
CF528633,tm_cro_orion_1220,Chispas Perfectas,Pitch Perfectionists,cronica,8,Inazuma Eleven Orion,nivel99,"Chispas Perfectas (Cronica Inazuma Eleven Orion, nivel99)",99,99,1,fbtl_cro08_110_010,7D72CA2F,966A278F,3-6-1 Hexa,966A278F,es legal,D6600BB3,B30B60D6,Chispas Perfectas,09FA75F8,1AB66829,Equipación Chispas Perfectas,09FA75F8,684BED96,08759036,Aurora tenebrosa,A8DDE880,D4DA0F09,16,15,16
9339E982,tm_cro_original_0420,Destructores,Destroyers,cronica,12,Originales de la Cronica,nivel99,"Destructores (Cronica Originales de la Cronica, nivel99)",99,99,1,fbtl_cro12_080_010,7D72CA2F,966A278F,3-6-1 Hexa,966A278F,es legal,B5C8016D,6D01C8B5,Destructores,D3236651,A4207849,Equipación Destructores,D3236651,,,,C873E9B9,D7A31A13,18,16,18
92FB83B5,tm_cro_original_0520,Tormenta cortante,Tearing Tempest,cronica,12,Originales de la Cronica,nivel99,"Tormenta cortante (Cronica Originales de la Cronica, nivel99)",99,99,1,fbtl_cro12_040_010,E47B9B95,2C3B2E16,4-3-3 Triángulo,2C3B2E16,es legal,221AD8E5,E5D81A22,Tormenta cortante,109C8240,45CF2D45,Equipación Tormenta cortante,109C8240,,,,6F08BCC1,,16,16,16
90BD3DEC,tm_cro_original_0620,Hojas espinosas,Leaf Lacerators,cronica,12,Originales de la Cronica,nivel99,"Hojas espinosas (Cronica Originales de la Cronica, nivel99)",99,99,1,fbtl_cro12_050_010,D0963849,,,199E4DFF,exacta,42DD5100,0051DD42,Hojas espinosas,B2EA922F,AF9340F2,Equipación Hojas espinosas,B2EA922F,,,,63F5B1D9,,16,16,16
917F57DB,tm_cro_original_0720,Llamarada volcánica,Molten Maelstrom,cronica,12,Originales de la Cronica,nivel99,"Llamarada volcánica (Cronica Originales de la Cronica, nivel99)",99,99,1,fbtl_cro12_060_010,937CAB03,BA0B2961,4-3-3 Delta,BA0B2961,es legal,ACD3302C,2C30D3AC,Llamarada volcánica,EF61CB69,C147C4F1,Equipación Llamarada volcánica,EF61CB69,,,,DF0DD991,,16,16,16
9A2310E6,tm_cro_original_0820,Aplastarocas,Stone Smashers,cronica,12,Originales de la Cronica,nivel99,"Aplastarocas (Cronica Originales de la Cronica, nivel99)",99,99,1,fbtl_cro12_070_010,7A1F0E36,8FAE4A88,3-5-2 Libertad,8FAE4A88,es legal,35DA6196,9661DA35,Aplastarocas,8E9EA3FE,98F982F3,Equipación Aplastarocas,8E9EA3FE,,,,5BBDE343,,16,16,16
14B3E351,tm_cro_victory_0120,West Manor,West Manor,cronica,9,Inazuma Eleven Victory Road,nivel99,"West Manor (Cronica Inazuma Eleven Victory Road, nivel99)",99,99,1,fbtl_cro09_010_010,7A1F0E36,8FAE4A88,3-5-2 Libertad,8FAE4A88,es legal,199AF64C,4CF69A19,West Manor,4982956E,AAFE3EE6,Equipación West Manor,4982956E,43D8B1AC,3229031D,Cuernos de toro,6245E74A,2BCFB366,20,18,20
16F55D08,tm_cro_victory_0220,Northbright,Northbright,cronica,9,Inazuma Eleven Victory Road,nivel99,"Northbright (Cronica Inazuma Eleven Victory Road, nivel99)",99,99,1,fbtl_cro09_020_010,7A1F0E36,8FAE4A88,3-5-2 Libertad,8FAE4A88,es legal,F0F95379,7953F9F0,Northbright,6B110260,1882B3E2,Equipación Northbright,6B110260,8B013BA4|3EAF45E9|68F5E26F,3AA3DAD5|77DD7460|F17A2E36,Ataque en tres frentes|Lanzas laterales|Espadón,BB5FB56C,A48F46C6,18,16,18
1737373F,tm_cro_victory_0320,Eastwind,Eastwind,cronica,9,Inazuma Eleven Victory Road,nivel99,"Eastwind (Cronica Inazuma Eleven Victory Road, nivel99)",99,99,1,fbtl_cro09_030_010,BE566CA1,,,199E4DFF,posiciones,8093A7F6,F6A79380,Internacional Eastwind,BF00A7A0,F34078E4,Equipación Eastwind,BF00A7A0,,,,25E59D9A,6C6FC9B6,18,16,18
127821BA,tm_cro_victory_0420,Stormridge,Stormridge,cronica,9,Inazuma Eleven Victory Road,nivel99,"Stormridge (Cronica Inazuma Eleven Victory Road, nivel99)",99,99,1,fbtl_cro09_040_010,BE566CA1,,,199E4DFF,posiciones,F7949760,609794F7,Stormridge,12758922,C42ABAE5,Equipación Stormridge,12758922,,,,019E856B,510FE006,18,16,18
13BA4B8D,tm_cro_victory_0520,Royal Academy,Royal Academy,cronica,9,Inazuma Eleven Victory Road,nivel99,"Royal Academy (Cronica Inazuma Eleven Victory Road, nivel99)",99,99,1,fbtl_cro09_050_010,937CAB03,BA0B2961,4-3-3 Delta,BA0B2961,es legal,672B8AF1,F18A2B67,Táctica Royal Academy,DC35BEB6,F96DE6EE,Equipación táctica Royal,DC35BEB6,1CA1900A|05BAA14B|2E97F288,94087A42|D539615B|166A4C70,Bosque encantado|Carrera del dodo|Avance de caballería,FEB9E6FF,D35F77D7,18,16,18
11FCF5D4,tm_cro_victory_0620,Raimon,Raimon,cronica,9,Inazuma Eleven Victory Road,nivel99,"Raimon (Cronica Inazuma Eleven Victory Road, nivel99)",99,99,1,fbtl_cro09_060_010,E47B9B95,2C3B2E16,4-3-3 Triángulo,2C3B2E16,es legal,87FE63EF,EF63FE87,Campeones Raimon,BBE7C49D,2FE871E3,Equipación Campeones Raimon,BBE7C49D,921A0AE5,7B92C1CC,Protocolo de enlace,AD12CF1F,,17,16,17
A9D1C71B,start_team_01,Mi equipo A,My Team A,otros,,,,Mi equipo A (otros),,,2,,94116F1A,A3CF4466,4-4-2 Diamante,A3CF4466,es legal,56CDC832,32C8CD56,Emblema: Alas,B0842F13,24AC2B7A,Equipación sencilla,7A2BAC24,,,,A8F03897,E5B5FD02,12,11,12
30D896A1,start_team_02,Mi equipo B,My Team B,otros,,,,Mi equipo B (otros),,,2,,7A1F0E36,8FAE4A88,3-5-2 Libertad,8FAE4A88,es legal,21CAF8A4,A4F8CA21,Emblema: Flash,B0842F13,24AC2B7A,Equipación sencilla,7A2BAC24,,,,7F8E0459,E5B5FD02,12,11,12
47DFA637,start_team_03,Mi equipo C,My Team C,otros,,,,Mi equipo C (otros),,,2,,94116F1A,A3CF4466,4-4-2 Diamante,A3CF4466,es legal,CFC49988,8899C4CF,Emblema: Juventud,B0842F13,24AC2B7A,Equipación sencilla,7A2BAC24,,,,55BB6159,E5B5FD02,12,11,12
