# El giro del anillo del arbol de cada personaje, calculado como el juego (NOTAS O-283).
# diamante: 1 = su version Diamante; arquetipo: solo en Diamantes de fabrica (vacio = todos).
# Lo genera herramientas/construir_giros.py.
identidad,diamante,arquetipo,rama,giro
EAB2B5CF,0,,0,7
EAB2B5CF,0,,1,1
EAB2B5CF,1,,0,1
EAB2B5CF,1,,1,5
F3A9848E,0,,0,8
F3A9848E,0,,1,4
F3A9848E,1,,0,7
F3A9848E,1,,1,1
BCE81249,0,,0,7
BCE81249,0,,1,1
BCE81249,1,,0,7
BCE81249,1,,1,1
A5F32308,0,,0,7
A5F32308,0,,1,5
A5F32308,1,,0,7
A5F32308,1,,1,1
8EDE70CB,0,,0,8
8EDE70CB,0,,1,4
8EDE70CB,1,,0,7
8EDE70CB,1,,1,5
97C5418A,0,,0,4
97C5418A,0,,1,8
97C5418A,1,,0,1
97C5418A,1,,1,5
105D5D45,0,,0,7
105D5D45,0,,1,5
105D5D45,1,,0,7
105D5D45,1,,1,1
09466C04,0,,0,7
09466C04,0,,1,5
09466C04,1,,0,7
09466C04,1,,1,1
D946BD7A,0,,0,1
D946BD7A,0,,1,5
D946BD7A,1,,0,1
D946BD7A,1,,1,5
C05D8C3B,0,,0,6
C05D8C3B,0,,1,8
C05D8C3B,1,,0,7
C05D8C3B,1,,1,5
EB70DFF8,0,,0,1
EB70DFF8,0,,1,5
EB70DFF8,1,,0,7
EB70DFF8,1,,1,1
F26BEEB9,0,,0,1
F26BEEB9,0,,1,5
F26BEEB9,1,,0,7
F26BEEB9,1,,1,5
BD2A787E,0,,0,1
BD2A787E,0,,1,5
BD2A787E,1,,0,7
BD2A787E,1,,1,5
A431493F,0,,0,1
A431493F,0,,1,5
A431493F,1,,0,7
A431493F,1,,1,1
8F1C1AFC,0,,0,6
8F1C1AFC,0,,1,8
8F1C1AFC,1,,0,7
8F1C1AFC,1,,1,1
96072BBD,0,,0,8
96072BBD,0,,1,4
96072BBD,1,,0,1
96072BBD,1,,1,5
119F3772,0,,0,4
119F3772,0,,1,8
119F3772,1,,0,1
119F3772,1,,1,5
08840633,0,,0,8
08840633,0,,1,4
08840633,1,,0,7
08840633,1,,1,1
DB000323,0,,0,7
DB000323,0,,1,1
DB000323,1,,0,7
DB000323,1,,1,1
C21B3262,0,,0,7
C21B3262,0,,1,1
C21B3262,1,,0,1
C21B3262,1,,1,5
E93661A1,0,,0,6
E93661A1,0,,1,8
E93661A1,1,,0,7
E93661A1,1,,1,1
BB5FB56C,0,,0,1
BB5FB56C,0,,1,5
BB5FB56C,1,,0,1
BB5FB56C,1,,1,5
CC5885FA,0,,0,6
CC5885FA,0,,1,8
CC5885FA,1,,0,1
CC5885FA,1,,1,5
9072E6AF,0,,0,7
9072E6AF,0,,1,5
9072E6AF,1,,0,7
9072E6AF,1,,1,1
8969D7EE,0,,0,7
8969D7EE,0,,1,1
8969D7EE,1,,0,8
8969D7EE,1,,1,4
C6284129,0,,0,6
C6284129,0,,1,8
C6284129,1,,0,6
C6284129,1,,1,8
DF337068,0,,0,7
DF337068,0,,1,5
DF337068,1,,0,7
DF337068,1,,1,1
F41E23AB,0,,0,7
F41E23AB,0,,1,1
F41E23AB,1,,0,7
F41E23AB,1,,1,1
ED0512EA,0,,0,1
ED0512EA,0,,1,5
ED0512EA,1,,0,7
ED0512EA,1,,1,5
6A9D0E25,0,,0,8
6A9D0E25,0,,1,4
6A9D0E25,1,,0,7
6A9D0E25,1,,1,1
73863F64,0,,0,8
73863F64,0,,1,4
73863F64,1,,0,7
73863F64,1,,1,1
A386EE1A,0,,0,7
A386EE1A,0,,1,5
A386EE1A,1,,0,7
A386EE1A,1,,1,5
BA9DDF5B,0,,0,1
BA9DDF5B,0,,1,5
BA9DDF5B,1,,0,1
BA9DDF5B,1,,1,5
91B08C98,0,,0,4
91B08C98,0,,1,8
91B08C98,1,,0,6
91B08C98,1,,1,8
88ABBDD9,0,,0,7
88ABBDD9,0,,1,5
88ABBDD9,1,,0,1
88ABBDD9,1,,1,5
C7EA2B1E,0,,0,6
C7EA2B1E,0,,1,8
C7EA2B1E,1,,0,1
C7EA2B1E,1,,1,5
DEF11A5F,0,,0,8
DEF11A5F,0,,1,4
DEF11A5F,1,,0,1
DEF11A5F,1,,1,5
F5DC499C,0,,0,6
F5DC499C,0,,1,8
F5DC499C,1,,0,7
F5DC499C,1,,1,5
BD947787,0,,0,7
BD947787,0,,1,1
BD947787,1,,0,7
BD947787,1,,1,5
A48F46C6,0,,0,6
A48F46C6,0,,1,8
A48F46C6,1,,0,8
A48F46C6,1,,1,4
871F0DCC,0,,0,6
871F0DCC,0,,1,8
871F0DCC,1,,0,7
871F0DCC,1,,1,1
CBDA4F65,0,,0,7
CBDA4F65,0,,1,5
CBDA4F65,1,,0,7
CBDA4F65,1,,1,1
DE4F15A6,0,,0,6
DE4F15A6,0,,1,8
DE4F15A6,1,,0,6
DE4F15A6,1,,1,8
6245E74A,0,,0,6
6245E74A,0,,1,8
6245E74A,1,,0,7
6245E74A,1,,1,1
E5DDFB85,0,,0,1
E5DDFB85,0,,1,5
E5DDFB85,1,,0,1
E5DDFB85,1,,1,5
0629224E,0,,0,7
0629224E,0,,1,1
0629224E,1,,0,8
0629224E,1,,1,4
2CC61BBA,0,,0,7
2CC61BBA,0,,1,5
2CC61BBA,1,,0,7
2CC61BBA,1,,1,1
7B5ED60B,0,,0,1
7B5ED60B,0,,1,5
7B5ED60B,1,,0,7
7B5ED60B,1,,1,5
507385C8,0,,0,1
507385C8,0,,1,5
507385C8,1,,0,7
507385C8,1,,1,1
35DD2AFB,0,,0,6
35DD2AFB,0,,1,8
35DD2AFB,1,,0,7
35DD2AFB,1,,1,5
341F40CC,0,,0,1
341F40CC,0,,1,5
341F40CC,1,,0,1
341F40CC,1,,1,5
FCC6CAC4,0,,0,8
FCC6CAC4,0,,1,4
FCC6CAC4,1,,0,7
FCC6CAC4,1,,1,5
1F32130F,0,,0,7
1F32130F,0,,1,5
1F32130F,1,,0,7
1F32130F,1,,1,1
4968B489,0,,0,6
4968B489,0,,1,8
4968B489,1,,0,7
4968B489,1,,1,1
1EF07938,0,,0,7
1EF07938,0,,1,5
1EF07938,1,,0,7
1EF07938,1,,1,1
07EB4879,0,,0,6
07EB4879,0,,1,8
07EB4879,1,,0,7
07EB4879,1,,1,5
48AADEBE,0,,0,7
48AADEBE,0,,1,1
48AADEBE,1,,0,7
48AADEBE,1,,1,1
51B1EFFF,0,,0,7
51B1EFFF,0,,1,5
51B1EFFF,1,,0,1
51B1EFFF,1,,1,5
7A9CBC3C,0,,0,7
7A9CBC3C,0,,1,1
7A9CBC3C,1,,0,6
7A9CBC3C,1,,1,8
2BCFB366,0,,0,7
2BCFB366,0,,1,5
2BCFB366,1,,0,6
2BCFB366,1,,1,8
32D48227,0,,0,8
32D48227,0,,1,4
32D48227,1,,0,7
32D48227,1,,1,1
73BF3A1C,0,,0,7
73BF3A1C,0,,1,1
73BF3A1C,1,,0,1
73BF3A1C,1,,1,5
589269DF,0,,0,6
589269DF,0,,1,8
589269DF,1,,0,1
589269DF,1,,1,5
4189589E,0,,0,8
4189589E,0,,1,4
4189589E,1,,0,6
4189589E,1,,1,8
0EC8CE59,0,,0,6
0EC8CE59,0,,1,8
0EC8CE59,1,,0,8
0EC8CE59,1,,1,4
17D3FF18,0,,0,1
17D3FF18,0,,1,5
17D3FF18,1,,0,7
17D3FF18,1,,1,1
3CFEACDB,0,,0,1
3CFEACDB,0,,1,5
3CFEACDB,1,,0,7
3CFEACDB,1,,1,1
25E59D9A,0,,0,7
25E59D9A,0,,1,5
25E59D9A,1,,0,7
25E59D9A,1,,1,5
A27D8155,0,,0,1
A27D8155,0,,1,5
A27D8155,1,,0,1
A27D8155,1,,1,5
BB66B014,0,,0,7
BB66B014,0,,1,5
BB66B014,1,,0,7
BB66B014,1,,1,1
6B66616A,0,,0,7
6B66616A,0,,1,5
6B66616A,1,,0,8
6B66616A,1,,1,4
727D502B,0,,0,6
727D502B,0,,1,8
727D502B,1,,0,7
727D502B,1,,1,5
595003E8,0,,0,7
595003E8,0,,1,1
595003E8,1,,0,8
595003E8,1,,1,4
404B32A9,0,,0,7
404B32A9,0,,1,1
404B32A9,1,,0,7
404B32A9,1,,1,1
3D3CC6EC,0,,0,8
3D3CC6EC,0,,1,4
3D3CC6EC,1,,0,1
3D3CC6EC,1,,1,5
0F0AA46E,0,,0,1
0F0AA46E,0,,1,5
0F0AA46E,1,,0,6
0F0AA46E,1,,1,8
1611952F,0,,0,4
1611952F,0,,1,8
1611952F,1,,0,7
1611952F,1,,1,1
6C6FC9B6,0,,0,6
6C6FC9B6,0,,1,8
6C6FC9B6,1,,0,7
6C6FC9B6,1,,1,1
7574F8F7,0,,0,6
7574F8F7,0,,1,8
7574F8F7,1,,0,6
7574F8F7,1,,1,8
4EDF13AC,0,,0,6
4EDF13AC,0,,1,8
4EDF13AC,1,,0,7
4EDF13AC,1,,1,1
65F2406F,0,,0,7
65F2406F,0,,1,1
65F2406F,1,,0,1
65F2406F,1,,1,5
7CE9712E,0,,0,7
7CE9712E,0,,1,1
7CE9712E,1,,0,1
7CE9712E,1,,1,5
33A8E7E9,0,,0,1
33A8E7E9,0,,1,5
33A8E7E9,1,,0,1
33A8E7E9,1,,1,5
2AB3D6A8,0,,0,8
2AB3D6A8,0,,1,4
2AB3D6A8,1,,0,7
2AB3D6A8,1,,1,1
019E856B,0,,0,1
019E856B,0,,1,5
019E856B,1,,0,7
019E856B,1,,1,1
1885B42A,0,,0,6
1885B42A,0,,1,8
1885B42A,1,,0,6
1885B42A,1,,1,8
9F1DA8E5,0,,0,7
9F1DA8E5,0,,1,5
9F1DA8E5,1,,0,7
9F1DA8E5,1,,1,1
860699A4,0,,0,6
860699A4,0,,1,8
860699A4,1,,0,7
860699A4,1,,1,5
560648DA,0,,0,8
560648DA,0,,1,4
560648DA,1,,0,8
560648DA,1,,1,4
4F1D799B,0,,0,8
4F1D799B,0,,1,4
4F1D799B,1,,0,8
4F1D799B,1,,1,4
326A8DDE,0,,0,6
326A8DDE,0,,1,8
326A8DDE,1,,0,1
326A8DDE,1,,1,5
7D2B1B19,0,,0,6
7D2B1B19,0,,1,8
7D2B1B19,1,,0,7
7D2B1B19,1,,1,1
64302A58,0,,0,6
64302A58,0,,1,8
64302A58,1,,0,6
64302A58,1,,1,8
005CEF5C,0,,0,6
005CEF5C,0,,1,8
005CEF5C,1,,0,1
005CEF5C,1,,1,5
2B71BC9F,0,,0,7
2B71BC9F,0,,1,5
2B71BC9F,1,,0,7
2B71BC9F,1,,1,1
510FE006,0,,0,7
510FE006,0,,1,1
510FE006,1,,0,7
510FE006,1,,1,1
4814D147,0,,0,7
4814D147,0,,1,5
4814D147,1,,0,7
4814D147,1,,1,1
CC8F847D,0,,0,6
CC8F847D,0,,1,8
CC8F847D,1,,0,1
CC8F847D,1,,1,5
E7A2D7BE,0,,0,7
E7A2D7BE,0,,1,5
E7A2D7BE,1,,0,7
E7A2D7BE,1,,1,5
FEB9E6FF,0,,0,7
FEB9E6FF,0,,1,5
FEB9E6FF,1,,0,7
FEB9E6FF,1,,1,1
B1F87038,0,,0,6
B1F87038,0,,1,8
B1F87038,1,,0,1
B1F87038,1,,1,5
A8E34179,0,,0,7
A8E34179,0,,1,1
A8E34179,1,,0,8
A8E34179,1,,1,4
83CE12BA,0,,0,6
83CE12BA,0,,1,8
83CE12BA,1,,0,7
83CE12BA,1,,1,1
9AD523FB,0,,0,6
9AD523FB,0,,1,8
9AD523FB,1,,0,7
9AD523FB,1,,1,1
1D4D3F34,0,,0,6
1D4D3F34,0,,1,8
1D4D3F34,1,,0,1
1D4D3F34,1,,1,5
04560E75,0,,0,7
04560E75,0,,1,5
04560E75,1,,0,7
04560E75,1,,1,5
D456DF0B,0,,0,8
D456DF0B,0,,1,4
D456DF0B,1,,0,7
D456DF0B,1,,1,1
CD4DEE4A,0,,0,1
CD4DEE4A,0,,1,5
CD4DEE4A,1,,0,6
CD4DEE4A,1,,1,8
E660BD89,0,,0,7
E660BD89,0,,1,1
E660BD89,1,,0,8
E660BD89,1,,1,4
FF7B8CC8,0,,0,7
FF7B8CC8,0,,1,5
FF7B8CC8,1,,0,1
FF7B8CC8,1,,1,5
B03A1A0F,0,,0,6
B03A1A0F,0,,1,8
B03A1A0F,1,,0,7
B03A1A0F,1,,1,5
A9212B4E,0,,0,7
A9212B4E,0,,1,5
A9212B4E,1,,0,6
A9212B4E,1,,1,8
820C788D,0,,0,7
820C788D,0,,1,1
820C788D,1,,0,7
820C788D,1,,1,5
D35F77D7,0,,0,7
D35F77D7,0,,1,1
D35F77D7,1,,0,7
D35F77D7,1,,1,1
CA444696,0,,0,7
CA444696,0,,1,5
CA444696,1,,0,6
CA444696,1,,1,8
097F697C,0,,0,4
097F697C,0,,1,8
097F697C,1,,0,7
097F697C,1,,1,1
3B490BFE,0,,0,7
3B490BFE,0,,1,5
3B490BFE,1,,0,7
3B490BFE,1,,1,5
74089D39,0,,0,8
74089D39,0,,1,4
74089D39,1,,0,7
74089D39,1,,1,1
6D13AC78,0,,0,6
6D13AC78,0,,1,8
6D13AC78,1,,0,6
6D13AC78,1,,1,8
463EFFBB,0,,0,6
463EFFBB,0,,1,8
463EFFBB,1,,0,8
463EFFBB,1,,1,4
5F25CEFA,0,,0,7
5F25CEFA,0,,1,1
5F25CEFA,1,,0,7
5F25CEFA,1,,1,5
D8BDD235,0,,0,7
D8BDD235,0,,1,5
D8BDD235,1,,0,1
D8BDD235,1,,1,5
C1A6E374,0,,0,8
C1A6E374,0,,1,4
C1A6E374,1,,0,7
C1A6E374,1,,1,1
22523ABF,0,,0,1
22523ABF,0,,1,5
22523ABF,1,,0,1
22523ABF,1,,1,5
11A6320A,0,,0,7
11A6320A,0,,1,5
11A6320A,1,,0,1
11A6320A,1,,1,5
08BD034B,0,,0,8
08BD034B,0,,1,4
08BD034B,1,,0,7
08BD034B,1,,1,5
23905088,0,,0,4
23905088,0,,1,8
23905088,1,,0,1
23905088,1,,1,5
3A8B61C9,0,,0,7
3A8B61C9,0,,1,5
3A8B61C9,1,,0,6
3A8B61C9,1,,1,8
75CAF70E,0,,0,7
75CAF70E,0,,1,5
75CAF70E,1,,0,1
75CAF70E,1,,1,5
6CD1C64F,0,,0,1
6CD1C64F,0,,1,5
6CD1C64F,1,,0,7
6CD1C64F,1,,1,5
47FC958C,0,,0,6
47FC958C,0,,1,8
47FC958C,1,,0,1
47FC958C,1,,1,5
863F9CDC,0,,0,7
863F9CDC,0,,1,1
863F9CDC,1,,0,7
863F9CDC,1,,1,5
AD12CF1F,0,,0,1
AD12CF1F,0,,1,5
AD12CF1F,1,,0,7
AD12CF1F,1,,1,1
B409FE5E,0,,0,1
B409FE5E,0,,1,5
B409FE5E,1,,0,7
B409FE5E,1,,1,5
FB486899,0,,0,7
FB486899,0,,1,1
FB486899,1,,0,7
FB486899,1,,1,5
E25359D8,0,,0,7
E25359D8,0,,1,5
E25359D8,1,,0,6
E25359D8,1,,1,8
C97E0A1B,0,,0,1
C97E0A1B,0,,1,5
C97E0A1B,1,,0,1
C97E0A1B,1,,1,5
D0653B5A,0,,0,8
D0653B5A,0,,1,4
D0653B5A,1,,0,7
D0653B5A,1,,1,5
57FD2795,0,,0,7
57FD2795,0,,1,5
57FD2795,1,,0,7
57FD2795,1,,1,1
4EE616D4,0,,0,7
4EE616D4,0,,1,5
4EE616D4,1,,0,8
4EE616D4,1,,1,4
9EE6C7AA,0,,0,8
9EE6C7AA,0,,1,4
9EE6C7AA,1,,0,7
9EE6C7AA,1,,1,1
87FDF6EB,0,,0,1
87FDF6EB,0,,1,5
87FDF6EB,1,,0,6
87FDF6EB,1,,1,8
ACD0A528,0,,0,6
ACD0A528,0,,1,8
ACD0A528,1,,0,7
ACD0A528,1,,1,5
B5CB9469,0,,0,7
B5CB9469,0,,1,5
B5CB9469,1,,0,1
B5CB9469,1,,1,5
FA8A02AE,0,,0,8
FA8A02AE,0,,1,4
FA8A02AE,1,,0,1
FA8A02AE,1,,1,5
E39133EF,0,,0,7
E39133EF,0,,1,5
E39133EF,1,,0,7
E39133EF,1,,1,5
C8BC602C,0,,0,1
C8BC602C,0,,1,5
C8BC602C,1,,0,7
C8BC602C,1,,1,1
99EF6F76,0,,0,7
99EF6F76,0,,1,1
99EF6F76,1,,0,7
99EF6F76,1,,1,1
80F45E37,0,,0,7
80F45E37,0,,1,5
80F45E37,1,,0,7
80F45E37,1,,1,1
FF439369,0,,0,7
FF439369,0,,1,5
FF439369,1,,0,1
FF439369,1,,1,5
D46EC0AA,0,,0,7
D46EC0AA,0,,1,1
D46EC0AA,1,,0,7
D46EC0AA,1,,1,1
CD75F1EB,0,,0,7
CD75F1EB,0,,1,1
CD75F1EB,1,,0,8
CD75F1EB,1,,1,4
8234672C,0,,0,6
8234672C,0,,1,8
8234672C,1,,0,7
8234672C,1,,1,1
9B2F566D,0,,0,7
9B2F566D,0,,1,1
9B2F566D,1,,0,7
9B2F566D,1,,1,1
B00205AE,0,,0,8
B00205AE,0,,1,4
B00205AE,1,,0,8
B00205AE,1,,1,4
A91934EF,0,,0,4
A91934EF,0,,1,8
A91934EF,1,,0,7
A91934EF,1,,1,1
2E812820,0,,0,7
2E812820,0,,1,1
2E812820,1,,0,6
2E812820,1,,1,8
379A1961,0,,0,7
379A1961,0,,1,5
379A1961,1,,0,7
379A1961,1,,1,5
E79AC81F,0,,0,1
E79AC81F,0,,1,5
E79AC81F,1,,0,6
E79AC81F,1,,1,8
FE81F95E,0,,0,7
FE81F95E,0,,1,5
FE81F95E,1,,0,1
FE81F95E,1,,1,5
D5ACAA9D,0,,0,1
D5ACAA9D,0,,1,5
D5ACAA9D,1,,0,8
D5ACAA9D,1,,1,4
CCB79BDC,0,,0,7
CCB79BDC,0,,1,1
CCB79BDC,1,,0,7
CCB79BDC,1,,1,1
83F60D1B,0,,0,7
83F60D1B,0,,1,1
83F60D1B,1,,0,7
83F60D1B,1,,1,5
9AED3C5A,0,,0,8
9AED3C5A,0,,1,4
9AED3C5A,1,,0,7
9AED3C5A,1,,1,1
B1C06F99,0,,0,6
B1C06F99,0,,1,8
B1C06F99,1,,0,7
B1C06F99,1,,1,1
E09360C3,0,,0,1
E09360C3,0,,1,5
E09360C3,1,,0,6
E09360C3,1,,1,8
F9885182,0,,0,8
F9885182,0,,1,4
F9885182,1,,0,1
F9885182,1,,1,5
F1EFADCD,0,,0,7
F1EFADCD,0,,1,1
F1EFADCD,1,,0,7
F1EFADCD,1,,1,1
DAC2FE0E,0,,0,6
DAC2FE0E,0,,1,8
DAC2FE0E,1,,0,7
DAC2FE0E,1,,1,1
C3D9CF4F,0,,0,1
C3D9CF4F,0,,1,5
C3D9CF4F,1,,0,7
C3D9CF4F,1,,1,1
8C985988,0,,0,7
8C985988,0,,1,5
8C985988,1,,0,7
8C985988,1,,1,1
958368C9,0,,0,7
958368C9,0,,1,5
958368C9,1,,0,6
958368C9,1,,1,8
BEAE3B0A,0,,0,1
BEAE3B0A,0,,1,5
BEAE3B0A,1,,0,8
BEAE3B0A,1,,1,4
A7B50A4B,0,,0,1
A7B50A4B,0,,1,5
A7B50A4B,1,,0,7
A7B50A4B,1,,1,1
202D1684,0,,0,1
202D1684,0,,1,5
202D1684,1,,0,1
202D1684,1,,1,5
393627C5,0,,0,7
393627C5,0,,1,5
393627C5,1,,0,8
393627C5,1,,1,4
E936F6BB,0,,0,7
E936F6BB,0,,1,5
E936F6BB,1,,0,7
E936F6BB,1,,1,5
F02DC7FA,0,,0,6
F02DC7FA,0,,1,8
F02DC7FA,1,,0,1
F02DC7FA,1,,1,5
DB009439,0,,0,8
DB009439,0,,1,4
DB009439,1,,0,7
DB009439,1,,1,5
C21BA578,0,,0,7
C21BA578,0,,1,5
C21BA578,1,,0,8
C21BA578,1,,1,4
8D5A33BF,0,,0,6
8D5A33BF,0,,1,8
8D5A33BF,1,,0,7
8D5A33BF,1,,1,1
944102FE,0,,0,7
944102FE,0,,1,1
944102FE,1,,0,7
944102FE,1,,1,1
BF6C513D,0,,0,7
BF6C513D,0,,1,1
BF6C513D,1,,0,7
BF6C513D,1,,1,5
EE3F5E67,0,,0,7
EE3F5E67,0,,1,5
EE3F5E67,1,,0,1
EE3F5E67,1,,1,5
F7246F26,0,,0,6
F7246F26,0,,1,8
F7246F26,1,,0,1
F7246F26,1,,1,5
0AC335A9,0,,0,8
0AC335A9,0,,1,4
0AC335A9,1,,0,1
0AC335A9,1,,1,5
21EE666A,0,,0,7
21EE666A,0,,1,5
21EE666A,1,,0,8
21EE666A,1,,1,4
38F5572B,0,,0,7
38F5572B,0,,1,1
38F5572B,1,,0,8
38F5572B,1,,1,4
77B4C1EC,0,,0,8
77B4C1EC,0,,1,4
77B4C1EC,1,,0,7
77B4C1EC,1,,1,1
6EAFF0AD,0,,0,1
6EAFF0AD,0,,1,5
6EAFF0AD,1,,0,7
6EAFF0AD,1,,1,1
4582A36E,0,,0,7
4582A36E,0,,1,5
4582A36E,1,,0,7
4582A36E,1,,1,1
5C99922F,0,,0,8
5C99922F,0,,1,4
5C99922F,1,,0,7
5C99922F,1,,1,5
DB018EE0,0,,0,7
DB018EE0,0,,1,5
DB018EE0,1,,0,7
DB018EE0,1,,1,5
C21ABFA1,0,,0,7
C21ABFA1,0,,1,5
C21ABFA1,1,,0,1
C21ABFA1,1,,1,5
121A6EDF,0,,0,6
121A6EDF,0,,1,8
121A6EDF,1,,0,7
121A6EDF,1,,1,1
0B015F9E,0,,0,6
0B015F9E,0,,1,8
0B015F9E,1,,0,6
0B015F9E,1,,1,8
202C0C5D,0,,0,8
202C0C5D,0,,1,4
202C0C5D,1,,0,7
202C0C5D,1,,1,1
39373D1C,0,,0,8
39373D1C,0,,1,4
39373D1C,1,,0,7
39373D1C,1,,1,1
7676ABDB,0,,0,7
7676ABDB,0,,1,5
7676ABDB,1,,0,7
7676ABDB,1,,1,5
6F6D9A9A,0,,0,7
6F6D9A9A,0,,1,5
6F6D9A9A,1,,0,1
6F6D9A9A,1,,1,5
4440C959,0,,0,7
4440C959,0,,1,1
4440C959,1,,0,1
4440C959,1,,1,5
1513C603,0,,0,7
1513C603,0,,1,5
1513C603,1,,0,8
1513C603,1,,1,4
0C08F742,0,,0,6
0C08F742,0,,1,8
0C08F742,1,,0,7
0C08F742,1,,1,5
37A31C19,0,,0,4
37A31C19,0,,1,8
37A31C19,1,,0,1
37A31C19,1,,1,5
1C8E4FDA,0,,0,7
1C8E4FDA,0,,1,1
1C8E4FDA,1,,0,7
1C8E4FDA,1,,1,1
05957E9B,0,,0,6
05957E9B,0,,1,8
05957E9B,1,,0,7
05957E9B,1,,1,1
4AD4E85C,0,,0,7
4AD4E85C,0,,1,1
4AD4E85C,1,,0,7
4AD4E85C,1,,1,1
53CFD91D,0,,0,8
53CFD91D,0,,1,4
53CFD91D,1,,0,7
53CFD91D,1,,1,5
78E28ADE,0,,0,1
78E28ADE,0,,1,5
78E28ADE,1,,0,7
78E28ADE,1,,1,1
61F9BB9F,0,,0,6
61F9BB9F,0,,1,8
61F9BB9F,1,,0,8
61F9BB9F,1,,1,4
E661A750,0,,0,7
E661A750,0,,1,5
E661A750,1,,0,7
E661A750,1,,1,1
FF7A9611,0,,0,8
FF7A9611,0,,1,4
FF7A9611,1,,0,1
FF7A9611,1,,1,5
2F7A476F,0,,0,1
2F7A476F,0,,1,5
2F7A476F,1,,0,7
2F7A476F,1,,1,5
3661762E,0,,0,1
3661762E,0,,1,5
3661762E,1,,0,7
3661762E,1,,1,1
1D4C25ED,0,,0,6
1D4C25ED,0,,1,8
1D4C25ED,1,,0,1
1D4C25ED,1,,1,5
045714AC,0,,0,7
045714AC,0,,1,1
045714AC,1,,0,1
045714AC,1,,1,5
4B16826B,0,,0,7
4B16826B,0,,1,1
4B16826B,1,,0,6
4B16826B,1,,1,8
520DB32A,0,,0,7
520DB32A,0,,1,5
520DB32A,1,,0,7
520DB32A,1,,1,1
7920E0E9,0,,0,7
7920E0E9,0,,1,1
7920E0E9,1,,0,1
7920E0E9,1,,1,5
2873EFB3,0,,0,6
2873EFB3,0,,1,8
2873EFB3,1,,0,8
2873EFB3,1,,1,4
3168DEF2,0,,0,8
3168DEF2,0,,1,4
3168DEF2,1,,0,8
3168DEF2,1,,1,4
FA68F989,0,,0,1
FA68F989,0,,1,5
FA68F989,1,,0,8
FA68F989,1,,1,4
7DF0E546,0,,0,7
7DF0E546,0,,1,5
7DF0E546,1,,0,1
7DF0E546,1,,1,5
E373C8C8,0,,0,7
E373C8C8,0,,1,5
E373C8C8,1,,0,7
E373C8C8,1,,1,5
64EBD407,0,,0,7
64EBD407,0,,1,5
64EBD407,1,,0,7
64EBD407,1,,1,1
4235044B,0,,0,8
4235044B,0,,1,4
4235044B,1,,0,7
4235044B,1,,1,1
71C10CFE,0,,0,6
71C10CFE,0,,1,8
71C10CFE,1,,0,7
71C10CFE,1,,1,1
B8DAECC1,0,,0,6
B8DAECC1,0,,1,8
B8DAECC1,1,,0,7
B8DAECC1,1,,1,1
2659C14F,0,,0,7
2659C14F,0,,1,1
2659C14F,1,,0,1
2659C14F,1,,1,5
5B2E350A,0,,0,7
5B2E350A,0,,1,5
5B2E350A,1,,0,1
5B2E350A,1,,1,5
700366C9,0,,0,7
700366C9,0,,1,5
700366C9,1,,0,7
700366C9,1,,1,1
0D74928C,0,,0,8
0D74928C,0,,1,4
0D74928C,1,,0,6
0D74928C,1,,1,8
146FA3CD,0,,0,8
146FA3CD,0,,1,4
146FA3CD,1,,0,6
146FA3CD,1,,1,8
A1C1DD80,0,,0,6
A1C1DD80,0,,1,8
A1C1DD80,1,,0,7
A1C1DD80,1,,1,1
3F42F00E,0,,0,7
3F42F00E,0,,1,1
3F42F00E,1,,0,7
3F42F00E,1,,1,5
68DA3DBF,0,,0,4
68DA3DBF,0,,1,8
68DA3DBF,1,,0,7
68DA3DBF,1,,1,1
5AEC5F3D,0,,0,6
5AEC5F3D,0,,1,8
5AEC5F3D,1,,0,7
5AEC5F3D,1,,1,5
6FD39563,0,,0,8
6FD39563,0,,1,4
6FD39563,1,,0,7
6FD39563,1,,1,1
76C8A422,0,,0,1
76C8A422,0,,1,5
76C8A422,1,,0,6
76C8A422,1,,1,8
07D357D8,0,,0,6
07D357D8,0,,1,8
07D357D8,1,,0,7
07D357D8,1,,1,1
2CFE041B,0,,0,7
2CFE041B,0,,1,1
2CFE041B,1,,0,6
2CFE041B,1,,1,8
35E5355A,0,,0,8
35E5355A,0,,1,4
35E5355A,1,,0,1
35E5355A,1,,1,5
7AA4A39D,0,,0,8
7AA4A39D,0,,1,4
7AA4A39D,1,,0,8
7AA4A39D,1,,1,4
63BF92DC,0,,0,7
63BF92DC,0,,1,5
63BF92DC,1,,0,7
63BF92DC,1,,1,1
4892C11F,0,,0,7
4892C11F,0,,1,1
4892C11F,1,,0,7
4892C11F,1,,1,5
5189F05E,0,,0,8
5189F05E,0,,1,4
5189F05E,1,,0,1
5189F05E,1,,1,5
D611EC91,0,,0,7
D611EC91,0,,1,5
D611EC91,1,,0,7
D611EC91,1,,1,1
CF0ADDD0,0,,0,1
CF0ADDD0,0,,1,5
CF0ADDD0,1,,0,7
CF0ADDD0,1,,1,1
1F0A0CAE,0,,0,7
1F0A0CAE,0,,1,5
1F0A0CAE,1,,0,1
1F0A0CAE,1,,1,5
06113DEF,0,,0,8
06113DEF,0,,1,4
06113DEF,1,,0,1
06113DEF,1,,1,5
2D3C6E2C,0,,0,8
2D3C6E2C,0,,1,4
2D3C6E2C,1,,0,8
2D3C6E2C,1,,1,4
34275F6D,0,,0,7
34275F6D,0,,1,1
34275F6D,1,,0,1
34275F6D,1,,1,5
7B66C9AA,0,,0,7
7B66C9AA,0,,1,5
7B66C9AA,1,,0,7
7B66C9AA,1,,1,1
627DF8EB,0,,0,7
627DF8EB,0,,1,5
627DF8EB,1,,0,7
627DF8EB,1,,1,1
4950AB28,0,,0,6
4950AB28,0,,1,8
4950AB28,1,,0,1
4950AB28,1,,1,5
1803A472,0,,0,8
1803A472,0,,1,4
1803A472,1,,0,7
1803A472,1,,1,1
01189533,0,,0,6
01189533,0,,1,8
01189533,1,,0,6
01189533,1,,1,8
4D634F79,0,,0,8
4D634F79,0,,1,4
4D634F79,1,,0,1
4D634F79,1,,1,5
664E1CBA,0,,0,1
664E1CBA,0,,1,5
664E1CBA,1,,0,7
664E1CBA,1,,1,5
7F552DFB,0,,0,7
7F552DFB,0,,1,5
7F552DFB,1,,0,7
7F552DFB,1,,1,1
3014BB3C,0,,0,6
3014BB3C,0,,1,8
3014BB3C,1,,0,8
3014BB3C,1,,1,4
290F8A7D,0,,0,7
290F8A7D,0,,1,1
290F8A7D,1,,0,7
290F8A7D,1,,1,1
0222D9BE,0,,0,7
0222D9BE,0,,1,5
0222D9BE,1,,0,7
0222D9BE,1,,1,1
1B39E8FF,0,,0,6
1B39E8FF,0,,1,8
1B39E8FF,1,,0,7
1B39E8FF,1,,1,1
9CA1F430,0,,0,8
9CA1F430,0,,1,4
9CA1F430,1,,0,7
9CA1F430,1,,1,5
85BAC571,0,,0,7
85BAC571,0,,1,5
85BAC571,1,,0,1
85BAC571,1,,1,5
55BA140F,0,,0,7
55BA140F,0,,1,5
55BA140F,1,,0,8
55BA140F,1,,1,4
4CA1254E,0,,0,7
4CA1254E,0,,1,1
4CA1254E,1,,0,7
4CA1254E,1,,1,1
678C768D,0,,0,7
678C768D,0,,1,1
678C768D,1,,0,7
678C768D,1,,1,5
7E9747CC,0,,0,4
7E9747CC,0,,1,8
7E9747CC,1,,0,1
7E9747CC,1,,1,5
31D6D10B,0,,0,6
31D6D10B,0,,1,8
31D6D10B,1,,0,1
31D6D10B,1,,1,5
28CDE04A,0,,0,7
28CDE04A,0,,1,1
28CDE04A,1,,0,7
28CDE04A,1,,1,5
03E0B389,0,,0,6
03E0B389,0,,1,8
03E0B389,1,,0,6
03E0B389,1,,1,8
52B3BCD3,0,,0,1
52B3BCD3,0,,1,5
52B3BCD3,1,,0,7
52B3BCD3,1,,1,1
4BA88D92,0,,0,7
4BA88D92,0,,1,5
4BA88D92,1,,0,8
4BA88D92,1,,1,4
C223BAD9,0,,0,6
C223BAD9,0,,1,8
C223BAD9,1,,0,8
C223BAD9,1,,1,4
E90EE91A,0,,0,8
E90EE91A,0,,1,4
E90EE91A,1,,0,7
E90EE91A,1,,1,1
F015D85B,0,,0,4
F015D85B,0,,1,8
F015D85B,1,,0,1
F015D85B,1,,1,5
BF544E9C,0,,0,7
BF544E9C,0,,1,5
BF544E9C,1,,0,8
BF544E9C,1,,1,4
A64F7FDD,0,,0,1
A64F7FDD,0,,1,5
A64F7FDD,1,,0,7
A64F7FDD,1,,1,1
8D622C1E,0,,0,7
8D622C1E,0,,1,1
8D622C1E,1,,0,7
8D622C1E,1,,1,5
94791D5F,0,,0,7
94791D5F,0,,1,5
94791D5F,1,,0,1
94791D5F,1,,1,5
13E10190,0,,0,7
13E10190,0,,1,5
13E10190,1,,0,7
13E10190,1,,1,1
0AFA30D1,0,,0,6
0AFA30D1,0,,1,8
0AFA30D1,1,,0,7
0AFA30D1,1,,1,1
DAFAE1AF,0,,0,7
DAFAE1AF,0,,1,5
DAFAE1AF,1,,0,6
DAFAE1AF,1,,1,8
C3E1D0EE,0,,0,7
C3E1D0EE,0,,1,5
C3E1D0EE,1,,0,1
C3E1D0EE,1,,1,5
E8CC832D,0,,0,1
E8CC832D,0,,1,5
E8CC832D,1,,0,7
E8CC832D,1,,1,1
F1D7B26C,0,,0,1
F1D7B26C,0,,1,5
F1D7B26C,1,,0,1
F1D7B26C,1,,1,5
BE9624AB,0,,0,7
BE9624AB,0,,1,5
BE9624AB,1,,0,6
BE9624AB,1,,1,8
A78D15EA,0,,0,7
A78D15EA,0,,1,5
A78D15EA,1,,0,7
A78D15EA,1,,1,5
8CA04629,0,,0,7
8CA04629,0,,1,1
8CA04629,1,,0,7
8CA04629,1,,1,1
DDF34973,0,,0,6
DDF34973,0,,1,8
DDF34973,1,,0,8
DDF34973,1,,1,4
C4E87832,0,,0,7
C4E87832,0,,1,1
C4E87832,1,,0,6
C4E87832,1,,1,8
EFC52BF1,0,,0,7
EFC52BF1,0,,1,5
EFC52BF1,1,,0,7
EFC52BF1,1,,1,5
F6DE1AB0,0,,0,1
F6DE1AB0,0,,1,5
F6DE1AB0,1,,0,7
F6DE1AB0,1,,1,5
3AB37E68,0,,0,4
3AB37E68,0,,1,8
3AB37E68,1,,0,8
3AB37E68,1,,1,4
119E2DAB,0,,0,7
119E2DAB,0,,1,1
119E2DAB,1,,0,1
119E2DAB,1,,1,5
08851CEA,0,,0,8
08851CEA,0,,1,4
08851CEA,1,,0,1
08851CEA,1,,1,5
47C48A2D,0,,0,4
47C48A2D,0,,1,8
47C48A2D,1,,0,7
47C48A2D,1,,1,5
5EDFBB6C,0,,0,4
5EDFBB6C,0,,1,8
5EDFBB6C,1,,0,6
5EDFBB6C,1,,1,8
75F2E8AF,0,,0,7
75F2E8AF,0,,1,1
75F2E8AF,1,,0,7
75F2E8AF,1,,1,1
6CE9D9EE,0,,0,1
6CE9D9EE,0,,1,5
6CE9D9EE,1,,0,8
6CE9D9EE,1,,1,4
EB71C521,0,,0,7
EB71C521,0,,1,1
EB71C521,1,,0,7
EB71C521,1,,1,1
F26AF460,0,,0,7
F26AF460,0,,1,5
F26AF460,1,,0,8
F26AF460,1,,1,4
226A251E,0,,0,7
226A251E,0,,1,1
226A251E,1,,0,6
226A251E,1,,1,8
3B71145F,0,,0,1
3B71145F,0,,1,5
3B71145F,1,,0,7
3B71145F,1,,1,5
105C479C,0,,0,8
105C479C,0,,1,4
105C479C,1,,0,7
105C479C,1,,1,1
094776DD,0,,0,8
094776DD,0,,1,4
094776DD,1,,0,1
094776DD,1,,1,5
4606E01A,0,,0,6
4606E01A,0,,1,8
4606E01A,1,,0,1
4606E01A,1,,1,5
5F1DD15B,0,,0,7
5F1DD15B,0,,1,1
5F1DD15B,1,,0,8
5F1DD15B,1,,1,4
74308298,0,,0,8
74308298,0,,1,4
74308298,1,,0,1
74308298,1,,1,5
B8E3E9B9,0,,0,7
B8E3E9B9,0,,1,5
B8E3E9B9,1,,0,7
B8E3E9B9,1,,1,1
93CEBA7A,0,,0,7
93CEBA7A,0,,1,1
93CEBA7A,1,,0,6
93CEBA7A,1,,1,8
8AD58B3B,0,,0,7
8AD58B3B,0,,1,1
8AD58B3B,1,,0,8
8AD58B3B,1,,1,4
C5941DFC,0,,0,8
C5941DFC,0,,1,4
C5941DFC,1,,0,7
C5941DFC,1,,1,1
DC8F2CBD,0,,0,8
DC8F2CBD,0,,1,4
DC8F2CBD,1,,0,1
DC8F2CBD,1,,1,5
F7A27F7E,0,,0,7
F7A27F7E,0,,1,5
F7A27F7E,1,,0,7
F7A27F7E,1,,1,1
EEB94E3F,0,,0,6
EEB94E3F,0,,1,8
EEB94E3F,1,,0,7
EEB94E3F,1,,1,1
692152F0,0,,0,7
692152F0,0,,1,1
692152F0,1,,0,7
692152F0,1,,1,1
703A63B1,0,,0,7
703A63B1,0,,1,5
703A63B1,1,,0,7
703A63B1,1,,1,1
A03AB2CF,0,,0,1
A03AB2CF,0,,1,5
A03AB2CF,1,,0,7
A03AB2CF,1,,1,1
B921838E,0,,0,7
B921838E,0,,1,1
B921838E,1,,0,8
B921838E,1,,1,4
920CD04D,0,,0,7
920CD04D,0,,1,1
920CD04D,1,,0,8
920CD04D,1,,1,4
8B17E10C,0,,0,1
8B17E10C,0,,1,5
8B17E10C,1,,0,7
8B17E10C,1,,1,5
C45677CB,0,,0,6
C45677CB,0,,1,8
C45677CB,1,,0,7
C45677CB,1,,1,1
DD4D468A,0,,0,7
DD4D468A,0,,1,1
DD4D468A,1,,0,1
DD4D468A,1,,1,5
8583C009,0,,0,6
8583C009,0,,1,8
8583C009,1,,0,6
8583C009,1,,1,8
AEAE93CA,0,,0,7
AEAE93CA,0,,1,1
AEAE93CA,1,,0,6
AEAE93CA,1,,1,8
B7B5A28B,0,,0,7
B7B5A28B,0,,1,1
B7B5A28B,1,,0,7
B7B5A28B,1,,1,1
F8F4344C,0,,0,6
F8F4344C,0,,1,8
F8F4344C,1,,0,7
F8F4344C,1,,1,5
E1EF050D,0,,0,6
E1EF050D,0,,1,8
E1EF050D,1,,0,8
E1EF050D,1,,1,4
CAC256CE,0,,0,7
CAC256CE,0,,1,5
CAC256CE,1,,0,7
CAC256CE,1,,1,1
D3D9678F,0,,0,1
D3D9678F,0,,1,5
D3D9678F,1,,0,7
D3D9678F,1,,1,1
54417B40,0,,0,1
54417B40,0,,1,5
54417B40,1,,0,1
54417B40,1,,1,5
4D5A4A01,0,,0,7
4D5A4A01,0,,1,5
4D5A4A01,1,,0,1
4D5A4A01,1,,1,5
9D5A9B7F,0,,0,7
9D5A9B7F,0,,1,5
9D5A9B7F,1,,0,8
9D5A9B7F,1,,1,4
8441AA3E,0,,0,7
8441AA3E,0,,1,5
8441AA3E,1,,0,7
8441AA3E,1,,1,1
AF6CF9FD,0,,0,7
AF6CF9FD,0,,1,1
AF6CF9FD,1,,0,7
AF6CF9FD,1,,1,1
B677C8BC,0,,0,4
B677C8BC,0,,1,8
B677C8BC,1,,0,7
B677C8BC,1,,1,1
F9365E7B,0,,0,1
F9365E7B,0,,1,5
F9365E7B,1,,0,8
F9365E7B,1,,1,4
E02D6F3A,0,,0,7
E02D6F3A,0,,1,1
E02D6F3A,1,,0,7
E02D6F3A,1,,1,1
CB003CF9,0,,0,6
CB003CF9,0,,1,8
CB003CF9,1,,0,1
CB003CF9,1,,1,5
834802E2,0,,0,6
834802E2,0,,1,8
834802E2,1,,0,1
834802E2,1,,1,5
F6CBEDD0,0,,0,6
F6CBEDD0,0,,1,8
F6CBEDD0,1,,0,7
F6CBEDD0,1,,1,1
696F1C32,0,,0,8
696F1C32,0,,1,4
696F1C32,1,,0,8
696F1C32,1,,1,4
8AB1DD55,0,,0,8
8AB1DD55,0,,1,4
8AB1DD55,1,,0,8
8AB1DD55,1,,1,4
3ED67BC3,0,,0,7
3ED67BC3,0,,1,5
3ED67BC3,1,,0,1
3ED67BC3,1,,1,5
866A1CA6,0,,0,7
866A1CA6,0,,1,1
866A1CA6,1,,0,1
866A1CA6,1,,1,5
FF6413AF,0,,0,6
FF6413AF,0,,1,8
FF6413AF,1,,0,7
FF6413AF,1,,1,1
88632339,0,,0,6
88632339,0,,1,8
88632339,1,,0,7
88632339,1,,1,1
116A7283,0,,0,6
116A7283,0,,1,8
116A7283,1,,0,7
116A7283,1,,1,1
29B9001C,0,,0,1
29B9001C,0,,1,5
29B9001C,1,,0,7
29B9001C,1,,1,1
551D4B24,0,,0,7
551D4B24,0,,1,1
551D4B24,1,,0,8
551D4B24,1,,1,4
47A8E4CA,0,,0,7
47A8E4CA,0,,1,1
47A8E4CA,1,,0,8
47A8E4CA,1,,1,4
10895DAB,0,,0,7
10895DAB,0,,1,1
10895DAB,1,,0,7
10895DAB,1,,1,1
05262A85,0,,0,6
05262A85,0,,1,8
05262A85,1,,0,7
05262A85,1,,1,1
AC654EC9,0,,0,4
AC654EC9,0,,1,8
AC654EC9,1,,0,6
AC654EC9,1,,1,8
391E6729,0,,0,7
391E6729,0,,1,5
391E6729,1,,0,7
391E6729,1,,1,1
1B9F46E8,0,,0,7
1B9F46E8,0,,1,5
1B9F46E8,1,,0,7
1B9F46E8,1,,1,1
4604E078,0,,0,1
4604E078,0,,1,5
4604E078,1,,0,8
4604E078,1,,1,4
56D3174D,0,,0,1
56D3174D,0,,1,5
56D3174D,1,,0,8
56D3174D,1,,1,4
97B4EDED,0,,0,7
97B4EDED,0,,1,5
97B4EDED,1,,0,1
97B4EDED,1,,1,5
B9E662B0,0,,0,1
B9E662B0,0,,1,5
B9E662B0,1,,0,7
B9E662B0,1,,1,1
0377CEAB,0,,0,6
0377CEAB,0,,1,8
0377CEAB,1,,0,7
0377CEAB,1,,1,1
733B0A77,0,,0,1
733B0A77,0,,1,5
733B0A77,1,,0,6
733B0A77,1,,1,8
2C23705E,0,,0,6
2C23705E,0,,1,8
2C23705E,1,,0,8
2C23705E,1,,1,4
21CAE110,0,,0,6
21CAE110,0,,1,8
21CAE110,1,,0,8
21CAE110,1,,1,4
E836B902,0,,0,7
E836B902,0,,1,5
E836B902,1,,0,7
E836B902,1,,1,1
5085C785,0,,0,7
5085C785,0,,1,5
5085C785,1,,0,7
5085C785,1,,1,1
BCCD18F0,0,,0,1
BCCD18F0,0,,1,5
BCCD18F0,1,,0,7
BCCD18F0,1,,1,1
3FC200D0,0,,0,6
3FC200D0,0,,1,8
3FC200D0,1,,0,7
3FC200D0,1,,1,1
48C53046,0,,0,6
48C53046,0,,1,8
48C53046,1,,0,7
48C53046,1,,1,1
22DEC83F,0,,0,1
22DEC83F,0,,1,5
22DEC83F,1,,0,7
22DEC83F,1,,1,1
33A09645,0,,0,7
33A09645,0,,1,1
33A09645,1,,0,7
33A09645,1,,1,1
36BC9571,0,,0,4
36BC9571,0,,1,8
36BC9571,1,,0,7
36BC9571,1,,1,1
B261D5AE,0,,0,1
B261D5AE,0,,1,5
B261D5AE,1,,0,7
B261D5AE,1,,1,1
A1A69573,0,,0,1
A1A69573,0,,1,5
A1A69573,1,,0,7
A1A69573,1,,1,1
C22D1172,0,,0,7
C22D1172,0,,1,1
C22D1172,1,,0,7
C22D1172,1,,1,5
D6A1A5E5,0,,0,7
D6A1A5E5,0,,1,1
D6A1A5E5,1,,0,7
D6A1A5E5,1,,1,1
E49BF37A,0,,0,6
E49BF37A,0,,1,8
E49BF37A,1,,0,8
E49BF37A,1,,1,4
B826B2E2,0,,0,6
B826B2E2,0,,1,8
B826B2E2,1,,0,8
B826B2E2,1,,1,4
FF01726E,0,,0,8
FF01726E,0,,1,4
FF01726E,1,,0,8
FF01726E,1,,1,4
362F6511,0,,0,8
362F6511,0,,1,4
362F6511,1,,0,8
362F6511,1,,1,4
D230648A,0,,0,8
D230648A,0,,1,4
D230648A,1,,0,8
D230648A,1,,1,4
4B393530,0,,0,8
4B393530,0,,1,4
4B393530,1,,0,8
4B393530,1,,1,4
3C3E05A6,0,,0,8
3C3E05A6,0,,1,4
3C3E05A6,1,,0,8
3C3E05A6,1,,1,4
A25A9005,0,,0,8
A25A9005,0,,1,4
A25A9005,1,,0,8
A25A9005,1,,1,4
A34BE7DE,0,,0,8
A34BE7DE,0,,1,4
A34BE7DE,1,,0,8
A34BE7DE,1,,1,4
3A42B664,0,,0,8
3A42B664,0,,1,4
3A42B664,1,,0,8
3A42B664,1,,1,4
8CAFB760,0,,0,1
8CAFB760,0,,1,5
8CAFB760,1,,0,8
8CAFB760,1,,1,4
15A6E6DA,0,,0,1
15A6E6DA,0,,1,5
15A6E6DA,1,,0,8
15A6E6DA,1,,1,4
62A1D64C,0,,0,1
62A1D64C,0,,1,5
62A1D64C,1,,0,8
62A1D64C,1,,1,4
FCC543EF,0,,0,1
FCC543EF,0,,1,5
FCC543EF,1,,0,8
FCC543EF,1,,1,4
8BC27379,0,,0,1
8BC27379,0,,1,5
8BC27379,1,,0,8
8BC27379,1,,1,4
12CB22C3,0,,0,1
12CB22C3,0,,1,5
12CB22C3,1,,0,8
12CB22C3,1,,1,4
65CC1255,0,,0,1
65CC1255,0,,1,5
65CC1255,1,,0,8
65CC1255,1,,1,4
F5730FC4,0,,0,1
F5730FC4,0,,1,5
F5730FC4,1,,0,8
F5730FC4,1,,1,4
82743F52,0,,0,1
82743F52,0,,1,5
82743F52,1,,0,8
82743F52,1,,1,4
BDA25E76,0,,0,6
BDA25E76,0,,1,8
BDA25E76,1,,0,8
BDA25E76,1,,1,4
F56FFCCE,0,,0,6
F56FFCCE,0,,1,8
F56FFCCE,1,,0,8
F56FFCCE,1,,1,4
A445897D,0,,0,6
A445897D,0,,1,8
A445897D,1,,0,8
A445897D,1,,1,4
961C3AB7,0,,0,6
961C3AB7,0,,1,8
961C3AB7,1,,0,8
961C3AB7,1,,1,4
0A287FB9,0,,0,6
0A287FB9,0,,1,8
0A287FB9,1,,0,8
0A287FB9,1,,1,4
D476C9C8,0,,0,8
D476C9C8,0,,1,4
D476C9C8,1,,0,8
D476C9C8,1,,1,4
B3E5FA36,0,,0,8
B3E5FA36,0,,1,4
B3E5FA36,1,,0,8
B3E5FA36,1,,1,4
BF6F85F7,0,,0,8
BF6F85F7,0,,1,4
BF6F85F7,1,,0,8
BF6F85F7,1,,1,4
3855B5EA,0,,0,1
3855B5EA,0,,1,5
3855B5EA,1,,0,8
3855B5EA,1,,1,4
7F820E51,0,,0,1
7F820E51,0,,1,5
7F820E51,1,,0,8
7F820E51,1,,1,4
45E9D15E,0,,0,7
45E9D15E,0,,1,1
45E9D15E,1,,0,1
45E9D15E,1,,1,5
BCC3EB16,0,,0,1
BCC3EB16,0,,1,5
BCC3EB16,1,,0,7
BCC3EB16,1,,1,1
F3827DD1,0,,0,8
F3827DD1,0,,1,4
F3827DD1,1,,0,7
F3827DD1,1,,1,5
AF0720CB,0,,0,6
AF0720CB,0,,1,8
AF0720CB,1,,0,8
AF0720CB,1,,1,4
725E8515,0,,0,1
725E8515,0,,1,5
725E8515,1,,0,6
725E8515,1,,1,8
EB57D4AF,0,,0,1
EB57D4AF,0,,1,5
EB57D4AF,1,,0,6
EB57D4AF,1,,1,8
9C50E439,0,,0,1
9C50E439,0,,1,5
9C50E439,1,,0,6
9C50E439,1,,1,8
0234719A,0,,0,1
0234719A,0,,1,5
0234719A,1,,0,6
0234719A,1,,1,8
7533410C,0,,0,1
7533410C,0,,1,5
7533410C,1,,0,6
7533410C,1,,1,8
EC3A10B6,0,,0,1
EC3A10B6,0,,1,5
EC3A10B6,1,,0,6
EC3A10B6,1,,1,8
9B3D2020,0,,0,1
9B3D2020,0,,1,5
9B3D2020,1,,0,6
9B3D2020,1,,1,8
0B823DB1,0,,0,1
0B823DB1,0,,1,5
0B823DB1,1,,0,6
0B823DB1,1,,1,8
7C850D27,0,,0,1
7C850D27,0,,1,5
7C850D27,1,,0,6
7C850D27,1,,1,8
1C4284C2,0,,0,1
1C4284C2,0,,1,5
1C4284C2,1,,0,6
1C4284C2,1,,1,8
6B45B454,0,,0,1
6B45B454,0,,1,5
6B45B454,1,,0,6
6B45B454,1,,1,8
3055CF22,0,,0,7
3055CF22,0,,1,5
3055CF22,1,,0,7
3055CF22,1,,1,1
1B789CE1,0,,0,8
1B789CE1,0,,1,4
1B789CE1,1,,0,1
1B789CE1,1,,1,5
0263ADA0,0,,0,7
0263ADA0,0,,1,5
0263ADA0,1,,0,1
0263ADA0,1,,1,5
4D223B67,0,,0,8
4D223B67,0,,1,4
4D223B67,1,,0,7
4D223B67,1,,1,1
54390A26,0,,0,6
54390A26,0,,1,8
54390A26,1,,0,1
54390A26,1,,1,5
7F1459E5,0,,0,7
7F1459E5,0,,1,5
7F1459E5,1,,0,7
7F1459E5,1,,1,1
660F68A4,0,,0,7
660F68A4,0,,1,1
660F68A4,1,,0,7
660F68A4,1,,1,1
E197746B,0,,0,8
E197746B,0,,1,4
E197746B,1,,0,7
E197746B,1,,1,1
F88C452A,0,,0,7
F88C452A,0,,1,5
F88C452A,1,,0,8
F88C452A,1,,1,4
288C9454,0,,0,6
288C9454,0,,1,8
288C9454,1,,0,8
288C9454,1,,1,4
3197A515,0,,0,6
3197A515,0,,1,8
3197A515,1,,0,8
3197A515,1,,1,4
1ABAF6D6,0,,0,1
1ABAF6D6,0,,1,5
1ABAF6D6,1,,0,8
1ABAF6D6,1,,1,4
33D11B4C,0,,0,7
33D11B4C,0,,1,5
33D11B4C,1,,0,6
33D11B4C,1,,1,8
18FC488F,0,,0,7
18FC488F,0,,1,5
18FC488F,1,,0,7
18FC488F,1,,1,5
01E779CE,0,,0,8
01E779CE,0,,1,4
01E779CE,1,,0,1
01E779CE,1,,1,5
4EA6EF09,0,,0,7
4EA6EF09,0,,1,1
4EA6EF09,1,,0,7
4EA6EF09,1,,1,1
57BDDE48,0,,0,1
57BDDE48,0,,1,5
57BDDE48,1,,0,1
57BDDE48,1,,1,5
7C908D8B,0,,0,7
7C908D8B,0,,1,5
7C908D8B,1,,0,7
7C908D8B,1,,1,1
658BBCCA,0,,0,7
658BBCCA,0,,1,1
658BBCCA,1,,0,7
658BBCCA,1,,1,1
E213A005,0,,0,7
E213A005,0,,1,5
E213A005,1,,0,7
E213A005,1,,1,1
FB089144,0,,0,8
FB089144,0,,1,4
FB089144,1,,0,1
FB089144,1,,1,5
2B08403A,0,,0,1
2B08403A,0,,1,5
2B08403A,1,,0,7
2B08403A,1,,1,1
3213717B,0,,0,1
3213717B,0,,1,5
3213717B,1,,0,8
3213717B,1,,1,4
193E22B8,0,,0,7
193E22B8,0,,1,5
193E22B8,1,,0,6
193E22B8,1,,1,8
002513F9,0,,0,7
002513F9,0,,1,1
002513F9,1,,0,8
002513F9,1,,1,4
4F64853E,0,,0,8
4F64853E,0,,1,4
4F64853E,1,,0,8
4F64853E,1,,1,4
567FB47F,0,,0,6
567FB47F,0,,1,8
567FB47F,1,,0,7
567FB47F,1,,1,1
7D52E7BC,0,,0,7
7D52E7BC,0,,1,5
7D52E7BC,1,,0,8
7D52E7BC,1,,1,4
375C67FE,0,,0,7
375C67FE,0,,1,5
375C67FE,1,,0,6
375C67FE,1,,1,8
1C71343D,0,,0,1
1C71343D,0,,1,5
1C71343D,1,,0,7
1C71343D,1,,1,5
056A057C,0,,0,7
056A057C,0,,1,1
056A057C,1,,0,1
056A057C,1,,1,5
4A2B93BB,0,,0,7
4A2B93BB,0,,1,5
4A2B93BB,1,,0,7
4A2B93BB,1,,1,1
5330A2FA,0,,0,6
5330A2FA,0,,1,8
5330A2FA,1,,0,1
5330A2FA,1,,1,5
781DF139,0,,0,6
781DF139,0,,1,8
781DF139,1,,0,7
781DF139,1,,1,1
6106C078,0,,0,7
6106C078,0,,1,5
6106C078,1,,0,7
6106C078,1,,1,1
E69EDCB7,0,,0,6
E69EDCB7,0,,1,8
E69EDCB7,1,,0,7
E69EDCB7,1,,1,1
FF85EDF6,0,,0,4
FF85EDF6,0,,1,8
FF85EDF6,1,,0,1
FF85EDF6,1,,1,5
2F853C88,0,,0,8
2F853C88,0,,1,4
2F853C88,1,,0,7
2F853C88,1,,1,1
369E0DC9,0,,0,1
369E0DC9,0,,1,5
369E0DC9,1,,0,7
369E0DC9,1,,1,1
1DB35E0A,0,,0,1
1DB35E0A,0,,1,5
1DB35E0A,1,,0,6
1DB35E0A,1,,1,8
04A86F4B,0,,0,6
04A86F4B,0,,1,8
04A86F4B,1,,0,1
04A86F4B,1,,1,5
4BE9F98C,0,,0,1
4BE9F98C,0,,1,5
4BE9F98C,1,,0,8
4BE9F98C,1,,1,4
52F2C8CD,0,,0,7
52F2C8CD,0,,1,5
52F2C8CD,1,,0,8
52F2C8CD,1,,1,4
79DF9B0E,0,,0,1
79DF9B0E,0,,1,5
79DF9B0E,1,,0,7
79DF9B0E,1,,1,1
34D8B390,0,,0,1
34D8B390,0,,1,5
34D8B390,1,,0,6
34D8B390,1,,1,8
1FF5E053,0,,0,7
1FF5E053,0,,1,5
1FF5E053,1,,0,7
1FF5E053,1,,1,1
06EED112,0,,0,7
06EED112,0,,1,5
06EED112,1,,0,1
06EED112,1,,1,5
49AF47D5,0,,0,6
49AF47D5,0,,1,8
49AF47D5,1,,0,1
49AF47D5,1,,1,5
50B47694,0,,0,6
50B47694,0,,1,8
50B47694,1,,0,1
50B47694,1,,1,5
7B992557,0,,0,7
7B992557,0,,1,1
7B992557,1,,0,7
7B992557,1,,1,1
62821416,0,,0,7
62821416,0,,1,5
62821416,1,,0,7
62821416,1,,1,1
E51A08D9,0,,0,7
E51A08D9,0,,1,5
E51A08D9,1,,0,7
E51A08D9,1,,1,1
FC013998,0,,0,1
FC013998,0,,1,5
FC013998,1,,0,8
FC013998,1,,1,4
2C01E8E6,0,,0,7
2C01E8E6,0,,1,5
2C01E8E6,1,,0,8
2C01E8E6,1,,1,4
351AD9A7,0,,0,6
351AD9A7,0,,1,8
351AD9A7,1,,0,8
351AD9A7,1,,1,4
1E378A64,0,,0,7
1E378A64,0,,1,5
1E378A64,1,,0,7
1E378A64,1,,1,1
072CBB25,0,,0,7
072CBB25,0,,1,1
072CBB25,1,,0,8
072CBB25,1,,1,4
486D2DE2,0,,0,6
486D2DE2,0,,1,8
486D2DE2,1,,0,1
486D2DE2,1,,1,5
51761CA3,0,,0,8
51761CA3,0,,1,4
51761CA3,1,,0,7
51761CA3,1,,1,1
7A5B4F60,0,,0,8
7A5B4F60,0,,1,4
7A5B4F60,1,,0,6
7A5B4F60,1,,1,8
3E469E9A,0,,0,7
3E469E9A,0,,1,1
3E469E9A,1,,0,6
3E469E9A,1,,1,8
156BCD59,0,,0,7
156BCD59,0,,1,5
156BCD59,1,,0,1
156BCD59,1,,1,5
0C70FC18,0,,0,1
0C70FC18,0,,1,5
0C70FC18,1,,0,7
0C70FC18,1,,1,5
43316ADF,0,,0,1
43316ADF,0,,1,5
43316ADF,1,,0,1
43316ADF,1,,1,5
5A2A5B9E,0,,0,1
5A2A5B9E,0,,1,5
5A2A5B9E,1,,0,1
5A2A5B9E,1,,1,5
7107085D,0,,0,8
7107085D,0,,1,4
7107085D,1,,0,7
7107085D,1,,1,1
681C391C,0,,0,6
681C391C,0,,1,8
681C391C,1,,0,7
681C391C,1,,1,1
EF8425D3,0,,0,7
EF8425D3,0,,1,1
EF8425D3,1,,0,7
EF8425D3,1,,1,1
F69F1492,0,,0,7
F69F1492,0,,1,5
F69F1492,1,,0,8
F69F1492,1,,1,4
269FC5EC,0,,0,7
269FC5EC,0,,1,1
269FC5EC,1,,0,7
269FC5EC,1,,1,1
3F84F4AD,0,,0,6
3F84F4AD,0,,1,8
3F84F4AD,1,,0,8
3F84F4AD,1,,1,4
14A9A76E,0,,0,8
14A9A76E,0,,1,4
14A9A76E,1,,0,6
14A9A76E,1,,1,8
0DB2962F,0,,0,6
0DB2962F,0,,1,8
0DB2962F,1,,0,7
0DB2962F,1,,1,1
42F300E8,0,,0,1
42F300E8,0,,1,5
42F300E8,1,,0,7
42F300E8,1,,1,1
5BE831A9,0,,0,7
5BE831A9,0,,1,5
5BE831A9,1,,0,8
5BE831A9,1,,1,4
70C5626A,0,,0,8
70C5626A,0,,1,4
70C5626A,1,,0,7
70C5626A,1,,1,5
88E9A847,0,,0,4
88E9A847,0,,1,8
88E9A847,1,,0,6
88E9A847,1,,1,8
A3C4FB84,0,,0,1
A3C4FB84,0,,1,5
A3C4FB84,1,,0,1
A3C4FB84,1,,1,5
BADFCAC5,0,,0,7
BADFCAC5,0,,1,5
BADFCAC5,1,,0,7
BADFCAC5,1,,1,1
F59E5C02,0,,0,6
F59E5C02,0,,1,8
F59E5C02,1,,0,7
F59E5C02,1,,1,1
EC856D43,0,,0,6
EC856D43,0,,1,8
EC856D43,1,,0,1
EC856D43,1,,1,5
C7A83E80,0,,0,6
C7A83E80,0,,1,8
C7A83E80,1,,0,8
C7A83E80,1,,1,4
DEB30FC1,0,,0,7
DEB30FC1,0,,1,5
DEB30FC1,1,,0,8
DEB30FC1,1,,1,4
592B130E,0,,0,7
592B130E,0,,1,1
592B130E,1,,0,7
592B130E,1,,1,1
4030224F,0,,0,7
4030224F,0,,1,1
4030224F,1,,0,8
4030224F,1,,1,4
9030F331,0,,0,1
9030F331,0,,1,5
9030F331,1,,0,8
9030F331,1,,1,4
892BC270,0,,0,1
892BC270,0,,1,5
892BC270,1,,0,8
892BC270,1,,1,4
A20691B3,0,,0,1
A20691B3,0,,1,5
A20691B3,1,,0,7
A20691B3,1,,1,1
BB1DA0F2,0,,0,7
BB1DA0F2,0,,1,1
BB1DA0F2,1,,0,7
BB1DA0F2,1,,1,5
F45C3635,0,,0,7
F45C3635,0,,1,5
F45C3635,1,,0,7
F45C3635,1,,1,1
ED470774,0,,0,7
ED470774,0,,1,5
ED470774,1,,0,1
ED470774,1,,1,5
C66A54B7,0,,0,6
C66A54B7,0,,1,8
C66A54B7,1,,0,1
C66A54B7,1,,1,5
8B6D7C29,0,,0,8
8B6D7C29,0,,1,4
8B6D7C29,1,,0,6
8B6D7C29,1,,1,8
A0402FEA,0,,0,8
A0402FEA,0,,1,4
A0402FEA,1,,0,1
A0402FEA,1,,1,5
B95B1EAB,0,,0,7
B95B1EAB,0,,1,1
B95B1EAB,1,,0,1
B95B1EAB,1,,1,5
F61A886C,0,,0,7
F61A886C,0,,1,1
F61A886C,1,,0,1
F61A886C,1,,1,5
EF01B92D,0,,0,7
EF01B92D,0,,1,1
EF01B92D,1,,0,1
EF01B92D,1,,1,5
C42CEAEE,0,,0,7
C42CEAEE,0,,1,5
C42CEAEE,1,,0,7
C42CEAEE,1,,1,1
DD37DBAF,0,,0,6
DD37DBAF,0,,1,8
DD37DBAF,1,,0,7
DD37DBAF,1,,1,1
5AAFC760,0,,0,7
5AAFC760,0,,1,5
5AAFC760,1,,0,7
5AAFC760,1,,1,1
43B4F621,0,,0,8
43B4F621,0,,1,4
43B4F621,1,,0,1
43B4F621,1,,1,5
93B4275F,0,,0,7
93B4275F,0,,1,5
93B4275F,1,,0,7
93B4275F,1,,1,1
8AAF161E,0,,0,4
8AAF161E,0,,1,8
8AAF161E,1,,0,1
8AAF161E,1,,1,5
A18245DD,0,,0,6
A18245DD,0,,1,8
A18245DD,1,,0,8
A18245DD,1,,1,4
B899749C,0,,0,7
B899749C,0,,1,1
B899749C,1,,0,7
B899749C,1,,1,5
F7D8E25B,0,,0,6
F7D8E25B,0,,1,8
F7D8E25B,1,,0,7
F7D8E25B,1,,1,1
EEC3D31A,0,,0,8
EEC3D31A,0,,1,4
EEC3D31A,1,,0,7
EEC3D31A,1,,1,1
C5EE80D9,0,,0,8
C5EE80D9,0,,1,4
C5EE80D9,1,,0,6
C5EE80D9,1,,1,8
8FE0009B,0,,0,7
8FE0009B,0,,1,5
8FE0009B,1,,0,6
8FE0009B,1,,1,8
A4CD5358,0,,0,7
A4CD5358,0,,1,5
A4CD5358,1,,0,7
A4CD5358,1,,1,5
BDD66219,0,,0,4
BDD66219,0,,1,8
BDD66219,1,,0,1
BDD66219,1,,1,5
F297F4DE,0,,0,7
F297F4DE,0,,1,5
F297F4DE,1,,0,7
F297F4DE,1,,1,1
EB8CC59F,0,,0,7
EB8CC59F,0,,1,1
EB8CC59F,1,,0,7
EB8CC59F,1,,1,5
C0A1965C,0,,0,1
C0A1965C,0,,1,5
C0A1965C,1,,0,7
C0A1965C,1,,1,1
D9BAA71D,0,,0,8
D9BAA71D,0,,1,4
D9BAA71D,1,,0,7
D9BAA71D,1,,1,1
5E22BBD2,0,,0,1
5E22BBD2,0,,1,5
5E22BBD2,1,,0,7
5E22BBD2,1,,1,1
47398A93,0,,0,7
47398A93,0,,1,5
47398A93,1,,0,7
47398A93,1,,1,1
97395BED,0,,0,8
97395BED,0,,1,4
97395BED,1,,0,7
97395BED,1,,1,1
8E226AAC,0,,0,1
8E226AAC,0,,1,5
8E226AAC,1,,0,8
8E226AAC,1,,1,4
A50F396F,0,,0,1
A50F396F,0,,1,5
A50F396F,1,,0,7
A50F396F,1,,1,1
BC14082E,0,,0,1
BC14082E,0,,1,5
BC14082E,1,,0,1
BC14082E,1,,1,5
F3559EE9,0,,0,8
F3559EE9,0,,1,4
F3559EE9,1,,0,1
F3559EE9,1,,1,5
EA4EAFA8,0,,0,7
EA4EAFA8,0,,1,1
EA4EAFA8,1,,0,7
EA4EAFA8,1,,1,5
C163FC6B,0,,0,1
C163FC6B,0,,1,5
C163FC6B,1,,0,7
C163FC6B,1,,1,5
8C64D4F5,0,,0,7
8C64D4F5,0,,1,5
8C64D4F5,1,,0,6
8C64D4F5,1,,1,8
A7498736,0,,0,7
A7498736,0,,1,1
A7498736,1,,0,1
A7498736,1,,1,5
BE52B677,0,,0,6
BE52B677,0,,1,8
BE52B677,1,,0,1
BE52B677,1,,1,5
F11320B0,0,,0,7
F11320B0,0,,1,1
F11320B0,1,,0,7
F11320B0,1,,1,5
E80811F1,0,,0,6
E80811F1,0,,1,8
E80811F1,1,,0,7
E80811F1,1,,1,5
C3254232,0,,0,1
C3254232,0,,1,5
C3254232,1,,0,7
C3254232,1,,1,1
DA3E7373,0,,0,4
DA3E7373,0,,1,8
DA3E7373,1,,0,7
DA3E7373,1,,1,1
5DA66FBC,0,,0,6
5DA66FBC,0,,1,8
5DA66FBC,1,,0,7
5DA66FBC,1,,1,1
44BD5EFD,0,,0,6
44BD5EFD,0,,1,8
44BD5EFD,1,,0,8
44BD5EFD,1,,1,4
94BD8F83,0,,0,6
94BD8F83,0,,1,8
94BD8F83,1,,0,8
94BD8F83,1,,1,4
8DA6BEC2,0,,0,7
8DA6BEC2,0,,1,5
8DA6BEC2,1,,0,8
8DA6BEC2,1,,1,4
A68BED01,0,,0,7
A68BED01,0,,1,1
A68BED01,1,,0,6
A68BED01,1,,1,8
BF90DC40,0,,0,8
BF90DC40,0,,1,4
BF90DC40,1,,0,7
BF90DC40,1,,1,1
F0D14A87,0,,0,7
F0D14A87,0,,1,5
F0D14A87,1,,0,7
F0D14A87,1,,1,1
E9CA7BC6,0,,0,7
E9CA7BC6,0,,1,5
E9CA7BC6,1,,0,1
E9CA7BC6,1,,1,5
C2E72805,0,,0,8
C2E72805,0,,1,4
C2E72805,1,,0,7
C2E72805,1,,1,5
86FAF9FF,0,,0,6
86FAF9FF,0,,1,8
86FAF9FF,1,,0,6
86FAF9FF,1,,1,8
ADD7AA3C,0,,0,1
ADD7AA3C,0,,1,5
ADD7AA3C,1,,0,1
ADD7AA3C,1,,1,5
B4CC9B7D,0,,0,1
B4CC9B7D,0,,1,5
B4CC9B7D,1,,0,1
B4CC9B7D,1,,1,5
FB8D0DBA,0,,0,6
FB8D0DBA,0,,1,8
FB8D0DBA,1,,0,1
FB8D0DBA,1,,1,5
E2963CFB,0,,0,8
E2963CFB,0,,1,4
E2963CFB,1,,0,1
E2963CFB,1,,1,5
C9BB6F38,0,,0,6
C9BB6F38,0,,1,8
C9BB6F38,1,,0,7
C9BB6F38,1,,1,1
D0A05E79,0,,0,7
D0A05E79,0,,1,5
D0A05E79,1,,0,7
D0A05E79,1,,1,1
573842B6,0,,0,7
573842B6,0,,1,5
573842B6,1,,0,7
573842B6,1,,1,1
4E2373F7,0,,0,8
4E2373F7,0,,1,4
4E2373F7,1,,0,8
4E2373F7,1,,1,4
9E23A289,0,,0,7
9E23A289,0,,1,1
9E23A289,1,,0,7
9E23A289,1,,1,1
873893C8,0,,0,7
873893C8,0,,1,1
873893C8,1,,0,7
873893C8,1,,1,1
AC15C00B,0,,0,7
AC15C00B,0,,1,5
AC15C00B,1,,0,6
AC15C00B,1,,1,8
B50EF14A,0,,0,6
B50EF14A,0,,1,8
B50EF14A,1,,0,1
B50EF14A,1,,1,5
FA4F678D,0,,0,6
FA4F678D,0,,1,8
FA4F678D,1,,0,1
FA4F678D,1,,1,5
E35456CC,0,,0,8
E35456CC,0,,1,4
E35456CC,1,,0,1
E35456CC,1,,1,5
C879050F,0,,0,7
C879050F,0,,1,1
C879050F,1,,0,7
C879050F,1,,1,1
9A5C07A9,0,,0,8
9A5C07A9,0,,1,4
9A5C07A9,1,,0,6
9A5C07A9,1,,1,8
B171546A,0,,0,7
B171546A,0,,1,1
B171546A,1,,0,1
B171546A,1,,1,5
A86A652B,0,,0,7
A86A652B,0,,1,5
A86A652B,1,,0,1
A86A652B,1,,1,5
E72BF3EC,0,,0,7
E72BF3EC,0,,1,5
E72BF3EC,1,,0,1
E72BF3EC,1,,1,5
FE30C2AD,0,,0,6
FE30C2AD,0,,1,8
FE30C2AD,1,,0,1
FE30C2AD,1,,1,5
D51D916E,0,,0,6
D51D916E,0,,1,8
D51D916E,1,,0,7
D51D916E,1,,1,1
CC06A02F,0,,0,7
CC06A02F,0,,1,1
CC06A02F,1,,0,7
CC06A02F,1,,1,1
4B9EBCE0,0,,0,8
4B9EBCE0,0,,1,4
4B9EBCE0,1,,0,7
4B9EBCE0,1,,1,1
52858DA1,0,,0,7
52858DA1,0,,1,5
52858DA1,1,,0,8
52858DA1,1,,1,4
82855CDF,0,,0,7
82855CDF,0,,1,5
82855CDF,1,,0,7
82855CDF,1,,1,1
9B9E6D9E,0,,0,6
9B9E6D9E,0,,1,8
9B9E6D9E,1,,0,8
9B9E6D9E,1,,1,4
B0B33E5D,0,,0,6
B0B33E5D,0,,1,8
B0B33E5D,1,,0,7
B0B33E5D,1,,1,1
A9A80F1C,0,,0,1
A9A80F1C,0,,1,5
A9A80F1C,1,,0,8
A9A80F1C,1,,1,4
E6E999DB,0,,0,6
E6E999DB,0,,1,8
E6E999DB,1,,0,1
E6E999DB,1,,1,5
FFF2A89A,0,,0,8
FFF2A89A,0,,1,4
FFF2A89A,1,,0,7
FFF2A89A,1,,1,1
D4DFFB59,0,,0,8
D4DFFB59,0,,1,4
D4DFFB59,1,,0,6
D4DFFB59,1,,1,8
99D8D3C7,0,,0,6
99D8D3C7,0,,1,8
99D8D3C7,1,,0,7
99D8D3C7,1,,1,1
B2F58004,0,,0,7
B2F58004,0,,1,5
B2F58004,1,,0,7
B2F58004,1,,1,5
ABEEB145,0,,0,6
ABEEB145,0,,1,8
ABEEB145,1,,0,7
ABEEB145,1,,1,5
E4AF2782,0,,0,1
E4AF2782,0,,1,5
E4AF2782,1,,0,1
E4AF2782,1,,1,5
FDB416C3,0,,0,8
FDB416C3,0,,1,4
FDB416C3,1,,0,1
FDB416C3,1,,1,5
D6994500,0,,0,8
D6994500,0,,1,4
D6994500,1,,0,7
D6994500,1,,1,1
CF827441,0,,0,7
CF827441,0,,1,5
CF827441,1,,0,7
CF827441,1,,1,1
481A688E,0,,0,6
481A688E,0,,1,8
481A688E,1,,0,7
481A688E,1,,1,1
510159CF,0,,0,7
510159CF,0,,1,1
510159CF,1,,0,8
510159CF,1,,1,4
810188B1,0,,0,6
810188B1,0,,1,8
810188B1,1,,0,7
810188B1,1,,1,1
981AB9F0,0,,0,6
981AB9F0,0,,1,8
981AB9F0,1,,0,8
981AB9F0,1,,1,4
B337EA33,0,,0,6
B337EA33,0,,1,8
B337EA33,1,,0,7
B337EA33,1,,1,1
AA2CDB72,0,,0,6
AA2CDB72,0,,1,8
AA2CDB72,1,,0,7
AA2CDB72,1,,1,1
E56D4DB5,0,,0,6
E56D4DB5,0,,1,8
E56D4DB5,1,,0,1
E56D4DB5,1,,1,5
FC767CF4,0,,0,6
FC767CF4,0,,1,8
FC767CF4,1,,0,7
FC767CF4,1,,1,5
D75B2F37,0,,0,1
D75B2F37,0,,1,5
D75B2F37,1,,0,1
D75B2F37,1,,1,5
9D55AF75,0,,0,7
9D55AF75,0,,1,1
9D55AF75,1,,0,6
9D55AF75,1,,1,8
B678FCB6,0,,0,1
B678FCB6,0,,1,5
B678FCB6,1,,0,1
B678FCB6,1,,1,5
AF63CDF7,0,,0,8
AF63CDF7,0,,1,4
AF63CDF7,1,,0,1
AF63CDF7,1,,1,5
E0225B30,0,,0,7
E0225B30,0,,1,5
E0225B30,1,,0,1
E0225B30,1,,1,5
F9396A71,0,,0,6
F9396A71,0,,1,8
F9396A71,1,,0,7
F9396A71,1,,1,1
D21439B2,0,,0,6
D21439B2,0,,1,8
D21439B2,1,,0,7
D21439B2,1,,1,1
CB0F08F3,0,,0,6
CB0F08F3,0,,1,8
CB0F08F3,1,,0,7
CB0F08F3,1,,1,1
4C97143C,0,,0,6
4C97143C,0,,1,8
4C97143C,1,,0,7
4C97143C,1,,1,1
558C257D,0,,0,7
558C257D,0,,1,5
558C257D,1,,0,8
558C257D,1,,1,4
858CF403,0,,0,6
858CF403,0,,1,8
858CF403,1,,0,7
858CF403,1,,1,1
9C97C542,0,,0,7
9C97C542,0,,1,1
9C97C542,1,,0,8
9C97C542,1,,1,4
B7BA9681,0,,0,1
B7BA9681,0,,1,5
B7BA9681,1,,0,6
B7BA9681,1,,1,8
AEA1A7C0,0,,0,8
AEA1A7C0,0,,1,4
AEA1A7C0,1,,0,7
AEA1A7C0,1,,1,5
E1E03107,0,,0,8
E1E03107,0,,1,4
E1E03107,1,,0,1
E1E03107,1,,1,5
F8FB0046,0,,0,8
F8FB0046,0,,1,4
F8FB0046,1,,0,8
F8FB0046,1,,1,4
D3D65385,0,,0,8
D3D65385,0,,1,4
D3D65385,1,,0,1
D3D65385,1,,1,5
9ED17B1B,0,,0,1
9ED17B1B,0,,1,5
9ED17B1B,1,,0,7
9ED17B1B,1,,1,1
B5FC28D8,0,,0,6
B5FC28D8,0,,1,8
B5FC28D8,1,,0,1
B5FC28D8,1,,1,5
ACE71999,0,,0,7
ACE71999,0,,1,1
ACE71999,1,,0,7
ACE71999,1,,1,5
E3A68F5E,0,,0,7
E3A68F5E,0,,1,1
E3A68F5E,1,,0,7
E3A68F5E,1,,1,5
FABDBE1F,0,,0,1
FABDBE1F,0,,1,5
FABDBE1F,1,,0,7
FABDBE1F,1,,1,1
D190EDDC,0,,0,1
D190EDDC,0,,1,5
D190EDDC,1,,0,7
D190EDDC,1,,1,1
C88BDC9D,0,,0,7
C88BDC9D,0,,1,1
C88BDC9D,1,,0,7
C88BDC9D,1,,1,1
4F13C052,0,,0,8
4F13C052,0,,1,4
4F13C052,1,,0,7
4F13C052,1,,1,1
5608F113,0,,0,6
5608F113,0,,1,8
5608F113,1,,0,1
5608F113,1,,1,5
8608206D,0,,0,8
8608206D,0,,1,4
8608206D,1,,0,7
8608206D,1,,1,1
9F13112C,0,,0,6
9F13112C,0,,1,8
9F13112C,1,,0,8
9F13112C,1,,1,4
B43E42EF,0,,0,1
B43E42EF,0,,1,5
B43E42EF,1,,0,8
B43E42EF,1,,1,4
AD2573AE,0,,0,6
AD2573AE,0,,1,8
AD2573AE,1,,0,8
AD2573AE,1,,1,4
E264E569,0,,0,7
E264E569,0,,1,1
E264E569,1,,0,7
E264E569,1,,1,1
FB7FD428,0,,0,6
FB7FD428,0,,1,8
FB7FD428,1,,0,1
FB7FD428,1,,1,5
D05287EB,0,,0,6
D05287EB,0,,1,8
D05287EB,1,,0,1
D05287EB,1,,1,5
22E060CC,0,,0,7
22E060CC,0,,1,5
22E060CC,1,,0,8
22E060CC,1,,1,4
09CD330F,0,,0,6
09CD330F,0,,1,8
09CD330F,1,,0,7
09CD330F,1,,1,1
10D6024E,0,,0,1
10D6024E,0,,1,5
10D6024E,1,,0,7
10D6024E,1,,1,1
5F979489,0,,0,7
5F979489,0,,1,5
5F979489,1,,0,1
5F979489,1,,1,5
468CA5C8,0,,0,1
468CA5C8,0,,1,5
468CA5C8,1,,0,8
468CA5C8,1,,1,4
6DA1F60B,0,,0,6
6DA1F60B,0,,1,8
6DA1F60B,1,,0,6
6DA1F60B,1,,1,8
74BAC74A,0,,0,1
74BAC74A,0,,1,5
74BAC74A,1,,0,1
74BAC74A,1,,1,5
F322DB85,0,,0,6
F322DB85,0,,1,8
F322DB85,1,,0,6
F322DB85,1,,1,8
EA39EAC4,0,,0,6
EA39EAC4,0,,1,8
EA39EAC4,1,,0,7
EA39EAC4,1,,1,1
3A393BBA,0,,0,7
3A393BBA,0,,1,5
3A393BBA,1,,0,6
3A393BBA,1,,1,8
23220AFB,0,,0,8
23220AFB,0,,1,4
23220AFB,1,,0,1
23220AFB,1,,1,5
080F5938,0,,0,6
080F5938,0,,1,8
080F5938,1,,0,7
080F5938,1,,1,5
11146879,0,,0,6
11146879,0,,1,8
11146879,1,,0,7
11146879,1,,1,1
5E55FEBE,0,,0,6
5E55FEBE,0,,1,8
5E55FEBE,1,,0,1
5E55FEBE,1,,1,5
474ECFFF,0,,0,6
474ECFFF,0,,1,8
474ECFFF,1,,0,7
474ECFFF,1,,1,1
6C639C3C,0,,0,7
6C639C3C,0,,1,5
6C639C3C,1,,0,6
6C639C3C,1,,1,8
7578AD7D,0,,0,7
7578AD7D,0,,1,1
7578AD7D,1,,0,6
7578AD7D,1,,1,8
F2E0B1B2,0,,0,6
F2E0B1B2,0,,1,8
F2E0B1B2,1,,0,7
F2E0B1B2,1,,1,1
EBFB80F3,0,,0,7
EBFB80F3,0,,1,5
EBFB80F3,1,,0,7
EBFB80F3,1,,1,1
387F85E3,0,,0,8
387F85E3,0,,1,4
387F85E3,1,,0,8
387F85E3,1,,1,4
2164B4A2,0,,0,7
2164B4A2,0,,1,5
2164B4A2,1,,0,1
2164B4A2,1,,1,5
0A49E761,0,,0,6
0A49E761,0,,1,8
0A49E761,1,,0,1
0A49E761,1,,1,5
1352D620,0,,0,6
1352D620,0,,1,8
1352D620,1,,0,6
1352D620,1,,1,8
5C1340E7,0,,0,7
5C1340E7,0,,1,1
5C1340E7,1,,0,1
5C1340E7,1,,1,5
450871A6,0,,0,7
450871A6,0,,1,1
450871A6,1,,0,1
450871A6,1,,1,5
6E252265,0,,0,6
6E252265,0,,1,8
6E252265,1,,0,7
6E252265,1,,1,5
773E1324,0,,0,4
773E1324,0,,1,8
773E1324,1,,0,6
773E1324,1,,1,8
F0A60FEB,0,,0,8
F0A60FEB,0,,1,4
F0A60FEB,1,,0,6
F0A60FEB,1,,1,8
E9BD3EAA,0,,0,7
E9BD3EAA,0,,1,1
E9BD3EAA,1,,0,8
E9BD3EAA,1,,1,4
39BDEFD4,0,,0,6
39BDEFD4,0,,1,8
39BDEFD4,1,,0,6
39BDEFD4,1,,1,8
20A6DE95,0,,0,7
20A6DE95,0,,1,5
20A6DE95,1,,0,7
20A6DE95,1,,1,1
0B8B8D56,0,,0,7
0B8B8D56,0,,1,5
0B8B8D56,1,,0,8
0B8B8D56,1,,1,4
1290BC17,0,,0,6
1290BC17,0,,1,8
1290BC17,1,,0,6
1290BC17,1,,1,8
5DD12AD0,0,,0,7
5DD12AD0,0,,1,1
5DD12AD0,1,,0,6
5DD12AD0,1,,1,8
44CA1B91,0,,0,1
44CA1B91,0,,1,5
44CA1B91,1,,0,6
44CA1B91,1,,1,8
6FE74852,0,,0,6
6FE74852,0,,1,8
6FE74852,1,,0,1
6FE74852,1,,1,5
76FC7913,0,,0,7
76FC7913,0,,1,5
76FC7913,1,,0,1
76FC7913,1,,1,5
F16465DC,0,,0,8
F16465DC,0,,1,4
F16465DC,1,,0,8
F16465DC,1,,1,4
E87F549D,0,,0,7
E87F549D,0,,1,5
E87F549D,1,,0,6
E87F549D,1,,1,8
3CF2F951,0,,0,7
3CF2F951,0,,1,5
3CF2F951,1,,0,6
3CF2F951,1,,1,8
25E9C810,0,,0,7
25E9C810,0,,1,5
25E9C810,1,,0,6
25E9C810,1,,1,8
0EC49BD3,0,,0,8
0EC49BD3,0,,1,4
0EC49BD3,1,,0,8
0EC49BD3,1,,1,4
17DFAA92,0,,0,7
17DFAA92,0,,1,5
17DFAA92,1,,0,7
17DFAA92,1,,1,1
589E3C55,0,,0,1
589E3C55,0,,1,5
589E3C55,1,,0,8
589E3C55,1,,1,4
41850D14,0,,0,8
41850D14,0,,1,4
41850D14,1,,0,1
41850D14,1,,1,5
6AA85ED7,0,,0,1
6AA85ED7,0,,1,5
6AA85ED7,1,,0,7
6AA85ED7,1,,1,1
73B36F96,0,,0,6
73B36F96,0,,1,8
73B36F96,1,,0,6
73B36F96,1,,1,8
F42B7359,0,,0,7
F42B7359,0,,1,5
F42B7359,1,,0,6
F42B7359,1,,1,8
ED304218,0,,0,1
ED304218,0,,1,5
ED304218,1,,0,7
ED304218,1,,1,1
3D309366,0,,0,1
3D309366,0,,1,5
3D309366,1,,0,6
3D309366,1,,1,8
242BA227,0,,0,8
242BA227,0,,1,4
242BA227,1,,0,8
242BA227,1,,1,4
0F06F1E4,0,,0,8
0F06F1E4,0,,1,4
0F06F1E4,1,,0,6
0F06F1E4,1,,1,8
161DC0A5,0,,0,7
161DC0A5,0,,1,5
161DC0A5,1,,0,8
161DC0A5,1,,1,4
595C5662,0,,0,6
595C5662,0,,1,8
595C5662,1,,0,6
595C5662,1,,1,8
40476723,0,,0,6
40476723,0,,1,8
40476723,1,,0,6
40476723,1,,1,8
6B6A34E0,0,,0,7
6B6A34E0,0,,1,5
6B6A34E0,1,,0,6
6B6A34E0,1,,1,8
727105A1,0,,0,7
727105A1,0,,1,1
727105A1,1,,0,6
727105A1,1,,1,8
F5E9196E,0,,0,6
F5E9196E,0,,1,8
F5E9196E,1,,0,7
F5E9196E,1,,1,1
ECF2282F,0,,0,1
ECF2282F,0,,1,5
ECF2282F,1,,0,6
ECF2282F,1,,1,8
3F762D3F,0,,0,8
3F762D3F,0,,1,4
3F762D3F,1,,0,8
3F762D3F,1,,1,4
266D1C7E,0,,0,7
266D1C7E,0,,1,5
266D1C7E,1,,0,7
266D1C7E,1,,1,5
0D404FBD,0,,0,6
0D404FBD,0,,1,8
0D404FBD,1,,0,8
0D404FBD,1,,1,4
145B7EFC,0,,0,8
145B7EFC,0,,1,4
145B7EFC,1,,0,1
145B7EFC,1,,1,5
5B1AE83B,0,,0,6
5B1AE83B,0,,1,8
5B1AE83B,1,,0,6
5B1AE83B,1,,1,8
4201D97A,0,,0,1
4201D97A,0,,1,5
4201D97A,1,,0,1
4201D97A,1,,1,5
692C8AB9,0,,0,6
692C8AB9,0,,1,8
692C8AB9,1,,0,8
692C8AB9,1,,1,4
7037BBF8,0,,0,7
7037BBF8,0,,1,5
7037BBF8,1,,0,1
7037BBF8,1,,1,5
F7AFA737,0,,0,6
F7AFA737,0,,1,8
F7AFA737,1,,0,8
F7AFA737,1,,1,4
EEB49676,0,,0,6
EEB49676,0,,1,8
EEB49676,1,,0,1
EEB49676,1,,1,5
3EB44708,0,,0,6
3EB44708,0,,1,8
3EB44708,1,,0,1
3EB44708,1,,1,5
27AF7649,0,,0,6
27AF7649,0,,1,8
27AF7649,1,,0,8
27AF7649,1,,1,4
0C82258A,0,,0,7
0C82258A,0,,1,5
0C82258A,1,,0,7
0C82258A,1,,1,1
159914CB,0,,0,7
159914CB,0,,1,1
159914CB,1,,0,6
159914CB,1,,1,8
5AD8820C,0,,0,7
5AD8820C,0,,1,5
5AD8820C,1,,0,8
5AD8820C,1,,1,4
43C3B34D,0,,0,7
43C3B34D,0,,1,1
43C3B34D,1,,0,8
43C3B34D,1,,1,4
68EEE08E,0,,0,8
68EEE08E,0,,1,4
68EEE08E,1,,0,6
68EEE08E,1,,1,8
71F5D1CF,0,,0,8
71F5D1CF,0,,1,4
71F5D1CF,1,,0,6
71F5D1CF,1,,1,8
F66DCD00,0,,0,1
F66DCD00,0,,1,5
F66DCD00,1,,0,1
F66DCD00,1,,1,5
EF76FC41,0,,0,7
EF76FC41,0,,1,1
EF76FC41,1,,0,6
EF76FC41,1,,1,8
35E80035,0,,0,8
35E80035,0,,1,4
35E80035,1,,0,6
35E80035,1,,1,8
2CF33174,0,,0,1
2CF33174,0,,1,5
2CF33174,1,,0,8
2CF33174,1,,1,4
07DE62B7,0,,0,4
07DE62B7,0,,1,8
07DE62B7,1,,0,7
07DE62B7,1,,1,1
1EC553F6,0,,0,6
1EC553F6,0,,1,8
1EC553F6,1,,0,6
1EC553F6,1,,1,8
5184C531,0,,0,7
5184C531,0,,1,5
5184C531,1,,0,8
5184C531,1,,1,4
489FF470,0,,0,6
489FF470,0,,1,8
489FF470,1,,0,1
489FF470,1,,1,5
63B2A7B3,0,,0,6
63B2A7B3,0,,1,8
63B2A7B3,1,,0,6
63B2A7B3,1,,1,8
7AA996F2,0,,0,8
7AA996F2,0,,1,4
7AA996F2,1,,0,7
7AA996F2,1,,1,1
FD318A3D,0,,0,7
FD318A3D,0,,1,5
FD318A3D,1,,0,6
FD318A3D,1,,1,8
E42ABB7C,0,,0,6
E42ABB7C,0,,1,8
E42ABB7C,1,,0,6
E42ABB7C,1,,1,8
342A6A02,0,,0,1
342A6A02,0,,1,5
342A6A02,1,,0,7
342A6A02,1,,1,1
2D315B43,0,,0,6
2D315B43,0,,1,8
2D315B43,1,,0,8
2D315B43,1,,1,4
061C0880,0,,0,7
061C0880,0,,1,5
061C0880,1,,0,6
061C0880,1,,1,8
1F0739C1,0,,0,7
1F0739C1,0,,1,1
1F0739C1,1,,0,8
1F0739C1,1,,1,4
5046AF06,0,,0,7
5046AF06,0,,1,1
5046AF06,1,,0,7
5046AF06,1,,1,1
495D9E47,0,,0,8
495D9E47,0,,1,4
495D9E47,1,,0,7
495D9E47,1,,1,1
6270CD84,0,,0,7
6270CD84,0,,1,5
6270CD84,1,,0,7
6270CD84,1,,1,1
7B6BFCC5,0,,0,7
7B6BFCC5,0,,1,1
7B6BFCC5,1,,0,1
7B6BFCC5,1,,1,5
FCF3E00A,0,,0,6
FCF3E00A,0,,1,8
FCF3E00A,1,,0,7
FCF3E00A,1,,1,1
E5E8D14B,0,,0,6
E5E8D14B,0,,1,8
E5E8D14B,1,,0,6
E5E8D14B,1,,1,8
A62C6934,0,,0,4
A62C6934,0,,1,8
A62C6934,1,,0,7
A62C6934,1,,1,1
BF375875,0,,0,6
BF375875,0,,1,8
BF375875,1,,0,7
BF375875,1,,1,1
941A0BB6,0,,0,1
941A0BB6,0,,1,5
941A0BB6,1,,0,7
941A0BB6,1,,1,1
8D013AF7,0,,0,7
8D013AF7,0,,1,5
8D013AF7,1,,0,6
8D013AF7,1,,1,8
C240AC30,0,,0,7
C240AC30,0,,1,5
C240AC30,1,,0,6
C240AC30,1,,1,8
DB5B9D71,0,,0,4
DB5B9D71,0,,1,8
DB5B9D71,1,,0,8
DB5B9D71,1,,1,4
F076CEB2,0,,0,4
F076CEB2,0,,1,8
F076CEB2,1,,0,7
F076CEB2,1,,1,1
E96DFFF3,0,,0,1
E96DFFF3,0,,1,5
E96DFFF3,1,,0,7
E96DFFF3,1,,1,1
6EF5E33C,0,,0,7
6EF5E33C,0,,1,5
6EF5E33C,1,,0,6
6EF5E33C,1,,1,8
77EED27D,0,,0,1
77EED27D,0,,1,5
77EED27D,1,,0,1
77EED27D,1,,1,5
A7EE0303,0,,0,8
A7EE0303,0,,1,4
A7EE0303,1,,0,6
A7EE0303,1,,1,8
BEF53242,0,,0,7
BEF53242,0,,1,1
BEF53242,1,,0,6
BEF53242,1,,1,8
95D86181,0,,0,7
95D86181,0,,1,5
95D86181,1,,0,8
95D86181,1,,1,4
8CC350C0,0,,0,7
8CC350C0,0,,1,5
8CC350C0,1,,0,8
8CC350C0,1,,1,4
C382C607,0,,0,8
C382C607,0,,1,4
C382C607,1,,0,7
C382C607,1,,1,1
DA99F746,0,,0,6
DA99F746,0,,1,8
DA99F746,1,,0,8
DA99F746,1,,1,4
F1B4A485,0,,0,7
F1B4A485,0,,1,1
F1B4A485,1,,0,8
F1B4A485,1,,1,4
E8AF95C4,0,,0,1
E8AF95C4,0,,1,5
E8AF95C4,1,,0,1
E8AF95C4,1,,1,5
6F37890B,0,,0,7
6F37890B,0,,1,5
6F37890B,1,,0,6
6F37890B,1,,1,8
762CB84A,0,,0,6
762CB84A,0,,1,8
762CB84A,1,,0,7
762CB84A,1,,1,1
A5A8BD5A,0,,0,8
A5A8BD5A,0,,1,4
A5A8BD5A,1,,0,6
A5A8BD5A,1,,1,8
BCB38C1B,0,,0,6
BCB38C1B,0,,1,8
BCB38C1B,1,,0,1
BCB38C1B,1,,1,5
979EDFD8,0,,0,8
979EDFD8,0,,1,4
979EDFD8,1,,0,7
979EDFD8,1,,1,1
8E85EE99,0,,0,1
8E85EE99,0,,1,5
8E85EE99,1,,0,6
8E85EE99,1,,1,8
C1C4785E,0,,0,7
C1C4785E,0,,1,5
C1C4785E,1,,0,8
C1C4785E,1,,1,4
D8DF491F,0,,0,8
D8DF491F,0,,1,4
D8DF491F,1,,0,6
D8DF491F,1,,1,8
F3F21ADC,0,,0,8
F3F21ADC,0,,1,4
F3F21ADC,1,,0,6
F3F21ADC,1,,1,8
EAE92B9D,0,,0,6
EAE92B9D,0,,1,8
EAE92B9D,1,,0,1
EAE92B9D,1,,1,5
6D713752,0,,0,1
6D713752,0,,1,5
6D713752,1,,0,8
6D713752,1,,1,4
746A0613,0,,0,7
746A0613,0,,1,5
746A0613,1,,0,1
746A0613,1,,1,5
A46AD76D,0,,0,6
A46AD76D,0,,1,8
A46AD76D,1,,0,1
A46AD76D,1,,1,5
BD71E62C,0,,0,6
BD71E62C,0,,1,8
BD71E62C,1,,0,1
BD71E62C,1,,1,5
965CB5EF,0,,0,7
965CB5EF,0,,1,5
965CB5EF,1,,0,7
965CB5EF,1,,1,5
8F4784AE,0,,0,6
8F4784AE,0,,1,8
8F4784AE,1,,0,1
8F4784AE,1,,1,5
C0061269,0,,0,7
C0061269,0,,1,5
C0061269,1,,0,1
C0061269,1,,1,5
D91D2328,0,,0,6
D91D2328,0,,1,8
D91D2328,1,,0,1
D91D2328,1,,1,5
F23070EB,0,,0,7
F23070EB,0,,1,5
F23070EB,1,,0,7
F23070EB,1,,1,5
EB2B41AA,0,,0,1
EB2B41AA,0,,1,5
EB2B41AA,1,,0,1
EB2B41AA,1,,1,5
6CB35D65,0,,0,8
6CB35D65,0,,1,4
6CB35D65,1,,0,1
6CB35D65,1,,1,5
75A86C24,0,,0,7
75A86C24,0,,1,1
75A86C24,1,,0,6
75A86C24,1,,1,8
A125C1E8,0,,0,1
A125C1E8,0,,1,5
A125C1E8,1,,0,7
A125C1E8,1,,1,1
B83EF0A9,0,,0,7
B83EF0A9,0,,1,5
B83EF0A9,1,,0,1
B83EF0A9,1,,1,5
9313A36A,0,,0,7
9313A36A,0,,1,5
9313A36A,1,,0,7
9313A36A,1,,1,1
8A08922B,0,,0,7
8A08922B,0,,1,5
8A08922B,1,,0,1
8A08922B,1,,1,5
C54904EC,0,,0,8
C54904EC,0,,1,4
C54904EC,1,,0,8
C54904EC,1,,1,4
DC5235AD,0,,0,7
DC5235AD,0,,1,1
DC5235AD,1,,0,7
DC5235AD,1,,1,1
F77F666E,0,,0,8
F77F666E,0,,1,4
F77F666E,1,,0,8
F77F666E,1,,1,4
EE64572F,0,,0,7
EE64572F,0,,1,5
EE64572F,1,,0,7
EE64572F,1,,1,1
69FC4BE0,0,,0,7
69FC4BE0,0,,1,5
69FC4BE0,1,,0,6
69FC4BE0,1,,1,8
70E77AA1,0,,0,7
70E77AA1,0,,1,5
70E77AA1,1,,0,8
70E77AA1,1,,1,4
A0E7ABDF,0,,0,8
A0E7ABDF,0,,1,4
A0E7ABDF,1,,0,1
A0E7ABDF,1,,1,5
B9FC9A9E,0,,0,6
B9FC9A9E,0,,1,8
B9FC9A9E,1,,0,1
B9FC9A9E,1,,1,5
92D1C95D,0,,0,7
92D1C95D,0,,1,1
92D1C95D,1,,0,1
92D1C95D,1,,1,5
8BCAF81C,0,,0,1
8BCAF81C,0,,1,5
8BCAF81C,1,,0,8
8BCAF81C,1,,1,4
C48B6EDB,0,,0,7
C48B6EDB,0,,1,5
C48B6EDB,1,,0,8
C48B6EDB,1,,1,4
DD905F9A,0,,0,6
DD905F9A,0,,1,8
DD905F9A,1,,0,1
DD905F9A,1,,1,5
F6BD0C59,0,,0,1
F6BD0C59,0,,1,5
F6BD0C59,1,,0,7
F6BD0C59,1,,1,1
EFA63D18,0,,0,6
EFA63D18,0,,1,8
EFA63D18,1,,0,1
EFA63D18,1,,1,5
683E21D7,0,,0,6
683E21D7,0,,1,8
683E21D7,1,,0,6
683E21D7,1,,1,8
71251096,0,,0,6
71251096,0,,1,8
71251096,1,,0,8
71251096,1,,1,4
A2A11586,0,,0,1
A2A11586,0,,1,5
A2A11586,1,,0,8
A2A11586,1,,1,4
BBBA24C7,0,,0,8
BBBA24C7,0,,1,4
BBBA24C7,1,,0,1
BBBA24C7,1,,1,5
90977704,0,,0,7
90977704,0,,1,1
90977704,1,,0,6
90977704,1,,1,8
898C4645,0,,0,6
898C4645,0,,1,8
898C4645,1,,0,1
898C4645,1,,1,5
C6CDD082,0,,0,7
C6CDD082,0,,1,5
C6CDD082,1,,0,7
C6CDD082,1,,1,1
DFD6E1C3,0,,0,8
DFD6E1C3,0,,1,4
DFD6E1C3,1,,0,8
DFD6E1C3,1,,1,4
F4FBB200,0,,0,7
F4FBB200,0,,1,1
F4FBB200,1,,0,7
F4FBB200,1,,1,1
EDE08341,0,,0,6
EDE08341,0,,1,8
EDE08341,1,,0,1
EDE08341,1,,1,5
6A789F8E,0,,0,7
6A789F8E,0,,1,1
6A789F8E,1,,0,8
6A789F8E,1,,1,4
7363AECF,0,,0,8
7363AECF,0,,1,4
7363AECF,1,,0,7
7363AECF,1,,1,5
A3637FB1,0,,0,6
A3637FB1,0,,1,8
A3637FB1,1,,0,6
A3637FB1,1,,1,8
BA784EF0,0,,0,7
BA784EF0,0,,1,1
BA784EF0,1,,0,7
BA784EF0,1,,1,1
91551D33,0,,0,4
91551D33,0,,1,8
91551D33,1,,0,1
91551D33,1,,1,5
884E2C72,0,,0,8
884E2C72,0,,1,4
884E2C72,1,,0,6
884E2C72,1,,1,8
C70FBAB5,0,,0,4
C70FBAB5,0,,1,8
C70FBAB5,1,,0,6
C70FBAB5,1,,1,8
DE148BF4,0,,0,6
DE148BF4,0,,1,8
DE148BF4,1,,0,8
DE148BF4,1,,1,4
F539D837,0,,0,6
F539D837,0,,1,8
F539D837,1,,0,1
F539D837,1,,1,5
EC22E976,0,,0,6
EC22E976,0,,1,8
EC22E976,1,,0,6
EC22E976,1,,1,8
6BBAF5B9,0,,0,8
6BBAF5B9,0,,1,4
6BBAF5B9,1,,0,6
6BBAF5B9,1,,1,8
72A1C4F8,0,,0,1
72A1C4F8,0,,1,5
72A1C4F8,1,,0,6
72A1C4F8,1,,1,8
A83F388C,0,,0,7
A83F388C,0,,1,1
A83F388C,1,,0,6
A83F388C,1,,1,8
B12409CD,0,,0,8
B12409CD,0,,1,4
B12409CD,1,,0,6
B12409CD,1,,1,8
9A095A0E,0,,0,6
9A095A0E,0,,1,8
9A095A0E,1,,0,7
9A095A0E,1,,1,1
83126B4F,0,,0,7
83126B4F,0,,1,1
83126B4F,1,,0,7
83126B4F,1,,1,1
CC53FD88,0,,0,7
CC53FD88,0,,1,1
CC53FD88,1,,0,6
CC53FD88,1,,1,8
D548CCC9,0,,0,6
D548CCC9,0,,1,8
D548CCC9,1,,0,1
D548CCC9,1,,1,5
FE659F0A,0,,0,8
FE659F0A,0,,1,4
FE659F0A,1,,0,1
FE659F0A,1,,1,5
E77EAE4B,0,,0,1
E77EAE4B,0,,1,5
E77EAE4B,1,,0,1
E77EAE4B,1,,1,5
60E6B284,0,,0,7
60E6B284,0,,1,1
60E6B284,1,,0,7
60E6B284,1,,1,1
79FD83C5,0,,0,6
79FD83C5,0,,1,8
79FD83C5,1,,0,8
79FD83C5,1,,1,4
A9FD52BB,0,,0,7
A9FD52BB,0,,1,5
A9FD52BB,1,,0,1
A9FD52BB,1,,1,5
B0E663FA,0,,0,6
B0E663FA,0,,1,8
B0E663FA,1,,0,8
B0E663FA,1,,1,4
9BCB3039,0,,0,7
9BCB3039,0,,1,5
9BCB3039,1,,0,6
9BCB3039,1,,1,8
82D00178,0,,0,6
82D00178,0,,1,8
82D00178,1,,0,7
82D00178,1,,1,1
CD9197BF,0,,0,8
CD9197BF,0,,1,4
CD9197BF,1,,0,1
CD9197BF,1,,1,5
D48AA6FE,0,,0,6
D48AA6FE,0,,1,8
D48AA6FE,1,,0,6
D48AA6FE,1,,1,8
FFA7F53D,0,,0,6
FFA7F53D,0,,1,8
FFA7F53D,1,,0,6
FFA7F53D,1,,1,8
E6BCC47C,0,,0,7
E6BCC47C,0,,1,1
E6BCC47C,1,,0,1
E6BCC47C,1,,1,5
6124D8B3,0,,0,6
6124D8B3,0,,1,8
6124D8B3,1,,0,1
6124D8B3,1,,1,5
783FE9F2,0,,0,6
783FE9F2,0,,1,8
783FE9F2,1,,0,8
783FE9F2,1,,1,4
1E900E51,0,,0,7
1E900E51,0,,1,1
1E900E51,1,,0,6
1E900E51,1,,1,8
078B3F10,0,,0,6
078B3F10,0,,1,8
078B3F10,1,,0,7
078B3F10,1,,1,1
2CA66CD3,0,,0,7
2CA66CD3,0,,1,5
2CA66CD3,1,,0,8
2CA66CD3,1,,1,4
35BD5D92,0,,0,7
35BD5D92,0,,1,5
35BD5D92,1,,0,1
35BD5D92,1,,1,5
7AFCCB55,0,,0,1
7AFCCB55,0,,1,5
7AFCCB55,1,,0,6
7AFCCB55,1,,1,8
63E7FA14,0,,0,6
63E7FA14,0,,1,8
63E7FA14,1,,0,6
63E7FA14,1,,1,8
48CAA9D7,0,,0,7
48CAA9D7,0,,1,5
48CAA9D7,1,,0,7
48CAA9D7,1,,1,1
51D19896,0,,0,1
51D19896,0,,1,5
51D19896,1,,0,8
51D19896,1,,1,4
D6498459,0,,0,6
D6498459,0,,1,8
D6498459,1,,0,1
D6498459,1,,1,5
CF52B518,0,,0,6
CF52B518,0,,1,8
CF52B518,1,,0,6
CF52B518,1,,1,8
1F526466,0,,0,8
1F526466,0,,1,4
1F526466,1,,0,6
1F526466,1,,1,8
06495527,0,,0,7
06495527,0,,1,1
06495527,1,,0,1
06495527,1,,1,5
2D6406E4,0,,0,6
2D6406E4,0,,1,8
2D6406E4,1,,0,1
2D6406E4,1,,1,5
347F37A5,0,,0,1
347F37A5,0,,1,5
347F37A5,1,,0,7
347F37A5,1,,1,1
7B3EA162,0,,0,1
7B3EA162,0,,1,5
7B3EA162,1,,0,1
7B3EA162,1,,1,5
62259023,0,,0,1
62259023,0,,1,5
62259023,1,,0,1
62259023,1,,1,5
4908C3E0,0,,0,7
4908C3E0,0,,1,5
4908C3E0,1,,0,6
4908C3E0,1,,1,8
5013F2A1,0,,0,6
5013F2A1,0,,1,8
5013F2A1,1,,0,6
5013F2A1,1,,1,8
D78BEE6E,0,,0,7
D78BEE6E,0,,1,5
D78BEE6E,1,,0,6
D78BEE6E,1,,1,8
CE90DF2F,0,,0,7
CE90DF2F,0,,1,5
CE90DF2F,1,,0,7
CE90DF2F,1,,1,1
1D14DA3F,0,,0,1
1D14DA3F,0,,1,5
1D14DA3F,1,,0,1
1D14DA3F,1,,1,5
040FEB7E,0,,0,7
040FEB7E,0,,1,5
040FEB7E,1,,0,6
040FEB7E,1,,1,8
2F22B8BD,0,,0,6
2F22B8BD,0,,1,8
2F22B8BD,1,,0,6
2F22B8BD,1,,1,8
363989FC,0,,0,6
363989FC,0,,1,8
363989FC,1,,0,7
363989FC,1,,1,1
79781F3B,0,,0,6
79781F3B,0,,1,8
79781F3B,1,,0,8
79781F3B,1,,1,4
60632E7A,0,,0,6
60632E7A,0,,1,8
60632E7A,1,,0,1
60632E7A,1,,1,5
4B4E7DB9,0,,0,1
4B4E7DB9,0,,1,5
4B4E7DB9,1,,0,1
4B4E7DB9,1,,1,5
52554CF8,0,,0,1
52554CF8,0,,1,5
52554CF8,1,,0,1
52554CF8,1,,1,5
D5CD5037,0,,0,7
D5CD5037,0,,1,5
D5CD5037,1,,0,6
D5CD5037,1,,1,8
CCD66176,0,,0,6
CCD66176,0,,1,8
CCD66176,1,,0,8
CCD66176,1,,1,4
1CD6B008,0,,0,7
1CD6B008,0,,1,1
1CD6B008,1,,0,8
1CD6B008,1,,1,4
05CD8149,0,,0,6
05CD8149,0,,1,8
05CD8149,1,,0,6
05CD8149,1,,1,8
2EE0D28A,0,,0,6
2EE0D28A,0,,1,8
2EE0D28A,1,,0,1
2EE0D28A,1,,1,5
37FBE3CB,0,,0,6
37FBE3CB,0,,1,8
37FBE3CB,1,,0,8
37FBE3CB,1,,1,4
78BA750C,0,,0,7
78BA750C,0,,1,1
78BA750C,1,,0,7
78BA750C,1,,1,1
61A1444D,0,,0,1
61A1444D,0,,1,5
61A1444D,1,,0,6
61A1444D,1,,1,8
4A8C178E,0,,0,1
4A8C178E,0,,1,5
4A8C178E,1,,0,7
4A8C178E,1,,1,1
539726CF,0,,0,8
539726CF,0,,1,4
539726CF,1,,0,6
539726CF,1,,1,8
D40F3A00,0,,0,7
D40F3A00,0,,1,5
D40F3A00,1,,0,8
D40F3A00,1,,1,4
CD140B41,0,,0,6
CD140B41,0,,1,8
CD140B41,1,,0,1
CD140B41,1,,1,5
1999A68D,0,,0,1
1999A68D,0,,1,5
1999A68D,1,,0,7
1999A68D,1,,1,1
008297CC,0,,0,1
008297CC,0,,1,5
008297CC,1,,0,8
008297CC,1,,1,4
2BAFC40F,0,,0,1
2BAFC40F,0,,1,5
2BAFC40F,1,,0,1
2BAFC40F,1,,1,5
32B4F54E,0,,0,7
32B4F54E,0,,1,5
32B4F54E,1,,0,6
32B4F54E,1,,1,8
7DF56389,0,,0,8
7DF56389,0,,1,4
7DF56389,1,,0,7
7DF56389,1,,1,1
64EE52C8,0,,0,6
64EE52C8,0,,1,8
64EE52C8,1,,0,8
64EE52C8,1,,1,4
4FC3010B,0,,0,7
4FC3010B,0,,1,1
4FC3010B,1,,0,7
4FC3010B,1,,1,1
56D8304A,0,,0,7
56D8304A,0,,1,1
56D8304A,1,,0,8
56D8304A,1,,1,4
D1402C85,0,,0,7
D1402C85,0,,1,5
D1402C85,1,,0,6
D1402C85,1,,1,8
C85B1DC4,0,,0,7
C85B1DC4,0,,1,5
C85B1DC4,1,,0,1
C85B1DC4,1,,1,5
185BCCBA,0,,0,1
185BCCBA,0,,1,5
185BCCBA,1,,0,1
185BCCBA,1,,1,5
0140FDFB,0,,0,6
0140FDFB,0,,1,8
0140FDFB,1,,0,7
0140FDFB,1,,1,1
2A6DAE38,0,,0,6
2A6DAE38,0,,1,8
2A6DAE38,1,,0,1
2A6DAE38,1,,1,5
33769F79,0,,0,6
33769F79,0,,1,8
33769F79,1,,0,6
33769F79,1,,1,8
7C3709BE,0,,0,7
7C3709BE,0,,1,5
7C3709BE,1,,0,7
7C3709BE,1,,1,1
652C38FF,0,,0,7
652C38FF,0,,1,5
652C38FF,1,,0,6
652C38FF,1,,1,8
4E016B3C,0,,0,7
4E016B3C,0,,1,1
4E016B3C,1,,0,6
4E016B3C,1,,1,8
571A5A7D,0,,0,7
571A5A7D,0,,1,1
571A5A7D,1,,0,1
571A5A7D,1,,1,5
D08246B2,0,,0,7
D08246B2,0,,1,1
D08246B2,1,,0,1
D08246B2,1,,1,5
C99977F3,0,,0,4
C99977F3,0,,1,8
C99977F3,1,,0,8
C99977F3,1,,1,4
1A1D72E3,0,,0,6
1A1D72E3,0,,1,8
1A1D72E3,1,,0,8
1A1D72E3,1,,1,4
030643A2,0,,0,8
030643A2,0,,1,4
030643A2,1,,0,7
030643A2,1,,1,1
282B1061,0,,0,6
282B1061,0,,1,8
282B1061,1,,0,6
282B1061,1,,1,8
31302120,0,,0,7
31302120,0,,1,5
31302120,1,,0,8
31302120,1,,1,4
7E71B7E7,0,,0,6
7E71B7E7,0,,1,8
7E71B7E7,1,,0,1
7E71B7E7,1,,1,5
676A86A6,0,,0,8
676A86A6,0,,1,4
676A86A6,1,,0,6
676A86A6,1,,1,8
4C47D565,0,,0,1
4C47D565,0,,1,5
4C47D565,1,,0,6
4C47D565,1,,1,8
555CE424,0,,0,7
555CE424,0,,1,5
555CE424,1,,0,7
555CE424,1,,1,1
D2C4F8EB,0,,0,6
D2C4F8EB,0,,1,8
D2C4F8EB,1,,0,8
D2C4F8EB,1,,1,4
CBDFC9AA,0,,0,6
CBDFC9AA,0,,1,8
CBDFC9AA,1,,0,8
CBDFC9AA,1,,1,4
1BDF18D4,0,,0,8
1BDF18D4,0,,1,4
1BDF18D4,1,,0,8
1BDF18D4,1,,1,4
02C42995,0,,0,4
02C42995,0,,1,8
02C42995,1,,0,7
02C42995,1,,1,1
29E97A56,0,,0,1
29E97A56,0,,1,5
29E97A56,1,,0,8
29E97A56,1,,1,4
30F24B17,0,,0,7
30F24B17,0,,1,1
30F24B17,1,,0,7
30F24B17,1,,1,1
7FB3DDD0,0,,0,1
7FB3DDD0,0,,1,5
7FB3DDD0,1,,0,1
7FB3DDD0,1,,1,5
66A8EC91,0,,0,1
66A8EC91,0,,1,5
66A8EC91,1,,0,1
66A8EC91,1,,1,5
4D85BF52,0,,0,7
4D85BF52,0,,1,5
4D85BF52,1,,0,7
4D85BF52,1,,1,1
549E8E13,0,,0,7
549E8E13,0,,1,5
549E8E13,1,,0,7
549E8E13,1,,1,1
D30692DC,0,,0,7
D30692DC,0,,1,1
D30692DC,1,,0,8
D30692DC,1,,1,4
CA1DA39D,0,,0,1
CA1DA39D,0,,1,5
CA1DA39D,1,,0,8
CA1DA39D,1,,1,4
10835FE9,0,,0,8
10835FE9,0,,1,4
10835FE9,1,,0,1
10835FE9,1,,1,5
09986EA8,0,,0,1
09986EA8,0,,1,5
09986EA8,1,,0,8
09986EA8,1,,1,4
22B53D6B,0,,0,7
22B53D6B,0,,1,5
22B53D6B,1,,0,6
22B53D6B,1,,1,8
3BAE0C2A,0,,0,6
3BAE0C2A,0,,1,8
3BAE0C2A,1,,0,1
3BAE0C2A,1,,1,5
74EF9AED,0,,0,4
74EF9AED,0,,1,8
74EF9AED,1,,0,8
74EF9AED,1,,1,4
6DF4ABAC,0,,0,7
6DF4ABAC,0,,1,1
6DF4ABAC,1,,0,7
6DF4ABAC,1,,1,1
46D9F86F,0,,0,8
46D9F86F,0,,1,4
46D9F86F,1,,0,6
46D9F86F,1,,1,8
5FC2C92E,0,,0,8
5FC2C92E,0,,1,4
5FC2C92E,1,,0,1
5FC2C92E,1,,1,5
D85AD5E1,0,,0,7
D85AD5E1,0,,1,1
D85AD5E1,1,,0,8
D85AD5E1,1,,1,4
C141E4A0,0,,0,7
C141E4A0,0,,1,5
C141E4A0,1,,0,7
C141E4A0,1,,1,1
114135DE,0,,0,7
114135DE,0,,1,5
114135DE,1,,0,6
114135DE,1,,1,8
085A049F,0,,0,1
085A049F,0,,1,5
085A049F,1,,0,1
085A049F,1,,1,5
2377575C,0,,0,6
2377575C,0,,1,8
2377575C,1,,0,1
2377575C,1,,1,5
3A6C661D,0,,0,4
3A6C661D,0,,1,8
3A6C661D,1,,0,7
3A6C661D,1,,1,1
752DF0DA,0,,0,1
752DF0DA,0,,1,5
752DF0DA,1,,0,7
752DF0DA,1,,1,1
6C36C19B,0,,0,8
6C36C19B,0,,1,4
6C36C19B,1,,0,7
6C36C19B,1,,1,1
471B9258,0,,0,7
471B9258,0,,1,5
471B9258,1,,0,6
471B9258,1,,1,8
5E00A319,0,,0,7
5E00A319,0,,1,1
5E00A319,1,,0,1
5E00A319,1,,1,5
D998BFD6,0,,0,7
D998BFD6,0,,1,5
D998BFD6,1,,0,1
D998BFD6,1,,1,5
C0838E97,0,,0,1
C0838E97,0,,1,5
C0838E97,1,,0,6
C0838E97,1,,1,8
0C25A1BF,0,,0,7
0C25A1BF,0,,1,5
0C25A1BF,1,,0,7
0C25A1BF,1,,1,1
153E90FE,0,,0,7
153E90FE,0,,1,1
153E90FE,1,,0,1
153E90FE,1,,1,5
3E13C33D,0,,0,7
3E13C33D,0,,1,5
3E13C33D,1,,0,1
3E13C33D,1,,1,5
2708F27C,0,,0,6
2708F27C,0,,1,8
2708F27C,1,,0,7
2708F27C,1,,1,1
684964BB,0,,0,7
684964BB,0,,1,5
684964BB,1,,0,6
684964BB,1,,1,8
715255FA,0,,0,7
715255FA,0,,1,1
715255FA,1,,0,8
715255FA,1,,1,4
5A7F0639,0,,0,6
5A7F0639,0,,1,8
5A7F0639,1,,0,1
5A7F0639,1,,1,5
43643778,0,,0,1
43643778,0,,1,5
43643778,1,,0,1
43643778,1,,1,5
C4FC2BB7,0,,0,7
C4FC2BB7,0,,1,1
C4FC2BB7,1,,0,8
C4FC2BB7,1,,1,4
DDE71AF6,0,,0,6
DDE71AF6,0,,1,8
DDE71AF6,1,,0,1
DDE71AF6,1,,1,5
0DE7CB88,0,,0,7
0DE7CB88,0,,1,1
0DE7CB88,1,,0,7
0DE7CB88,1,,1,1
14FCFAC9,0,,0,7
14FCFAC9,0,,1,1
14FCFAC9,1,,0,7
14FCFAC9,1,,1,5
3FD1A90A,0,,0,1
3FD1A90A,0,,1,5
3FD1A90A,1,,0,1
3FD1A90A,1,,1,5
26CA984B,0,,0,7
26CA984B,0,,1,5
26CA984B,1,,0,8
26CA984B,1,,1,4
698B0E8C,0,,0,7
698B0E8C,0,,1,5
698B0E8C,1,,0,6
698B0E8C,1,,1,8
70903FCD,0,,0,7
70903FCD,0,,1,5
70903FCD,1,,0,8
70903FCD,1,,1,4
5BBD6C0E,0,,0,7
5BBD6C0E,0,,1,1
5BBD6C0E,1,,0,1
5BBD6C0E,1,,1,5
42A65D4F,0,,0,7
42A65D4F,0,,1,1
42A65D4F,1,,0,6
42A65D4F,1,,1,8
C53E4180,0,,0,7
C53E4180,0,,1,1
C53E4180,1,,0,7
C53E4180,1,,1,1
DC2570C1,0,,0,7
DC2570C1,0,,1,5
DC2570C1,1,,0,6
DC2570C1,1,,1,8
0FA175D1,0,,0,8
0FA175D1,0,,1,4
0FA175D1,1,,0,8
0FA175D1,1,,1,4
16BA4490,0,,0,7
16BA4490,0,,1,1
16BA4490,1,,0,1
16BA4490,1,,1,5
3D971753,0,,0,7
3D971753,0,,1,1
3D971753,1,,0,6
3D971753,1,,1,8
248C2612,0,,0,6
248C2612,0,,1,8
248C2612,1,,0,6
248C2612,1,,1,8
6BCDB0D5,0,,0,6
6BCDB0D5,0,,1,8
6BCDB0D5,1,,0,8
6BCDB0D5,1,,1,4
72D68194,0,,0,1
72D68194,0,,1,5
72D68194,1,,0,6
72D68194,1,,1,8
59FBD257,0,,0,8
59FBD257,0,,1,4
59FBD257,1,,0,7
59FBD257,1,,1,5
40E0E316,0,,0,7
40E0E316,0,,1,5
40E0E316,1,,0,8
40E0E316,1,,1,4
C778FFD9,0,,0,8
C778FFD9,0,,1,4
C778FFD9,1,,0,1
C778FFD9,1,,1,5
DE63CE98,0,,0,6
DE63CE98,0,,1,8
DE63CE98,1,,0,1
DE63CE98,1,,1,5
0E631FE6,0,,0,8
0E631FE6,0,,1,4
0E631FE6,1,,0,7
0E631FE6,1,,1,1
17782EA7,0,,0,1
17782EA7,0,,1,5
17782EA7,1,,0,6
17782EA7,1,,1,8
3C557D64,0,,0,1
3C557D64,0,,1,5
3C557D64,1,,0,7
3C557D64,1,,1,1
254E4C25,0,,0,7
254E4C25,0,,1,1
254E4C25,1,,0,8
254E4C25,1,,1,4
6A0FDAE2,0,,0,6
6A0FDAE2,0,,1,8
6A0FDAE2,1,,0,1
6A0FDAE2,1,,1,5
7314EBA3,0,,0,6
7314EBA3,0,,1,8
7314EBA3,1,,0,8
7314EBA3,1,,1,4
5839B860,0,,0,1
5839B860,0,,1,5
5839B860,1,,0,6
5839B860,1,,1,8
41228921,0,,0,6
41228921,0,,1,8
41228921,1,,0,7
41228921,1,,1,1
C6BA95EE,0,,0,6
C6BA95EE,0,,1,8
C6BA95EE,1,,0,6
C6BA95EE,1,,1,8
DFA1A4AF,0,,0,1
DFA1A4AF,0,,1,5
DFA1A4AF,1,,0,7
DFA1A4AF,1,,1,1
0B2C0963,0,,0,1
0B2C0963,0,,1,5
0B2C0963,1,,0,6
0B2C0963,1,,1,8
12373822,0,,0,1
12373822,0,,1,5
12373822,1,,0,1
12373822,1,,1,5
391A6BE1,0,,0,7
391A6BE1,0,,1,5
391A6BE1,1,,0,8
391A6BE1,1,,1,4
20015AA0,0,,0,7
20015AA0,0,,1,5
20015AA0,1,,0,7
20015AA0,1,,1,1
6F40CC67,0,,0,1
6F40CC67,0,,1,5
6F40CC67,1,,0,7
6F40CC67,1,,1,1
765BFD26,0,,0,7
765BFD26,0,,1,5
765BFD26,1,,0,6
765BFD26,1,,1,8
5D76AEE5,0,,0,4
5D76AEE5,0,,1,8
5D76AEE5,1,,0,8
5D76AEE5,1,,1,4
446D9FA4,0,,0,7
446D9FA4,0,,1,5
446D9FA4,1,,0,6
446D9FA4,1,,1,8
C3F5836B,0,,0,8
C3F5836B,0,,1,4
C3F5836B,1,,0,1
C3F5836B,1,,1,5
DAEEB22A,0,,0,7
DAEEB22A,0,,1,5
DAEEB22A,1,,0,7
DAEEB22A,1,,1,1
0AEE6354,0,,0,1
0AEE6354,0,,1,5
0AEE6354,1,,0,7
0AEE6354,1,,1,1
13F55215,0,,0,8
13F55215,0,,1,4
13F55215,1,,0,8
13F55215,1,,1,4
38D801D6,0,,0,7
38D801D6,0,,1,5
38D801D6,1,,0,1
38D801D6,1,,1,5
21C33097,0,,0,7
21C33097,0,,1,1
21C33097,1,,0,8
21C33097,1,,1,4
6E82A650,0,,0,1
6E82A650,0,,1,5
6E82A650,1,,0,7
6E82A650,1,,1,1
77999711,0,,0,6
77999711,0,,1,8
77999711,1,,0,6
77999711,1,,1,8
5CB4C4D2,0,,0,7
5CB4C4D2,0,,1,1
5CB4C4D2,1,,0,1
5CB4C4D2,1,,1,5
45AFF593,0,,0,7
45AFF593,0,,1,5
45AFF593,1,,0,1
45AFF593,1,,1,5
C237E95C,0,,0,6
C237E95C,0,,1,8
C237E95C,1,,0,6
C237E95C,1,,1,8
DB2CD81D,0,,0,4
DB2CD81D,0,,1,8
DB2CD81D,1,,0,8
DB2CD81D,1,,1,4
08A8DD0D,0,,0,6
08A8DD0D,0,,1,8
08A8DD0D,1,,0,7
08A8DD0D,1,,1,1
11B3EC4C,0,,0,7
11B3EC4C,0,,1,5
11B3EC4C,1,,0,8
11B3EC4C,1,,1,4
3A9EBF8F,0,,0,6
3A9EBF8F,0,,1,8
3A9EBF8F,1,,0,8
3A9EBF8F,1,,1,4
23858ECE,0,,0,1
23858ECE,0,,1,5
23858ECE,1,,0,7
23858ECE,1,,1,1
6CC41809,0,,0,8
6CC41809,0,,1,4
6CC41809,1,,0,6
6CC41809,1,,1,8
75DF2948,0,,0,1
75DF2948,0,,1,5
75DF2948,1,,0,1
75DF2948,1,,1,5
5EF27A8B,0,,0,1
5EF27A8B,0,,1,5
5EF27A8B,1,,0,7
5EF27A8B,1,,1,1
47E94BCA,0,,0,7
47E94BCA,0,,1,1
47E94BCA,1,,0,7
47E94BCA,1,,1,1
C0715705,0,,0,6
C0715705,0,,1,8
C0715705,1,,0,7
C0715705,1,,1,1
D96A6644,0,,0,1
D96A6644,0,,1,5
D96A6644,1,,0,7
D96A6644,1,,1,1
096AB73A,0,,0,4
096AB73A,0,,1,8
096AB73A,1,,0,8
096AB73A,1,,1,4
1071867B,0,,0,7
1071867B,0,,1,5
1071867B,1,,0,7
1071867B,1,,1,1
3B5CD5B8,0,,0,7
3B5CD5B8,0,,1,5
3B5CD5B8,1,,0,1
3B5CD5B8,1,,1,5
2247E4F9,0,,0,1
2247E4F9,0,,1,5
2247E4F9,1,,0,7
2247E4F9,1,,1,5
6D06723E,0,,0,7
6D06723E,0,,1,5
6D06723E,1,,0,8
6D06723E,1,,1,4
741D437F,0,,0,7
741D437F,0,,1,5
741D437F,1,,0,7
741D437F,1,,1,1
5F3010BC,0,,0,7
5F3010BC,0,,1,1
5F3010BC,1,,0,6
5F3010BC,1,,1,8
462B21FD,0,,0,7
462B21FD,0,,1,5
462B21FD,1,,0,8
462B21FD,1,,1,4
C1B33D32,0,,0,7
C1B33D32,0,,1,1
C1B33D32,1,,0,1
C1B33D32,1,,1,5
D8A80C73,0,,0,1
D8A80C73,0,,1,5
D8A80C73,1,,0,7
D8A80C73,1,,1,1
0236F007,0,,0,6
0236F007,0,,1,8
0236F007,1,,0,8
0236F007,1,,1,4
1B2DC146,0,,0,6
1B2DC146,0,,1,8
1B2DC146,1,,0,7
1B2DC146,1,,1,5
30009285,0,,0,6
30009285,0,,1,8
30009285,1,,0,8
30009285,1,,1,4
291BA3C4,0,,0,6
291BA3C4,0,,1,8
291BA3C4,1,,0,7
291BA3C4,1,,1,1
665A3503,0,,0,8
665A3503,0,,1,4
665A3503,1,,0,1
665A3503,1,,1,5
7F410442,0,,0,6
7F410442,0,,1,8
7F410442,1,,0,1
7F410442,1,,1,5
546C5781,0,,0,7
546C5781,0,,1,1
546C5781,1,,0,8
546C5781,1,,1,4
4D7766C0,0,,0,8
4D7766C0,0,,1,4
4D7766C0,1,,0,6
4D7766C0,1,,1,8
CAEF7A0F,0,,0,1
CAEF7A0F,0,,1,5
CAEF7A0F,1,,0,7
CAEF7A0F,1,,1,1
D3F44B4E,0,,0,6
D3F44B4E,0,,1,8
D3F44B4E,1,,0,1
D3F44B4E,1,,1,5
03F49A30,0,,0,7
03F49A30,0,,1,1
03F49A30,1,,0,7
03F49A30,1,,1,1
1AEFAB71,0,,0,1
1AEFAB71,0,,1,5
1AEFAB71,1,,0,7
1AEFAB71,1,,1,1
31C2F8B2,0,,0,7
31C2F8B2,0,,1,5
31C2F8B2,1,,0,8
31C2F8B2,1,,1,4
28D9C9F3,0,,0,8
28D9C9F3,0,,1,4
28D9C9F3,1,,0,6
28D9C9F3,1,,1,8
67985F34,0,,0,6
67985F34,0,,1,8
67985F34,1,,0,1
67985F34,1,,1,5
7E836E75,0,,0,8
7E836E75,0,,1,4
7E836E75,1,,0,1
7E836E75,1,,1,5
55AE3DB6,0,,0,8
55AE3DB6,0,,1,4
55AE3DB6,1,,0,7
55AE3DB6,1,,1,1
4CB50CF7,0,,0,1
4CB50CF7,0,,1,5
4CB50CF7,1,,0,6
4CB50CF7,1,,1,8
CB2D1038,0,,0,6
CB2D1038,0,,1,8
CB2D1038,1,,0,1
CB2D1038,1,,1,5
D2362179,0,,0,7
D2362179,0,,1,5
D2362179,1,,0,8
D2362179,1,,1,4
B499C6DA,0,,0,7
B499C6DA,0,,1,5
B499C6DA,1,,0,7
B499C6DA,1,,1,1
AD82F79B,0,,0,6
AD82F79B,0,,1,8
AD82F79B,1,,0,6
AD82F79B,1,,1,8
86AFA458,0,,0,7
86AFA458,0,,1,5
86AFA458,1,,0,8
86AFA458,1,,1,4
9FB49519,0,,0,1
9FB49519,0,,1,5
9FB49519,1,,0,7
9FB49519,1,,1,1
D0F503DE,0,,0,7
D0F503DE,0,,1,1
D0F503DE,1,,0,7
D0F503DE,1,,1,1
C9EE329F,0,,0,7
C9EE329F,0,,1,1
C9EE329F,1,,0,1
C9EE329F,1,,1,5
E2C3615C,0,,0,6
E2C3615C,0,,1,8
E2C3615C,1,,0,7
E2C3615C,1,,1,1
FBD8501D,0,,0,7
FBD8501D,0,,1,5
FBD8501D,1,,0,6
FBD8501D,1,,1,8
7C404CD2,0,,0,6
7C404CD2,0,,1,8
7C404CD2,1,,0,8
7C404CD2,1,,1,4
655B7D93,0,,0,7
655B7D93,0,,1,1
655B7D93,1,,0,8
655B7D93,1,,1,4
B55BACED,0,,0,6
B55BACED,0,,1,8
B55BACED,1,,0,6
B55BACED,1,,1,8
AC409DAC,0,,0,7
AC409DAC,0,,1,5
AC409DAC,1,,0,8
AC409DAC,1,,1,4
876DCE6F,0,,0,6
876DCE6F,0,,1,8
876DCE6F,1,,0,6
876DCE6F,1,,1,8
9E76FF2E,0,,0,6
9E76FF2E,0,,1,8
9E76FF2E,1,,0,7
9E76FF2E,1,,1,1
D13769E9,0,,0,7
D13769E9,0,,1,5
D13769E9,1,,0,1
D13769E9,1,,1,5
C82C58A8,0,,0,7
C82C58A8,0,,1,5
C82C58A8,1,,0,8
C82C58A8,1,,1,4
E3010B6B,0,,0,8
E3010B6B,0,,1,4
E3010B6B,1,,0,6
E3010B6B,1,,1,8
FA1A3A2A,0,,0,1
FA1A3A2A,0,,1,5
FA1A3A2A,1,,0,8
FA1A3A2A,1,,1,4
7D8226E5,0,,0,7
7D8226E5,0,,1,1
7D8226E5,1,,0,6
7D8226E5,1,,1,8
649917A4,0,,0,7
649917A4,0,,1,1
649917A4,1,,0,7
649917A4,1,,1,1
B71D12B4,0,,0,7
B71D12B4,0,,1,1
B71D12B4,1,,0,1
B71D12B4,1,,1,5
AE0623F5,0,,0,1
AE0623F5,0,,1,5
AE0623F5,1,,0,7
AE0623F5,1,,1,1
852B7036,0,,0,7
852B7036,0,,1,5
852B7036,1,,0,7
852B7036,1,,1,5
9C304177,0,,0,8
9C304177,0,,1,4
9C304177,1,,0,1
9C304177,1,,1,5
D371D7B0,0,,0,7
D371D7B0,0,,1,5
D371D7B0,1,,0,1
D371D7B0,1,,1,5
CA6AE6F1,0,,0,7
CA6AE6F1,0,,1,5
CA6AE6F1,1,,0,6
CA6AE6F1,1,,1,8
E147B532,0,,0,7
E147B532,0,,1,1
E147B532,1,,0,7
E147B532,1,,1,1
F85C8473,0,,0,7
F85C8473,0,,1,5
F85C8473,1,,0,6
F85C8473,1,,1,8
7FC498BC,0,,0,6
7FC498BC,0,,1,8
7FC498BC,1,,0,6
7FC498BC,1,,1,8
66DFA9FD,0,,0,7
66DFA9FD,0,,1,1
66DFA9FD,1,,0,6
66DFA9FD,1,,1,8
B6DF7883,0,,0,7
B6DF7883,0,,1,1
B6DF7883,1,,0,8
B6DF7883,1,,1,4
AFC449C2,0,,0,1
AFC449C2,0,,1,5
AFC449C2,1,,0,1
AFC449C2,1,,1,5
84E91A01,0,,0,7
84E91A01,0,,1,1
84E91A01,1,,0,8
84E91A01,1,,1,4
9DF22B40,0,,0,6
9DF22B40,0,,1,8
9DF22B40,1,,0,7
9DF22B40,1,,1,5
D2B3BD87,0,,0,7
D2B3BD87,0,,1,5
D2B3BD87,1,,0,7
D2B3BD87,1,,1,1
CBA88CC6,0,,0,6
CBA88CC6,0,,1,8
CBA88CC6,1,,0,8
CBA88CC6,1,,1,4
E085DF05,0,,0,8
E085DF05,0,,1,4
E085DF05,1,,0,6
E085DF05,1,,1,8
F99EEE44,0,,0,6
F99EEE44,0,,1,8
F99EEE44,1,,0,1
F99EEE44,1,,1,5
7E06F28B,0,,0,1
7E06F28B,0,,1,5
7E06F28B,1,,0,6
7E06F28B,1,,1,8
671DC3CA,0,,0,8
671DC3CA,0,,1,4
671DC3CA,1,,0,7
671DC3CA,1,,1,1
B3906E06,0,,0,7
B3906E06,0,,1,1
B3906E06,1,,0,8
B3906E06,1,,1,4
AA8B5F47,0,,0,6
AA8B5F47,0,,1,8
AA8B5F47,1,,0,8
AA8B5F47,1,,1,4
81A60C84,0,,0,8
81A60C84,0,,1,4
81A60C84,1,,0,8
81A60C84,1,,1,4
98BD3DC5,0,,0,7
98BD3DC5,0,,1,5
98BD3DC5,1,,0,1
98BD3DC5,1,,1,5
D7FCAB02,0,,0,7
D7FCAB02,0,,1,1
D7FCAB02,1,,0,8
D7FCAB02,1,,1,4
CEE79A43,0,,0,7
CEE79A43,0,,1,5
CEE79A43,1,,0,8
CEE79A43,1,,1,4
E5CAC980,0,,0,7
E5CAC980,0,,1,1
E5CAC980,1,,0,1
E5CAC980,1,,1,5
FCD1F8C1,0,,0,7
FCD1F8C1,0,,1,5
FCD1F8C1,1,,0,7
FCD1F8C1,1,,1,1
7B49E40E,0,,0,7
7B49E40E,0,,1,1
7B49E40E,1,,0,6
7B49E40E,1,,1,8
6252D54F,0,,0,7
6252D54F,0,,1,5
6252D54F,1,,0,1
6252D54F,1,,1,5
B2520431,0,,0,7
B2520431,0,,1,1
B2520431,1,,0,6
B2520431,1,,1,8
AB493570,0,,0,6
AB493570,0,,1,8
AB493570,1,,0,1
AB493570,1,,1,5
806466B3,0,,0,7
806466B3,0,,1,5
806466B3,1,,0,6
806466B3,1,,1,8
997F57F2,0,,0,7
997F57F2,0,,1,5
997F57F2,1,,0,6
997F57F2,1,,1,8
D63EC135,0,,0,6
D63EC135,0,,1,8
D63EC135,1,,0,6
D63EC135,1,,1,8
CF25F074,0,,0,1
CF25F074,0,,1,5
CF25F074,1,,0,8
CF25F074,1,,1,4
E408A3B7,0,,0,7
E408A3B7,0,,1,5
E408A3B7,1,,0,6
E408A3B7,1,,1,8
FD1392F6,0,,0,7
FD1392F6,0,,1,5
FD1392F6,1,,0,1
FD1392F6,1,,1,5
7A8B8E39,0,,0,8
7A8B8E39,0,,1,4
7A8B8E39,1,,0,1
7A8B8E39,1,,1,5
6390BF78,0,,0,1
6390BF78,0,,1,5
6390BF78,1,,0,6
6390BF78,1,,1,8
B014BA68,0,,0,6
B014BA68,0,,1,8
B014BA68,1,,0,7
B014BA68,1,,1,1
A90F8B29,0,,0,8
A90F8B29,0,,1,4
A90F8B29,1,,0,8
A90F8B29,1,,1,4
8222D8EA,0,,0,7
8222D8EA,0,,1,1
8222D8EA,1,,0,1
8222D8EA,1,,1,5
9B39E9AB,0,,0,7
9B39E9AB,0,,1,1
9B39E9AB,1,,0,8
9B39E9AB,1,,1,4
D4787F6C,0,,0,8
D4787F6C,0,,1,4
D4787F6C,1,,0,6
D4787F6C,1,,1,8
CD634E2D,0,,0,1
CD634E2D,0,,1,5
CD634E2D,1,,0,8
CD634E2D,1,,1,4
E64E1DEE,0,,0,7
E64E1DEE,0,,1,5
E64E1DEE,1,,0,7
E64E1DEE,1,,1,1
FF552CAF,0,,0,7
FF552CAF,0,,1,1
FF552CAF,1,,0,1
FF552CAF,1,,1,5
78CD3060,0,,0,1
78CD3060,0,,1,5
78CD3060,1,,0,1
78CD3060,1,,1,5
61D60121,0,,0,7
61D60121,0,,1,5
61D60121,1,,0,8
61D60121,1,,1,4
B1D6D05F,0,,0,7
B1D6D05F,0,,1,5
B1D6D05F,1,,0,7
B1D6D05F,1,,1,1
A8CDE11E,0,,0,7
A8CDE11E,0,,1,5
A8CDE11E,1,,0,6
A8CDE11E,1,,1,8
83E0B2DD,0,,0,1
83E0B2DD,0,,1,5
83E0B2DD,1,,0,7
83E0B2DD,1,,1,1
9AFB839C,0,,0,7
9AFB839C,0,,1,1
9AFB839C,1,,0,1
9AFB839C,1,,1,5
D5BA155B,0,,0,8
D5BA155B,0,,1,4
D5BA155B,1,,0,7
D5BA155B,1,,1,1
CCA1241A,0,,0,7
CCA1241A,0,,1,5
CCA1241A,1,,0,6
CCA1241A,1,,1,8
E78C77D9,0,,0,7
E78C77D9,0,,1,5
E78C77D9,1,,0,7
E78C77D9,1,,1,1
FE974698,0,,0,7
FE974698,0,,1,5
FE974698,1,,0,7
FE974698,1,,1,1
790F5A57,0,,0,6
790F5A57,0,,1,8
790F5A57,1,,0,1
790F5A57,1,,1,5
60146B16,0,,0,6
60146B16,0,,1,8
60146B16,1,,0,7
60146B16,1,,1,1
BA8A9762,0,,0,7
BA8A9762,0,,1,5
BA8A9762,1,,0,1
BA8A9762,1,,1,5
A391A623,0,,0,1
A391A623,0,,1,5
A391A623,1,,0,7
A391A623,1,,1,1
88BCF5E0,0,,0,6
88BCF5E0,0,,1,8
88BCF5E0,1,,0,7
88BCF5E0,1,,1,1
91A7C4A1,0,,0,6
91A7C4A1,0,,1,8
91A7C4A1,1,,0,7
91A7C4A1,1,,1,5
DEE65266,0,,0,8
DEE65266,0,,1,4
DEE65266,1,,0,1
DEE65266,1,,1,5
C7FD6327,0,,0,1
C7FD6327,0,,1,5
C7FD6327,1,,0,6
C7FD6327,1,,1,8
ECD030E4,0,,0,1
ECD030E4,0,,1,5
ECD030E4,1,,0,1
ECD030E4,1,,1,5
F5CB01A5,0,,0,7
F5CB01A5,0,,1,1
F5CB01A5,1,,0,8
F5CB01A5,1,,1,4
72531D6A,0,,0,7
72531D6A,0,,1,5
72531D6A,1,,0,8
72531D6A,1,,1,4
6B482C2B,0,,0,6
6B482C2B,0,,1,8
6B482C2B,1,,0,7
6B482C2B,1,,1,1
BB48FD55,0,,0,8
BB48FD55,0,,1,4
BB48FD55,1,,0,1
BB48FD55,1,,1,5
A253CC14,0,,0,1
A253CC14,0,,1,5
A253CC14,1,,0,1
A253CC14,1,,1,5
897E9FD7,0,,0,7
897E9FD7,0,,1,5
897E9FD7,1,,0,6
897E9FD7,1,,1,8
9065AE96,0,,0,4
9065AE96,0,,1,8
9065AE96,1,,0,1
9065AE96,1,,1,5
DF243851,0,,0,4
DF243851,0,,1,8
DF243851,1,,0,1
DF243851,1,,1,5
C63F0910,0,,0,7
C63F0910,0,,1,5
C63F0910,1,,0,7
C63F0910,1,,1,1
ED125AD3,0,,0,1
ED125AD3,0,,1,5
ED125AD3,1,,0,6
ED125AD3,1,,1,8
F4096B92,0,,0,6
F4096B92,0,,1,8
F4096B92,1,,0,8
F4096B92,1,,1,4
7391775D,0,,0,7
7391775D,0,,1,5
7391775D,1,,0,8
7391775D,1,,1,4
6A8A461C,0,,0,7
6A8A461C,0,,1,1
6A8A461C,1,,0,6
6A8A461C,1,,1,8
ECFAD68C,0,,0,8
ECFAD68C,0,,1,4
ECFAD68C,1,,0,7
ECFAD68C,1,,1,1
F5E1E7CD,0,,0,1
F5E1E7CD,0,,1,5
F5E1E7CD,1,,0,6
F5E1E7CD,1,,1,8
DECCB40E,0,,0,6
DECCB40E,0,,1,8
DECCB40E,1,,0,1
DECCB40E,1,,1,5
C7D7854F,0,,0,1
C7D7854F,0,,1,5
C7D7854F,1,,0,1
C7D7854F,1,,1,5
88961388,0,,0,7
88961388,0,,1,1
88961388,1,,0,7
88961388,1,,1,1
918D22C9,0,,0,1
918D22C9,0,,1,5
918D22C9,1,,0,7
918D22C9,1,,1,1
BAA0710A,0,,0,7
BAA0710A,0,,1,1
BAA0710A,1,,0,1
BAA0710A,1,,1,5
A3BB404B,0,,0,6
A3BB404B,0,,1,8
A3BB404B,1,,0,6
A3BB404B,1,,1,8
24235C84,0,,0,6
24235C84,0,,1,8
24235C84,1,,0,6
24235C84,1,,1,8
3D386DC5,0,,0,6
3D386DC5,0,,1,8
3D386DC5,1,,0,1
3D386DC5,1,,1,5
ED38BCBB,0,,0,8
ED38BCBB,0,,1,4
ED38BCBB,1,,0,1
ED38BCBB,1,,1,5
F4238DFA,0,,0,8
F4238DFA,0,,1,4
F4238DFA,1,,0,1
F4238DFA,1,,1,5
DF0EDE39,0,,0,8
DF0EDE39,0,,1,4
DF0EDE39,1,,0,7
DF0EDE39,1,,1,1
C615EF78,0,,0,6
C615EF78,0,,1,8
C615EF78,1,,0,1
C615EF78,1,,1,5
895479BF,0,,0,7
895479BF,0,,1,5
895479BF,1,,0,7
895479BF,1,,1,1
904F48FE,0,,0,7
904F48FE,0,,1,1
904F48FE,1,,0,6
904F48FE,1,,1,8
BB621B3D,0,,0,8
BB621B3D,0,,1,4
BB621B3D,1,,0,7
BB621B3D,1,,1,1
A2792A7C,0,,0,1
A2792A7C,0,,1,5
A2792A7C,1,,0,1
A2792A7C,1,,1,5
25E136B3,0,,0,1
25E136B3,0,,1,5
25E136B3,1,,0,6
25E136B3,1,,1,8
3CFA07F2,0,,0,7
3CFA07F2,0,,1,5
3CFA07F2,1,,0,1
3CFA07F2,1,,1,5
EF7E02E2,0,,0,7
EF7E02E2,0,,1,5
EF7E02E2,1,,0,8
EF7E02E2,1,,1,4
F66533A3,0,,0,6
F66533A3,0,,1,8
F66533A3,1,,0,7
F66533A3,1,,1,1
DD486060,0,,0,7
DD486060,0,,1,1
DD486060,1,,0,1
DD486060,1,,1,5
C4535121,0,,0,8
C4535121,0,,1,4
C4535121,1,,0,7
C4535121,1,,1,5
8B12C7E6,0,,0,6
8B12C7E6,0,,1,8
8B12C7E6,1,,0,6
8B12C7E6,1,,1,8
9209F6A7,0,,0,6
9209F6A7,0,,1,8
9209F6A7,1,,0,8
9209F6A7,1,,1,4
B924A564,0,,0,8
B924A564,0,,1,4
B924A564,1,,0,8
B924A564,1,,1,4
A03F9425,0,,0,7
A03F9425,0,,1,1
A03F9425,1,,0,6
A03F9425,1,,1,8
27A788EA,0,,0,6
27A788EA,0,,1,8
27A788EA,1,,0,7
27A788EA,1,,1,1
3EBCB9AB,0,,0,1
3EBCB9AB,0,,1,5
3EBCB9AB,1,,0,1
3EBCB9AB,1,,1,5
EEBC68D5,0,,0,1
EEBC68D5,0,,1,5
EEBC68D5,1,,0,7
EEBC68D5,1,,1,1
F7A75994,0,,0,1
F7A75994,0,,1,5
F7A75994,1,,0,6
F7A75994,1,,1,8
DC8A0A57,0,,0,7
DC8A0A57,0,,1,1
DC8A0A57,1,,0,8
DC8A0A57,1,,1,4
C5913B16,0,,0,8
C5913B16,0,,1,4
C5913B16,1,,0,8
C5913B16,1,,1,4
8AD0ADD1,0,,0,1
8AD0ADD1,0,,1,5
8AD0ADD1,1,,0,8
8AD0ADD1,1,,1,4
93CB9C90,0,,0,8
93CB9C90,0,,1,4
93CB9C90,1,,0,6
93CB9C90,1,,1,8
B8E6CF53,0,,0,6
B8E6CF53,0,,1,8
B8E6CF53,1,,0,6
B8E6CF53,1,,1,8
A1FDFE12,0,,0,6
A1FDFE12,0,,1,8
A1FDFE12,1,,0,7
A1FDFE12,1,,1,1
2665E2DD,0,,0,7
2665E2DD,0,,1,1
2665E2DD,1,,0,7
2665E2DD,1,,1,1
3F7ED39C,0,,0,1
3F7ED39C,0,,1,5
3F7ED39C,1,,0,7
3F7ED39C,1,,1,1
EBF37E50,0,,0,8
EBF37E50,0,,1,4
EBF37E50,1,,0,6
EBF37E50,1,,1,8
F2E84F11,0,,0,7
F2E84F11,0,,1,1
F2E84F11,1,,0,1
F2E84F11,1,,1,5
D9C51CD2,0,,0,1
D9C51CD2,0,,1,5
D9C51CD2,1,,0,7
D9C51CD2,1,,1,1
C0DE2D93,0,,0,1
C0DE2D93,0,,1,5
C0DE2D93,1,,0,6
C0DE2D93,1,,1,8
8F9FBB54,0,,0,7
8F9FBB54,0,,1,1
8F9FBB54,1,,0,6
8F9FBB54,1,,1,8
96848A15,0,,0,6
96848A15,0,,1,8
96848A15,1,,0,7
96848A15,1,,1,1
BDA9D9D6,0,,0,1
BDA9D9D6,0,,1,5
BDA9D9D6,1,,0,1
BDA9D9D6,1,,1,5
A4B2E897,0,,0,7
A4B2E897,0,,1,5
A4B2E897,1,,0,8
A4B2E897,1,,1,4
232AF458,0,,0,6
232AF458,0,,1,8
232AF458,1,,0,1
232AF458,1,,1,5
3A31C519,0,,0,7
3A31C519,0,,1,1
3A31C519,1,,0,1
3A31C519,1,,1,5
EA311467,0,,0,6
EA311467,0,,1,8
EA311467,1,,0,8
EA311467,1,,1,4
F32A2526,0,,0,6
F32A2526,0,,1,8
F32A2526,1,,0,6
F32A2526,1,,1,8
D80776E5,0,,0,1
D80776E5,0,,1,5
D80776E5,1,,0,1
D80776E5,1,,1,5
C11C47A4,0,,0,7
C11C47A4,0,,1,5
C11C47A4,1,,0,1
C11C47A4,1,,1,5
8E5DD163,0,,0,7
8E5DD163,0,,1,5
8E5DD163,1,,0,8
8E5DD163,1,,1,4
9746E022,0,,0,1
9746E022,0,,1,5
9746E022,1,,0,7
9746E022,1,,1,1
BC6BB3E1,0,,0,1
BC6BB3E1,0,,1,5
BC6BB3E1,1,,0,6
BC6BB3E1,1,,1,8
A57082A0,0,,0,6
A57082A0,0,,1,8
A57082A0,1,,0,7
A57082A0,1,,1,1
22E89E6F,0,,0,7
22E89E6F,0,,1,1
22E89E6F,1,,0,7
22E89E6F,1,,1,1
3BF3AF2E,0,,0,1
3BF3AF2E,0,,1,5
3BF3AF2E,1,,0,6
3BF3AF2E,1,,1,8
E877AA3E,0,,0,6
E877AA3E,0,,1,8
E877AA3E,1,,0,7
E877AA3E,1,,1,1
F16C9B7F,0,,0,6
F16C9B7F,0,,1,8
F16C9B7F,1,,0,1
F16C9B7F,1,,1,5
DA41C8BC,0,,0,6
DA41C8BC,0,,1,8
DA41C8BC,1,,0,7
DA41C8BC,1,,1,1
C35AF9FD,0,,0,8
C35AF9FD,0,,1,4
C35AF9FD,1,,0,1
C35AF9FD,1,,1,5
8C1B6F3A,0,,0,7
8C1B6F3A,0,,1,1
8C1B6F3A,1,,0,1
8C1B6F3A,1,,1,5
95005E7B,0,,0,6
95005E7B,0,,1,8
95005E7B,1,,0,7
95005E7B,1,,1,1
BE2D0DB8,0,,0,7
BE2D0DB8,0,,1,5
BE2D0DB8,1,,0,7
BE2D0DB8,1,,1,1
A7363CF9,0,,0,7
A7363CF9,0,,1,5
A7363CF9,1,,0,8
A7363CF9,1,,1,4
20AE2036,0,,0,8
20AE2036,0,,1,4
20AE2036,1,,0,7
20AE2036,1,,1,1
39B51177,0,,0,6
39B51177,0,,1,8
39B51177,1,,0,1
39B51177,1,,1,5
E9B5C009,0,,0,6
E9B5C009,0,,1,8
E9B5C009,1,,0,8
E9B5C009,1,,1,4
F0AEF148,0,,0,6
F0AEF148,0,,1,8
F0AEF148,1,,0,1
F0AEF148,1,,1,5
DB83A28B,0,,0,6
DB83A28B,0,,1,8
DB83A28B,1,,0,7
DB83A28B,1,,1,1
C29893CA,0,,0,8
C29893CA,0,,1,4
C29893CA,1,,0,1
C29893CA,1,,1,5
8DD9050D,0,,0,8
8DD9050D,0,,1,4
8DD9050D,1,,0,8
8DD9050D,1,,1,4
94C2344C,0,,0,8
94C2344C,0,,1,4
94C2344C,1,,0,6
94C2344C,1,,1,8
BFEF678F,0,,0,6
BFEF678F,0,,1,8
BFEF678F,1,,0,1
BFEF678F,1,,1,5
A6F456CE,0,,0,1
A6F456CE,0,,1,5
A6F456CE,1,,0,1
A6F456CE,1,,1,5
216C4A01,0,,0,7
216C4A01,0,,1,1
216C4A01,1,,0,1
216C4A01,1,,1,5
38777B40,0,,0,1
38777B40,0,,1,5
38777B40,1,,0,6
38777B40,1,,1,8
E2E98734,0,,0,7
E2E98734,0,,1,5
E2E98734,1,,0,8
E2E98734,1,,1,4
FBF2B675,0,,0,6
FBF2B675,0,,1,8
FBF2B675,1,,0,1
FBF2B675,1,,1,5
D0DFE5B6,0,,0,7
D0DFE5B6,0,,1,5
D0DFE5B6,1,,0,6
D0DFE5B6,1,,1,8
C9C4D4F7,0,,0,7
C9C4D4F7,0,,1,5
C9C4D4F7,1,,0,7
C9C4D4F7,1,,1,5
86854230,0,,0,1
86854230,0,,1,5
86854230,1,,0,7
86854230,1,,1,5
9F9E7371,0,,0,7
9F9E7371,0,,1,5
9F9E7371,1,,0,7
9F9E7371,1,,1,1
B4B320B2,0,,0,1
B4B320B2,0,,1,5
B4B320B2,1,,0,7
B4B320B2,1,,1,1
ADA811F3,0,,0,6
ADA811F3,0,,1,8
ADA811F3,1,,0,8
ADA811F3,1,,1,4
2A300D3C,0,,0,7
2A300D3C,0,,1,1
2A300D3C,1,,0,7
2A300D3C,1,,1,1
332B3C7D,0,,0,7
332B3C7D,0,,1,1
332B3C7D,1,,0,8
332B3C7D,1,,1,4
E32BED03,0,,0,1
E32BED03,0,,1,5
E32BED03,1,,0,6
E32BED03,1,,1,8
FA30DC42,0,,0,1
FA30DC42,0,,1,5
FA30DC42,1,,0,7
FA30DC42,1,,1,1
D11D8F81,0,,0,1
D11D8F81,0,,1,5
D11D8F81,1,,0,6
D11D8F81,1,,1,8
C806BEC0,0,,0,6
C806BEC0,0,,1,8
C806BEC0,1,,0,1
C806BEC0,1,,1,5
87472807,0,,0,7
87472807,0,,1,1
87472807,1,,0,7
87472807,1,,1,1
9E5C1946,0,,0,7
9E5C1946,0,,1,1
9E5C1946,1,,0,7
9E5C1946,1,,1,1
B5714A85,0,,0,7
B5714A85,0,,1,1
B5714A85,1,,0,6
B5714A85,1,,1,8
AC6A7BC4,0,,0,6
AC6A7BC4,0,,1,8
AC6A7BC4,1,,0,1
AC6A7BC4,1,,1,5
2BF2670B,0,,0,6
2BF2670B,0,,1,8
2BF2670B,1,,0,7
2BF2670B,1,,1,1
32E9564A,0,,0,7
32E9564A,0,,1,5
32E9564A,1,,0,6
32E9564A,1,,1,8
5446B1E9,0,,0,1
5446B1E9,0,,1,5
5446B1E9,1,,0,8
5446B1E9,1,,1,4
4D5D80A8,0,,0,1
4D5D80A8,0,,1,5
4D5D80A8,1,,0,6
4D5D80A8,1,,1,8
6670D36B,0,,0,6
6670D36B,0,,1,8
6670D36B,1,,0,1
6670D36B,1,,1,5
7F6BE22A,0,,0,7
7F6BE22A,0,,1,1
7F6BE22A,1,,0,7
7F6BE22A,1,,1,1
302A74ED,0,,0,7
302A74ED,0,,1,1
302A74ED,1,,0,1
302A74ED,1,,1,5
293145AC,0,,0,7
293145AC,0,,1,1
293145AC,1,,0,6
293145AC,1,,1,8
021C166F,0,,0,8
021C166F,0,,1,4
021C166F,1,,0,6
021C166F,1,,1,8
1B07272E,0,,0,8
1B07272E,0,,1,4
1B07272E,1,,0,8
1B07272E,1,,1,4
9C9F3BE1,0,,0,1
9C9F3BE1,0,,1,5
9C9F3BE1,1,,0,7
9C9F3BE1,1,,1,1
85840AA0,0,,0,8
85840AA0,0,,1,4
85840AA0,1,,0,8
85840AA0,1,,1,4
5584DBDE,0,,0,8
5584DBDE,0,,1,4
5584DBDE,1,,0,8
5584DBDE,1,,1,4
4C9FEA9F,0,,0,7
4C9FEA9F,0,,1,5
4C9FEA9F,1,,0,8
4C9FEA9F,1,,1,4
67B2B95C,0,,0,7
67B2B95C,0,,1,5
67B2B95C,1,,0,6
67B2B95C,1,,1,8
7EA9881D,0,,0,7
7EA9881D,0,,1,5
7EA9881D,1,,0,6
7EA9881D,1,,1,8
31E81EDA,0,,0,7
31E81EDA,0,,1,1
31E81EDA,1,,0,6
31E81EDA,1,,1,8
28F32F9B,0,,0,7
28F32F9B,0,,1,5
28F32F9B,1,,0,8
28F32F9B,1,,1,4
03DE7C58,0,,0,1
03DE7C58,0,,1,5
03DE7C58,1,,0,7
03DE7C58,1,,1,1
1AC54D19,0,,0,1
1AC54D19,0,,1,5
1AC54D19,1,,0,1
1AC54D19,1,,1,5
9D5D51D6,0,,0,6
9D5D51D6,0,,1,8
9D5D51D6,1,,0,8
9D5D51D6,1,,1,4
84466097,0,,0,7
84466097,0,,1,5
84466097,1,,0,6
84466097,1,,1,8
57C26587,0,,0,1
57C26587,0,,1,5
57C26587,1,,0,1
57C26587,1,,1,5
4ED954C6,0,,0,1
4ED954C6,0,,1,5
4ED954C6,1,,0,8
4ED954C6,1,,1,4
65F40705,0,,0,8
65F40705,0,,1,4
65F40705,1,,0,8
65F40705,1,,1,4
7CEF3644,0,,0,1
7CEF3644,0,,1,5
7CEF3644,1,,0,7
7CEF3644,1,,1,1
33AEA083,0,,0,1
33AEA083,0,,1,5
33AEA083,1,,0,1
33AEA083,1,,1,5
2AB591C2,0,,0,8
2AB591C2,0,,1,4
2AB591C2,1,,0,6
2AB591C2,1,,1,8
0198C201,0,,0,1
0198C201,0,,1,5
0198C201,1,,0,7
0198C201,1,,1,1
1883F340,0,,0,8
1883F340,0,,1,4
1883F340,1,,0,7
1883F340,1,,1,1
9F1BEF8F,0,,0,6
9F1BEF8F,0,,1,8
9F1BEF8F,1,,0,7
9F1BEF8F,1,,1,1
8600DECE,0,,0,7
8600DECE,0,,1,5
8600DECE,1,,0,7
8600DECE,1,,1,1
56000FB0,0,,0,6
56000FB0,0,,1,8
56000FB0,1,,0,6
56000FB0,1,,1,8
4F1B3EF1,0,,0,7
4F1B3EF1,0,,1,5
4F1B3EF1,1,,0,8
4F1B3EF1,1,,1,4
64366D32,0,,0,7
64366D32,0,,1,1
64366D32,1,,0,6
64366D32,1,,1,8
7D2D5C73,0,,0,1
7D2D5C73,0,,1,5
7D2D5C73,1,,0,7
7D2D5C73,1,,1,1
326CCAB4,0,,0,7
326CCAB4,0,,1,1
326CCAB4,1,,0,6
326CCAB4,1,,1,8
2B77FBF5,0,,0,1
2B77FBF5,0,,1,5
2B77FBF5,1,,0,8
2B77FBF5,1,,1,4
19419977,0,,0,8
19419977,0,,1,4
19419977,1,,0,6
19419977,1,,1,8
9ED985B8,0,,0,6
9ED985B8,0,,1,8
9ED985B8,1,,0,7
9ED985B8,1,,1,1
87C2B4F9,0,,0,7
87C2B4F9,0,,1,1
87C2B4F9,1,,0,8
87C2B4F9,1,,1,4
534F1935,0,,0,7
534F1935,0,,1,5
534F1935,1,,0,1
534F1935,1,,1,5
4A542874,0,,0,1
4A542874,0,,1,5
4A542874,1,,0,6
4A542874,1,,1,8
61797BB7,0,,0,6
61797BB7,0,,1,8
61797BB7,1,,0,1
61797BB7,1,,1,5
78624AF6,0,,0,7
78624AF6,0,,1,1
78624AF6,1,,0,8
78624AF6,1,,1,4
3723DC31,0,,0,7
3723DC31,0,,1,5
3723DC31,1,,0,7
3723DC31,1,,1,1
2E38ED70,0,,0,6
2E38ED70,0,,1,8
2E38ED70,1,,0,1
2E38ED70,1,,1,5
0515BEB3,0,,0,8
0515BEB3,0,,1,4
0515BEB3,1,,0,1
0515BEB3,1,,1,5
1C0E8FF2,0,,0,7
1C0E8FF2,0,,1,5
1C0E8FF2,1,,0,8
1C0E8FF2,1,,1,4
9B96933D,0,,0,7
9B96933D,0,,1,5
9B96933D,1,,0,7
9B96933D,1,,1,1
828DA27C,0,,0,7
828DA27C,0,,1,1
828DA27C,1,,0,7
828DA27C,1,,1,1
528D7302,0,,0,7
528D7302,0,,1,5
528D7302,1,,0,1
528D7302,1,,1,5
4B964243,0,,0,1
4B964243,0,,1,5
4B964243,1,,0,7
4B964243,1,,1,1
60BB1180,0,,0,7
60BB1180,0,,1,5
60BB1180,1,,0,6
60BB1180,1,,1,8
79A020C1,0,,0,7
79A020C1,0,,1,5
79A020C1,1,,0,8
79A020C1,1,,1,4
36E1B606,0,,0,7
36E1B606,0,,1,1
36E1B606,1,,0,6
36E1B606,1,,1,8
2FFA8747,0,,0,1
2FFA8747,0,,1,5
2FFA8747,1,,0,6
2FFA8747,1,,1,8
04D7D484,0,,0,7
04D7D484,0,,1,5
04D7D484,1,,0,1
04D7D484,1,,1,5
1DCCE5C5,0,,0,7
1DCCE5C5,0,,1,5
1DCCE5C5,1,,0,6
1DCCE5C5,1,,1,8
9A54F90A,0,,0,6
9A54F90A,0,,1,8
9A54F90A,1,,0,6
9A54F90A,1,,1,8
834FC84B,0,,0,1
834FC84B,0,,1,5
834FC84B,1,,0,8
834FC84B,1,,1,4
50CBCD5B,0,,0,7
50CBCD5B,0,,1,5
50CBCD5B,1,,0,1
50CBCD5B,1,,1,5
49D0FC1A,0,,0,6
49D0FC1A,0,,1,8
49D0FC1A,1,,0,8
49D0FC1A,1,,1,4
62FDAFD9,0,,0,7
62FDAFD9,0,,1,1
62FDAFD9,1,,0,7
62FDAFD9,1,,1,1
7BE69E98,0,,0,7
7BE69E98,0,,1,1
7BE69E98,1,,0,7
7BE69E98,1,,1,1
34A7085F,0,,0,7
34A7085F,0,,1,5
34A7085F,1,,0,1
34A7085F,1,,1,5
2DBC391E,0,,0,1
2DBC391E,0,,1,5
2DBC391E,1,,0,1
2DBC391E,1,,1,5
06916ADD,0,,0,7
06916ADD,0,,1,5
06916ADD,1,,0,7
06916ADD,1,,1,1
1F8A5B9C,0,,0,8
1F8A5B9C,0,,1,4
1F8A5B9C,1,,0,1
1F8A5B9C,1,,1,5
98124753,0,,0,8
98124753,0,,1,4
98124753,1,,0,1
98124753,1,,1,5
81097612,0,,0,7
81097612,0,,1,5
81097612,1,,0,7
81097612,1,,1,5
5109A76C,0,,0,8
5109A76C,0,,1,4
5109A76C,1,,0,8
5109A76C,1,,1,4
4812962D,0,,0,6
4812962D,0,,1,8
4812962D,1,,0,8
4812962D,1,,1,4
633FC5EE,0,,0,7
633FC5EE,0,,1,5
633FC5EE,1,,0,1
633FC5EE,1,,1,5
7A24F4AF,0,,0,6
7A24F4AF,0,,1,8
7A24F4AF,1,,0,1
7A24F4AF,1,,1,5
35656268,0,,0,7
35656268,0,,1,1
35656268,1,,0,8
35656268,1,,1,4
2C7E5329,0,,0,7
2C7E5329,0,,1,1
2C7E5329,1,,0,1
2C7E5329,1,,1,5
075300EA,0,,0,4
075300EA,0,,1,8
075300EA,1,,0,1
075300EA,1,,1,5
1E4831AB,0,,0,6
1E4831AB,0,,1,8
1E4831AB,1,,0,6
1E4831AB,1,,1,8
99D02D64,0,,0,1
99D02D64,0,,1,5
99D02D64,1,,0,6
99D02D64,1,,1,8
80CB1C25,0,,0,8
80CB1C25,0,,1,4
80CB1C25,1,,0,7
80CB1C25,1,,1,1
5A55E051,0,,0,8
5A55E051,0,,1,4
5A55E051,1,,0,8
5A55E051,1,,1,4
434ED110,0,,0,7
434ED110,0,,1,1
434ED110,1,,0,6
434ED110,1,,1,8
686382D3,0,,0,6
686382D3,0,,1,8
686382D3,1,,0,7
686382D3,1,,1,1
7178B392,0,,0,6
7178B392,0,,1,8
7178B392,1,,0,8
7178B392,1,,1,4
3E392555,0,,0,7
3E392555,0,,1,5
3E392555,1,,0,7
3E392555,1,,1,1
27221414,0,,0,8
27221414,0,,1,4
27221414,1,,0,7
27221414,1,,1,1
0C0F47D7,0,,0,6
0C0F47D7,0,,1,8
0C0F47D7,1,,0,7
0C0F47D7,1,,1,1
15147696,0,,0,7
15147696,0,,1,5
15147696,1,,0,6
15147696,1,,1,8
928C6A59,0,,0,7
928C6A59,0,,1,1
928C6A59,1,,0,7
928C6A59,1,,1,1
8B975B18,0,,0,1
8B975B18,0,,1,5
8B975B18,1,,0,7
8B975B18,1,,1,1
5B978A66,0,,0,7
5B978A66,0,,1,1
5B978A66,1,,0,7
5B978A66,1,,1,1
428CBB27,0,,0,7
428CBB27,0,,1,5
428CBB27,1,,0,7
428CBB27,1,,1,1
69A1E8E4,0,,0,1
69A1E8E4,0,,1,5
69A1E8E4,1,,0,1
69A1E8E4,1,,1,5
70BAD9A5,0,,0,7
70BAD9A5,0,,1,1
70BAD9A5,1,,0,7
70BAD9A5,1,,1,1
3FFB4F62,0,,0,1
3FFB4F62,0,,1,5
3FFB4F62,1,,0,8
3FFB4F62,1,,1,4
26E07E23,0,,0,4
26E07E23,0,,1,8
26E07E23,1,,0,7
26E07E23,1,,1,1
0DCD2DE0,0,,0,8
0DCD2DE0,0,,1,4
0DCD2DE0,1,,0,1
0DCD2DE0,1,,1,5
14D61CA1,0,,0,6
14D61CA1,0,,1,8
14D61CA1,1,,0,1
14D61CA1,1,,1,5
934E006E,0,,0,1
934E006E,0,,1,5
934E006E,1,,0,1
934E006E,1,,1,5
8A55312F,0,,0,1
8A55312F,0,,1,5
8A55312F,1,,0,6
8A55312F,1,,1,8
142ED7D3,0,,0,8
142ED7D3,0,,1,4
142ED7D3,1,,0,6
142ED7D3,1,,1,8
0D35E692,0,,0,7
0D35E692,0,,1,5
0D35E692,1,,0,7
0D35E692,1,,1,1
2618B551,0,,0,6
2618B551,0,,1,8
2618B551,1,,0,6
2618B551,1,,1,8
3F038410,0,,0,8
3F038410,0,,1,4
3F038410,1,,0,7
3F038410,1,,1,1
704212D7,0,,0,8
704212D7,0,,1,4
704212D7,1,,0,1
704212D7,1,,1,5
69592396,0,,0,1
69592396,0,,1,5
69592396,1,,0,1
69592396,1,,1,5
42747055,0,,0,6
42747055,0,,1,8
42747055,1,,0,6
42747055,1,,1,8
5B6F4114,0,,0,6
5B6F4114,0,,1,8
5B6F4114,1,,0,8
5B6F4114,1,,1,4
DCF75DDB,0,,0,8
DCF75DDB,0,,1,4
DCF75DDB,1,,0,1
DCF75DDB,1,,1,5
C5EC6C9A,0,,0,1
C5EC6C9A,0,,1,5
C5EC6C9A,1,,0,8
C5EC6C9A,1,,1,4
15ECBDE4,0,,0,4
15ECBDE4,0,,1,8
15ECBDE4,1,,0,8
15ECBDE4,1,,1,4
0CF78CA5,0,,0,7
0CF78CA5,0,,1,5
0CF78CA5,1,,0,1
0CF78CA5,1,,1,5
3EC1EE27,0,,0,7
3EC1EE27,0,,1,1
3EC1EE27,1,,0,1
3EC1EE27,1,,1,5
718078E0,0,,0,7
718078E0,0,,1,1
718078E0,1,,0,1
718078E0,1,,1,5
689B49A1,0,,0,6
689B49A1,0,,1,8
689B49A1,1,,0,6
689B49A1,1,,1,8
43B61A62,0,,0,7
43B61A62,0,,1,1
43B61A62,1,,0,8
43B61A62,1,,1,4
5AAD2B23,0,,0,6
5AAD2B23,0,,1,8
5AAD2B23,1,,0,8
5AAD2B23,1,,1,4
DD3537EC,0,,0,8
DD3537EC,0,,1,4
DD3537EC,1,,0,8
DD3537EC,1,,1,4
C42E06AD,0,,0,7
C42E06AD,0,,1,1
C42E06AD,1,,0,7
C42E06AD,1,,1,5
17AA03BD,0,,0,1
17AA03BD,0,,1,5
17AA03BD,1,,0,1
17AA03BD,1,,1,5
0EB132FC,0,,0,8
0EB132FC,0,,1,4
0EB132FC,1,,0,8
0EB132FC,1,,1,4
259C613F,0,,0,6
259C613F,0,,1,8
259C613F,1,,0,1
259C613F,1,,1,5
3C87507E,0,,0,7
3C87507E,0,,1,5
3C87507E,1,,0,1
3C87507E,1,,1,5
73C6C6B9,0,,0,6
73C6C6B9,0,,1,8
73C6C6B9,1,,0,8
73C6C6B9,1,,1,4
6ADDF7F8,0,,0,7
6ADDF7F8,0,,1,1
6ADDF7F8,1,,0,7
6ADDF7F8,1,,1,1
41F0A43B,0,,0,7
41F0A43B,0,,1,5
41F0A43B,1,,0,7
41F0A43B,1,,1,1
58EB957A,0,,0,1
58EB957A,0,,1,5
58EB957A,1,,0,7
58EB957A,1,,1,1
DF7389B5,0,,0,6
DF7389B5,0,,1,8
DF7389B5,1,,0,1
DF7389B5,1,,1,5
C668B8F4,0,,0,6
C668B8F4,0,,1,8
C668B8F4,1,,0,1
C668B8F4,1,,1,5
1668698A,0,,0,8
1668698A,0,,1,4
1668698A,1,,0,1
1668698A,1,,1,5
0F7358CB,0,,0,7
0F7358CB,0,,1,5
0F7358CB,1,,0,7
0F7358CB,1,,1,1
245E0B08,0,,0,7
245E0B08,0,,1,1
245E0B08,1,,0,6
245E0B08,1,,1,8
3D453A49,0,,0,7
3D453A49,0,,1,5
3D453A49,1,,0,1
3D453A49,1,,1,5
7204AC8E,0,,0,4
7204AC8E,0,,1,8
7204AC8E,1,,0,8
7204AC8E,1,,1,4
6B1F9DCF,0,,0,7
6B1F9DCF,0,,1,5
6B1F9DCF,1,,0,6
6B1F9DCF,1,,1,8
4032CE0C,0,,0,8
4032CE0C,0,,1,4
4032CE0C,1,,0,1
4032CE0C,1,,1,5
5929FF4D,0,,0,8
5929FF4D,0,,1,4
5929FF4D,1,,0,8
5929FF4D,1,,1,4
DEB1E382,0,,0,6
DEB1E382,0,,1,8
DEB1E382,1,,0,6
DEB1E382,1,,1,8
C7AAD2C3,0,,0,7
C7AAD2C3,0,,1,5
C7AAD2C3,1,,0,8
C7AAD2C3,1,,1,4
13277F0F,0,,0,7
13277F0F,0,,1,1
13277F0F,1,,0,8
13277F0F,1,,1,4
0A3C4E4E,0,,0,7
0A3C4E4E,0,,1,5
0A3C4E4E,1,,0,7
0A3C4E4E,1,,1,1
21111D8D,0,,0,6
21111D8D,0,,1,8
21111D8D,1,,0,7
21111D8D,1,,1,1
380A2CCC,0,,0,7
380A2CCC,0,,1,5
380A2CCC,1,,0,8
380A2CCC,1,,1,4
774BBA0B,0,,0,6
774BBA0B,0,,1,8
774BBA0B,1,,0,7
774BBA0B,1,,1,1
6E508B4A,0,,0,1
6E508B4A,0,,1,5
6E508B4A,1,,0,1
6E508B4A,1,,1,5
457DD889,0,,0,7
457DD889,0,,1,5
457DD889,1,,0,1
457DD889,1,,1,5
5C66E9C8,0,,0,7
5C66E9C8,0,,1,5
5C66E9C8,1,,0,7
5C66E9C8,1,,1,1
DBFEF507,0,,0,6
DBFEF507,0,,1,8
DBFEF507,1,,0,8
DBFEF507,1,,1,4
C2E5C446,0,,0,6
C2E5C446,0,,1,8
C2E5C446,1,,0,8
C2E5C446,1,,1,4
12E51538,0,,0,1
12E51538,0,,1,5
12E51538,1,,0,7
12E51538,1,,1,1
0BFE2479,0,,0,1
0BFE2479,0,,1,5
0BFE2479,1,,0,1
0BFE2479,1,,1,5
20D377BA,0,,0,7
20D377BA,0,,1,5
20D377BA,1,,0,8
20D377BA,1,,1,4
39C846FB,0,,0,7
39C846FB,0,,1,5
39C846FB,1,,0,6
39C846FB,1,,1,8
7689D03C,0,,0,6
7689D03C,0,,1,8
7689D03C,1,,0,1
7689D03C,1,,1,5
6F92E17D,0,,0,7
6F92E17D,0,,1,5
6F92E17D,1,,0,6
6F92E17D,1,,1,8
44BFB2BE,0,,0,7
44BFB2BE,0,,1,5
44BFB2BE,1,,0,7
44BFB2BE,1,,1,1
5DA483FF,0,,0,1
5DA483FF,0,,1,5
5DA483FF,1,,0,1
5DA483FF,1,,1,5
DA3C9F30,0,,0,1
DA3C9F30,0,,1,5
DA3C9F30,1,,0,7
DA3C9F30,1,,1,1
C327AE71,0,,0,7
C327AE71,0,,1,5
C327AE71,1,,0,1
C327AE71,1,,1,5
10A3AB61,0,,0,7
10A3AB61,0,,1,1
10A3AB61,1,,0,6
10A3AB61,1,,1,8
09B89A20,0,,0,1
09B89A20,0,,1,5
09B89A20,1,,0,1
09B89A20,1,,1,5
2295C9E3,0,,0,1
2295C9E3,0,,1,5
2295C9E3,1,,0,6
2295C9E3,1,,1,8
3B8EF8A2,0,,0,8
3B8EF8A2,0,,1,4
3B8EF8A2,1,,0,8
3B8EF8A2,1,,1,4
74CF6E65,0,,0,7
74CF6E65,0,,1,5
74CF6E65,1,,0,6
74CF6E65,1,,1,8
6DD45F24,0,,0,7
6DD45F24,0,,1,5
6DD45F24,1,,0,8
6DD45F24,1,,1,4
5FE23DA6,0,,0,6
5FE23DA6,0,,1,8
5FE23DA6,1,,0,7
5FE23DA6,1,,1,1
D87A2169,0,,0,7
D87A2169,0,,1,1
D87A2169,1,,0,6
D87A2169,1,,1,8
C1611028,0,,0,1
C1611028,0,,1,5
C1611028,1,,0,7
C1611028,1,,1,5
1161C156,0,,0,7
1161C156,0,,1,1
1161C156,1,,0,1
1161C156,1,,1,5
087AF017,0,,0,7
087AF017,0,,1,5
087AF017,1,,0,1
087AF017,1,,1,5
2357A3D4,0,,0,1
2357A3D4,0,,1,5
2357A3D4,1,,0,7
2357A3D4,1,,1,1
3A4C9295,0,,0,6
3A4C9295,0,,1,8
3A4C9295,1,,0,8
3A4C9295,1,,1,4
750D0452,0,,0,7
750D0452,0,,1,5
750D0452,1,,0,1
750D0452,1,,1,5
6C163513,0,,0,1
6C163513,0,,1,5
6C163513,1,,0,8
6C163513,1,,1,4
473B66D0,0,,0,7
473B66D0,0,,1,5
473B66D0,1,,0,1
473B66D0,1,,1,5
5E205791,0,,0,8
5E205791,0,,1,4
5E205791,1,,0,8
5E205791,1,,1,4
D9B84B5E,0,,0,7
D9B84B5E,0,,1,5
D9B84B5E,1,,0,7
D9B84B5E,1,,1,1
C0A37A1F,0,,0,1
C0A37A1F,0,,1,5
C0A37A1F,1,,0,1
C0A37A1F,1,,1,5
1A3D866B,0,,0,6
1A3D866B,0,,1,8
1A3D866B,1,,0,1
1A3D866B,1,,1,5
0326B72A,0,,0,7
0326B72A,0,,1,1
0326B72A,1,,0,7
0326B72A,1,,1,1
280BE4E9,0,,0,7
280BE4E9,0,,1,1
280BE4E9,1,,0,8
280BE4E9,1,,1,4
3110D5A8,0,,0,7
3110D5A8,0,,1,5
3110D5A8,1,,0,7
3110D5A8,1,,1,1
7E51436F,0,,0,7
7E51436F,0,,1,5
7E51436F,1,,0,1
7E51436F,1,,1,5
674A722E,0,,0,8
674A722E,0,,1,4
674A722E,1,,0,7
674A722E,1,,1,1
4C6721ED,0,,0,6
4C6721ED,0,,1,8
4C6721ED,1,,0,1
4C6721ED,1,,1,5
557C10AC,0,,0,1
557C10AC,0,,1,5
557C10AC,1,,0,7
557C10AC,1,,1,1
D2E40C63,0,,0,7
D2E40C63,0,,1,5
D2E40C63,1,,0,6
D2E40C63,1,,1,8
CBFF3D22,0,,0,8
CBFF3D22,0,,1,4
CBFF3D22,1,,0,7
CBFF3D22,1,,1,5
1BFFEC5C,0,,0,6
1BFFEC5C,0,,1,8
1BFFEC5C,1,,0,8
1BFFEC5C,1,,1,4
02E4DD1D,0,,0,7
02E4DD1D,0,,1,1
02E4DD1D,1,,0,7
02E4DD1D,1,,1,1
29C98EDE,0,,0,6
29C98EDE,0,,1,8
29C98EDE,1,,0,1
29C98EDE,1,,1,5
30D2BF9F,0,,0,8
30D2BF9F,0,,1,4
30D2BF9F,1,,0,7
30D2BF9F,1,,1,1
7F932958,0,,0,6
7F932958,0,,1,8
7F932958,1,,0,7
7F932958,1,,1,1
4DA54BDA,0,,0,7
4DA54BDA,0,,1,5
4DA54BDA,1,,0,8
4DA54BDA,1,,1,4
D3266654,0,,0,1
D3266654,0,,1,5
D3266654,1,,0,8
D3266654,1,,1,4
EF429E90,0,,0,6
EF429E90,0,,1,8
EF429E90,1,,0,8
EF429E90,1,,1,4
8AEC31A3,0,,0,6
8AEC31A3,0,,1,8
8AEC31A3,1,,0,7
8AEC31A3,1,,1,1
93F700E2,0,,0,1
93F700E2,0,,1,5
93F700E2,1,,0,7
93F700E2,1,,1,1
B8DA5321,0,,0,7
B8DA5321,0,,1,5
B8DA5321,1,,0,7
B8DA5321,1,,1,1
A1C16260,0,,0,1
A1C16260,0,,1,5
A1C16260,1,,0,7
A1C16260,1,,1,1
26597EAF,0,,0,8
26597EAF,0,,1,4
26597EAF,1,,0,7
26597EAF,1,,1,1
3F424FEE,0,,0,7
3F424FEE,0,,1,5
3F424FEE,1,,0,7
3F424FEE,1,,1,1
F659AFD1,0,,0,8
F659AFD1,0,,1,4
F659AFD1,1,,0,8
F659AFD1,1,,1,4
6D455583,0,,0,6
6D455583,0,,1,8
6D455583,1,,0,6
6D455583,1,,1,8
6C873FB4,0,,0,7
6C873FB4,0,,1,5
6C873FB4,1,,0,8
6C873FB4,1,,1,4
F79BC5E6,0,,0,6
F79BC5E6,0,,1,8
F79BC5E6,1,,0,6
F79BC5E6,1,,1,8
DCB69625,0,,0,1
DCB69625,0,,1,5
DCB69625,1,,0,1
DCB69625,1,,1,5
C5ADA764,0,,0,1
C5ADA764,0,,1,5
C5ADA764,1,,0,8
C5ADA764,1,,1,4
D2F09A3A,0,,0,7
D2F09A3A,0,,1,5
D2F09A3A,1,,0,7
D2F09A3A,1,,1,1
F9DDC9F9,0,,0,7
F9DDC9F9,0,,1,5
F9DDC9F9,1,,0,1
F9DDC9F9,1,,1,5
E0C6F8B8,0,,0,8
E0C6F8B8,0,,1,4
E0C6F8B8,1,,0,7
E0C6F8B8,1,,1,5
AF876E7F,0,,0,8
AF876E7F,0,,1,4
AF876E7F,1,,0,7
AF876E7F,1,,1,5
B69C5F3E,0,,0,7
B69C5F3E,0,,1,1
B69C5F3E,1,,0,7
B69C5F3E,1,,1,1
9DB10CFD,0,,0,1
9DB10CFD,0,,1,5
9DB10CFD,1,,0,7
9DB10CFD,1,,1,1
84AA3DBC,0,,0,6
84AA3DBC,0,,1,8
84AA3DBC,1,,0,7
84AA3DBC,1,,1,1
03322173,0,,0,8
03322173,0,,1,4
03322173,1,,0,7
03322173,1,,1,1
1A291032,0,,0,6
1A291032,0,,1,8
1A291032,1,,0,1
1A291032,1,,1,5
CA29C14C,0,,0,8
CA29C14C,0,,1,4
CA29C14C,1,,0,7
CA29C14C,1,,1,1
D332F00D,0,,0,6
D332F00D,0,,1,8
D332F00D,1,,0,8
D332F00D,1,,1,4
756ED767,0,,0,7
756ED767,0,,1,1
756ED767,1,,0,6
756ED767,1,,1,8
5E4384A4,0,,0,6
5E4384A4,0,,1,8
5E4384A4,1,,0,1
5E4384A4,1,,1,5
4758B5E5,0,,0,6
4758B5E5,0,,1,8
4758B5E5,1,,0,1
4758B5E5,1,,1,5
08192322,0,,0,1
08192322,0,,1,5
08192322,1,,0,1
08192322,1,,1,5
11021263,0,,0,7
11021263,0,,1,1
11021263,1,,0,7
11021263,1,,1,1
3A2F41A0,0,,0,7
3A2F41A0,0,,1,5
3A2F41A0,1,,0,7
3A2F41A0,1,,1,1
233470E1,0,,0,8
233470E1,0,,1,4
233470E1,1,,0,7
233470E1,1,,1,1
A4AC6C2E,0,,0,7
A4AC6C2E,0,,1,5
A4AC6C2E,1,,0,7
A4AC6C2E,1,,1,1
BDB75D6F,0,,0,7
BDB75D6F,0,,1,1
BDB75D6F,1,,0,8
BDB75D6F,1,,1,4
6DB78C11,0,,0,7
6DB78C11,0,,1,5
6DB78C11,1,,0,8
6DB78C11,1,,1,4
74ACBD50,0,,0,7
74ACBD50,0,,1,1
74ACBD50,1,,0,8
74ACBD50,1,,1,4
C3C1E1BA,0,,0,8
C3C1E1BA,0,,1,4
C3C1E1BA,1,,0,6
C3C1E1BA,1,,1,8
E8ECB279,0,,0,6
E8ECB279,0,,1,8
E8ECB279,1,,0,1
E8ECB279,1,,1,5
F1F78338,0,,0,7
F1F78338,0,,1,1
F1F78338,1,,0,1
F1F78338,1,,1,5
BEB615FF,0,,0,1
BEB615FF,0,,1,5
BEB615FF,1,,0,7
BEB615FF,1,,1,5
A7AD24BE,0,,0,7
A7AD24BE,0,,1,1
A7AD24BE,1,,0,7
A7AD24BE,1,,1,5
8C80777D,0,,0,7
8C80777D,0,,1,5
8C80777D,1,,0,7
8C80777D,1,,1,5
959B463C,0,,0,7
959B463C,0,,1,5
959B463C,1,,0,7
959B463C,1,,1,1
12035AF3,0,,0,1
12035AF3,0,,1,5
12035AF3,1,,0,7
12035AF3,1,,1,1
0B186BB2,0,,0,7
0B186BB2,0,,1,5
0B186BB2,1,,0,8
0B186BB2,1,,1,4
DB18BACC,0,,0,7
DB18BACC,0,,1,1
DB18BACC,1,,0,7
DB18BACC,1,,1,1
C2038B8D,0,,0,6
C2038B8D,0,,1,8
C2038B8D,1,,0,8
C2038B8D,1,,1,4
C04535D4,0,,0,8
C04535D4,0,,1,4
C04535D4,1,,0,7
C04535D4,1,,1,1
EB686617,0,,0,8
EB686617,0,,1,4
EB686617,1,,0,1
EB686617,1,,1,5
F2735756,0,,0,7
F2735756,0,,1,5
F2735756,1,,0,7
F2735756,1,,1,1
BD32C191,0,,0,6
BD32C191,0,,1,8
BD32C191,1,,0,1
BD32C191,1,,1,5
A429F0D0,0,,0,7
A429F0D0,0,,1,1
A429F0D0,1,,0,1
A429F0D0,1,,1,5
8F04A313,0,,0,7
8F04A313,0,,1,1
8F04A313,1,,0,7
8F04A313,1,,1,1
961F9252,0,,0,6
961F9252,0,,1,8
961F9252,1,,0,7
961F9252,1,,1,1
11878E9D,0,,0,1
11878E9D,0,,1,5
11878E9D,1,,0,7
11878E9D,1,,1,1
089CBFDC,0,,0,7
089CBFDC,0,,1,5
089CBFDC,1,,0,8
089CBFDC,1,,1,4
D89C6EA2,0,,0,7
D89C6EA2,0,,1,5
D89C6EA2,1,,0,8
D89C6EA2,1,,1,4
C1875FE3,0,,0,7
C1875FE3,0,,1,5
C1875FE3,1,,0,7
C1875FE3,1,,1,5
C4C84966,0,,0,7
C4C84966,0,,1,5
C4C84966,1,,0,6
C4C84966,1,,1,8
EFE51AA5,0,,0,7
EFE51AA5,0,,1,1
EFE51AA5,1,,0,1
EFE51AA5,1,,1,5
F6FE2BE4,0,,0,6
F6FE2BE4,0,,1,8
F6FE2BE4,1,,0,7
F6FE2BE4,1,,1,1
B9BFBD23,0,,0,1
B9BFBD23,0,,1,5
B9BFBD23,1,,0,1
B9BFBD23,1,,1,5
A0A48C62,0,,0,8
A0A48C62,0,,1,4
A0A48C62,1,,0,1
A0A48C62,1,,1,5
8B89DFA1,0,,0,7
8B89DFA1,0,,1,5
8B89DFA1,1,,0,7
8B89DFA1,1,,1,1
9292EEE0,0,,0,1
9292EEE0,0,,1,5
9292EEE0,1,,0,7
9292EEE0,1,,1,1
150AF22F,0,,0,8
150AF22F,0,,1,4
150AF22F,1,,0,7
150AF22F,1,,1,1
0C11C36E,0,,0,7
0C11C36E,0,,1,1
0C11C36E,1,,0,8
0C11C36E,1,,1,4
DC111210,0,,0,8
DC111210,0,,1,4
DC111210,1,,0,7
DC111210,1,,1,1
C50A2351,0,,0,6
C50A2351,0,,1,8
C50A2351,1,,0,8
C50A2351,1,,1,4
CDD2B002,0,,0,7
CDD2B002,0,,1,1
CDD2B002,1,,0,6
CDD2B002,1,,1,8
E6FFE3C1,0,,0,6
E6FFE3C1,0,,1,8
E6FFE3C1,1,,0,1
E6FFE3C1,1,,1,5
FFE4D280,0,,0,1
FFE4D280,0,,1,5
FFE4D280,1,,0,7
FFE4D280,1,,1,5
B0A54447,0,,0,7
B0A54447,0,,1,5
B0A54447,1,,0,1
B0A54447,1,,1,5
A9BE7506,0,,0,1
A9BE7506,0,,1,5
A9BE7506,1,,0,7
A9BE7506,1,,1,5
829326C5,0,,0,7
829326C5,0,,1,5
829326C5,1,,0,7
829326C5,1,,1,1
9B881784,0,,0,7
9B881784,0,,1,5
9B881784,1,,0,7
9B881784,1,,1,1
1C100B4B,0,,0,8
1C100B4B,0,,1,4
1C100B4B,1,,0,7
1C100B4B,1,,1,1
050B3A0A,0,,0,8
050B3A0A,0,,1,4
050B3A0A,1,,0,8
050B3A0A,1,,1,4
D50BEB74,0,,0,4
D50BEB74,0,,1,8
D50BEB74,1,,0,1
D50BEB74,1,,1,5
CC10DA35,0,,0,6
CC10DA35,0,,1,8
CC10DA35,1,,0,1
CC10DA35,1,,1,5
E44B840A,0,,0,6
E44B840A,0,,1,8
E44B840A,1,,0,1
E44B840A,1,,1,5
AB0A12CD,0,,0,7
AB0A12CD,0,,1,1
AB0A12CD,1,,0,7
AB0A12CD,1,,1,5
8027410E,0,,0,8
8027410E,0,,1,4
8027410E,1,,0,7
8027410E,1,,1,1
07BF5DC1,0,,0,7
07BF5DC1,0,,1,1
07BF5DC1,1,,0,7
07BF5DC1,1,,1,1
1EA46C80,0,,0,1
1EA46C80,0,,1,5
1EA46C80,1,,0,8
1EA46C80,1,,1,4
D5F932E6,0,,0,7
D5F932E6,0,,1,1
D5F932E6,1,,0,6
D5F932E6,1,,1,8
FED46125,0,,0,1
FED46125,0,,1,5
FED46125,1,,0,7
FED46125,1,,1,1
B195F7E2,0,,0,8
B195F7E2,0,,1,4
B195F7E2,1,,0,7
B195F7E2,1,,1,1
9AB8A421,0,,0,8
9AB8A421,0,,1,4
9AB8A421,1,,0,7
9AB8A421,1,,1,1
1D20B8EE,0,,0,7
1D20B8EE,0,,1,5
1D20B8EE,1,,0,8
1D20B8EE,1,,1,4
D43B58D1,0,,0,6
D43B58D1,0,,1,8
D43B58D1,1,,0,8
D43B58D1,1,,1,4
69C82931,0,,0,6
69C82931,0,,1,8
69C82931,1,,0,6
69C82931,1,,1,8
42E57AF2,0,,0,1
42E57AF2,0,,1,5
42E57AF2,1,,0,1
42E57AF2,1,,1,5
5BFE4BB3,0,,0,1
5BFE4BB3,0,,1,5
5BFE4BB3,1,,0,1
5BFE4BB3,1,,1,5
14BFDD74,0,,0,6
14BFDD74,0,,1,8
14BFDD74,1,,0,7
14BFDD74,1,,1,5
0DA4EC35,0,,0,7
0DA4EC35,0,,1,5
0DA4EC35,1,,0,7
0DA4EC35,1,,1,1
2689BFF6,0,,0,7
2689BFF6,0,,1,1
2689BFF6,1,,0,7
2689BFF6,1,,1,1
3F928EB7,0,,0,1
3F928EB7,0,,1,5
3F928EB7,1,,0,7
3F928EB7,1,,1,1
B80A9278,0,,0,1
B80A9278,0,,1,5
B80A9278,1,,0,7
B80A9278,1,,1,1
A111A339,0,,0,7
A111A339,0,,1,5
A111A339,1,,0,1
A111A339,1,,1,5
71117247,0,,0,7
71117247,0,,1,5
71117247,1,,0,7
71117247,1,,1,1
680A4306,0,,0,7
680A4306,0,,1,5
680A4306,1,,0,1
680A4306,1,,1,5
432710C5,0,,0,6
432710C5,0,,1,8
432710C5,1,,0,6
432710C5,1,,1,8
5A3C2184,0,,0,1
5A3C2184,0,,1,5
5A3C2184,1,,0,1
5A3C2184,1,,1,5
157DB743,0,,0,8
157DB743,0,,1,4
157DB743,1,,0,7
157DB743,1,,1,1
0C668602,0,,0,1
0C668602,0,,1,5
0C668602,1,,0,8
0C668602,1,,1,4
274BD5C1,0,,0,6
274BD5C1,0,,1,8
274BD5C1,1,,0,7
274BD5C1,1,,1,1
6A4CFD5F,0,,0,6
6A4CFD5F,0,,1,8
6A4CFD5F,1,,0,6
6A4CFD5F,1,,1,8
4161AE9C,0,,0,6
4161AE9C,0,,1,8
4161AE9C,1,,0,7
4161AE9C,1,,1,5
587A9FDD,0,,0,6
587A9FDD,0,,1,8
587A9FDD,1,,0,7
587A9FDD,1,,1,5
173B091A,0,,0,6
173B091A,0,,1,8
173B091A,1,,0,1
173B091A,1,,1,5
0E20385B,0,,0,1
0E20385B,0,,1,5
0E20385B,1,,0,7
0E20385B,1,,1,1
250D6B98,0,,0,7
250D6B98,0,,1,1
250D6B98,1,,0,7
250D6B98,1,,1,1
3C165AD9,0,,0,7
3C165AD9,0,,1,5
3C165AD9,1,,0,7
3C165AD9,1,,1,1
BB8E4616,0,,0,8
BB8E4616,0,,1,4
BB8E4616,1,,0,7
BB8E4616,1,,1,1
A2957757,0,,0,6
A2957757,0,,1,8
A2957757,1,,0,1
A2957757,1,,1,5
BA4C2C21,0,,0,7
BA4C2C21,0,,1,5
BA4C2C21,1,,0,8
BA4C2C21,1,,1,4
7295A629,0,,0,7
7295A629,0,,1,5
7295A629,1,,0,1
7295A629,1,,1,5
6B8E9768,0,,0,6
6B8E9768,0,,1,8
6B8E9768,1,,0,8
6B8E9768,1,,1,4
40A3C4AB,0,,0,8
40A3C4AB,0,,1,4
40A3C4AB,1,,0,6
40A3C4AB,1,,1,8
59B8F5EA,0,,0,7
59B8F5EA,0,,1,1
59B8F5EA,1,,0,1
59B8F5EA,1,,1,5
16F9632D,0,,0,7
16F9632D,0,,1,1
16F9632D,1,,0,7
16F9632D,1,,1,1
0FE2526C,0,,0,1
0FE2526C,0,,1,5
0FE2526C,1,,0,1
0FE2526C,1,,1,5
24CF01AF,0,,0,1
24CF01AF,0,,1,5
24CF01AF,1,,0,8
24CF01AF,1,,1,4
6EC181ED,0,,0,7
6EC181ED,0,,1,5
6EC181ED,1,,0,6
6EC181ED,1,,1,8
45ECD22E,0,,0,7
45ECD22E,0,,1,5
45ECD22E,1,,0,1
45ECD22E,1,,1,5
5CF7E36F,0,,0,7
5CF7E36F,0,,1,5
5CF7E36F,1,,0,1
5CF7E36F,1,,1,5
13B675A8,0,,0,7
13B675A8,0,,1,1
13B675A8,1,,0,1
13B675A8,1,,1,5
0AAD44E9,0,,0,7
0AAD44E9,0,,1,1
0AAD44E9,1,,0,1
0AAD44E9,1,,1,5
2180172A,0,,0,7
2180172A,0,,1,1
2180172A,1,,0,7
2180172A,1,,1,1
389B266B,0,,0,4
389B266B,0,,1,8
389B266B,1,,0,7
389B266B,1,,1,1
BF033AA4,0,,0,8
BF033AA4,0,,1,4
BF033AA4,1,,0,7
BF033AA4,1,,1,1
A6180BE5,0,,0,7
A6180BE5,0,,1,1
A6180BE5,1,,0,8
A6180BE5,1,,1,4
7618DA9B,0,,0,7
7618DA9B,0,,1,5
7618DA9B,1,,0,8
7618DA9B,1,,1,4
6F03EBDA,0,,0,7
6F03EBDA,0,,1,1
6F03EBDA,1,,0,8
6F03EBDA,1,,1,4
442EB819,0,,0,6
442EB819,0,,1,8
442EB819,1,,0,1
442EB819,1,,1,5
5D358958,0,,0,8
5D358958,0,,1,4
5D358958,1,,0,6
5D358958,1,,1,8
12741F9F,0,,0,1
12741F9F,0,,1,5
12741F9F,1,,0,1
12741F9F,1,,1,5
0B6F2EDE,0,,0,7
0B6F2EDE,0,,1,1
0B6F2EDE,1,,0,7
0B6F2EDE,1,,1,1
20427D1D,0,,0,7
20427D1D,0,,1,1
20427D1D,1,,0,1
20427D1D,1,,1,5
46680640,0,,0,7
46680640,0,,1,1
46680640,1,,0,7
46680640,1,,1,5
5F733701,0,,0,1
5F733701,0,,1,5
5F733701,1,,0,1
5F733701,1,,1,5
1032A1C6,0,,0,7
1032A1C6,0,,1,1
1032A1C6,1,,0,1
1032A1C6,1,,1,5
09299087,0,,0,6
09299087,0,,1,8
09299087,1,,0,1
09299087,1,,1,5
2204C344,0,,0,1
2204C344,0,,1,5
2204C344,1,,0,7
2204C344,1,,1,1
3B1FF205,0,,0,7
3B1FF205,0,,1,5
3B1FF205,1,,0,7
3B1FF205,1,,1,1
BC87EECA,0,,0,7
BC87EECA,0,,1,5
BC87EECA,1,,0,7
BC87EECA,1,,1,1
A59CDF8B,0,,0,6
A59CDF8B,0,,1,8
A59CDF8B,1,,0,1
A59CDF8B,1,,1,5
759C0EF5,0,,0,8
759C0EF5,0,,1,4
759C0EF5,1,,0,7
759C0EF5,1,,1,1
47AA6C77,0,,0,7
47AA6C77,0,,1,1
47AA6C77,1,,0,6
47AA6C77,1,,1,8
5EB15D36,0,,0,7
5EB15D36,0,,1,5
5EB15D36,1,,0,8
5EB15D36,1,,1,4
11F0CBF1,0,,0,1
11F0CBF1,0,,1,5
11F0CBF1,1,,0,1
11F0CBF1,1,,1,5
08EBFAB0,0,,0,1
08EBFAB0,0,,1,5
08EBFAB0,1,,0,7
08EBFAB0,1,,1,1
23C6A973,0,,0,7
23C6A973,0,,1,1
23C6A973,1,,0,7
23C6A973,1,,1,1
67DB7889,0,,0,1
67DB7889,0,,1,5
67DB7889,1,,0,6
67DB7889,1,,1,8
4CF62B4A,0,,0,7
4CF62B4A,0,,1,1
4CF62B4A,1,,0,1
4CF62B4A,1,,1,5
55ED1A0B,0,,0,8
55ED1A0B,0,,1,4
55ED1A0B,1,,0,1
55ED1A0B,1,,1,5
1AAC8CCC,0,,0,7
1AAC8CCC,0,,1,5
1AAC8CCC,1,,0,1
1AAC8CCC,1,,1,5
03B7BD8D,0,,0,6
03B7BD8D,0,,1,8
03B7BD8D,1,,0,1
03B7BD8D,1,,1,5
289AEE4E,0,,0,7
289AEE4E,0,,1,1
289AEE4E,1,,0,7
289AEE4E,1,,1,1
3181DF0F,0,,0,7
3181DF0F,0,,1,1
3181DF0F,1,,0,7
3181DF0F,1,,1,1
B619C3C0,0,,0,1
B619C3C0,0,,1,5
B619C3C0,1,,0,8
B619C3C0,1,,1,4
AF02F281,0,,0,1
AF02F281,0,,1,5
AF02F281,1,,0,7
AF02F281,1,,1,1
7F0223FF,0,,0,1
7F0223FF,0,,1,5
7F0223FF,1,,0,8
7F0223FF,1,,1,4
661912BE,0,,0,6
661912BE,0,,1,8
661912BE,1,,0,1
661912BE,1,,1,5
4D34417D,0,,0,1
4D34417D,0,,1,5
4D34417D,1,,0,6
4D34417D,1,,1,8
542F703C,0,,0,7
542F703C,0,,1,5
542F703C,1,,0,8
542F703C,1,,1,4
1B6EE6FB,0,,0,7
1B6EE6FB,0,,1,5
1B6EE6FB,1,,0,7
1B6EE6FB,1,,1,1
0275D7BA,0,,0,7
0275D7BA,0,,1,5
0275D7BA,1,,0,8
0275D7BA,1,,1,4
29588479,0,,0,7
29588479,0,,1,5
29588479,1,,0,6
29588479,1,,1,8
F41F1188,0,,0,1
F41F1188,0,,1,5
F41F1188,1,,0,6
F41F1188,1,,1,8
DF32424B,0,,0,7
DF32424B,0,,1,1
DF32424B,1,,0,1
DF32424B,1,,1,5
C629730A,0,,0,7
C629730A,0,,1,5
C629730A,1,,0,7
C629730A,1,,1,1
8968E5CD,0,,0,4
8968E5CD,0,,1,8
8968E5CD,1,,0,7
8968E5CD,1,,1,5
9073D48C,0,,0,1
9073D48C,0,,1,5
9073D48C,1,,0,1
9073D48C,1,,1,5
BB5E874F,0,,0,6
BB5E874F,0,,1,8
BB5E874F,1,,0,7
BB5E874F,1,,1,1
A245B60E,0,,0,6
A245B60E,0,,1,8
A245B60E,1,,0,7
A245B60E,1,,1,1
25DDAAC1,0,,0,6
25DDAAC1,0,,1,8
25DDAAC1,1,,0,7
25DDAAC1,1,,1,1
3CC69B80,0,,0,6
3CC69B80,0,,1,8
3CC69B80,1,,0,7
3CC69B80,1,,1,1
ECC64AFE,0,,0,7
ECC64AFE,0,,1,1
ECC64AFE,1,,0,8
ECC64AFE,1,,1,4
F5DD7BBF,0,,0,7
F5DD7BBF,0,,1,5
F5DD7BBF,1,,0,8
F5DD7BBF,1,,1,4
DEF0287C,0,,0,7
DEF0287C,0,,1,1
DEF0287C,1,,0,6
DEF0287C,1,,1,8
C7EB193D,0,,0,6
C7EB193D,0,,1,8
C7EB193D,1,,0,1
C7EB193D,1,,1,5
88AA8FFA,0,,0,1
88AA8FFA,0,,1,5
88AA8FFA,1,,0,7
88AA8FFA,1,,1,1
91B1BEBB,0,,0,6
91B1BEBB,0,,1,8
91B1BEBB,1,,0,7
91B1BEBB,1,,1,1
BA9CED78,0,,0,6
BA9CED78,0,,1,8
BA9CED78,1,,0,8
BA9CED78,1,,1,4
F316B954,0,,0,8
F316B954,0,,1,4
F316B954,1,,0,6
F316B954,1,,1,8
D83BEA97,0,,0,8
D83BEA97,0,,1,4
D83BEA97,1,,0,1
D83BEA97,1,,1,5
C120DBD6,0,,0,7
C120DBD6,0,,1,1
C120DBD6,1,,0,1
C120DBD6,1,,1,5
8E614D11,0,,0,1
8E614D11,0,,1,5
8E614D11,1,,0,1
8E614D11,1,,1,5
977A7C50,0,,0,7
977A7C50,0,,1,5
977A7C50,1,,0,7
977A7C50,1,,1,5
BC572F93,0,,0,6
BC572F93,0,,1,8
BC572F93,1,,0,7
BC572F93,1,,1,1
A54C1ED2,0,,0,6
A54C1ED2,0,,1,8
A54C1ED2,1,,0,7
A54C1ED2,1,,1,1
22D4021D,0,,0,7
22D4021D,0,,1,5
22D4021D,1,,0,7
22D4021D,1,,1,1
3BCF335C,0,,0,6
3BCF335C,0,,1,8
3BCF335C,1,,0,7
3BCF335C,1,,1,1
EBCFE222,0,,0,7
EBCFE222,0,,1,1
EBCFE222,1,,0,8
EBCFE222,1,,1,4
F2D4D363,0,,0,8
F2D4D363,0,,1,4
F2D4D363,1,,0,8
F2D4D363,1,,1,4
D9F980A0,0,,0,1
D9F980A0,0,,1,5
D9F980A0,1,,0,6
D9F980A0,1,,1,8
C0E2B1E1,0,,0,4
C0E2B1E1,0,,1,8
C0E2B1E1,1,,0,1
C0E2B1E1,1,,1,5
8FA32726,0,,0,7
8FA32726,0,,1,1
8FA32726,1,,0,7
8FA32726,1,,1,1
96B81667,0,,0,7
96B81667,0,,1,5
96B81667,1,,0,7
96B81667,1,,1,1
BD9545A4,0,,0,6
BD9545A4,0,,1,8
BD9545A4,1,,0,6
BD9545A4,1,,1,8
F0926D3A,0,,0,6
F0926D3A,0,,1,8
F0926D3A,1,,0,7
F0926D3A,1,,1,1
DBBF3EF9,0,,0,7
DBBF3EF9,0,,1,5
DBBF3EF9,1,,0,8
DBBF3EF9,1,,1,4
C2A40FB8,0,,0,6
C2A40FB8,0,,1,8
C2A40FB8,1,,0,1
C2A40FB8,1,,1,5
8DE5997F,0,,0,4
8DE5997F,0,,1,8
8DE5997F,1,,0,7
8DE5997F,1,,1,5
94FEA83E,0,,0,6
94FEA83E,0,,1,8
94FEA83E,1,,0,7
94FEA83E,1,,1,1
BFD3FBFD,0,,0,6
BFD3FBFD,0,,1,8
BFD3FBFD,1,,0,7
BFD3FBFD,1,,1,1
A6C8CABC,0,,0,7
A6C8CABC,0,,1,1
A6C8CABC,1,,0,7
A6C8CABC,1,,1,1
2150D673,0,,0,7
2150D673,0,,1,5
2150D673,1,,0,8
2150D673,1,,1,4
384BE732,0,,0,1
384BE732,0,,1,5
384BE732,1,,0,7
384BE732,1,,1,1
E84B364C,0,,0,8
E84B364C,0,,1,4
E84B364C,1,,0,8
E84B364C,1,,1,4
F150070D,0,,0,7
F150070D,0,,1,1
F150070D,1,,0,8
F150070D,1,,1,4
DA7D54CE,0,,0,6
DA7D54CE,0,,1,8
DA7D54CE,1,,0,7
DA7D54CE,1,,1,1
C366658F,0,,0,6
C366658F,0,,1,8
C366658F,1,,0,8
C366658F,1,,1,4
8C27F348,0,,0,1
8C27F348,0,,1,5
8C27F348,1,,0,7
8C27F348,1,,1,1
953CC209,0,,0,7
953CC209,0,,1,1
953CC209,1,,0,6
953CC209,1,,1,8
4CA376ED,0,,0,7
4CA376ED,0,,1,1
4CA376ED,1,,0,1
4CA376ED,1,,1,5
678E252E,0,,0,6
678E252E,0,,1,8
678E252E,1,,0,8
678E252E,1,,1,4
7E95146F,0,,0,1
7E95146F,0,,1,5
7E95146F,1,,0,7
7E95146F,1,,1,5
31D482A8,0,,0,7
31D482A8,0,,1,5
31D482A8,1,,0,1
31D482A8,1,,1,5
28CFB3E9,0,,0,1
28CFB3E9,0,,1,5
28CFB3E9,1,,0,7
28CFB3E9,1,,1,1
03E2E02A,0,,0,7
03E2E02A,0,,1,1
03E2E02A,1,,0,7
03E2E02A,1,,1,1
1AF9D16B,0,,0,8
1AF9D16B,0,,1,4
1AF9D16B,1,,0,7
1AF9D16B,1,,1,1
9D61CDA4,0,,0,7
9D61CDA4,0,,1,5
9D61CDA4,1,,0,1
9D61CDA4,1,,1,5
847AFCE5,0,,0,8
847AFCE5,0,,1,4
847AFCE5,1,,0,1
847AFCE5,1,,1,5
547A2D9B,0,,0,7
547A2D9B,0,,1,5
547A2D9B,1,,0,6
547A2D9B,1,,1,8
4D611CDA,0,,0,8
4D611CDA,0,,1,4
4D611CDA,1,,0,6
4D611CDA,1,,1,8
664C4F19,0,,0,6
664C4F19,0,,1,8
664C4F19,1,,0,1
664C4F19,1,,1,5
7F577E58,0,,0,8
7F577E58,0,,1,4
7F577E58,1,,0,1
7F577E58,1,,1,5
3016E89F,0,,0,6
3016E89F,0,,1,8
3016E89F,1,,0,1
3016E89F,1,,1,5
290DD9DE,0,,0,1
290DD9DE,0,,1,5
290DD9DE,1,,0,1
290DD9DE,1,,1,5
02208A1D,0,,0,7
02208A1D,0,,1,5
02208A1D,1,,0,1
02208A1D,1,,1,5
1B3BBB5C,0,,0,7
1B3BBB5C,0,,1,1
1B3BBB5C,1,,0,8
1B3BBB5C,1,,1,4
9CA3A793,0,,0,7
9CA3A793,0,,1,1
9CA3A793,1,,0,7
9CA3A793,1,,1,1
85B896D2,0,,0,1
85B896D2,0,,1,5
85B896D2,1,,0,1
85B896D2,1,,1,5
563C93C2,0,,0,6
563C93C2,0,,1,8
563C93C2,1,,0,6
563C93C2,1,,1,8
4F27A283,0,,0,6
4F27A283,0,,1,8
4F27A283,1,,0,1
4F27A283,1,,1,5
640AF140,0,,0,7
640AF140,0,,1,1
640AF140,1,,0,7
640AF140,1,,1,1
7D11C001,0,,0,7
7D11C001,0,,1,5
7D11C001,1,,0,7
7D11C001,1,,1,1
325056C6,0,,0,7
325056C6,0,,1,1
325056C6,1,,0,1
325056C6,1,,1,5
2B4B6787,0,,0,6
2B4B6787,0,,1,8
2B4B6787,1,,0,8
2B4B6787,1,,1,4
00663444,0,,0,1
00663444,0,,1,5
00663444,1,,0,8
00663444,1,,1,4
197D0505,0,,0,7
197D0505,0,,1,1
197D0505,1,,0,1
197D0505,1,,1,5
9EE519CA,0,,0,6
9EE519CA,0,,1,8
9EE519CA,1,,0,7
9EE519CA,1,,1,1
87FE288B,0,,0,8
87FE288B,0,,1,4
87FE288B,1,,0,1
87FE288B,1,,1,5
57FEF9F5,0,,0,7
57FEF9F5,0,,1,5
57FEF9F5,1,,0,1
57FEF9F5,1,,1,5
65C89B77,0,,0,6
65C89B77,0,,1,8
65C89B77,1,,0,1
65C89B77,1,,1,5
7CD3AA36,0,,0,7
7CD3AA36,0,,1,5
7CD3AA36,1,,0,6
7CD3AA36,1,,1,8
33923CF1,0,,0,7
33923CF1,0,,1,1
33923CF1,1,,0,6
33923CF1,1,,1,8
2A890DB0,0,,0,1
2A890DB0,0,,1,5
2A890DB0,1,,0,6
2A890DB0,1,,1,8
01A45E73,0,,0,6
01A45E73,0,,1,8
01A45E73,1,,0,7
01A45E73,1,,1,1
18BF6F32,0,,0,7
18BF6F32,0,,1,5
18BF6F32,1,,0,7
18BF6F32,1,,1,1
9F2773FD,0,,0,8
9F2773FD,0,,1,4
9F2773FD,1,,0,7
9F2773FD,1,,1,1
863C42BC,0,,0,6
863C42BC,0,,1,8
863C42BC,1,,0,8
863C42BC,1,,1,4
52B1EF70,0,,0,8
52B1EF70,0,,1,4
52B1EF70,1,,0,7
52B1EF70,1,,1,1
4BAADE31,0,,0,1
4BAADE31,0,,1,5
4BAADE31,1,,0,6
4BAADE31,1,,1,8
60878DF2,0,,0,1
60878DF2,0,,1,5
60878DF2,1,,0,1
60878DF2,1,,1,5
799CBCB3,0,,0,7
799CBCB3,0,,1,1
799CBCB3,1,,0,7
799CBCB3,1,,1,1
36DD2A74,0,,0,8
36DD2A74,0,,1,4
36DD2A74,1,,0,7
36DD2A74,1,,1,1
2FC61B35,0,,0,7
2FC61B35,0,,1,5
2FC61B35,1,,0,6
2FC61B35,1,,1,8
04EB48F6,0,,0,1
04EB48F6,0,,1,5
04EB48F6,1,,0,7
04EB48F6,1,,1,1
1DF079B7,0,,0,7
1DF079B7,0,,1,5
1DF079B7,1,,0,8
1DF079B7,1,,1,4
9A686578,0,,0,6
9A686578,0,,1,8
9A686578,1,,0,6
9A686578,1,,1,8
83735439,0,,0,6
83735439,0,,1,8
83735439,1,,0,1
83735439,1,,1,5
53738547,0,,0,8
53738547,0,,1,4
53738547,1,,0,8
53738547,1,,1,4
4A68B406,0,,0,1
4A68B406,0,,1,5
4A68B406,1,,0,7
4A68B406,1,,1,1
6145E7C5,0,,0,7
6145E7C5,0,,1,1
6145E7C5,1,,0,1
6145E7C5,1,,1,5
785ED684,0,,0,1
785ED684,0,,1,5
785ED684,1,,0,1
785ED684,1,,1,5
371F4043,0,,0,1
371F4043,0,,1,5
371F4043,1,,0,7
371F4043,1,,1,1
2E047102,0,,0,7
2E047102,0,,1,1
2E047102,1,,0,7
2E047102,1,,1,1
052922C1,0,,0,8
052922C1,0,,1,4
052922C1,1,,0,7
052922C1,1,,1,1
1C321380,0,,0,7
1C321380,0,,1,1
1C321380,1,,0,6
1C321380,1,,1,8
9BAA0F4F,0,,0,8
9BAA0F4F,0,,1,4
9BAA0F4F,1,,0,1
9BAA0F4F,1,,1,5
82B13E0E,0,,0,1
82B13E0E,0,,1,5
82B13E0E,1,,0,1
82B13E0E,1,,1,5
51353B1E,0,,0,1
51353B1E,0,,1,5
51353B1E,1,,0,7
51353B1E,1,,1,1
482E0A5F,0,,0,7
482E0A5F,0,,1,5
482E0A5F,1,,0,7
482E0A5F,1,,1,1
6303599C,0,,0,8
6303599C,0,,1,4
6303599C,1,,0,7
6303599C,1,,1,1
7A1868DD,0,,0,7
7A1868DD,0,,1,5
7A1868DD,1,,0,6
7A1868DD,1,,1,8
3559FE1A,0,,0,8
3559FE1A,0,,1,4
3559FE1A,1,,0,7
3559FE1A,1,,1,1
2C42CF5B,0,,0,4
2C42CF5B,0,,1,8
2C42CF5B,1,,0,7
2C42CF5B,1,,1,1
076F9C98,0,,0,1
076F9C98,0,,1,5
076F9C98,1,,0,7
076F9C98,1,,1,5
1E74ADD9,0,,0,7
1E74ADD9,0,,1,1
1E74ADD9,1,,0,1
1E74ADD9,1,,1,5
99ECB116,0,,0,7
99ECB116,0,,1,5
99ECB116,1,,0,7
99ECB116,1,,1,1
80F78057,0,,0,6
80F78057,0,,1,8
80F78057,1,,0,8
80F78057,1,,1,4
50F75129,0,,0,8
50F75129,0,,1,4
50F75129,1,,0,1
50F75129,1,,1,5
49EC6068,0,,0,4
49EC6068,0,,1,8
49EC6068,1,,0,8
49EC6068,1,,1,4
62C133AB,0,,0,6
62C133AB,0,,1,8
62C133AB,1,,0,6
62C133AB,1,,1,8
7BDA02EA,0,,0,8
7BDA02EA,0,,1,4
7BDA02EA,1,,0,1
7BDA02EA,1,,1,5
349B942D,0,,0,7
349B942D,0,,1,1
349B942D,1,,0,8
349B942D,1,,1,4
2D80A56C,0,,0,6
2D80A56C,0,,1,8
2D80A56C,1,,0,1
2D80A56C,1,,1,5
06ADF6AF,0,,0,7
06ADF6AF,0,,1,1
06ADF6AF,1,,0,7
06ADF6AF,1,,1,1
1FB6C7EE,0,,0,6
1FB6C7EE,0,,1,8
1FB6C7EE,1,,0,1
1FB6C7EE,1,,1,5
982EDB21,0,,0,6
982EDB21,0,,1,8
982EDB21,1,,0,1
982EDB21,1,,1,5
8135EA60,0,,0,7
8135EA60,0,,1,5
8135EA60,1,,0,7
8135EA60,1,,1,1
5BAB1614,0,,0,1
5BAB1614,0,,1,5
5BAB1614,1,,0,8
5BAB1614,1,,1,4
42B02755,0,,0,7
42B02755,0,,1,5
42B02755,1,,0,1
42B02755,1,,1,5
699D7496,0,,0,7
699D7496,0,,1,5
699D7496,1,,0,6
699D7496,1,,1,8
708645D7,0,,0,1
708645D7,0,,1,5
708645D7,1,,0,8
708645D7,1,,1,4
3FC7D310,0,,0,1
3FC7D310,0,,1,5
3FC7D310,1,,0,1
3FC7D310,1,,1,5
26DCE251,0,,0,7
26DCE251,0,,1,5
26DCE251,1,,0,7
26DCE251,1,,1,5
0DF1B192,0,,0,7
0DF1B192,0,,1,5
0DF1B192,1,,0,1
0DF1B192,1,,1,5
14EA80D3,0,,0,8
14EA80D3,0,,1,4
14EA80D3,1,,0,1
14EA80D3,1,,1,5
93729C1C,0,,0,1
93729C1C,0,,1,5
93729C1C,1,,0,6
93729C1C,1,,1,8
8A69AD5D,0,,0,8
8A69AD5D,0,,1,4
8A69AD5D,1,,0,8
8A69AD5D,1,,1,4
5A697C23,0,,0,1
5A697C23,0,,1,5
5A697C23,1,,0,6
5A697C23,1,,1,8
43724D62,0,,0,1
43724D62,0,,1,5
43724D62,1,,0,6
43724D62,1,,1,8
685F1EA1,0,,0,1
685F1EA1,0,,1,5
685F1EA1,1,,0,8
685F1EA1,1,,1,4
71442FE0,0,,0,7
71442FE0,0,,1,5
71442FE0,1,,0,8
71442FE0,1,,1,4
3E05B927,0,,0,7
3E05B927,0,,1,5
3E05B927,1,,0,1
3E05B927,1,,1,5
271E8866,0,,0,1
271E8866,0,,1,5
271E8866,1,,0,7
271E8866,1,,1,1
0C33DBA5,0,,0,4
0C33DBA5,0,,1,8
0C33DBA5,1,,0,6
0C33DBA5,1,,1,8
1528EAE4,0,,0,7
1528EAE4,0,,1,5
1528EAE4,1,,0,7
1528EAE4,1,,1,1
92B0F62B,0,,0,7
92B0F62B,0,,1,1
92B0F62B,1,,0,7
92B0F62B,1,,1,1
8BABC76A,0,,0,7
8BABC76A,0,,1,5
8BABC76A,1,,0,7
8BABC76A,1,,1,5
470DE842,0,,0,1
470DE842,0,,1,5
470DE842,1,,0,7
470DE842,1,,1,1
5E16D903,0,,0,6
5E16D903,0,,1,8
5E16D903,1,,0,7
5E16D903,1,,1,1
753B8AC0,0,,0,8
753B8AC0,0,,1,4
753B8AC0,1,,0,1
753B8AC0,1,,1,5
6C20BB81,0,,0,1
6C20BB81,0,,1,5
6C20BB81,1,,0,7
6C20BB81,1,,1,1
23612D46,0,,0,8
23612D46,0,,1,4
23612D46,1,,0,1
23612D46,1,,1,5
3A7A1C07,0,,0,6
3A7A1C07,0,,1,8
3A7A1C07,1,,0,7
3A7A1C07,1,,1,1
11574FC4,0,,0,6
11574FC4,0,,1,8
11574FC4,1,,0,7
11574FC4,1,,1,1
084C7E85,0,,0,8
084C7E85,0,,1,4
084C7E85,1,,0,7
084C7E85,1,,1,1
8FD4624A,0,,0,6
8FD4624A,0,,1,8
8FD4624A,1,,0,6
8FD4624A,1,,1,8
96CF530B,0,,0,7
96CF530B,0,,1,1
96CF530B,1,,0,7
96CF530B,1,,1,1
46CF8275,0,,0,6
46CF8275,0,,1,8
46CF8275,1,,0,1
46CF8275,1,,1,5
5FD4B334,0,,0,6
5FD4B334,0,,1,8
5FD4B334,1,,0,7
5FD4B334,1,,1,1
74F9E0F7,0,,0,6
74F9E0F7,0,,1,8
74F9E0F7,1,,0,7
74F9E0F7,1,,1,1
6DE2D1B6,0,,0,1
6DE2D1B6,0,,1,5
6DE2D1B6,1,,0,6
6DE2D1B6,1,,1,8
22A34771,0,,0,6
22A34771,0,,1,8
22A34771,1,,0,1
22A34771,1,,1,5
3BB87630,0,,0,7
3BB87630,0,,1,1
3BB87630,1,,0,8
3BB87630,1,,1,4
109525F3,0,,0,1
109525F3,0,,1,5
109525F3,1,,0,7
109525F3,1,,1,1
098E14B2,0,,0,7
098E14B2,0,,1,1
098E14B2,1,,0,1
098E14B2,1,,1,5
8E16087D,0,,0,6
8E16087D,0,,1,8
8E16087D,1,,0,1
8E16087D,1,,1,5
970D393C,0,,0,8
970D393C,0,,1,4
970D393C,1,,0,7
970D393C,1,,1,1
44893C2C,0,,0,7
44893C2C,0,,1,1
44893C2C,1,,0,7
44893C2C,1,,1,1
5D920D6D,0,,0,7
5D920D6D,0,,1,5
5D920D6D,1,,0,8
5D920D6D,1,,1,4
76BF5EAE,0,,0,6
76BF5EAE,0,,1,8
76BF5EAE,1,,0,1
76BF5EAE,1,,1,5
6FA46FEF,0,,0,6
6FA46FEF,0,,1,8
6FA46FEF,1,,0,1
6FA46FEF,1,,1,5
20E5F928,0,,0,1
20E5F928,0,,1,5
20E5F928,1,,0,8
20E5F928,1,,1,4
39FEC869,0,,0,1
39FEC869,0,,1,5
39FEC869,1,,0,8
39FEC869,1,,1,4
0BC8AAEB,0,,0,7
0BC8AAEB,0,,1,5
0BC8AAEB,1,,0,7
0BC8AAEB,1,,1,1
8C50B624,0,,0,7
8C50B624,0,,1,1
8C50B624,1,,0,8
8C50B624,1,,1,4
954B8765,0,,0,7
954B8765,0,,1,1
954B8765,1,,0,7
954B8765,1,,1,1
454B561B,0,,0,7
454B561B,0,,1,1
454B561B,1,,0,7
454B561B,1,,1,5
5C50675A,0,,0,7
5C50675A,0,,1,5
5C50675A,1,,0,1
5C50675A,1,,1,5
777D3499,0,,0,7
777D3499,0,,1,1
777D3499,1,,0,1
777D3499,1,,1,5
6E6605D8,0,,0,7
6E6605D8,0,,1,5
6E6605D8,1,,0,7
6E6605D8,1,,1,1
2127931F,0,,0,1
2127931F,0,,1,5
2127931F,1,,0,7
2127931F,1,,1,1
383CA25E,0,,0,1
383CA25E,0,,1,5
383CA25E,1,,0,1
383CA25E,1,,1,5
1311F19D,0,,0,6
1311F19D,0,,1,8
1311F19D,1,,0,1
1311F19D,1,,1,5
0A0AC0DC,0,,0,6
0A0AC0DC,0,,1,8
0A0AC0DC,1,,0,1
0A0AC0DC,1,,1,5
8D92DC13,0,,0,8
8D92DC13,0,,1,4
8D92DC13,1,,0,1
8D92DC13,1,,1,5
9489ED52,0,,0,6
9489ED52,0,,1,8
9489ED52,1,,0,7
9489ED52,1,,1,1
4004409E,0,,0,1
4004409E,0,,1,5
4004409E,1,,0,8
4004409E,1,,1,4
591F71DF,0,,0,7
591F71DF,0,,1,5
591F71DF,1,,0,6
591F71DF,1,,1,8
7232221C,0,,0,8
7232221C,0,,1,4
7232221C,1,,0,8
7232221C,1,,1,4
6B29135D,0,,0,7
6B29135D,0,,1,5
6B29135D,1,,0,6
6B29135D,1,,1,8
2468859A,0,,0,6
2468859A,0,,1,8
2468859A,1,,0,6
2468859A,1,,1,8
3D73B4DB,0,,0,7
3D73B4DB,0,,1,5
3D73B4DB,1,,0,7
3D73B4DB,1,,1,1
165EE718,0,,0,7
165EE718,0,,1,1
165EE718,1,,0,7
165EE718,1,,1,1
0F45D659,0,,0,7
0F45D659,0,,1,1
0F45D659,1,,0,6
0F45D659,1,,1,8
88DDCA96,0,,0,7
88DDCA96,0,,1,5
88DDCA96,1,,0,8
88DDCA96,1,,1,4
91C6FBD7,0,,0,7
91C6FBD7,0,,1,5
91C6FBD7,1,,0,1
91C6FBD7,1,,1,5
41C62AA9,0,,0,7
41C62AA9,0,,1,5
41C62AA9,1,,0,1
41C62AA9,1,,1,5
58DD1BE8,0,,0,8
58DD1BE8,0,,1,4
58DD1BE8,1,,0,7
58DD1BE8,1,,1,1
73F0482B,0,,0,6
73F0482B,0,,1,8
73F0482B,1,,0,6
73F0482B,1,,1,8
6AEB796A,0,,0,8
6AEB796A,0,,1,4
6AEB796A,1,,0,1
6AEB796A,1,,1,5
25AAEFAD,0,,0,6
25AAEFAD,0,,1,8
25AAEFAD,1,,0,7
25AAEFAD,1,,1,5
3CB1DEEC,0,,0,4
3CB1DEEC,0,,1,8
3CB1DEEC,1,,0,1
3CB1DEEC,1,,1,5
179C8D2F,0,,0,8
179C8D2F,0,,1,4
179C8D2F,1,,0,1
179C8D2F,1,,1,5
0E87BC6E,0,,0,8
0E87BC6E,0,,1,4
0E87BC6E,1,,0,7
0E87BC6E,1,,1,1
891FA0A1,0,,0,8
891FA0A1,0,,1,4
891FA0A1,1,,0,6
891FA0A1,1,,1,8
900491E0,0,,0,1
900491E0,0,,1,5
900491E0,1,,0,6
900491E0,1,,1,8
438094F0,0,,0,1
438094F0,0,,1,5
438094F0,1,,0,6
438094F0,1,,1,8
5A9BA5B1,0,,0,4
5A9BA5B1,0,,1,8
5A9BA5B1,1,,0,6
5A9BA5B1,1,,1,8
71B6F672,0,,0,1
71B6F672,0,,1,5
71B6F672,1,,0,1
71B6F672,1,,1,5
68ADC733,0,,0,1
68ADC733,0,,1,5
68ADC733,1,,0,6
68ADC733,1,,1,8
27EC51F4,0,,0,6
27EC51F4,0,,1,8
27EC51F4,1,,0,1
27EC51F4,1,,1,5
3EF760B5,0,,0,6
3EF760B5,0,,1,8
3EF760B5,1,,0,6
3EF760B5,1,,1,8
15DA3376,0,,0,1
15DA3376,0,,1,5
15DA3376,1,,0,1
15DA3376,1,,1,5
0CC10237,0,,0,8
0CC10237,0,,1,4
0CC10237,1,,0,7
0CC10237,1,,1,1
8B591EF8,0,,0,7
8B591EF8,0,,1,5
8B591EF8,1,,0,8
8B591EF8,1,,1,4
92422FB9,0,,0,7
92422FB9,0,,1,5
92422FB9,1,,0,1
92422FB9,1,,1,5
4242FEC7,0,,0,1
4242FEC7,0,,1,5
4242FEC7,1,,0,1
4242FEC7,1,,1,5
5B59CF86,0,,0,7
5B59CF86,0,,1,5
5B59CF86,1,,0,7
5B59CF86,1,,1,1
70749C45,0,,0,1
70749C45,0,,1,5
70749C45,1,,0,8
70749C45,1,,1,4
696FAD04,0,,0,1
696FAD04,0,,1,5
696FAD04,1,,0,8
696FAD04,1,,1,4
262E3BC3,0,,0,8
262E3BC3,0,,1,4
262E3BC3,1,,0,8
262E3BC3,1,,1,4
3F350A82,0,,0,8
3F350A82,0,,1,4
3F350A82,1,,0,6
3F350A82,1,,1,8
14185941,0,,0,8
14185941,0,,1,4
14185941,1,,0,8
14185941,1,,1,4
0D036800,0,,0,8
0D036800,0,,1,4
0D036800,1,,0,8
0D036800,1,,1,4
8A9B74CF,0,,0,6
8A9B74CF,0,,1,8
8A9B74CF,1,,0,6
8A9B74CF,1,,1,8
9380458E,0,,0,4
9380458E,0,,1,8
9380458E,1,,0,8
9380458E,1,,1,4
491EB9FA,0,,0,7
491EB9FA,0,,1,5
491EB9FA,1,,0,8
491EB9FA,1,,1,4
500588BB,0,,0,6
500588BB,0,,1,8
500588BB,1,,0,6
500588BB,1,,1,8
7B28DB78,0,,0,6
7B28DB78,0,,1,8
7B28DB78,1,,0,1
7B28DB78,1,,1,5
6233EA39,0,,0,1
6233EA39,0,,1,5
6233EA39,1,,0,7
6233EA39,1,,1,1
2D727CFE,0,,0,6
2D727CFE,0,,1,8
2D727CFE,1,,0,1
2D727CFE,1,,1,5
34694DBF,0,,0,7
34694DBF,0,,1,1
34694DBF,1,,0,1
34694DBF,1,,1,5
1F441E7C,0,,0,7
1F441E7C,0,,1,5
1F441E7C,1,,0,7
1F441E7C,1,,1,1
065F2F3D,0,,0,7
065F2F3D,0,,1,1
065F2F3D,1,,0,8
065F2F3D,1,,1,4
81C733F2,0,,0,7
81C733F2,0,,1,5
81C733F2,1,,0,7
81C733F2,1,,1,1
98DC02B3,0,,0,7
98DC02B3,0,,1,1
98DC02B3,1,,0,7
98DC02B3,1,,1,5
48DCD3CD,0,,0,1
48DCD3CD,0,,1,5
48DCD3CD,1,,0,7
48DCD3CD,1,,1,1
51C7E28C,0,,0,7
51C7E28C,0,,1,1
51C7E28C,1,,0,6
51C7E28C,1,,1,8
7AEAB14F,0,,0,6
7AEAB14F,0,,1,8
7AEAB14F,1,,0,6
7AEAB14F,1,,1,8
63F1800E,0,,0,7
63F1800E,0,,1,1
63F1800E,1,,0,1
63F1800E,1,,1,5
2CB016C9,0,,0,7
2CB016C9,0,,1,1
2CB016C9,1,,0,8
2CB016C9,1,,1,4
35AB2788,0,,0,8
35AB2788,0,,1,4
35AB2788,1,,0,8
35AB2788,1,,1,4
1E86744B,0,,0,8
1E86744B,0,,1,4
1E86744B,1,,0,7
1E86744B,1,,1,1
079D450A,0,,0,7
079D450A,0,,1,5
079D450A,1,,0,6
079D450A,1,,1,8
800559C5,0,,0,7
800559C5,0,,1,5
800559C5,1,,0,6
800559C5,1,,1,8
991E6884,0,,0,7
991E6884,0,,1,5
991E6884,1,,0,8
991E6884,1,,1,4
FFB18F27,0,,0,6
FFB18F27,0,,1,8
FFB18F27,1,,0,1
FFB18F27,1,,1,5
E6AABE66,0,,0,6
E6AABE66,0,,1,8
E6AABE66,1,,0,1
E6AABE66,1,,1,5
CD87EDA5,0,,0,8
CD87EDA5,0,,1,4
CD87EDA5,1,,0,7
CD87EDA5,1,,1,1
D49CDCE4,0,,0,6
D49CDCE4,0,,1,8
D49CDCE4,1,,0,8
D49CDCE4,1,,1,4
9BDD4A23,0,,0,7
9BDD4A23,0,,1,5
9BDD4A23,1,,0,1
9BDD4A23,1,,1,5
82C67B62,0,,0,1
82C67B62,0,,1,5
82C67B62,1,,0,7
82C67B62,1,,1,1
A9EB28A1,0,,0,7
A9EB28A1,0,,1,5
A9EB28A1,1,,0,7
A9EB28A1,1,,1,1
B0F019E0,0,,0,6
B0F019E0,0,,1,8
B0F019E0,1,,0,1
B0F019E0,1,,1,5
3768052F,0,,0,7
3768052F,0,,1,1
3768052F,1,,0,7
3768052F,1,,1,1
2E73346E,0,,0,1
2E73346E,0,,1,5
2E73346E,1,,0,6
2E73346E,1,,1,8
FE73E510,0,,0,7
FE73E510,0,,1,1
FE73E510,1,,0,1
FE73E510,1,,1,5
E768D451,0,,0,1
E768D451,0,,1,5
E768D451,1,,0,1
E768D451,1,,1,5
CC458792,0,,0,6
CC458792,0,,1,8
CC458792,1,,0,1
CC458792,1,,1,5
D55EB6D3,0,,0,1
D55EB6D3,0,,1,5
D55EB6D3,1,,0,1
D55EB6D3,1,,1,5
9A1F2014,0,,0,8
9A1F2014,0,,1,4
9A1F2014,1,,0,1
9A1F2014,1,,1,5
83041155,0,,0,7
83041155,0,,1,5
83041155,1,,0,1
83041155,1,,1,5
A8294296,0,,0,7
A8294296,0,,1,5
A8294296,1,,0,7
A8294296,1,,1,1
B13273D7,0,,0,7
B13273D7,0,,1,5
B13273D7,1,,0,1
B13273D7,1,,1,5
36AA6F18,0,,0,7
36AA6F18,0,,1,5
36AA6F18,1,,0,7
36AA6F18,1,,1,5
2FB15E59,0,,0,7
2FB15E59,0,,1,1
2FB15E59,1,,0,7
2FB15E59,1,,1,1
FC355B49,0,,0,6
FC355B49,0,,1,8
FC355B49,1,,0,7
FC355B49,1,,1,1
E52E6A08,0,,0,1
E52E6A08,0,,1,5
E52E6A08,1,,0,1
E52E6A08,1,,1,5
CE0339CB,0,,0,7
CE0339CB,0,,1,5
CE0339CB,1,,0,6
CE0339CB,1,,1,8
D718088A,0,,0,6
D718088A,0,,1,8
D718088A,1,,0,1
D718088A,1,,1,5
98599E4D,0,,0,1
98599E4D,0,,1,5
98599E4D,1,,0,7
98599E4D,1,,1,1
8142AF0C,0,,0,6
8142AF0C,0,,1,8
8142AF0C,1,,0,1
8142AF0C,1,,1,5
AA6FFCCF,0,,0,8
AA6FFCCF,0,,1,4
AA6FFCCF,1,,0,7
AA6FFCCF,1,,1,1
B374CD8E,0,,0,1
B374CD8E,0,,1,5
B374CD8E,1,,0,8
B374CD8E,1,,1,4
34ECD141,0,,0,6
34ECD141,0,,1,8
34ECD141,1,,0,8
34ECD141,1,,1,4
2DF7E000,0,,0,1
2DF7E000,0,,1,5
2DF7E000,1,,0,6
2DF7E000,1,,1,8
FDF7317E,0,,0,7
FDF7317E,0,,1,5
FDF7317E,1,,0,1
FDF7317E,1,,1,5
E4EC003F,0,,0,6
E4EC003F,0,,1,8
E4EC003F,1,,0,7
E4EC003F,1,,1,5
CFC153FC,0,,0,7
CFC153FC,0,,1,5
CFC153FC,1,,0,7
CFC153FC,1,,1,1
D6DA62BD,0,,0,8
D6DA62BD,0,,1,4
D6DA62BD,1,,0,8
D6DA62BD,1,,1,4
999BF47A,0,,0,7
999BF47A,0,,1,5
999BF47A,1,,0,7
999BF47A,1,,1,1
8080C53B,0,,0,1
8080C53B,0,,1,5
8080C53B,1,,0,1
8080C53B,1,,1,5
ABAD96F8,0,,0,8
ABAD96F8,0,,1,4
ABAD96F8,1,,0,6
ABAD96F8,1,,1,8
B2B6A7B9,0,,0,6
B2B6A7B9,0,,1,8
B2B6A7B9,1,,0,8
B2B6A7B9,1,,1,4
352EBB76,0,,0,7
352EBB76,0,,1,1
352EBB76,1,,0,8
352EBB76,1,,1,4
2C358A37,0,,0,8
2C358A37,0,,1,4
2C358A37,1,,0,8
2C358A37,1,,1,4
F8B827FB,0,,0,7
F8B827FB,0,,1,1
F8B827FB,1,,0,7
F8B827FB,1,,1,5
E1A316BA,0,,0,1
E1A316BA,0,,1,5
E1A316BA,1,,0,7
E1A316BA,1,,1,1
CA8E4579,0,,0,6
CA8E4579,0,,1,8
CA8E4579,1,,0,1
CA8E4579,1,,1,5
D3957438,0,,0,1
D3957438,0,,1,5
D3957438,1,,0,6
D3957438,1,,1,8
9CD4E2FF,0,,0,7
9CD4E2FF,0,,1,1
9CD4E2FF,1,,0,8
9CD4E2FF,1,,1,4
85CFD3BE,0,,0,7
85CFD3BE,0,,1,1
85CFD3BE,1,,0,8
85CFD3BE,1,,1,4
AEE2807D,0,,0,7
AEE2807D,0,,1,1
AEE2807D,1,,0,7
AEE2807D,1,,1,1
B7F9B13C,0,,0,7
B7F9B13C,0,,1,1
B7F9B13C,1,,0,7
B7F9B13C,1,,1,1
3061ADF3,0,,0,6
3061ADF3,0,,1,8
3061ADF3,1,,0,1
3061ADF3,1,,1,5
297A9CB2,0,,0,6
297A9CB2,0,,1,8
297A9CB2,1,,0,1
297A9CB2,1,,1,5
F97A4DCC,0,,0,7
F97A4DCC,0,,1,5
F97A4DCC,1,,0,8
F97A4DCC,1,,1,4
E0617C8D,0,,0,6
E0617C8D,0,,1,8
E0617C8D,1,,0,1
E0617C8D,1,,1,5
CB4C2F4E,0,,0,7
CB4C2F4E,0,,1,5
CB4C2F4E,1,,0,1
CB4C2F4E,1,,1,5
D2571E0F,0,,0,8
D2571E0F,0,,1,4
D2571E0F,1,,0,1
D2571E0F,1,,1,5
9D1688C8,0,,0,6
9D1688C8,0,,1,8
9D1688C8,1,,0,7
9D1688C8,1,,1,1
840DB989,0,,0,6
840DB989,0,,1,8
840DB989,1,,0,8
840DB989,1,,1,4
AF20EA4A,0,,0,1
AF20EA4A,0,,1,5
AF20EA4A,1,,0,1
AF20EA4A,1,,1,5
B63BDB0B,0,,0,8
B63BDB0B,0,,1,4
B63BDB0B,1,,0,7
B63BDB0B,1,,1,1
31A3C7C4,0,,0,6
31A3C7C4,0,,1,8
31A3C7C4,1,,0,1
31A3C7C4,1,,1,5
28B8F685,0,,0,8
28B8F685,0,,1,4
28B8F685,1,,0,1
28B8F685,1,,1,5
FB3CF395,0,,0,6
FB3CF395,0,,1,8
FB3CF395,1,,0,7
FB3CF395,1,,1,1
E227C2D4,0,,0,1
E227C2D4,0,,1,5
E227C2D4,1,,0,1
E227C2D4,1,,1,5
C90A9117,0,,0,6
C90A9117,0,,1,8
C90A9117,1,,0,8
C90A9117,1,,1,4
D011A056,0,,0,8
D011A056,0,,1,4
D011A056,1,,0,8
D011A056,1,,1,4
9F503691,0,,0,8
9F503691,0,,1,4
9F503691,1,,0,7
9F503691,1,,1,5
864B07D0,0,,0,6
864B07D0,0,,1,8
864B07D0,1,,0,1
864B07D0,1,,1,5
AD665413,0,,0,6
AD665413,0,,1,8
AD665413,1,,0,7
AD665413,1,,1,1
B47D6552,0,,0,1
B47D6552,0,,1,5
B47D6552,1,,0,7
B47D6552,1,,1,5
33E5799D,0,,0,8
33E5799D,0,,1,4
33E5799D,1,,0,1
33E5799D,1,,1,5
2AFE48DC,0,,0,1
2AFE48DC,0,,1,5
2AFE48DC,1,,0,1
2AFE48DC,1,,1,5
FAFE99A2,0,,0,6
FAFE99A2,0,,1,8
FAFE99A2,1,,0,8
FAFE99A2,1,,1,4
E3E5A8E3,0,,0,8
E3E5A8E3,0,,1,4
E3E5A8E3,1,,0,8
E3E5A8E3,1,,1,4
C8C8FB20,0,,0,6
C8C8FB20,0,,1,8
C8C8FB20,1,,0,7
C8C8FB20,1,,1,1
D1D3CA61,0,,0,7
D1D3CA61,0,,1,5
D1D3CA61,1,,0,1
D1D3CA61,1,,1,5
9E925CA6,0,,0,8
9E925CA6,0,,1,4
9E925CA6,1,,0,8
9E925CA6,1,,1,4
87896DE7,0,,0,7
87896DE7,0,,1,1
87896DE7,1,,0,7
87896DE7,1,,1,1
ACA43E24,0,,0,8
ACA43E24,0,,1,4
ACA43E24,1,,0,1
ACA43E24,1,,1,5
B5BF0F65,0,,0,8
B5BF0F65,0,,1,4
B5BF0F65,1,,0,8
B5BF0F65,1,,1,4
322713AA,0,,0,1
322713AA,0,,1,5
322713AA,1,,0,8
322713AA,1,,1,4
2B3C22EB,0,,0,1
2B3C22EB,0,,1,5
2B3C22EB,1,,0,6
2B3C22EB,1,,1,8
F1A2DE9F,0,,0,1
F1A2DE9F,0,,1,5
F1A2DE9F,1,,0,1
F1A2DE9F,1,,1,5
E8B9EFDE,0,,0,6
E8B9EFDE,0,,1,8
E8B9EFDE,1,,0,1
E8B9EFDE,1,,1,5
C394BC1D,0,,0,1
C394BC1D,0,,1,5
C394BC1D,1,,0,7
C394BC1D,1,,1,1
DA8F8D5C,0,,0,1
DA8F8D5C,0,,1,5
DA8F8D5C,1,,0,8
DA8F8D5C,1,,1,4
95CE1B9B,0,,0,6
95CE1B9B,0,,1,8
95CE1B9B,1,,0,7
95CE1B9B,1,,1,1
8CD52ADA,0,,0,7
8CD52ADA,0,,1,5
8CD52ADA,1,,0,1
8CD52ADA,1,,1,5
A7F87919,0,,0,8
A7F87919,0,,1,4
A7F87919,1,,0,6
A7F87919,1,,1,8
BEE34858,0,,0,4
BEE34858,0,,1,8
BEE34858,1,,0,7
BEE34858,1,,1,1
397B5497,0,,0,7
397B5497,0,,1,5
397B5497,1,,0,1
397B5497,1,,1,5
206065D6,0,,0,8
206065D6,0,,1,4
206065D6,1,,0,7
206065D6,1,,1,1
F060B4A8,0,,0,1
F060B4A8,0,,1,5
F060B4A8,1,,0,6
F060B4A8,1,,1,8
E97B85E9,0,,0,6
E97B85E9,0,,1,8
E97B85E9,1,,0,1
E97B85E9,1,,1,5
C256D62A,0,,0,7
C256D62A,0,,1,5
C256D62A,1,,0,8
C256D62A,1,,1,4
DB4DE76B,0,,0,1
DB4DE76B,0,,1,5
DB4DE76B,1,,0,8
DB4DE76B,1,,1,4
940C71AC,0,,0,7
940C71AC,0,,1,5
940C71AC,1,,0,7
940C71AC,1,,1,1
8D1740ED,0,,0,6
8D1740ED,0,,1,8
8D1740ED,1,,0,7
8D1740ED,1,,1,5
A63A132E,0,,0,7
A63A132E,0,,1,1
A63A132E,1,,0,6
A63A132E,1,,1,8
BF21226F,0,,0,1
BF21226F,0,,1,5
BF21226F,1,,0,6
BF21226F,1,,1,8
38B93EA0,0,,0,4
38B93EA0,0,,1,8
38B93EA0,1,,0,1
38B93EA0,1,,1,5
21A20FE1,0,,0,7
21A20FE1,0,,1,1
21A20FE1,1,,0,8
21A20FE1,1,,1,4
A7D29F71,0,,0,7
A7D29F71,0,,1,1
A7D29F71,1,,0,7
A7D29F71,1,,1,5
BEC9AE30,0,,0,6
BEC9AE30,0,,1,8
BEC9AE30,1,,0,7
BEC9AE30,1,,1,1
95E4FDF3,0,,0,7
95E4FDF3,0,,1,5
95E4FDF3,1,,0,7
95E4FDF3,1,,1,1
8CFFCCB2,0,,0,1
8CFFCCB2,0,,1,5
8CFFCCB2,1,,0,1
8CFFCCB2,1,,1,5
C3BE5A75,0,,0,8
C3BE5A75,0,,1,4
C3BE5A75,1,,0,6
C3BE5A75,1,,1,8
DAA56B34,0,,0,7
DAA56B34,0,,1,5
DAA56B34,1,,0,1
DAA56B34,1,,1,5
F18838F7,0,,0,6
F18838F7,0,,1,8
F18838F7,1,,0,8
F18838F7,1,,1,4
E89309B6,0,,0,8
E89309B6,0,,1,4
E89309B6,1,,0,7
E89309B6,1,,1,1
6F0B1579,0,,0,8
6F0B1579,0,,1,4
6F0B1579,1,,0,1
6F0B1579,1,,1,5
76102438,0,,0,8
76102438,0,,1,4
76102438,1,,0,7
76102438,1,,1,1
A610F546,0,,0,7
A610F546,0,,1,5
A610F546,1,,0,1
A610F546,1,,1,5
BF0BC407,0,,0,1
BF0BC407,0,,1,5
BF0BC407,1,,0,1
BF0BC407,1,,1,5
942697C4,0,,0,7
942697C4,0,,1,1
942697C4,1,,0,1
942697C4,1,,1,5
8D3DA685,0,,0,8
8D3DA685,0,,1,4
8D3DA685,1,,0,6
8D3DA685,1,,1,8
C27C3042,0,,0,6
C27C3042,0,,1,8
C27C3042,1,,0,8
C27C3042,1,,1,4
DB670103,0,,0,6
DB670103,0,,1,8
DB670103,1,,0,8
DB670103,1,,1,4
F04A52C0,0,,0,8
F04A52C0,0,,1,4
F04A52C0,1,,0,7
F04A52C0,1,,1,5
E9516381,0,,0,7
E9516381,0,,1,1
E9516381,1,,0,8
E9516381,1,,1,4
6EC97F4E,0,,0,7
6EC97F4E,0,,1,5
6EC97F4E,1,,0,6
6EC97F4E,1,,1,8
77D24E0F,0,,0,4
77D24E0F,0,,1,8
77D24E0F,1,,0,7
77D24E0F,1,,1,5
A4564B1F,0,,0,7
A4564B1F,0,,1,1
A4564B1F,1,,0,8
A4564B1F,1,,1,4
BD4D7A5E,0,,0,8
BD4D7A5E,0,,1,4
BD4D7A5E,1,,0,8
BD4D7A5E,1,,1,4
9660299D,0,,0,7
9660299D,0,,1,1
9660299D,1,,0,8
9660299D,1,,1,4
8F7B18DC,0,,0,6
8F7B18DC,0,,1,8
8F7B18DC,1,,0,1
8F7B18DC,1,,1,5
C03A8E1B,0,,0,7
C03A8E1B,0,,1,5
C03A8E1B,1,,0,6
C03A8E1B,1,,1,8
D921BF5A,0,,0,7
D921BF5A,0,,1,1
D921BF5A,1,,0,1
D921BF5A,1,,1,5
F20CEC99,0,,0,8
F20CEC99,0,,1,4
F20CEC99,1,,0,7
F20CEC99,1,,1,1
EB17DDD8,0,,0,1
EB17DDD8,0,,1,5
EB17DDD8,1,,0,8
EB17DDD8,1,,1,4
6C8FC117,0,,0,6
6C8FC117,0,,1,8
6C8FC117,1,,0,1
6C8FC117,1,,1,5
7594F056,0,,0,7
7594F056,0,,1,1
7594F056,1,,0,1
7594F056,1,,1,5
A5942128,0,,0,6
A5942128,0,,1,8
A5942128,1,,0,6
A5942128,1,,1,8
BC8F1069,0,,0,8
BC8F1069,0,,1,4
BC8F1069,1,,0,7
BC8F1069,1,,1,1
97A243AA,0,,0,6
97A243AA,0,,1,8
97A243AA,1,,0,7
97A243AA,1,,1,1
8EB972EB,0,,0,7
8EB972EB,0,,1,1
8EB972EB,1,,0,7
8EB972EB,1,,1,1
C1F8E42C,0,,0,8
C1F8E42C,0,,1,4
C1F8E42C,1,,0,8
C1F8E42C,1,,1,4
D8E3D56D,0,,0,7
D8E3D56D,0,,1,5
D8E3D56D,1,,0,6
D8E3D56D,1,,1,8
F3CE86AE,0,,0,7
F3CE86AE,0,,1,1
F3CE86AE,1,,0,8
F3CE86AE,1,,1,4
EAD5B7EF,0,,0,8
EAD5B7EF,0,,1,4
EAD5B7EF,1,,0,8
EAD5B7EF,1,,1,4
6D4DAB20,0,,0,6
6D4DAB20,0,,1,8
6D4DAB20,1,,0,8
6D4DAB20,1,,1,4
74569A61,0,,0,7
74569A61,0,,1,5
74569A61,1,,0,1
74569A61,1,,1,5
A0DB37AD,0,,0,7
A0DB37AD,0,,1,5
A0DB37AD,1,,0,8
A0DB37AD,1,,1,4
B9C006EC,0,,0,7
B9C006EC,0,,1,5
B9C006EC,1,,0,1
B9C006EC,1,,1,5
92ED552F,0,,0,7
92ED552F,0,,1,5
92ED552F,1,,0,7
92ED552F,1,,1,1
8BF6646E,0,,0,6
8BF6646E,0,,1,8
8BF6646E,1,,0,1
8BF6646E,1,,1,5
C4B7F2A9,0,,0,7
C4B7F2A9,0,,1,5
C4B7F2A9,1,,0,1
C4B7F2A9,1,,1,5
DDACC3E8,0,,0,7
DDACC3E8,0,,1,5
DDACC3E8,1,,0,8
DDACC3E8,1,,1,4
F681902B,0,,0,7
F681902B,0,,1,5
F681902B,1,,0,1
F681902B,1,,1,5
EF9AA16A,0,,0,7
EF9AA16A,0,,1,5
EF9AA16A,1,,0,7
EF9AA16A,1,,1,1
6802BDA5,0,,0,1
6802BDA5,0,,1,5
6802BDA5,1,,0,1
6802BDA5,1,,1,5
71198CE4,0,,0,4
71198CE4,0,,1,8
71198CE4,1,,0,8
71198CE4,1,,1,4
A1195D9A,0,,0,7
A1195D9A,0,,1,5
A1195D9A,1,,0,1
A1195D9A,1,,1,5
B8026CDB,0,,0,7
B8026CDB,0,,1,1
B8026CDB,1,,0,6
B8026CDB,1,,1,8
932F3F18,0,,0,8
932F3F18,0,,1,4
932F3F18,1,,0,6
932F3F18,1,,1,8
8A340E59,0,,0,6
8A340E59,0,,1,8
8A340E59,1,,0,7
8A340E59,1,,1,1
C575989E,0,,0,6
C575989E,0,,1,8
C575989E,1,,0,7
C575989E,1,,1,5
F743FA1C,0,,0,7
F743FA1C,0,,1,1
F743FA1C,1,,0,7
F743FA1C,1,,1,1
EE58CB5D,0,,0,7
EE58CB5D,0,,1,1
EE58CB5D,1,,0,7
EE58CB5D,1,,1,1
69C0D792,0,,0,7
69C0D792,0,,1,5
69C0D792,1,,0,7
69C0D792,1,,1,5
70DBE6D3,0,,0,1
70DBE6D3,0,,1,5
70DBE6D3,1,,0,8
70DBE6D3,1,,1,4
A35FE3C3,0,,0,8
A35FE3C3,0,,1,4
A35FE3C3,1,,0,6
A35FE3C3,1,,1,8
BA44D282,0,,0,6
BA44D282,0,,1,8
BA44D282,1,,0,7
BA44D282,1,,1,1
91698141,0,,0,7
91698141,0,,1,1
91698141,1,,0,1
91698141,1,,1,5
8872B000,0,,0,7
8872B000,0,,1,5
8872B000,1,,0,7
8872B000,1,,1,5
C73326C7,0,,0,7
C73326C7,0,,1,1
C73326C7,1,,0,8
C73326C7,1,,1,4
DE281786,0,,0,7
DE281786,0,,1,5
DE281786,1,,0,1
DE281786,1,,1,5
F5054445,0,,0,6
F5054445,0,,1,8
F5054445,1,,0,8
F5054445,1,,1,4
EC1E7504,0,,0,7
EC1E7504,0,,1,1
EC1E7504,1,,0,7
EC1E7504,1,,1,5
6B8669CB,0,,0,8
6B8669CB,0,,1,4
6B8669CB,1,,0,6
6B8669CB,1,,1,8
729D588A,0,,0,6
729D588A,0,,1,8
729D588A,1,,0,8
729D588A,1,,1,4
A29D89F4,0,,0,7
A29D89F4,0,,1,5
A29D89F4,1,,0,1
A29D89F4,1,,1,5
BB86B8B5,0,,0,6
BB86B8B5,0,,1,8
BB86B8B5,1,,0,7
BB86B8B5,1,,1,1
90ABEB76,0,,0,8
90ABEB76,0,,1,4
90ABEB76,1,,0,7
90ABEB76,1,,1,1
89B0DA37,0,,0,1
89B0DA37,0,,1,5
89B0DA37,1,,0,6
89B0DA37,1,,1,8
C6F14CF0,0,,0,8
C6F14CF0,0,,1,4
C6F14CF0,1,,0,8
C6F14CF0,1,,1,4
DFEA7DB1,0,,0,1
DFEA7DB1,0,,1,5
DFEA7DB1,1,,0,1
DFEA7DB1,1,,1,5
F4C72E72,0,,0,6
F4C72E72,0,,1,8
F4C72E72,1,,0,7
F4C72E72,1,,1,1
EDDC1F33,0,,0,7
EDDC1F33,0,,1,5
EDDC1F33,1,,0,7
EDDC1F33,1,,1,1
6A4403FC,0,,0,1
6A4403FC,0,,1,5
6A4403FC,1,,0,6
6A4403FC,1,,1,8
735F32BD,0,,0,8
735F32BD,0,,1,4
735F32BD,1,,0,7
735F32BD,1,,1,1
A9C1CEC9,0,,0,7
A9C1CEC9,0,,1,1
A9C1CEC9,1,,0,7
A9C1CEC9,1,,1,1
B0DAFF88,0,,0,7
B0DAFF88,0,,1,5
B0DAFF88,1,,0,8
B0DAFF88,1,,1,4
9BF7AC4B,0,,0,6
9BF7AC4B,0,,1,8
9BF7AC4B,1,,0,8
9BF7AC4B,1,,1,4
82EC9D0A,0,,0,8
82EC9D0A,0,,1,4
82EC9D0A,1,,0,8
82EC9D0A,1,,1,4
CDAD0BCD,0,,0,1
CDAD0BCD,0,,1,5
CDAD0BCD,1,,0,6
CDAD0BCD,1,,1,8
D4B63A8C,0,,0,1
D4B63A8C,0,,1,5
D4B63A8C,1,,0,7
D4B63A8C,1,,1,1
FF9B694F,0,,0,7
FF9B694F,0,,1,5
FF9B694F,1,,0,1
FF9B694F,1,,1,5
E680580E,0,,0,1
E680580E,0,,1,5
E680580E,1,,0,7
E680580E,1,,1,1
611844C1,0,,0,7
611844C1,0,,1,5
611844C1,1,,0,7
611844C1,1,,1,1
78037580,0,,0,7
78037580,0,,1,1
78037580,1,,0,7
78037580,1,,1,1
A803A4FE,0,,0,8
A803A4FE,0,,1,4
A803A4FE,1,,0,8
A803A4FE,1,,1,4
B11895BF,0,,0,7
B11895BF,0,,1,5
B11895BF,1,,0,7
B11895BF,1,,1,1
9A35C67C,0,,0,1
9A35C67C,0,,1,5
9A35C67C,1,,0,8
9A35C67C,1,,1,4
832EF73D,0,,0,6
832EF73D,0,,1,8
832EF73D,1,,0,6
832EF73D,1,,1,8
CC6F61FA,0,,0,1
CC6F61FA,0,,1,5
CC6F61FA,1,,0,7
CC6F61FA,1,,1,1
D57450BB,0,,0,6
D57450BB,0,,1,8
D57450BB,1,,0,1
D57450BB,1,,1,5
FE590378,0,,0,7
FE590378,0,,1,1
FE590378,1,,0,6
FE590378,1,,1,8
E7423239,0,,0,8
E7423239,0,,1,4
E7423239,1,,0,7
E7423239,1,,1,1
60DA2EF6,0,,0,7
60DA2EF6,0,,1,1
60DA2EF6,1,,0,7
60DA2EF6,1,,1,1
79C11FB7,0,,0,8
79C11FB7,0,,1,4
79C11FB7,1,,0,1
79C11FB7,1,,1,5
1F6EF814,0,,0,7
1F6EF814,0,,1,1
1F6EF814,1,,0,7
1F6EF814,1,,1,1
0675C955,0,,0,1
0675C955,0,,1,5
0675C955,1,,0,1
0675C955,1,,1,5
2D589A96,0,,0,6
2D589A96,0,,1,8
2D589A96,1,,0,1
2D589A96,1,,1,5
3443ABD7,0,,0,6
3443ABD7,0,,1,8
3443ABD7,1,,0,8
3443ABD7,1,,1,4
7B023D10,0,,0,7
7B023D10,0,,1,5
7B023D10,1,,0,1
7B023D10,1,,1,5
62190C51,0,,0,7
62190C51,0,,1,5
62190C51,1,,0,7
62190C51,1,,1,1
49345F92,0,,0,7
49345F92,0,,1,1
49345F92,1,,0,7
49345F92,1,,1,1
502F6ED3,0,,0,6
502F6ED3,0,,1,8
502F6ED3,1,,0,6
502F6ED3,1,,1,8
D7B7721C,0,,0,6
D7B7721C,0,,1,8
D7B7721C,1,,0,7
D7B7721C,1,,1,1
CEAC435D,0,,0,7
CEAC435D,0,,1,1
CEAC435D,1,,0,1
CEAC435D,1,,1,5
1EAC9223,0,,0,6
1EAC9223,0,,1,8
1EAC9223,1,,0,8
1EAC9223,1,,1,4
07B7A362,0,,0,4
07B7A362,0,,1,8
07B7A362,1,,0,1
07B7A362,1,,1,5
2C9AF0A1,0,,0,7
2C9AF0A1,0,,1,5
2C9AF0A1,1,,0,7
2C9AF0A1,1,,1,1
3581C1E0,0,,0,7
3581C1E0,0,,1,1
3581C1E0,1,,0,8
3581C1E0,1,,1,4
7AC05727,0,,0,1
7AC05727,0,,1,5
7AC05727,1,,0,7
7AC05727,1,,1,1
63DB6666,0,,0,1
63DB6666,0,,1,5
63DB6666,1,,0,1
63DB6666,1,,1,5
48F635A5,0,,0,7
48F635A5,0,,1,1
48F635A5,1,,0,8
48F635A5,1,,1,4
51ED04E4,0,,0,1
51ED04E4,0,,1,5
51ED04E4,1,,0,7
51ED04E4,1,,1,1
D675182B,0,,0,6
D675182B,0,,1,8
D675182B,1,,0,7
D675182B,1,,1,1
CF6E296A,0,,0,7
CF6E296A,0,,1,1
CF6E296A,1,,0,6
CF6E296A,1,,1,8
1CEA2C7A,0,,0,1
1CEA2C7A,0,,1,5
1CEA2C7A,1,,0,7
1CEA2C7A,1,,1,1
05F11D3B,0,,0,7
05F11D3B,0,,1,1
05F11D3B,1,,0,7
05F11D3B,1,,1,1
2EDC4EF8,0,,0,8
2EDC4EF8,0,,1,4
2EDC4EF8,1,,0,8
2EDC4EF8,1,,1,4
37C77FB9,0,,0,6
37C77FB9,0,,1,8
37C77FB9,1,,0,1
37C77FB9,1,,1,5
7886E97E,0,,0,6
7886E97E,0,,1,8
7886E97E,1,,0,8
7886E97E,1,,1,4
619DD83F,0,,0,1
619DD83F,0,,1,5
619DD83F,1,,0,1
619DD83F,1,,1,5
4AB08BFC,0,,0,6
4AB08BFC,0,,1,8
4AB08BFC,1,,0,6
4AB08BFC,1,,1,8
53ABBABD,0,,0,7
53ABBABD,0,,1,5
53ABBABD,1,,0,7
53ABBABD,1,,1,5
D433A672,0,,0,6
D433A672,0,,1,8
D433A672,1,,0,6
D433A672,1,,1,8
CD289733,0,,0,1
CD289733,0,,1,5
CD289733,1,,0,8
CD289733,1,,1,4
19A53AFF,0,,0,6
19A53AFF,0,,1,8
19A53AFF,1,,0,8
19A53AFF,1,,1,4
0985CCE4,0,,0,1
0985CCE4,0,,1,5
0985CCE4,1,,0,7
0985CCE4,1,,1,1
3BB3AE66,0,,0,8
3BB3AE66,0,,1,4
3BB3AE66,1,,0,1
3BB3AE66,1,,1,5
E525B25E,0,,0,7
E525B25E,0,,1,1
E525B25E,1,,0,8
E525B25E,1,,1,4
2C3E5261,0,,0,6
2C3E5261,0,,1,8
2C3E5261,1,,0,8
2C3E5261,1,,1,4
AF2B321C,0,,0,7
AF2B321C,0,,1,5
AF2B321C,1,,0,7
AF2B321C,1,,1,1
B630035D,0,,0,7
B630035D,0,,1,5
B630035D,1,,0,7
B630035D,1,,1,1
9D1D509E,0,,0,1
9D1D509E,0,,1,5
9D1D509E,1,,0,8
9D1D509E,1,,1,4
840661DF,0,,0,8
840661DF,0,,1,4
840661DF,1,,0,7
840661DF,1,,1,1
E06AA4DB,0,,0,1
E06AA4DB,0,,1,5
E06AA4DB,1,,0,8
E06AA4DB,1,,1,4
CB47F718,0,,0,7
CB47F718,0,,1,5
CB47F718,1,,0,1
CB47F718,1,,1,5
D25CC659,0,,0,6
D25CC659,0,,1,8
D25CC659,1,,0,8
D25CC659,1,,1,4
31A81F92,0,,0,7
31A81F92,0,,1,5
31A81F92,1,,0,1
31A81F92,1,,1,5
28B32ED3,0,,0,7
28B32ED3,0,,1,5
28B32ED3,1,,0,1
28B32ED3,1,,1,5
F8B3FFAD,0,,0,7
F8B3FFAD,0,,1,5
F8B3FFAD,1,,0,6
F8B3FFAD,1,,1,8
E3EE70B5,0,,0,7
E3EE70B5,0,,1,5
E3EE70B5,1,,0,6
E3EE70B5,1,,1,8
C8C32376,0,,0,7
C8C32376,0,,1,5
C8C32376,1,,0,1
C8C32376,1,,1,5
D1D81237,0,,0,7
D1D81237,0,,1,5
D1D81237,1,,0,1
D1D81237,1,,1,5
9E9984F0,0,,0,1
9E9984F0,0,,1,5
9E9984F0,1,,0,7
9E9984F0,1,,1,1
8782B5B1,0,,0,7
8782B5B1,0,,1,5
8782B5B1,1,,0,1
8782B5B1,1,,1,5
ACAFE672,0,,0,7
ACAFE672,0,,1,1
ACAFE672,1,,0,7
ACAFE672,1,,1,1
B5B4D733,0,,0,4
B5B4D733,0,,1,8
B5B4D733,1,,0,7
B5B4D733,1,,1,1
322CCBFC,0,,0,6
322CCBFC,0,,1,8
322CCBFC,1,,0,7
322CCBFC,1,,1,1
2B37FABD,0,,0,7
2B37FABD,0,,1,5
2B37FABD,1,,0,7
2B37FABD,1,,1,1
FB372BC3,0,,0,6
FB372BC3,0,,1,8
FB372BC3,1,,0,8
FB372BC3,1,,1,4
E22C1A82,0,,0,1
E22C1A82,0,,1,5
E22C1A82,1,,0,1
E22C1A82,1,,1,5
C9014941,0,,0,8
C9014941,0,,1,4
C9014941,1,,0,7
C9014941,1,,1,1
D01A7800,0,,0,6
D01A7800,0,,1,8
D01A7800,1,,0,7
D01A7800,1,,1,1
9F5BEEC7,0,,0,1
9F5BEEC7,0,,1,5
9F5BEEC7,1,,0,7
9F5BEEC7,1,,1,1
8640DF86,0,,0,1
8640DF86,0,,1,5
8640DF86,1,,0,7
8640DF86,1,,1,1
AD6D8C45,0,,0,7
AD6D8C45,0,,1,5
AD6D8C45,1,,0,8
AD6D8C45,1,,1,4
E7630C07,0,,0,6
E7630C07,0,,1,8
E7630C07,1,,0,6
E7630C07,1,,1,8
CC4E5FC4,0,,0,7
CC4E5FC4,0,,1,5
CC4E5FC4,1,,0,1
CC4E5FC4,1,,1,5
D5556E85,0,,0,6
D5556E85,0,,1,8
D5556E85,1,,0,7
D5556E85,1,,1,5
9A14F842,0,,0,8
9A14F842,0,,1,4
9A14F842,1,,0,1
9A14F842,1,,1,5
830FC903,0,,0,8
830FC903,0,,1,4
830FC903,1,,0,1
830FC903,1,,1,5
A8229AC0,0,,0,1
A8229AC0,0,,1,5
A8229AC0,1,,0,7
A8229AC0,1,,1,1
B139AB81,0,,0,8
B139AB81,0,,1,4
B139AB81,1,,0,7
B139AB81,1,,1,1
36A1B74E,0,,0,6
36A1B74E,0,,1,8
36A1B74E,1,,0,7
36A1B74E,1,,1,1
2FBA860F,0,,0,6
2FBA860F,0,,1,8
2FBA860F,1,,0,7
2FBA860F,1,,1,1
FFBA5771,0,,0,8
FFBA5771,0,,1,4
FFBA5771,1,,0,1
FFBA5771,1,,1,5
E6A16630,0,,0,7
E6A16630,0,,1,5
E6A16630,1,,0,7
E6A16630,1,,1,5
CD8C35F3,0,,0,7
CD8C35F3,0,,1,1
CD8C35F3,1,,0,6
CD8C35F3,1,,1,8
D49704B2,0,,0,6
D49704B2,0,,1,8
D49704B2,1,,0,1
D49704B2,1,,1,5
9BD69275,0,,0,6
9BD69275,0,,1,8
9BD69275,1,,0,1
9BD69275,1,,1,5
82CDA334,0,,0,6
82CDA334,0,,1,8
82CDA334,1,,0,7
82CDA334,1,,1,1
A9E0F0F7,0,,0,7
A9E0F0F7,0,,1,1
A9E0F0F7,1,,0,1
A9E0F0F7,1,,1,5
E4E7D869,0,,0,7
E4E7D869,0,,1,5
E4E7D869,1,,0,6
E4E7D869,1,,1,8
CFCA8BAA,0,,0,8
CFCA8BAA,0,,1,4
CFCA8BAA,1,,0,1
CFCA8BAA,1,,1,5
D6D1BAEB,0,,0,6
D6D1BAEB,0,,1,8
D6D1BAEB,1,,0,1
D6D1BAEB,1,,1,5
99902C2C,0,,0,7
99902C2C,0,,1,5
99902C2C,1,,0,7
99902C2C,1,,1,5
808B1D6D,0,,0,1
808B1D6D,0,,1,5
808B1D6D,1,,0,7
808B1D6D,1,,1,5
ABA64EAE,0,,0,1
ABA64EAE,0,,1,5
ABA64EAE,1,,0,7
ABA64EAE,1,,1,1
35256320,0,,0,6
35256320,0,,1,8
35256320,1,,0,7
35256320,1,,1,1
FC3E831F,0,,0,6
FC3E831F,0,,1,8
FC3E831F,1,,0,7
FC3E831F,1,,1,1
CE08E19D,0,,0,6
CE08E19D,0,,1,8
CE08E19D,1,,0,6
CE08E19D,1,,1,8
D713D0DC,0,,0,6
D713D0DC,0,,1,8
D713D0DC,1,,0,1
D713D0DC,1,,1,5
9852461B,0,,0,6
9852461B,0,,1,8
9852461B,1,,0,7
9852461B,1,,1,1
8149775A,0,,0,7
8149775A,0,,1,5
8149775A,1,,0,8
8149775A,1,,1,4
AA642499,0,,0,8
AA642499,0,,1,4
AA642499,1,,0,7
AA642499,1,,1,1
EE79F563,0,,0,8
EE79F563,0,,1,4
EE79F563,1,,0,6
EE79F563,1,,1,8
C554A6A0,0,,0,7
C554A6A0,0,,1,1
C554A6A0,1,,0,1
C554A6A0,1,,1,5
DC4F97E1,0,,0,7
DC4F97E1,0,,1,5
DC4F97E1,1,,0,1
DC4F97E1,1,,1,5
930E0126,0,,0,6
930E0126,0,,1,8
930E0126,1,,0,7
930E0126,1,,1,5
8A153067,0,,0,1
8A153067,0,,1,5
8A153067,1,,0,7
8A153067,1,,1,1
A13863A4,0,,0,6
A13863A4,0,,1,8
A13863A4,1,,0,7
A13863A4,1,,1,1
B82352E5,0,,0,1
B82352E5,0,,1,5
B82352E5,1,,0,7
B82352E5,1,,1,1
3FBB4E2A,0,,0,4
3FBB4E2A,0,,1,8
3FBB4E2A,1,,0,7
3FBB4E2A,1,,1,1
26A07F6B,0,,0,6
26A07F6B,0,,1,8
26A07F6B,1,,0,7
26A07F6B,1,,1,1
F6A0AE15,0,,0,1
F6A0AE15,0,,1,5
F6A0AE15,1,,0,8
F6A0AE15,1,,1,4
EFBB9F54,0,,0,6
EFBB9F54,0,,1,8
EFBB9F54,1,,0,8
EFBB9F54,1,,1,4
C496CC97,0,,0,1
C496CC97,0,,1,5
C496CC97,1,,0,7
C496CC97,1,,1,1
DD8DFDD6,0,,0,6
DD8DFDD6,0,,1,8
DD8DFDD6,1,,0,1
DD8DFDD6,1,,1,5
92CC6B11,0,,0,7
92CC6B11,0,,1,5
92CC6B11,1,,0,8
92CC6B11,1,,1,4
8BD75A50,0,,0,6
8BD75A50,0,,1,8
8BD75A50,1,,0,7
8BD75A50,1,,1,1
A0FA0993,0,,0,1
A0FA0993,0,,1,5
A0FA0993,1,,0,7
A0FA0993,1,,1,5
58D6C3BE,0,,0,7
58D6C3BE,0,,1,5
58D6C3BE,1,,0,6
58D6C3BE,1,,1,8
73FB907D,0,,0,7
73FB907D,0,,1,5
73FB907D,1,,0,1
73FB907D,1,,1,5
6AE0A13C,0,,0,7
6AE0A13C,0,,1,5
6AE0A13C,1,,0,7
6AE0A13C,1,,1,1
25A137FB,0,,0,7
25A137FB,0,,1,5
25A137FB,1,,0,7
25A137FB,1,,1,5
3CBA06BA,0,,0,6
3CBA06BA,0,,1,8
3CBA06BA,1,,0,1
3CBA06BA,1,,1,5
17975579,0,,0,8
17975579,0,,1,4
17975579,1,,0,7
17975579,1,,1,1
0E8C6438,0,,0,7
0E8C6438,0,,1,5
0E8C6438,1,,0,7
0E8C6438,1,,1,1
891478F7,0,,0,6
891478F7,0,,1,8
891478F7,1,,0,7
891478F7,1,,1,1
900F49B6,0,,0,7
900F49B6,0,,1,1
900F49B6,1,,0,8
900F49B6,1,,1,4
400F98C8,0,,0,1
400F98C8,0,,1,5
400F98C8,1,,0,7
400F98C8,1,,1,1
5914A989,0,,0,7
5914A989,0,,1,1
5914A989,1,,0,8
5914A989,1,,1,4
7239FA4A,0,,0,8
7239FA4A,0,,1,4
7239FA4A,1,,0,6
7239FA4A,1,,1,8
6B22CB0B,0,,0,6
6B22CB0B,0,,1,8
6B22CB0B,1,,0,1
6B22CB0B,1,,1,5
24635DCC,0,,0,7
24635DCC,0,,1,5
24635DCC,1,,0,7
24635DCC,1,,1,1
3D786C8D,0,,0,7
3D786C8D,0,,1,1
3D786C8D,1,,0,7
3D786C8D,1,,1,1
16553F4E,0,,0,1
16553F4E,0,,1,5
16553F4E,1,,0,8
16553F4E,1,,1,4
5B5217D0,0,,0,7
5B5217D0,0,,1,5
5B5217D0,1,,0,6
5B5217D0,1,,1,8
707F4413,0,,0,6
707F4413,0,,1,8
707F4413,1,,0,1
707F4413,1,,1,5
69647552,0,,0,1
69647552,0,,1,5
69647552,1,,0,1
69647552,1,,1,5
2625E395,0,,0,7
2625E395,0,,1,5
2625E395,1,,0,1
2625E395,1,,1,5
3F3ED2D4,0,,0,6
3F3ED2D4,0,,1,8
3F3ED2D4,1,,0,7
3F3ED2D4,1,,1,5
14138117,0,,0,6
14138117,0,,1,8
14138117,1,,0,7
14138117,1,,1,1
0D08B056,0,,0,8
0D08B056,0,,1,4
0D08B056,1,,0,7
0D08B056,1,,1,1
8A90AC99,0,,0,7
8A90AC99,0,,1,5
8A90AC99,1,,0,7
8A90AC99,1,,1,1
938B9DD8,0,,0,7
938B9DD8,0,,1,5
938B9DD8,1,,0,7
938B9DD8,1,,1,1
438B4CA6,0,,0,6
438B4CA6,0,,1,8
438B4CA6,1,,0,8
438B4CA6,1,,1,4
5A907DE7,0,,0,7
5A907DE7,0,,1,5
5A907DE7,1,,0,8
5A907DE7,1,,1,4
71BD2E24,0,,0,6
71BD2E24,0,,1,8
71BD2E24,1,,0,6
71BD2E24,1,,1,8
68A61F65,0,,0,8
68A61F65,0,,1,4
68A61F65,1,,0,8
68A61F65,1,,1,4
27E789A2,0,,0,6
27E789A2,0,,1,8
27E789A2,1,,0,1
27E789A2,1,,1,5
3EFCB8E3,0,,0,7
3EFCB8E3,0,,1,5
3EFCB8E3,1,,0,7
3EFCB8E3,1,,1,1
15D1EB20,0,,0,7
15D1EB20,0,,1,5
15D1EB20,1,,0,8
15D1EB20,1,,1,4
5FDF6B62,0,,0,8
5FDF6B62,0,,1,4
5FDF6B62,1,,0,7
5FDF6B62,1,,1,1
74F238A1,0,,0,6
74F238A1,0,,1,8
74F238A1,1,,0,1
74F238A1,1,,1,5
6DE909E0,0,,0,7
6DE909E0,0,,1,5
6DE909E0,1,,0,7
6DE909E0,1,,1,5
22A89F27,0,,0,7
22A89F27,0,,1,1
22A89F27,1,,0,7
22A89F27,1,,1,1
109EFDA5,0,,0,6
109EFDA5,0,,1,8
109EFDA5,1,,0,7
109EFDA5,1,,1,1
8E1DD02B,0,,0,7
8E1DD02B,0,,1,5
8E1DD02B,1,,0,7
8E1DD02B,1,,1,1
9706E16A,0,,0,6
9706E16A,0,,1,8
9706E16A,1,,0,7
9706E16A,1,,1,1
47063014,0,,0,6
47063014,0,,1,8
47063014,1,,0,8
47063014,1,,1,4
5E1D0155,0,,0,7
5E1D0155,0,,1,1
5E1D0155,1,,0,8
5E1D0155,1,,1,4
75305296,0,,0,7
75305296,0,,1,5
75305296,1,,0,7
75305296,1,,1,1
6C2B63D7,0,,0,7
6C2B63D7,0,,1,5
6C2B63D7,1,,0,7
6C2B63D7,1,,1,5
236AF510,0,,0,7
236AF510,0,,1,5
236AF510,1,,0,1
236AF510,1,,1,5
3A71C451,0,,0,7
3A71C451,0,,1,1
3A71C451,1,,0,7
3A71C451,1,,1,1
115C9792,0,,0,7
115C9792,0,,1,5
115C9792,1,,0,1
115C9792,1,,1,5
5C5BBF0C,0,,0,6
5C5BBF0C,0,,1,8
5C5BBF0C,1,,0,6
5C5BBF0C,1,,1,8
7776ECCF,0,,0,1
7776ECCF,0,,1,5
7776ECCF,1,,0,1
7776ECCF,1,,1,5
6E6DDD8E,0,,0,1
6E6DDD8E,0,,1,5
6E6DDD8E,1,,0,7
6E6DDD8E,1,,1,5
212C4B49,0,,0,6
212C4B49,0,,1,8
212C4B49,1,,0,1
212C4B49,1,,1,5
38377A08,0,,0,6
38377A08,0,,1,8
38377A08,1,,0,1
38377A08,1,,1,5
131A29CB,0,,0,8
131A29CB,0,,1,4
131A29CB,1,,0,7
131A29CB,1,,1,1
0A01188A,0,,0,6
0A01188A,0,,1,8
0A01188A,1,,0,7
0A01188A,1,,1,1
8D990445,0,,0,7
8D990445,0,,1,5
8D990445,1,,0,7
8D990445,1,,1,1
94823504,0,,0,7
94823504,0,,1,5
94823504,1,,0,7
94823504,1,,1,1
4482E47A,0,,0,1
4482E47A,0,,1,5
4482E47A,1,,0,8
4482E47A,1,,1,4
5D99D53B,0,,0,8
5D99D53B,0,,1,4
5D99D53B,1,,0,1
5D99D53B,1,,1,5
76B486F8,0,,0,6
76B486F8,0,,1,8
76B486F8,1,,0,6
76B486F8,1,,1,8
6FAFB7B9,0,,0,6
6FAFB7B9,0,,1,8
6FAFB7B9,1,,0,7
6FAFB7B9,1,,1,1
20EE217E,0,,0,8
20EE217E,0,,1,4
20EE217E,1,,0,7
20EE217E,1,,1,1
39F5103F,0,,0,8
39F5103F,0,,1,4
39F5103F,1,,0,1
39F5103F,1,,1,5
12D843FC,0,,0,6
12D843FC,0,,1,8
12D843FC,1,,0,8
12D843FC,1,,1,4
56C59206,0,,0,7
56C59206,0,,1,5
56C59206,1,,0,6
56C59206,1,,1,8
7DE8C1C5,0,,0,7
7DE8C1C5,0,,1,5
7DE8C1C5,1,,0,1
7DE8C1C5,1,,1,5
64F3F084,0,,0,6
64F3F084,0,,1,8
64F3F084,1,,0,7
64F3F084,1,,1,5
2BB26643,0,,0,8
2BB26643,0,,1,4
2BB26643,1,,0,7
2BB26643,1,,1,1
32A95702,0,,0,7
32A95702,0,,1,5
32A95702,1,,0,1
32A95702,1,,1,5
198404C1,0,,0,7
198404C1,0,,1,5
198404C1,1,,0,7
198404C1,1,,1,1
009F3580,0,,0,1
009F3580,0,,1,5
009F3580,1,,0,7
009F3580,1,,1,1
8707294F,0,,0,1
8707294F,0,,1,5
8707294F,1,,0,7
8707294F,1,,1,1
9E1C180E,0,,0,8
9E1C180E,0,,1,4
9E1C180E,1,,0,7
9E1C180E,1,,1,1
4E1CC970,0,,0,7
4E1CC970,0,,1,5
4E1CC970,1,,0,8
4E1CC970,1,,1,4
5707F831,0,,0,7
5707F831,0,,1,5
5707F831,1,,0,8
5707F831,1,,1,4
7C2AABF2,0,,0,8
7C2AABF2,0,,1,4
7C2AABF2,1,,0,6
7C2AABF2,1,,1,8
65319AB3,0,,0,6
65319AB3,0,,1,8
65319AB3,1,,0,7
65319AB3,1,,1,5
2A700C74,0,,0,8
2A700C74,0,,1,4
2A700C74,1,,0,1
2A700C74,1,,1,5
336B3D35,0,,0,7
336B3D35,0,,1,5
336B3D35,1,,0,7
336B3D35,1,,1,1
18466EF6,0,,0,7
18466EF6,0,,1,5
18466EF6,1,,0,8
18466EF6,1,,1,4
4A636C50,0,,0,6
4A636C50,0,,1,8
4A636C50,1,,0,6
4A636C50,1,,1,8
614E3F93,0,,0,8
614E3F93,0,,1,4
614E3F93,1,,0,1
614E3F93,1,,1,5
78550ED2,0,,0,8
78550ED2,0,,1,4
78550ED2,1,,0,1
78550ED2,1,,1,5
37149815,0,,0,7
37149815,0,,1,5
37149815,1,,0,1
37149815,1,,1,5
2E0FA954,0,,0,7
2E0FA954,0,,1,1
2E0FA954,1,,0,1
2E0FA954,1,,1,5
0522FA97,0,,0,8
0522FA97,0,,1,4
0522FA97,1,,0,7
0522FA97,1,,1,1
1C39CBD6,0,,0,1
1C39CBD6,0,,1,5
1C39CBD6,1,,0,7
1C39CBD6,1,,1,1
9BA1D719,0,,0,7
9BA1D719,0,,1,1
9BA1D719,1,,0,7
9BA1D719,1,,1,1
82BAE658,0,,0,8
82BAE658,0,,1,4
82BAE658,1,,0,7
82BAE658,1,,1,1
52BA3726,0,,0,8
52BA3726,0,,1,4
52BA3726,1,,0,8
52BA3726,1,,1,4
4BA10667,0,,0,7
4BA10667,0,,1,5
4BA10667,1,,0,8
4BA10667,1,,1,4
608C55A4,0,,0,7
608C55A4,0,,1,1
608C55A4,1,,0,6
608C55A4,1,,1,8
799764E5,0,,0,6
799764E5,0,,1,8
799764E5,1,,0,7
799764E5,1,,1,1
36D6F222,0,,0,6
36D6F222,0,,1,8
36D6F222,1,,0,7
36D6F222,1,,1,1
2FCDC363,0,,0,8
2FCDC363,0,,1,4
2FCDC363,1,,0,8
2FCDC363,1,,1,4
04E090A0,0,,0,7
04E090A0,0,,1,5
04E090A0,1,,0,7
04E090A0,1,,1,5
49E7B83E,0,,0,1
49E7B83E,0,,1,5
49E7B83E,1,,0,6
49E7B83E,1,,1,8
62CAEBFD,0,,0,6
62CAEBFD,0,,1,8
62CAEBFD,1,,0,1
62CAEBFD,1,,1,5
7BD1DABC,0,,0,1
7BD1DABC,0,,1,5
7BD1DABC,1,,0,1
7BD1DABC,1,,1,5
34904C7B,0,,0,7
34904C7B,0,,1,5
34904C7B,1,,0,1
34904C7B,1,,1,5
2D8B7D3A,0,,0,7
2D8B7D3A,0,,1,1
2D8B7D3A,1,,0,1
2D8B7D3A,1,,1,5
06A62EF9,0,,0,8
06A62EF9,0,,1,4
06A62EF9,1,,0,7
06A62EF9,1,,1,1
1FBD1FB8,0,,0,6
1FBD1FB8,0,,1,8
1FBD1FB8,1,,0,7
1FBD1FB8,1,,1,1
98250377,0,,0,6
98250377,0,,1,8
98250377,1,,0,7
98250377,1,,1,1
813E3236,0,,0,6
813E3236,0,,1,8
813E3236,1,,0,7
813E3236,1,,1,1
513EE348,0,,0,1
513EE348,0,,1,5
513EE348,1,,0,8
513EE348,1,,1,4
4825D209,0,,0,6
4825D209,0,,1,8
4825D209,1,,0,8
4825D209,1,,1,4
630881CA,0,,0,6
630881CA,0,,1,8
630881CA,1,,0,6
630881CA,1,,1,8
7A13B08B,0,,0,7
7A13B08B,0,,1,5
7A13B08B,1,,0,7
7A13B08B,1,,1,5
3552264C,0,,0,7
3552264C,0,,1,5
3552264C,1,,0,7
3552264C,1,,1,1
2C49170D,0,,0,6
2C49170D,0,,1,8
2C49170D,1,,0,7
2C49170D,1,,1,1
076444CE,0,,0,7
076444CE,0,,1,1
076444CE,1,,0,8
076444CE,1,,1,4
4D6AC48C,0,,0,6
4D6AC48C,0,,1,8
4D6AC48C,1,,0,6
4D6AC48C,1,,1,8
6647974F,0,,0,7
6647974F,0,,1,1
6647974F,1,,0,1
6647974F,1,,1,5
7F5CA60E,0,,0,8
7F5CA60E,0,,1,4
7F5CA60E,1,,0,1
7F5CA60E,1,,1,5
301D30C9,0,,0,7
301D30C9,0,,1,5
301D30C9,1,,0,7
301D30C9,1,,1,1
29060188,0,,0,7
29060188,0,,1,5
29060188,1,,0,7
29060188,1,,1,5
022B524B,0,,0,6
022B524B,0,,1,8
022B524B,1,,0,7
022B524B,1,,1,1
1B30630A,0,,0,7
1B30630A,0,,1,1
1B30630A,1,,0,7
1B30630A,1,,1,1
9CA87FC5,0,,0,6
9CA87FC5,0,,1,8
9CA87FC5,1,,0,7
9CA87FC5,1,,1,1
85B34E84,0,,0,6
85B34E84,0,,1,8
85B34E84,1,,0,7
85B34E84,1,,1,1
55B39FFA,0,,0,7
55B39FFA,0,,1,1
55B39FFA,1,,0,8
55B39FFA,1,,1,4
4CA8AEBB,0,,0,7
4CA8AEBB,0,,1,1
4CA8AEBB,1,,0,8
4CA8AEBB,1,,1,4
6785FD78,0,,0,7
6785FD78,0,,1,5
6785FD78,1,,0,7
6785FD78,1,,1,1
7E9ECC39,0,,0,7
7E9ECC39,0,,1,1
7E9ECC39,1,,0,1
7E9ECC39,1,,1,5
31DF5AFE,0,,0,6
31DF5AFE,0,,1,8
31DF5AFE,1,,0,1
31DF5AFE,1,,1,5
28C46BBF,0,,0,6
28C46BBF,0,,1,8
28C46BBF,1,,0,7
28C46BBF,1,,1,1
03E9387C,0,,0,7
03E9387C,0,,1,5
03E9387C,1,,0,1
03E9387C,1,,1,5
4EEE10E2,0,,0,1
4EEE10E2,0,,1,5
4EEE10E2,1,,0,6
4EEE10E2,1,,1,8
65C34321,0,,0,7
65C34321,0,,1,5
65C34321,1,,0,1
65C34321,1,,1,5
7CD87260,0,,0,7
7CD87260,0,,1,1
7CD87260,1,,0,1
7CD87260,1,,1,5
3399E4A7,0,,0,1
3399E4A7,0,,1,5
3399E4A7,1,,0,7
3399E4A7,1,,1,1
2A82D5E6,0,,0,6
2A82D5E6,0,,1,8
2A82D5E6,1,,0,1
2A82D5E6,1,,1,5
01AF8625,0,,0,1
01AF8625,0,,1,5
01AF8625,1,,0,7
01AF8625,1,,1,1
18B4B764,0,,0,7
18B4B764,0,,1,1
18B4B764,1,,0,7
18B4B764,1,,1,1
9F2CABAB,0,,0,7
9F2CABAB,0,,1,1
9F2CABAB,1,,0,7
9F2CABAB,1,,1,1
86379AEA,0,,0,1
86379AEA,0,,1,5
86379AEA,1,,0,7
86379AEA,1,,1,1
56374B94,0,,0,8
56374B94,0,,1,4
56374B94,1,,0,8
56374B94,1,,1,4
4F2C7AD5,0,,0,7
4F2C7AD5,0,,1,5
4F2C7AD5,1,,0,8
4F2C7AD5,1,,1,4
64012916,0,,0,8
64012916,0,,1,4
64012916,1,,0,6
64012916,1,,1,8
7D1A1857,0,,0,7
7D1A1857,0,,1,5
7D1A1857,1,,0,8
7D1A1857,1,,1,4
325B8E90,0,,0,7
325B8E90,0,,1,1
325B8E90,1,,0,1
325B8E90,1,,1,5
2B40BFD1,0,,0,7
2B40BFD1,0,,1,5
2B40BFD1,1,,0,7
2B40BFD1,1,,1,1
006DEC12,0,,0,7
006DEC12,0,,1,5
006DEC12,1,,0,8
006DEC12,1,,1,4
44703DE8,0,,0,8
44703DE8,0,,1,4
44703DE8,1,,0,6
44703DE8,1,,1,8
6F5D6E2B,0,,0,7
6F5D6E2B,0,,1,5
6F5D6E2B,1,,0,7
6F5D6E2B,1,,1,5
76465F6A,0,,0,1
76465F6A,0,,1,5
76465F6A,1,,0,7
76465F6A,1,,1,5
3907C9AD,0,,0,7
3907C9AD,0,,1,1
3907C9AD,1,,0,1
3907C9AD,1,,1,5
201CF8EC,0,,0,7
201CF8EC,0,,1,1
201CF8EC,1,,0,1
201CF8EC,1,,1,5
0B31AB2F,0,,0,6
0B31AB2F,0,,1,8
0B31AB2F,1,,0,7
0B31AB2F,1,,1,1
122A9A6E,0,,0,7
122A9A6E,0,,1,1
122A9A6E,1,,0,7
122A9A6E,1,,1,1
95B286A1,0,,0,1
95B286A1,0,,1,5
95B286A1,1,,0,7
95B286A1,1,,1,1
8CA9B7E0,0,,0,7
8CA9B7E0,0,,1,5
8CA9B7E0,1,,0,7
8CA9B7E0,1,,1,1
5CA9669E,0,,0,6
5CA9669E,0,,1,8
5CA9669E,1,,0,8
5CA9669E,1,,1,4
45B257DF,0,,0,7
45B257DF,0,,1,1
45B257DF,1,,0,8
45B257DF,1,,1,4
6E9F041C,0,,0,8
6E9F041C,0,,1,4
6E9F041C,1,,0,6
6E9F041C,1,,1,8
7784355D,0,,0,7
7784355D,0,,1,1
7784355D,1,,0,8
7784355D,1,,1,4
38C5A39A,0,,0,1
38C5A39A,0,,1,5
38C5A39A,1,,0,1
38C5A39A,1,,1,5
21DE92DB,0,,0,7
21DE92DB,0,,1,1
21DE92DB,1,,0,7
21DE92DB,1,,1,1
0AF3C118,0,,0,7
0AF3C118,0,,1,5
0AF3C118,1,,0,1
0AF3C118,1,,1,5
F2DF0B35,0,,0,6
F2DF0B35,0,,1,8
F2DF0B35,1,,0,6
F2DF0B35,1,,1,8
D9F258F6,0,,0,8
D9F258F6,0,,1,4
D9F258F6,1,,0,1
D9F258F6,1,,1,5
C0E969B7,0,,0,7
C0E969B7,0,,1,5
C0E969B7,1,,0,1
C0E969B7,1,,1,5
8FA8FF70,0,,0,1
8FA8FF70,0,,1,5
8FA8FF70,1,,0,1
8FA8FF70,1,,1,5
96B3CE31,0,,0,1
96B3CE31,0,,1,5
96B3CE31,1,,0,7
96B3CE31,1,,1,5
BD9E9DF2,0,,0,7
BD9E9DF2,0,,1,1
BD9E9DF2,1,,0,7
BD9E9DF2,1,,1,1
A485ACB3,0,,0,7
A485ACB3,0,,1,5
A485ACB3,1,,0,7
A485ACB3,1,,1,1
231DB07C,0,,0,7
231DB07C,0,,1,5
231DB07C,1,,0,7
231DB07C,1,,1,1
3A06813D,0,,0,7
3A06813D,0,,1,5
3A06813D,1,,0,7
3A06813D,1,,1,1
EA065043,0,,0,7
EA065043,0,,1,5
EA065043,1,,0,8
EA065043,1,,1,4
F31D6102,0,,0,7
F31D6102,0,,1,5
F31D6102,1,,0,8
F31D6102,1,,1,4
D83032C1,0,,0,1
D83032C1,0,,1,5
D83032C1,1,,0,8
D83032C1,1,,1,4
C12B0380,0,,0,1
C12B0380,0,,1,5
C12B0380,1,,0,1
C12B0380,1,,1,5
8E6A9547,0,,0,6
8E6A9547,0,,1,8
8E6A9547,1,,0,1
8E6A9547,1,,1,5
9771A406,0,,0,7
9771A406,0,,1,1
9771A406,1,,0,6
9771A406,1,,1,8
BC5CF7C5,0,,0,7
BC5CF7C5,0,,1,5
BC5CF7C5,1,,0,7
BC5CF7C5,1,,1,1
F15BDF5B,0,,0,6
F15BDF5B,0,,1,8
F15BDF5B,1,,0,6
F15BDF5B,1,,1,8
DA768C98,0,,0,7
DA768C98,0,,1,5
DA768C98,1,,0,8
DA768C98,1,,1,4
C36DBDD9,0,,0,6
C36DBDD9,0,,1,8
C36DBDD9,1,,0,1
C36DBDD9,1,,1,5
8C2C2B1E,0,,0,8
8C2C2B1E,0,,1,4
8C2C2B1E,1,,0,1
8C2C2B1E,1,,1,5
95371A5F,0,,0,6
95371A5F,0,,1,8
95371A5F,1,,0,1
95371A5F,1,,1,5
BE1A499C,0,,0,8
BE1A499C,0,,1,4
BE1A499C,1,,0,7
BE1A499C,1,,1,1
A70178DD,0,,0,7
A70178DD,0,,1,5
A70178DD,1,,0,7
A70178DD,1,,1,1
20996412,0,,0,6
20996412,0,,1,8
20996412,1,,0,7
20996412,1,,1,1
39825553,0,,0,7
39825553,0,,1,5
39825553,1,,0,8
39825553,1,,1,4
E982842D,0,,0,6
E982842D,0,,1,8
E982842D,1,,0,7
E982842D,1,,1,1
DBB4E6AF,0,,0,6
DBB4E6AF,0,,1,8
DBB4E6AF,1,,0,6
DBB4E6AF,1,,1,8
BFD823AB,0,,0,1
BFD823AB,0,,1,5
BFD823AB,1,,0,7
BFD823AB,1,,1,1
215B0E25,0,,0,7
215B0E25,0,,1,5
215B0E25,1,,0,8
215B0E25,1,,1,4
38403F64,0,,0,1
38403F64,0,,1,5
38403F64,1,,0,8
38403F64,1,,1,4
ECCD92A8,0,,0,8
ECCD92A8,0,,1,4
ECCD92A8,1,,0,7
ECCD92A8,1,,1,1
F6527787,0,,0,7
F6527787,0,,1,1
F6527787,1,,0,6
F6527787,1,,1,8
DD7F2444,0,,0,7
DD7F2444,0,,1,5
DD7F2444,1,,0,1
DD7F2444,1,,1,5
C4641505,0,,0,6
C4641505,0,,1,8
C4641505,1,,0,1
C4641505,1,,1,5
8B2583C2,0,,0,7
8B2583C2,0,,1,1
8B2583C2,1,,0,7
8B2583C2,1,,1,1
923EB283,0,,0,1
923EB283,0,,1,5
923EB283,1,,0,7
923EB283,1,,1,1
B913E140,0,,0,6
B913E140,0,,1,8
B913E140,1,,0,8
B913E140,1,,1,4
A008D001,0,,0,8
A008D001,0,,1,4
A008D001,1,,0,1
A008D001,1,,1,5
3E8BFD8F,0,,0,7
3E8BFD8F,0,,1,1
3E8BFD8F,1,,0,8
3E8BFD8F,1,,1,4
EE8B2CF1,0,,0,7
EE8B2CF1,0,,1,5
EE8B2CF1,1,,0,7
EE8B2CF1,1,,1,1
F7901DB0,0,,0,7
F7901DB0,0,,1,1
F7901DB0,1,,0,1
F7901DB0,1,,1,5
6F08338C,0,,0,7
6F08338C,0,,1,1
6F08338C,1,,0,6
6F08338C,1,,1,8
4425604F,0,,0,8
4425604F,0,,1,4
4425604F,1,,0,1
4425604F,1,,1,5
5D3E510E,0,,0,1
5D3E510E,0,,1,5
5D3E510E,1,,0,1
5D3E510E,1,,1,5
127FC7C9,0,,0,1
127FC7C9,0,,1,5
127FC7C9,1,,0,1
127FC7C9,1,,1,5
0B64F688,0,,0,1
0B64F688,0,,1,5
0B64F688,1,,0,1
0B64F688,1,,1,5
2049A54B,0,,0,6
2049A54B,0,,1,8
2049A54B,1,,0,7
2049A54B,1,,1,1
3952940A,0,,0,7
3952940A,0,,1,5
3952940A,1,,0,7
3952940A,1,,1,1
BECA88C5,0,,0,8
BECA88C5,0,,1,4
BECA88C5,1,,0,7
BECA88C5,1,,1,1
A7D1B984,0,,0,8
A7D1B984,0,,1,4
A7D1B984,1,,0,7
A7D1B984,1,,1,1
77D168FA,0,,0,6
77D168FA,0,,1,8
77D168FA,1,,0,8
77D168FA,1,,1,4
6ECA59BB,0,,0,7
6ECA59BB,0,,1,5
6ECA59BB,1,,0,8
6ECA59BB,1,,1,4
6C8CE7E2,0,,0,6
6C8CE7E2,0,,1,8
6C8CE7E2,1,,0,6
6C8CE7E2,1,,1,8
47A1B421,0,,0,6
47A1B421,0,,1,8
47A1B421,1,,0,1
47A1B421,1,,1,5
5EBA8560,0,,0,7
5EBA8560,0,,1,5
5EBA8560,1,,0,1
5EBA8560,1,,1,5
11FB13A7,0,,0,6
11FB13A7,0,,1,8
11FB13A7,1,,0,1
11FB13A7,1,,1,5
08E022E6,0,,0,6
08E022E6,0,,1,8
08E022E6,1,,0,1
08E022E6,1,,1,5
23CD7125,0,,0,8
23CD7125,0,,1,4
23CD7125,1,,0,7
23CD7125,1,,1,1
3AD64064,0,,0,7
3AD64064,0,,1,5
3AD64064,1,,0,7
3AD64064,1,,1,1
BD4E5CAB,0,,0,7
BD4E5CAB,0,,1,5
BD4E5CAB,1,,0,7
BD4E5CAB,1,,1,1
A4556DEA,0,,0,1
A4556DEA,0,,1,5
A4556DEA,1,,0,7
A4556DEA,1,,1,1
7455BC94,0,,0,1
7455BC94,0,,1,5
7455BC94,1,,0,8
7455BC94,1,,1,4
6D4E8DD5,0,,0,8
6D4E8DD5,0,,1,4
6D4E8DD5,1,,0,8
6D4E8DD5,1,,1,4
C501FB07,0,,0,1
C501FB07,0,,1,5
C501FB07,1,,0,8
C501FB07,1,,1,4
EE2CA8C4,0,,0,8
EE2CA8C4,0,,1,4
EE2CA8C4,1,,0,6
EE2CA8C4,1,,1,8
F7379985,0,,0,6
F7379985,0,,1,8
F7379985,1,,0,7
F7379985,1,,1,1
B8760F42,0,,0,1
B8760F42,0,,1,5
B8760F42,1,,0,6
B8760F42,1,,1,8
A16D3E03,0,,0,8
A16D3E03,0,,1,4
A16D3E03,1,,0,6
A16D3E03,1,,1,8
8A406DC0,0,,0,7
8A406DC0,0,,1,5
8A406DC0,1,,0,6
8A406DC0,1,,1,8
935B5C81,0,,0,8
935B5C81,0,,1,4
935B5C81,1,,0,7
935B5C81,1,,1,1
14C3404E,0,,0,7
14C3404E,0,,1,5
14C3404E,1,,0,7
14C3404E,1,,1,1
0DD8710F,0,,0,1
0DD8710F,0,,1,5
0DD8710F,1,,0,1
0DD8710F,1,,1,5
DDD8A071,0,,0,7
DDD8A071,0,,1,1
DDD8A071,1,,0,1
DDD8A071,1,,1,5
C4C39130,0,,0,7
C4C39130,0,,1,1
C4C39130,1,,0,8
C4C39130,1,,1,4
EFEEC2F3,0,,0,6
EFEEC2F3,0,,1,8
EFEEC2F3,1,,0,6
EFEEC2F3,1,,1,8
F6F5F3B2,0,,0,6
F6F5F3B2,0,,1,8
F6F5F3B2,1,,0,6
F6F5F3B2,1,,1,8
B9B46575,0,,0,1
B9B46575,0,,1,5
B9B46575,1,,0,6
B9B46575,1,,1,8
A0AF5434,0,,0,7
A0AF5434,0,,1,1
A0AF5434,1,,0,8
A0AF5434,1,,1,4
8B8207F7,0,,0,7
8B8207F7,0,,1,1
8B8207F7,1,,0,7
8B8207F7,1,,1,1
929936B6,0,,0,4
929936B6,0,,1,8
929936B6,1,,0,8
929936B6,1,,1,4
C6852F69,0,,0,7
C6852F69,0,,1,5
C6852F69,1,,0,8
C6852F69,1,,1,4
EDA87CAA,0,,0,8
EDA87CAA,0,,1,4
EDA87CAA,1,,0,8
EDA87CAA,1,,1,4
F4B34DEB,0,,0,6
F4B34DEB,0,,1,8
F4B34DEB,1,,0,7
F4B34DEB,1,,1,1
BBF2DB2C,0,,0,7
BBF2DB2C,0,,1,1
BBF2DB2C,1,,0,6
BBF2DB2C,1,,1,8
A2E9EA6D,0,,0,6
A2E9EA6D,0,,1,8
A2E9EA6D,1,,0,6
A2E9EA6D,1,,1,8
89C4B9AE,0,,0,1
89C4B9AE,0,,1,5
89C4B9AE,1,,0,8
89C4B9AE,1,,1,4
90DF88EF,0,,0,7
90DF88EF,0,,1,5
90DF88EF,1,,0,1
90DF88EF,1,,1,5
17479420,0,,0,7
17479420,0,,1,5
17479420,1,,0,8
17479420,1,,1,4
0E5CA561,0,,0,1
0E5CA561,0,,1,5
0E5CA561,1,,0,6
0E5CA561,1,,1,8
DE5C741F,0,,0,4
DE5C741F,0,,1,8
DE5C741F,1,,0,7
DE5C741F,1,,1,1
C747455E,0,,0,6
C747455E,0,,1,8
C747455E,1,,0,1
C747455E,1,,1,5
EC6A169D,0,,0,6
EC6A169D,0,,1,8
EC6A169D,1,,0,7
EC6A169D,1,,1,1
F57127DC,0,,0,6
F57127DC,0,,1,8
F57127DC,1,,0,6
F57127DC,1,,1,8
BA30B11B,0,,0,6
BA30B11B,0,,1,8
BA30B11B,1,,0,7
BA30B11B,1,,1,5
A32B805A,0,,0,8
A32B805A,0,,1,4
A32B805A,1,,0,6
A32B805A,1,,1,8
8806D399,0,,0,7
8806D399,0,,1,5
8806D399,1,,0,1
8806D399,1,,1,5
911DE2D8,0,,0,6
911DE2D8,0,,1,8
911DE2D8,1,,0,7
911DE2D8,1,,1,1
1685FE17,0,,0,1
1685FE17,0,,1,5
1685FE17,1,,0,8
1685FE17,1,,1,4
0F9ECF56,0,,0,7
0F9ECF56,0,,1,1
0F9ECF56,1,,0,6
0F9ECF56,1,,1,8
DB13629A,0,,0,7
DB13629A,0,,1,5
DB13629A,1,,0,1
DB13629A,1,,1,5
C20853DB,0,,0,7
C20853DB,0,,1,5
C20853DB,1,,0,1
C20853DB,1,,1,5
E9250018,0,,0,7
E9250018,0,,1,5
E9250018,1,,0,7
E9250018,1,,1,1
F03E3159,0,,0,8
F03E3159,0,,1,4
F03E3159,1,,0,6
F03E3159,1,,1,8
BF7FA79E,0,,0,6
BF7FA79E,0,,1,8
BF7FA79E,1,,0,1
BF7FA79E,1,,1,5
A66496DF,0,,0,8
A66496DF,0,,1,4
A66496DF,1,,0,1
A66496DF,1,,1,5
8D49C51C,0,,0,6
8D49C51C,0,,1,8
8D49C51C,1,,0,1
8D49C51C,1,,1,5
9452F45D,0,,0,6
9452F45D,0,,1,8
9452F45D,1,,0,6
9452F45D,1,,1,8
13CAE892,0,,0,6
13CAE892,0,,1,8
13CAE892,1,,0,1
13CAE892,1,,1,5
0AD1D9D3,0,,0,6
0AD1D9D3,0,,1,8
0AD1D9D3,1,,0,7
0AD1D9D3,1,,1,1
DAD108AD,0,,0,7
DAD108AD,0,,1,1
DAD108AD,1,,0,8
DAD108AD,1,,1,4
C3CA39EC,0,,0,8
C3CA39EC,0,,1,4
C3CA39EC,1,,0,6
C3CA39EC,1,,1,8
E8E76A2F,0,,0,6
E8E76A2F,0,,1,8
E8E76A2F,1,,0,1
E8E76A2F,1,,1,5
F1FC5B6E,0,,0,1
F1FC5B6E,0,,1,5
F1FC5B6E,1,,0,7
F1FC5B6E,1,,1,1
BEBDCDA9,0,,0,8
BEBDCDA9,0,,1,4
BEBDCDA9,1,,0,1
BEBDCDA9,1,,1,5
A7A6FCE8,0,,0,7
A7A6FCE8,0,,1,1
A7A6FCE8,1,,0,7
A7A6FCE8,1,,1,1
8C8BAF2B,0,,0,8
8C8BAF2B,0,,1,4
8C8BAF2B,1,,0,8
8C8BAF2B,1,,1,4
95909E6A,0,,0,7
95909E6A,0,,1,1
95909E6A,1,,0,1
95909E6A,1,,1,5
120882A5,0,,0,1
120882A5,0,,1,5
120882A5,1,,0,7
120882A5,1,,1,5
0B13B3E4,0,,0,6
0B13B3E4,0,,1,8
0B13B3E4,1,,0,7
0B13B3E4,1,,1,1
D897B6F4,0,,0,8
D897B6F4,0,,1,4
D897B6F4,1,,0,8
D897B6F4,1,,1,4
C18C87B5,0,,0,6
C18C87B5,0,,1,8
C18C87B5,1,,0,8
C18C87B5,1,,1,4
EAA1D476,0,,0,7
EAA1D476,0,,1,5
EAA1D476,1,,0,6
EAA1D476,1,,1,8
F3BAE537,0,,0,7
F3BAE537,0,,1,5
F3BAE537,1,,0,6
F3BAE537,1,,1,8
BCFB73F0,0,,0,6
BCFB73F0,0,,1,8
BCFB73F0,1,,0,1
BCFB73F0,1,,1,5
A5E042B1,0,,0,1
A5E042B1,0,,1,5
A5E042B1,1,,0,8
A5E042B1,1,,1,4
8ECD1172,0,,0,8
8ECD1172,0,,1,4
8ECD1172,1,,0,1
8ECD1172,1,,1,5
97D62033,0,,0,7
97D62033,0,,1,5
97D62033,1,,0,6
97D62033,1,,1,8
104E3CFC,0,,0,1
104E3CFC,0,,1,5
104E3CFC,1,,0,1
104E3CFC,1,,1,5
09550DBD,0,,0,8
09550DBD,0,,1,4
09550DBD,1,,0,6
09550DBD,1,,1,8
D955DCC3,0,,0,1
D955DCC3,0,,1,5
D955DCC3,1,,0,6
D955DCC3,1,,1,8
C04EED82,0,,0,8
C04EED82,0,,1,4
C04EED82,1,,0,8
C04EED82,1,,1,4
EB63BE41,0,,0,7
EB63BE41,0,,1,1
EB63BE41,1,,0,7
EB63BE41,1,,1,1
F2788F00,0,,0,7
F2788F00,0,,1,5
F2788F00,1,,0,6
F2788F00,1,,1,8
BD3919C7,0,,0,7
BD3919C7,0,,1,5
BD3919C7,1,,0,1
BD3919C7,1,,1,5
A4222886,0,,0,7
A4222886,0,,1,5
A4222886,1,,0,8
A4222886,1,,1,4
8F0F7B45,0,,0,8
8F0F7B45,0,,1,4
8F0F7B45,1,,0,7
8F0F7B45,1,,1,5
96144A04,0,,0,7
96144A04,0,,1,1
96144A04,1,,0,1
96144A04,1,,1,5
118C56CB,0,,0,1
118C56CB,0,,1,5
118C56CB,1,,0,1
118C56CB,1,,1,5
0897678A,0,,0,6
0897678A,0,,1,8
0897678A,1,,0,7
0897678A,1,,1,1
D2099BFE,0,,0,8
D2099BFE,0,,1,4
D2099BFE,1,,0,1
D2099BFE,1,,1,5
CB12AABF,0,,0,7
CB12AABF,0,,1,5
CB12AABF,1,,0,7
CB12AABF,1,,1,1
E03FF97C,0,,0,4
E03FF97C,0,,1,8
E03FF97C,1,,0,8
E03FF97C,1,,1,4
F924C83D,0,,0,7
F924C83D,0,,1,5
F924C83D,1,,0,8
F924C83D,1,,1,4
B6655EFA,0,,0,7
B6655EFA,0,,1,5
B6655EFA,1,,0,8
B6655EFA,1,,1,4
AF7E6FBB,0,,0,6
AF7E6FBB,0,,1,8
AF7E6FBB,1,,0,8
AF7E6FBB,1,,1,4
84533C78,0,,0,6
84533C78,0,,1,8
84533C78,1,,0,8
84533C78,1,,1,4
9D480D39,0,,0,7
9D480D39,0,,1,1
9D480D39,1,,0,1
9D480D39,1,,1,5
1AD011F6,0,,0,6
1AD011F6,0,,1,8
1AD011F6,1,,0,8
1AD011F6,1,,1,4
03CB20B7,0,,0,8
03CB20B7,0,,1,4
03CB20B7,1,,0,8
03CB20B7,1,,1,4
D3CBF1C9,0,,0,1
D3CBF1C9,0,,1,5
D3CBF1C9,1,,0,6
D3CBF1C9,1,,1,8
CAD0C088,0,,0,7
CAD0C088,0,,1,5
CAD0C088,1,,0,8
CAD0C088,1,,1,4
E1FD934B,0,,0,6
E1FD934B,0,,1,8
E1FD934B,1,,0,7
E1FD934B,1,,1,5
F8E6A20A,0,,0,8
F8E6A20A,0,,1,4
F8E6A20A,1,,0,6
F8E6A20A,1,,1,8
B7A734CD,0,,0,8
B7A734CD,0,,1,4
B7A734CD,1,,0,7
B7A734CD,1,,1,1
AEBC058C,0,,0,1
AEBC058C,0,,1,5
AEBC058C,1,,0,6
AEBC058C,1,,1,8
8591564F,0,,0,7
8591564F,0,,1,5
8591564F,1,,0,1
8591564F,1,,1,5
9C8A670E,0,,0,1
9C8A670E,0,,1,5
9C8A670E,1,,0,1
9C8A670E,1,,1,5
1B127BC1,0,,0,7
1B127BC1,0,,1,1
1B127BC1,1,,0,8
1B127BC1,1,,1,4
02094A80,0,,0,6
02094A80,0,,1,8
02094A80,1,,0,8
02094A80,1,,1,4
64A6AD23,0,,0,6
64A6AD23,0,,1,8
64A6AD23,1,,0,7
64A6AD23,1,,1,1
7DBD9C62,0,,0,4
7DBD9C62,0,,1,8
7DBD9C62,1,,0,1
7DBD9C62,1,,1,5
5690CFA1,0,,0,6
5690CFA1,0,,1,8
5690CFA1,1,,0,8
5690CFA1,1,,1,4
4F8BFEE0,0,,0,7
4F8BFEE0,0,,1,1
4F8BFEE0,1,,0,8
4F8BFEE0,1,,1,4
00CA6827,0,,0,1
00CA6827,0,,1,5
00CA6827,1,,0,1
00CA6827,1,,1,5
19D15966,0,,0,7
19D15966,0,,1,1
19D15966,1,,0,1
19D15966,1,,1,5
32FC0AA5,0,,0,7
32FC0AA5,0,,1,5
32FC0AA5,1,,0,1
32FC0AA5,1,,1,5
2BE73BE4,0,,0,7
2BE73BE4,0,,1,1
2BE73BE4,1,,0,6
2BE73BE4,1,,1,8
AC7F272B,0,,0,7
AC7F272B,0,,1,1
AC7F272B,1,,0,7
AC7F272B,1,,1,1
B564166A,0,,0,7
B564166A,0,,1,5
B564166A,1,,0,1
B564166A,1,,1,5
6564C714,0,,0,8
6564C714,0,,1,4
6564C714,1,,0,1
6564C714,1,,1,5
7C7FF655,0,,0,1
7C7FF655,0,,1,5
7C7FF655,1,,0,1
7C7FF655,1,,1,5
5752A596,0,,0,7
5752A596,0,,1,1
5752A596,1,,0,7
5752A596,1,,1,1
4E4994D7,0,,0,6
4E4994D7,0,,1,8
4E4994D7,1,,0,7
4E4994D7,1,,1,1
01080210,0,,0,7
01080210,0,,1,5
01080210,1,,0,1
01080210,1,,1,5
18133351,0,,0,8
18133351,0,,1,4
18133351,1,,0,7
18133351,1,,1,1
333E6092,0,,0,7
333E6092,0,,1,1
333E6092,1,,0,7
333E6092,1,,1,1
2A2551D3,0,,0,8
2A2551D3,0,,1,4
2A2551D3,1,,0,8
2A2551D3,1,,1,4
ADBD4D1C,0,,0,8
ADBD4D1C,0,,1,4
ADBD4D1C,1,,0,8
ADBD4D1C,1,,1,4
B4A67C5D,0,,0,8
B4A67C5D,0,,1,4
B4A67C5D,1,,0,7
B4A67C5D,1,,1,1
6722794D,0,,0,7
6722794D,0,,1,5
6722794D,1,,0,8
6722794D,1,,1,4
7E39480C,0,,0,8
7E39480C,0,,1,4
7E39480C,1,,0,6
7E39480C,1,,1,8
55141BCF,0,,0,7
55141BCF,0,,1,5
55141BCF,1,,0,8
55141BCF,1,,1,4
4C0F2A8E,0,,0,1
4C0F2A8E,0,,1,5
4C0F2A8E,1,,0,1
4C0F2A8E,1,,1,5
034EBC49,0,,0,7
034EBC49,0,,1,5
034EBC49,1,,0,1
034EBC49,1,,1,5
1A558D08,0,,0,8
1A558D08,0,,1,4
1A558D08,1,,0,8
1A558D08,1,,1,4
3178DECB,0,,0,7
3178DECB,0,,1,5
3178DECB,1,,0,8
3178DECB,1,,1,4
2863EF8A,0,,0,7
2863EF8A,0,,1,1
2863EF8A,1,,0,7
2863EF8A,1,,1,1
AFFBF345,0,,0,7
AFFBF345,0,,1,5
AFFBF345,1,,0,6
AFFBF345,1,,1,8
B6E0C204,0,,0,6
B6E0C204,0,,1,8
B6E0C204,1,,0,6
B6E0C204,1,,1,8
66E0137A,0,,0,1
66E0137A,0,,1,5
66E0137A,1,,0,7
66E0137A,1,,1,1
7FFB223B,0,,0,8
7FFB223B,0,,1,4
7FFB223B,1,,0,7
7FFB223B,1,,1,1
54D671F8,0,,0,8
54D671F8,0,,1,4
54D671F8,1,,0,8
54D671F8,1,,1,4
4DCD40B9,0,,0,7
4DCD40B9,0,,1,5
4DCD40B9,1,,0,1
4DCD40B9,1,,1,5
028CD67E,0,,0,6
028CD67E,0,,1,8
028CD67E,1,,0,8
028CD67E,1,,1,4
1B97E73F,0,,0,6
1B97E73F,0,,1,8
1B97E73F,1,,0,1
1B97E73F,1,,1,5
30BAB4FC,0,,0,7
30BAB4FC,0,,1,5
30BAB4FC,1,,0,8
30BAB4FC,1,,1,4
29A185BD,0,,0,6
29A185BD,0,,1,8
29A185BD,1,,0,8
29A185BD,1,,1,4
AE399972,0,,0,6
AE399972,0,,1,8
AE399972,1,,0,7
AE399972,1,,1,1
B722A833,0,,0,1
B722A833,0,,1,5
B722A833,1,,0,1
B722A833,1,,1,5
63AF05FF,0,,0,7
63AF05FF,0,,1,5
63AF05FF,1,,0,8
63AF05FF,1,,1,4
7AB434BE,0,,0,7
7AB434BE,0,,1,1
7AB434BE,1,,0,7
7AB434BE,1,,1,5
5199677D,0,,0,1
5199677D,0,,1,5
5199677D,1,,0,8
5199677D,1,,1,4
4882563C,0,,0,6
4882563C,0,,1,8
4882563C,1,,0,8
4882563C,1,,1,4
07C3C0FB,0,,0,7
07C3C0FB,0,,1,5
07C3C0FB,1,,0,7
07C3C0FB,1,,1,1
1ED8F1BA,0,,0,8
1ED8F1BA,0,,1,4
1ED8F1BA,1,,0,1
1ED8F1BA,1,,1,5
35F5A279,0,,0,7
35F5A279,0,,1,1
35F5A279,1,,0,8
35F5A279,1,,1,4
2CEE9338,0,,0,6
2CEE9338,0,,1,8
2CEE9338,1,,0,1
2CEE9338,1,,1,5
AB768FF7,0,,0,1
AB768FF7,0,,1,5
AB768FF7,1,,0,8
AB768FF7,1,,1,4
B26DBEB6,0,,0,7
B26DBEB6,0,,1,5
B26DBEB6,1,,0,8
B26DBEB6,1,,1,4
626D6FC8,0,,0,8
626D6FC8,0,,1,4
626D6FC8,1,,0,8
626D6FC8,1,,1,4
7B765E89,0,,0,7
7B765E89,0,,1,5
7B765E89,1,,0,7
7B765E89,1,,1,1
505B0D4A,0,,0,8
505B0D4A,0,,1,4
505B0D4A,1,,0,1
505B0D4A,1,,1,5
49403C0B,0,,0,6
49403C0B,0,,1,8
49403C0B,1,,0,7
49403C0B,1,,1,1
0601AACC,0,,0,8
0601AACC,0,,1,4
0601AACC,1,,0,6
0601AACC,1,,1,8
1F1A9B8D,0,,0,7
1F1A9B8D,0,,1,5
1F1A9B8D,1,,0,8
1F1A9B8D,1,,1,4
3437C84E,0,,0,8
3437C84E,0,,1,4
3437C84E,1,,0,7
3437C84E,1,,1,1
2D2CF90F,0,,0,6
2D2CF90F,0,,1,8
2D2CF90F,1,,0,1
2D2CF90F,1,,1,5
AAB4E5C0,0,,0,6
AAB4E5C0,0,,1,8
AAB4E5C0,1,,0,6
AAB4E5C0,1,,1,8
B3AFD481,0,,0,1
B3AFD481,0,,1,5
B3AFD481,1,,0,1
B3AFD481,1,,1,5
602BD191,0,,0,8
602BD191,0,,1,4
602BD191,1,,0,7
602BD191,1,,1,1
7930E0D0,0,,0,1
7930E0D0,0,,1,5
7930E0D0,1,,0,7
7930E0D0,1,,1,1
521DB313,0,,0,7
521DB313,0,,1,1
521DB313,1,,0,6
521DB313,1,,1,8
4B068252,0,,0,7
4B068252,0,,1,5
4B068252,1,,0,8
4B068252,1,,1,4
04471495,0,,0,7
04471495,0,,1,5
04471495,1,,0,1
04471495,1,,1,5
1D5C25D4,0,,0,1
1D5C25D4,0,,1,5
1D5C25D4,1,,0,6
1D5C25D4,1,,1,8
36717617,0,,0,7
36717617,0,,1,5
36717617,1,,0,7
36717617,1,,1,5
2F6A4756,0,,0,7
2F6A4756,0,,1,1
2F6A4756,1,,0,7
2F6A4756,1,,1,1
A8F25B99,0,,0,7
A8F25B99,0,,1,5
A8F25B99,1,,0,1
A8F25B99,1,,1,5
B1E96AD8,0,,0,1
B1E96AD8,0,,1,5
B1E96AD8,1,,0,1
B1E96AD8,1,,1,5
61E9BBA6,0,,0,1
61E9BBA6,0,,1,5
61E9BBA6,1,,0,8
61E9BBA6,1,,1,4
78F28AE7,0,,0,7
78F28AE7,0,,1,1
78F28AE7,1,,0,7
78F28AE7,1,,1,1
53DFD924,0,,0,7
53DFD924,0,,1,1
53DFD924,1,,0,6
53DFD924,1,,1,8
4AC4E865,0,,0,1
4AC4E865,0,,1,5
4AC4E865,1,,0,7
4AC4E865,1,,1,1
05857EA2,0,,0,8
05857EA2,0,,1,4
05857EA2,1,,0,8
05857EA2,1,,1,4
1C9E4FE3,0,,0,6
1C9E4FE3,0,,1,8
1C9E4FE3,1,,0,1
1C9E4FE3,1,,1,5
37B31C20,0,,0,8
37B31C20,0,,1,4
37B31C20,1,,0,1
37B31C20,1,,1,5
2EA82D61,0,,0,6
2EA82D61,0,,1,8
2EA82D61,1,,0,8
2EA82D61,1,,1,4
A93031AE,0,,0,6
A93031AE,0,,1,8
A93031AE,1,,0,7
A93031AE,1,,1,5
B02B00EF,0,,0,7
B02B00EF,0,,1,5
B02B00EF,1,,0,8
B02B00EF,1,,1,4
6AB5FC9B,0,,0,8
6AB5FC9B,0,,1,4
6AB5FC9B,1,,0,1
6AB5FC9B,1,,1,5
73AECDDA,0,,0,8
73AECDDA,0,,1,4
73AECDDA,1,,0,7
73AECDDA,1,,1,1
58839E19,0,,0,4
58839E19,0,,1,8
58839E19,1,,0,1
58839E19,1,,1,5
4198AF58,0,,0,1
4198AF58,0,,1,5
4198AF58,1,,0,8
4198AF58,1,,1,4
0ED9399F,0,,0,7
0ED9399F,0,,1,1
0ED9399F,1,,0,1
0ED9399F,1,,1,5
17C208DE,0,,0,1
17C208DE,0,,1,5
17C208DE,1,,0,6
17C208DE,1,,1,8
3CEF5B1D,0,,0,7
3CEF5B1D,0,,1,5
3CEF5B1D,1,,0,1
3CEF5B1D,1,,1,5
25F46A5C,0,,0,8
25F46A5C,0,,1,4
25F46A5C,1,,0,8
25F46A5C,1,,1,4
A26C7693,0,,0,1
A26C7693,0,,1,5
A26C7693,1,,0,7
A26C7693,1,,1,1
BB7747D2,0,,0,6
BB7747D2,0,,1,8
BB7747D2,1,,0,7
BB7747D2,1,,1,5
6B7796AC,0,,0,7
6B7796AC,0,,1,5
6B7796AC,1,,0,1
6B7796AC,1,,1,5
726CA7ED,0,,0,7
726CA7ED,0,,1,5
726CA7ED,1,,0,1
726CA7ED,1,,1,5
5941F42E,0,,0,7
5941F42E,0,,1,1
5941F42E,1,,0,1
5941F42E,1,,1,5
405AC56F,0,,0,1
405AC56F,0,,1,5
405AC56F,1,,0,7
405AC56F,1,,1,1
0F1B53A8,0,,0,7
0F1B53A8,0,,1,1
0F1B53A8,1,,0,8
0F1B53A8,1,,1,4
160062E9,0,,0,6
160062E9,0,,1,8
160062E9,1,,0,8
160062E9,1,,1,4
3D2D312A,0,,0,8
3D2D312A,0,,1,4
3D2D312A,1,,0,6
3D2D312A,1,,1,8
2436006B,0,,0,6
2436006B,0,,1,8
2436006B,1,,0,1
2436006B,1,,1,5
A3AE1CA4,0,,0,7
A3AE1CA4,0,,1,5
A3AE1CA4,1,,0,8
A3AE1CA4,1,,1,4
BAB52DE5,0,,0,6
BAB52DE5,0,,1,8
BAB52DE5,1,,0,7
BAB52DE5,1,,1,1
3CC5BD75,0,,0,1
3CC5BD75,0,,1,5
3CC5BD75,1,,0,8
3CC5BD75,1,,1,4
25DE8C34,0,,0,7
25DE8C34,0,,1,5
25DE8C34,1,,0,7
25DE8C34,1,,1,1
0EF3DFF7,0,,0,7
0EF3DFF7,0,,1,5
0EF3DFF7,1,,0,8
0EF3DFF7,1,,1,4
17E8EEB6,0,,0,7
17E8EEB6,0,,1,5
17E8EEB6,1,,0,6
17E8EEB6,1,,1,8
58A97871,0,,0,8
58A97871,0,,1,4
58A97871,1,,0,1
58A97871,1,,1,5
41B24930,0,,0,7
41B24930,0,,1,1
41B24930,1,,0,7
41B24930,1,,1,1
6A9F1AF3,0,,0,1
6A9F1AF3,0,,1,5
6A9F1AF3,1,,0,7
6A9F1AF3,1,,1,1
73842BB2,0,,0,8
73842BB2,0,,1,4
73842BB2,1,,0,7
73842BB2,1,,1,5
F41C377D,0,,0,7
F41C377D,0,,1,5
F41C377D,1,,0,1
F41C377D,1,,1,5
ED07063C,0,,0,1
ED07063C,0,,1,5
ED07063C,1,,0,7
ED07063C,1,,1,1
3D07D742,0,,0,7
3D07D742,0,,1,1
3D07D742,1,,0,7
3D07D742,1,,1,1
241CE603,0,,0,7
241CE603,0,,1,5
241CE603,1,,0,7
241CE603,1,,1,1
0F31B5C0,0,,0,6
0F31B5C0,0,,1,8
0F31B5C0,1,,0,8
0F31B5C0,1,,1,4
162A8481,0,,0,1
162A8481,0,,1,5
162A8481,1,,0,1
162A8481,1,,1,5
596B1246,0,,0,1
596B1246,0,,1,5
596B1246,1,,0,6
596B1246,1,,1,8
40702307,0,,0,8
40702307,0,,1,4
40702307,1,,0,7
40702307,1,,1,5
6B5D70C4,0,,0,7
6B5D70C4,0,,1,1
6B5D70C4,1,,0,8
6B5D70C4,1,,1,4
72464185,0,,0,6
72464185,0,,1,8
72464185,1,,0,1
72464185,1,,1,5
F5DE5D4A,0,,0,7
F5DE5D4A,0,,1,1
F5DE5D4A,1,,0,7
F5DE5D4A,1,,1,1
ECC56C0B,0,,0,7
ECC56C0B,0,,1,5
ECC56C0B,1,,0,8
ECC56C0B,1,,1,4
3F41691B,0,,0,6
3F41691B,0,,1,8
3F41691B,1,,0,1
3F41691B,1,,1,5
265A585A,0,,0,7
265A585A,0,,1,5
265A585A,1,,0,7
265A585A,1,,1,5
0D770B99,0,,0,7
0D770B99,0,,1,5
0D770B99,1,,0,7
0D770B99,1,,1,1
146C3AD8,0,,0,8
146C3AD8,0,,1,4
146C3AD8,1,,0,7
146C3AD8,1,,1,1
5B2DAC1F,0,,0,6
5B2DAC1F,0,,1,8
5B2DAC1F,1,,0,8
5B2DAC1F,1,,1,4
42369D5E,0,,0,7
42369D5E,0,,1,5
42369D5E,1,,0,1
42369D5E,1,,1,5
691BCE9D,0,,0,8
691BCE9D,0,,1,4
691BCE9D,1,,0,7
691BCE9D,1,,1,1
7000FFDC,0,,0,7
7000FFDC,0,,1,1
7000FFDC,1,,0,1
7000FFDC,1,,1,5
F798E313,0,,0,1
F798E313,0,,1,5
F798E313,1,,0,7
F798E313,1,,1,1
EE83D252,0,,0,1
EE83D252,0,,1,5
EE83D252,1,,0,8
EE83D252,1,,1,4
3E83032C,0,,0,7
3E83032C,0,,1,5
3E83032C,1,,0,8
3E83032C,1,,1,4
2798326D,0,,0,1
2798326D,0,,1,5
2798326D,1,,0,7
2798326D,1,,1,1
0CB561AE,0,,0,6
0CB561AE,0,,1,8
0CB561AE,1,,0,8
0CB561AE,1,,1,4
15AE50EF,0,,0,7
15AE50EF,0,,1,1
15AE50EF,1,,0,7
15AE50EF,1,,1,1
5AEFC628,0,,0,1
5AEFC628,0,,1,5
5AEFC628,1,,0,7
5AEFC628,1,,1,1
43F4F769,0,,0,7
43F4F769,0,,1,5
43F4F769,1,,0,7
43F4F769,1,,1,1
68D9A4AA,0,,0,1
68D9A4AA,0,,1,5
68D9A4AA,1,,0,8
68D9A4AA,1,,1,4
71C295EB,0,,0,4
71C295EB,0,,1,8
71C295EB,1,,0,7
71C295EB,1,,1,1
F65A8924,0,,0,8
F65A8924,0,,1,4
F65A8924,1,,0,8
F65A8924,1,,1,4
EF41B865,0,,0,7
EF41B865,0,,1,5
EF41B865,1,,0,7
EF41B865,1,,1,1
3BCC15A9,0,,0,1
3BCC15A9,0,,1,5
3BCC15A9,1,,0,1
3BCC15A9,1,,1,5
22D724E8,0,,0,6
22D724E8,0,,1,8
22D724E8,1,,0,8
22D724E8,1,,1,4
09FA772B,0,,0,7
09FA772B,0,,1,1
09FA772B,1,,0,7
09FA772B,1,,1,1
10E1466A,0,,0,1
10E1466A,0,,1,5
10E1466A,1,,0,7
10E1466A,1,,1,5
5FA0D0AD,0,,0,8
5FA0D0AD,0,,1,4
5FA0D0AD,1,,0,6
5FA0D0AD,1,,1,8
46BBE1EC,0,,0,8
46BBE1EC,0,,1,4
46BBE1EC,1,,0,7
46BBE1EC,1,,1,1
6D96B22F,0,,0,8
6D96B22F,0,,1,4
6D96B22F,1,,0,6
6D96B22F,1,,1,8
748D836E,0,,0,8
748D836E,0,,1,4
748D836E,1,,0,1
748D836E,1,,1,5
F3159FA1,0,,0,7
F3159FA1,0,,1,5
F3159FA1,1,,0,8
F3159FA1,1,,1,4
EA0EAEE0,0,,0,7
EA0EAEE0,0,,1,5
EA0EAEE0,1,,0,6
EA0EAEE0,1,,1,8
3A0E7F9E,0,,0,7
3A0E7F9E,0,,1,5
3A0E7F9E,1,,0,1
3A0E7F9E,1,,1,5
23154EDF,0,,0,8
23154EDF,0,,1,4
23154EDF,1,,0,7
23154EDF,1,,1,1
08381D1C,0,,0,1
08381D1C,0,,1,5
08381D1C,1,,0,8
08381D1C,1,,1,4
11232C5D,0,,0,7
11232C5D,0,,1,1
11232C5D,1,,0,1
11232C5D,1,,1,5
5E62BA9A,0,,0,8
5E62BA9A,0,,1,4
5E62BA9A,1,,0,7
5E62BA9A,1,,1,1
47798BDB,0,,0,6
47798BDB,0,,1,8
47798BDB,1,,0,6
47798BDB,1,,1,8
6C54D818,0,,0,7
6C54D818,0,,1,5
6C54D818,1,,0,7
6C54D818,1,,1,1
754FE959,0,,0,6
754FE959,0,,1,8
754FE959,1,,0,7
754FE959,1,,1,1
F2D7F596,0,,0,1
F2D7F596,0,,1,5
F2D7F596,1,,0,1
F2D7F596,1,,1,5
EBCCC4D7,0,,0,6
EBCCC4D7,0,,1,8
EBCCC4D7,1,,0,6
EBCCC4D7,1,,1,8
3848C1C7,0,,0,7
3848C1C7,0,,1,5
3848C1C7,1,,0,8
3848C1C7,1,,1,4
2153F086,0,,0,8
2153F086,0,,1,4
2153F086,1,,0,8
2153F086,1,,1,4
0A7EA345,0,,0,7
0A7EA345,0,,1,5
0A7EA345,1,,0,7
0A7EA345,1,,1,1
13659204,0,,0,1
13659204,0,,1,5
13659204,1,,0,6
13659204,1,,1,8
5C2404C3,0,,0,6
5C2404C3,0,,1,8
5C2404C3,1,,0,7
5C2404C3,1,,1,1
453F3582,0,,0,6
453F3582,0,,1,8
453F3582,1,,0,8
453F3582,1,,1,4
6E126641,0,,0,7
6E126641,0,,1,1
6E126641,1,,0,7
6E126641,1,,1,1
77095700,0,,0,6
77095700,0,,1,8
77095700,1,,0,1
77095700,1,,1,5
F0914BCF,0,,0,6
F0914BCF,0,,1,8
F0914BCF,1,,0,1
F0914BCF,1,,1,5
E98A7A8E,0,,0,7
E98A7A8E,0,,1,5
E98A7A8E,1,,0,1
E98A7A8E,1,,1,5
398AABF0,0,,0,6
398AABF0,0,,1,8
398AABF0,1,,0,8
398AABF0,1,,1,4
20919AB1,0,,0,7
20919AB1,0,,1,1
20919AB1,1,,0,8
20919AB1,1,,1,4
0BBCC972,0,,0,1
0BBCC972,0,,1,5
0BBCC972,1,,0,1
0BBCC972,1,,1,5
12A7F833,0,,0,8
12A7F833,0,,1,4
12A7F833,1,,0,6
12A7F833,1,,1,8
5DE66EF4,0,,0,6
5DE66EF4,0,,1,8
5DE66EF4,1,,0,7
5DE66EF4,1,,1,1
44FD5FB5,0,,0,6
44FD5FB5,0,,1,8
44FD5FB5,1,,0,8
44FD5FB5,1,,1,4
6FD00C76,0,,0,7
6FD00C76,0,,1,5
6FD00C76,1,,0,1
6FD00C76,1,,1,5
76CB3D37,0,,0,6
76CB3D37,0,,1,8
76CB3D37,1,,0,1
76CB3D37,1,,1,5
F15321F8,0,,0,6
F15321F8,0,,1,8
F15321F8,1,,0,7
F15321F8,1,,1,1
E84810B9,0,,0,7
E84810B9,0,,1,1
E84810B9,1,,0,1
E84810B9,1,,1,5
32D6ECCD,0,,0,7
32D6ECCD,0,,1,1
32D6ECCD,1,,0,6
32D6ECCD,1,,1,8
2BCDDD8C,0,,0,7
2BCDDD8C,0,,1,5
2BCDDD8C,1,,0,8
2BCDDD8C,1,,1,4
00E08E4F,0,,0,7
00E08E4F,0,,1,1
00E08E4F,1,,0,1
00E08E4F,1,,1,5
19FBBF0E,0,,0,7
19FBBF0E,0,,1,5
19FBBF0E,1,,0,8
19FBBF0E,1,,1,4
56BA29C9,0,,0,6
56BA29C9,0,,1,8
56BA29C9,1,,0,1
56BA29C9,1,,1,5
4FA11888,0,,0,6
4FA11888,0,,1,8
4FA11888,1,,0,7
4FA11888,1,,1,1
648C4B4B,0,,0,6
648C4B4B,0,,1,8
648C4B4B,1,,0,7
648C4B4B,1,,1,1
7D977A0A,0,,0,7
7D977A0A,0,,1,1
7D977A0A,1,,0,8
7D977A0A,1,,1,4
FA0F66C5,0,,0,6
FA0F66C5,0,,1,8
FA0F66C5,1,,0,7
FA0F66C5,1,,1,1
E3145784,0,,0,6
E3145784,0,,1,8
E3145784,1,,0,8
E3145784,1,,1,4
331486FA,0,,0,7
331486FA,0,,1,5
331486FA,1,,0,7
331486FA,1,,1,1
2A0FB7BB,0,,0,1
2A0FB7BB,0,,1,5
2A0FB7BB,1,,0,6
2A0FB7BB,1,,1,8
0122E478,0,,0,7
0122E478,0,,1,1
0122E478,1,,0,8
0122E478,1,,1,4
1839D539,0,,0,1
1839D539,0,,1,5
1839D539,1,,0,8
1839D539,1,,1,4
577843FE,0,,0,8
577843FE,0,,1,4
577843FE,1,,0,7
577843FE,1,,1,5
4E6372BF,0,,0,7
4E6372BF,0,,1,5
4E6372BF,1,,0,7
4E6372BF,1,,1,1
654E217C,0,,0,6
654E217C,0,,1,8
654E217C,1,,0,7
654E217C,1,,1,1
7C55103D,0,,0,7
7C55103D,0,,1,5
7C55103D,1,,0,1
7C55103D,1,,1,5
FBCD0CF2,0,,0,7
FBCD0CF2,0,,1,1
FBCD0CF2,1,,0,1
FBCD0CF2,1,,1,5
E2D63DB3,0,,0,6
E2D63DB3,0,,1,8
E2D63DB3,1,,0,1
E2D63DB3,1,,1,5
8479DA10,0,,0,7
8479DA10,0,,1,5
8479DA10,1,,0,7
8479DA10,1,,1,1
9D62EB51,0,,0,1
9D62EB51,0,,1,5
9D62EB51,1,,0,6
9D62EB51,1,,1,8
B64FB892,0,,0,1
B64FB892,0,,1,5
B64FB892,1,,0,1
B64FB892,1,,1,5
AF5489D3,0,,0,1
AF5489D3,0,,1,5
AF5489D3,1,,0,8
AF5489D3,1,,1,4
E0151F14,0,,0,6
E0151F14,0,,1,8
E0151F14,1,,0,1
E0151F14,1,,1,5
F90E2E55,0,,0,4
F90E2E55,0,,1,8
F90E2E55,1,,0,1
F90E2E55,1,,1,5
D2237D96,0,,0,6
D2237D96,0,,1,8
D2237D96,1,,0,7
D2237D96,1,,1,1
CB384CD7,0,,0,6
CB384CD7,0,,1,8
CB384CD7,1,,0,7
CB384CD7,1,,1,1
4CA05018,0,,0,6
4CA05018,0,,1,8
4CA05018,1,,0,1
4CA05018,1,,1,5
55BB6159,0,,0,7
55BB6159,0,,1,5
55BB6159,1,,0,1
55BB6159,1,,1,5
85BBB027,0,,0,7
85BBB027,0,,1,1
85BBB027,1,,0,7
85BBB027,1,,1,5
9CA08166,0,,0,1
9CA08166,0,,1,5
9CA08166,1,,0,8
9CA08166,1,,1,4
B78DD2A5,0,,0,7
B78DD2A5,0,,1,5
B78DD2A5,1,,0,1
B78DD2A5,1,,1,5
AE96E3E4,0,,0,7
AE96E3E4,0,,1,1
AE96E3E4,1,,0,6
AE96E3E4,1,,1,8
E1D77523,0,,0,8
E1D77523,0,,1,4
E1D77523,1,,0,1
E1D77523,1,,1,5
F8CC4462,0,,0,8
F8CC4462,0,,1,4
F8CC4462,1,,0,1
F8CC4462,1,,1,5
D3E117A1,0,,0,6
D3E117A1,0,,1,8
D3E117A1,1,,0,7
D3E117A1,1,,1,1
CAFA26E0,0,,0,7
CAFA26E0,0,,1,1
CAFA26E0,1,,0,1
CAFA26E0,1,,1,5
4D623A2F,0,,0,1
4D623A2F,0,,1,5
4D623A2F,1,,0,1
4D623A2F,1,,1,5
54790B6E,0,,0,6
54790B6E,0,,1,8
54790B6E,1,,0,6
54790B6E,1,,1,8
87FD0E7E,0,,0,7
87FD0E7E,0,,1,5
87FD0E7E,1,,0,1
87FD0E7E,1,,1,5
9EE63F3F,0,,0,6
9EE63F3F,0,,1,8
9EE63F3F,1,,0,7
9EE63F3F,1,,1,1
B5CB6CFC,0,,0,7
B5CB6CFC,0,,1,5
B5CB6CFC,1,,0,7
B5CB6CFC,1,,1,1
ACD05DBD,0,,0,1
ACD05DBD,0,,1,5
ACD05DBD,1,,0,8
ACD05DBD,1,,1,4
E391CB7A,0,,0,8
E391CB7A,0,,1,4
E391CB7A,1,,0,8
E391CB7A,1,,1,4
82B218FB,0,,0,7
82B218FB,0,,1,1
82B218FB,1,,0,7
82B218FB,1,,1,1
8FDDD912,0,,0,7
8FDDD912,0,,1,1
8FDDD912,1,,0,1
8FDDD912,1,,1,5
C5D35950,0,,0,7
C5D35950,0,,1,1
C5D35950,1,,0,8
C5D35950,1,,1,4
9389FED6,0,,0,7
9389FED6,0,,1,1
9389FED6,1,,0,7
9389FED6,1,,1,1
53302DB7,0,,0,8
53302DB7,0,,1,4
53302DB7,1,,0,7
53302DB7,1,,1,5
8E6A1A0A,0,,0,7
8E6A1A0A,0,,1,1
8E6A1A0A,1,,0,1
8E6A1A0A,1,,1,5
55E64D10,0,,0,1
55E64D10,0,,1,5
55E64D10,1,,0,1
55E64D10,1,,1,5
D5F8771D,0,,0,7
D5F8771D,0,,1,5
D5F8771D,1,,0,8
D5F8771D,1,,1,4
626DE085,0,,0,7
626DE085,0,,1,5
626DE085,1,,0,6
626DE085,1,,1,8
4940B346,0,,0,1
4940B346,0,,1,5
4940B346,1,,0,7
4940B346,1,,1,5
505B8207,0,,0,7
505B8207,0,,1,5
505B8207,1,,0,1
505B8207,1,,1,5
1F1A14C0,0,,0,8
1F1A14C0,0,,1,4
1F1A14C0,1,,0,1
1F1A14C0,1,,1,5
06012581,0,,0,1
06012581,0,,1,5
06012581,1,,0,6
06012581,1,,1,8
2D2C7642,0,,0,7
2D2C7642,0,,1,1
2D2C7642,1,,0,7
2D2C7642,1,,1,1
34374703,0,,0,7
34374703,0,,1,5
34374703,1,,0,7
34374703,1,,1,1
B3AF5BCC,0,,0,1
B3AF5BCC,0,,1,5
B3AF5BCC,1,,0,7
B3AF5BCC,1,,1,1
AAB46A8D,0,,0,6
AAB46A8D,0,,1,8
AAB46A8D,1,,0,7
AAB46A8D,1,,1,1
7AB4BBF3,0,,0,8
7AB4BBF3,0,,1,4
7AB4BBF3,1,,0,8
7AB4BBF3,1,,1,4
63AF8AB2,0,,0,7
63AF8AB2,0,,1,1
63AF8AB2,1,,0,8
63AF8AB2,1,,1,4
4882D971,0,,0,4
4882D971,0,,1,8
4882D971,1,,0,7
4882D971,1,,1,1
5199E830,0,,0,7
5199E830,0,,1,1
5199E830,1,,0,8
5199E830,1,,1,4
1ED87EF7,0,,0,7
1ED87EF7,0,,1,5
1ED87EF7,1,,0,1
1ED87EF7,1,,1,5
07C34FB6,0,,0,6
07C34FB6,0,,1,8
07C34FB6,1,,0,1
07C34FB6,1,,1,5
2CEE1C75,0,,0,1
2CEE1C75,0,,1,5
2CEE1C75,1,,0,7
2CEE1C75,1,,1,1
35F52D34,0,,0,6
35F52D34,0,,1,8
35F52D34,1,,0,8
35F52D34,1,,1,4
61E934EB,0,,0,1
61E934EB,0,,1,5
61E934EB,1,,0,6
61E934EB,1,,1,8
4AC46728,0,,0,8
4AC46728,0,,1,4
4AC46728,1,,0,1
4AC46728,1,,1,5
53DF5669,0,,0,7
53DF5669,0,,1,5
53DF5669,1,,0,1
53DF5669,1,,1,5
1C9EC0AE,0,,0,1
1C9EC0AE,0,,1,5
1C9EC0AE,1,,0,1
1C9EC0AE,1,,1,5
0585F1EF,0,,0,8
0585F1EF,0,,1,4
0585F1EF,1,,0,7
0585F1EF,1,,1,5
2EA8A22C,0,,0,7
2EA8A22C,0,,1,5
2EA8A22C,1,,0,7
2EA8A22C,1,,1,1
37B3936D,0,,0,6
37B3936D,0,,1,8
37B3936D,1,,0,7
37B3936D,1,,1,1
B02B8FA2,0,,0,7
B02B8FA2,0,,1,1
B02B8FA2,1,,0,7
B02B8FA2,1,,1,1
A930BEE3,0,,0,7
A930BEE3,0,,1,5
A930BEE3,1,,0,7
A930BEE3,1,,1,1
79306F9D,0,,0,1
79306F9D,0,,1,5
79306F9D,1,,0,8
79306F9D,1,,1,4
602B5EDC,0,,0,1
602B5EDC,0,,1,5
602B5EDC,1,,0,8
602B5EDC,1,,1,4
4B060D1F,0,,0,6
4B060D1F,0,,1,8
4B060D1F,1,,0,6
4B060D1F,1,,1,8
521D3C5E,0,,0,1
521D3C5E,0,,1,5
521D3C5E,1,,0,1
521D3C5E,1,,1,5
1D5CAA99,0,,0,1
1D5CAA99,0,,1,5
1D5CAA99,1,,0,7
1D5CAA99,1,,1,1
04479BD8,0,,0,7
04479BD8,0,,1,5
04479BD8,1,,0,7
04479BD8,1,,1,1
2F6AC81B,0,,0,7
2F6AC81B,0,,1,1
2F6AC81B,1,,0,6
2F6AC81B,1,,1,8
3671F95A,0,,0,7
3671F95A,0,,1,1
3671F95A,1,,0,7
3671F95A,1,,1,1
B1E9E595,0,,0,7
B1E9E595,0,,1,5
B1E9E595,1,,0,8
B1E9E595,1,,1,4
65644859,0,,0,7
65644859,0,,1,1
65644859,1,,0,6
65644859,1,,1,8
4E491B9A,0,,0,6
4E491B9A,0,,1,8
4E491B9A,1,,0,1
4E491B9A,1,,1,5
57522ADB,0,,0,7
57522ADB,0,,1,5
57522ADB,1,,0,7
57522ADB,1,,1,5
1813BC1C,0,,0,6
1813BC1C,0,,1,8
1813BC1C,1,,0,1
1813BC1C,1,,1,5
01088D5D,0,,0,1
01088D5D,0,,1,5
01088D5D,1,,0,1
01088D5D,1,,1,5
2A25DE9E,0,,0,6
2A25DE9E,0,,1,8
2A25DE9E,1,,0,7
2A25DE9E,1,,1,1
333EEFDF,0,,0,6
333EEFDF,0,,1,8
333EEFDF,1,,0,7
333EEFDF,1,,1,1
B4A6F310,0,,0,7
B4A6F310,0,,1,5
B4A6F310,1,,0,7
B4A6F310,1,,1,1
ADBDC251,0,,0,1
ADBDC251,0,,1,5
ADBDC251,1,,0,8
ADBDC251,1,,1,4
64A6226E,0,,0,6
64A6226E,0,,1,8
64A6226E,1,,0,8
64A6226E,1,,1,4
4F8B71AD,0,,0,7
4F8B71AD,0,,1,1
4F8B71AD,1,,0,6
4F8B71AD,1,,1,8
569040EC,0,,0,7
569040EC,0,,1,5
569040EC,1,,0,8
569040EC,1,,1,4
19D1D62B,0,,0,1
19D1D62B,0,,1,5
19D1D62B,1,,0,7
19D1D62B,1,,1,1
00CAE76A,0,,0,1
00CAE76A,0,,1,5
00CAE76A,1,,0,1
00CAE76A,1,,1,5
2BE7B4A9,0,,0,6
2BE7B4A9,0,,1,8
2BE7B4A9,1,,0,7
2BE7B4A9,1,,1,1
66E09C37,0,,0,6
66E09C37,0,,1,8
66E09C37,1,,0,6
66E09C37,1,,1,8
4DCDCFF4,0,,0,8
4DCDCFF4,0,,1,4
4DCDCFF4,1,,0,1
4DCDCFF4,1,,1,5
54D6FEB5,0,,0,6
54D6FEB5,0,,1,8
54D6FEB5,1,,0,1
54D6FEB5,1,,1,5
1B976872,0,,0,6
1B976872,0,,1,8
1B976872,1,,0,1
1B976872,1,,1,5
028C5933,0,,0,8
028C5933,0,,1,4
028C5933,1,,0,7
028C5933,1,,1,5
29A10AF0,0,,0,7
29A10AF0,0,,1,5
29A10AF0,1,,0,7
29A10AF0,1,,1,1
30BA3BB1,0,,0,7
30BA3BB1,0,,1,5
30BA3BB1,1,,0,7
30BA3BB1,1,,1,1
B722277E,0,,0,8
B722277E,0,,1,4
B722277E,1,,0,7
B722277E,1,,1,1
AE39163F,0,,0,8
AE39163F,0,,1,4
AE39163F,1,,0,1
AE39163F,1,,1,5
7E39C741,0,,0,1
7E39C741,0,,1,5
7E39C741,1,,0,7
7E39C741,1,,1,1
6722F600,0,,0,7
6722F600,0,,1,1
6722F600,1,,0,8
6722F600,1,,1,4
4C0FA5C3,0,,0,1
4C0FA5C3,0,,1,5
4C0FA5C3,1,,0,6
4C0FA5C3,1,,1,8
55149482,0,,0,7
55149482,0,,1,5
55149482,1,,0,1
55149482,1,,1,5
1A550245,0,,0,1
1A550245,0,,1,5
1A550245,1,,0,7
1A550245,1,,1,1
034E3304,0,,0,6
034E3304,0,,1,8
034E3304,1,,0,7
034E3304,1,,1,1
286360C7,0,,0,8
286360C7,0,,1,4
286360C7,1,,0,8
286360C7,1,,1,4
6C7EB13D,0,,0,8
6C7EB13D,0,,1,4
6C7EB13D,1,,0,6
6C7EB13D,1,,1,8
4753E2FE,0,,0,8
4753E2FE,0,,1,4
4753E2FE,1,,0,1
4753E2FE,1,,1,5
5E48D3BF,0,,0,6
5E48D3BF,0,,1,8
5E48D3BF,1,,0,1
5E48D3BF,1,,1,5
11094578,0,,0,1
11094578,0,,1,5
11094578,1,,0,1
11094578,1,,1,5
08127439,0,,0,1
08127439,0,,1,5
08127439,1,,0,7
08127439,1,,1,1
233F27FA,0,,0,7
233F27FA,0,,1,5
233F27FA,1,,0,7
233F27FA,1,,1,1
3A2416BB,0,,0,7
3A2416BB,0,,1,1
3A2416BB,1,,0,7
3A2416BB,1,,1,1
BDBC0A74,0,,0,8
BDBC0A74,0,,1,4
BDBC0A74,1,,0,7
BDBC0A74,1,,1,1
A4A73B35,0,,0,7
A4A73B35,0,,1,5
A4A73B35,1,,0,8
A4A73B35,1,,1,4
74A7EA4B,0,,0,7
74A7EA4B,0,,1,5
74A7EA4B,1,,0,8
74A7EA4B,1,,1,4
6DBCDB0A,0,,0,7
6DBCDB0A,0,,1,5
6DBCDB0A,1,,0,8
6DBCDB0A,1,,1,4
469188C9,0,,0,7
469188C9,0,,1,1
469188C9,1,,0,6
469188C9,1,,1,8
5F8AB988,0,,0,7
5F8AB988,0,,1,1
5F8AB988,1,,0,1
5F8AB988,1,,1,5
10CB2F4F,0,,0,1
10CB2F4F,0,,1,5
10CB2F4F,1,,0,1
10CB2F4F,1,,1,5
09D01E0E,0,,0,7
09D01E0E,0,,1,5
09D01E0E,1,,0,7
09D01E0E,1,,1,1
22FD4DCD,0,,0,8
22FD4DCD,0,,1,4
22FD4DCD,1,,0,8
22FD4DCD,1,,1,4
DAD187E0,0,,0,6
DAD187E0,0,,1,8
DAD187E0,1,,0,6
DAD187E0,1,,1,8
F1FCD423,0,,0,7
F1FCD423,0,,1,1
F1FCD423,1,,0,1
F1FCD423,1,,1,5
E8E7E562,0,,0,7
E8E7E562,0,,1,5
E8E7E562,1,,0,1
E8E7E562,1,,1,5
A7A673A5,0,,0,8
A7A673A5,0,,1,4
A7A673A5,1,,0,1
A7A673A5,1,,1,5
BEBD42E4,0,,0,7
BEBD42E4,0,,1,1
BEBD42E4,1,,0,1
BEBD42E4,1,,1,5
95901127,0,,0,1
95901127,0,,1,5
95901127,1,,0,7
95901127,1,,1,1
8C8B2066,0,,0,7
8C8B2066,0,,1,5
8C8B2066,1,,0,7
8C8B2066,1,,1,1
0B133CA9,0,,0,1
0B133CA9,0,,1,5
0B133CA9,1,,0,7
0B133CA9,1,,1,1
12080DE8,0,,0,6
12080DE8,0,,1,8
12080DE8,1,,0,8
12080DE8,1,,1,4
C208DC96,0,,0,7
C208DC96,0,,1,1
C208DC96,1,,0,8
C208DC96,1,,1,4
DB13EDD7,0,,0,7
DB13EDD7,0,,1,1
DB13EDD7,1,,0,8
DB13EDD7,1,,1,4
F03EBE14,0,,0,1
F03EBE14,0,,1,5
F03EBE14,1,,0,6
F03EBE14,1,,1,8
E9258F55,0,,0,7
E9258F55,0,,1,1
E9258F55,1,,0,8
E9258F55,1,,1,4
A6641992,0,,0,1
A6641992,0,,1,5
A6641992,1,,0,7
A6641992,1,,1,1
BF7F28D3,0,,0,7
BF7F28D3,0,,1,5
BF7F28D3,1,,0,7
BF7F28D3,1,,1,1
94527B10,0,,0,7
94527B10,0,,1,1
94527B10,1,,0,1
94527B10,1,,1,5
D955538E,0,,0,6
D955538E,0,,1,8
D955538E,1,,0,6
D955538E,1,,1,8
F278004D,0,,0,7
F278004D,0,,1,1
F278004D,1,,0,1
F278004D,1,,1,5
EB63310C,0,,0,7
EB63310C,0,,1,1
EB63310C,1,,0,1
EB63310C,1,,1,5
A422A7CB,0,,0,7
A422A7CB,0,,1,1
A422A7CB,1,,0,1
A422A7CB,1,,1,5
BD39968A,0,,0,7
BD39968A,0,,1,1
BD39968A,1,,0,7
BD39968A,1,,1,1
9614C549,0,,0,4
9614C549,0,,1,8
9614C549,1,,0,7
9614C549,1,,1,1
8F0FF408,0,,0,7
8F0FF408,0,,1,1
8F0FF408,1,,0,7
8F0FF408,1,,1,1
0897E8C7,0,,0,1
0897E8C7,0,,1,5
0897E8C7,1,,0,1
0897E8C7,1,,1,5
118CD986,0,,0,7
118CD986,0,,1,5
118CD986,1,,0,7
118CD986,1,,1,1
C18C08F8,0,,0,6
C18C08F8,0,,1,8
C18C08F8,1,,0,8
C18C08F8,1,,1,4
D89739B9,0,,0,7
D89739B9,0,,1,5
D89739B9,1,,0,8
D89739B9,1,,1,4
F3BA6A7A,0,,0,7
F3BA6A7A,0,,1,1
F3BA6A7A,1,,0,6
F3BA6A7A,1,,1,8
EAA15B3B,0,,0,7
EAA15B3B,0,,1,5
EAA15B3B,1,,0,7
EAA15B3B,1,,1,5
A5E0CDFC,0,,0,8
A5E0CDFC,0,,1,4
A5E0CDFC,1,,0,1
A5E0CDFC,1,,1,5
BCFBFCBD,0,,0,8
BCFBFCBD,0,,1,4
BCFBFCBD,1,,0,1
BCFBFCBD,1,,1,5
97D6AF7E,0,,0,7
97D6AF7E,0,,1,5
97D6AF7E,1,,0,7
97D6AF7E,1,,1,1
DDD82F3C,0,,0,6
DDD82F3C,0,,1,8
DDD82F3C,1,,0,6
DDD82F3C,1,,1,8
F6F57CFF,0,,0,7
F6F57CFF,0,,1,5
F6F57CFF,1,,0,1
F6F57CFF,1,,1,5
EFEE4DBE,0,,0,6
EFEE4DBE,0,,1,8
EFEE4DBE,1,,0,1
EFEE4DBE,1,,1,5
A0AFDB79,0,,0,6
A0AFDB79,0,,1,8
A0AFDB79,1,,0,1
A0AFDB79,1,,1,5
B9B4EA38,0,,0,1
B9B4EA38,0,,1,5
B9B4EA38,1,,0,1
B9B4EA38,1,,1,5
9299B9FB,0,,0,1
9299B9FB,0,,1,5
9299B9FB,1,,0,7
9299B9FB,1,,1,1
8B8288BA,0,,0,7
8B8288BA,0,,1,1
8B8288BA,1,,0,7
8B8288BA,1,,1,1
0C1A9475,0,,0,6
0C1A9475,0,,1,8
0C1A9475,1,,0,7
0C1A9475,1,,1,1
1501A534,0,,0,1
1501A534,0,,1,5
1501A534,1,,0,7
1501A534,1,,1,1
C501744A,0,,0,7
C501744A,0,,1,5
C501744A,1,,0,8
C501744A,1,,1,4
DC1A450B,0,,0,1
DC1A450B,0,,1,5
DC1A450B,1,,0,8
DC1A450B,1,,1,4
F73716C8,0,,0,8
F73716C8,0,,1,4
F73716C8,1,,0,6
F73716C8,1,,1,8
EE2C2789,0,,0,7
EE2C2789,0,,1,5
EE2C2789,1,,0,7
EE2C2789,1,,1,1
A16DB14E,0,,0,6
A16DB14E,0,,1,8
A16DB14E,1,,0,1
A16DB14E,1,,1,5
B876800F,0,,0,7
B876800F,0,,1,5
B876800F,1,,0,1
B876800F,1,,1,5
935BD3CC,0,,0,8
935BD3CC,0,,1,4
935BD3CC,1,,0,8
935BD3CC,1,,1,4
DE5CFB52,0,,0,1
DE5CFB52,0,,1,5
DE5CFB52,1,,0,6
DE5CFB52,1,,1,8
F571A891,0,,0,1
F571A891,0,,1,5
F571A891,1,,0,1
F571A891,1,,1,5
EC6A99D0,0,,0,4
EC6A99D0,0,,1,8
EC6A99D0,1,,0,1
EC6A99D0,1,,1,5
A32B0F17,0,,0,6
A32B0F17,0,,1,8
A32B0F17,1,,0,1
A32B0F17,1,,1,5
BA303E56,0,,0,7
BA303E56,0,,1,1
BA303E56,1,,0,1
BA303E56,1,,1,5
911D6D95,0,,0,7
911D6D95,0,,1,5
911D6D95,1,,0,7
911D6D95,1,,1,1
88065CD4,0,,0,7
88065CD4,0,,1,5
88065CD4,1,,0,7
88065CD4,1,,1,1
0F9E401B,0,,0,1
0F9E401B,0,,1,5
0F9E401B,1,,0,7
0F9E401B,1,,1,1
C685A024,0,,0,1
C685A024,0,,1,5
C685A024,1,,0,8
C685A024,1,,1,4
DF9E9165,0,,0,4
DF9E9165,0,,1,8
DF9E9165,1,,0,8
DF9E9165,1,,1,4
F4B3C2A6,0,,0,4
F4B3C2A6,0,,1,8
F4B3C2A6,1,,0,6
F4B3C2A6,1,,1,8
EDA8F3E7,0,,0,7
EDA8F3E7,0,,1,1
EDA8F3E7,1,,0,1
EDA8F3E7,1,,1,5
A2E96520,0,,0,7
A2E96520,0,,1,5
A2E96520,1,,0,1
A2E96520,1,,1,5
BBF25461,0,,0,6
BBF25461,0,,1,8
BBF25461,1,,0,1
BBF25461,1,,1,5
90DF07A2,0,,0,8
90DF07A2,0,,1,4
90DF07A2,1,,0,8
90DF07A2,1,,1,4
C864280E,0,,0,6
C864280E,0,,1,8
C864280E,1,,0,6
C864280E,1,,1,8
E3497BCD,0,,0,8
E3497BCD,0,,1,4
E3497BCD,1,,0,1
E3497BCD,1,,1,5
FA524A8C,0,,0,6
FA524A8C,0,,1,8
FA524A8C,1,,0,1
FA524A8C,1,,1,5
B513DC4B,0,,0,7
B513DC4B,0,,1,5
B513DC4B,1,,0,1
B513DC4B,1,,1,5
AC08ED0A,0,,0,7
AC08ED0A,0,,1,5
AC08ED0A,1,,0,1
AC08ED0A,1,,1,5
8725BEC9,0,,0,7
8725BEC9,0,,1,1
8725BEC9,1,,0,7
8725BEC9,1,,1,1
9E3E8F88,0,,0,1
9E3E8F88,0,,1,5
9E3E8F88,1,,0,7
9E3E8F88,1,,1,1
19A69347,0,,0,6
19A69347,0,,1,8
19A69347,1,,0,7
19A69347,1,,1,1
00BDA206,0,,0,1
00BDA206,0,,1,5
00BDA206,1,,0,7
00BDA206,1,,1,1
D0BD7378,0,,0,1
D0BD7378,0,,1,5
D0BD7378,1,,0,8
D0BD7378,1,,1,4
C9A64239,0,,0,7
C9A64239,0,,1,5
C9A64239,1,,0,1
C9A64239,1,,1,5
E28B11FA,0,,0,7
E28B11FA,0,,1,5
E28B11FA,1,,0,6
E28B11FA,1,,1,8
FB9020BB,0,,0,7
FB9020BB,0,,1,5
FB9020BB,1,,0,1
FB9020BB,1,,1,5
B4D1B67C,0,,0,7
B4D1B67C,0,,1,1
B4D1B67C,1,,0,7
B4D1B67C,1,,1,1
ADCA873D,0,,0,6
ADCA873D,0,,1,8
ADCA873D,1,,0,7
ADCA873D,1,,1,1
86E7D4FE,0,,0,7
86E7D4FE,0,,1,1
86E7D4FE,1,,0,8
86E7D4FE,1,,1,4
CBE0FC60,0,,0,8
CBE0FC60,0,,1,4
CBE0FC60,1,,0,6
CBE0FC60,1,,1,8
E0CDAFA3,0,,0,8
E0CDAFA3,0,,1,4
E0CDAFA3,1,,0,1
E0CDAFA3,1,,1,5
F9D69EE2,0,,0,6
F9D69EE2,0,,1,8
F9D69EE2,1,,0,1
F9D69EE2,1,,1,5
B6970825,0,,0,7
B6970825,0,,1,1
B6970825,1,,0,1
B6970825,1,,1,5
AF8C3964,0,,0,8
AF8C3964,0,,1,4
AF8C3964,1,,0,1
AF8C3964,1,,1,5
84A16AA7,0,,0,6
84A16AA7,0,,1,8
84A16AA7,1,,0,7
84A16AA7,1,,1,1
9DBA5BE6,0,,0,6
9DBA5BE6,0,,1,8
9DBA5BE6,1,,0,7
9DBA5BE6,1,,1,1
1A224729,0,,0,6
1A224729,0,,1,8
1A224729,1,,0,7
1A224729,1,,1,1
03397668,0,,0,4
03397668,0,,1,8
03397668,1,,0,7
03397668,1,,1,1
D339A716,0,,0,7
D339A716,0,,1,1
D339A716,1,,0,8
D339A716,1,,1,4
CA229657,0,,0,7
CA229657,0,,1,5
CA229657,1,,0,8
CA229657,1,,1,4
E10FC594,0,,0,8
E10FC594,0,,1,4
E10FC594,1,,0,6
E10FC594,1,,1,8
F814F4D5,0,,0,7
F814F4D5,0,,1,5
F814F4D5,1,,0,8
F814F4D5,1,,1,4
B7556212,0,,0,8
B7556212,0,,1,4
B7556212,1,,0,8
B7556212,1,,1,4
AE4E5353,0,,0,1
AE4E5353,0,,1,5
AE4E5353,1,,0,1
AE4E5353,1,,1,5
85630090,0,,0,7
85630090,0,,1,1
85630090,1,,0,7
85630090,1,,1,1
CF6D80D2,0,,0,7
CF6D80D2,0,,1,5
CF6D80D2,1,,0,6
CF6D80D2,1,,1,8
E440D311,0,,0,1
E440D311,0,,1,5
E440D311,1,,0,1
E440D311,1,,1,5
FD5BE250,0,,0,6
FD5BE250,0,,1,8
FD5BE250,1,,0,1
FD5BE250,1,,1,5
B21A7497,0,,0,6
B21A7497,0,,1,8
B21A7497,1,,0,1
B21A7497,1,,1,5
AB0145D6,0,,0,7
AB0145D6,0,,1,5
AB0145D6,1,,0,1
AB0145D6,1,,1,5
802C1615,0,,0,1
802C1615,0,,1,5
802C1615,1,,0,7
802C1615,1,,1,1
99372754,0,,0,7
99372754,0,,1,5
99372754,1,,0,7
99372754,1,,1,1
1EAF3B9B,0,,0,7
1EAF3B9B,0,,1,5
1EAF3B9B,1,,0,7
1EAF3B9B,1,,1,1
07B40ADA,0,,0,7
07B40ADA,0,,1,1
07B40ADA,1,,0,7
07B40ADA,1,,1,1
D7B4DBA4,0,,0,6
D7B4DBA4,0,,1,8
D7B4DBA4,1,,0,8
D7B4DBA4,1,,1,4
CEAFEAE5,0,,0,7
CEAFEAE5,0,,1,5
CEAFEAE5,1,,0,8
CEAFEAE5,1,,1,4
E582B926,0,,0,1
E582B926,0,,1,5
E582B926,1,,0,6
E582B926,1,,1,8
FC998867,0,,0,7
FC998867,0,,1,1
FC998867,1,,0,1
FC998867,1,,1,5
B3D81EA0,0,,0,6
B3D81EA0,0,,1,8
B3D81EA0,1,,0,7
B3D81EA0,1,,1,1
AAC32FE1,0,,0,7
AAC32FE1,0,,1,1
AAC32FE1,1,,0,8
AAC32FE1,1,,1,4
81EE7C22,0,,0,1
81EE7C22,0,,1,5
81EE7C22,1,,0,8
81EE7C22,1,,1,4
C67779B6,0,,0,1
C67779B6,0,,1,5
C67779B6,1,,0,6
C67779B6,1,,1,8
ED5A2A75,0,,0,8
ED5A2A75,0,,1,4
ED5A2A75,1,,0,1
ED5A2A75,1,,1,5
F4411B34,0,,0,1
F4411B34,0,,1,5
F4411B34,1,,0,1
F4411B34,1,,1,5
BB008DF3,0,,0,6
BB008DF3,0,,1,8
BB008DF3,1,,0,1
BB008DF3,1,,1,5
A21BBCB2,0,,0,1
A21BBCB2,0,,1,5
A21BBCB2,1,,0,1
A21BBCB2,1,,1,5
8936EF71,0,,0,7
8936EF71,0,,1,5
8936EF71,1,,0,7
8936EF71,1,,1,1
902DDE30,0,,0,6
902DDE30,0,,1,8
902DDE30,1,,0,7
902DDE30,1,,1,1
17B5C2FF,0,,0,6
17B5C2FF,0,,1,8
17B5C2FF,1,,0,7
17B5C2FF,1,,1,1
0EAEF3BE,0,,0,7
0EAEF3BE,0,,1,1
0EAEF3BE,1,,0,7
0EAEF3BE,1,,1,1
DEAE22C0,0,,0,7
DEAE22C0,0,,1,1
DEAE22C0,1,,0,8
DEAE22C0,1,,1,4
C7B51381,0,,0,7
C7B51381,0,,1,5
C7B51381,1,,0,8
C7B51381,1,,1,4
EC984042,0,,0,7
EC984042,0,,1,5
EC984042,1,,0,6
EC984042,1,,1,8
F5837103,0,,0,7
F5837103,0,,1,1
F5837103,1,,0,8
F5837103,1,,1,4
BAC2E7C4,0,,0,7
BAC2E7C4,0,,1,5
BAC2E7C4,1,,0,7
BAC2E7C4,1,,1,1
A3D9D685,0,,0,7
A3D9D685,0,,1,5
A3D9D685,1,,0,1
A3D9D685,1,,1,5
88F48546,0,,0,1
88F48546,0,,1,5
88F48546,1,,0,1
88F48546,1,,1,5
70D84F6B,0,,0,8
70D84F6B,0,,1,4
70D84F6B,1,,0,6
70D84F6B,1,,1,8
5BF51CA8,0,,0,6
5BF51CA8,0,,1,8
5BF51CA8,1,,0,1
5BF51CA8,1,,1,5
42EE2DE9,0,,0,1
42EE2DE9,0,,1,5
42EE2DE9,1,,0,1
42EE2DE9,1,,1,5
0DAFBB2E,0,,0,7
0DAFBB2E,0,,1,5
0DAFBB2E,1,,0,1
0DAFBB2E,1,,1,5
14B48A6F,0,,0,7
14B48A6F,0,,1,5
14B48A6F,1,,0,1
14B48A6F,1,,1,5
3F99D9AC,0,,0,6
3F99D9AC,0,,1,8
3F99D9AC,1,,0,7
3F99D9AC,1,,1,1
2682E8ED,0,,0,6
2682E8ED,0,,1,8
2682E8ED,1,,0,7
2682E8ED,1,,1,1
A11AF422,0,,0,1
A11AF422,0,,1,5
A11AF422,1,,0,7
A11AF422,1,,1,1
B801C563,0,,0,1
B801C563,0,,1,5
B801C563,1,,0,7
B801C563,1,,1,1
6801141D,0,,0,6
6801141D,0,,1,8
6801141D,1,,0,8
6801141D,1,,1,4
711A255C,0,,0,7
711A255C,0,,1,5
711A255C,1,,0,8
711A255C,1,,1,4
5A37769F,0,,0,6
5A37769F,0,,1,8
5A37769F,1,,0,7
5A37769F,1,,1,1
432C47DE,0,,0,7
432C47DE,0,,1,5
432C47DE,1,,0,1
432C47DE,1,,1,5
0C6DD119,0,,0,8
0C6DD119,0,,1,4
0C6DD119,1,,0,7
0C6DD119,1,,1,1
1576E058,0,,0,6
1576E058,0,,1,8
1576E058,1,,0,8
1576E058,1,,1,4
3E5BB39B,0,,0,1
3E5BB39B,0,,1,5
3E5BB39B,1,,0,7
3E5BB39B,1,,1,1
735C9B05,0,,0,6
735C9B05,0,,1,8
735C9B05,1,,0,6
735C9B05,1,,1,8
5871C8C6,0,,0,7
5871C8C6,0,,1,5
5871C8C6,1,,0,1
5871C8C6,1,,1,5
416AF987,0,,0,7
416AF987,0,,1,5
416AF987,1,,0,1
416AF987,1,,1,5
0E2B6F40,0,,0,7
0E2B6F40,0,,1,5
0E2B6F40,1,,0,7
0E2B6F40,1,,1,1
17305E01,0,,0,7
17305E01,0,,1,1
17305E01,1,,0,7
17305E01,1,,1,1
3C1D0DC2,0,,0,1
3C1D0DC2,0,,1,5
3C1D0DC2,1,,0,7
3C1D0DC2,1,,1,1
25063C83,0,,0,7
25063C83,0,,1,1
25063C83,1,,0,8
25063C83,1,,1,4
A29E204C,0,,0,7
A29E204C,0,,1,5
A29E204C,1,,0,8
A29E204C,1,,1,4
BB85110D,0,,0,8
BB85110D,0,,1,4
BB85110D,1,,0,7
BB85110D,1,,1,1
6B85C073,0,,0,8
6B85C073,0,,1,4
6B85C073,1,,0,1
6B85C073,1,,1,5
729EF132,0,,0,1
729EF132,0,,1,5
729EF132,1,,0,1
729EF132,1,,1,5
59B3A2F1,0,,0,6
59B3A2F1,0,,1,8
59B3A2F1,1,,0,6
59B3A2F1,1,,1,8
40A893B0,0,,0,7
40A893B0,0,,1,5
40A893B0,1,,0,7
40A893B0,1,,1,1
0FE90577,0,,0,6
0FE90577,0,,1,8
0FE90577,1,,0,8
0FE90577,1,,1,4
16F23436,0,,0,7
16F23436,0,,1,5
16F23436,1,,0,7
16F23436,1,,1,1
3DDF67F5,0,,0,7
3DDF67F5,0,,1,1
3DDF67F5,1,,0,1
3DDF67F5,1,,1,5
77D1E7B7,0,,0,7
77D1E7B7,0,,1,1
77D1E7B7,1,,0,6
77D1E7B7,1,,1,8
5CFCB474,0,,0,7
5CFCB474,0,,1,5
5CFCB474,1,,0,1
5CFCB474,1,,1,5
45E78535,0,,0,4
45E78535,0,,1,8
45E78535,1,,0,1
45E78535,1,,1,5
0AA613F2,0,,0,7
0AA613F2,0,,1,5
0AA613F2,1,,0,1
0AA613F2,1,,1,5
13BD22B3,0,,0,8
13BD22B3,0,,1,4
13BD22B3,1,,0,1
13BD22B3,1,,1,5
38907170,0,,0,6
38907170,0,,1,8
38907170,1,,0,7
38907170,1,,1,1
218B4031,0,,0,7
218B4031,0,,1,1
218B4031,1,,0,7
218B4031,1,,1,1
A6135CFE,0,,0,1
A6135CFE,0,,1,5
A6135CFE,1,,0,7
A6135CFE,1,,1,1
BF086DBF,0,,0,7
BF086DBF,0,,1,1
BF086DBF,1,,0,7
BF086DBF,1,,1,1
6F08BCC1,0,,0,7
6F08BCC1,0,,1,1
6F08BCC1,1,,0,8
6F08BCC1,1,,1,4
76138D80,0,,0,8
76138D80,0,,1,4
76138D80,1,,0,8
76138D80,1,,1,4
745533D9,0,,0,1
745533D9,0,,1,5
745533D9,1,,0,6
745533D9,1,,1,8
5F78601A,0,,0,8
5F78601A,0,,1,4
5F78601A,1,,0,1
5F78601A,1,,1,5
4663515B,0,,0,7
4663515B,0,,1,5
4663515B,1,,0,1
4663515B,1,,1,5
0922C79C,0,,0,6
0922C79C,0,,1,8
0922C79C,1,,0,1
0922C79C,1,,1,5
1039F6DD,0,,0,6
1039F6DD,0,,1,8
1039F6DD,1,,0,1
1039F6DD,1,,1,5
3B14A51E,0,,0,8
3B14A51E,0,,1,4
3B14A51E,1,,0,7
3B14A51E,1,,1,1
220F945F,0,,0,1
220F945F,0,,1,5
220F945F,1,,0,7
220F945F,1,,1,1
A5978890,0,,0,7
A5978890,0,,1,5
A5978890,1,,0,7
A5978890,1,,1,1
BC8CB9D1,0,,0,8
BC8CB9D1,0,,1,4
BC8CB9D1,1,,0,7
BC8CB9D1,1,,1,1
6C8C68AF,0,,0,8
6C8C68AF,0,,1,4
6C8C68AF,1,,0,8
6C8C68AF,1,,1,4
759759EE,0,,0,7
759759EE,0,,1,5
759759EE,1,,0,8
759759EE,1,,1,4
7ECB1ED3,0,,0,6
7ECB1ED3,0,,1,8
7ECB1ED3,1,,0,6
7ECB1ED3,1,,1,8
4CFD7C51,0,,0,6
4CFD7C51,0,,1,8
4CFD7C51,1,,0,1
4CFD7C51,1,,1,5
03BCEA96,0,,0,1
03BCEA96,0,,1,5
03BCEA96,1,,0,1
03BCEA96,1,,1,5
1AA7DBD7,0,,0,7
1AA7DBD7,0,,1,5
1AA7DBD7,1,,0,1
1AA7DBD7,1,,1,5
318A8814,0,,0,6
318A8814,0,,1,8
318A8814,1,,0,7
318A8814,1,,1,1
2891B955,0,,0,7
2891B955,0,,1,5
2891B955,1,,0,7
2891B955,1,,1,1
AF09A59A,0,,0,7
AF09A59A,0,,1,1
AF09A59A,1,,0,7
AF09A59A,1,,1,1
B61294DB,0,,0,8
B61294DB,0,,1,4
B61294DB,1,,0,7
B61294DB,1,,1,1
661245A5,0,,0,7
661245A5,0,,1,1
661245A5,1,,0,8
661245A5,1,,1,4
7F0974E4,0,,0,7
7F0974E4,0,,1,5
7F0974E4,1,,0,8
7F0974E4,1,,1,4
ED0F77D2,0,,0,6
ED0F77D2,0,,1,8
ED0F77D2,1,,0,6
ED0F77D2,1,,1,8
C6222411,0,,0,1
C6222411,0,,1,5
C6222411,1,,0,7
C6222411,1,,1,1
DF391550,0,,0,6
DF391550,0,,1,8
DF391550,1,,0,1
DF391550,1,,1,5
90788397,0,,0,7
90788397,0,,1,1
90788397,1,,0,1
90788397,1,,1,5
8963B2D6,0,,0,7
8963B2D6,0,,1,5
8963B2D6,1,,0,1
8963B2D6,1,,1,5
A24EE115,0,,0,8
A24EE115,0,,1,4
A24EE115,1,,0,7
A24EE115,1,,1,1
BB55D054,0,,0,6
BB55D054,0,,1,8
BB55D054,1,,0,7
BB55D054,1,,1,1
3CCDCC9B,0,,0,1
3CCDCC9B,0,,1,5
3CCDCC9B,1,,0,7
3CCDCC9B,1,,1,1
25D6FDDA,0,,0,7
25D6FDDA,0,,1,1
25D6FDDA,1,,0,1
25D6FDDA,1,,1,5
F5D62CA4,0,,0,8
F5D62CA4,0,,1,4
F5D62CA4,1,,0,8
F5D62CA4,1,,1,4
ECCD1DE5,0,,0,7
ECCD1DE5,0,,1,5
ECCD1DE5,1,,0,8
ECCD1DE5,1,,1,4
C7E04E26,0,,0,7
C7E04E26,0,,1,1
C7E04E26,1,,0,6
C7E04E26,1,,1,8
DEFB7F67,0,,0,1
DEFB7F67,0,,1,5
DEFB7F67,1,,0,1
DEFB7F67,1,,1,5
91BAE9A0,0,,0,6
91BAE9A0,0,,1,8
91BAE9A0,1,,0,7
91BAE9A0,1,,1,1
88A1D8E1,0,,0,7
88A1D8E1,0,,1,5
88A1D8E1,1,,0,7
88A1D8E1,1,,1,5
A38C8B22,0,,0,7
A38C8B22,0,,1,5
A38C8B22,1,,0,1
A38C8B22,1,,1,5
EE8BA3BC,0,,0,7
EE8BA3BC,0,,1,1
EE8BA3BC,1,,0,6
EE8BA3BC,1,,1,8
C5A6F07F,0,,0,8
C5A6F07F,0,,1,4
C5A6F07F,1,,0,1
C5A6F07F,1,,1,5
DCBDC13E,0,,0,7
DCBDC13E,0,,1,5
DCBDC13E,1,,0,1
DCBDC13E,1,,1,5
93FC57F9,0,,0,7
93FC57F9,0,,1,5
93FC57F9,1,,0,1
93FC57F9,1,,1,5
8AE766B8,0,,0,6
8AE766B8,0,,1,8
8AE766B8,1,,0,1
8AE766B8,1,,1,5
A1CA357B,0,,0,8
A1CA357B,0,,1,4
A1CA357B,1,,0,7
A1CA357B,1,,1,1
B8D1043A,0,,0,6
B8D1043A,0,,1,8
B8D1043A,1,,0,7
B8D1043A,1,,1,1
3F4918F5,0,,0,8
3F4918F5,0,,1,4
3F4918F5,1,,0,8
3F4918F5,1,,1,4
265229B4,0,,0,8
265229B4,0,,1,4
265229B4,1,,0,7
265229B4,1,,1,1
F652F8CA,0,,0,6
F652F8CA,0,,1,8
F652F8CA,1,,0,7
F652F8CA,1,,1,1
EF49C98B,0,,0,1
EF49C98B,0,,1,5
EF49C98B,1,,0,1
EF49C98B,1,,1,5
C4649A48,0,,0,1
C4649A48,0,,1,5
C4649A48,1,,0,6
C4649A48,1,,1,8
DD7FAB09,0,,0,7
DD7FAB09,0,,1,5
DD7FAB09,1,,0,1
DD7FAB09,1,,1,5
923E3DCE,0,,0,1
923E3DCE,0,,1,5
923E3DCE,1,,0,7
923E3DCE,1,,1,1
8B250C8F,0,,0,1
8B250C8F,0,,1,5
8B250C8F,1,,0,8
8B250C8F,1,,1,4
A0085F4C,0,,0,7
A0085F4C,0,,1,5
A0085F4C,1,,0,1
A0085F4C,1,,1,5
EA06DF0E,0,,0,7
EA06DF0E,0,,1,1
EA06DF0E,1,,0,7
EA06DF0E,1,,1,1
C12B8CCD,0,,0,7
C12B8CCD,0,,1,5
C12B8CCD,1,,0,7
C12B8CCD,1,,1,1
D830BD8C,0,,0,8
D830BD8C,0,,1,4
D830BD8C,1,,0,8
D830BD8C,1,,1,4
97712B4B,0,,0,7
97712B4B,0,,1,1
97712B4B,1,,0,1
97712B4B,1,,1,5
A54749C9,0,,0,7
A54749C9,0,,1,5
A54749C9,1,,0,6
A54749C9,1,,1,8
5F0DC935,0,,0,8
5F0DC935,0,,1,4
5F0DC935,1,,0,8
5F0DC935,1,,1,4
74209AF6,0,,0,6
74209AF6,0,,1,8
74209AF6,1,,0,6
74209AF6,1,,1,8
6D3BABB7,0,,0,7
6D3BABB7,0,,1,1
6D3BABB7,1,,0,1
6D3BABB7,1,,1,5
227A3D70,0,,0,1
227A3D70,0,,1,5
227A3D70,1,,0,1
227A3D70,1,,1,5
3B610C31,0,,0,7
3B610C31,0,,1,1
3B610C31,1,,0,8
3B610C31,1,,1,4
104C5FF2,0,,0,7
104C5FF2,0,,1,1
104C5FF2,1,,0,8
104C5FF2,1,,1,4
09576EB3,0,,0,7
09576EB3,0,,1,5
09576EB3,1,,0,7
09576EB3,1,,1,5
8ECF727C,0,,0,7
8ECF727C,0,,1,1
8ECF727C,1,,0,8
8ECF727C,1,,1,4
97D4433D,0,,0,6
97D4433D,0,,1,8
97D4433D,1,,0,7
97D4433D,1,,1,1
47D49243,0,,0,8
47D49243,0,,1,4
47D49243,1,,0,1
47D49243,1,,1,5
5ECFA302,0,,0,7
5ECFA302,0,,1,5
5ECFA302,1,,0,6
5ECFA302,1,,1,8
75E2F0C1,0,,0,7
75E2F0C1,0,,1,1
75E2F0C1,1,,0,8
75E2F0C1,1,,1,4
6CF9C180,0,,0,8
6CF9C180,0,,1,4
6CF9C180,1,,0,6
6CF9C180,1,,1,8
23B85747,0,,0,1
23B85747,0,,1,5
23B85747,1,,0,1
23B85747,1,,1,5
3AA36606,0,,0,1
3AA36606,0,,1,5
3AA36606,1,,0,7
3AA36606,1,,1,1
118E35C5,0,,0,7
118E35C5,0,,1,1
118E35C5,1,,0,8
118E35C5,1,,1,4
08950484,0,,0,7
08950484,0,,1,5
08950484,1,,0,7
08950484,1,,1,1
8F0D184B,0,,0,7
8F0D184B,0,,1,1
8F0D184B,1,,0,8
8F0D184B,1,,1,4
9616290A,0,,0,7
9616290A,0,,1,5
9616290A,1,,0,1
9616290A,1,,1,5
45922C1A,0,,0,1
45922C1A,0,,1,5
45922C1A,1,,0,1
45922C1A,1,,1,5
5C891D5B,0,,0,1
5C891D5B,0,,1,5
5C891D5B,1,,0,8
5C891D5B,1,,1,4
77A44E98,0,,0,6
77A44E98,0,,1,8
77A44E98,1,,0,7
77A44E98,1,,1,1
6EBF7FD9,0,,0,8
6EBF7FD9,0,,1,4
6EBF7FD9,1,,0,1
6EBF7FD9,1,,1,5
21FEE91E,0,,0,1
21FEE91E,0,,1,5
21FEE91E,1,,0,1
21FEE91E,1,,1,5
38E5D85F,0,,0,8
38E5D85F,0,,1,4
38E5D85F,1,,0,6
38E5D85F,1,,1,8
13C88B9C,0,,0,6
13C88B9C,0,,1,8
13C88B9C,1,,0,8
13C88B9C,1,,1,4
0AD3BADD,0,,0,7
0AD3BADD,0,,1,5
0AD3BADD,1,,0,1
0AD3BADD,1,,1,5
8D4BA612,0,,0,1
8D4BA612,0,,1,5
8D4BA612,1,,0,7
8D4BA612,1,,1,1
94509753,0,,0,7
94509753,0,,1,1
94509753,1,,0,7
94509753,1,,1,1
4450462D,0,,0,7
4450462D,0,,1,5
4450462D,1,,0,7
4450462D,1,,1,1
5D4B776C,0,,0,7
5D4B776C,0,,1,1
5D4B776C,1,,0,6
5D4B776C,1,,1,8
766624AF,0,,0,7
766624AF,0,,1,5
766624AF,1,,0,7
766624AF,1,,1,1
6F7D15EE,0,,0,1
6F7D15EE,0,,1,5
6F7D15EE,1,,0,7
6F7D15EE,1,,1,1
203C8329,0,,0,1
203C8329,0,,1,5
203C8329,1,,0,1
203C8329,1,,1,5
3927B268,0,,0,1
3927B268,0,,1,5
3927B268,1,,0,8
3927B268,1,,1,4
120AE1AB,0,,0,7
120AE1AB,0,,1,1
120AE1AB,1,,0,8
120AE1AB,1,,1,4
0B11D0EA,0,,0,1
0B11D0EA,0,,1,5
0B11D0EA,1,,0,7
0B11D0EA,1,,1,1
8C89CC25,0,,0,1
8C89CC25,0,,1,5
8C89CC25,1,,0,6
8C89CC25,1,,1,8
9592FD64,0,,0,7
9592FD64,0,,1,1
9592FD64,1,,0,1
9592FD64,1,,1,5
411F50A8,0,,0,7
411F50A8,0,,1,5
411F50A8,1,,0,8
411F50A8,1,,1,4
580461E9,0,,0,7
580461E9,0,,1,5
580461E9,1,,0,7
580461E9,1,,1,1
7329322A,0,,0,7
7329322A,0,,1,5
7329322A,1,,0,7
7329322A,1,,1,1
6A32036B,0,,0,8
6A32036B,0,,1,4
6A32036B,1,,0,6
6A32036B,1,,1,8
257395AC,0,,0,6
257395AC,0,,1,8
257395AC,1,,0,1
257395AC,1,,1,5
3C68A4ED,0,,0,8
3C68A4ED,0,,1,4
3C68A4ED,1,,0,8
3C68A4ED,1,,1,4
1745F72E,0,,0,8
1745F72E,0,,1,4
1745F72E,1,,0,7
1745F72E,1,,1,1
0E5EC66F,0,,0,6
0E5EC66F,0,,1,8
0E5EC66F,1,,0,1
0E5EC66F,1,,1,5
89C6DAA0,0,,0,1
89C6DAA0,0,,1,5
89C6DAA0,1,,0,8
89C6DAA0,1,,1,4
90DDEBE1,0,,0,7
90DDEBE1,0,,1,5
90DDEBE1,1,,0,6
90DDEBE1,1,,1,8
40DD3A9F,0,,0,1
40DD3A9F,0,,1,5
40DD3A9F,1,,0,7
40DD3A9F,1,,1,5
59C60BDE,0,,0,7
59C60BDE,0,,1,1
59C60BDE,1,,0,8
59C60BDE,1,,1,4
72EB581D,0,,0,7
72EB581D,0,,1,5
72EB581D,1,,0,8
72EB581D,1,,1,4
6BF0695C,0,,0,6
6BF0695C,0,,1,8
6BF0695C,1,,0,6
6BF0695C,1,,1,8
24B1FF9B,0,,0,7
24B1FF9B,0,,1,5
24B1FF9B,1,,0,7
24B1FF9B,1,,1,1
3DAACEDA,0,,0,7
3DAACEDA,0,,1,5
3DAACEDA,1,,0,1
3DAACEDA,1,,1,5
16879D19,0,,0,6
16879D19,0,,1,8
16879D19,1,,0,1
16879D19,1,,1,5
0F9CAC58,0,,0,6
0F9CAC58,0,,1,8
0F9CAC58,1,,0,8
0F9CAC58,1,,1,4
8804B097,0,,0,6
8804B097,0,,1,8
8804B097,1,,0,6
8804B097,1,,1,8
911F81D6,0,,0,1
911F81D6,0,,1,5
911F81D6,1,,0,7
911F81D6,1,,1,1
429B84C6,0,,0,7
429B84C6,0,,1,1
429B84C6,1,,0,7
429B84C6,1,,1,1
5B80B587,0,,0,7
5B80B587,0,,1,5
5B80B587,1,,0,6
5B80B587,1,,1,8
70ADE644,0,,0,7
70ADE644,0,,1,5
70ADE644,1,,0,8
70ADE644,1,,1,4
69B6D705,0,,0,6
69B6D705,0,,1,8
69B6D705,1,,0,7
69B6D705,1,,1,1
26F741C2,0,,0,8
26F741C2,0,,1,4
26F741C2,1,,0,1
26F741C2,1,,1,5
3FEC7083,0,,0,8
3FEC7083,0,,1,4
3FEC7083,1,,0,8
3FEC7083,1,,1,4
14C12340,0,,0,6
14C12340,0,,1,8
14C12340,1,,0,7
14C12340,1,,1,1
0DDA1201,0,,0,6
0DDA1201,0,,1,8
0DDA1201,1,,0,6
0DDA1201,1,,1,8
8A420ECE,0,,0,7
8A420ECE,0,,1,1
8A420ECE,1,,0,1
8A420ECE,1,,1,5
93593F8F,0,,0,7
93593F8F,0,,1,1
93593F8F,1,,0,8
93593F8F,1,,1,4
4359EEF1,0,,0,1
4359EEF1,0,,1,5
4359EEF1,1,,0,7
4359EEF1,1,,1,1
5A42DFB0,0,,0,7
5A42DFB0,0,,1,1
5A42DFB0,1,,0,1
5A42DFB0,1,,1,5
716F8C73,0,,0,7
716F8C73,0,,1,5
716F8C73,1,,0,1
716F8C73,1,,1,5
6874BD32,0,,0,7
6874BD32,0,,1,1
6874BD32,1,,0,7
6874BD32,1,,1,1
27352BF5,0,,0,6
27352BF5,0,,1,8
27352BF5,1,,0,8
27352BF5,1,,1,4
3E2E1AB4,0,,0,6
3E2E1AB4,0,,1,8
3E2E1AB4,1,,0,1
3E2E1AB4,1,,1,5
15034977,0,,0,7
15034977,0,,1,1
15034977,1,,0,1
15034977,1,,1,5
0C187836,0,,0,8
0C187836,0,,1,4
0C187836,1,,0,6
0C187836,1,,1,8
8B8064F9,0,,0,1
8B8064F9,0,,1,5
8B8064F9,1,,0,6
8B8064F9,1,,1,8
929B55B8,0,,0,7
929B55B8,0,,1,1
929B55B8,1,,0,6
929B55B8,1,,1,8
4805A9CC,0,,0,8
4805A9CC,0,,1,4
4805A9CC,1,,0,1
4805A9CC,1,,1,5
511E988D,0,,0,6
511E988D,0,,1,8
511E988D,1,,0,8
511E988D,1,,1,4
7A33CB4E,0,,0,6
7A33CB4E,0,,1,8
7A33CB4E,1,,0,8
7A33CB4E,1,,1,4
6328FA0F,0,,0,6
6328FA0F,0,,1,8
6328FA0F,1,,0,7
6328FA0F,1,,1,1
2C696CC8,0,,0,6
2C696CC8,0,,1,8
2C696CC8,1,,0,1
2C696CC8,1,,1,5
35725D89,0,,0,7
35725D89,0,,1,5
35725D89,1,,0,6
35725D89,1,,1,8
1E5F0E4A,0,,0,6
1E5F0E4A,0,,1,8
1E5F0E4A,1,,0,1
1E5F0E4A,1,,1,5
07443F0B,0,,0,1
07443F0B,0,,1,5
07443F0B,1,,0,1
07443F0B,1,,1,5
80DC23C4,0,,0,8
80DC23C4,0,,1,4
80DC23C4,1,,0,7
80DC23C4,1,,1,1
99C71285,0,,0,6
99C71285,0,,1,8
99C71285,1,,0,1
99C71285,1,,1,5
49C7C3FB,0,,0,7
49C7C3FB,0,,1,1
49C7C3FB,1,,0,8
49C7C3FB,1,,1,4
50DCF2BA,0,,0,8
50DCF2BA,0,,1,4
50DCF2BA,1,,0,6
50DCF2BA,1,,1,8
7BF1A179,0,,0,7
7BF1A179,0,,1,5
7BF1A179,1,,0,7
7BF1A179,1,,1,5
62EA9038,0,,0,7
62EA9038,0,,1,1
62EA9038,1,,0,8
62EA9038,1,,1,4
2DAB06FF,0,,0,6
2DAB06FF,0,,1,8
2DAB06FF,1,,0,7
2DAB06FF,1,,1,1
34B037BE,0,,0,1
34B037BE,0,,1,5
34B037BE,1,,0,8
34B037BE,1,,1,4
1F9D647D,0,,0,7
1F9D647D,0,,1,1
1F9D647D,1,,0,7
1F9D647D,1,,1,1
0686553C,0,,0,7
0686553C,0,,1,5
0686553C,1,,0,8
0686553C,1,,1,4
811E49F3,0,,0,6
811E49F3,0,,1,8
811E49F3,1,,0,6
811E49F3,1,,1,8
980578B2,0,,0,7
980578B2,0,,1,1
980578B2,1,,0,7
980578B2,1,,1,1
FEAA9F11,0,,0,6
FEAA9F11,0,,1,8
FEAA9F11,1,,0,1
FEAA9F11,1,,1,5
E7B1AE50,0,,0,7
E7B1AE50,0,,1,5
E7B1AE50,1,,0,8
E7B1AE50,1,,1,4
CC9CFD93,0,,0,1
CC9CFD93,0,,1,5
CC9CFD93,1,,0,8
CC9CFD93,1,,1,4
D587CCD2,0,,0,1
D587CCD2,0,,1,5
D587CCD2,1,,0,6
D587CCD2,1,,1,8
9AC65A15,0,,0,1
9AC65A15,0,,1,5
9AC65A15,1,,0,1
9AC65A15,1,,1,5
83DD6B54,0,,0,7
83DD6B54,0,,1,5
83DD6B54,1,,0,8
83DD6B54,1,,1,4
A8F03897,0,,0,7
A8F03897,0,,1,5
A8F03897,1,,0,7
A8F03897,1,,1,1
B1EB09D6,0,,0,4
B1EB09D6,0,,1,8
B1EB09D6,1,,0,7
B1EB09D6,1,,1,5
36731519,0,,0,6
36731519,0,,1,8
36731519,1,,0,7
36731519,1,,1,1
2F682458,0,,0,6
2F682458,0,,1,8
2F682458,1,,0,6
2F682458,1,,1,8
FF68F526,0,,0,4
FF68F526,0,,1,8
FF68F526,1,,0,1
FF68F526,1,,1,5
E673C467,0,,0,7
E673C467,0,,1,1
E673C467,1,,0,8
E673C467,1,,1,4
CD5E97A4,0,,0,7
CD5E97A4,0,,1,5
CD5E97A4,1,,0,7
CD5E97A4,1,,1,1
D445A6E5,0,,0,8
D445A6E5,0,,1,4
D445A6E5,1,,0,8
D445A6E5,1,,1,4
9B043022,0,,0,1
9B043022,0,,1,5
9B043022,1,,0,7
9B043022,1,,1,1
821F0163,0,,0,1
821F0163,0,,1,5
821F0163,1,,0,6
821F0163,1,,1,8
A93252A0,0,,0,7
A93252A0,0,,1,1
A93252A0,1,,0,8
A93252A0,1,,1,4
B02963E1,0,,0,8
B02963E1,0,,1,4
B02963E1,1,,0,7
B02963E1,1,,1,1
37B17F2E,0,,0,1
37B17F2E,0,,1,5
37B17F2E,1,,0,1
37B17F2E,1,,1,5
2EAA4E6F,0,,0,7
2EAA4E6F,0,,1,1
2EAA4E6F,1,,0,1
2EAA4E6F,1,,1,5
FD2E4B7F,0,,0,6
FD2E4B7F,0,,1,8
FD2E4B7F,1,,0,1
FD2E4B7F,1,,1,5
E4357A3E,0,,0,7
E4357A3E,0,,1,5
E4357A3E,1,,0,6
E4357A3E,1,,1,8
CF1829FD,0,,0,6
CF1829FD,0,,1,8
CF1829FD,1,,0,8
CF1829FD,1,,1,4
D60318BC,0,,0,1
D60318BC,0,,1,5
D60318BC,1,,0,7
D60318BC,1,,1,1
99428E7B,0,,0,8
99428E7B,0,,1,4
99428E7B,1,,0,7
99428E7B,1,,1,5
8059BF3A,0,,0,8
8059BF3A,0,,1,4
8059BF3A,1,,0,1
8059BF3A,1,,1,5
AB74ECF9,0,,0,7
AB74ECF9,0,,1,1
AB74ECF9,1,,0,1
AB74ECF9,1,,1,5
B26FDDB8,0,,0,1
B26FDDB8,0,,1,5
B26FDDB8,1,,0,6
B26FDDB8,1,,1,8
35F7C177,0,,0,1
35F7C177,0,,1,5
35F7C177,1,,0,8
35F7C177,1,,1,4
2CECF036,0,,0,8
2CECF036,0,,1,4
2CECF036,1,,0,7
2CECF036,1,,1,1
FCEC2148,0,,0,8
FCEC2148,0,,1,4
FCEC2148,1,,0,1
FCEC2148,1,,1,5
E5F71009,0,,0,8
E5F71009,0,,1,4
E5F71009,1,,0,8
E5F71009,1,,1,4
CEDA43CA,0,,0,7
CEDA43CA,0,,1,1
CEDA43CA,1,,0,1
CEDA43CA,1,,1,5
D7C1728B,0,,0,8
D7C1728B,0,,1,4
D7C1728B,1,,0,7
D7C1728B,1,,1,1
9880E44C,0,,0,7
9880E44C,0,,1,1
9880E44C,1,,0,1
9880E44C,1,,1,5
819BD50D,0,,0,8
819BD50D,0,,1,4
819BD50D,1,,0,7
819BD50D,1,,1,1
AAB686CE,0,,0,8
AAB686CE,0,,1,4
AAB686CE,1,,0,8
AAB686CE,1,,1,4
B3ADB78F,0,,0,6
B3ADB78F,0,,1,8
B3ADB78F,1,,0,6
B3ADB78F,1,,1,8
3435AB40,0,,0,1
3435AB40,0,,1,5
3435AB40,1,,0,8
3435AB40,1,,1,4
2D2E9A01,0,,0,6
2D2E9A01,0,,1,8
2D2E9A01,1,,0,6
2D2E9A01,1,,1,8
F9A337CD,0,,0,7
F9A337CD,0,,1,1
F9A337CD,1,,0,1
F9A337CD,1,,1,5
E0B8068C,0,,0,7
E0B8068C,0,,1,5
E0B8068C,1,,0,8
E0B8068C,1,,1,4
CB95554F,0,,0,4
CB95554F,0,,1,8
CB95554F,1,,0,7
CB95554F,1,,1,1
D28E640E,0,,0,7
D28E640E,0,,1,5
D28E640E,1,,0,1
D28E640E,1,,1,5
9DCFF2C9,0,,0,8
9DCFF2C9,0,,1,4
9DCFF2C9,1,,0,6
9DCFF2C9,1,,1,8
84D4C388,0,,0,7
84D4C388,0,,1,1
84D4C388,1,,0,7
84D4C388,1,,1,1
AFF9904B,0,,0,1
AFF9904B,0,,1,5
AFF9904B,1,,0,1
AFF9904B,1,,1,5
B6E2A10A,0,,0,8
B6E2A10A,0,,1,4
B6E2A10A,1,,0,6
B6E2A10A,1,,1,8
317ABDC5,0,,0,6
317ABDC5,0,,1,8
317ABDC5,1,,0,1
317ABDC5,1,,1,5
28618C84,0,,0,1
28618C84,0,,1,5
28618C84,1,,0,8
28618C84,1,,1,4
F8615DFA,0,,0,8
F8615DFA,0,,1,4
F8615DFA,1,,0,8
F8615DFA,1,,1,4
E17A6CBB,0,,0,7
E17A6CBB,0,,1,5
E17A6CBB,1,,0,6
E17A6CBB,1,,1,8
CA573F78,0,,0,7
CA573F78,0,,1,5
CA573F78,1,,0,8
CA573F78,1,,1,4
D34C0E39,0,,0,1
D34C0E39,0,,1,5
D34C0E39,1,,0,7
D34C0E39,1,,1,1
9C0D98FE,0,,0,8
9C0D98FE,0,,1,4
9C0D98FE,1,,0,1
9C0D98FE,1,,1,5
8516A9BF,0,,0,6
8516A9BF,0,,1,8
8516A9BF,1,,0,7
8516A9BF,1,,1,1
AE3BFA7C,0,,0,7
AE3BFA7C,0,,1,1
AE3BFA7C,1,,0,7
AE3BFA7C,1,,1,1
B720CB3D,0,,0,1
B720CB3D,0,,1,5
B720CB3D,1,,0,1
B720CB3D,1,,1,5
30B8D7F2,0,,0,1
30B8D7F2,0,,1,5
30B8D7F2,1,,0,8
30B8D7F2,1,,1,4
29A3E6B3,0,,0,6
29A3E6B3,0,,1,8
29A3E6B3,1,,0,1
29A3E6B3,1,,1,5
FA27E3A3,0,,0,6
FA27E3A3,0,,1,8
FA27E3A3,1,,0,7
FA27E3A3,1,,1,1
E33CD2E2,0,,0,6
E33CD2E2,0,,1,8
E33CD2E2,1,,0,1
E33CD2E2,1,,1,5
C8118121,0,,0,7
C8118121,0,,1,5
C8118121,1,,0,6
C8118121,1,,1,8
D10AB060,0,,0,7
D10AB060,0,,1,1
D10AB060,1,,0,6
D10AB060,1,,1,8
9E4B26A7,0,,0,7
9E4B26A7,0,,1,5
9E4B26A7,1,,0,8
9E4B26A7,1,,1,4
875017E6,0,,0,8
875017E6,0,,1,4
875017E6,1,,0,8
875017E6,1,,1,4
AC7D4425,0,,0,8
AC7D4425,0,,1,4
AC7D4425,1,,0,1
AC7D4425,1,,1,5
B5667564,0,,0,8
B5667564,0,,1,4
B5667564,1,,0,7
B5667564,1,,1,1
32FE69AB,0,,0,7
32FE69AB,0,,1,1
32FE69AB,1,,0,1
32FE69AB,1,,1,5
2BE558EA,0,,0,1
2BE558EA,0,,1,5
2BE558EA,1,,0,8
2BE558EA,1,,1,4
FBE58994,0,,0,6
FBE58994,0,,1,8
FBE58994,1,,0,1
FBE58994,1,,1,5
E2FEB8D5,0,,0,1
E2FEB8D5,0,,1,5
E2FEB8D5,1,,0,7
E2FEB8D5,1,,1,1
C9D3EB16,0,,0,7
C9D3EB16,0,,1,1
C9D3EB16,1,,0,7
C9D3EB16,1,,1,1
D0C8DA57,0,,0,7
D0C8DA57,0,,1,5
D0C8DA57,1,,0,6
D0C8DA57,1,,1,8
9F894C90,0,,0,7
9F894C90,0,,1,1
9F894C90,1,,0,7
9F894C90,1,,1,1
86927DD1,0,,0,8
86927DD1,0,,1,4
86927DD1,1,,0,8
86927DD1,1,,1,4
ADBF2E12,0,,0,1
ADBF2E12,0,,1,5
ADBF2E12,1,,0,6
ADBF2E12,1,,1,8
B4A41F53,0,,0,4
B4A41F53,0,,1,8
B4A41F53,1,,0,7
B4A41F53,1,,1,1
333C039C,0,,0,6
333C039C,0,,1,8
333C039C,1,,0,7
333C039C,1,,1,5
2A2732DD,0,,0,6
2A2732DD,0,,1,8
2A2732DD,1,,0,7
2A2732DD,1,,1,1
F0B9CEA9,0,,0,7
F0B9CEA9,0,,1,1
F0B9CEA9,1,,0,1
F0B9CEA9,1,,1,5
E9A2FFE8,0,,0,7
E9A2FFE8,0,,1,1
E9A2FFE8,1,,0,8
E9A2FFE8,1,,1,4
C28FAC2B,0,,0,1
C28FAC2B,0,,1,5
C28FAC2B,1,,0,7
C28FAC2B,1,,1,1
DB949D6A,0,,0,6
DB949D6A,0,,1,8
DB949D6A,1,,0,6
DB949D6A,1,,1,8
94D50BAD,0,,0,7
94D50BAD,0,,1,5
94D50BAD,1,,0,1
94D50BAD,1,,1,5
8DCE3AEC,0,,0,4
8DCE3AEC,0,,1,8
8DCE3AEC,1,,0,7
8DCE3AEC,1,,1,1
A6E3692F,0,,0,6
A6E3692F,0,,1,8
A6E3692F,1,,0,7
A6E3692F,1,,1,1
BFF8586E,0,,0,8
BFF8586E,0,,1,4
BFF8586E,1,,0,6
BFF8586E,1,,1,8
386044A1,0,,0,7
386044A1,0,,1,1
386044A1,1,,0,1
386044A1,1,,1,5
217B75E0,0,,0,6
217B75E0,0,,1,8
217B75E0,1,,0,7
217B75E0,1,,1,1
F17BA49E,0,,0,8
F17BA49E,0,,1,4
F17BA49E,1,,0,7
F17BA49E,1,,1,1
E86095DF,0,,0,8
E86095DF,0,,1,4
E86095DF,1,,0,1
E86095DF,1,,1,5
C34DC61C,0,,0,7
C34DC61C,0,,1,5
C34DC61C,1,,0,8
C34DC61C,1,,1,4
DA56F75D,0,,0,6
DA56F75D,0,,1,8
DA56F75D,1,,0,1
DA56F75D,1,,1,5
9517619A,0,,0,7
9517619A,0,,1,5
9517619A,1,,0,6
9517619A,1,,1,8
8C0C50DB,0,,0,6
8C0C50DB,0,,1,8
8C0C50DB,1,,0,1
8C0C50DB,1,,1,5
A7210318,0,,0,7
A7210318,0,,1,1
A7210318,1,,0,1
A7210318,1,,1,5
BE3A3259,0,,0,1
BE3A3259,0,,1,5
BE3A3259,1,,0,1
BE3A3259,1,,1,5
39A22E96,0,,0,8
39A22E96,0,,1,4
39A22E96,1,,0,6
39A22E96,1,,1,8
20B91FD7,0,,0,7
20B91FD7,0,,1,5
20B91FD7,1,,0,7
20B91FD7,1,,1,1
EC1F30FF,0,,0,6
EC1F30FF,0,,1,8
EC1F30FF,1,,0,6
EC1F30FF,1,,1,8
F50401BE,0,,0,8
F50401BE,0,,1,4
F50401BE,1,,0,1
F50401BE,1,,1,5
DE29527D,0,,0,8
DE29527D,0,,1,4
DE29527D,1,,0,1
DE29527D,1,,1,5
C732633C,0,,0,1
C732633C,0,,1,5
C732633C,1,,0,8
C732633C,1,,1,4
8873F5FB,0,,0,6
8873F5FB,0,,1,8
8873F5FB,1,,0,1
8873F5FB,1,,1,5
9168C4BA,0,,0,7
9168C4BA,0,,1,5
9168C4BA,1,,0,6
9168C4BA,1,,1,8
BA459779,0,,0,6
BA459779,0,,1,8
BA459779,1,,0,7
BA459779,1,,1,1
A35EA638,0,,0,6
A35EA638,0,,1,8
A35EA638,1,,0,1
A35EA638,1,,1,5
24C6BAF7,0,,0,8
24C6BAF7,0,,1,4
24C6BAF7,1,,0,7
24C6BAF7,1,,1,1
3DDD8BB6,0,,0,7
3DDD8BB6,0,,1,5
3DDD8BB6,1,,0,8
3DDD8BB6,1,,1,4
EDDD5AC8,0,,0,7
EDDD5AC8,0,,1,5
EDDD5AC8,1,,0,6
EDDD5AC8,1,,1,8
F4C66B89,0,,0,7
F4C66B89,0,,1,1
F4C66B89,1,,0,8
F4C66B89,1,,1,4
DFEB384A,0,,0,6
DFEB384A,0,,1,8
DFEB384A,1,,0,6
DFEB384A,1,,1,8
C6F0090B,0,,0,8
C6F0090B,0,,1,4
C6F0090B,1,,0,7
C6F0090B,1,,1,1
89B19FCC,0,,0,1
89B19FCC,0,,1,5
89B19FCC,1,,0,7
89B19FCC,1,,1,5
90AAAE8D,0,,0,8
90AAAE8D,0,,1,4
90AAAE8D,1,,0,8
90AAAE8D,1,,1,4
BB87FD4E,0,,0,8
BB87FD4E,0,,1,4
BB87FD4E,1,,0,1
BB87FD4E,1,,1,5
A29CCC0F,0,,0,6
A29CCC0F,0,,1,8
A29CCC0F,1,,0,7
A29CCC0F,1,,1,1
2504D0C0,0,,0,6
2504D0C0,0,,1,8
2504D0C0,1,,0,1
2504D0C0,1,,1,5
3C1FE181,0,,0,8
3C1FE181,0,,1,4
3C1FE181,1,,0,6
3C1FE181,1,,1,8
EF9BE491,0,,0,8
EF9BE491,0,,1,4
EF9BE491,1,,0,8
EF9BE491,1,,1,4
F680D5D0,0,,0,7
F680D5D0,0,,1,5
F680D5D0,1,,0,8
F680D5D0,1,,1,4
DDAD8613,0,,0,7
DDAD8613,0,,1,1
DDAD8613,1,,0,8
DDAD8613,1,,1,4
C4B6B752,0,,0,6
C4B6B752,0,,1,8
C4B6B752,1,,0,8
C4B6B752,1,,1,4
8BF72195,0,,0,1
8BF72195,0,,1,5
8BF72195,1,,0,7
8BF72195,1,,1,1
92EC10D4,0,,0,7
92EC10D4,0,,1,5
92EC10D4,1,,0,7
92EC10D4,1,,1,1
B9C14317,0,,0,7
B9C14317,0,,1,5
B9C14317,1,,0,1
B9C14317,1,,1,5
A0DA7256,0,,0,7
A0DA7256,0,,1,1
A0DA7256,1,,0,7
A0DA7256,1,,1,5
27426E99,0,,0,6
27426E99,0,,1,8
27426E99,1,,0,6
27426E99,1,,1,8
3E595FD8,0,,0,8
3E595FD8,0,,1,4
3E595FD8,1,,0,6
3E595FD8,1,,1,8
EE598EA6,0,,0,1
EE598EA6,0,,1,5
EE598EA6,1,,0,7
EE598EA6,1,,1,1
F742BFE7,0,,0,7
F742BFE7,0,,1,1
F742BFE7,1,,0,7
F742BFE7,1,,1,1
DC6FEC24,0,,0,7
DC6FEC24,0,,1,1
DC6FEC24,1,,0,7
DC6FEC24,1,,1,1
C574DD65,0,,0,6
C574DD65,0,,1,8
C574DD65,1,,0,7
C574DD65,1,,1,5
8A354BA2,0,,0,8
8A354BA2,0,,1,4
8A354BA2,1,,0,1
8A354BA2,1,,1,5
932E7AE3,0,,0,7
932E7AE3,0,,1,5
932E7AE3,1,,0,6
932E7AE3,1,,1,8
B8032920,0,,0,7
B8032920,0,,1,1
B8032920,1,,0,1
B8032920,1,,1,5
A1181861,0,,0,8
A1181861,0,,1,4
A1181861,1,,0,1
A1181861,1,,1,5
268004AE,0,,0,7
268004AE,0,,1,5
268004AE,1,,0,8
268004AE,1,,1,4
3F9B35EF,0,,0,7
3F9B35EF,0,,1,5
3F9B35EF,1,,0,8
3F9B35EF,1,,1,4
EB169823,0,,0,8
EB169823,0,,1,4
EB169823,1,,0,7
EB169823,1,,1,1
F20DA962,0,,0,1
F20DA962,0,,1,5
F20DA962,1,,0,6
F20DA962,1,,1,8
D920FAA1,0,,0,1
D920FAA1,0,,1,5
D920FAA1,1,,0,6
D920FAA1,1,,1,8
C03BCBE0,0,,0,7
C03BCBE0,0,,1,5
C03BCBE0,1,,0,1
C03BCBE0,1,,1,5
8F7A5D27,0,,0,4
8F7A5D27,0,,1,8
8F7A5D27,1,,0,7
8F7A5D27,1,,1,1
96616C66,0,,0,7
96616C66,0,,1,1
96616C66,1,,0,8
96616C66,1,,1,4
BD4C3FA5,0,,0,1
BD4C3FA5,0,,1,5
BD4C3FA5,1,,0,7
BD4C3FA5,1,,1,1
A4570EE4,0,,0,7
A4570EE4,0,,1,5
A4570EE4,1,,0,6
A4570EE4,1,,1,8
23CF122B,0,,0,7
23CF122B,0,,1,5
23CF122B,1,,0,1
23CF122B,1,,1,5
3AD4236A,0,,0,4
3AD4236A,0,,1,8
3AD4236A,1,,0,1
3AD4236A,1,,1,5
EAD4F214,0,,0,7
EAD4F214,0,,1,1
EAD4F214,1,,0,7
EAD4F214,1,,1,1
F3CFC355,0,,0,6
F3CFC355,0,,1,8
F3CFC355,1,,0,8
F3CFC355,1,,1,4
D8E29096,0,,0,6
D8E29096,0,,1,8
D8E29096,1,,0,8
D8E29096,1,,1,4
C1F9A1D7,0,,0,7
C1F9A1D7,0,,1,1
C1F9A1D7,1,,0,8
C1F9A1D7,1,,1,4
8EB83710,0,,0,8
8EB83710,0,,1,4
8EB83710,1,,0,6
8EB83710,1,,1,8
97A30651,0,,0,7
97A30651,0,,1,5
97A30651,1,,0,1
97A30651,1,,1,5
BC8E5592,0,,0,8
BC8E5592,0,,1,4
BC8E5592,1,,0,1
BC8E5592,1,,1,5
A59564D3,0,,0,1
A59564D3,0,,1,5
A59564D3,1,,0,7
A59564D3,1,,1,1
220D781C,0,,0,7
220D781C,0,,1,5
220D781C,1,,0,7
220D781C,1,,1,1
3B16495D,0,,0,8
3B16495D,0,,1,4
3B16495D,1,,0,6
3B16495D,1,,1,8
E8924C4D,0,,0,6
E8924C4D,0,,1,8
E8924C4D,1,,0,7
E8924C4D,1,,1,1
F1897D0C,0,,0,7
F1897D0C,0,,1,1
F1897D0C,1,,0,1
F1897D0C,1,,1,5
DAA42ECF,0,,0,7
DAA42ECF,0,,1,5
DAA42ECF,1,,0,8
DAA42ECF,1,,1,4
C3BF1F8E,0,,0,8
C3BF1F8E,0,,1,4
C3BF1F8E,1,,0,7
C3BF1F8E,1,,1,1
8CFE8949,0,,0,1
8CFE8949,0,,1,5
8CFE8949,1,,0,8
8CFE8949,1,,1,4
95E5B808,0,,0,1
95E5B808,0,,1,5
95E5B808,1,,0,8
95E5B808,1,,1,4
BEC8EBCB,0,,0,1
BEC8EBCB,0,,1,5
BEC8EBCB,1,,0,6
BEC8EBCB,1,,1,8
A7D3DA8A,0,,0,7
A7D3DA8A,0,,1,5
A7D3DA8A,1,,0,1
A7D3DA8A,1,,1,5
204BC645,0,,0,1
204BC645,0,,1,5
204BC645,1,,0,7
204BC645,1,,1,1
3950F704,0,,0,8
3950F704,0,,1,4
3950F704,1,,0,7
3950F704,1,,1,1
E950267A,0,,0,8
E950267A,0,,1,4
E950267A,1,,0,7
E950267A,1,,1,1
F04B173B,0,,0,7
F04B173B,0,,1,5
F04B173B,1,,0,8
F04B173B,1,,1,4
DB6644F8,0,,0,7
DB6644F8,0,,1,5
DB6644F8,1,,0,1
DB6644F8,1,,1,5
C27D75B9,0,,0,7
C27D75B9,0,,1,1
C27D75B9,1,,0,7
C27D75B9,1,,1,1
8D3CE37E,0,,0,7
8D3CE37E,0,,1,5
8D3CE37E,1,,0,6
8D3CE37E,1,,1,8
9427D23F,0,,0,7
9427D23F,0,,1,1
9427D23F,1,,0,7
9427D23F,1,,1,1
BF0A81FC,0,,0,8
BF0A81FC,0,,1,4
BF0A81FC,1,,0,6
BF0A81FC,1,,1,8
A611B0BD,0,,0,7
A611B0BD,0,,1,1
A611B0BD,1,,0,8
A611B0BD,1,,1,4
2189AC72,0,,0,6
2189AC72,0,,1,8
2189AC72,1,,0,1
2189AC72,1,,1,5
38929D33,0,,0,6
38929D33,0,,1,8
38929D33,1,,0,6
38929D33,1,,1,8
E20C6147,0,,0,8
E20C6147,0,,1,4
E20C6147,1,,0,8
E20C6147,1,,1,4
FB175006,0,,0,1
FB175006,0,,1,5
FB175006,1,,0,7
FB175006,1,,1,1
D03A03C5,0,,0,7
D03A03C5,0,,1,5
D03A03C5,1,,0,1
D03A03C5,1,,1,5
C9213284,0,,0,8
C9213284,0,,1,4
C9213284,1,,0,8
C9213284,1,,1,4
8660A443,0,,0,7
8660A443,0,,1,5
8660A443,1,,0,7
8660A443,1,,1,1
9F7B9502,0,,0,1
9F7B9502,0,,1,5
9F7B9502,1,,0,7
9F7B9502,1,,1,5
B456C6C1,0,,0,1
B456C6C1,0,,1,5
B456C6C1,1,,0,8
B456C6C1,1,,1,4
AD4DF780,0,,0,6
AD4DF780,0,,1,8
AD4DF780,1,,0,1
AD4DF780,1,,1,5
2AD5EB4F,0,,0,7
2AD5EB4F,0,,1,5
2AD5EB4F,1,,0,6
2AD5EB4F,1,,1,8
33CEDA0E,0,,0,6
33CEDA0E,0,,1,8
33CEDA0E,1,,0,7
33CEDA0E,1,,1,1
E3CE0B70,0,,0,1
E3CE0B70,0,,1,5
E3CE0B70,1,,0,8
E3CE0B70,1,,1,4
FAD53A31,0,,0,8
FAD53A31,0,,1,4
FAD53A31,1,,0,6
FAD53A31,1,,1,8
D1F869F2,0,,0,7
D1F869F2,0,,1,5
D1F869F2,1,,0,7
D1F869F2,1,,1,1
C8E358B3,0,,0,6
C8E358B3,0,,1,8
C8E358B3,1,,0,1
C8E358B3,1,,1,5
87A2CE74,0,,0,7
87A2CE74,0,,1,5
87A2CE74,1,,0,8
87A2CE74,1,,1,4
9EB9FF35,0,,0,6
9EB9FF35,0,,1,8
9EB9FF35,1,,0,7
9EB9FF35,1,,1,1
B594ACF6,0,,0,6
B594ACF6,0,,1,8
B594ACF6,1,,0,1
B594ACF6,1,,1,5
AC8F9DB7,0,,0,7
AC8F9DB7,0,,1,1
AC8F9DB7,1,,0,7
AC8F9DB7,1,,1,1
2B178178,0,,0,6
2B178178,0,,1,8
2B178178,1,,0,6
2B178178,1,,1,8
320CB039,0,,0,7
320CB039,0,,1,5
320CB039,1,,0,8
320CB039,1,,1,4
54A3579A,0,,0,6
54A3579A,0,,1,8
54A3579A,1,,0,7
54A3579A,1,,1,1
4DB866DB,0,,0,7
4DB866DB,0,,1,5
4DB866DB,1,,0,1
4DB866DB,1,,1,5
66953518,0,,0,1
66953518,0,,1,5
66953518,1,,0,7
66953518,1,,1,5
7F8E0459,0,,0,1
7F8E0459,0,,1,5
7F8E0459,1,,0,1
7F8E0459,1,,1,5
30CF929E,0,,0,8
30CF929E,0,,1,4
30CF929E,1,,0,7
30CF929E,1,,1,1
29D4A3DF,0,,0,7
29D4A3DF,0,,1,1
29D4A3DF,1,,0,6
29D4A3DF,1,,1,8
02F9F01C,0,,0,7
02F9F01C,0,,1,1
02F9F01C,1,,0,8
02F9F01C,1,,1,4
1BE2C15D,0,,0,6
1BE2C15D,0,,1,8
1BE2C15D,1,,0,7
1BE2C15D,1,,1,1
9C7ADD92,0,,0,1
9C7ADD92,0,,1,5
9C7ADD92,1,,0,8
9C7ADD92,1,,1,4
8561ECD3,0,,0,1
8561ECD3,0,,1,5
8561ECD3,1,,0,8
8561ECD3,1,,1,4
55613DAD,0,,0,7
55613DAD,0,,1,5
55613DAD,1,,0,6
55613DAD,1,,1,8
4C7A0CEC,0,,0,1
4C7A0CEC,0,,1,5
4C7A0CEC,1,,0,7
4C7A0CEC,1,,1,5
67575F2F,0,,0,6
67575F2F,0,,1,8
67575F2F,1,,0,1
67575F2F,1,,1,5
7E4C6E6E,0,,0,6
7E4C6E6E,0,,1,8
7E4C6E6E,1,,0,7
7E4C6E6E,1,,1,1
310DF8A9,0,,0,7
310DF8A9,0,,1,5
310DF8A9,1,,0,7
310DF8A9,1,,1,1
2816C9E8,0,,0,1
2816C9E8,0,,1,5
2816C9E8,1,,0,6
2816C9E8,1,,1,8
033B9A2B,0,,0,8
033B9A2B,0,,1,4
033B9A2B,1,,0,1
033B9A2B,1,,1,5
1A20AB6A,0,,0,8
1A20AB6A,0,,1,4
1A20AB6A,1,,0,7
1A20AB6A,1,,1,1
9DB8B7A5,0,,0,7
9DB8B7A5,0,,1,1
9DB8B7A5,1,,0,8
9DB8B7A5,1,,1,4
84A386E4,0,,0,6
84A386E4,0,,1,8
84A386E4,1,,0,7
84A386E4,1,,1,1
572783F4,0,,0,7
572783F4,0,,1,1
572783F4,1,,0,6
572783F4,1,,1,8
4E3CB2B5,0,,0,6
4E3CB2B5,0,,1,8
4E3CB2B5,1,,0,7
4E3CB2B5,1,,1,1
6511E176,0,,0,7
6511E176,0,,1,5
6511E176,1,,0,8
6511E176,1,,1,4
7C0AD037,0,,0,8
7C0AD037,0,,1,4
7C0AD037,1,,0,1
7C0AD037,1,,1,5
334B46F0,0,,0,4
334B46F0,0,,1,8
334B46F0,1,,0,7
334B46F0,1,,1,1
2A5077B1,0,,0,1
2A5077B1,0,,1,5
2A5077B1,1,,0,7
2A5077B1,1,,1,1
017D2472,0,,0,8
017D2472,0,,1,4
017D2472,1,,0,6
017D2472,1,,1,8
18661533,0,,0,1
18661533,0,,1,5
18661533,1,,0,1
18661533,1,,1,5
9FFE09FC,0,,0,4
9FFE09FC,0,,1,8
9FFE09FC,1,,0,8
9FFE09FC,1,,1,4
86E538BD,0,,0,7
86E538BD,0,,1,1
86E538BD,1,,0,8
86E538BD,1,,1,4
56E5E9C3,0,,0,7
56E5E9C3,0,,1,1
56E5E9C3,1,,0,6
56E5E9C3,1,,1,8
4FFED882,0,,0,7
4FFED882,0,,1,5
4FFED882,1,,0,1
4FFED882,1,,1,5
64D38B41,0,,0,7
64D38B41,0,,1,1
64D38B41,1,,0,8
64D38B41,1,,1,4
7DC8BA00,0,,0,7
7DC8BA00,0,,1,1
7DC8BA00,1,,0,1
7DC8BA00,1,,1,5
32892CC7,0,,0,7
32892CC7,0,,1,1
32892CC7,1,,0,6
32892CC7,1,,1,8
2B921D86,0,,0,1
2B921D86,0,,1,5
2B921D86,1,,0,7
2B921D86,1,,1,1
00BF4E45,0,,0,1
00BF4E45,0,,1,5
00BF4E45,1,,0,1
00BF4E45,1,,1,5
19A47F04,0,,0,6
19A47F04,0,,1,8
19A47F04,1,,0,7
19A47F04,1,,1,1
9E3C63CB,0,,0,6
9E3C63CB,0,,1,8
9E3C63CB,1,,0,6
9E3C63CB,1,,1,8
8727528A,0,,0,6
8727528A,0,,1,8
8727528A,1,,0,8
8727528A,1,,1,4
53AAFF46,0,,0,7
53AAFF46,0,,1,5
53AAFF46,1,,0,8
53AAFF46,1,,1,4
4AB1CE07,0,,0,7
4AB1CE07,0,,1,5
4AB1CE07,1,,0,6
4AB1CE07,1,,1,8
619C9DC4,0,,0,7
619C9DC4,0,,1,5
619C9DC4,1,,0,7
619C9DC4,1,,1,1
7887AC85,0,,0,1
7887AC85,0,,1,5
7887AC85,1,,0,7
7887AC85,1,,1,5
37C63A42,0,,0,7
37C63A42,0,,1,1
37C63A42,1,,0,8
37C63A42,1,,1,4
2EDD0B03,0,,0,6
2EDD0B03,0,,1,8
2EDD0B03,1,,0,6
2EDD0B03,1,,1,8
05F058C0,0,,0,6
05F058C0,0,,1,8
05F058C0,1,,0,1
05F058C0,1,,1,5
1CEB6981,0,,0,6
1CEB6981,0,,1,8
1CEB6981,1,,0,1
1CEB6981,1,,1,5
9B73754E,0,,0,8
9B73754E,0,,1,4
9B73754E,1,,0,7
9B73754E,1,,1,5
8268440F,0,,0,6
8268440F,0,,1,8
8268440F,1,,0,7
8268440F,1,,1,1
52689571,0,,0,7
52689571,0,,1,1
52689571,1,,0,8
52689571,1,,1,4
4B73A430,0,,0,7
4B73A430,0,,1,5
4B73A430,1,,0,6
4B73A430,1,,1,8
605EF7F3,0,,0,1
605EF7F3,0,,1,5
605EF7F3,1,,0,8
605EF7F3,1,,1,4
7945C6B2,0,,0,1
7945C6B2,0,,1,5
7945C6B2,1,,0,7
7945C6B2,1,,1,1
36045075,0,,0,8
36045075,0,,1,4
36045075,1,,0,7
36045075,1,,1,5
2F1F6134,0,,0,7
2F1F6134,0,,1,5
2F1F6134,1,,0,1
2F1F6134,1,,1,5
043232F7,0,,0,1
043232F7,0,,1,5
043232F7,1,,0,6
043232F7,1,,1,8
1D2903B6,0,,0,1
1D2903B6,0,,1,5
1D2903B6,1,,0,6
1D2903B6,1,,1,8
9AB11F79,0,,0,7
9AB11F79,0,,1,1
9AB11F79,1,,0,8
9AB11F79,1,,1,4
83AA2E38,0,,0,1
83AA2E38,0,,1,5
83AA2E38,1,,0,6
83AA2E38,1,,1,8
502E2B28,0,,0,6
502E2B28,0,,1,8
502E2B28,1,,0,7
502E2B28,1,,1,1
49351A69,0,,0,6
49351A69,0,,1,8
49351A69,1,,0,7
49351A69,1,,1,1
621849AA,0,,0,1
621849AA,0,,1,5
621849AA,1,,0,1
621849AA,1,,1,5
7B0378EB,0,,0,1
7B0378EB,0,,1,5
7B0378EB,1,,0,7
7B0378EB,1,,1,5
3442EE2C,0,,0,4
3442EE2C,0,,1,8
3442EE2C,1,,0,7
3442EE2C,1,,1,1
2D59DF6D,0,,0,6
2D59DF6D,0,,1,8
2D59DF6D,1,,0,7
2D59DF6D,1,,1,1
06748CAE,0,,0,7
06748CAE,0,,1,1
06748CAE,1,,0,7
06748CAE,1,,1,1
1F6FBDEF,0,,0,7
1F6FBDEF,0,,1,1
1F6FBDEF,1,,0,1
1F6FBDEF,1,,1,5
98F7A120,0,,0,1
98F7A120,0,,1,5
98F7A120,1,,0,1
98F7A120,1,,1,5
81EC9061,0,,0,1
81EC9061,0,,1,5
81EC9061,1,,0,1
81EC9061,1,,1,5
51EC411F,0,,0,7
51EC411F,0,,1,5
51EC411F,1,,0,8
51EC411F,1,,1,4
48F7705E,0,,0,6
48F7705E,0,,1,8
48F7705E,1,,0,8
48F7705E,1,,1,4
63DA239D,0,,0,7
63DA239D,0,,1,1
63DA239D,1,,0,8
63DA239D,1,,1,4
7AC112DC,0,,0,7
7AC112DC,0,,1,5
7AC112DC,1,,0,1
7AC112DC,1,,1,5
3580841B,0,,0,7
3580841B,0,,1,1
3580841B,1,,0,7
3580841B,1,,1,1
2C9BB55A,0,,0,7
2C9BB55A,0,,1,1
2C9BB55A,1,,0,6
2C9BB55A,1,,1,8
07B6E699,0,,0,7
07B6E699,0,,1,1
07B6E699,1,,0,6
07B6E699,1,,1,8
1EADD7D8,0,,0,8
1EADD7D8,0,,1,4
1EADD7D8,1,,0,1
1EADD7D8,1,,1,5
9935CB17,0,,0,8
9935CB17,0,,1,4
9935CB17,1,,0,7
9935CB17,1,,1,1
802EFA56,0,,0,1
802EFA56,0,,1,5
802EFA56,1,,0,7
802EFA56,1,,1,1
5AB00622,0,,0,7
5AB00622,0,,1,5
5AB00622,1,,0,8
5AB00622,1,,1,4
43AB3763,0,,0,8
43AB3763,0,,1,4
43AB3763,1,,0,8
43AB3763,1,,1,4
688664A0,0,,0,1
688664A0,0,,1,5
688664A0,1,,0,8
688664A0,1,,1,4
719D55E1,0,,0,7
719D55E1,0,,1,1
719D55E1,1,,0,6
719D55E1,1,,1,8
3EDCC326,0,,0,7
3EDCC326,0,,1,5
3EDCC326,1,,0,1
3EDCC326,1,,1,5
27C7F267,0,,0,6
27C7F267,0,,1,8
27C7F267,1,,0,7
27C7F267,1,,1,1
0CEAA1A4,0,,0,1
0CEAA1A4,0,,1,5
0CEAA1A4,1,,0,8
0CEAA1A4,1,,1,4
15F190E5,0,,0,7
15F190E5,0,,1,5
15F190E5,1,,0,7
15F190E5,1,,1,1
92698C2A,0,,0,7
92698C2A,0,,1,5
92698C2A,1,,0,8
92698C2A,1,,1,4
8B72BD6B,0,,0,6
8B72BD6B,0,,1,8
8B72BD6B,1,,0,1
8B72BD6B,1,,1,5
5B726C15,0,,0,1
5B726C15,0,,1,5
5B726C15,1,,0,7
5B726C15,1,,1,1
42695D54,0,,0,8
42695D54,0,,1,4
42695D54,1,,0,6
42695D54,1,,1,8
69440E97,0,,0,1
69440E97,0,,1,5
69440E97,1,,0,1
69440E97,1,,1,5
705F3FD6,0,,0,1
705F3FD6,0,,1,5
705F3FD6,1,,0,7
705F3FD6,1,,1,5
3F1EA911,0,,0,1
3F1EA911,0,,1,5
3F1EA911,1,,0,8
3F1EA911,1,,1,4
26059850,0,,0,1
26059850,0,,1,5
26059850,1,,0,7
26059850,1,,1,1
0D28CB93,0,,0,1
0D28CB93,0,,1,5
0D28CB93,1,,0,7
0D28CB93,1,,1,1
1433FAD2,0,,0,7
1433FAD2,0,,1,5
1433FAD2,1,,0,6
1433FAD2,1,,1,8
93ABE61D,0,,0,4
93ABE61D,0,,1,8
93ABE61D,1,,0,6
93ABE61D,1,,1,8
8AB0D75C,0,,0,7
8AB0D75C,0,,1,5
8AB0D75C,1,,0,1
8AB0D75C,1,,1,5
C9746F23,0,,0,6
C9746F23,0,,1,8
C9746F23,1,,0,7
C9746F23,1,,1,1
D06F5E62,0,,0,8
D06F5E62,0,,1,4
D06F5E62,1,,0,8
D06F5E62,1,,1,4
FB420DA1,0,,0,7
FB420DA1,0,,1,5
FB420DA1,1,,0,8
FB420DA1,1,,1,4
E2593CE0,0,,0,7
E2593CE0,0,,1,1
E2593CE0,1,,0,8
E2593CE0,1,,1,4
AD18AA27,0,,0,7
AD18AA27,0,,1,1
AD18AA27,1,,0,6
AD18AA27,1,,1,8
B4039B66,0,,0,7
B4039B66,0,,1,1
B4039B66,1,,0,7
B4039B66,1,,1,1
9F2EC8A5,0,,0,6
9F2EC8A5,0,,1,8
9F2EC8A5,1,,0,1
9F2EC8A5,1,,1,5
8635F9E4,0,,0,7
8635F9E4,0,,1,5
8635F9E4,1,,0,1
8635F9E4,1,,1,5
01ADE52B,0,,0,7
01ADE52B,0,,1,5
01ADE52B,1,,0,8
01ADE52B,1,,1,4
18B6D46A,0,,0,7
18B6D46A,0,,1,5
18B6D46A,1,,0,1
18B6D46A,1,,1,5
C8B60514,0,,0,6
C8B60514,0,,1,8
C8B60514,1,,0,1
C8B60514,1,,1,5
D1AD3455,0,,0,8
D1AD3455,0,,1,4
D1AD3455,1,,0,1
D1AD3455,1,,1,5
FA806796,0,,0,1
FA806796,0,,1,5
FA806796,1,,0,7
FA806796,1,,1,1
E39B56D7,0,,0,1
E39B56D7,0,,1,5
E39B56D7,1,,0,8
E39B56D7,1,,1,4
ACDAC010,0,,0,8
ACDAC010,0,,1,4
ACDAC010,1,,0,7
ACDAC010,1,,1,1
B5C1F151,0,,0,1
B5C1F151,0,,1,5
B5C1F151,1,,0,7
B5C1F151,1,,1,1
9EECA292,0,,0,7
9EECA292,0,,1,1
9EECA292,1,,0,1
9EECA292,1,,1,5
87F793D3,0,,0,7
87F793D3,0,,1,1
87F793D3,1,,0,1
87F793D3,1,,1,5
006F8F1C,0,,0,7
006F8F1C,0,,1,5
006F8F1C,1,,0,7
006F8F1C,1,,1,1
1974BE5D,0,,0,6
1974BE5D,0,,1,8
1974BE5D,1,,0,7
1974BE5D,1,,1,1
CAF0BB4D,0,,0,6
CAF0BB4D,0,,1,8
CAF0BB4D,1,,0,7
CAF0BB4D,1,,1,1
D3EB8A0C,0,,0,1
D3EB8A0C,0,,1,5
D3EB8A0C,1,,0,7
D3EB8A0C,1,,1,1
F8C6D9CF,0,,0,8
F8C6D9CF,0,,1,4
F8C6D9CF,1,,0,8
F8C6D9CF,1,,1,4
E1DDE88E,0,,0,7
E1DDE88E,0,,1,1
E1DDE88E,1,,0,8
E1DDE88E,1,,1,4
AE9C7E49,0,,0,1
AE9C7E49,0,,1,5
AE9C7E49,1,,0,6
AE9C7E49,1,,1,8
B7874F08,0,,0,7
B7874F08,0,,1,5
B7874F08,1,,0,1
B7874F08,1,,1,5
9CAA1CCB,0,,0,8
9CAA1CCB,0,,1,4
9CAA1CCB,1,,0,8
9CAA1CCB,1,,1,4
85B12D8A,0,,0,6
85B12D8A,0,,1,8
85B12D8A,1,,0,6
85B12D8A,1,,1,8
02293145,0,,0,7
02293145,0,,1,1
02293145,1,,0,1
02293145,1,,1,5
1B320004,0,,0,7
1B320004,0,,1,1
1B320004,1,,0,7
1B320004,1,,1,1
CB32D17A,0,,0,6
CB32D17A,0,,1,8
CB32D17A,1,,0,1
CB32D17A,1,,1,5
D229E03B,0,,0,7
D229E03B,0,,1,1
D229E03B,1,,0,1
D229E03B,1,,1,5
F904B3F8,0,,0,8
F904B3F8,0,,1,4
F904B3F8,1,,0,8
F904B3F8,1,,1,4
E01F82B9,0,,0,6
E01F82B9,0,,1,8
E01F82B9,1,,0,6
E01F82B9,1,,1,8
AF5E147E,0,,0,1
AF5E147E,0,,1,5
AF5E147E,1,,0,7
AF5E147E,1,,1,1
B645253F,0,,0,7
B645253F,0,,1,1
B645253F,1,,0,7
B645253F,1,,1,1
9D6876FC,0,,0,6
9D6876FC,0,,1,8
9D6876FC,1,,0,1
9D6876FC,1,,1,5
847347BD,0,,0,7
847347BD,0,,1,5
847347BD,1,,0,6
847347BD,1,,1,8
03EB5B72,0,,0,4
03EB5B72,0,,1,8
03EB5B72,1,,0,6
03EB5B72,1,,1,8
1AF06A33,0,,0,8
1AF06A33,0,,1,4
1AF06A33,1,,0,1
1AF06A33,1,,1,5
CE7DC7FF,0,,0,6
CE7DC7FF,0,,1,8
CE7DC7FF,1,,0,7
CE7DC7FF,1,,1,1
D766F6BE,0,,0,7
D766F6BE,0,,1,5
D766F6BE,1,,0,8
D766F6BE,1,,1,4
FC4BA57D,0,,0,7
FC4BA57D,0,,1,1
FC4BA57D,1,,0,7
FC4BA57D,1,,1,1
E550943C,0,,0,6
E550943C,0,,1,8
E550943C,1,,0,8
E550943C,1,,1,4
AA1102FB,0,,0,7
AA1102FB,0,,1,5
AA1102FB,1,,0,6
AA1102FB,1,,1,8
B30A33BA,0,,0,8
B30A33BA,0,,1,4
B30A33BA,1,,0,1
B30A33BA,1,,1,5
98276079,0,,0,7
98276079,0,,1,1
98276079,1,,0,7
98276079,1,,1,5
813C5138,0,,0,8
813C5138,0,,1,4
813C5138,1,,0,7
813C5138,1,,1,1
06A44DF7,0,,0,7
06A44DF7,0,,1,1
06A44DF7,1,,0,6
06A44DF7,1,,1,8
1FBF7CB6,0,,0,6
1FBF7CB6,0,,1,8
1FBF7CB6,1,,0,7
1FBF7CB6,1,,1,1
CFBFADC8,0,,0,7
CFBFADC8,0,,1,1
CFBFADC8,1,,0,8
CFBFADC8,1,,1,4
D6A49C89,0,,0,8
D6A49C89,0,,1,4
D6A49C89,1,,0,1
D6A49C89,1,,1,5
FD89CF4A,0,,0,6
FD89CF4A,0,,1,8
FD89CF4A,1,,0,1
FD89CF4A,1,,1,5
E492FE0B,0,,0,7
E492FE0B,0,,1,5
E492FE0B,1,,0,6
E492FE0B,1,,1,8
ABD368CC,0,,0,8
ABD368CC,0,,1,4
ABD368CC,1,,0,6
ABD368CC,1,,1,8
B2C8598D,0,,0,8
B2C8598D,0,,1,4
B2C8598D,1,,0,8
B2C8598D,1,,1,4
99E50A4E,0,,0,7
99E50A4E,0,,1,5
99E50A4E,1,,0,1
99E50A4E,1,,1,5
80FE3B0F,0,,0,7
80FE3B0F,0,,1,5
80FE3B0F,1,,0,8
80FE3B0F,1,,1,4
076627C0,0,,0,7
076627C0,0,,1,1
076627C0,1,,0,7
076627C0,1,,1,1
1E7D1681,0,,0,6
1E7D1681,0,,1,8
1E7D1681,1,,0,1
1E7D1681,1,,1,5
CDF91391,0,,0,7
CDF91391,0,,1,5
CDF91391,1,,0,6
CDF91391,1,,1,8
D4E222D0,0,,0,7
D4E222D0,0,,1,5
D4E222D0,1,,0,1
D4E222D0,1,,1,5
FFCF7113,0,,0,7
FFCF7113,0,,1,1
FFCF7113,1,,0,1
FFCF7113,1,,1,5
E6D44052,0,,0,1
E6D44052,0,,1,5
E6D44052,1,,0,1
E6D44052,1,,1,5
A995D695,0,,0,7
A995D695,0,,1,5
A995D695,1,,0,7
A995D695,1,,1,1
B08EE7D4,0,,0,6
B08EE7D4,0,,1,8
B08EE7D4,1,,0,7
B08EE7D4,1,,1,1
9BA3B417,0,,0,6
9BA3B417,0,,1,8
9BA3B417,1,,0,6
9BA3B417,1,,1,8
82B88556,0,,0,6
82B88556,0,,1,8
82B88556,1,,0,1
82B88556,1,,1,5
05209999,0,,0,7
05209999,0,,1,5
05209999,1,,0,1
05209999,1,,1,5
1C3BA8D8,0,,0,7
1C3BA8D8,0,,1,5
1C3BA8D8,1,,0,8
1C3BA8D8,1,,1,4
CC3B79A6,0,,0,7
CC3B79A6,0,,1,5
CC3B79A6,1,,0,7
CC3B79A6,1,,1,1
D52048E7,0,,0,7
D52048E7,0,,1,1
D52048E7,1,,0,7
D52048E7,1,,1,1
FE0D1B24,0,,0,7
FE0D1B24,0,,1,1
FE0D1B24,1,,0,6
FE0D1B24,1,,1,8
E7162A65,0,,0,6
E7162A65,0,,1,8
E7162A65,1,,0,1
E7162A65,1,,1,5
A857BCA2,0,,0,8
A857BCA2,0,,1,4
A857BCA2,1,,0,1
A857BCA2,1,,1,5
B14C8DE3,0,,0,1
B14C8DE3,0,,1,5
B14C8DE3,1,,0,7
B14C8DE3,1,,1,1
9A61DE20,0,,0,8
9A61DE20,0,,1,4
9A61DE20,1,,0,8
9A61DE20,1,,1,4
837AEF61,0,,0,8
837AEF61,0,,1,4
837AEF61,1,,0,8
837AEF61,1,,1,4
04E2F3AE,0,,0,7
04E2F3AE,0,,1,1
04E2F3AE,1,,0,6
04E2F3AE,1,,1,8
1DF9C2EF,0,,0,6
1DF9C2EF,0,,1,8
1DF9C2EF,1,,0,1
1DF9C2EF,1,,1,5
C7673E9B,0,,0,6
C7673E9B,0,,1,8
C7673E9B,1,,0,7
C7673E9B,1,,1,5
DE7C0FDA,0,,0,1
DE7C0FDA,0,,1,5
DE7C0FDA,1,,0,7
DE7C0FDA,1,,1,1
F5515C19,0,,0,6
F5515C19,0,,1,8
F5515C19,1,,0,7
F5515C19,1,,1,1
EC4A6D58,0,,0,7
EC4A6D58,0,,1,1
EC4A6D58,1,,0,7
EC4A6D58,1,,1,1
A30BFB9F,0,,0,7
A30BFB9F,0,,1,5
A30BFB9F,1,,0,6
A30BFB9F,1,,1,8
BA10CADE,0,,0,7
BA10CADE,0,,1,5
BA10CADE,1,,0,7
BA10CADE,1,,1,1
913D991D,0,,0,6
913D991D,0,,1,8
913D991D,1,,0,7
913D991D,1,,1,1
8826A85C,0,,0,8
8826A85C,0,,1,4
8826A85C,1,,0,8
8826A85C,1,,1,4
0FBEB493,0,,0,6
0FBEB493,0,,1,8
0FBEB493,1,,0,8
0FBEB493,1,,1,4
16A585D2,0,,0,7
16A585D2,0,,1,5
16A585D2,1,,0,1
16A585D2,1,,1,5
C6A554AC,0,,0,8
C6A554AC,0,,1,4
C6A554AC,1,,0,7
C6A554AC,1,,1,1
DFBE65ED,0,,0,7
DFBE65ED,0,,1,5
DFBE65ED,1,,0,7
DFBE65ED,1,,1,1
F493362E,0,,0,7
F493362E,0,,1,1
F493362E,1,,0,1
F493362E,1,,1,5
ED88076F,0,,0,7
ED88076F,0,,1,1
ED88076F,1,,0,8
ED88076F,1,,1,4
A2C991A8,0,,0,7
A2C991A8,0,,1,1
A2C991A8,1,,0,7
A2C991A8,1,,1,1
BBD2A0E9,0,,0,6
BBD2A0E9,0,,1,8
BBD2A0E9,1,,0,8
BBD2A0E9,1,,1,4
90FFF32A,0,,0,6
90FFF32A,0,,1,8
90FFF32A,1,,0,6
90FFF32A,1,,1,8
89E4C26B,0,,0,1
89E4C26B,0,,1,5
89E4C26B,1,,0,1
89E4C26B,1,,1,5
0E7CDEA4,0,,0,7
0E7CDEA4,0,,1,5
0E7CDEA4,1,,0,8
0E7CDEA4,1,,1,4
1767EFE5,0,,0,7
1767EFE5,0,,1,1
1767EFE5,1,,0,7
1767EFE5,1,,1,1
71C80846,0,,0,7
71C80846,0,,1,5
71C80846,1,,0,8
71C80846,1,,1,4
68D33907,0,,0,7
68D33907,0,,1,5
68D33907,1,,0,7
68D33907,1,,1,1
43FE6AC4,0,,0,1
43FE6AC4,0,,1,5
43FE6AC4,1,,0,1
43FE6AC4,1,,1,5
5AE55B85,0,,0,1
5AE55B85,0,,1,5
5AE55B85,1,,0,6
5AE55B85,1,,1,8
15A4CD42,0,,0,7
15A4CD42,0,,1,5
15A4CD42,1,,0,1
15A4CD42,1,,1,5
0CBFFC03,0,,0,7
0CBFFC03,0,,1,5
0CBFFC03,1,,0,8
0CBFFC03,1,,1,4
2792AFC0,0,,0,7
2792AFC0,0,,1,1
2792AFC0,1,,0,8
2792AFC0,1,,1,4
3E899E81,0,,0,6
3E899E81,0,,1,8
3E899E81,1,,0,6
3E899E81,1,,1,8
B911824E,0,,0,7
B911824E,0,,1,1
B911824E,1,,0,1
B911824E,1,,1,5
A00AB30F,0,,0,6
A00AB30F,0,,1,8
A00AB30F,1,,0,8
A00AB30F,1,,1,4
700A6271,0,,0,1
700A6271,0,,1,5
700A6271,1,,0,1
700A6271,1,,1,5
69115330,0,,0,8
69115330,0,,1,4
69115330,1,,0,6
69115330,1,,1,8
423C00F3,0,,0,7
423C00F3,0,,1,5
423C00F3,1,,0,1
423C00F3,1,,1,5
5B2731B2,0,,0,7
5B2731B2,0,,1,5
5B2731B2,1,,0,7
5B2731B2,1,,1,1
1466A775,0,,0,1
1466A775,0,,1,5
1466A775,1,,0,1
1466A775,1,,1,5
0D7D9634,0,,0,4
0D7D9634,0,,1,8
0D7D9634,1,,0,8
0D7D9634,1,,1,4
2650C5F7,0,,0,7
2650C5F7,0,,1,1
2650C5F7,1,,0,7
2650C5F7,1,,1,1
3F4BF4B6,0,,0,1
3F4BF4B6,0,,1,5
3F4BF4B6,1,,0,1
3F4BF4B6,1,,1,5
B8D3E879,0,,0,4
B8D3E879,0,,1,8
B8D3E879,1,,0,6
B8D3E879,1,,1,8
A1C8D938,0,,0,6
A1C8D938,0,,1,8
A1C8D938,1,,0,7
A1C8D938,1,,1,1
724CDC28,0,,0,6
724CDC28,0,,1,8
724CDC28,1,,0,1
724CDC28,1,,1,5
6B57ED69,0,,0,7
6B57ED69,0,,1,5
6B57ED69,1,,0,7
6B57ED69,1,,1,1
407ABEAA,0,,0,1
407ABEAA,0,,1,5
407ABEAA,1,,0,1
407ABEAA,1,,1,5
59618FEB,0,,0,1
59618FEB,0,,1,5
59618FEB,1,,0,1
59618FEB,1,,1,5
1620192C,0,,0,6
1620192C,0,,1,8
1620192C,1,,0,7
1620192C,1,,1,1
0F3B286D,0,,0,8
0F3B286D,0,,1,4
0F3B286D,1,,0,1
0F3B286D,1,,1,5
24167BAE,0,,0,8
24167BAE,0,,1,4
24167BAE,1,,0,7
24167BAE,1,,1,1
3D0D4AEF,0,,0,7
3D0D4AEF,0,,1,5
3D0D4AEF,1,,0,7
3D0D4AEF,1,,1,1
BA955620,0,,0,8
BA955620,0,,1,4
BA955620,1,,0,7
BA955620,1,,1,1
A38E6761,0,,0,1
A38E6761,0,,1,5
A38E6761,1,,0,7
A38E6761,1,,1,1
738EB61F,0,,0,4
738EB61F,0,,1,8
738EB61F,1,,0,8
738EB61F,1,,1,4
6A95875E,0,,0,4
6A95875E,0,,1,8
6A95875E,1,,0,8
6A95875E,1,,1,4
41B8D49D,0,,0,7
41B8D49D,0,,1,1
41B8D49D,1,,0,6
41B8D49D,1,,1,8
58A3E5DC,0,,0,1
58A3E5DC,0,,1,5
58A3E5DC,1,,0,1
58A3E5DC,1,,1,5
17E2731B,0,,0,8
17E2731B,0,,1,4
17E2731B,1,,0,1
17E2731B,1,,1,5
0EF9425A,0,,0,6
0EF9425A,0,,1,8
0EF9425A,1,,0,1
0EF9425A,1,,1,5
25D41199,0,,0,1
25D41199,0,,1,5
25D41199,1,,0,7
25D41199,1,,1,5
3CCF20D8,0,,0,4
3CCF20D8,0,,1,8
3CCF20D8,1,,0,7
3CCF20D8,1,,1,1
BB573C17,0,,0,6
BB573C17,0,,1,8
BB573C17,1,,0,7
BB573C17,1,,1,1
A24C0D56,0,,0,7
A24C0D56,0,,1,5
A24C0D56,1,,0,7
A24C0D56,1,,1,1
76C1A09A,0,,0,6
76C1A09A,0,,1,8
76C1A09A,1,,0,7
76C1A09A,1,,1,1
6FDA91DB,0,,0,7
6FDA91DB,0,,1,5
6FDA91DB,1,,0,8
6FDA91DB,1,,1,4
44F7C218,0,,0,7
44F7C218,0,,1,5
44F7C218,1,,0,8
44F7C218,1,,1,4
1E0A53ED,0,,0,7
1E0A53ED,0,,1,5
1E0A53ED,1,,0,1
1E0A53ED,1,,1,5
3527002E,0,,0,7
3527002E,0,,1,1
3527002E,1,,0,1
3527002E,1,,1,5
2C3C316F,0,,0,6
2C3C316F,0,,1,8
2C3C316F,1,,0,1
2C3C316F,1,,1,5
ABA42DA0,0,,0,8
ABA42DA0,0,,1,4
ABA42DA0,1,,0,7
ABA42DA0,1,,1,1
B2BF1CE1,0,,0,8
B2BF1CE1,0,,1,4
B2BF1CE1,1,,0,7
B2BF1CE1,1,,1,1
62BFCD9F,0,,0,6
62BFCD9F,0,,1,8
62BFCD9F,1,,0,1
62BFCD9F,1,,1,5
7BA4FCDE,0,,0,7
7BA4FCDE,0,,1,5
7BA4FCDE,1,,0,1
7BA4FCDE,1,,1,5
49929E5C,0,,0,8
49929E5C,0,,1,4
49929E5C,1,,0,6
49929E5C,1,,1,8
06D3089B,0,,0,1
06D3089B,0,,1,5
06D3089B,1,,0,8
06D3089B,1,,1,4
1FC839DA,0,,0,1
1FC839DA,0,,1,5
1FC839DA,1,,0,6
1FC839DA,1,,1,8
34E56A19,0,,0,1
34E56A19,0,,1,5
34E56A19,1,,0,8
34E56A19,1,,1,4
2DFE5B58,0,,0,7
2DFE5B58,0,,1,5
2DFE5B58,1,,0,7
2DFE5B58,1,,1,5
AA664797,0,,0,8
AA664797,0,,1,4
AA664797,1,,0,7
AA664797,1,,1,1
B37D76D6,0,,0,7
B37D76D6,0,,1,1
B37D76D6,1,,0,7
B37D76D6,1,,1,1
60F973C6,0,,0,1
60F973C6,0,,1,5
60F973C6,1,,0,8
60F973C6,1,,1,4
79E24287,0,,0,1
79E24287,0,,1,5
79E24287,1,,0,1
79E24287,1,,1,5
8E1FB325,0,,0,7
8E1FB325,0,,1,5
8E1FB325,1,,0,7
8E1FB325,1,,1,1
EC72D8AA,0,,0,7
EC72D8AA,0,,1,1
EC72D8AA,1,,0,6
EC72D8AA,1,,1,8
353553B4,0,,0,6
353553B4,0,,1,8
353553B4,1,,0,7
353553B4,1,,1,1
515996B0,0,,0,6
515996B0,0,,1,8
515996B0,1,,0,1
515996B0,1,,1,5
07033136,0,,0,6
07033136,0,,1,8
07033136,1,,0,1
07033136,1,,1,5
34F73983,0,,0,1
34F73983,0,,1,5
34F73983,1,,0,8
34F73983,1,,1,4
4CB89E2F,0,,0,7
4CB89E2F,0,,1,1
4CB89E2F,1,,0,8
4CB89E2F,1,,1,4
E4F7E8FD,0,,0,6
E4F7E8FD,0,,1,8
E4F7E8FD,1,,0,8
E4F7E8FD,1,,1,4
636FF432,0,,0,4
636FF432,0,,1,8
636FF432,1,,0,7
636FF432,1,,1,1
1E180077,0,,0,6
1E180077,0,,1,8
1E180077,1,,0,8
1E180077,1,,1,4
55A3AF6E,0,,0,8
55A3AF6E,0,,1,4
55A3AF6E,1,,0,7
55A3AF6E,1,,1,1
9F3C9B3F,0,,0,6
9F3C9B3F,0,,1,8
9F3C9B3F,1,,0,7
9F3C9B3F,1,,1,1
B411C8FC,0,,0,6
B411C8FC,0,,1,8
B411C8FC,1,,0,7
B411C8FC,1,,1,1
FDECD9BC,0,,0,7
FDECD9BC,0,,1,1
FDECD9BC,1,,0,8
FDECD9BC,1,,1,4
2DEC08C2,0,,0,7
2DEC08C2,0,,1,5
2DEC08C2,1,,0,8
2DEC08C2,1,,1,4
7A74C573,0,,0,7
7A74C573,0,,1,1
7A74C573,1,,0,7
7A74C573,1,,1,1
4842A7F1,0,,0,7
4842A7F1,0,,1,1
4842A7F1,1,,0,7
4842A7F1,1,,1,5
9D7A2566,0,,0,7
9D7A2566,0,,1,1
9D7A2566,1,,0,8
9D7A2566,1,,1,4
B65776A5,0,,0,7
B65776A5,0,,1,5
B65776A5,1,,0,7
B65776A5,1,,1,1
AF4C47E4,0,,0,1
AF4C47E4,0,,1,5
AF4C47E4,1,,0,6
AF4C47E4,1,,1,8
8627AA7E,0,,0,8
8627AA7E,0,,1,4
8627AA7E,1,,0,8
8627AA7E,1,,1,4
E00DD123,0,,0,6
E00DD123,0,,1,8
E00DD123,1,,0,1
E00DD123,1,,1,5
BEDAB851,0,,0,7
BEDAB851,0,,1,1
BEDAB851,1,,0,6
BEDAB851,1,,1,8
95F7EB92,0,,0,7
95F7EB92,0,,1,5
95F7EB92,1,,0,1
95F7EB92,1,,1,5
8CECDAD3,0,,0,7
8CECDAD3,0,,1,1
8CECDAD3,1,,0,1
8CECDAD3,1,,1,5
C3AD4C14,0,,0,8
C3AD4C14,0,,1,4
C3AD4C14,1,,0,1
C3AD4C14,1,,1,5
DAB67D55,0,,0,1
DAB67D55,0,,1,5
DAB67D55,1,,0,1
DAB67D55,1,,1,5
F19B2E96,0,,0,1
F19B2E96,0,,1,5
F19B2E96,1,,0,7
F19B2E96,1,,1,1
E8801FD7,0,,0,7
E8801FD7,0,,1,1
E8801FD7,1,,0,7
E8801FD7,1,,1,1
76033259,0,,0,1
76033259,0,,1,5
76033259,1,,0,7
76033259,1,,1,1
A603E327,0,,0,6
A603E327,0,,1,8
A603E327,1,,0,1
A603E327,1,,1,5
BF18D266,0,,0,7
BF18D266,0,,1,5
BF18D266,1,,0,8
BF18D266,1,,1,4
943581A5,0,,0,1
943581A5,0,,1,5
943581A5,1,,0,8
943581A5,1,,1,4
C26F2623,0,,0,7
C26F2623,0,,1,1
C26F2623,1,,0,7
C26F2623,1,,1,5
DB741762,0,,0,6
DB741762,0,,1,8
DB741762,1,,0,1
DB741762,1,,1,5
BD5E6C3F,0,,0,7
BD5E6C3F,0,,1,1
BD5E6C3F,1,,0,1
BD5E6C3F,1,,1,5
96733FFC,0,,0,7
96733FFC,0,,1,1
96733FFC,1,,0,1
96733FFC,1,,1,5
8F680EBD,0,,0,7
8F680EBD,0,,1,1
8F680EBD,1,,0,1
8F680EBD,1,,1,5
C029987A,0,,0,7
C029987A,0,,1,1
C029987A,1,,0,7
C029987A,1,,1,5
D932A93B,0,,0,1
D932A93B,0,,1,5
D932A93B,1,,0,1
D932A93B,1,,1,5
EB04CBB9,0,,0,7
EB04CBB9,0,,1,5
EB04CBB9,1,,0,8
EB04CBB9,1,,1,4
6C9CD776,0,,0,7
6C9CD776,0,,1,1
6C9CD776,1,,0,7
6C9CD776,1,,1,5
7587E637,0,,0,7
7587E637,0,,1,5
7587E637,1,,0,1
7587E637,1,,1,5
A5873749,0,,0,7
A5873749,0,,1,5
A5873749,1,,0,8
A5873749,1,,1,4
BC9C0608,0,,0,7
BC9C0608,0,,1,5
BC9C0608,1,,0,7
BC9C0608,1,,1,1
97B155CB,0,,0,7
97B155CB,0,,1,5
97B155CB,1,,0,6
97B155CB,1,,1,8
8EAA648A,0,,0,7
8EAA648A,0,,1,1
8EAA648A,1,,0,1
8EAA648A,1,,1,5
C1EBF24D,0,,0,8
C1EBF24D,0,,1,4
C1EBF24D,1,,0,8
C1EBF24D,1,,1,4
D8F0C30C,0,,0,7
D8F0C30C,0,,1,5
D8F0C30C,1,,0,7
D8F0C30C,1,,1,1
F3DD90CF,0,,0,8
F3DD90CF,0,,1,4
F3DD90CF,1,,0,7
F3DD90CF,1,,1,5
EAC6A18E,0,,0,1
EAC6A18E,0,,1,5
EAC6A18E,1,,0,8
EAC6A18E,1,,1,4
6D5EBD41,0,,0,7
6D5EBD41,0,,1,1
6D5EBD41,1,,0,7
6D5EBD41,1,,1,1
74458C00,0,,0,7
74458C00,0,,1,5
74458C00,1,,0,8
74458C00,1,,1,4
B9D3108D,0,,0,1
B9D3108D,0,,1,5
B9D3108D,1,,0,7
B9D3108D,1,,1,1
92FE434E,0,,0,8
92FE434E,0,,1,4
92FE434E,1,,0,1
92FE434E,1,,1,5
8BE5720F,0,,0,8
8BE5720F,0,,1,4
8BE5720F,1,,0,7
8BE5720F,1,,1,1
C4A4E4C8,0,,0,6
C4A4E4C8,0,,1,8
C4A4E4C8,1,,0,1
C4A4E4C8,1,,1,5
DDBFD589,0,,0,7
DDBFD589,0,,1,1
DDBFD589,1,,0,7
DDBFD589,1,,1,1
F692864A,0,,0,7
F692864A,0,,1,1
F692864A,1,,0,7
F692864A,1,,1,1
EF89B70B,0,,0,7
EF89B70B,0,,1,5
EF89B70B,1,,0,7
EF89B70B,1,,1,1
6811ABC4,0,,0,7
6811ABC4,0,,1,1
6811ABC4,1,,0,7
6811ABC4,1,,1,1
710A9A85,0,,0,7
710A9A85,0,,1,1
710A9A85,1,,0,8
710A9A85,1,,1,4
A10A4BFB,0,,0,1
A10A4BFB,0,,1,5
A10A4BFB,1,,0,8
A10A4BFB,1,,1,4
B8117ABA,0,,0,8
B8117ABA,0,,1,4
B8117ABA,1,,0,8
B8117ABA,1,,1,4
933C2979,0,,0,7
933C2979,0,,1,5
933C2979,1,,0,6
933C2979,1,,1,8
8A271838,0,,0,7
8A271838,0,,1,5
8A271838,1,,0,1
8A271838,1,,1,5
C5668EFF,0,,0,7
C5668EFF,0,,1,5
C5668EFF,1,,0,7
C5668EFF,1,,1,1
DC7DBFBE,0,,0,7
DC7DBFBE,0,,1,5
DC7DBFBE,1,,0,8
DC7DBFBE,1,,1,4
F750EC7D,0,,0,6
F750EC7D,0,,1,8
F750EC7D,1,,0,1
F750EC7D,1,,1,5
8861A661,0,,0,7
8861A661,0,,1,1
8861A661,1,,0,1
8861A661,1,,1,5
DE3B01E7,0,,0,1
DE3B01E7,0,,1,5
DE3B01E7,1,,0,7
DE3B01E7,1,,1,1
6B957FAA,0,,0,7
6B957FAA,0,,1,5
6B957FAA,1,,0,7
6B957FAA,1,,1,1
A28E9F95,0,,0,6
A28E9F95,0,,1,8
A28E9F95,1,,0,8
A28E9F95,1,,1,4
BB95AED4,0,,0,7
BB95AED4,0,,1,5
BB95AED4,1,,0,6
BB95AED4,1,,1,8
C6E25A91,0,,0,1
C6E25A91,0,,1,5
C6E25A91,1,,0,1
C6E25A91,1,,1,5
DFF96BD0,0,,0,7
DFF96BD0,0,,1,1
DFF96BD0,1,,0,7
DFF96BD0,1,,1,1
6A57159D,0,,0,1
6A57159D,0,,1,5
6A57159D,1,,0,7
6A57159D,1,,1,1
A9D2D8A8,0,,0,1
A9D2D8A8,0,,1,5
A9D2D8A8,1,,0,8
A9D2D8A8,1,,1,4
0666DF34,0,,0,7
0666DF34,0,,1,1
0666DF34,1,,0,6
0666DF34,1,,1,8
2D4B8CF7,0,,0,8
2D4B8CF7,0,,1,4
2D4B8CF7,1,,0,1
2D4B8CF7,1,,1,5
3450BDB6,0,,0,8
3450BDB6,0,,1,4
3450BDB6,1,,0,1
3450BDB6,1,,1,5
7B112B71,0,,0,6
7B112B71,0,,1,8
7B112B71,1,,0,7
7B112B71,1,,1,5
620A1A30,0,,0,7
620A1A30,0,,1,5
620A1A30,1,,0,7
620A1A30,1,,1,1
492749F3,0,,0,1
492749F3,0,,1,5
492749F3,1,,0,7
492749F3,1,,1,1
503C78B2,0,,0,8
503C78B2,0,,1,4
503C78B2,1,,0,7
503C78B2,1,,1,1
D7A4647D,0,,0,7
D7A4647D,0,,1,5
D7A4647D,1,,0,7
D7A4647D,1,,1,1
CEBF553C,0,,0,7
CEBF553C,0,,1,1
CEBF553C,1,,0,7
CEBF553C,1,,1,1
1EBF8442,0,,0,7
1EBF8442,0,,1,5
1EBF8442,1,,0,8
1EBF8442,1,,1,4
07A4B503,0,,0,1
07A4B503,0,,1,5
07A4B503,1,,0,8
07A4B503,1,,1,4
2C89E6C0,0,,0,7
2C89E6C0,0,,1,5
2C89E6C0,1,,0,6
2C89E6C0,1,,1,8
3592D781,0,,0,7
3592D781,0,,1,1
3592D781,1,,0,1
3592D781,1,,1,5
7AD34146,0,,0,7
7AD34146,0,,1,1
7AD34146,1,,0,7
7AD34146,1,,1,1
63C87007,0,,0,1
63C87007,0,,1,5
63C87007,1,,0,8
63C87007,1,,1,4
48E523C4,0,,0,8
48E523C4,0,,1,4
48E523C4,1,,0,8
48E523C4,1,,1,4
31B82F06,0,,0,6
31B82F06,0,,1,8
31B82F06,1,,0,6
31B82F06,1,,1,8
1A957CC5,0,,0,7
1A957CC5,0,,1,1
1A957CC5,1,,0,7
1A957CC5,1,,1,1
038E4D84,0,,0,6
038E4D84,0,,1,8
038E4D84,1,,0,7
038E4D84,1,,1,1
4CCFDB43,0,,0,7
4CCFDB43,0,,1,5
4CCFDB43,1,,0,1
4CCFDB43,1,,1,5
55D4EA02,0,,0,6
55D4EA02,0,,1,8
55D4EA02,1,,0,7
55D4EA02,1,,1,5
7EF9B9C1,0,,0,1
7EF9B9C1,0,,1,5
7EF9B9C1,1,,0,7
7EF9B9C1,1,,1,1
67E28880,0,,0,6
67E28880,0,,1,8
67E28880,1,,0,7
67E28880,1,,1,1
E07A944F,0,,0,7
E07A944F,0,,1,5
E07A944F,1,,0,7
E07A944F,1,,1,1
F961A50E,0,,0,6
F961A50E,0,,1,8
F961A50E,1,,0,7
F961A50E,1,,1,1
29617470,0,,0,7
29617470,0,,1,5
29617470,1,,0,7
29617470,1,,1,1
307A4531,0,,0,7
307A4531,0,,1,1
307A4531,1,,0,8
307A4531,1,,1,4
016F77E8,0,,0,1
016F77E8,0,,1,5
016F77E8,1,,0,6
016F77E8,1,,1,8
2A42242B,0,,0,7
2A42242B,0,,1,5
2A42242B,1,,0,1
2A42242B,1,,1,5
3359156A,0,,0,1
3359156A,0,,1,5
3359156A,1,,0,7
3359156A,1,,1,5
7C1883AD,0,,0,7
7C1883AD,0,,1,1
7C1883AD,1,,0,1
7C1883AD,1,,1,5
6503B2EC,0,,0,4
6503B2EC,0,,1,8
6503B2EC,1,,0,7
6503B2EC,1,,1,1
4E2EE12F,0,,0,6
4E2EE12F,0,,1,8
4E2EE12F,1,,0,7
4E2EE12F,1,,1,1
5735D06E,0,,0,7
5735D06E,0,,1,5
5735D06E,1,,0,7
5735D06E,1,,1,1
D0ADCCA1,0,,0,1
D0ADCCA1,0,,1,5
D0ADCCA1,1,,0,7
D0ADCCA1,1,,1,1
C9B6FDE0,0,,0,7
C9B6FDE0,0,,1,5
C9B6FDE0,1,,0,1
C9B6FDE0,1,,1,5
19B62C9E,0,,0,1
19B62C9E,0,,1,5
19B62C9E,1,,0,8
19B62C9E,1,,1,4
00AD1DDF,0,,0,7
00AD1DDF,0,,1,5
00AD1DDF,1,,0,8
00AD1DDF,1,,1,4
2B804E1C,0,,0,6
2B804E1C,0,,1,8
2B804E1C,1,,0,6
2B804E1C,1,,1,8
329B7F5D,0,,0,1
329B7F5D,0,,1,5
329B7F5D,1,,0,1
329B7F5D,1,,1,5
7DDAE99A,0,,0,1
7DDAE99A,0,,1,5
7DDAE99A,1,,0,7
7DDAE99A,1,,1,1
64C1D8DB,0,,0,7
64C1D8DB,0,,1,1
64C1D8DB,1,,0,1
64C1D8DB,1,,1,5
4FEC8B18,0,,0,7
4FEC8B18,0,,1,5
4FEC8B18,1,,0,8
4FEC8B18,1,,1,4
08758E8C,0,,0,7
08758E8C,0,,1,5
08758E8C,1,,0,6
08758E8C,1,,1,8
2358DD4F,0,,0,7
2358DD4F,0,,1,5
2358DD4F,1,,0,1
2358DD4F,1,,1,5
3A43EC0E,0,,0,8
3A43EC0E,0,,1,4
3A43EC0E,1,,0,1
3A43EC0E,1,,1,5
75027AC9,0,,0,1
75027AC9,0,,1,5
75027AC9,1,,0,1
75027AC9,1,,1,5
6C194B88,0,,0,7
6C194B88,0,,1,5
6C194B88,1,,0,7
6C194B88,1,,1,1
4734184B,0,,0,4
4734184B,0,,1,8
4734184B,1,,0,7
4734184B,1,,1,1
5E2F290A,0,,0,6
5E2F290A,0,,1,8
5E2F290A,1,,0,7
5E2F290A,1,,1,1
D9B735C5,0,,0,7
D9B735C5,0,,1,5
D9B735C5,1,,0,7
D9B735C5,1,,1,1
C0AC0484,0,,0,6
C0AC0484,0,,1,8
C0AC0484,1,,0,7
C0AC0484,1,,1,1
10ACD5FA,0,,0,7
10ACD5FA,0,,1,1
10ACD5FA,1,,0,8
10ACD5FA,1,,1,4
09B7E4BB,0,,0,6
09B7E4BB,0,,1,8
09B7E4BB,1,,0,8
09B7E4BB,1,,1,4
229AB778,0,,0,6
229AB778,0,,1,8
229AB778,1,,0,6
229AB778,1,,1,8
3B818639,0,,0,8
3B818639,0,,1,4
3B818639,1,,0,1
3B818639,1,,1,5
74C010FE,0,,0,7
74C010FE,0,,1,5
74C010FE,1,,0,7
74C010FE,1,,1,1
6DDB21BF,0,,0,7
6DDB21BF,0,,1,1
6DDB21BF,1,,0,8
6DDB21BF,1,,1,4
46F6727C,0,,0,7
46F6727C,0,,1,5
46F6727C,1,,0,1
46F6727C,1,,1,5
105E0C68,0,,0,7
105E0C68,0,,1,5
105E0C68,1,,0,6
105E0C68,1,,1,8
3B735FAB,0,,0,7
3B735FAB,0,,1,1
3B735FAB,1,,0,1
3B735FAB,1,,1,5
22686EEA,0,,0,1
22686EEA,0,,1,5
22686EEA,1,,0,1
22686EEA,1,,1,5
6D29F82D,0,,0,7
6D29F82D,0,,1,5
6D29F82D,1,,0,1
6D29F82D,1,,1,5
7432C96C,0,,0,7
7432C96C,0,,1,5
7432C96C,1,,0,7
7432C96C,1,,1,1
5F1F9AAF,0,,0,7
5F1F9AAF,0,,1,5
5F1F9AAF,1,,0,7
5F1F9AAF,1,,1,1
4604ABEE,0,,0,8
4604ABEE,0,,1,4
4604ABEE,1,,0,7
4604ABEE,1,,1,1
C19CB721,0,,0,8
C19CB721,0,,1,4
C19CB721,1,,0,7
C19CB721,1,,1,1
D8878660,0,,0,7
D8878660,0,,1,5
D8878660,1,,0,7
D8878660,1,,1,1
119C665F,0,,0,1
119C665F,0,,1,5
119C665F,1,,0,7
119C665F,1,,1,1
3AB1359C,0,,0,7
3AB1359C,0,,1,5
3AB1359C,1,,0,6
3AB1359C,1,,1,8
23AA04DD,0,,0,7
23AA04DD,0,,1,5
23AA04DD,1,,0,7
23AA04DD,1,,1,1
6CEB921A,0,,0,8
6CEB921A,0,,1,4
6CEB921A,1,,0,7
6CEB921A,1,,1,1
75F0A35B,0,,0,6
75F0A35B,0,,1,8
75F0A35B,1,,0,7
75F0A35B,1,,1,1
5EDDF098,0,,0,7
5EDDF098,0,,1,1
5EDDF098,1,,0,8
5EDDF098,1,,1,4
1AC02162,0,,0,7
1AC02162,0,,1,1
1AC02162,1,,0,6
1AC02162,1,,1,8
31ED72A1,0,,0,8
31ED72A1,0,,1,4
31ED72A1,1,,0,1
31ED72A1,1,,1,5
28F643E0,0,,0,1
28F643E0,0,,1,5
28F643E0,1,,0,1
28F643E0,1,,1,5
67B7D527,0,,0,7
67B7D527,0,,1,5
67B7D527,1,,0,1
67B7D527,1,,1,5
7EACE466,0,,0,7
7EACE466,0,,1,5
7EACE466,1,,0,7
7EACE466,1,,1,1
5581B7A5,0,,0,6
5581B7A5,0,,1,8
5581B7A5,1,,0,7
5581B7A5,1,,1,1
4C9A86E4,0,,0,1
4C9A86E4,0,,1,5
4C9A86E4,1,,0,7
4C9A86E4,1,,1,1
CB029A2B,0,,0,6
CB029A2B,0,,1,8
CB029A2B,1,,0,7
CB029A2B,1,,1,1
D219AB6A,0,,0,6
D219AB6A,0,,1,8
D219AB6A,1,,0,7
D219AB6A,1,,1,1
02197A14,0,,0,4
02197A14,0,,1,8
02197A14,1,,0,8
02197A14,1,,1,4
1B024B55,0,,0,7
1B024B55,0,,1,5
1B024B55,1,,0,8
1B024B55,1,,1,4
302F1896,0,,0,1
302F1896,0,,1,5
302F1896,1,,0,6
302F1896,1,,1,8
293429D7,0,,0,1
293429D7,0,,1,5
293429D7,1,,0,1
293429D7,1,,1,5
6675BF10,0,,0,7
6675BF10,0,,1,5
6675BF10,1,,0,7
6675BF10,1,,1,1
7F6E8E51,0,,0,8
7F6E8E51,0,,1,4
7F6E8E51,1,,0,7
7F6E8E51,1,,1,1
5443DD92,0,,0,7
5443DD92,0,,1,5
5443DD92,1,,0,8
5443DD92,1,,1,4
AC6F17BF,0,,0,7
AC6F17BF,0,,1,5
AC6F17BF,1,,0,6
AC6F17BF,1,,1,8
8742447C,0,,0,8
8742447C,0,,1,4
8742447C,1,,0,1
8742447C,1,,1,5
9E59753D,0,,0,1
9E59753D,0,,1,5
9E59753D,1,,0,1
9E59753D,1,,1,5
D118E3FA,0,,0,7
D118E3FA,0,,1,1
D118E3FA,1,,0,1
D118E3FA,1,,1,5
C803D2BB,0,,0,7
C803D2BB,0,,1,1
C803D2BB,1,,0,7
C803D2BB,1,,1,1
E32E8178,0,,0,1
E32E8178,0,,1,5
E32E8178,1,,0,7
E32E8178,1,,1,1
FA35B039,0,,0,1
FA35B039,0,,1,5
FA35B039,1,,0,7
FA35B039,1,,1,1
7DADACF6,0,,0,6
7DADACF6,0,,1,8
7DADACF6,1,,0,7
7DADACF6,1,,1,1
B4B64CC9,0,,0,7
B4B64CC9,0,,1,5
B4B64CC9,1,,0,8
B4B64CC9,1,,1,4
ADAD7D88,0,,0,7
ADAD7D88,0,,1,5
ADAD7D88,1,,0,8
ADAD7D88,1,,1,4
86802E4B,0,,0,6
86802E4B,0,,1,8
86802E4B,1,,0,6
86802E4B,1,,1,8
9F9B1F0A,0,,0,7
9F9B1F0A,0,,1,5
9F9B1F0A,1,,0,1
9F9B1F0A,1,,1,5
D0DA89CD,0,,0,8
D0DA89CD,0,,1,4
D0DA89CD,1,,0,7
D0DA89CD,1,,1,1
C9C1B88C,0,,0,6
C9C1B88C,0,,1,8
C9C1B88C,1,,0,7
C9C1B88C,1,,1,1
E2ECEB4F,0,,0,6
E2ECEB4F,0,,1,8
E2ECEB4F,1,,0,8
E2ECEB4F,1,,1,4
AFEBC3D1,0,,0,1
AFEBC3D1,0,,1,5
AFEBC3D1,1,,0,6
AFEBC3D1,1,,1,8
84C69012,0,,0,6
84C69012,0,,1,8
84C69012,1,,0,7
84C69012,1,,1,5
9DDDA153,0,,0,1
9DDDA153,0,,1,5
9DDDA153,1,,0,1
9DDDA153,1,,1,5
D29C3794,0,,0,7
D29C3794,0,,1,1
D29C3794,1,,0,1
D29C3794,1,,1,5
CB8706D5,0,,0,7
CB8706D5,0,,1,5
CB8706D5,1,,0,7
CB8706D5,1,,1,1
E0AA5516,0,,0,7
E0AA5516,0,,1,5
E0AA5516,1,,0,7
E0AA5516,1,,1,1
F9B16457,0,,0,7
F9B16457,0,,1,5
F9B16457,1,,0,7
F9B16457,1,,1,1
B73298A7,0,,0,1
B73298A7,0,,1,5
B73298A7,1,,0,8
B73298A7,1,,1,4
AE29A9E6,0,,0,7
AE29A9E6,0,,1,5
AE29A9E6,1,,0,8
AE29A9E6,1,,1,4
8504FA25,0,,0,6
8504FA25,0,,1,8
8504FA25,1,,0,6
8504FA25,1,,1,8
9C1FCB64,0,,0,1
9C1FCB64,0,,1,5
9C1FCB64,1,,0,1
9C1FCB64,1,,1,5
D35E5DA3,0,,0,1
D35E5DA3,0,,1,5
D35E5DA3,1,,0,7
D35E5DA3,1,,1,1
CA456CE2,0,,0,6
CA456CE2,0,,1,8
CA456CE2,1,,0,7
CA456CE2,1,,1,1
E1683F21,0,,0,1
E1683F21,0,,1,5
E1683F21,1,,0,1
E1683F21,1,,1,5
AB66BF63,0,,0,7
AB66BF63,0,,1,1
AB66BF63,1,,0,6
AB66BF63,1,,1,8
804BECA0,0,,0,6
804BECA0,0,,1,8
804BECA0,1,,0,1
804BECA0,1,,1,5
9950DDE1,0,,0,7
9950DDE1,0,,1,5
9950DDE1,1,,0,1
9950DDE1,1,,1,5
D6114B26,0,,0,6
D6114B26,0,,1,8
D6114B26,1,,0,7
D6114B26,1,,1,1
CF0A7A67,0,,0,7
CF0A7A67,0,,1,1
CF0A7A67,1,,0,7
CF0A7A67,1,,1,1
E42729A4,0,,0,1
E42729A4,0,,1,5
E42729A4,1,,0,7
E42729A4,1,,1,1
FD3C18E5,0,,0,6
FD3C18E5,0,,1,8
FD3C18E5,1,,0,7
FD3C18E5,1,,1,1
7AA4042A,0,,0,6
7AA4042A,0,,1,8
7AA4042A,1,,0,7
7AA4042A,1,,1,1
63BF356B,0,,0,6
63BF356B,0,,1,8
63BF356B,1,,0,8
63BF356B,1,,1,4
B3BFE415,0,,0,1
B3BFE415,0,,1,5
B3BFE415,1,,0,8
B3BFE415,1,,1,4
AAA4D554,0,,0,7
AAA4D554,0,,1,1
AAA4D554,1,,0,8
AAA4D554,1,,1,4
A8E26B0D,0,,0,6
A8E26B0D,0,,1,8
A8E26B0D,1,,0,6
A8E26B0D,1,,1,8
83CF38CE,0,,0,7
83CF38CE,0,,1,1
83CF38CE,1,,0,1
83CF38CE,1,,1,5
9AD4098F,0,,0,7
9AD4098F,0,,1,5
9AD4098F,1,,0,1
9AD4098F,1,,1,5
D5959F48,0,,0,1
D5959F48,0,,1,5
D5959F48,1,,0,1
D5959F48,1,,1,5
CC8EAE09,0,,0,7
CC8EAE09,0,,1,1
CC8EAE09,1,,0,7
CC8EAE09,1,,1,1
E7A3FDCA,0,,0,7
E7A3FDCA,0,,1,5
E7A3FDCA,1,,0,7
E7A3FDCA,1,,1,1
FEB8CC8B,0,,0,7
FEB8CC8B,0,,1,5
FEB8CC8B,1,,0,7
FEB8CC8B,1,,1,1
7920D044,0,,0,7
7920D044,0,,1,1
7920D044,1,,0,7
7920D044,1,,1,1
603BE105,0,,0,6
603BE105,0,,1,8
603BE105,1,,0,7
603BE105,1,,1,1
B03B307B,0,,0,7
B03B307B,0,,1,1
B03B307B,1,,0,8
B03B307B,1,,1,4
A920013A,0,,0,6
A920013A,0,,1,8
A920013A,1,,0,8
A920013A,1,,1,4
3FAB7EBE,0,,0,8
3FAB7EBE,0,,1,4
3FAB7EBE,1,,0,6
3FAB7EBE,1,,1,8
14862D7D,0,,0,7
14862D7D,0,,1,5
14862D7D,1,,0,1
14862D7D,1,,1,5
0D9D1C3C,0,,0,7
0D9D1C3C,0,,1,1
0D9D1C3C,1,,0,1
0D9D1C3C,1,,1,5
42DC8AFB,0,,0,6
42DC8AFB,0,,1,8
42DC8AFB,1,,0,1
42DC8AFB,1,,1,5
5BC7BBBA,0,,0,8
5BC7BBBA,0,,1,4
5BC7BBBA,1,,0,7
5BC7BBBA,1,,1,1
70EAE879,0,,0,1
70EAE879,0,,1,5
70EAE879,1,,0,7
70EAE879,1,,1,5
69F1D938,0,,0,6
69F1D938,0,,1,8
69F1D938,1,,0,7
69F1D938,1,,1,1
EE69C5F7,0,,0,8
EE69C5F7,0,,1,4
EE69C5F7,1,,0,7
EE69C5F7,1,,1,1
F772F4B6,0,,0,7
F772F4B6,0,,1,5
F772F4B6,1,,0,7
F772F4B6,1,,1,1
277225C8,0,,0,6
277225C8,0,,1,8
277225C8,1,,0,1
277225C8,1,,1,5
3E691489,0,,0,1
3E691489,0,,1,5
3E691489,1,,0,1
3E691489,1,,1,5
1544474A,0,,0,7
1544474A,0,,1,5
1544474A,1,,0,1
1544474A,1,,1,5
0C5F760B,0,,0,7
0C5F760B,0,,1,5
0C5F760B,1,,0,8
0C5F760B,1,,1,4
F916E062,0,,0,6
F916E062,0,,1,8
F916E062,1,,0,7
F916E062,1,,1,1
D23BB3A1,0,,0,8
D23BB3A1,0,,1,4
D23BB3A1,1,,0,1
D23BB3A1,1,,1,5
CB2082E0,0,,0,8
CB2082E0,0,,1,4
CB2082E0,1,,0,6
CB2082E0,1,,1,8
AD0AF9BD,0,,0,1
AD0AF9BD,0,,1,5
AD0AF9BD,1,,0,1
AD0AF9BD,1,,1,5
E24B6F7A,0,,0,8
E24B6F7A,0,,1,4
E24B6F7A,1,,0,1
E24B6F7A,1,,1,5
FB505E3B,0,,0,7
FB505E3B,0,,1,1
FB505E3B,1,,0,7
FB505E3B,1,,1,1
9EFEF108,0,,0,1
9EFEF108,0,,1,5
9EFEF108,1,,0,6
9EFEF108,1,,1,8
B5D3A2CB,0,,0,7
B5D3A2CB,0,,1,1
B5D3A2CB,1,,0,8
B5D3A2CB,1,,1,4
ACC8938A,0,,0,1
ACC8938A,0,,1,5
ACC8938A,1,,0,1
ACC8938A,1,,1,5
E389054D,0,,0,7
E389054D,0,,1,5
E389054D,1,,0,7
E389054D,1,,1,1
FA92340C,0,,0,1
FA92340C,0,,1,5
FA92340C,1,,0,7
FA92340C,1,,1,1
D1BF67CF,0,,0,8
D1BF67CF,0,,1,4
D1BF67CF,1,,0,1
D1BF67CF,1,,1,5
C8A4568E,0,,0,6
C8A4568E,0,,1,8
C8A4568E,1,,0,7
C8A4568E,1,,1,1
4F3C4A41,0,,0,1
4F3C4A41,0,,1,5
4F3C4A41,1,,0,8
4F3C4A41,1,,1,4
56277B00,0,,0,8
56277B00,0,,1,4
56277B00,1,,0,1
56277B00,1,,1,5
9460DC02,0,,0,7
9460DC02,0,,1,1
9460DC02,1,,0,1
9460DC02,1,,1,5
BF4D8FC1,0,,0,7
BF4D8FC1,0,,1,1
BF4D8FC1,1,,0,6
BF4D8FC1,1,,1,8
A656BE80,0,,0,7
A656BE80,0,,1,1
A656BE80,1,,0,1
A656BE80,1,,1,5
E9172847,0,,0,6
E9172847,0,,1,8
E9172847,1,,0,1
E9172847,1,,1,5
F00C1906,0,,0,8
F00C1906,0,,1,4
F00C1906,1,,0,7
F00C1906,1,,1,1
DB214AC5,0,,0,7
DB214AC5,0,,1,1
DB214AC5,1,,0,8
DB214AC5,1,,1,4
C23A7B84,0,,0,1
C23A7B84,0,,1,5
C23A7B84,1,,0,7
C23A7B84,1,,1,1
45A2674B,0,,0,7
45A2674B,0,,1,5
45A2674B,1,,0,6
45A2674B,1,,1,8
230D80E8,0,,0,1
230D80E8,0,,1,5
230D80E8,1,,0,8
230D80E8,1,,1,4
0820D32B,0,,0,1
0820D32B,0,,1,5
0820D32B,1,,0,8
0820D32B,1,,1,4
113BE26A,0,,0,7
113BE26A,0,,1,5
113BE26A,1,,0,1
113BE26A,1,,1,5
5E7A74AD,0,,0,7
5E7A74AD,0,,1,1
5E7A74AD,1,,0,8
5E7A74AD,1,,1,4
476145EC,0,,0,1
476145EC,0,,1,5
476145EC,1,,0,6
476145EC,1,,1,8
6C4C162F,0,,0,1
6C4C162F,0,,1,5
6C4C162F,1,,0,7
6C4C162F,1,,1,1
7557276E,0,,0,7
7557276E,0,,1,5
7557276E,1,,0,8
7557276E,1,,1,4
F2CF3BA1,0,,0,7
F2CF3BA1,0,,1,5
F2CF3BA1,1,,0,6
F2CF3BA1,1,,1,8
EBD40AE0,0,,0,6
EBD40AE0,0,,1,8
EBD40AE0,1,,0,8
EBD40AE0,1,,1,4
3BD4DB9E,0,,0,1
3BD4DB9E,0,,1,5
3BD4DB9E,1,,0,8
3BD4DB9E,1,,1,4
22CFEADF,0,,0,8
22CFEADF,0,,1,4
22CFEADF,1,,0,7
22CFEADF,1,,1,1
09E2B91C,0,,0,7
09E2B91C,0,,1,5
09E2B91C,1,,0,1
09E2B91C,1,,1,5
10F9885D,0,,0,1
10F9885D,0,,1,5
10F9885D,1,,0,6
10F9885D,1,,1,8
5FB81E9A,0,,0,7
5FB81E9A,0,,1,5
5FB81E9A,1,,0,1
5FB81E9A,1,,1,5
46A32FDB,0,,0,6
46A32FDB,0,,1,8
46A32FDB,1,,0,1
46A32FDB,1,,1,5
6D8E7C18,0,,0,1
6D8E7C18,0,,1,5
6D8E7C18,1,,0,1
6D8E7C18,1,,1,5
74954D59,0,,0,8
74954D59,0,,1,4
74954D59,1,,0,1
74954D59,1,,1,5
F30D5196,0,,0,1
F30D5196,0,,1,5
F30D5196,1,,0,1
F30D5196,1,,1,5
EA1660D7,0,,0,7
EA1660D7,0,,1,1
EA1660D7,1,,0,7
EA1660D7,1,,1,1
399265C7,0,,0,7
399265C7,0,,1,5
399265C7,1,,0,6
399265C7,1,,1,8
20895486,0,,0,7
20895486,0,,1,5
20895486,1,,0,8
20895486,1,,1,4
0BA40745,0,,0,7
0BA40745,0,,1,1
0BA40745,1,,0,8
0BA40745,1,,1,4
12BF3604,0,,0,6
12BF3604,0,,1,8
12BF3604,1,,0,8
12BF3604,1,,1,4
5DFEA0C3,0,,0,7
5DFEA0C3,0,,1,1
5DFEA0C3,1,,0,6
5DFEA0C3,1,,1,8
44E59182,0,,0,6
44E59182,0,,1,8
44E59182,1,,0,7
44E59182,1,,1,1
6FC8C241,0,,0,6
6FC8C241,0,,1,8
6FC8C241,1,,0,8
6FC8C241,1,,1,4
76D3F300,0,,0,1
76D3F300,0,,1,5
76D3F300,1,,0,6
76D3F300,1,,1,8
F14BEFCF,0,,0,6
F14BEFCF,0,,1,8
F14BEFCF,1,,0,1
F14BEFCF,1,,1,5
E850DE8E,0,,0,6
E850DE8E,0,,1,8
E850DE8E,1,,0,8
E850DE8E,1,,1,4
38500FF0,0,,0,7
38500FF0,0,,1,5
38500FF0,1,,0,8
38500FF0,1,,1,4
214B3EB1,0,,0,8
214B3EB1,0,,1,4
214B3EB1,1,,0,7
214B3EB1,1,,1,1
0A666D72,0,,0,7
0A666D72,0,,1,5
0A666D72,1,,0,6
0A666D72,1,,1,8
137D5C33,0,,0,1
137D5C33,0,,1,5
137D5C33,1,,0,1
137D5C33,1,,1,5
5C3CCAF4,0,,0,6
5C3CCAF4,0,,1,8
5C3CCAF4,1,,0,1
5C3CCAF4,1,,1,5
4527FBB5,0,,0,7
4527FBB5,0,,1,1
4527FBB5,1,,0,8
4527FBB5,1,,1,4
6E0AA876,0,,0,7
6E0AA876,0,,1,5
6E0AA876,1,,0,8
6E0AA876,1,,1,4
77119937,0,,0,8
77119937,0,,1,4
77119937,1,,0,6
77119937,1,,1,8
F08985F8,0,,0,8
F08985F8,0,,1,4
F08985F8,1,,0,7
F08985F8,1,,1,1
E992B4B9,0,,0,1
E992B4B9,0,,1,5
E992B4B9,1,,0,8
E992B4B9,1,,1,4
3D1F1975,0,,0,4
3D1F1975,0,,1,8
3D1F1975,1,,0,8
3D1F1975,1,,1,4
24042834,0,,0,8
24042834,0,,1,4
24042834,1,,0,6
24042834,1,,1,8
0F297BF7,0,,0,6
0F297BF7,0,,1,8
0F297BF7,1,,0,8
0F297BF7,1,,1,4
16324AB6,0,,0,1
16324AB6,0,,1,5
16324AB6,1,,0,8
16324AB6,1,,1,4
5973DC71,0,,0,6
5973DC71,0,,1,8
5973DC71,1,,0,7
5973DC71,1,,1,1
4068ED30,0,,0,6
4068ED30,0,,1,8
4068ED30,1,,0,7
4068ED30,1,,1,1
6B45BEF3,0,,0,8
6B45BEF3,0,,1,4
6B45BEF3,1,,0,8
6B45BEF3,1,,1,4
725E8FB2,0,,0,8
725E8FB2,0,,1,4
725E8FB2,1,,0,6
725E8FB2,1,,1,8
F5C6937D,0,,0,7
F5C6937D,0,,1,1
F5C6937D,1,,0,8
F5C6937D,1,,1,4
ECDDA23C,0,,0,1
ECDDA23C,0,,1,5
ECDDA23C,1,,0,8
ECDDA23C,1,,1,4
3CDD7342,0,,0,7
3CDD7342,0,,1,5
3CDD7342,1,,0,8
3CDD7342,1,,1,4
25C64203,0,,0,6
25C64203,0,,1,8
25C64203,1,,0,6
25C64203,1,,1,8
0EEB11C0,0,,0,7
0EEB11C0,0,,1,1
0EEB11C0,1,,0,8
0EEB11C0,1,,1,4
17F02081,0,,0,7
17F02081,0,,1,5
17F02081,1,,0,7
17F02081,1,,1,1
58B1B646,0,,0,7
58B1B646,0,,1,5
58B1B646,1,,0,7
58B1B646,1,,1,1
41AA8707,0,,0,1
41AA8707,0,,1,5
41AA8707,1,,0,8
41AA8707,1,,1,4
6A87D4C4,0,,0,1
6A87D4C4,0,,1,5
6A87D4C4,1,,0,8
6A87D4C4,1,,1,4
739CE585,0,,0,8
739CE585,0,,1,4
739CE585,1,,0,6
739CE585,1,,1,8
F404F94A,0,,0,1
F404F94A,0,,1,5
F404F94A,1,,0,1
F404F94A,1,,1,5
ED1FC80B,0,,0,8
ED1FC80B,0,,1,4
ED1FC80B,1,,0,8
ED1FC80B,1,,1,4
3E9BCD1B,0,,0,7
3E9BCD1B,0,,1,1
3E9BCD1B,1,,0,8
3E9BCD1B,1,,1,4
2780FC5A,0,,0,6
2780FC5A,0,,1,8
2780FC5A,1,,0,8
2780FC5A,1,,1,4
0CADAF99,0,,0,8
0CADAF99,0,,1,4
0CADAF99,1,,0,8
0CADAF99,1,,1,4
15B69ED8,0,,0,7
15B69ED8,0,,1,1
15B69ED8,1,,0,1
15B69ED8,1,,1,5
5AF7081F,0,,0,8
5AF7081F,0,,1,4
5AF7081F,1,,0,8
5AF7081F,1,,1,4
43EC395E,0,,0,4
43EC395E,0,,1,8
43EC395E,1,,0,6
43EC395E,1,,1,8
68C16A9D,0,,0,1
68C16A9D,0,,1,5
68C16A9D,1,,0,1
68C16A9D,1,,1,5
71DA5BDC,0,,0,1
71DA5BDC,0,,1,5
71DA5BDC,1,,0,7
71DA5BDC,1,,1,1
F6424713,0,,0,7
F6424713,0,,1,5
F6424713,1,,0,1
F6424713,1,,1,5
EF597652,0,,0,4
EF597652,0,,1,8
EF597652,1,,0,8
EF597652,1,,1,4
3F59A72C,0,,0,7
3F59A72C,0,,1,1
3F59A72C,1,,0,6
3F59A72C,1,,1,8
2642966D,0,,0,7
2642966D,0,,1,1
2642966D,1,,0,1
2642966D,1,,1,5
0D6FC5AE,0,,0,6
0D6FC5AE,0,,1,8
0D6FC5AE,1,,0,6
0D6FC5AE,1,,1,8
1474F4EF,0,,0,7
1474F4EF,0,,1,5
1474F4EF,1,,0,8
1474F4EF,1,,1,4
5B356228,0,,0,6
5B356228,0,,1,8
5B356228,1,,0,7
5B356228,1,,1,1
422E5369,0,,0,1
422E5369,0,,1,5
422E5369,1,,0,8
422E5369,1,,1,4
690300AA,0,,0,7
690300AA,0,,1,5
690300AA,1,,0,8
690300AA,1,,1,4
701831EB,0,,0,1
701831EB,0,,1,5
701831EB,1,,0,1
701831EB,1,,1,5
F7802D24,0,,0,8
F7802D24,0,,1,4
F7802D24,1,,0,6
F7802D24,1,,1,8
EE9B1C65,0,,0,6
EE9B1C65,0,,1,8
EE9B1C65,1,,0,8
EE9B1C65,1,,1,4
3405E011,0,,0,7
3405E011,0,,1,1
3405E011,1,,0,7
3405E011,1,,1,1
2D1ED150,0,,0,1
2D1ED150,0,,1,5
2D1ED150,1,,0,1
2D1ED150,1,,1,5
06338293,0,,0,1
06338293,0,,1,5
06338293,1,,0,8
06338293,1,,1,4
1F28B3D2,0,,0,6
1F28B3D2,0,,1,8
1F28B3D2,1,,0,1
1F28B3D2,1,,1,5
50692515,0,,0,6
50692515,0,,1,8
50692515,1,,0,6
50692515,1,,1,8
49721454,0,,0,6
49721454,0,,1,8
49721454,1,,0,7
49721454,1,,1,1
625F4797,0,,0,1
625F4797,0,,1,5
625F4797,1,,0,8
625F4797,1,,1,4
7B4476D6,0,,0,1
7B4476D6,0,,1,5
7B4476D6,1,,0,7
7B4476D6,1,,1,1
FCDC6A19,0,,0,1
FCDC6A19,0,,1,5
FCDC6A19,1,,0,8
FCDC6A19,1,,1,4
E5C75B58,0,,0,7
E5C75B58,0,,1,5
E5C75B58,1,,0,1
E5C75B58,1,,1,5
35C78A26,0,,0,7
35C78A26,0,,1,5
35C78A26,1,,0,1
35C78A26,1,,1,5
2CDCBB67,0,,0,1
2CDCBB67,0,,1,5
2CDCBB67,1,,0,8
2CDCBB67,1,,1,4
07F1E8A4,0,,0,7
07F1E8A4,0,,1,1
07F1E8A4,1,,0,6
07F1E8A4,1,,1,8
1EEAD9E5,0,,0,6
1EEAD9E5,0,,1,8
1EEAD9E5,1,,0,8
1EEAD9E5,1,,1,4
51AB4F22,0,,0,7
51AB4F22,0,,1,1
51AB4F22,1,,0,8
51AB4F22,1,,1,4
48B07E63,0,,0,7
48B07E63,0,,1,5
48B07E63,1,,0,1
48B07E63,1,,1,5
C5193530,0,,0,7
C5193530,0,,1,1
C5193530,1,,0,8
C5193530,1,,1,4
EE3466F3,0,,0,6
EE3466F3,0,,1,8
EE3466F3,1,,0,8
EE3466F3,1,,1,4
F72F57B2,0,,0,7
F72F57B2,0,,1,1
F72F57B2,1,,0,8
F72F57B2,1,,1,4
B86EC175,0,,0,7
B86EC175,0,,1,5
B86EC175,1,,0,1
B86EC175,1,,1,5
A175F034,0,,0,6
A175F034,0,,1,8
A175F034,1,,0,7
A175F034,1,,1,1
8A58A3F7,0,,0,1
8A58A3F7,0,,1,5
8A58A3F7,1,,0,8
8A58A3F7,1,,1,4
934392B6,0,,0,6
934392B6,0,,1,8
934392B6,1,,0,7
934392B6,1,,1,5
14DB8E79,0,,0,7
14DB8E79,0,,1,5
14DB8E79,1,,0,1
14DB8E79,1,,1,5
0DC0BF38,0,,0,7
0DC0BF38,0,,1,1
0DC0BF38,1,,0,8
0DC0BF38,1,,1,4
DE44BA28,0,,0,6
DE44BA28,0,,1,8
DE44BA28,1,,0,6
DE44BA28,1,,1,8
F569E9EB,0,,0,6
F569E9EB,0,,1,8
F569E9EB,1,,0,7
F569E9EB,1,,1,1
BA287F2C,0,,0,7
BA287F2C,0,,1,1
BA287F2C,1,,0,1
BA287F2C,1,,1,5
C69DE15E,0,,0,6
C69DE15E,0,,1,8
C69DE15E,1,,0,7
C69DE15E,1,,1,1
EDB0B29D,0,,0,7
EDB0B29D,0,,1,1
EDB0B29D,1,,0,1
EDB0B29D,1,,1,5
F4AB83DC,0,,0,8
F4AB83DC,0,,1,4
F4AB83DC,1,,0,8
F4AB83DC,1,,1,4
CDC1A663,0,,0,6
CDC1A663,0,,1,8
CDC1A663,1,,0,8
CDC1A663,1,,1,4
E6ECF5A0,0,,0,7
E6ECF5A0,0,,1,5
E6ECF5A0,1,,0,6
E6ECF5A0,1,,1,8
FFF7C4E1,0,,0,8
FFF7C4E1,0,,1,4
FFF7C4E1,1,,0,7
FFF7C4E1,1,,1,1
B0B65226,0,,0,7
B0B65226,0,,1,1
B0B65226,1,,0,1
B0B65226,1,,1,5
A9AD6367,0,,0,1
A9AD6367,0,,1,5
A9AD6367,1,,0,8
A9AD6367,1,,1,4
03A148DA,0,,0,8
03A148DA,0,,1,4
03A148DA,1,,0,7
03A148DA,1,,1,1
E631296C,0,,0,8
E631296C,0,,1,4
E631296C,1,,0,8
E631296C,1,,1,4
FF2A182D,0,,0,6
FF2A182D,0,,1,8
FF2A182D,1,,0,8
FF2A182D,1,,1,4
4CE0DE1D,0,,0,7
4CE0DE1D,0,,1,1
4CE0DE1D,1,,0,8
4CE0DE1D,1,,1,4
288C1B19,0,,0,7
288C1B19,0,,1,5
288C1B19,1,,0,8
288C1B19,1,,1,4
E4779735,0,,0,1
E4779735,0,,1,5
E4779735,1,,0,7
E4779735,1,,1,1
31972A58,0,,0,7
31972A58,0,,1,1
31972A58,1,,0,7
31972A58,1,,1,1
FEE8721A,0,,0,1
FEE8721A,0,,1,5
FEE8721A,1,,0,7
FEE8721A,1,,1,1
1ABA799B,0,,0,8
1ABA799B,0,,1,4
1ABA799B,1,,0,6
1ABA799B,1,,1,8
55FBEF5C,0,,0,7
55FBEF5C,0,,1,5
55FBEF5C,1,,0,1
55FBEF5C,1,,1,5
67CD8DDE,0,,0,6
67CD8DDE,0,,1,8
67CD8DDE,1,,0,7
67CD8DDE,1,,1,1
99006370,0,,0,7
99006370,0,,1,5
99006370,1,,0,8
99006370,1,,1,4
B1D65F12,0,,0,7
B1D65F12,0,,1,5
B1D65F12,1,,0,7
B1D65F12,1,,1,5
1E987FBF,0,,0,6
1E987FBF,0,,1,8
1E987FBF,1,,0,8
1E987FBF,1,,1,4
B06B8EEA,0,,0,7
B06B8EEA,0,,1,5
B06B8EEA,1,,0,8
B06B8EEA,1,,1,4
62829B5B,0,,0,7
62829B5B,0,,1,1
62829B5B,1,,0,7
62829B5B,1,,1,1
B2528B7C,0,,0,6
B2528B7C,0,,1,8
B2528B7C,1,,0,6
B2528B7C,1,,1,8
997FD8BF,0,,0,8
997FD8BF,0,,1,4
997FD8BF,1,,0,1
997FD8BF,1,,1,5
8064E9FE,0,,0,7
8064E9FE,0,,1,1
8064E9FE,1,,0,1
8064E9FE,1,,1,5
B1A9E4DD,0,,0,1
B1A9E4DD,0,,1,5
B1A9E4DD,1,,0,1
B1A9E4DD,1,,1,5
CF257F39,0,,0,6
CF257F39,0,,1,8
CF257F39,1,,0,1
CF257F39,1,,1,5
D63E4E78,0,,0,7
D63E4E78,0,,1,5
D63E4E78,1,,0,7
D63E4E78,1,,1,5
FD131DBB,0,,0,1
FD131DBB,0,,1,5
FD131DBB,1,,0,7
FD131DBB,1,,1,1
E4082CFA,0,,0,8
E4082CFA,0,,1,4
E4082CFA,1,,0,7
E4082CFA,1,,1,1
98C20947,0,,0,8
98C20947,0,,1,4
98C20947,1,,0,7
98C20947,1,,1,1
B390E14B,0,,0,7
B390E14B,0,,1,5
B390E14B,1,,0,8
B390E14B,1,,1,4
5CCBF050,0,,0,1
5CCBF050,0,,1,5
5CCBF050,1,,0,8
5CCBF050,1,,1,4
98BDB288,0,,0,4
98BDB288,0,,1,8
98BDB288,1,,0,8
98BDB288,1,,1,4
CEE7150E,0,,0,8
CEE7150E,0,,1,4
CEE7150E,1,,0,8
CEE7150E,1,,1,4
9AFB0CD1,0,,0,6
9AFB0CD1,0,,1,8
9AFB0CD1,1,,0,8
9AFB0CD1,1,,1,4
83E03D90,0,,0,6
83E03D90,0,,1,8
83E03D90,1,,0,8
83E03D90,1,,1,4
9B46DD29,0,,0,7
9B46DD29,0,,1,5
9B46DD29,1,,0,8
9B46DD29,1,,1,4
CCA1AB57,0,,0,7
CCA1AB57,0,,1,5
CCA1AB57,1,,0,7
CCA1AB57,1,,1,1
1CDEC1E6,0,,0,7
1CDEC1E6,0,,1,1
1CDEC1E6,1,,0,7
1CDEC1E6,1,,1,1
B55B23A0,0,,0,7
B55B23A0,0,,1,5
B55B23A0,1,,0,6
B55B23A0,1,,1,8
9E767063,0,,0,7
9E767063,0,,1,5
9E767063,1,,0,1
9E767063,1,,1,5
876D4122,0,,0,7
876D4122,0,,1,5
876D4122,1,,0,1
876D4122,1,,1,5
C82CD7E5,0,,0,6
C82CD7E5,0,,1,8
C82CD7E5,1,,0,1
C82CD7E5,1,,1,5
D137E6A4,0,,0,7
D137E6A4,0,,1,5
D137E6A4,1,,0,1
D137E6A4,1,,1,5
FA1AB567,0,,0,1
FA1AB567,0,,1,5
FA1AB567,1,,0,7
FA1AB567,1,,1,1
E3018426,0,,0,6
E3018426,0,,1,8
E3018426,1,,0,7
E3018426,1,,1,1
649998E9,0,,0,6
649998E9,0,,1,8
649998E9,1,,0,7
649998E9,1,,1,1
7D82A9A8,0,,0,7
7D82A9A8,0,,1,1
7D82A9A8,1,,0,8
7D82A9A8,1,,1,4
AD8278D6,0,,0,6
AD8278D6,0,,1,8
AD8278D6,1,,0,8
AD8278D6,1,,1,4
B4994997,0,,0,6
B4994997,0,,1,8
B4994997,1,,0,8
B4994997,1,,1,4
B6DFF7CE,0,,0,6
B6DFF7CE,0,,1,8
B6DFF7CE,1,,0,6
B6DFF7CE,1,,1,8
9DF2A40D,0,,0,8
9DF2A40D,0,,1,4
9DF2A40D,1,,0,7
9DF2A40D,1,,1,1
84E9954C,0,,0,7
84E9954C,0,,1,5
84E9954C,1,,0,1
84E9954C,1,,1,5
CBA8038B,0,,0,7
CBA8038B,0,,1,5
CBA8038B,1,,0,1
CBA8038B,1,,1,5
D2B332CA,0,,0,1
D2B332CA,0,,1,5
D2B332CA,1,,0,1
D2B332CA,1,,1,5
F99E6109,0,,0,6
F99E6109,0,,1,8
F99E6109,1,,0,7
F99E6109,1,,1,1
E0855048,0,,0,7
E0855048,0,,1,1
E0855048,1,,0,7
E0855048,1,,1,1
671D4C87,0,,0,8
671D4C87,0,,1,4
671D4C87,1,,0,7
671D4C87,1,,1,1
7E067DC6,0,,0,8
7E067DC6,0,,1,4
7E067DC6,1,,0,7
7E067DC6,1,,1,1
AE06ACB8,0,,0,7
AE06ACB8,0,,1,5
AE06ACB8,1,,0,8
AE06ACB8,1,,1,4
B71D9DF9,0,,0,1
B71D9DF9,0,,1,5
B71D9DF9,1,,0,8
B71D9DF9,1,,1,4
BC41DAC4,0,,0,7
BC41DAC4,0,,1,5
BC41DAC4,1,,0,6
BC41DAC4,1,,1,8
976C8907,0,,0,7
976C8907,0,,1,5
976C8907,1,,0,1
976C8907,1,,1,5
8E77B846,0,,0,1
8E77B846,0,,1,5
8E77B846,1,,0,7
8E77B846,1,,1,1
C1362E81,0,,0,1
C1362E81,0,,1,5
C1362E81,1,,0,1
C1362E81,1,,1,5
D82D1FC0,0,,0,1
D82D1FC0,0,,1,5
D82D1FC0,1,,0,1
D82D1FC0,1,,1,5
F3004C03,0,,0,8
F3004C03,0,,1,4
F3004C03,1,,0,7
F3004C03,1,,1,1
EA1B7D42,0,,0,1
EA1B7D42,0,,1,5
EA1B7D42,1,,0,7
EA1B7D42,1,,1,1
6D83618D,0,,0,1
6D83618D,0,,1,5
6D83618D,1,,0,7
6D83618D,1,,1,1
749850CC,0,,0,7
749850CC,0,,1,5
749850CC,1,,0,7
749850CC,1,,1,1
A49881B2,0,,0,6
A49881B2,0,,1,8
A49881B2,1,,0,8
A49881B2,1,,1,4
BD83B0F3,0,,0,7
BD83B0F3,0,,1,5
BD83B0F3,1,,0,8
BD83B0F3,1,,1,4
0AEEEC19,0,,0,1
0AEEEC19,0,,1,5
0AEEEC19,1,,0,6
0AEEEC19,1,,1,8
21C3BFDA,0,,0,8
21C3BFDA,0,,1,4
21C3BFDA,1,,0,1
21C3BFDA,1,,1,5
38D88E9B,0,,0,8
38D88E9B,0,,1,4
38D88E9B,1,,0,1
38D88E9B,1,,1,5
7799185C,0,,0,8
7799185C,0,,1,4
7799185C,1,,0,1
7799185C,1,,1,5
6E82291D,0,,0,8
6E82291D,0,,1,4
6E82291D,1,,0,7
6E82291D,1,,1,1
45AF7ADE,0,,0,6
45AF7ADE,0,,1,8
45AF7ADE,1,,0,7
45AF7ADE,1,,1,1
5CB44B9F,0,,0,7
5CB44B9F,0,,1,1
5CB44B9F,1,,0,7
5CB44B9F,1,,1,1
DB2C5750,0,,0,6
DB2C5750,0,,1,8
DB2C5750,1,,0,7
DB2C5750,1,,1,1
C2376611,0,,0,1
C2376611,0,,1,5
C2376611,1,,0,7
C2376611,1,,1,1
1237B76F,0,,0,1
1237B76F,0,,1,5
1237B76F,1,,0,7
1237B76F,1,,1,1
0B2C862E,0,,0,7
0B2C862E,0,,1,1
0B2C862E,1,,0,8
0B2C862E,1,,1,4
096A3877,0,,0,6
096A3877,0,,1,8
096A3877,1,,0,6
096A3877,1,,1,8
22476BB4,0,,0,7
22476BB4,0,,1,1
22476BB4,1,,0,7
22476BB4,1,,1,1
3B5C5AF5,0,,0,8
3B5C5AF5,0,,1,4
3B5C5AF5,1,,0,7
3B5C5AF5,1,,1,5
741DCC32,0,,0,7
741DCC32,0,,1,5
741DCC32,1,,0,1
741DCC32,1,,1,5
6D06FD73,0,,0,7
6D06FD73,0,,1,5
6D06FD73,1,,0,1
6D06FD73,1,,1,5
462BAEB0,0,,0,7
462BAEB0,0,,1,1
462BAEB0,1,,0,7
462BAEB0,1,,1,1
5F309FF1,0,,0,7
5F309FF1,0,,1,5
5F309FF1,1,,0,7
5F309FF1,1,,1,1
D8A8833E,0,,0,7
D8A8833E,0,,1,5
D8A8833E,1,,0,7
D8A8833E,1,,1,1
C1B3B27F,0,,0,7
C1B3B27F,0,,1,1
C1B3B27F,1,,0,8
C1B3B27F,1,,1,4
11B36301,0,,0,7
11B36301,0,,1,5
11B36301,1,,0,8
11B36301,1,,1,4
08A85240,0,,0,8
08A85240,0,,1,4
08A85240,1,,0,8
08A85240,1,,1,4
0DE744C5,0,,0,6
0DE744C5,0,,1,8
0DE744C5,1,,0,6
0DE744C5,1,,1,8
26CA1706,0,,0,6
26CA1706,0,,1,8
26CA1706,1,,0,1
26CA1706,1,,1,5
3FD12647,0,,0,8
3FD12647,0,,1,4
3FD12647,1,,0,7
3FD12647,1,,1,1
7090B080,0,,0,8
7090B080,0,,1,4
7090B080,1,,0,1
7090B080,1,,1,5
698B81C1,0,,0,8
698B81C1,0,,1,4
698B81C1,1,,0,1
698B81C1,1,,1,5
42A6D202,0,,0,7
42A6D202,0,,1,5
42A6D202,1,,0,1
42A6D202,1,,1,5
5BBDE343,0,,0,8
5BBDE343,0,,1,4
5BBDE343,1,,0,7
5BBDE343,1,,1,1
DC25FF8C,0,,0,7
DC25FF8C,0,,1,5
DC25FF8C,1,,0,8
DC25FF8C,1,,1,4
C53ECECD,0,,0,8
C53ECECD,0,,1,4
C53ECECD,1,,0,8
C53ECECD,1,,1,4
153E1FB3,0,,0,6
153E1FB3,0,,1,8
153E1FB3,1,,0,8
153E1FB3,1,,1,4
0C252EF2,0,,0,6
0C252EF2,0,,1,8
0C252EF2,1,,0,8
0C252EF2,1,,1,4
27087D31,0,,0,8
27087D31,0,,1,4
27087D31,1,,0,1
27087D31,1,,1,5
0E6390AB,0,,0,4
0E6390AB,0,,1,8
0E6390AB,1,,0,6
0E6390AB,1,,1,8
254EC368,0,,0,6
254EC368,0,,1,8
254EC368,1,,0,1
254EC368,1,,1,5
3C55F229,0,,0,8
3C55F229,0,,1,4
3C55F229,1,,0,1
3C55F229,1,,1,5
731464EE,0,,0,1
731464EE,0,,1,5
731464EE,1,,0,7
731464EE,1,,1,1
6A0F55AF,0,,0,7
6A0F55AF,0,,1,5
6A0F55AF,1,,0,7
6A0F55AF,1,,1,1
4122066C,0,,0,4
4122066C,0,,1,8
4122066C,1,,0,7
4122066C,1,,1,1
5839372D,0,,0,7
5839372D,0,,1,5
5839372D,1,,0,7
5839372D,1,,1,1
DFA12BE2,0,,0,7
DFA12BE2,0,,1,5
DFA12BE2,1,,0,7
DFA12BE2,1,,1,1
C6BA1AA3,0,,0,7
C6BA1AA3,0,,1,5
C6BA1AA3,1,,0,8
C6BA1AA3,1,,1,4
16BACBDD,0,,0,7
16BACBDD,0,,1,5
16BACBDD,1,,0,8
16BACBDD,1,,1,4
0FA1FA9C,0,,0,7
0FA1FA9C,0,,1,5
0FA1FA9C,1,,0,8
0FA1FA9C,1,,1,4
248CA95F,0,,0,7
248CA95F,0,,1,1
248CA95F,1,,0,7
248CA95F,1,,1,1
04FDBDA1,0,,0,7
04FDBDA1,0,,1,1
04FDBDA1,1,,0,6
04FDBDA1,1,,1,8
2FD0EE62,0,,0,8
2FD0EE62,0,,1,4
2FD0EE62,1,,0,1
2FD0EE62,1,,1,5
36CBDF23,0,,0,8
36CBDF23,0,,1,4
36CBDF23,1,,0,1
36CBDF23,1,,1,5
798A49E4,0,,0,6
798A49E4,0,,1,8
798A49E4,1,,0,7
798A49E4,1,,1,1
609178A5,0,,0,8
609178A5,0,,1,4
609178A5,1,,0,7
609178A5,1,,1,1
4BBC2B66,0,,0,6
4BBC2B66,0,,1,8
4BBC2B66,1,,0,7
4BBC2B66,1,,1,1
52A71A27,0,,0,8
52A71A27,0,,1,4
52A71A27,1,,0,7
52A71A27,1,,1,1
D53F06E8,0,,0,1
D53F06E8,0,,1,5
D53F06E8,1,,0,8
D53F06E8,1,,1,4
CC2437A9,0,,0,1
CC2437A9,0,,1,5
CC2437A9,1,,0,8
CC2437A9,1,,1,4
1C24E6D7,0,,0,8
1C24E6D7,0,,1,4
1C24E6D7,1,,0,8
1C24E6D7,1,,1,4
053FD796,0,,0,6
053FD796,0,,1,8
053FD796,1,,0,8
053FD796,1,,1,4
2E128455,0,,0,6
2E128455,0,,1,8
2E128455,1,,0,1
2E128455,1,,1,5
185B43F7,0,,0,6
185B43F7,0,,1,8
185B43F7,1,,0,6
185B43F7,1,,1,8
33761034,0,,0,1
33761034,0,,1,5
33761034,1,,0,1
33761034,1,,1,5
2A6D2175,0,,0,6
2A6D2175,0,,1,8
2A6D2175,1,,0,1
2A6D2175,1,,1,5
652CB7B2,0,,0,6
652CB7B2,0,,1,8
652CB7B2,1,,0,7
652CB7B2,1,,1,1
7C3786F3,0,,0,7
7C3786F3,0,,1,1
7C3786F3,1,,0,7
7C3786F3,1,,1,1
571AD530,0,,0,7
571AD530,0,,1,1
571AD530,1,,0,7
571AD530,1,,1,1
4E01E471,0,,0,6
4E01E471,0,,1,8
4E01E471,1,,0,8
4E01E471,1,,1,4
C999F8BE,0,,0,1
C999F8BE,0,,1,5
C999F8BE,1,,0,7
C999F8BE,1,,1,1
D082C9FF,0,,0,1
D082C9FF,0,,1,5
D082C9FF,1,,0,7
D082C9FF,1,,1,1
00821881,0,,0,6
00821881,0,,1,8
00821881,1,,0,7
00821881,1,,1,1
199929C0,0,,0,7
199929C0,0,,1,1
199929C0,1,,0,8
199929C0,1,,1,4
32B47A03,0,,0,7
32B47A03,0,,1,1
32B47A03,1,,0,8
32B47A03,1,,1,4
2BAF4B42,0,,0,7
2BAF4B42,0,,1,5
2BAF4B42,1,,0,8
2BAF4B42,1,,1,4
64EEDD85,0,,0,6
64EEDD85,0,,1,8
64EEDD85,1,,0,7
64EEDD85,1,,1,1
1CD63F45,0,,0,7
1CD63F45,0,,1,5
1CD63F45,1,,0,6
1CD63F45,1,,1,8
37FB6C86,0,,0,4
37FB6C86,0,,1,8
37FB6C86,1,,0,1
37FB6C86,1,,1,5
61A1CB00,0,,0,7
61A1CB00,0,,1,1
61A1CB00,1,,0,1
61A1CB00,1,,1,5
78BAFA41,0,,0,6
78BAFA41,0,,1,8
78BAFA41,1,,0,7
78BAFA41,1,,1,1
4A8C98C3,0,,0,6
4A8C98C3,0,,1,8
4A8C98C3,1,,0,7
4A8C98C3,1,,1,1
040F6433,0,,0,7
040F6433,0,,1,5
040F6433,1,,0,8
040F6433,1,,1,4
1648124F,0,,0,1
1648124F,0,,1,5
1648124F,1,,0,6
1648124F,1,,1,8
3D65418C,0,,0,6
3D65418C,0,,1,8
3D65418C,1,,0,1
3D65418C,1,,1,5
247E70CD,0,,0,6
247E70CD,0,,1,8
247E70CD,1,,0,1
247E70CD,1,,1,5
6B3FE60A,0,,0,6
6B3FE60A,0,,1,8
6B3FE60A,1,,0,1
6B3FE60A,1,,1,5
7224D74B,0,,0,6
7224D74B,0,,1,8
7224D74B,1,,0,1
7224D74B,1,,1,5
59098488,0,,0,7
59098488,0,,1,5
59098488,1,,0,1
59098488,1,,1,5
4012B5C9,0,,0,6
4012B5C9,0,,1,8
4012B5C9,1,,0,7
4012B5C9,1,,1,1
C78AA906,0,,0,7
C78AA906,0,,1,5
C78AA906,1,,0,7
C78AA906,1,,1,1
DE919847,0,,0,7
DE919847,0,,1,5
DE919847,1,,0,8
DE919847,1,,1,4
0E914939,0,,0,6
0E914939,0,,1,8
0E914939,1,,0,8
0E914939,1,,1,4
178A7878,0,,0,7
178A7878,0,,1,1
178A7878,1,,0,8
178A7878,1,,1,4
A0E72492,0,,0,7
A0E72492,0,,1,5
A0E72492,1,,0,6
A0E72492,1,,1,8
8BCA7751,0,,0,1
8BCA7751,0,,1,5
8BCA7751,1,,0,1
8BCA7751,1,,1,5
92D14610,0,,0,8
92D14610,0,,1,4
92D14610,1,,0,1
92D14610,1,,1,5
DD90D0D7,0,,0,7
DD90D0D7,0,,1,5
DD90D0D7,1,,0,1
DD90D0D7,1,,1,5
C48BE196,0,,0,8
C48BE196,0,,1,4
C48BE196,1,,0,1
C48BE196,1,,1,5
EFA6B255,0,,0,8
EFA6B255,0,,1,4
EFA6B255,1,,0,1
EFA6B255,1,,1,5
F6BD8314,0,,0,8
F6BD8314,0,,1,4
F6BD8314,1,,0,1
F6BD8314,1,,1,5
71259FDB,0,,0,1
71259FDB,0,,1,5
71259FDB,1,,0,7
71259FDB,1,,1,1
683EAE9A,0,,0,1
683EAE9A,0,,1,5
683EAE9A,1,,0,7
683EAE9A,1,,1,1
B83E7FE4,0,,0,1
B83E7FE4,0,,1,5
B83E7FE4,1,,0,8
B83E7FE4,1,,1,4
A1254EA5,0,,0,1
A1254EA5,0,,1,5
A1254EA5,1,,0,7
A1254EA5,1,,1,1
A363F0FC,0,,0,7
A363F0FC,0,,1,1
A363F0FC,1,,0,6
A363F0FC,1,,1,8
884EA33F,0,,0,7
884EA33F,0,,1,5
884EA33F,1,,0,1
884EA33F,1,,1,5
9155927E,0,,0,6
9155927E,0,,1,8
9155927E,1,,0,1
9155927E,1,,1,5
DE1404B9,0,,0,1
DE1404B9,0,,1,5
DE1404B9,1,,0,1
DE1404B9,1,,1,5
C70F35F8,0,,0,7
C70F35F8,0,,1,5
C70F35F8,1,,0,1
C70F35F8,1,,1,5
EC22663B,0,,0,6
EC22663B,0,,1,8
EC22663B,1,,0,1
EC22663B,1,,1,5
F539577A,0,,0,8
F539577A,0,,1,4
F539577A,1,,0,7
F539577A,1,,1,1
72A14BB5,0,,0,1
72A14BB5,0,,1,5
72A14BB5,1,,0,7
72A14BB5,1,,1,1
6BBA7AF4,0,,0,7
6BBA7AF4,0,,1,5
6BBA7AF4,1,,0,7
6BBA7AF4,1,,1,1
BBBAAB8A,0,,0,1
BBBAAB8A,0,,1,5
BBBAAB8A,1,,0,8
BBBAAB8A,1,,1,4
A2A19ACB,0,,0,6
A2A19ACB,0,,1,8
A2A19ACB,1,,0,7
A2A19ACB,1,,1,1
858C7B4E,0,,0,1
858C7B4E,0,,1,5
858C7B4E,1,,0,6
858C7B4E,1,,1,8
AEA1288D,0,,0,6
AEA1288D,0,,1,8
AEA1288D,1,,0,1
AEA1288D,1,,1,5
B7BA19CC,0,,0,8
B7BA19CC,0,,1,4
B7BA19CC,1,,0,1
B7BA19CC,1,,1,5
F8FB8F0B,0,,0,7
F8FB8F0B,0,,1,5
F8FB8F0B,1,,0,8
F8FB8F0B,1,,1,4
E1E0BE4A,0,,0,7
E1E0BE4A,0,,1,1
E1E0BE4A,1,,0,8
E1E0BE4A,1,,1,4
CACDED89,0,,0,8
CACDED89,0,,1,4
CACDED89,1,,0,6
CACDED89,1,,1,8
D3D6DCC8,0,,0,1
D3D6DCC8,0,,1,5
D3D6DCC8,1,,0,7
D3D6DCC8,1,,1,1
544EC007,0,,0,6
544EC007,0,,1,8
544EC007,1,,0,8
544EC007,1,,1,4
4D55F146,0,,0,6
4D55F146,0,,1,8
4D55F146,1,,0,6
4D55F146,1,,1,8
9D552038,0,,0,1
9D552038,0,,1,5
9D552038,1,,0,7
9D552038,1,,1,1
844E1179,0,,0,7
844E1179,0,,1,1
844E1179,1,,0,8
844E1179,1,,1,4
AF6342BA,0,,0,7
AF6342BA,0,,1,5
AF6342BA,1,,0,1
AF6342BA,1,,1,5
B67873FB,0,,0,7
B67873FB,0,,1,5
B67873FB,1,,0,8
B67873FB,1,,1,4
F939E53C,0,,0,8
F939E53C,0,,1,4
F939E53C,1,,0,8
F939E53C,1,,1,4
E022D47D,0,,0,8
E022D47D,0,,1,4
E022D47D,1,,0,6
E022D47D,1,,1,8
CB0F87BE,0,,0,6
CB0F87BE,0,,1,8
CB0F87BE,1,,0,6
CB0F87BE,1,,1,8
D214B6FF,0,,0,4
D214B6FF,0,,1,8
D214B6FF,1,,0,7
D214B6FF,1,,1,5
558CAA30,0,,0,6
558CAA30,0,,1,8
558CAA30,1,,0,1
558CAA30,1,,1,5
4C979B71,0,,0,1
4C979B71,0,,1,5
4C979B71,1,,0,7
4C979B71,1,,1,1
9F139E61,0,,0,7
9F139E61,0,,1,5
9F139E61,1,,0,8
9F139E61,1,,1,4
8608AF20,0,,0,8
8608AF20,0,,1,4
8608AF20,1,,0,1
8608AF20,1,,1,5
AD25FCE3,0,,0,7
AD25FCE3,0,,1,5
AD25FCE3,1,,0,8
AD25FCE3,1,,1,4
B43ECDA2,0,,0,7
B43ECDA2,0,,1,1
B43ECDA2,1,,0,1
B43ECDA2,1,,1,5
FB7F5B65,0,,0,1
FB7F5B65,0,,1,5
FB7F5B65,1,,0,8
FB7F5B65,1,,1,4
E2646A24,0,,0,8
E2646A24,0,,1,4
E2646A24,1,,0,7
E2646A24,1,,1,1
C94939E7,0,,0,1
C94939E7,0,,1,5
C94939E7,1,,0,6
C94939E7,1,,1,8
D05208A6,0,,0,8
D05208A6,0,,1,4
D05208A6,1,,0,1
D05208A6,1,,1,5
57CA1469,0,,0,8
57CA1469,0,,1,4
57CA1469,1,,0,7
57CA1469,1,,1,1
4ED12528,0,,0,6
4ED12528,0,,1,8
4ED12528,1,,0,7
4ED12528,1,,1,1
9ED1F456,0,,0,8
9ED1F456,0,,1,4
9ED1F456,1,,0,8
9ED1F456,1,,1,4
87CAC517,0,,0,1
87CAC517,0,,1,5
87CAC517,1,,0,8
87CAC517,1,,1,4
ACE796D4,0,,0,1
ACE796D4,0,,1,5
ACE796D4,1,,0,7
ACE796D4,1,,1,1
B5FCA795,0,,0,6
B5FCA795,0,,1,8
B5FCA795,1,,0,7
B5FCA795,1,,1,1
FABD3152,0,,0,6
FABD3152,0,,1,8
FABD3152,1,,0,8
FABD3152,1,,1,4
E3A60013,0,,0,7
E3A60013,0,,1,5
E3A60013,1,,0,6
E3A60013,1,,1,8
C88B53D0,0,,0,7
C88B53D0,0,,1,5
C88B53D0,1,,0,8
C88B53D0,1,,1,4
D1906291,0,,0,1
D1906291,0,,1,5
D1906291,1,,0,1
D1906291,1,,1,5
56087E5E,0,,0,4
56087E5E,0,,1,8
56087E5E,1,,0,7
56087E5E,1,,1,1
4F134F1F,0,,0,6
4F134F1F,0,,1,8
4F134F1F,1,,0,1
4F134F1F,1,,1,5
9B9EE2D3,0,,0,7
9B9EE2D3,0,,1,5
9B9EE2D3,1,,0,6
9B9EE2D3,1,,1,8
8285D392,0,,0,7
8285D392,0,,1,1
8285D392,1,,0,1
8285D392,1,,1,5
A9A88051,0,,0,7
A9A88051,0,,1,5
A9A88051,1,,0,8
A9A88051,1,,1,4
B0B3B110,0,,0,1
B0B3B110,0,,1,5
B0B3B110,1,,0,8
B0B3B110,1,,1,4
FFF227D7,0,,0,1
FFF227D7,0,,1,5
FFF227D7,1,,0,1
FFF227D7,1,,1,5
E6E91696,0,,0,6
E6E91696,0,,1,8
E6E91696,1,,0,8
E6E91696,1,,1,4
CDC44555,0,,0,7
CDC44555,0,,1,1
CDC44555,1,,0,6
CDC44555,1,,1,8
D4DF7414,0,,0,7
D4DF7414,0,,1,5
D4DF7414,1,,0,7
D4DF7414,1,,1,1
534768DB,0,,0,7
534768DB,0,,1,1
534768DB,1,,0,7
534768DB,1,,1,1
4A5C599A,0,,0,7
4A5C599A,0,,1,5
4A5C599A,1,,0,1
4A5C599A,1,,1,5
9A5C88E4,0,,0,1
9A5C88E4,0,,1,5
9A5C88E4,1,,0,6
9A5C88E4,1,,1,8
8347B9A5,0,,0,4
8347B9A5,0,,1,8
8347B9A5,1,,0,6
8347B9A5,1,,1,8
A86AEA66,0,,0,8
A86AEA66,0,,1,4
A86AEA66,1,,0,8
A86AEA66,1,,1,4
B171DB27,0,,0,7
B171DB27,0,,1,1
B171DB27,1,,0,7
B171DB27,1,,1,1
FE304DE0,0,,0,8
FE304DE0,0,,1,4
FE304DE0,1,,0,6
FE304DE0,1,,1,8
E72B7CA1,0,,0,7
E72B7CA1,0,,1,1
E72B7CA1,1,,0,7
E72B7CA1,1,,1,5
CC062F62,0,,0,7
CC062F62,0,,1,1
CC062F62,1,,0,1
CC062F62,1,,1,5
D51D1E23,0,,0,6
D51D1E23,0,,1,8
D51D1E23,1,,0,8
D51D1E23,1,,1,4
528502EC,0,,0,6
528502EC,0,,1,8
528502EC,1,,0,7
528502EC,1,,1,1
4B9E33AD,0,,0,7
4B9E33AD,0,,1,5
4B9E33AD,1,,0,6
4B9E33AD,1,,1,8
981A36BD,0,,0,6
981A36BD,0,,1,8
981A36BD,1,,0,7
981A36BD,1,,1,1
810107FC,0,,0,1
810107FC,0,,1,5
810107FC,1,,0,6
810107FC,1,,1,8
AA2C543F,0,,0,7
AA2C543F,0,,1,5
AA2C543F,1,,0,8
AA2C543F,1,,1,4
B337657E,0,,0,7
B337657E,0,,1,1
B337657E,1,,0,1
B337657E,1,,1,5
FC76F3B9,0,,0,1
FC76F3B9,0,,1,5
FC76F3B9,1,,0,1
FC76F3B9,1,,1,5
E56DC2F8,0,,0,6
E56DC2F8,0,,1,8
E56DC2F8,1,,0,1
E56DC2F8,1,,1,5
CE40913B,0,,0,7
CE40913B,0,,1,5
CE40913B,1,,0,8
CE40913B,1,,1,4
D75BA07A,0,,0,8
D75BA07A,0,,1,4
D75BA07A,1,,0,7
D75BA07A,1,,1,1
50C3BCB5,0,,0,6
50C3BCB5,0,,1,8
50C3BCB5,1,,0,8
50C3BCB5,1,,1,4
49D88DF4,0,,0,7
49D88DF4,0,,1,1
49D88DF4,1,,0,1
49D88DF4,1,,1,5
99D85C8A,0,,0,1
99D85C8A,0,,1,5
99D85C8A,1,,0,7
99D85C8A,1,,1,1
80C36DCB,0,,0,1
80C36DCB,0,,1,5
80C36DCB,1,,0,1
80C36DCB,1,,1,5
ABEE3E08,0,,0,7
ABEE3E08,0,,1,5
ABEE3E08,1,,0,8
ABEE3E08,1,,1,4
B2F50F49,0,,0,4
B2F50F49,0,,1,8
B2F50F49,1,,0,1
B2F50F49,1,,1,5
FDB4998E,0,,0,7
FDB4998E,0,,1,5
FDB4998E,1,,0,1
FDB4998E,1,,1,5
E4AFA8CF,0,,0,6
E4AFA8CF,0,,1,8
E4AFA8CF,1,,0,6
E4AFA8CF,1,,1,8
CF82FB0C,0,,0,7
CF82FB0C,0,,1,1
CF82FB0C,1,,0,6
CF82FB0C,1,,1,8
D699CA4D,0,,0,7
D699CA4D,0,,1,1
D699CA4D,1,,0,8
D699CA4D,1,,1,4
5101D682,0,,0,8
5101D682,0,,1,4
5101D682,1,,0,1
5101D682,1,,1,5
481AE7C3,0,,0,7
481AE7C3,0,,1,1
481AE7C3,1,,0,8
481AE7C3,1,,1,4
92841BB7,0,,0,1
92841BB7,0,,1,5
92841BB7,1,,0,1
92841BB7,1,,1,5
8B9F2AF6,0,,0,7
8B9F2AF6,0,,1,1
8B9F2AF6,1,,0,6
8B9F2AF6,1,,1,8
A0B27935,0,,0,6
A0B27935,0,,1,8
A0B27935,1,,0,6
A0B27935,1,,1,8
B9A94874,0,,0,1
B9A94874,0,,1,5
B9A94874,1,,0,6
B9A94874,1,,1,8
F6E8DEB3,0,,0,4
F6E8DEB3,0,,1,8
F6E8DEB3,1,,0,8
F6E8DEB3,1,,1,4
EFF3EFF2,0,,0,6
EFF3EFF2,0,,1,8
EFF3EFF2,1,,0,8
EFF3EFF2,1,,1,4
C4DEBC31,0,,0,1
C4DEBC31,0,,1,5
C4DEBC31,1,,0,8
C4DEBC31,1,,1,4
DDC58D70,0,,0,8
DDC58D70,0,,1,4
DDC58D70,1,,0,8
DDC58D70,1,,1,4
5A5D91BF,0,,0,7
5A5D91BF,0,,1,1
5A5D91BF,1,,0,7
5A5D91BF,1,,1,5
4346A0FE,0,,0,7
4346A0FE,0,,1,5
4346A0FE,1,,0,7
4346A0FE,1,,1,1
93467180,0,,0,6
93467180,0,,1,8
93467180,1,,0,8
93467180,1,,1,4
8A5D40C1,0,,0,6
8A5D40C1,0,,1,8
8A5D40C1,1,,0,1
8A5D40C1,1,,1,5
A1701302,0,,0,1
A1701302,0,,1,5
A1701302,1,,0,1
A1701302,1,,1,5
B86B2243,0,,0,7
B86B2243,0,,1,1
B86B2243,1,,0,1
B86B2243,1,,1,5
F72AB484,0,,0,1
F72AB484,0,,1,5
F72AB484,1,,0,1
F72AB484,1,,1,5
EE3185C5,0,,0,6
EE3185C5,0,,1,8
EE3185C5,1,,0,1
EE3185C5,1,,1,5
C51CD606,0,,0,6
C51CD606,0,,1,8
C51CD606,1,,0,1
C51CD606,1,,1,5
DC07E747,0,,0,7
DC07E747,0,,1,1
DC07E747,1,,0,7
DC07E747,1,,1,1
5B9FFB88,0,,0,1
5B9FFB88,0,,1,5
5B9FFB88,1,,0,8
5B9FFB88,1,,1,4
4284CAC9,0,,0,7
4284CAC9,0,,1,5
4284CAC9,1,,0,6
4284CAC9,1,,1,8
8E22E5E1,0,,0,7
8E22E5E1,0,,1,1
8E22E5E1,1,,0,7
8E22E5E1,1,,1,1
9739D4A0,0,,0,6
9739D4A0,0,,1,8
9739D4A0,1,,0,8
9739D4A0,1,,1,4
BC148763,0,,0,6
BC148763,0,,1,8
BC148763,1,,0,6
BC148763,1,,1,8
A50FB622,0,,0,1
A50FB622,0,,1,5
A50FB622,1,,0,1
A50FB622,1,,1,5
EA4E20E5,0,,0,6
EA4E20E5,0,,1,8
EA4E20E5,1,,0,7
EA4E20E5,1,,1,1
F35511A4,0,,0,8
F35511A4,0,,1,4
F35511A4,1,,0,7
F35511A4,1,,1,1
D8784267,0,,0,6
D8784267,0,,1,8
D8784267,1,,0,7
D8784267,1,,1,1
C1637326,0,,0,1
C1637326,0,,1,5
C1637326,1,,0,8
C1637326,1,,1,4
46FB6FE9,0,,0,7
46FB6FE9,0,,1,1
46FB6FE9,1,,0,8
46FB6FE9,1,,1,4
5FE05EA8,0,,0,8
5FE05EA8,0,,1,4
5FE05EA8,1,,0,1
5FE05EA8,1,,1,5
8FE08FD6,0,,0,1
8FE08FD6,0,,1,5
8FE08FD6,1,,0,6
8FE08FD6,1,,1,8
96FBBE97,0,,0,1
96FBBE97,0,,1,5
96FBBE97,1,,0,7
96FBBE97,1,,1,1
BDD6ED54,0,,0,8
BDD6ED54,0,,1,4
BDD6ED54,1,,0,7
BDD6ED54,1,,1,1
A4CDDC15,0,,0,7
A4CDDC15,0,,1,1
A4CDDC15,1,,0,6
A4CDDC15,1,,1,8
EB8C4AD2,0,,0,7
EB8C4AD2,0,,1,5
EB8C4AD2,1,,0,1
EB8C4AD2,1,,1,5
F2977B93,0,,0,7
F2977B93,0,,1,1
F2977B93,1,,0,1
F2977B93,1,,1,5
D9BA2850,0,,0,1
D9BA2850,0,,1,5
D9BA2850,1,,0,8
D9BA2850,1,,1,4
C0A11911,0,,0,6
C0A11911,0,,1,8
C0A11911,1,,0,7
C0A11911,1,,1,1
473905DE,0,,0,8
473905DE,0,,1,4
473905DE,1,,0,8
473905DE,1,,1,4
5E22349F,0,,0,6
5E22349F,0,,1,8
5E22349F,1,,0,7
5E22349F,1,,1,1
8DA6318F,0,,0,7
8DA6318F,0,,1,5
8DA6318F,1,,0,8
8DA6318F,1,,1,4
94BD00CE,0,,0,7
94BD00CE,0,,1,1
94BD00CE,1,,0,7
94BD00CE,1,,1,1
BF90530D,0,,0,6
BF90530D,0,,1,8
BF90530D,1,,0,6
BF90530D,1,,1,8
A68B624C,0,,0,7
A68B624C,0,,1,5
A68B624C,1,,0,8
A68B624C,1,,1,4
E9CAF48B,0,,0,7
E9CAF48B,0,,1,5
E9CAF48B,1,,0,7
E9CAF48B,1,,1,1
F0D1C5CA,0,,0,1
F0D1C5CA,0,,1,5
F0D1C5CA,1,,0,8
F0D1C5CA,1,,1,4
DBFC9609,0,,0,1
DBFC9609,0,,1,5
DBFC9609,1,,0,8
DBFC9609,1,,1,4
C2E7A748,0,,0,1
C2E7A748,0,,1,5
C2E7A748,1,,0,1
C2E7A748,1,,1,5
457FBB87,0,,0,1
457FBB87,0,,1,5
457FBB87,1,,0,6
457FBB87,1,,1,8
5C648AC6,0,,0,7
5C648AC6,0,,1,5
5C648AC6,1,,0,1
5C648AC6,1,,1,5
8C645BB8,0,,0,1
8C645BB8,0,,1,5
8C645BB8,1,,0,1
8C645BB8,1,,1,5
957F6AF9,0,,0,8
957F6AF9,0,,1,4
957F6AF9,1,,0,1
957F6AF9,1,,1,5
BE52393A,0,,0,7
BE52393A,0,,1,5
BE52393A,1,,0,1
BE52393A,1,,1,5
A749087B,0,,0,4
A749087B,0,,1,8
A749087B,1,,0,8
A749087B,1,,1,4
E8089EBC,0,,0,6
E8089EBC,0,,1,8
E8089EBC,1,,0,8
E8089EBC,1,,1,4
F113AFFD,0,,0,7
F113AFFD,0,,1,1
F113AFFD,1,,0,7
F113AFFD,1,,1,1
DA3EFC3E,0,,0,7
DA3EFC3E,0,,1,1
DA3EFC3E,1,,0,7
DA3EFC3E,1,,1,1
C325CD7F,0,,0,8
C325CD7F,0,,1,4
C325CD7F,1,,0,6
C325CD7F,1,,1,8
44BDD1B0,0,,0,8
44BDD1B0,0,,1,4
44BDD1B0,1,,0,1
44BDD1B0,1,,1,5
5DA6E0F1,0,,0,8
5DA6E0F1,0,,1,4
5DA6E0F1,1,,0,8
5DA6E0F1,1,,1,4
892B4D3D,0,,0,7
892B4D3D,0,,1,1
892B4D3D,1,,0,1
892B4D3D,1,,1,5
90307C7C,0,,0,7
90307C7C,0,,1,1
90307C7C,1,,0,6
90307C7C,1,,1,8
BB1D2FBF,0,,0,7
BB1D2FBF,0,,1,1
BB1D2FBF,1,,0,6
BB1D2FBF,1,,1,8
A2061EFE,0,,0,6
A2061EFE,0,,1,8
A2061EFE,1,,0,7
A2061EFE,1,,1,1
ED478839,0,,0,7
ED478839,0,,1,1
ED478839,1,,0,8
ED478839,1,,1,4
F45CB978,0,,0,1
F45CB978,0,,1,5
F45CB978,1,,0,8
F45CB978,1,,1,4
DF71EABB,0,,0,7
DF71EABB,0,,1,1
DF71EABB,1,,0,8
DF71EABB,1,,1,4
C66ADBFA,0,,0,1
C66ADBFA,0,,1,5
C66ADBFA,1,,0,7
C66ADBFA,1,,1,1
41F2C735,0,,0,7
41F2C735,0,,1,5
41F2C735,1,,0,1
41F2C735,1,,1,5
58E9F674,0,,0,4
58E9F674,0,,1,8
58E9F674,1,,0,8
58E9F674,1,,1,4
88E9270A,0,,0,6
88E9270A,0,,1,8
88E9270A,1,,0,1
88E9270A,1,,1,5
91F2164B,0,,0,7
91F2164B,0,,1,5
91F2164B,1,,0,1
91F2164B,1,,1,5
BADF4588,0,,0,7
BADF4588,0,,1,1
BADF4588,1,,0,1
BADF4588,1,,1,5
A3C474C9,0,,0,6
A3C474C9,0,,1,8
A3C474C9,1,,0,6
A3C474C9,1,,1,8
EC85E20E,0,,0,6
EC85E20E,0,,1,8
EC85E20E,1,,0,1
EC85E20E,1,,1,5
F59ED34F,0,,0,8
F59ED34F,0,,1,4
F59ED34F,1,,0,7
F59ED34F,1,,1,1
DEB3808C,0,,0,1
DEB3808C,0,,1,5
DEB3808C,1,,0,6
DEB3808C,1,,1,8
C7A8B1CD,0,,0,7
C7A8B1CD,0,,1,1
C7A8B1CD,1,,0,6
C7A8B1CD,1,,1,8
4030AD02,0,,0,6
4030AD02,0,,1,8
4030AD02,1,,0,7
4030AD02,1,,1,1
592B9C43,0,,0,7
592B9C43,0,,1,1
592B9C43,1,,0,1
592B9C43,1,,1,5
8AAF9953,0,,0,6
8AAF9953,0,,1,8
8AAF9953,1,,0,8
8AAF9953,1,,1,4
93B4A812,0,,0,7
93B4A812,0,,1,1
93B4A812,1,,0,6
93B4A812,1,,1,8
B899FBD1,0,,0,7
B899FBD1,0,,1,5
B899FBD1,1,,0,8
B899FBD1,1,,1,4
A182CA90,0,,0,1
A182CA90,0,,1,5
A182CA90,1,,0,8
A182CA90,1,,1,4
EEC35C57,0,,0,7
EEC35C57,0,,1,5
EEC35C57,1,,0,6
EEC35C57,1,,1,8
F7D86D16,0,,0,7
F7D86D16,0,,1,5
F7D86D16,1,,0,1
F7D86D16,1,,1,5
DCF53ED5,0,,0,7
DCF53ED5,0,,1,1
DCF53ED5,1,,0,1
DCF53ED5,1,,1,5
C5EE0F94,0,,0,4
C5EE0F94,0,,1,8
C5EE0F94,1,,0,1
C5EE0F94,1,,1,5
4276135B,0,,0,6
4276135B,0,,1,8
4276135B,1,,0,7
4276135B,1,,1,1
5B6D221A,0,,0,7
5B6D221A,0,,1,5
5B6D221A,1,,0,6
5B6D221A,1,,1,8
8B6DF364,0,,0,6
8B6DF364,0,,1,8
8B6DF364,1,,0,7
8B6DF364,1,,1,5
9276C225,0,,0,7
9276C225,0,,1,5
9276C225,1,,0,6
9276C225,1,,1,8
B95B91E6,0,,0,1
B95B91E6,0,,1,5
B95B91E6,1,,0,1
B95B91E6,1,,1,5
A040A0A7,0,,0,1
A040A0A7,0,,1,5
A040A0A7,1,,0,1
A040A0A7,1,,1,5
EF013660,0,,0,7
EF013660,0,,1,5
EF013660,1,,0,1
EF013660,1,,1,5
F61A0721,0,,0,6
F61A0721,0,,1,8
F61A0721,1,,0,1
F61A0721,1,,1,5
DD3754E2,0,,0,7
DD3754E2,0,,1,5
DD3754E2,1,,0,7
DD3754E2,1,,1,1
C42C65A3,0,,0,8
C42C65A3,0,,1,4
C42C65A3,1,,0,7
C42C65A3,1,,1,1
43B4796C,0,,0,7
43B4796C,0,,1,5
43B4796C,1,,0,7
43B4796C,1,,1,1
5AAF482D,0,,0,8
5AAF482D,0,,1,4
5AAF482D,1,,0,8
5AAF482D,1,,1,4
8031B459,0,,0,7
8031B459,0,,1,5
8031B459,1,,0,8
8031B459,1,,1,4
992A8518,0,,0,6
992A8518,0,,1,8
992A8518,1,,0,8
992A8518,1,,1,4
7B99AA1A,0,,0,6
7B99AA1A,0,,1,8
7B99AA1A,1,,0,8
7B99AA1A,1,,1,4
FC01B6D5,0,,0,7
FC01B6D5,0,,1,5
FC01B6D5,1,,0,6
FC01B6D5,1,,1,8
E51A8794,0,,0,7
E51A8794,0,,1,5
E51A8794,1,,0,8
E51A8794,1,,1,4
7ED6BC9F,0,,0,6
7ED6BC9F,0,,1,8
7ED6BC9F,1,,0,1
7ED6BC9F,1,,1,5
F94EA050,0,,0,4
F94EA050,0,,1,8
F94EA050,1,,0,7
F94EA050,1,,1,5
E0559111,0,,0,6
E0559111,0,,1,8
E0559111,1,,0,7
E0559111,1,,1,1
3055406F,0,,0,6
3055406F,0,,1,8
3055406F,1,,0,7
3055406F,1,,1,5
45FA2779,0,,0,7
45FA2779,0,,1,1
45FA2779,1,,0,8
45FA2779,1,,1,4
F0545934,0,,0,1
F0545934,0,,1,5
F0545934,1,,0,7
F0545934,1,,1,1
E94F6875,0,,0,8
E94F6875,0,,1,4
E94F6875,1,,0,7
E94F6875,1,,1,1
394FB90B,0,,0,7
394FB90B,0,,1,5
394FB90B,1,,0,7
394FB90B,1,,1,1
2054884A,0,,0,8
2054884A,0,,1,4
2054884A,1,,0,7
2054884A,1,,1,1
0B79DB89,0,,0,8
0B79DB89,0,,1,4
0B79DB89,1,,0,8
0B79DB89,1,,1,4
1262EAC8,0,,0,6
1262EAC8,0,,1,8
1262EAC8,1,,0,1
1262EAC8,1,,1,5
5D237C0F,0,,0,7
5D237C0F,0,,1,1
5D237C0F,1,,0,8
5D237C0F,1,,1,4
44384D4E,0,,0,7
44384D4E,0,,1,1
44384D4E,1,,0,6
44384D4E,1,,1,8
6F151E8D,0,,0,6
6F151E8D,0,,1,8
6F151E8D,1,,0,1
6F151E8D,1,,1,5
45D0C111,0,,0,6
45D0C111,0,,1,8
45D0C111,1,,0,8
45D0C111,1,,1,4
1D1CABD1,0,,0,7
1D1CABD1,0,,1,5
1D1CABD1,1,,0,8
1D1CABD1,1,,1,4
D4074BEE,0,,0,1
D4074BEE,0,,1,5
D4074BEE,1,,0,7
D4074BEE,1,,1,1
CF5AC4F6,0,,0,6
CF5AC4F6,0,,1,8
CF5AC4F6,1,,0,6
CF5AC4F6,1,,1,8
FD6CA674,0,,0,1
FD6CA674,0,,1,5
FD6CA674,1,,0,1
FD6CA674,1,,1,5
B22D30B3,0,,0,1
B22D30B3,0,,1,5
B22D30B3,1,,0,8
B22D30B3,1,,1,4
AB3601F2,0,,0,7
AB3601F2,0,,1,5
AB3601F2,1,,0,7
AB3601F2,1,,1,5
801B5231,0,,0,8
801B5231,0,,1,4
801B5231,1,,0,7
801B5231,1,,1,1
07834EFE,0,,0,7
07834EFE,0,,1,1
07834EFE,1,,0,1
07834EFE,1,,1,5
D7839F80,0,,0,7
D7839F80,0,,1,5
D7839F80,1,,0,1
D7839F80,1,,1,5
CE98AEC1,0,,0,7
CE98AEC1,0,,1,5
CE98AEC1,1,,0,8
CE98AEC1,1,,1,4
E5B5FD02,0,,0,6
E5B5FD02,0,,1,8
E5B5FD02,1,,0,8
E5B5FD02,1,,1,4
FCAECC43,0,,0,6
FCAECC43,0,,1,8
FCAECC43,1,,0,6
FCAECC43,1,,1,8
B3EF5A84,0,,0,1
B3EF5A84,0,,1,5
B3EF5A84,1,,0,1
B3EF5A84,1,,1,5
AAF46BC5,0,,0,7
AAF46BC5,0,,1,1
AAF46BC5,1,,0,8
AAF46BC5,1,,1,4
81D93806,0,,0,4
81D93806,0,,1,8
81D93806,1,,0,1
81D93806,1,,1,5
1F5A1588,0,,0,4
1F5A1588,0,,1,8
1F5A1588,1,,0,8
1F5A1588,1,,1,4
064124C9,0,,0,1
064124C9,0,,1,5
064124C9,1,,0,8
064124C9,1,,1,4
D5C521D9,0,,0,6
D5C521D9,0,,1,8
D5C521D9,1,,0,8
D5C521D9,1,,1,4
CCDE1098,0,,0,6
CCDE1098,0,,1,8
CCDE1098,1,,0,8
CCDE1098,1,,1,4
E7F3435B,0,,0,6
E7F3435B,0,,1,8
E7F3435B,1,,0,7
E7F3435B,1,,1,1
A8B2D59C,0,,0,1
A8B2D59C,0,,1,5
A8B2D59C,1,,0,1
A8B2D59C,1,,1,5
839F865F,0,,0,1
839F865F,0,,1,5
839F865F,1,,0,8
839F865F,1,,1,4
9A84B71E,0,,0,6
9A84B71E,0,,1,8
9A84B71E,1,,0,1
9A84B71E,1,,1,5
D1485D6B,0,,0,7
D1485D6B,0,,1,1
D1485D6B,1,,0,1
D1485D6B,1,,1,5
04079A90,0,,0,8
04079A90,0,,1,4
04079A90,1,,0,8
04079A90,1,,1,4
05C5F0A7,0,,0,7
05C5F0A7,0,,1,1
05C5F0A7,1,,0,6
05C5F0A7,1,,1,8
C8536C2A,0,,0,7
C8536C2A,0,,1,5
C8536C2A,1,,0,8
C8536C2A,1,,1,4
E37E3FE9,0,,0,7
E37E3FE9,0,,1,1
E37E3FE9,1,,0,7
E37E3FE9,1,,1,1
FA650EA8,0,,0,1
FA650EA8,0,,1,5
FA650EA8,1,,0,1
FA650EA8,1,,1,5
B524986F,0,,0,1
B524986F,0,,1,5
B524986F,1,,0,1
B524986F,1,,1,5
AC3FA92E,0,,0,8
AC3FA92E,0,,1,4
AC3FA92E,1,,0,6
AC3FA92E,1,,1,8
8E9453CE,0,,0,1
8E9453CE,0,,1,5
8E9453CE,1,,0,7
8E9453CE,1,,1,1
CB4A1FFC,0,,0,7
CB4A1FFC,0,,1,1
CB4A1FFC,1,,0,1
CB4A1FFC,1,,1,5
8CEA652C,0,,0,7
8CEA652C,0,,1,1
8CEA652C,1,,0,1
8CEA652C,1,,1,5
B443DD5B,0,,0,7
B443DD5B,0,,1,5
B443DD5B,1,,0,7
B443DD5B,1,,1,1
9F6E8E98,0,,0,1
9F6E8E98,0,,1,5
9F6E8E98,1,,0,1
9F6E8E98,1,,1,5
C934291E,0,,0,6
C934291E,0,,1,8
C934291E,1,,0,7
C934291E,1,,1,1
8675BFD9,0,,0,8
8675BFD9,0,,1,4
8675BFD9,1,,0,7
8675BFD9,1,,1,1
33DBC194,0,,0,1
33DBC194,0,,1,5
33DBC194,1,,0,7
33DBC194,1,,1,1
E2197ADD,0,,0,8
E2197ADD,0,,1,4
E2197ADD,1,,0,8
E2197ADD,1,,1,4
9B657568,0,,0,1
9B657568,0,,1,5
9B657568,1,,0,8
9B657568,1,,1,4
2220061B,0,,0,1
2220061B,0,,1,5
2220061B,1,,0,8
2220061B,1,,1,4
D02F185F,0,,0,8
D02F185F,0,,1,4
D02F185F,1,,0,8
D02F185F,1,,1,4
E1A52608,0,,0,8
E1A52608,0,,1,4
E1A52608,1,,0,6
E1A52608,1,,1,8
D393448A,0,,0,1
D393448A,0,,1,5
D393448A,1,,0,7
D393448A,1,,1,5
9CD2D24D,0,,0,6
9CD2D24D,0,,1,8
9CD2D24D,1,,0,1
9CD2D24D,1,,1,5
85C9E30C,0,,0,6
85C9E30C,0,,1,8
85C9E30C,1,,0,7
85C9E30C,1,,1,1
AEE4B0CF,0,,0,7
AEE4B0CF,0,,1,1
AEE4B0CF,1,,0,1
AEE4B0CF,1,,1,5
B7FF818E,0,,0,6
B7FF818E,0,,1,8
B7FF818E,1,,0,7
B7FF818E,1,,1,1
30679D41,0,,0,8
30679D41,0,,1,4
30679D41,1,,0,7
30679D41,1,,1,1
297CAC00,0,,0,8
297CAC00,0,,1,4
297CAC00,1,,0,7
297CAC00,1,,1,1
F97C7D7E,0,,0,6
F97C7D7E,0,,1,8
F97C7D7E,1,,0,1
F97C7D7E,1,,1,5
03AA908C,0,,0,7
03AA908C,0,,1,1
03AA908C,1,,0,7
03AA908C,1,,1,1
CA8875CB,0,,0,7
CA8875CB,0,,1,5
CA8875CB,1,,0,8
CA8875CB,1,,1,4
F7E85C7B,0,,0,6
F7E85C7B,0,,1,8
F7E85C7B,1,,0,1
F7E85C7B,1,,1,5
EEF36D3A,0,,0,6
EEF36D3A,0,,1,8
EEF36D3A,1,,0,7
EEF36D3A,1,,1,5
A1B2FBFD,0,,0,7
A1B2FBFD,0,,1,5
A1B2FBFD,1,,0,1
A1B2FBFD,1,,1,5
B8A9CABC,0,,0,7
B8A9CABC,0,,1,5
B8A9CABC,1,,0,1
B8A9CABC,1,,1,5
8A9FA83E,0,,0,7
8A9FA83E,0,,1,1
8A9FA83E,1,,0,7
8A9FA83E,1,,1,1
141C85B0,0,,0,1
141C85B0,0,,1,5
141C85B0,1,,0,8
141C85B0,1,,1,4
C41C54CE,0,,0,1
C41C54CE,0,,1,5
C41C54CE,1,,0,7
C41C54CE,1,,1,1
DD07658F,0,,0,6
DD07658F,0,,1,8
DD07658F,1,,0,8
DD07658F,1,,1,4
D424E3AF,0,,0,6
D424E3AF,0,,1,8
D424E3AF,1,,0,1
D424E3AF,1,,1,5
CD3FD2EE,0,,0,6
CD3FD2EE,0,,1,8
CD3FD2EE,1,,0,1
CD3FD2EE,1,,1,5
4AA7CE21,0,,0,7
4AA7CE21,0,,1,1
4AA7CE21,1,,0,7
4AA7CE21,1,,1,5
53BCFF60,0,,0,8
53BCFF60,0,,1,4
53BCFF60,1,,0,7
53BCFF60,1,,1,5
83BC2E1E,0,,0,8
83BC2E1E,0,,1,4
83BC2E1E,1,,0,7
83BC2E1E,1,,1,1
9AA71F5F,0,,0,1
9AA71F5F,0,,1,5
9AA71F5F,1,,0,7
9AA71F5F,1,,1,1
B18A4C9C,0,,0,6
B18A4C9C,0,,1,8
B18A4C9C,1,,0,7
B18A4C9C,1,,1,1
B04826AB,0,,0,1
B04826AB,0,,1,5
B04826AB,1,,0,8
B04826AB,1,,1,4
A95317EA,0,,0,1
A95317EA,0,,1,5
A95317EA,1,,0,8
A95317EA,1,,1,4
E612812D,0,,0,6
E612812D,0,,1,8
E612812D,1,,0,8
E612812D,1,,1,4
51C3D35B,0,,0,7
51C3D35B,0,,1,1
51C3D35B,1,,0,1
51C3D35B,1,,1,5
079974DD,0,,0,7
079974DD,0,,1,5
079974DD,1,,0,1
079974DD,1,,1,5
2CB4271E,0,,0,6
2CB4271E,0,,1,8
2CB4271E,1,,0,1
2CB4271E,1,,1,5
35AF165F,0,,0,7
35AF165F,0,,1,5
35AF165F,1,,0,7
35AF165F,1,,1,1
B2370A90,0,,0,7
B2370A90,0,,1,5
B2370A90,1,,0,7
B2370A90,1,,1,1
AB2C3BD1,0,,0,7
AB2C3BD1,0,,1,1
AB2C3BD1,1,,0,7
AB2C3BD1,1,,1,1
7B2CEAAF,0,,0,8
7B2CEAAF,0,,1,4
7B2CEAAF,1,,0,8
7B2CEAAF,1,,1,4
63F5B1D9,0,,0,1
63F5B1D9,0,,1,5
63F5B1D9,1,,0,7
63F5B1D9,1,,1,1
AD58EC1A,0,,0,4
AD58EC1A,0,,1,8
AD58EC1A,1,,0,7
AD58EC1A,1,,1,1
2AC0F0D5,0,,0,7
2AC0F0D5,0,,1,5
2AC0F0D5,1,,0,1
2AC0F0D5,1,,1,5
B2361049,0,,0,7
B2361049,0,,1,1
B2361049,1,,0,1
B2361049,1,,1,5
991B438A,0,,0,1
991B438A,0,,1,5
991B438A,1,,0,1
991B438A,1,,1,5
5000A3B5,0,,0,7
5000A3B5,0,,1,1
5000A3B5,1,,0,7
5000A3B5,1,,1,1
D798BF7A,0,,0,6
D798BF7A,0,,1,8
D798BF7A,1,,0,8
D798BF7A,1,,1,4
CE838E3B,0,,0,8
CE838E3B,0,,1,4
CE838E3B,1,,0,8
CE838E3B,1,,1,4
491B92F4,0,,0,7
491B92F4,0,,1,1
491B92F4,1,,0,8
491B92F4,1,,1,4
800072CB,0,,0,1
800072CB,0,,1,5
800072CB,1,,0,7
800072CB,1,,1,5
AAEF4B3F,0,,0,6
AAEF4B3F,0,,1,8
AAEF4B3F,1,,0,7
AAEF4B3F,1,,1,1
E5AEDDF8,0,,0,6
E5AEDDF8,0,,1,8
E5AEDDF8,1,,0,7
E5AEDDF8,1,,1,1
AB2D2108,0,,0,7
AB2D2108,0,,1,5
AB2D2108,1,,0,7
AB2D2108,1,,1,1
E46CB7CF,0,,0,1
E46CB7CF,0,,1,5
E46CB7CF,1,,0,7
E46CB7CF,1,,1,5
FCB5ECB9,0,,0,6
FCB5ECB9,0,,1,8
FCB5ECB9,1,,0,7
FCB5ECB9,1,,1,1
98D929BD,0,,0,1
98D929BD,0,,1,5
98D929BD,1,,0,8
98D929BD,1,,1,4
464CC31F,0,,0,7
464CC31F,0,,1,5
464CC31F,1,,0,6
464CC31F,1,,1,8
964C1261,0,,0,7
964C1261,0,,1,5
964C1261,1,,0,7
964C1261,1,,1,5
08CF3FEF,0,,0,8
08CF3FEF,0,,1,4
08CF3FEF,1,,0,7
08CF3FEF,1,,1,5
5F57F25E,0,,0,1
5F57F25E,0,,1,5
5F57F25E,1,,0,1
5F57F25E,1,,1,5
8F572320,0,,0,7
8F572320,0,,1,1
8F572320,1,,0,7
8F572320,1,,1,1
3AF95D6D,0,,0,7
3AF95D6D,0,,1,5
3AF95D6D,1,,0,7
3AF95D6D,1,,1,1
11D40EAE,0,,0,6
11D40EAE,0,,1,8
11D40EAE,1,,0,7
11D40EAE,1,,1,1
23E26C2C,0,,0,7
23E26C2C,0,,1,1
23E26C2C,1,,0,7
23E26C2C,1,,1,1
5E959869,0,,0,1
5E959869,0,,1,5
5E959869,1,,0,8
5E959869,1,,1,4
6CA3FAEB,0,,0,8
6CA3FAEB,0,,1,4
6CA3FAEB,1,,0,1
6CA3FAEB,1,,1,5
747AA19D,0,,0,6
747AA19D,0,,1,8
747AA19D,1,,0,8
747AA19D,1,,1,4
E0674C3F,0,,0,7
E0674C3F,0,,1,5
E0674C3F,1,,0,7
E0674C3F,1,,1,1
6EE5D3A8,0,,0,6
6EE5D3A8,0,,1,8
6EE5D3A8,1,,0,8
6EE5D3A8,1,,1,4
45C8806B,0,,0,6
45C8806B,0,,1,8
45C8806B,1,,0,8
45C8806B,1,,1,4
5CD3B12A,0,,0,6
5CD3B12A,0,,1,8
5CD3B12A,1,,0,8
5CD3B12A,1,,1,4
139227ED,0,,0,6
139227ED,0,,1,8
139227ED,1,,0,6
139227ED,1,,1,8
0A8916AC,0,,0,1
0A8916AC,0,,1,5
0A8916AC,1,,0,1
0A8916AC,1,,1,5
21A4456F,0,,0,7
21A4456F,0,,1,1
21A4456F,1,,0,7
21A4456F,1,,1,1
38BF742E,0,,0,6
38BF742E,0,,1,8
38BF742E,1,,0,7
38BF742E,1,,1,1
BF2768E1,0,,0,8
BF2768E1,0,,1,4
BF2768E1,1,,0,7
BF2768E1,1,,1,5
A63C59A0,0,,0,6
A63C59A0,0,,1,8
A63C59A0,1,,0,7
A63C59A0,1,,1,5
763C88DE,0,,0,4
763C88DE,0,,1,8
763C88DE,1,,0,7
763C88DE,1,,1,1
6F27B99F,0,,0,7
6F27B99F,0,,1,1
6F27B99F,1,,0,7
6F27B99F,1,,1,1
440AEA5C,0,,0,7
440AEA5C,0,,1,5
440AEA5C,1,,0,7
440AEA5C,1,,1,1
2945A978,0,,0,4
2945A978,0,,1,8
2945A978,1,,0,1
2945A978,1,,1,5
0268FABB,0,,0,7
0268FABB,0,,1,5
0268FABB,1,,0,7
0268FABB,1,,1,1
1B73CBFA,0,,0,6
1B73CBFA,0,,1,8
1B73CBFA,1,,0,7
1B73CBFA,1,,1,1
54325D3D,0,,0,7
54325D3D,0,,1,1
54325D3D,1,,0,7
54325D3D,1,,1,1
4D296C7C,0,,0,1
4D296C7C,0,,1,5
4D296C7C,1,,0,7
4D296C7C,1,,1,1
66043FBF,0,,0,8
66043FBF,0,,1,4
66043FBF,1,,0,7
66043FBF,1,,1,1
7F1F0EFE,0,,0,1
7F1F0EFE,0,,1,5
7F1F0EFE,1,,0,1
7F1F0EFE,1,,1,5
F8871231,0,,0,6
F8871231,0,,1,8
F8871231,1,,0,1
F8871231,1,,1,5
E19C2370,0,,0,1
E19C2370,0,,1,5
E19C2370,1,,0,1
E19C2370,1,,1,5
319CF20E,0,,0,6
319CF20E,0,,1,8
319CF20E,1,,0,7
319CF20E,1,,1,5
2887C34F,0,,0,6
2887C34F,0,,1,8
2887C34F,1,,0,7
2887C34F,1,,1,1
1AB1A1CD,0,,0,7
1AB1A1CD,0,,1,5
1AB1A1CD,1,,0,1
1AB1A1CD,1,,1,5
55F0370A,0,,0,1
55F0370A,0,,1,5
55F0370A,1,,0,1
55F0370A,1,,1,5
4CEB064B,0,,0,4
4CEB064B,0,,1,8
4CEB064B,1,,0,6
4CEB064B,1,,1,8
67C65588,0,,0,7
67C65588,0,,1,1
67C65588,1,,0,7
67C65588,1,,1,5
142580C8,0,,0,7
142580C8,0,,1,1
142580C8,1,,0,1
142580C8,1,,1,5
3F08D30B,0,,0,4
3F08D30B,0,,1,8
3F08D30B,1,,0,6
3F08D30B,1,,1,8
2613E24A,0,,0,7
2613E24A,0,,1,5
2613E24A,1,,0,1
2613E24A,1,,1,5
6952748D,0,,0,1
6952748D,0,,1,5
6952748D,1,,0,8
6952748D,1,,1,4
704945CC,0,,0,7
704945CC,0,,1,5
704945CC,1,,0,7
704945CC,1,,1,1
5B64160F,0,,0,7
5B64160F,0,,1,1
5B64160F,1,,0,7
5B64160F,1,,1,1
427F274E,0,,0,6
427F274E,0,,1,8
427F274E,1,,0,7
427F274E,1,,1,1
C5E73B81,0,,0,7
C5E73B81,0,,1,5
C5E73B81,1,,0,7
C5E73B81,1,,1,1
DCFC0AC0,0,,0,1
DCFC0AC0,0,,1,5
DCFC0AC0,1,,0,7
DCFC0AC0,1,,1,5
0CFCDBBE,0,,0,7
0CFCDBBE,0,,1,5
0CFCDBBE,1,,0,1
0CFCDBBE,1,,1,5
15E7EAFF,0,,0,8
15E7EAFF,0,,1,4
15E7EAFF,1,,0,1
15E7EAFF,1,,1,5
3ECAB93C,0,,0,8
3ECAB93C,0,,1,4
3ECAB93C,1,,0,7
3ECAB93C,1,,1,5
27D1887D,0,,0,8
27D1887D,0,,1,4
27D1887D,1,,0,7
27D1887D,1,,1,1
68901EBA,0,,0,7
68901EBA,0,,1,1
68901EBA,1,,0,7
68901EBA,1,,1,5
718B2FFB,0,,0,1
718B2FFB,0,,1,5
718B2FFB,1,,0,7
718B2FFB,1,,1,1
5AA67C38,0,,0,8
5AA67C38,0,,1,4
5AA67C38,1,,0,1
5AA67C38,1,,1,5
A6055CD8,0,,0,4
A6055CD8,0,,1,8
A6055CD8,1,,0,7
A6055CD8,1,,1,1
8D280F1B,0,,0,6
8D280F1B,0,,1,8
8D280F1B,1,,0,7
8D280F1B,1,,1,1
94333E5A,0,,0,1
94333E5A,0,,1,5
94333E5A,1,,0,7
94333E5A,1,,1,5
DB72A89D,0,,0,7
DB72A89D,0,,1,5
DB72A89D,1,,0,7
DB72A89D,1,,1,5
C26999DC,0,,0,7
C26999DC,0,,1,5
C26999DC,1,,0,8
C26999DC,1,,1,4
E944CA1F,0,,0,6
E944CA1F,0,,1,8
E944CA1F,1,,0,7
E944CA1F,1,,1,5
F05FFB5E,0,,0,6
F05FFB5E,0,,1,8
F05FFB5E,1,,0,7
F05FFB5E,1,,1,1
77C7E791,0,,0,7
77C7E791,0,,1,5
77C7E791,1,,0,7
77C7E791,1,,1,1
6EDCD6D0,0,,0,7
6EDCD6D0,0,,1,5
6EDCD6D0,1,,0,1
6EDCD6D0,1,,1,5
BEDC07AE,0,,0,7
BEDC07AE,0,,1,1
BEDC07AE,1,,0,8
BEDC07AE,1,,1,4
A7C736EF,0,,0,7
A7C736EF,0,,1,5
A7C736EF,1,,0,1
A7C736EF,1,,1,5
95F1546D,0,,0,1
95F1546D,0,,1,5
95F1546D,1,,0,1
95F1546D,1,,1,5
DAB0C2AA,0,,0,1
DAB0C2AA,0,,1,5
DAB0C2AA,1,,0,6
DAB0C2AA,1,,1,8
C3ABF3EB,0,,0,7
C3ABF3EB,0,,1,1
C3ABF3EB,1,,0,1
C3ABF3EB,1,,1,5
E886A028,0,,0,4
E886A028,0,,1,8
E886A028,1,,0,7
E886A028,1,,1,1
FF09B06C,0,,0,6
FF09B06C,0,,1,8
FF09B06C,1,,0,7
FF09B06C,1,,1,1
A8917DDD,0,,0,6
A8917DDD,0,,1,8
A8917DDD,1,,0,7
A8917DDD,1,,1,1
E7D0EB1A,0,,0,7
E7D0EB1A,0,,1,5
E7D0EB1A,1,,0,7
E7D0EB1A,1,,1,5
DCC50FB8,0,,0,7
DCC50FB8,0,,1,5
DCC50FB8,1,,0,7
DCC50FB8,1,,1,1
9384997F,0,,0,6
9384997F,0,,1,8
9384997F,1,,0,7
9384997F,1,,1,1
0D07B4F1,0,,0,7
0D07B4F1,0,,1,5
0D07B4F1,1,,0,7
0D07B4F1,1,,1,1
D2512EBD,0,,0,8
D2512EBD,0,,1,4
D2512EBD,1,,0,7
D2512EBD,1,,1,1
48D8E21A,0,,0,6
48D8E21A,0,,1,8
48D8E21A,1,,0,7
48D8E21A,1,,1,1
1E82459C,0,,0,7
1E82459C,0,,1,5
1E82459C,1,,0,1
1E82459C,1,,1,5
6237DBEE,0,,0,7
6237DBEE,0,,1,1
6237DBEE,1,,0,8
6237DBEE,1,,1,4
75B8CBAA,0,,0,7
75B8CBAA,0,,1,1
75B8CBAA,1,,0,1
75B8CBAA,1,,1,5
6D6190DC,0,,0,4
6D6190DC,0,,1,8
6D6190DC,1,,0,7
6D6190DC,1,,1,5
B3F47A7E,0,,0,7
B3F47A7E,0,,1,1
B3F47A7E,1,,0,8
B3F47A7E,1,,1,4
A5B9000D,0,,0,7
A5B9000D,0,,1,1
A5B9000D,1,,0,7
A5B9000D,1,,1,5
978F628F,0,,0,7
978F628F,0,,1,5
978F628F,1,,0,7
978F628F,1,,1,1
D8CEF448,0,,0,8
D8CEF448,0,,1,4
D8CEF448,1,,0,8
D8CEF448,1,,1,4
C1D5C509,0,,0,6
C1D5C509,0,,1,8
C1D5C509,1,,0,7
C1D5C509,1,,1,5
EAF896CA,0,,0,7
EAF896CA,0,,1,1
EAF896CA,1,,0,7
EAF896CA,1,,1,1
F3E3A78B,0,,0,7
F3E3A78B,0,,1,5
F3E3A78B,1,,0,7
F3E3A78B,1,,1,1
747BBB44,0,,0,6
747BBB44,0,,1,8
747BBB44,1,,0,7
747BBB44,1,,1,1
6D608A05,0,,0,6
6D608A05,0,,1,8
6D608A05,1,,0,1
6D608A05,1,,1,5
BD605B7B,0,,0,7
BD605B7B,0,,1,1
BD605B7B,1,,0,7
BD605B7B,1,,1,1
A47B6A3A,0,,0,1
A47B6A3A,0,,1,5
A47B6A3A,1,,0,1
A47B6A3A,1,,1,5
8F5639F9,0,,0,1
8F5639F9,0,,1,5
8F5639F9,1,,0,7
8F5639F9,1,,1,5
964D08B8,0,,0,6
964D08B8,0,,1,8
964D08B8,1,,0,1
964D08B8,1,,1,5
D90C9E7F,0,,0,7
D90C9E7F,0,,1,5
D90C9E7F,1,,0,7
D90C9E7F,1,,1,1
C017AF3E,0,,0,1
C017AF3E,0,,1,5
C017AF3E,1,,0,7
C017AF3E,1,,1,1
EB3AFCFD,0,,0,6
EB3AFCFD,0,,1,8
EB3AFCFD,1,,0,1
EB3AFCFD,1,,1,5
DF79536D,0,,0,8
DF79536D,0,,1,4
DF79536D,1,,0,7
DF79536D,1,,1,1
F45400AE,0,,0,7
F45400AE,0,,1,5
F45400AE,1,,0,8
F45400AE,1,,1,4
ED4F31EF,0,,0,7
ED4F31EF,0,,1,5
ED4F31EF,1,,0,7
ED4F31EF,1,,1,5
A20EA728,0,,0,7
A20EA728,0,,1,1
A20EA728,1,,0,7
A20EA728,1,,1,1
BB159669,0,,0,1
BB159669,0,,1,5
BB159669,1,,0,7
BB159669,1,,1,1
9038C5AA,0,,0,7
9038C5AA,0,,1,5
9038C5AA,1,,0,7
9038C5AA,1,,1,1
8923F4EB,0,,0,7
8923F4EB,0,,1,1
8923F4EB,1,,0,7
8923F4EB,1,,1,5
0EBBE824,0,,0,8
0EBBE824,0,,1,4
0EBBE824,1,,0,1
0EBBE824,1,,1,5
17A0D965,0,,0,1
17A0D965,0,,1,5
17A0D965,1,,0,7
17A0D965,1,,1,5
C7A0081B,0,,0,7
C7A0081B,0,,1,1
C7A0081B,1,,0,1
C7A0081B,1,,1,5
DEBB395A,0,,0,6
DEBB395A,0,,1,8
DEBB395A,1,,0,6
DEBB395A,1,,1,8
F5966A99,0,,0,1
F5966A99,0,,1,5
F5966A99,1,,0,7
F5966A99,1,,1,1
EC8D5BD8,0,,0,7
EC8D5BD8,0,,1,1
EC8D5BD8,1,,0,8
EC8D5BD8,1,,1,4
AA9BC1C3,0,,0,7
AA9BC1C3,0,,1,5
AA9BC1C3,1,,0,8
AA9BC1C3,1,,1,4
E65E836A,0,,0,7
E65E836A,0,,1,5
E65E836A,1,,0,6
E65E836A,1,,1,8
98ADA341,0,,0,7
98ADA341,0,,1,5
98ADA341,1,,0,7
98ADA341,1,,1,1
B380F082,0,,0,8
B380F082,0,,1,4
B380F082,1,,0,7
B380F082,1,,1,1
DF0DD991,0,,0,1
DF0DD991,0,,1,5
DF0DD991,1,,0,1
DF0DD991,1,,1,5
F4208A52,0,,0,7
F4208A52,0,,1,5
F4208A52,1,,0,1
F4208A52,1,,1,5
ED3BBB13,0,,0,6
ED3BBB13,0,,1,8
ED3BBB13,1,,0,7
ED3BBB13,1,,1,1
A27A2DD4,0,,0,8
A27A2DD4,0,,1,4
A27A2DD4,1,,0,7
A27A2DD4,1,,1,1
BB611C95,0,,0,7
BB611C95,0,,1,1
BB611C95,1,,0,7
BB611C95,1,,1,5
904C4F56,0,,0,7
904C4F56,0,,1,5
904C4F56,1,,0,7
904C4F56,1,,1,1
89577E17,0,,0,1
89577E17,0,,1,5
89577E17,1,,0,1
89577E17,1,,1,5
0ECF62D8,0,,0,7
0ECF62D8,0,,1,1
0ECF62D8,1,,0,7
0ECF62D8,1,,1,5
17D45399,0,,0,7
17D45399,0,,1,1
17D45399,1,,0,7
17D45399,1,,1,1
C7D482E7,0,,0,8
C7D482E7,0,,1,4
C7D482E7,1,,0,1
C7D482E7,1,,1,5
DECFB3A6,0,,0,7
DECFB3A6,0,,1,1
DECFB3A6,1,,0,7
DECFB3A6,1,,1,1
F5E2E065,0,,0,7
F5E2E065,0,,1,1
F5E2E065,1,,0,8
F5E2E065,1,,1,4
ECF9D124,0,,0,7
ECF9D124,0,,1,5
ECF9D124,1,,0,7
ECF9D124,1,,1,1
A3B847E3,0,,0,8
A3B847E3,0,,1,4
A3B847E3,1,,0,7
A3B847E3,1,,1,5
E26DF021,0,,0,6
E26DF021,0,,1,8
E26DF021,1,,0,8
E26DF021,1,,1,4
C940A3E2,0,,0,6
C940A3E2,0,,1,8
C940A3E2,1,,0,1
C940A3E2,1,,1,5
D05B92A3,0,,0,7
D05B92A3,0,,1,5
D05B92A3,1,,0,7
D05B92A3,1,,1,1
A75CA235,0,,0,8
A75CA235,0,,1,4
A75CA235,1,,0,7
A75CA235,1,,1,1
3E55F38F,0,,0,6
3E55F38F,0,,1,8
3E55F38F,1,,0,7
3E55F38F,1,,1,1
9F1A0464,0,,0,6
9F1A0464,0,,1,8
9F1A0464,1,,0,7
9F1A0464,1,,1,1
86013525,0,,0,7
86013525,0,,1,5
86013525,1,,0,7
86013525,1,,1,1
AD2C66E6,0,,0,8
AD2C66E6,0,,1,4
AD2C66E6,1,,0,7
AD2C66E6,1,,1,1
B43757A7,0,,0,1
B43757A7,0,,1,5
B43757A7,1,,0,1
B43757A7,1,,1,5
33AF4B68,0,,0,7
33AF4B68,0,,1,1
33AF4B68,1,,0,1
33AF4B68,1,,1,5
2AB47A29,0,,0,6
2AB47A29,0,,1,8
2AB47A29,1,,0,7
2AB47A29,1,,1,5
FAB4AB57,0,,0,6
FAB4AB57,0,,1,8
FAB4AB57,1,,0,7
FAB4AB57,1,,1,5
E3AF9A16,0,,0,1
E3AF9A16,0,,1,5
E3AF9A16,1,,0,7
E3AF9A16,1,,1,1
C882C9D5,0,,0,6
C882C9D5,0,,1,8
C882C9D5,1,,0,7
C882C9D5,1,,1,1
D199F894,0,,0,1
D199F894,0,,1,5
D199F894,1,,0,7
D199F894,1,,1,1
504D2C31,0,,0,7
504D2C31,0,,1,5
504D2C31,1,,0,6
504D2C31,1,,1,8
7B607FF2,0,,0,6
7B607FF2,0,,1,8
7B607FF2,1,,0,1
7B607FF2,1,,1,5
627B4EB3,0,,0,7
627B4EB3,0,,1,5
627B4EB3,1,,0,7
627B4EB3,1,,1,5
2D3AD874,0,,0,1
2D3AD874,0,,1,5
2D3AD874,1,,0,1
2D3AD874,1,,1,5
3421E935,0,,0,6
3421E935,0,,1,8
3421E935,1,,0,1
3421E935,1,,1,5
1F0CBAF6,0,,0,6
1F0CBAF6,0,,1,8
1F0CBAF6,1,,0,7
1F0CBAF6,1,,1,1
06178BB7,0,,0,8
06178BB7,0,,1,4
06178BB7,1,,0,7
06178BB7,1,,1,1
818F9778,0,,0,6
818F9778,0,,1,8
818F9778,1,,0,7
818F9778,1,,1,1
9894A639,0,,0,7
9894A639,0,,1,5
9894A639,1,,0,7
9894A639,1,,1,1
48947747,0,,0,4
48947747,0,,1,8
48947747,1,,0,7
48947747,1,,1,1
518F4606,0,,0,7
518F4606,0,,1,1
518F4606,1,,0,1
518F4606,1,,1,5
7AA215C5,0,,0,1
7AA215C5,0,,1,5
7AA215C5,1,,0,8
7AA215C5,1,,1,4
63B92484,0,,0,6
63B92484,0,,1,8
63B92484,1,,0,7
63B92484,1,,1,5
6D2D0581,0,,0,7
6D2D0581,0,,1,5
6D2D0581,1,,0,6
6D2D0581,1,,1,8
46005642,0,,0,1
46005642,0,,1,5
46005642,1,,0,7
46005642,1,,1,5
5F1B6703,0,,0,8
5F1B6703,0,,1,4
5F1B6703,1,,0,7
5F1B6703,1,,1,5
105AF1C4,0,,0,7
105AF1C4,0,,1,5
105AF1C4,1,,0,7
105AF1C4,1,,1,1
0941C085,0,,0,7
0941C085,0,,1,1
0941C085,1,,0,7
0941C085,1,,1,1
226C9346,0,,0,6
226C9346,0,,1,8
226C9346,1,,0,7
226C9346,1,,1,1
3B77A207,0,,0,8
3B77A207,0,,1,4
3B77A207,1,,0,7
3B77A207,1,,1,1
BCEFBEC8,0,,0,6
BCEFBEC8,0,,1,8
BCEFBEC8,1,,0,7
BCEFBEC8,1,,1,5
A5F48F89,0,,0,6
A5F48F89,0,,1,8
A5F48F89,1,,0,7
A5F48F89,1,,1,1
75F45EF7,0,,0,6
75F45EF7,0,,1,8
75F45EF7,1,,0,1
75F45EF7,1,,1,5
6CEF6FB6,0,,0,8
6CEF6FB6,0,,1,4
6CEF6FB6,1,,0,1
6CEF6FB6,1,,1,5
47C23C75,0,,0,6
47C23C75,0,,1,8
47C23C75,1,,0,7
47C23C75,1,,1,1
5ED90D34,0,,0,6
5ED90D34,0,,1,8
5ED90D34,1,,0,7
5ED90D34,1,,1,1
2A8D7F51,0,,0,1
2A8D7F51,0,,1,5
2A8D7F51,1,,0,6
2A8D7F51,1,,1,8
01A02C92,0,,0,6
01A02C92,0,,1,8
01A02C92,1,,0,7
01A02C92,1,,1,5
18BB1DD3,0,,0,7
18BB1DD3,0,,1,5
18BB1DD3,1,,0,7
18BB1DD3,1,,1,5
57FA8B14,0,,0,7
57FA8B14,0,,1,1
57FA8B14,1,,0,1
57FA8B14,1,,1,5
4EE1BA55,0,,0,7
4EE1BA55,0,,1,1
4EE1BA55,1,,0,7
4EE1BA55,1,,1,1
65CCE996,0,,0,7
65CCE996,0,,1,1
65CCE996,1,,0,7
65CCE996,1,,1,1
7CD7D8D7,0,,0,7
7CD7D8D7,0,,1,5
7CD7D8D7,1,,0,7
7CD7D8D7,1,,1,5
FB4FC418,0,,0,7
FB4FC418,0,,1,5
FB4FC418,1,,0,7
FB4FC418,1,,1,1
E254F559,0,,0,8
E254F559,0,,1,4
E254F559,1,,0,7
E254F559,1,,1,1
32542427,0,,0,8
32542427,0,,1,4
32542427,1,,0,1
32542427,1,,1,5
2B4F1566,0,,0,7
2B4F1566,0,,1,5
2B4F1566,1,,0,1
2B4F1566,1,,1,5
006246A5,0,,0,1
006246A5,0,,1,5
006246A5,1,,0,7
006246A5,1,,1,1
197977E4,0,,0,7
197977E4,0,,1,5
197977E4,1,,0,7
197977E4,1,,1,5
17ED56E1,0,,0,7
17ED56E1,0,,1,5
17ED56E1,1,,0,7
17ED56E1,1,,1,1
3CC00522,0,,0,7
3CC00522,0,,1,5
3CC00522,1,,0,7
3CC00522,1,,1,1
25DB3463,0,,0,7
25DB3463,0,,1,1
25DB3463,1,,0,7
25DB3463,1,,1,1
6A9AA2A4,0,,0,4
6A9AA2A4,0,,1,8
6A9AA2A4,1,,0,7
6A9AA2A4,1,,1,1
738193E5,0,,0,6
738193E5,0,,1,8
738193E5,1,,0,1
738193E5,1,,1,5
58ACC026,0,,0,7
58ACC026,0,,1,1
58ACC026,1,,0,7
58ACC026,1,,1,5
41B7F167,0,,0,7
41B7F167,0,,1,1
41B7F167,1,,0,7
41B7F167,1,,1,5
C62FEDA8,0,,0,1
C62FEDA8,0,,1,5
C62FEDA8,1,,0,7
C62FEDA8,1,,1,1
DF34DCE9,0,,0,6
DF34DCE9,0,,1,8
DF34DCE9,1,,0,7
DF34DCE9,1,,1,1
95BDC130,0,,0,1
95BDC130,0,,1,5
95BDC130,1,,0,1
95BDC130,1,,1,5
BE9092F3,0,,0,6
BE9092F3,0,,1,8
BE9092F3,1,,0,1
BE9092F3,1,,1,5
A78BA3B2,0,,0,1
A78BA3B2,0,,1,5
A78BA3B2,1,,0,7
A78BA3B2,1,,1,1
E8CA3575,0,,0,8
E8CA3575,0,,1,4
E8CA3575,1,,0,7
E8CA3575,1,,1,1
F1D10434,0,,0,4
F1D10434,0,,1,8
F1D10434,1,,0,7
F1D10434,1,,1,5
DAFC57F7,0,,0,6
DAFC57F7,0,,1,8
DAFC57F7,1,,0,7
DAFC57F7,1,,1,5
C3E766B6,0,,0,8
C3E766B6,0,,1,4
C3E766B6,1,,0,1
C3E766B6,1,,1,5
447F7A79,0,,0,8
447F7A79,0,,1,4
447F7A79,1,,0,7
447F7A79,1,,1,5
5D644B38,0,,0,6
5D644B38,0,,1,8
5D644B38,1,,0,7
5D644B38,1,,1,5
8D649A46,0,,0,8
8D649A46,0,,1,4
8D649A46,1,,0,7
8D649A46,1,,1,5
947FAB07,0,,0,6
947FAB07,0,,1,8
947FAB07,1,,0,6
947FAB07,1,,1,8
BF52F8C4,0,,0,6
BF52F8C4,0,,1,8
BF52F8C4,1,,0,8
BF52F8C4,1,,1,4
A649C985,0,,0,7
A649C985,0,,1,5
A649C985,1,,0,7
A649C985,1,,1,5
E9085F42,0,,0,7
E9085F42,0,,1,1
E9085F42,1,,0,7
E9085F42,1,,1,1
A8DDE880,0,,0,6
A8DDE880,0,,1,8
A8DDE880,1,,0,7
A8DDE880,1,,1,1
83F0BB43,0,,0,8
83F0BB43,0,,1,4
83F0BB43,1,,0,7
83F0BB43,1,,1,5
9AEB8A02,0,,0,7
9AEB8A02,0,,1,1
9AEB8A02,1,,0,8
9AEB8A02,1,,1,4
D5AA1CC5,0,,0,7
D5AA1CC5,0,,1,5
D5AA1CC5,1,,0,7
D5AA1CC5,1,,1,1
CCB12D84,0,,0,7
CCB12D84,0,,1,5
CCB12D84,1,,0,7
CCB12D84,1,,1,1
E79C7E47,0,,0,7
E79C7E47,0,,1,5
E79C7E47,1,,0,7
E79C7E47,1,,1,1
FE874F06,0,,0,8
FE874F06,0,,1,4
FE874F06,1,,0,7
FE874F06,1,,1,1
791F53C9,0,,0,6
791F53C9,0,,1,8
791F53C9,1,,0,7
791F53C9,1,,1,5
60046288,0,,0,7
60046288,0,,1,5
60046288,1,,0,1
60046288,1,,1,5
B004B3F6,0,,0,7
B004B3F6,0,,1,1
B004B3F6,1,,0,7
B004B3F6,1,,1,5
A91F82B7,0,,0,8
A91F82B7,0,,1,4
A91F82B7,1,,0,7
A91F82B7,1,,1,1
8232D174,0,,0,7
8232D174,0,,1,1
8232D174,1,,0,1
8232D174,1,,1,5
9B29E035,0,,0,6
9B29E035,0,,1,8
9B29E035,1,,0,7
9B29E035,1,,1,1
D46876F2,0,,0,6
D46876F2,0,,1,8
D46876F2,1,,0,7
D46876F2,1,,1,1
CD7347B3,0,,0,6
CD7347B3,0,,1,8
CD7347B3,1,,0,7
CD7347B3,1,,1,1
E65E1470,0,,0,6
E65E1470,0,,1,8
E65E1470,1,,0,8
E65E1470,1,,1,4
FF452531,0,,0,6
FF452531,0,,1,8
FF452531,1,,0,1
FF452531,1,,1,5
78DD39FE,0,,0,1
78DD39FE,0,,1,5
78DD39FE,1,,0,7
78DD39FE,1,,1,1
61C608BF,0,,0,6
61C608BF,0,,1,8
61C608BF,1,,0,7
61C608BF,1,,1,1
B2420DAF,0,,0,8
B2420DAF,0,,1,4
B2420DAF,1,,0,7
B2420DAF,1,,1,1
AB593CEE,0,,0,7
AB593CEE,0,,1,5
AB593CEE,1,,0,7
AB593CEE,1,,1,1
6E915954,0,,0,7
6E915954,0,,1,5
6E915954,1,,0,7
6E915954,1,,1,5
45BC0A97,0,,0,6
45BC0A97,0,,1,8
45BC0A97,1,,0,1
45BC0A97,1,,1,5
5CA73BD6,0,,0,1
5CA73BD6,0,,1,5
5CA73BD6,1,,0,7
5CA73BD6,1,,1,1
13E6AD11,0,,0,7
13E6AD11,0,,1,5
13E6AD11,1,,0,7
13E6AD11,1,,1,1
0AFD9C50,0,,0,8
0AFD9C50,0,,1,4
0AFD9C50,1,,0,7
0AFD9C50,1,,1,1
21D0CF93,0,,0,6
21D0CF93,0,,1,8
21D0CF93,1,,0,7
21D0CF93,1,,1,1
38CBFED2,0,,0,7
38CBFED2,0,,1,5
38CBFED2,1,,0,7
38CBFED2,1,,1,1
BF53E21D,0,,0,8
BF53E21D,0,,1,4
BF53E21D,1,,0,7
BF53E21D,1,,1,5
A648D35C,0,,0,7
A648D35C,0,,1,1
A648D35C,1,,0,7
A648D35C,1,,1,5
76480222,0,,0,1
76480222,0,,1,5
76480222,1,,0,7
76480222,1,,1,1
6F533363,0,,0,6
6F533363,0,,1,8
6F533363,1,,0,6
6F533363,1,,1,8
447E60A0,0,,0,1
447E60A0,0,,1,5
447E60A0,1,,0,7
447E60A0,1,,1,1
5D6551E1,0,,0,7
5D6551E1,0,,1,5
5D6551E1,1,,0,7
5D6551E1,1,,1,1
53F170E4,0,,0,6
53F170E4,0,,1,8
53F170E4,1,,0,7
53F170E4,1,,1,5
78DC2327,0,,0,1
78DC2327,0,,1,5
78DC2327,1,,0,8
78DC2327,1,,1,4
61C71266,0,,0,1
61C71266,0,,1,5
61C71266,1,,0,1
61C71266,1,,1,5
2E8684A1,0,,0,7
2E8684A1,0,,1,5
2E8684A1,1,,0,7
2E8684A1,1,,1,1
379DB5E0,0,,0,8
379DB5E0,0,,1,4
379DB5E0,1,,0,7
379DB5E0,1,,1,1
1CB0E623,0,,0,1
1CB0E623,0,,1,5
1CB0E623,1,,0,7
1CB0E623,1,,1,1
05ABD762,0,,0,7
05ABD762,0,,1,1
05ABD762,1,,0,7
05ABD762,1,,1,1
8233CBAD,0,,0,1
8233CBAD,0,,1,5
8233CBAD,1,,0,7
8233CBAD,1,,1,1
9B28FAEC,0,,0,7
9B28FAEC,0,,1,5
9B28FAEC,1,,0,1
9B28FAEC,1,,1,5
4B282B92,0,,0,1
4B282B92,0,,1,5
4B282B92,1,,0,7
4B282B92,1,,1,1
52331AD3,0,,0,6
52331AD3,0,,1,8
52331AD3,1,,0,6
52331AD3,1,,1,8
791E4910,0,,0,6
791E4910,0,,1,8
791E4910,1,,0,7
791E4910,1,,1,1
60057851,0,,0,8
60057851,0,,1,4
60057851,1,,0,7
60057851,1,,1,1
2F44EE96,0,,0,7
2F44EE96,0,,1,1
2F44EE96,1,,0,1
2F44EE96,1,,1,5
365FDFD7,0,,0,6
365FDFD7,0,,1,8
365FDFD7,1,,0,7
365FDFD7,1,,1,1
1D728C14,0,,0,8
1D728C14,0,,1,4
1D728C14,1,,0,7
1D728C14,1,,1,1
14510A34,0,,0,8
14510A34,0,,1,4
14510A34,1,,0,7
14510A34,1,,1,5
3F7C59F7,0,,0,6
3F7C59F7,0,,1,8
3F7C59F7,1,,0,8
3F7C59F7,1,,1,4
266768B6,0,,0,7
266768B6,0,,1,1
266768B6,1,,0,7
266768B6,1,,1,1
6926FE71,0,,0,7
6926FE71,0,,1,5
6926FE71,1,,0,7
6926FE71,1,,1,1
703DCF30,0,,0,8
703DCF30,0,,1,4
703DCF30,1,,0,7
703DCF30,1,,1,1
5B109CF3,0,,0,6
5B109CF3,0,,1,8
5B109CF3,1,,0,7
5B109CF3,1,,1,1
420BADB2,0,,0,8
420BADB2,0,,1,4
420BADB2,1,,0,7
420BADB2,1,,1,1
C593B17D,0,,0,7
C593B17D,0,,1,5
C593B17D,1,,0,7
C593B17D,1,,1,1
DC88803C,0,,0,7
DC88803C,0,,1,5
DC88803C,1,,0,1
DC88803C,1,,1,5
0C885142,0,,0,7
0C885142,0,,1,1
0C885142,1,,0,1
0C885142,1,,1,5
15936003,0,,0,1
15936003,0,,1,5
15936003,1,,0,7
15936003,1,,1,1
3EBE33C0,0,,0,8
3EBE33C0,0,,1,4
3EBE33C0,1,,0,7
3EBE33C0,1,,1,5
27A50281,0,,0,8
27A50281,0,,1,4
27A50281,1,,0,7
27A50281,1,,1,5
68E49446,0,,0,1
68E49446,0,,1,5
68E49446,1,,0,7
68E49446,1,,1,5
29312384,0,,0,7
29312384,0,,1,5
29312384,1,,0,8
29312384,1,,1,4
021C7047,0,,0,7
021C7047,0,,1,5
021C7047,1,,0,8
021C7047,1,,1,4
1B074106,0,,0,1
1B074106,0,,1,5
1B074106,1,,0,7
1B074106,1,,1,1
4D5DE680,0,,0,1
4D5DE680,0,,1,5
4D5DE680,1,,0,7
4D5DE680,1,,1,1
6670B543,0,,0,7
6670B543,0,,1,5
6670B543,1,,0,7
6670B543,1,,1,1
F8F398CD,0,,0,7
F8F398CD,0,,1,1
F8F398CD,1,,0,7
F8F398CD,1,,1,1
E1E8A98C,0,,0,7
E1E8A98C,0,,1,1
E1E8A98C,1,,0,7
E1E8A98C,1,,1,5
31E878F2,0,,0,7
31E878F2,0,,1,5
31E878F2,1,,0,1
31E878F2,1,,1,5
28F349B3,0,,0,1
28F349B3,0,,1,5
28F349B3,1,,0,7
28F349B3,1,,1,1
03DE1A70,0,,0,6
03DE1A70,0,,1,8
03DE1A70,1,,0,1
03DE1A70,1,,1,5
1AC52B31,0,,0,7
1AC52B31,0,,1,1
1AC52B31,1,,0,7
1AC52B31,1,,1,1
5584BDF6,0,,0,8
5584BDF6,0,,1,4
5584BDF6,1,,0,7
5584BDF6,1,,1,1
B1376EB7,0,,0,7
B1376EB7,0,,1,1
B1376EB7,1,,0,6
B1376EB7,1,,1,8
9A1A3D74,0,,0,6
9A1A3D74,0,,1,8
9A1A3D74,1,,0,6
9A1A3D74,1,,1,8
83010C35,0,,0,6
83010C35,0,,1,8
83010C35,1,,0,6
83010C35,1,,1,8
CC409AF2,0,,0,6
CC409AF2,0,,1,8
CC409AF2,1,,0,6
CC409AF2,1,,1,8
F6971467,0,,0,7
F6971467,0,,1,1
F6971467,1,,0,8
F6971467,1,,1,4
DDBA47A4,0,,0,7
DDBA47A4,0,,1,1
DDBA47A4,1,,0,8
DDBA47A4,1,,1,4
C4A176E5,0,,0,7
C4A176E5,0,,1,5
C4A176E5,1,,0,7
C4A176E5,1,,1,1
8BE0E022,0,,0,7
8BE0E022,0,,1,1
8BE0E022,1,,0,7
8BE0E022,1,,1,1
92FBD163,0,,0,7
92FBD163,0,,1,5
92FBD163,1,,0,1
92FBD163,1,,1,5
B9D682A0,0,,0,4
B9D682A0,0,,1,8
B9D682A0,1,,0,7
B9D682A0,1,,1,1
A0CDB3E1,0,,0,6
A0CDB3E1,0,,1,8
A0CDB3E1,1,,0,1
A0CDB3E1,1,,1,5
2755AF2E,0,,0,7
2755AF2E,0,,1,5
2755AF2E,1,,0,7
2755AF2E,1,,1,1
3E4E9E6F,0,,0,1
3E4E9E6F,0,,1,5
3E4E9E6F,1,,0,7
3E4E9E6F,1,,1,1
EE4E4F11,0,,0,1
EE4E4F11,0,,1,5
EE4E4F11,1,,0,7
EE4E4F11,1,,1,5
F7557E50,0,,0,6
F7557E50,0,,1,8
F7557E50,1,,0,6
F7557E50,1,,1,8
DC782D93,0,,0,1
DC782D93,0,,1,5
DC782D93,1,,0,1
DC782D93,1,,1,5
C5631CD2,0,,0,8
C5631CD2,0,,1,4
C5631CD2,1,,0,7
C5631CD2,1,,1,1
8A228A15,0,,0,6
8A228A15,0,,1,8
8A228A15,1,,0,6
8A228A15,1,,1,8
9339BB54,0,,0,7
9339BB54,0,,1,5
9339BB54,1,,0,1
9339BB54,1,,1,5
B814E897,0,,0,7
B814E897,0,,1,5
B814E897,1,,0,8
B814E897,1,,1,4
52FAB204,0,,0,6
52FAB204,0,,1,8
52FAB204,1,,0,7
52FAB204,1,,1,5
1DBB24C3,0,,0,6
1DBB24C3,0,,1,8
1DBB24C3,1,,0,8
1DBB24C3,1,,1,4
36967700,0,,0,6
36967700,0,,1,8
36967700,1,,0,8
36967700,1,,1,4
04A01582,0,,0,7
04A01582,0,,1,1
04A01582,1,,0,7
04A01582,1,,1,1
B10E6BCF,0,,0,6
B10E6BCF,0,,1,8
B10E6BCF,1,,0,7
B10E6BCF,1,,1,1
79D7E1C7,0,,0,4
79D7E1C7,0,,1,8
79D7E1C7,1,,0,8
79D7E1C7,1,,1,4
2F8D4641,0,,0,7
2F8D4641,0,,1,5
2F8D4641,1,,0,7
2F8D4641,1,,1,1
610EBAB1,0,,0,7
610EBAB1,0,,1,1
610EBAB1,1,,0,7
610EBAB1,1,,1,1
A8155A8E,0,,0,4
A8155A8E,0,,1,8
A8155A8E,1,,0,8
A8155A8E,1,,1,4
78158BF0,0,,0,7
78158BF0,0,,1,5
78158BF0,1,,0,7
78158BF0,1,,1,5
4BE18345,0,,0,6
4BE18345,0,,1,8
4BE18345,1,,0,7
4BE18345,1,,1,1
5338D833,0,,0,8
5338D833,0,,1,4
5338D833,1,,0,1
5338D833,1,,1,5
4A23E972,0,,0,7
4A23E972,0,,1,1
4A23E972,1,,0,7
4A23E972,1,,1,1
05627FB5,0,,0,8
05627FB5,0,,1,4
05627FB5,1,,0,6
05627FB5,1,,1,8
1C794EF4,0,,0,4
1C794EF4,0,,1,8
1C794EF4,1,,0,1
1C794EF4,1,,1,5
37541D37,0,,0,1
37541D37,0,,1,5
37541D37,1,,0,1
37541D37,1,,1,5
2AA62CA1,0,,0,7
2AA62CA1,0,,1,5
2AA62CA1,1,,0,8
2AA62CA1,1,,1,4
018B7F62,0,,0,7
018B7F62,0,,1,1
018B7F62,1,,0,8
018B7F62,1,,1,4
8C574707,0,,0,1
8C574707,0,,1,5
8C574707,1,,0,7
8C574707,1,,1,1
BE612585,0,,0,6
BE612585,0,,1,8
BE612585,1,,0,8
BE612585,1,,1,4
F120B342,0,,0,6
F120B342,0,,1,8
F120B342,1,,0,7
F120B342,1,,1,5
E83B8203,0,,0,7
E83B8203,0,,1,1
E83B8203,1,,0,7
E83B8203,1,,1,5
C316D1C0,0,,0,7
C316D1C0,0,,1,5
C316D1C0,1,,0,7
C316D1C0,1,,1,5
DA0DE081,0,,0,1
DA0DE081,0,,1,5
DA0DE081,1,,0,6
DA0DE081,1,,1,8
5D95FC4E,0,,0,1
5D95FC4E,0,,1,5
5D95FC4E,1,,0,7
5D95FC4E,1,,1,5
448ECD0F,0,,0,7
448ECD0F,0,,1,1
448ECD0F,1,,0,7
448ECD0F,1,,1,5
948E1C71,0,,0,7
948E1C71,0,,1,5
948E1C71,1,,0,7
948E1C71,1,,1,1
8D952D30,0,,0,1
8D952D30,0,,1,5
8D952D30,1,,0,7
8D952D30,1,,1,1
A6B87EF3,0,,0,7
A6B87EF3,0,,1,1
A6B87EF3,1,,0,7
A6B87EF3,1,,1,1
BFA34FB2,0,,0,6
BFA34FB2,0,,1,8
BFA34FB2,1,,0,7
BFA34FB2,1,,1,1
F0E2D975,0,,0,7
F0E2D975,0,,1,1
F0E2D975,1,,0,6
F0E2D975,1,,1,8
E9F9E834,0,,0,7
E9F9E834,0,,1,5
E9F9E834,1,,0,7
E9F9E834,1,,1,1
C2D4BBF7,0,,0,8
C2D4BBF7,0,,1,4
C2D4BBF7,1,,0,8
C2D4BBF7,1,,1,4
CBF73DD7,0,,0,6
CBF73DD7,0,,1,8
CBF73DD7,1,,0,8
CBF73DD7,1,,1,4
E0DA6E14,0,,0,8
E0DA6E14,0,,1,4
E0DA6E14,1,,0,7
E0DA6E14,1,,1,5
F9C15F55,0,,0,6
F9C15F55,0,,1,8
F9C15F55,1,,0,1
F9C15F55,1,,1,5
B680C992,0,,0,7
B680C992,0,,1,5
B680C992,1,,0,6
B680C992,1,,1,8
AF9BF8D3,0,,0,6
AF9BF8D3,0,,1,8
AF9BF8D3,1,,0,7
AF9BF8D3,1,,1,1
84B6AB10,0,,0,7
84B6AB10,0,,1,5
84B6AB10,1,,0,7
84B6AB10,1,,1,1
9DAD9A51,0,,0,4
9DAD9A51,0,,1,8
9DAD9A51,1,,0,7
9DAD9A51,1,,1,1
1A35869E,0,,0,7
1A35869E,0,,1,5
1A35869E,1,,0,7
1A35869E,1,,1,5
032EB7DF,0,,0,7
032EB7DF,0,,1,1
032EB7DF,1,,0,7
032EB7DF,1,,1,5
D32E66A1,0,,0,8
D32E66A1,0,,1,4
D32E66A1,1,,0,7
D32E66A1,1,,1,5
CA3557E0,0,,0,7
CA3557E0,0,,1,5
CA3557E0,1,,0,1
CA3557E0,1,,1,5
E1180423,0,,0,1
E1180423,0,,1,5
E1180423,1,,0,7
E1180423,1,,1,1
F8033562,0,,0,6
F8033562,0,,1,8
F8033562,1,,0,1
F8033562,1,,1,5
B742A3A5,0,,0,7
B742A3A5,0,,1,1
B742A3A5,1,,0,1
B742A3A5,1,,1,5
AE5992E4,0,,0,7
AE5992E4,0,,1,5
AE5992E4,1,,0,7
AE5992E4,1,,1,1
8574C127,0,,0,1
8574C127,0,,1,5
8574C127,1,,0,1
8574C127,1,,1,5
C873E9B9,0,,0,6
C873E9B9,0,,1,8
C873E9B9,1,,0,8
C873E9B9,1,,1,4
E35EBA7A,0,,0,7
E35EBA7A,0,,1,1
E35EBA7A,1,,0,7
E35EBA7A,1,,1,5
FA458B3B,0,,0,8
FA458B3B,0,,1,4
FA458B3B,1,,0,1
FA458B3B,1,,1,5
B5041DFC,0,,0,1
B5041DFC,0,,1,5
B5041DFC,1,,0,6
B5041DFC,1,,1,8
AC1F2CBD,0,,0,6
AC1F2CBD,0,,1,8
AC1F2CBD,1,,0,7
AC1F2CBD,1,,1,1
87327F7E,0,,0,7
87327F7E,0,,1,5
87327F7E,1,,0,7
87327F7E,1,,1,1
9E294E3F,0,,0,6
9E294E3F,0,,1,8
9E294E3F,1,,0,7
9E294E3F,1,,1,1
19B152F0,0,,0,1
19B152F0,0,,1,5
19B152F0,1,,0,7
19B152F0,1,,1,5
00AA63B1,0,,0,7
00AA63B1,0,,1,1
00AA63B1,1,,0,7
00AA63B1,1,,1,5
D0AAB2CF,0,,0,7
D0AAB2CF,0,,1,5
D0AAB2CF,1,,0,7
D0AAB2CF,1,,1,5
C9B1838E,0,,0,1
C9B1838E,0,,1,5
C9B1838E,1,,0,1
C9B1838E,1,,1,5
E29CD04D,0,,0,1
E29CD04D,0,,1,5
E29CD04D,1,,0,7
E29CD04D,1,,1,1
FB87E10C,0,,0,7
FB87E10C,0,,1,5
FB87E10C,1,,0,1
FB87E10C,1,,1,5
B4C677CB,0,,0,6
B4C677CB,0,,1,8
B4C677CB,1,,0,1
B4C677CB,1,,1,5
ADDD468A,0,,0,6
ADDD468A,0,,1,8
ADDD468A,1,,0,7
ADDD468A,1,,1,1
86F01549,0,,0,8
86F01549,0,,1,4
86F01549,1,,0,1
86F01549,1,,1,5
48C1FA6A,0,,0,1
48C1FA6A,0,,1,5
48C1FA6A,1,,0,7
48C1FA6A,1,,1,1
B40060FD,0,,0,7
B40060FD,0,,1,1
B40060FD,1,,0,8
B40060FD,1,,1,4
ED3225B0,0,,0,7
ED3225B0,0,,1,1
ED3225B0,1,,0,7
ED3225B0,1,,1,1
491353CE,0,,0,7
491353CE,0,,1,5
491353CE,1,,0,8
491353CE,1,,1,4
D7D055C7,0,,0,1
D7D055C7,0,,1,5
D7D055C7,1,,0,7
D7D055C7,1,,1,1
080538F5,0,,0,6
080538F5,0,,1,8
080538F5,1,,0,8
080538F5,1,,1,4
BCCFED86,0,,0,8
BCCFED86,0,,1,4
BCCFED86,1,,0,8
BCCFED86,1,,1,4
AF1AF255,0,,0,8
AF1AF255,0,,1,4
AF1AF255,1,,0,8
AF1AF255,1,,1,4
ED3FF528,0,,0,6
ED3FF528,0,,1,8
ED3FF528,1,,0,8
ED3FF528,1,,1,4
B861E616,0,,0,7
B861E616,0,,1,5
B861E616,1,,0,8
B861E616,1,,1,4
8D27F71B,0,,0,1
8D27F71B,0,,1,5
8D27F71B,1,,0,8
8D27F71B,1,,1,4
50F8C717,0,,0,6
50F8C717,0,,1,8
50F8C717,1,,0,8
50F8C717,1,,1,4
49427AFE,0,,0,6
49427AFE,0,,1,8
49427AFE,1,,0,1
49427AFE,1,,1,5
DF1FD8BC,0,,0,4
DF1FD8BC,0,,1,8
DF1FD8BC,1,,0,7
DF1FD8BC,1,,1,5
7968D308,0,,0,7
7968D308,0,,1,5
7968D308,1,,0,1
7968D308,1,,1,5
32C6A73F,0,,0,1
32C6A73F,0,,1,5
32C6A73F,1,,0,1
32C6A73F,1,,1,5
2A924FC4,0,,0,7
2A924FC4,0,,1,1
2A924FC4,1,,0,6
2A924FC4,1,,1,8
8513F873,0,,0,8
8513F873,0,,1,4
8513F873,1,,0,6
8513F873,1,,1,8
B4FBE2EE,0,,0,7
B4FBE2EE,0,,1,5
B4FBE2EE,1,,0,1
B4FBE2EE,1,,1,5
128CE95A,0,,0,4
128CE95A,0,,1,8
128CE95A,1,,0,1
128CE95A,1,,1,5
D72BD7D4,0,,0,1
D72BD7D4,0,,1,5
D72BD7D4,1,,0,1
D72BD7D4,1,,1,5
715CDC60,0,,0,7
715CDC60,0,,1,5
715CDC60,1,,0,7
715CDC60,1,,1,1
40B4C6FD,0,,0,7
40B4C6FD,0,,1,1
40B4C6FD,1,,0,7
40B4C6FD,1,,1,1
E6C3CD49,0,,0,1
E6C3CD49,0,,1,5
E6C3CD49,1,,0,7
E6C3CD49,1,,1,1
108BBDA0,0,,0,7
108BBDA0,0,,1,5
108BBDA0,1,,0,7
108BBDA0,1,,1,1
B6FCB614,0,,0,7
B6FCB614,0,,1,5
B6FCB614,1,,0,7
B6FCB614,1,,1,1
EFCEF359,0,,0,7
EFCEF359,0,,1,5
EFCEF359,1,,0,8
EFCEF359,1,,1,4
49B9F8ED,0,,0,6
49B9F8ED,0,,1,8
49B9F8ED,1,,0,8
49B9F8ED,1,,1,4
7851E270,0,,0,6
7851E270,0,,1,8
7851E270,1,,0,6
7851E270,1,,1,8
DE26E9C4,0,,0,6
DE26E9C4,0,,1,8
DE26E9C4,1,,0,1
DE26E9C4,1,,1,5
1B81D74A,0,,0,7
1B81D74A,0,,1,5
1B81D74A,1,,0,7
1B81D74A,1,,1,1
BDF6DCFE,0,,0,7
BDF6DCFE,0,,1,5
BDF6DCFE,1,,0,8
BDF6DCFE,1,,1,4
8C1EC663,0,,0,7
8C1EC663,0,,1,5
8C1EC663,1,,0,1
8C1EC663,1,,1,5
7E1F5B67,0,,0,8
7E1F5B67,0,,1,4
7E1F5B67,1,,0,6
7E1F5B67,1,,1,8
4FF741FA,0,,0,7
4FF741FA,0,,1,1
4FF741FA,1,,0,1
4FF741FA,1,,1,5
E9804A4E,0,,0,7
E9804A4E,0,,1,5
E9804A4E,1,,0,1
E9804A4E,1,,1,5
2C2774C0,0,,0,7
2C2774C0,0,,1,1
2C2774C0,1,,0,1
2C2774C0,1,,1,5
8A507F74,0,,0,6
8A507F74,0,,1,8
8A507F74,1,,0,7
8A507F74,1,,1,1
BBB865E9,0,,0,6
BBB865E9,0,,1,8
BBB865E9,1,,0,7
BBB865E9,1,,1,1
1DCF6E5D,0,,0,1
1DCF6E5D,0,,1,5
1DCF6E5D,1,,0,7
1DCF6E5D,1,,1,1
EB871EB4,0,,0,6
EB871EB4,0,,1,8
EB871EB4,1,,0,7
EB871EB4,1,,1,1
4DF01500,0,,0,8
4DF01500,0,,1,4
4DF01500,1,,0,7
4DF01500,1,,1,1
14C2504D,0,,0,6
14C2504D,0,,1,8
14C2504D,1,,0,8
14C2504D,1,,1,4
B2B55BF9,0,,0,7
B2B55BF9,0,,1,1
B2B55BF9,1,,0,8
B2B55BF9,1,,1,4
835D4164,0,,0,7
835D4164,0,,1,5
835D4164,1,,0,6
835D4164,1,,1,8
252A4AD0,0,,0,8
252A4AD0,0,,1,4
252A4AD0,1,,0,7
252A4AD0,1,,1,1
E08D745E,0,,0,7
E08D745E,0,,1,1
E08D745E,1,,0,7
E08D745E,1,,1,1
46FA7FEA,0,,0,8
46FA7FEA,0,,1,4
46FA7FEA,1,,0,8
46FA7FEA,1,,1,4
4B452E04,0,,0,1
4B452E04,0,,1,5
4B452E04,1,,0,7
4B452E04,1,,1,1
4903905D,0,,0,8
4903905D,0,,1,4
4903905D,1,,0,7
4903905D,1,,1,1
4A874433,0,,0,1
4A874433,0,,1,5
4A874433,1,,0,7
4A874433,1,,1,1
ECF04F87,0,,0,8
ECF04F87,0,,1,4
ECF04F87,1,,0,7
ECF04F87,1,,1,1
B5C20ACA,0,,0,1
B5C20ACA,0,,1,5
B5C20ACA,1,,0,8
B5C20ACA,1,,1,4
69782B4A,0,,0,7
69782B4A,0,,1,5
69782B4A,1,,0,8
69782B4A,1,,1,4
C89F4EEC,0,,0,8
C89F4EEC,0,,1,4
C89F4EEC,1,,0,7
C89F4EEC,1,,1,1
C9A67F94,0,,0,7
C9A67F94,0,,1,5
C9A67F94,1,,0,6
C9A67F94,1,,1,8
A37B74BE,0,,0,7
A37B74BE,0,,1,5
A37B74BE,1,,0,8
A37B74BE,1,,1,4
BA6B6274,0,,0,7
BA6B6274,0,,1,1
BA6B6274,1,,0,1
BA6B6274,1,,1,5
47297877,0,,0,6
47297877,0,,1,8
47297877,1,,0,8
47297877,1,,1,4
65BED61A,0,,0,7
65BED61A,0,,1,1
65BED61A,1,,0,7
65BED61A,1,,1,1
7C046BF3,0,,0,6
7C046BF3,0,,1,8
7C046BF3,1,,0,1
7C046BF3,1,,1,5
358C7DDF,0,,0,7
358C7DDF,0,,1,1
358C7DDF,1,,0,7
358C7DDF,1,,1,1
00CA6CD2,0,,0,7
00CA6CD2,0,,1,5
00CA6CD2,1,,0,7
00CA6CD2,1,,1,1
7DC601C4,0,,0,1
7DC601C4,0,,1,5
7DC601C4,1,,0,1
7DC601C4,1,,1,5
30E01C78,0,,0,6
30E01C78,0,,1,8
30E01C78,1,,0,1
30E01C78,1,,1,5
CE6A3172,0,,0,6
CE6A3172,0,,1,8
CE6A3172,1,,0,1
CE6A3172,1,,1,5
312F7F8B,0,,0,6
312F7F8B,0,,1,8
312F7F8B,1,,0,8
312F7F8B,1,,1,4
681D3AC6,0,,0,6
681D3AC6,0,,1,8
681D3AC6,1,,0,1
681D3AC6,1,,1,5
C7670F62,0,,0,8
C7670F62,0,,1,4
C7670F62,1,,0,8
C7670F62,1,,1,4
7E033F09,0,,0,6
7E033F09,0,,1,8
7E033F09,1,,0,7
7E033F09,1,,1,1
27317A44,0,,0,1
27317A44,0,,1,5
27317A44,1,,0,8
27317A44,1,,1,4
3C8C9357,0,,0,1
3C8C9357,0,,1,5
3C8C9357,1,,0,7
3C8C9357,1,,1,1
0FC97613,0,,0,7
0FC97613,0,,1,1
0FC97613,1,,0,6
0FC97613,1,,1,8
04646742,0,,0,8
04646742,0,,1,4
04646742,1,,0,1
04646742,1,,1,5
8C4FEF53,0,,0,1
8C4FEF53,0,,1,5
8C4FEF53,1,,0,7
8C4FEF53,1,,1,1
9AF6487B,0,,0,7
9AF6487B,0,,1,5
9AF6487B,1,,0,8
9AF6487B,1,,1,4
B20E442C,0,,0,6
B20E442C,0,,1,8
B20E442C,1,,0,6
B20E442C,1,,1,8
81E10A4B,0,,0,7
81E10A4B,0,,1,5
81E10A4B,1,,0,7
81E10A4B,1,,1,1
7939FA38,0,,0,1
7939FA38,0,,1,5
7939FA38,1,,0,7
7939FA38,1,,1,1
D9112531,0,,0,7
D9112531,0,,1,1
D9112531,1,,0,8
D9112531,1,,1,4
611004D6,0,,0,7
611004D6,0,,1,5
611004D6,1,,0,7
611004D6,1,,1,1
9758743F,0,,0,6
9758743F,0,,1,8
9758743F,1,,0,7
9758743F,1,,1,1
E55A0A2C,0,,0,1
E55A0A2C,0,,1,5
E55A0A2C,1,,0,7
E55A0A2C,1,,1,1
D8D34F06,0,,0,1
D8D34F06,0,,1,5
D8D34F06,1,,0,8
D8D34F06,1,,1,4
E498601B,0,,0,6
E498601B,0,,1,8
E498601B,1,,0,7
E498601B,1,,1,1
969A1E08,0,,0,1
969A1E08,0,,1,5
969A1E08,1,,0,7
969A1E08,1,,1,1
60D26EE1,0,,0,7
60D26EE1,0,,1,5
60D26EE1,1,,0,7
60D26EE1,1,,1,1
74614DAB,0,,0,7
74614DAB,0,,1,5
74614DAB,1,,0,6
74614DAB,1,,1,8
478E03CC,0,,0,8
478E03CC,0,,1,4
478E03CC,1,,0,7
478E03CC,1,,1,1
1EBC4681,0,,0,8
1EBC4681,0,,1,4
1EBC4681,1,,0,8
1EBC4681,1,,1,4
B8CB4D35,0,,0,7
B8CB4D35,0,,1,1
B8CB4D35,1,,0,8
B8CB4D35,1,,1,4
1F7E2CB6,0,,0,6
1F7E2CB6,0,,1,8
1F7E2CB6,1,,0,8
1F7E2CB6,1,,1,4
D4B2C9ED,0,,0,8
D4B2C9ED,0,,1,4
D4B2C9ED,1,,0,8
D4B2C9ED,1,,1,4
23CE58E4,0,,0,7
23CE58E4,0,,1,1
23CE58E4,1,,0,6
23CE58E4,1,,1,8
EF64587A,0,,0,6
EF64587A,0,,1,8
EF64587A,1,,0,8
EF64587A,1,,1,4
22F7699C,0,,0,6
22F7699C,0,,1,8
22F7699C,1,,0,7
22F7699C,1,,1,1
FF82F2B3,0,,0,6
FF82F2B3,0,,1,8
FF82F2B3,1,,0,7
FF82F2B3,1,,1,1
84806228,0,,0,8
84806228,0,,1,4
84806228,1,,0,7
84806228,1,,1,1
7BC8FC49,0,,0,8
7BC8FC49,0,,1,4
7BC8FC49,1,,0,7
7BC8FC49,1,,1,1
72C812C1,0,,0,1
72C812C1,0,,1,5
72C812C1,1,,0,7
72C812C1,1,,1,1
A575506F,0,,0,7
A575506F,0,,1,5
A575506F,1,,0,6
A575506F,1,,1,8
955F20C5,0,,0,1
955F20C5,0,,1,5
955F20C5,1,,0,1
955F20C5,1,,1,5
949D4AF2,0,,0,7
949D4AF2,0,,1,5
949D4AF2,1,,0,1
949D4AF2,1,,1,5
032EBDA2,0,,0,8
032EBDA2,0,,1,4
032EBDA2,1,,0,1
032EBDA2,1,,1,5
33282B71,0,,0,1
33282B71,0,,1,5
33282B71,1,,0,1
33282B71,1,,1,5
EC57343C,0,,0,1
EC57343C,0,,1,5
EC57343C,1,,0,8
EC57343C,1,,1,4
F68F15FF,0,,0,1
F68F15FF,0,,1,5
F68F15FF,1,,0,7
F68F15FF,1,,1,1
13127AC5,0,,0,7
13127AC5,0,,1,1
13127AC5,1,,0,7
13127AC5,1,,1,1
12D010F2,0,,0,8
12D010F2,0,,1,4
12D010F2,1,,0,7
12D010F2,1,,1,1
F74D7FC8,0,,0,1
F74D7FC8,0,,1,5
F74D7FC8,1,,0,7
F74D7FC8,1,,1,1
513A747C,0,,0,8
513A747C,0,,1,4
513A747C,1,,0,7
513A747C,1,,1,1
4BE255BF,0,,0,6
4BE255BF,0,,1,8
4BE255BF,1,,0,8
4BE255BF,1,,1,4
4A203F88,0,,0,7
4A203F88,0,,1,5
4A203F88,1,,0,8
4A203F88,1,,1,4
09C752C2,0,,0,6
09C752C2,0,,1,8
09C752C2,1,,0,8
09C752C2,1,,1,4
ED955E0B,0,,0,7
ED955E0B,0,,1,1
ED955E0B,1,,0,8
ED955E0B,1,,1,4
32EA4146,0,,0,1
32EA4146,0,,1,5
32EA4146,1,,0,1
32EA4146,1,,1,5
2E501BC2,0,,0,7
2E501BC2,0,,1,1
2E501BC2,1,,0,6
2E501BC2,1,,1,8
158B5ACD,0,,0,7
158B5ACD,0,,1,1
158B5ACD,1,,0,6
158B5ACD,1,,1,8
467E1CC7,0,,0,6
467E1CC7,0,,1,8
467E1CC7,1,,0,7
467E1CC7,1,,1,1
BB3C06C4,0,,0,7
BB3C06C4,0,,1,5
BB3C06C4,1,,0,8
BB3C06C4,1,,1,4
4B48FE9C,0,,0,7
4B48FE9C,0,,1,1
4B48FE9C,1,,0,6
4B48FE9C,1,,1,8
3B4DD475,0,,0,7
3B4DD475,0,,1,5
3B4DD475,1,,0,7
3B4DD475,1,,1,1
341FE784,0,,0,7
341FE784,0,,1,5
341FE784,1,,0,8
341FE784,1,,1,4
E153A35B,0,,0,7
E153A35B,0,,1,1
E153A35B,1,,0,1
E153A35B,1,,1,5
B9A38C21,0,,0,4
B9A38C21,0,,1,8
B9A38C21,1,,0,8
B9A38C21,1,,1,4
1E16EDA2,0,,0,7
1E16EDA2,0,,1,1
1E16EDA2,1,,0,8
1E16EDA2,1,,1,4
A914D684,0,,0,7
A914D684,0,,1,1
A914D684,1,,0,6
A914D684,1,,1,8
98FCCC19,0,,0,8
98FCCC19,0,,1,4
98FCCC19,1,,0,1
98FCCC19,1,,1,5
29068165,0,,0,7
29068165,0,,1,1
29068165,1,,0,7
29068165,1,,1,1
8F718AD1,0,,0,8
8F718AD1,0,,1,4
8F718AD1,1,,0,7
8F718AD1,1,,1,1
D643CF9C,0,,0,6
D643CF9C,0,,1,8
D643CF9C,1,,0,8
D643CF9C,1,,1,4
7800CB40,0,,0,4
7800CB40,0,,1,8
7800CB40,1,,0,6
7800CB40,1,,1,8
12DDC06A,0,,0,7
12DDC06A,0,,1,5
12DDC06A,1,,0,8
12DDC06A,1,,1,4
3A25CC3D,0,,0,7
3A25CC3D,0,,1,5
3A25CC3D,1,,0,6
3A25CC3D,1,,1,8
ADBADD14,0,,0,7
ADBADD14,0,,1,1
ADBADD14,1,,0,1
ADBADD14,1,,1,5
F68FCCA3,0,,0,1
F68FCCA3,0,,1,5
F68FCCA3,1,,0,8
F68FCCA3,1,,1,4
FC4AC5BA,0,,0,8
FC4AC5BA,0,,1,4
FC4AC5BA,1,,0,6
FC4AC5BA,1,,1,8
CDA2DF27,0,,0,8
CDA2DF27,0,,1,4
CDA2DF27,1,,0,1
CDA2DF27,1,,1,5
9697CE90,0,,0,1
9697CE90,0,,1,5
9697CE90,1,,0,8
9697CE90,1,,1,4
30E0C524,0,,0,7
30E0C524,0,,1,5
30E0C524,1,,0,8
30E0C524,1,,1,4
BE6FC2C7,0,,0,7
BE6FC2C7,0,,1,5
BE6FC2C7,1,,0,6
BE6FC2C7,1,,1,8
8F87D85A,0,,0,7
8F87D85A,0,,1,5
8F87D85A,1,,0,1
8F87D85A,1,,1,5
8D808CA0,0,,0,7
8D808CA0,0,,1,1
8D808CA0,1,,0,7
8D808CA0,1,,1,1
72C5C259,0,,0,8
72C5C259,0,,1,4
72C5C259,1,,0,8
72C5C259,1,,1,4
CF84BD3C,0,,0,7
CF84BD3C,0,,1,1
CF84BD3C,1,,0,6
CF84BD3C,1,,1,8
581BAC15,0,,0,1
581BAC15,0,,1,5
581BAC15,1,,0,1
581BAC15,1,,1,5
A559B616,0,,0,6
A559B616,0,,1,8
A559B616,1,,0,1
A559B616,1,,1,5
1AA952C4,0,,0,8
1AA952C4,0,,1,4
1AA952C4,1,,0,6
1AA952C4,1,,1,8
39FA2D78,0,,0,7
39FA2D78,0,,1,5
39FA2D78,1,,0,8
39FA2D78,1,,1,4
CA847E78,0,,0,1
CA847E78,0,,1,5
CA847E78,1,,0,8
CA847E78,1,,1,4
3ECB5A6B,0,,0,7
3ECB5A6B,0,,1,5
3ECB5A6B,1,,0,8
3ECB5A6B,1,,1,4
A9544B42,0,,0,7
A9544B42,0,,1,5
A9544B42,1,,0,7
A9544B42,1,,1,1
3C2BE8EC,0,,0,7
3C2BE8EC,0,,1,5
3C2BE8EC,1,,0,8
3C2BE8EC,1,,1,4
6BD5D493,0,,0,8
6BD5D493,0,,1,4
6BD5D493,1,,0,1
6BD5D493,1,,1,5
0060C7F1,0,,0,6
0060C7F1,0,,1,8
0060C7F1,1,,0,7
0060C7F1,1,,1,1
C5C7F97F,0,,0,7
C5C7F97F,0,,1,5
C5C7F97F,1,,0,7
C5C7F97F,1,,1,1
CFA58BDD,0,,0,6
CFA58BDD,0,,1,8
CFA58BDD,1,,0,8
CFA58BDD,1,,1,4
BC9EC4B6,0,,0,6
BC9EC4B6,0,,1,8
BC9EC4B6,1,,0,6
BC9EC4B6,1,,1,8
7034C428,0,,0,1
7034C428,0,,1,5
7034C428,1,,0,8
7034C428,1,,1,4
02ECD795,0,,0,7
02ECD795,0,,1,1
02ECD795,1,,0,1
02ECD795,1,,1,5
0F2340F6,0,,0,7
0F2340F6,0,,1,1
0F2340F6,1,,0,6
0F2340F6,1,,1,8
0AA5CEE8,0,,0,6
0AA5CEE8,0,,1,8
0AA5CEE8,1,,0,7
0AA5CEE8,1,,1,5
6CF375CC,0,,0,7
6CF375CC,0,,1,5
6CF375CC,1,,0,1
6CF375CC,1,,1,5
D2BCED3C,0,,0,8
D2BCED3C,0,,1,4
D2BCED3C,1,,0,6
D2BCED3C,1,,1,8
B4AACBDE,0,,0,1
B4AACBDE,0,,1,5
B4AACBDE,1,,0,8
B4AACBDE,1,,1,4
8AD41C59,0,,0,7
8AD41C59,0,,1,1
8AD41C59,1,,0,8
8AD41C59,1,,1,4
2CA317ED,0,,0,6
2CA317ED,0,,1,8
2CA317ED,1,,0,8
2CA317ED,1,,1,4
47436172,0,,0,1
47436172,0,,1,5
47436172,1,,0,8
47436172,1,,1,4
344E17E8,0,,0,7
344E17E8,0,,1,5
344E17E8,1,,0,7
344E17E8,1,,1,1
50F81E4B,0,,0,6
50F81E4B,0,,1,8
50F81E4B,1,,0,7
50F81E4B,1,,1,1
56F6E3C6,0,,0,7
56F6E3C6,0,,1,1
56F6E3C6,1,,0,6
56F6E3C6,1,,1,8
A42234DF,0,,0,6
A42234DF,0,,1,8
A42234DF,1,,0,8
A42234DF,1,,1,4
C363768D,0,,0,7
C363768D,0,,1,1
C363768D,1,,0,8
C363768D,1,,1,4
65147D39,0,,0,7
65147D39,0,,1,5
65147D39,1,,0,8
65147D39,1,,1,4
3838474F,0,,0,7
3838474F,0,,1,1
3838474F,1,,0,8
3838474F,1,,1,4
A6A761B2,0,,0,7
A6A761B2,0,,1,5
A6A761B2,1,,0,6
A6A761B2,1,,1,8
ECB341FC,0,,0,7
ECB341FC,0,,1,1
ECB341FC,1,,0,6
ECB341FC,1,,1,8
7B6E90BE,0,,0,7
7B6E90BE,0,,1,5
7B6E90BE,1,,0,8
7B6E90BE,1,,1,4
5043C37D,0,,0,1
5043C37D,0,,1,5
5043C37D,1,,0,8
5043C37D,1,,1,4
4958F23C,0,,0,7
4958F23C,0,,1,1
4958F23C,1,,0,7
4958F23C,1,,1,1
061964FB,0,,0,1
061964FB,0,,1,5
061964FB,1,,0,7
061964FB,1,,1,1
1F0255BA,0,,0,6
1F0255BA,0,,1,8
1F0255BA,1,,0,1
1F0255BA,1,,1,5
342F0679,0,,0,6
342F0679,0,,1,8
342F0679,1,,0,8
342F0679,1,,1,4
2D343738,0,,0,8
2D343738,0,,1,4
2D343738,1,,0,6
2D343738,1,,1,8
AAAC2BF7,0,,0,7
AAAC2BF7,0,,1,5
AAAC2BF7,1,,0,1
AAAC2BF7,1,,1,5
B3B71AB6,0,,0,1
B3B71AB6,0,,1,5
B3B71AB6,1,,0,8
B3B71AB6,1,,1,4
63B7CBC8,0,,0,7
63B7CBC8,0,,1,5
63B7CBC8,1,,0,7
63B7CBC8,1,,1,1
7AACFA89,0,,0,8
7AACFA89,0,,1,4
7AACFA89,1,,0,8
7AACFA89,1,,1,4
5181A94A,0,,0,7
5181A94A,0,,1,5
5181A94A,1,,0,7
5181A94A,1,,1,5
489A980B,0,,0,7
489A980B,0,,1,1
489A980B,1,,0,7
489A980B,1,,1,1
07DB0ECC,0,,0,8
07DB0ECC,0,,1,4
07DB0ECC,1,,0,8
07DB0ECC,1,,1,4
1EC03F8D,0,,0,7
1EC03F8D,0,,1,5
1EC03F8D,1,,0,8
1EC03F8D,1,,1,4
35ED6C4E,0,,0,7
35ED6C4E,0,,1,1
35ED6C4E,1,,0,8
35ED6C4E,1,,1,4
78EA44D0,0,,0,7
78EA44D0,0,,1,5
78EA44D0,1,,0,6
78EA44D0,1,,1,8
53C71713,0,,0,7
53C71713,0,,1,1
53C71713,1,,0,1
53C71713,1,,1,5
4ADC2652,0,,0,7
4ADC2652,0,,1,5
4ADC2652,1,,0,1
4ADC2652,1,,1,5
059DB095,0,,0,1
059DB095,0,,1,5
059DB095,1,,0,1
059DB095,1,,1,5
1C8681D4,0,,0,7
1C8681D4,0,,1,5
1C8681D4,1,,0,7
1C8681D4,1,,1,1
37ABD217,0,,0,7
37ABD217,0,,1,5
37ABD217,1,,0,7
37ABD217,1,,1,1
2EB0E356,0,,0,6
2EB0E356,0,,1,8
2EB0E356,1,,0,7
2EB0E356,1,,1,1
A928FF99,0,,0,8
A928FF99,0,,1,4
A928FF99,1,,0,7
A928FF99,1,,1,1
B033CED8,0,,0,8
B033CED8,0,,1,4
B033CED8,1,,0,8
B033CED8,1,,1,4
60331FA6,0,,0,7
60331FA6,0,,1,5
60331FA6,1,,0,8
60331FA6,1,,1,4
79282EE7,0,,0,8
79282EE7,0,,1,4
79282EE7,1,,0,8
79282EE7,1,,1,4
7C673862,0,,0,8
7C673862,0,,1,4
7C673862,1,,0,6
7C673862,1,,1,8
574A6BA1,0,,0,7
574A6BA1,0,,1,5
574A6BA1,1,,0,1
574A6BA1,1,,1,5
4E515AE0,0,,0,6
4E515AE0,0,,1,8
4E515AE0,1,,0,1
4E515AE0,1,,1,5
0110CC27,0,,0,7
0110CC27,0,,1,5
0110CC27,1,,0,1
0110CC27,1,,1,5
180BFD66,0,,0,7
180BFD66,0,,1,5
180BFD66,1,,0,7
180BFD66,1,,1,1
3326AEA5,0,,0,7
3326AEA5,0,,1,5
3326AEA5,1,,0,7
3326AEA5,1,,1,1
2A3D9FE4,0,,0,7
2A3D9FE4,0,,1,1
2A3D9FE4,1,,0,7
2A3D9FE4,1,,1,1
ADA5832B,0,,0,1
ADA5832B,0,,1,5
ADA5832B,1,,0,7
ADA5832B,1,,1,1
B4BEB26A,0,,0,7
B4BEB26A,0,,1,1
B4BEB26A,1,,0,7
B4BEB26A,1,,1,1
64BE6314,0,,0,6
64BE6314,0,,1,8
64BE6314,1,,0,8
64BE6314,1,,1,4
7DA55255,0,,0,6
7DA55255,0,,1,8
7DA55255,1,,0,8
7DA55255,1,,1,4
56880196,0,,0,7
56880196,0,,1,1
56880196,1,,0,6
56880196,1,,1,8
4F9330D7,0,,0,7
4F9330D7,0,,1,5
4F9330D7,1,,0,7
4F9330D7,1,,1,1
00D2A610,0,,0,7
00D2A610,0,,1,5
00D2A610,1,,0,7
00D2A610,1,,1,1
19C99751,0,,0,7
19C99751,0,,1,1
19C99751,1,,0,8
19C99751,1,,1,4
32E4C492,0,,0,1
32E4C492,0,,1,5
32E4C492,1,,0,8
32E4C492,1,,1,4
7FE3EC0C,0,,0,8
7FE3EC0C,0,,1,4
7FE3EC0C,1,,0,8
7FE3EC0C,1,,1,4
3C3A5C1A,0,,0,7
3C3A5C1A,0,,1,1
3C3A5C1A,1,,0,8
3C3A5C1A,1,,1,4
54CEBFCF,0,,0,7
54CEBFCF,0,,1,1
54CEBFCF,1,,0,8
54CEBFCF,1,,1,4
4DD58E8E,0,,0,8
4DD58E8E,0,,1,4
4DD58E8E,1,,0,8
4DD58E8E,1,,1,4
02941849,0,,0,1
02941849,0,,1,5
02941849,1,,0,7
02941849,1,,1,1
C4DB5F07,0,,0,4
C4DB5F07,0,,1,8
C4DB5F07,1,,0,8
C4DB5F07,1,,1,4
EFF60CC4,0,,0,1
EFF60CC4,0,,1,5
EFF60CC4,1,,0,1
EFF60CC4,1,,1,5
F6ED3D85,0,,0,6
F6ED3D85,0,,1,8
F6ED3D85,1,,0,1
F6ED3D85,1,,1,5
B9ACAB42,0,,0,7
B9ACAB42,0,,1,1
B9ACAB42,1,,0,8
B9ACAB42,1,,1,4
A0B79A03,0,,0,6
A0B79A03,0,,1,8
A0B79A03,1,,0,8
A0B79A03,1,,1,4
8B9AC9C0,0,,0,7
8B9AC9C0,0,,1,5
8B9AC9C0,1,,0,7
8B9AC9C0,1,,1,1
9281F881,0,,0,8
9281F881,0,,1,4
9281F881,1,,0,1
9281F881,1,,1,5
1519E44E,0,,0,8
1519E44E,0,,1,4
1519E44E,1,,0,7
1519E44E,1,,1,1
62F128E9,0,,0,8
62F128E9,0,,1,4
62F128E9,1,,0,7
62F128E9,1,,1,1
7BEA19A8,0,,0,7
7BEA19A8,0,,1,1
7BEA19A8,1,,0,7
7BEA19A8,1,,1,1
50C74A6B,0,,0,7
50C74A6B,0,,1,5
50C74A6B,1,,0,1
50C74A6B,1,,1,5
49DC7B2A,0,,0,6
49DC7B2A,0,,1,8
49DC7B2A,1,,0,8
49DC7B2A,1,,1,4
CE4467E5,0,,0,1
CE4467E5,0,,1,5
CE4467E5,1,,0,8
CE4467E5,1,,1,4
D75F56A4,0,,0,7
D75F56A4,0,,1,5
D75F56A4,1,,0,7
D75F56A4,1,,1,1
04DB53B4,0,,0,7
04DB53B4,0,,1,5
04DB53B4,1,,0,8
04DB53B4,1,,1,4
1DC062F5,0,,0,8
1DC062F5,0,,1,4
1DC062F5,1,,0,7
1DC062F5,1,,1,1
F02D50E0,0,,0,7
F02D50E0,0,,1,1
F02D50E0,1,,0,1
F02D50E0,1,,1,5
3DD430EE,0,,0,8
3DD430EE,0,,1,4
3DD430EE,1,,0,8
3DD430EE,1,,1,4
EBBD5BFF,0,,0,8
EBBD5BFF,0,,1,4
EBBD5BFF,1,,0,8
EBBD5BFF,1,,1,4
41898A24,0,,0,6
41898A24,0,,1,8
41898A24,1,,0,1
41898A24,1,,1,5
77E6A393,0,,0,7
77E6A393,0,,1,1
77E6A393,1,,0,7
77E6A393,1,,1,1
AD29F49E,0,,0,6
AD29F49E,0,,1,8
AD29F49E,1,,0,1
AD29F49E,1,,1,5
54920923,0,,0,7
54920923,0,,1,5
54920923,1,,0,1
54920923,1,,1,5
8842AB42,0,,0,1
8842AB42,0,,1,5
8842AB42,1,,0,8
8842AB42,1,,1,4
B0069AEE,0,,0,1
B0069AEE,0,,1,5
B0069AEE,1,,0,8
B0069AEE,1,,1,4
727D8291,0,,0,7
727D8291,0,,1,5
727D8291,1,,0,7
727D8291,1,,1,1
5950D152,0,,0,8
5950D152,0,,1,4
5950D152,1,,0,1
5950D152,1,,1,5
404BE013,0,,0,7
404BE013,0,,1,5
404BE013,1,,0,7
404BE013,1,,1,1
0F0A76D4,0,,0,1
0F0A76D4,0,,1,5
0F0A76D4,1,,0,1
0F0A76D4,1,,1,5
16114795,0,,0,1
16114795,0,,1,5
16114795,1,,0,1
16114795,1,,1,5
3D3C1456,0,,0,8
3D3C1456,0,,1,4
3D3C1456,1,,0,7
3D3C1456,1,,1,1
24272517,0,,0,6
24272517,0,,1,8
24272517,1,,0,7
24272517,1,,1,1
A3BF39D8,0,,0,6
A3BF39D8,0,,1,8
A3BF39D8,1,,0,7
A3BF39D8,1,,1,1
BAA40899,0,,0,7
BAA40899,0,,1,1
BAA40899,1,,0,8
BAA40899,1,,1,4
6AA4D9E7,0,,0,1
6AA4D9E7,0,,1,5
6AA4D9E7,1,,0,8
6AA4D9E7,1,,1,4
73BFE8A6,0,,0,6
73BFE8A6,0,,1,8
73BFE8A6,1,,0,7
73BFE8A6,1,,1,5
833D7977,0,,0,7
833D7977,0,,1,5
833D7977,1,,0,7
833D7977,1,,1,1
D567DEF1,0,,0,7
D567DEF1,0,,1,1
D567DEF1,1,,0,7
D567DEF1,1,,1,5
CC7CEFB0,0,,0,1
CC7CEFB0,0,,1,5
CC7CEFB0,1,,0,7
CC7CEFB0,1,,1,5
9BE42201,0,,0,7
9BE42201,0,,1,1
9BE42201,1,,0,7
9BE42201,1,,1,5
E751BC73,0,,0,1
E751BC73,0,,1,5
E751BC73,1,,0,7
E751BC73,1,,1,1
FE4A8D32,0,,0,7
FE4A8D32,0,,1,1
FE4A8D32,1,,0,7
FE4A8D32,1,,1,1
79D291FD,0,,0,1
79D291FD,0,,1,5
79D291FD,1,,0,7
79D291FD,1,,1,1
9A264836,0,,0,8
9A264836,0,,1,4
9A264836,1,,0,1
9A264836,1,,1,5
B0C971C2,0,,0,7
B0C971C2,0,,1,1
B0C971C2,1,,0,7
B0C971C2,1,,1,1
A9D24083,0,,0,1
A9D24083,0,,1,5
A9D24083,1,,0,7
A9D24083,1,,1,1
82FF1340,0,,0,7
82FF1340,0,,1,1
82FF1340,1,,0,7
82FF1340,1,,1,5
BAA5855A,0,,0,7
BAA5855A,0,,1,5
BAA5855A,1,,0,7
BAA5855A,1,,1,1
9188D699,0,,0,1
9188D699,0,,1,5
9188D699,1,,0,7
9188D699,1,,1,1
F5E4139D,0,,0,6
F5E4139D,0,,1,8
F5E4139D,1,,0,6
F5E4139D,1,,1,8
8893E7D8,0,,0,6
8893E7D8,0,,1,8
8893E7D8,1,,0,7
8893E7D8,1,,1,1
DEC9405E,0,,0,6
DEC9405E,0,,1,8
DEC9405E,1,,0,7
DEC9405E,1,,1,5
ECFF22DC,0,,0,7
ECFF22DC,0,,1,1
ECFF22DC,1,,0,7
ECFF22DC,1,,1,1
A8102AB4,0,,0,7
A8102AB4,0,,1,1
A8102AB4,1,,0,6
A8102AB4,1,,1,8
0219E23F,0,,0,6
0219E23F,0,,1,8
0219E23F,1,,0,8
0219E23F,1,,1,4
2934B1FC,0,,0,7
2934B1FC,0,,1,1
2934B1FC,1,,0,7
2934B1FC,1,,1,1
302F80BD,0,,0,1
302F80BD,0,,1,5
302F80BD,1,,0,7
302F80BD,1,,1,1
7F6E167A,0,,0,6
7F6E167A,0,,1,8
7F6E167A,1,,0,8
7F6E167A,1,,1,4
6675273B,0,,0,7
6675273B,0,,1,5
6675273B,1,,0,7
6675273B,1,,1,1
4D5874F8,0,,0,7
4D5874F8,0,,1,5
4D5874F8,1,,0,8
4D5874F8,1,,1,4
544345B9,0,,0,1
544345B9,0,,1,5
544345B9,1,,0,7
544345B9,1,,1,1
D3DB5976,0,,0,1
D3DB5976,0,,1,5
D3DB5976,1,,0,7
D3DB5976,1,,1,1
CAC06837,0,,0,1
CAC06837,0,,1,5
CAC06837,1,,0,7
CAC06837,1,,1,1
1AC0B949,0,,0,6
1AC0B949,0,,1,8
1AC0B949,1,,0,6
1AC0B949,1,,1,8
9FCEDA86,0,,0,6
9FCEDA86,0,,1,8
9FCEDA86,1,,0,8
9FCEDA86,1,,1,4
B4E38945,0,,0,7
B4E38945,0,,1,1
B4E38945,1,,0,7
B4E38945,1,,1,1
ADF8B804,0,,0,8
ADF8B804,0,,1,4
ADF8B804,1,,0,1
ADF8B804,1,,1,5
E2B92EC3,0,,0,6
E2B92EC3,0,,1,8
E2B92EC3,1,,0,6
E2B92EC3,1,,1,8
FBA21F82,0,,0,7
FBA21F82,0,,1,1
FBA21F82,1,,0,8
FBA21F82,1,,1,4
D08F4C41,0,,0,6
D08F4C41,0,,1,8
D08F4C41,1,,0,7
D08F4C41,1,,1,1
C9947D00,0,,0,1
C9947D00,0,,1,5
C9947D00,1,,0,7
C9947D00,1,,1,1
4E0C61CF,0,,0,7
4E0C61CF,0,,1,5
4E0C61CF,1,,0,7
4E0C61CF,1,,1,1
2D1E497B,0,,0,6
2D1E497B,0,,1,8
2D1E497B,1,,0,7
2D1E497B,1,,1,5
2772BDE3,0,,0,6
2772BDE3,0,,1,8
2772BDE3,1,,0,8
2772BDE3,1,,1,4
35C7120D,0,,0,7
35C7120D,0,,1,5
35C7120D,1,,0,7
35C7120D,1,,1,5
1EEA41CE,0,,0,7
1EEA41CE,0,,1,5
1EEA41CE,1,,0,1
1EEA41CE,1,,1,5
07F1708F,0,,0,7
07F1708F,0,,1,5
07F1708F,1,,0,6
07F1708F,1,,1,8
48B0E648,0,,0,6
48B0E648,0,,1,8
48B0E648,1,,0,7
48B0E648,1,,1,5
51ABD709,0,,0,8
51ABD709,0,,1,4
51ABD709,1,,0,7
51ABD709,1,,1,5
7A8684CA,0,,0,1
7A8684CA,0,,1,5
7A8684CA,1,,0,7
7A8684CA,1,,1,5
639DB58B,0,,0,7
639DB58B,0,,1,1
639DB58B,1,,0,7
639DB58B,1,,1,1
E405A944,0,,0,7
E405A944,0,,1,1
E405A944,1,,0,8
E405A944,1,,1,4
FD1E9805,0,,0,8
FD1E9805,0,,1,4
FD1E9805,1,,0,7
FD1E9805,1,,1,1
A65626AB,0,,0,7
A65626AB,0,,1,5
A65626AB,1,,0,8
A65626AB,1,,1,4
BF4D17EA,0,,0,7
BF4D17EA,0,,1,5
BF4D17EA,1,,0,7
BF4D17EA,1,,1,1
5CB9CE21,0,,0,6
5CB9CE21,0,,1,8
5CB9CE21,1,,0,7
5CB9CE21,1,,1,1
95A22E1E,0,,0,7
95A22E1E,0,,1,1
95A22E1E,1,,0,6
95A22E1E,1,,1,8
8CB91F5F,0,,0,1
8CB91F5F,0,,1,5
8CB91F5F,1,,0,8
8CB91F5F,1,,1,4
A7944C9C,0,,0,6
A7944C9C,0,,1,8
A7944C9C,1,,0,7
A7944C9C,1,,1,1
BE8F7DDD,0,,0,7
BE8F7DDD,0,,1,1
BE8F7DDD,1,,0,7
BE8F7DDD,1,,1,1
F1CEEB1A,0,,0,1
F1CEEB1A,0,,1,5
F1CEEB1A,1,,0,7
F1CEEB1A,1,,1,1
E8D5DA5B,0,,0,1
E8D5DA5B,0,,1,5
E8D5DA5B,1,,0,7
E8D5DA5B,1,,1,5
C3F88998,0,,0,8
C3F88998,0,,1,4
C3F88998,1,,0,7
C3F88998,1,,1,5
5D7BA416,0,,0,7
5D7BA416,0,,1,5
5D7BA416,1,,0,7
5D7BA416,1,,1,1
44609557,0,,0,7
44609557,0,,1,5
44609557,1,,0,8
44609557,1,,1,4
97E49047,0,,0,4
97E49047,0,,1,8
97E49047,1,,0,7
97E49047,1,,1,1
D518653E,0,,0,1
D518653E,0,,1,5
D518653E,1,,0,7
D518653E,1,,1,1
FE3536FD,0,,0,8
FE3536FD,0,,1,4
FE3536FD,1,,0,7
FE3536FD,1,,1,5
E72E07BC,0,,0,7
E72E07BC,0,,1,5
E72E07BC,1,,0,6
E72E07BC,1,,1,8
A86F917B,0,,0,6
A86F917B,0,,1,8
A86F917B,1,,0,8
A86F917B,1,,1,4
B174A03A,0,,0,7
B174A03A,0,,1,1
B174A03A,1,,0,7
B174A03A,1,,1,1
9A59F3F9,0,,0,6
9A59F3F9,0,,1,8
9A59F3F9,1,,0,6
9A59F3F9,1,,1,8
8342C2B8,0,,0,7
8342C2B8,0,,1,1
8342C2B8,1,,0,6
8342C2B8,1,,1,8
04DADE77,0,,0,6
04DADE77,0,,1,8
04DADE77,1,,0,7
04DADE77,1,,1,1
1DC1EF36,0,,0,7
1DC1EF36,0,,1,1
1DC1EF36,1,,0,6
1DC1EF36,1,,1,8
CDC13E48,0,,0,7
CDC13E48,0,,1,1
CDC13E48,1,,0,7
CDC13E48,1,,1,5
D4DA0F09,0,,0,7
D4DA0F09,0,,1,1
D4DA0F09,1,,0,7
D4DA0F09,1,,1,1
FFF75CCA,0,,0,6
FFF75CCA,0,,1,8
FFF75CCA,1,,0,1
FFF75CCA,1,,1,5
E6EC6D8B,0,,0,1
E6EC6D8B,0,,1,5
E6EC6D8B,1,,0,7
E6EC6D8B,1,,1,1
A9ADFB4C,0,,0,7
A9ADFB4C,0,,1,5
A9ADFB4C,1,,0,7
A9ADFB4C,1,,1,1
9B9B99CE,0,,0,7
9B9B99CE,0,,1,5
9B9B99CE,1,,0,6
9B9B99CE,1,,1,8
8280A88F,0,,0,6
8280A88F,0,,1,8
8280A88F,1,,0,8
8280A88F,1,,1,4
18904E23,0,,0,6
18904E23,0,,1,8
18904E23,1,,0,8
18904E23,1,,1,4
D427CE7D,0,,0,8
D427CE7D,0,,1,4
D427CE7D,1,,0,7
D427CE7D,1,,1,1
D7A31A13,0,,0,7
D7A31A13,0,,1,1
D7A31A13,1,,0,7
D7A31A13,1,,1,1
AEE79D1D,0,,0,6
AEE79D1D,0,,1,8
AEE79D1D,1,,0,7
AEE79D1D,1,,1,5
9A5333A3,0,,0,4
9A5333A3,0,,1,8
9A5333A3,1,,0,7
9A5333A3,1,,1,1
60C9A0BC,0,,0,1
60C9A0BC,0,,1,5
60C9A0BC,1,,0,7
60C9A0BC,1,,1,5
E917B06C,0,,0,1
E917B06C,0,,1,5
E917B06C,1,,0,6
E917B06C,1,,1,8
C23AE3AF,0,,0,4
C23AE3AF,0,,1,8
C23AE3AF,1,,0,8
C23AE3AF,1,,1,4
8D7B7568,0,,0,7
8D7B7568,0,,1,1
8D7B7568,1,,0,6
8D7B7568,1,,1,8
8EFFA106,0,,0,7
8EFFA106,0,,1,5
8EFFA106,1,,0,7
8EFFA106,1,,1,1
DAE3B8D9,0,,0,8
DAE3B8D9,0,,1,4
DAE3B8D9,1,,0,1
DAE3B8D9,1,,1,5
F00C812D,0,,0,6
F00C812D,0,,1,8
F00C812D,1,,0,7
F00C812D,1,,1,1
DB21D2EE,0,,0,6
DB21D2EE,0,,1,8
DB21D2EE,1,,0,7
DB21D2EE,1,,1,1
45A2FF60,0,,0,6
45A2FF60,0,,1,8
45A2FF60,1,,0,7
45A2FF60,1,,1,1
8A9C85EC,0,,0,4
8A9C85EC,0,,1,8
8A9C85EC,1,,0,7
8A9C85EC,1,,1,1
CD3CFF3C,0,,0,8
CD3CFF3C,0,,1,4
CD3CFF3C,1,,0,7
CD3CFF3C,1,,1,1
F05CD68C,0,,0,7
F05CD68C,0,,1,5
F05CD68C,1,,0,1
F05CD68C,1,,1,5
CEB82B52,0,,0,1
CEB82B52,0,,1,5
CEB82B52,1,,0,7
CEB82B52,1,,1,1
9D4F6176,0,,0,7
9D4F6176,0,,1,5
9D4F6176,1,,0,7
9D4F6176,1,,1,5
84545037,0,,0,7
84545037,0,,1,5
84545037,1,,0,8
84545037,1,,1,4
D20EF7B1,0,,0,6
D20EF7B1,0,,1,8
D20EF7B1,1,,0,7
D20EF7B1,1,,1,1
AF7903F4,0,,0,6
AF7903F4,0,,1,8
AF7903F4,1,,0,7
AF7903F4,1,,1,1
B66232B5,0,,0,1
B66232B5,0,,1,5
B66232B5,1,,0,7
B66232B5,1,,1,1
8612EE6E,0,,0,1
8612EE6E,0,,1,5
8612EE6E,1,,0,7
8612EE6E,1,,1,5
AD3FBDAD,0,,0,7
AD3FBDAD,0,,1,5
AD3FBDAD,1,,0,7
AD3FBDAD,1,,1,1
CE5AD075,0,,0,6
CE5AD075,0,,1,8
CE5AD075,1,,0,1
CE5AD075,1,,1,5
D741E134,0,,0,7
D741E134,0,,1,5
D741E134,1,,0,8
D741E134,1,,1,4
980077F3,0,,0,1
980077F3,0,,1,5
980077F3,1,,0,8
980077F3,1,,1,4
E57783B6,0,,0,7
E57783B6,0,,1,1
E57783B6,1,,0,6
E57783B6,1,,1,8
CF98BA42,0,,0,6
CF98BA42,0,,1,8
CF98BA42,1,,0,7
CF98BA42,1,,1,1
2B65CB55,0,,0,7
2B65CB55,0,,1,5
2B65CB55,1,,0,8
2B65CB55,1,,1,4
E27E2B6A,0,,0,7
E27E2B6A,0,,1,5
E27E2B6A,1,,0,7
E27E2B6A,1,,1,1
584DB8C3,0,,0,7
584DB8C3,0,,1,5
584DB8C3,1,,0,8
584DB8C3,1,,1,4
898F038A,0,,0,1
898F038A,0,,1,5
898F038A,1,,0,6
898F038A,1,,1,8
A2A25049,0,,0,7
A2A25049,0,,1,1
A2A25049,1,,0,1
A2A25049,1,,1,5
BBB96108,0,,0,7
BBB96108,0,,1,5
BBB96108,1,,0,8
BBB96108,1,,1,4
F4F8F7CF,0,,0,7
F4F8F7CF,0,,1,1
F4F8F7CF,1,,0,7
F4F8F7CF,1,,1,1
EDE3C68E,0,,0,6
EDE3C68E,0,,1,8
EDE3C68E,1,,0,7
EDE3C68E,1,,1,1
C6CE954D,0,,0,6
C6CE954D,0,,1,8
C6CE954D,1,,0,7
C6CE954D,1,,1,1
DFD5A40C,0,,0,7
DFD5A40C,0,,1,1
DFD5A40C,1,,0,7
DFD5A40C,1,,1,1
F9EC2DE7,0,,0,1
F9EC2DE7,0,,1,5
F9EC2DE7,1,,0,7
F9EC2DE7,1,,1,1
29381283,0,,0,8
29381283,0,,1,4
29381283,1,,0,6
29381283,1,,1,8
B16B9A69,0,,0,1
B16B9A69,0,,1,5
B16B9A69,1,,0,7
B16B9A69,1,,1,1
31FA2E7A,0,,0,6
31FA2E7A,0,,1,8
31FA2E7A,1,,0,7
31FA2E7A,1,,1,5
28E11F3B,0,,0,7
28E11F3B,0,,1,5
28E11F3B,1,,0,1
28E11F3B,1,,1,5
FB651A2B,0,,0,6
FB651A2B,0,,1,8
FB651A2B,1,,0,8
FB651A2B,1,,1,4
02154140,0,,0,6
02154140,0,,1,8
02154140,1,,0,7
02154140,1,,1,1
1B0E7001,0,,0,7
1B0E7001,0,,1,5
1B0E7001,1,,0,1
1B0E7001,1,,1,5
544FE6C6,0,,0,7
544FE6C6,0,,1,5
544FE6C6,1,,0,8
544FE6C6,1,,1,4
4D54D787,0,,0,1
4D54D787,0,,1,5
4D54D787,1,,0,7
4D54D787,1,,1,1
66798444,0,,0,7
66798444,0,,1,5
66798444,1,,0,7
66798444,1,,1,5
7F62B505,0,,0,1
7F62B505,0,,1,5
7F62B505,1,,0,7
7F62B505,1,,1,1
CF5733D7,0,,0,8
CF5733D7,0,,1,4
CF5733D7,1,,0,7
CF5733D7,1,,1,1
9ECBB518,0,,0,6
9ECBB518,0,,1,8
9ECBB518,1,,0,6
9ECBB518,1,,1,8
7C2DC7BD,0,,0,7
7C2DC7BD,0,,1,5
7C2DC7BD,1,,0,1
7C2DC7BD,1,,1,5
5700947E,0,,0,1
5700947E,0,,1,5
5700947E,1,,0,7
5700947E,1,,1,1
4E1BA53F,0,,0,6
4E1BA53F,0,,1,8
4E1BA53F,1,,0,7
4E1BA53F,1,,1,5
015A33F8,0,,0,7
015A33F8,0,,1,5
015A33F8,1,,0,7
015A33F8,1,,1,1
184102B9,0,,0,1
184102B9,0,,1,5
184102B9,1,,0,7
184102B9,1,,1,1
336C517A,0,,0,7
336C517A,0,,1,5
336C517A,1,,0,7
336C517A,1,,1,1
2A77603B,0,,0,6
2A77603B,0,,1,8
2A77603B,1,,0,1
2A77603B,1,,1,5
ADEF7CF4,0,,0,6
ADEF7CF4,0,,1,8
ADEF7CF4,1,,0,1
ADEF7CF4,1,,1,5
B4F44DB5,0,,0,6
B4F44DB5,0,,1,8
B4F44DB5,1,,0,1
B4F44DB5,1,,1,5
64F49CCB,0,,0,1
64F49CCB,0,,1,5
64F49CCB,1,,0,1
64F49CCB,1,,1,5
7DEFAD8A,0,,0,6
7DEFAD8A,0,,1,8
7DEFAD8A,1,,0,7
7DEFAD8A,1,,1,5
56C2FE49,0,,0,1
56C2FE49,0,,1,5
56C2FE49,1,,0,6
56C2FE49,1,,1,8
4FD9CF08,0,,0,7
4FD9CF08,0,,1,1
4FD9CF08,1,,0,1
4FD9CF08,1,,1,5
009859CF,0,,0,7
009859CF,0,,1,5
009859CF,1,,0,7
009859CF,1,,1,1
AE74E056,0,,0,7
AE74E056,0,,1,1
AE74E056,1,,0,8
AE74E056,1,,1,4
B5E6E6DB,0,,0,1
B5E6E6DB,0,,1,5
B5E6E6DB,1,,0,8
B5E6E6DB,1,,1,4
6426B1D1,0,,0,8
6426B1D1,0,,1,4
6426B1D1,1,,0,8
6426B1D1,1,,1,4
4F0BE212,0,,0,6
4F0BE212,0,,1,8
4F0BE212,1,,0,1
4F0BE212,1,,1,5
5610D353,0,,0,1
5610D353,0,,1,5
5610D353,1,,0,7
5610D353,1,,1,1
19514594,0,,0,7
19514594,0,,1,1
19514594,1,,0,6
19514594,1,,1,8
004A74D5,0,,0,6
004A74D5,0,,1,8
004A74D5,1,,0,1
004A74D5,1,,1,5
2B672716,0,,0,6
2B672716,0,,1,8
2B672716,1,,0,7
2B672716,1,,1,5
327C1657,0,,0,7
327C1657,0,,1,5
327C1657,1,,0,7
327C1657,1,,1,1
B5E40A98,0,,0,7
B5E40A98,0,,1,1
B5E40A98,1,,0,1
B5E40A98,1,,1,5
ACFF3BD9,0,,0,7
ACFF3BD9,0,,1,1
ACFF3BD9,1,,0,8
ACFF3BD9,1,,1,4
FD615155,0,,0,6
FD615155,0,,1,8
FD615155,1,,0,1
FD615155,1,,1,5
C891129E,0,,0,4
C891129E,0,,1,8
C891129E,1,,0,6
C891129E,1,,1,8
2C6C6389,0,,0,7
2C6C6389,0,,1,1
2C6C6389,1,,0,8
2C6C6389,1,,1,4
D6240F36,0,,0,7
D6240F36,0,,1,1
D6240F36,1,,0,8
D6240F36,1,,1,4
FC191BD8,0,,0,6
FC191BD8,0,,1,8
FC191BD8,1,,0,7
FC191BD8,1,,1,1
B3588D1F,0,,0,7
B3588D1F,0,,1,5
B3588D1F,1,,0,7
B3588D1F,1,,1,1
AA43BC5E,0,,0,6
AA43BC5E,0,,1,8
AA43BC5E,1,,0,7
AA43BC5E,1,,1,1
B248CA32,0,,0,7
B248CA32,0,,1,5
B248CA32,1,,0,7
B248CA32,1,,1,5
9875DEDC,0,,0,7
9875DEDC,0,,1,1
9875DEDC,1,,0,1
9875DEDC,1,,1,5
1FEDC213,0,,0,7
1FEDC213,0,,1,5
1FEDC213,1,,0,7
1FEDC213,1,,1,5
06F6F352,0,,0,7
06F6F352,0,,1,1
06F6F352,1,,0,1
06F6F352,1,,1,5
D6F6222C,0,,0,1
D6F6222C,0,,1,5
D6F6222C,1,,0,1
D6F6222C,1,,1,5
CFED136D,0,,0,6
CFED136D,0,,1,8
CFED136D,1,,0,6
CFED136D,1,,1,8
B76FD117,0,,0,1
B76FD117,0,,1,5
B76FD117,1,,0,8
B76FD117,1,,1,4
CDDE041B,0,,0,7
CDDE041B,0,,1,1
CDDE041B,1,,0,8
CDDE041B,1,,1,4
F9F18968,0,,0,7
F9F18968,0,,1,1
F9F18968,1,,0,1
F9F18968,1,,1,5
D2DCDAAB,0,,0,6
D2DCDAAB,0,,1,8
D2DCDAAB,1,,0,7
D2DCDAAB,1,,1,1
CBC7EBEA,0,,0,7
CBC7EBEA,0,,1,5
CBC7EBEA,1,,0,6
CBC7EBEA,1,,1,8
84867D2D,0,,0,8
84867D2D,0,,1,4
84867D2D,1,,0,7
84867D2D,1,,1,5
9D9D4C6C,0,,0,1
9D9D4C6C,0,,1,5
9D9D4C6C,1,,0,7
9D9D4C6C,1,,1,1
B6B01FAF,0,,0,8
B6B01FAF,0,,1,4
B6B01FAF,1,,0,1
B6B01FAF,1,,1,5
AFAB2EEE,0,,0,7
AFAB2EEE,0,,1,1
AFAB2EEE,1,,0,7
AFAB2EEE,1,,1,1
28333221,0,,0,1
28333221,0,,1,5
28333221,1,,0,8
28333221,1,,1,4
31280360,0,,0,8
31280360,0,,1,4
31280360,1,,0,7
31280360,1,,1,1
E1357691,0,,0,1
E1357691,0,,1,5
E1357691,1,,0,7
E1357691,1,,1,1
A9B2C11F,0,,0,7
A9B2C11F,0,,1,1
A9B2C11F,1,,0,8
A9B2C11F,1,,1,4
B0A9F05E,0,,0,8
B0A9F05E,0,,1,4
B0A9F05E,1,,0,1
B0A9F05E,1,,1,5
0782683F,0,,0,6
0782683F,0,,1,8
0782683F,1,,0,7
0782683F,1,,1,1
63EEAD3B,0,,0,6
63EEAD3B,0,,1,8
63EEAD3B,1,,0,1
63EEAD3B,1,,1,5
48C3FEF8,0,,0,6
48C3FEF8,0,,1,8
48C3FEF8,1,,0,7
48C3FEF8,1,,1,1
51D8CFB9,0,,0,8
51D8CFB9,0,,1,4
51D8CFB9,1,,0,1
51D8CFB9,1,,1,5
1E99597E,0,,0,6
1E99597E,0,,1,8
1E99597E,1,,0,6
1E99597E,1,,1,8
2CAF3BFC,0,,0,1
2CAF3BFC,0,,1,5
2CAF3BFC,1,,0,7
2CAF3BFC,1,,1,1
35B40ABD,0,,0,7
35B40ABD,0,,1,1
35B40ABD,1,,0,7
35B40ABD,1,,1,1
B22C1672,0,,0,6
B22C1672,0,,1,8
B22C1672,1,,0,1
B22C1672,1,,1,5
B220C792,0,,0,1
B220C792,0,,1,5
B220C792,1,,0,7
B220C792,1,,1,1
E7313DEF,0,,0,6
E7313DEF,0,,1,8
E7313DEF,1,,0,7
E7313DEF,1,,1,5
C95378A9,0,,0,7
C95378A9,0,,1,1
C95378A9,1,,0,7
C95378A9,1,,1,1
D04849E8,0,,0,7
D04849E8,0,,1,5
D04849E8,1,,0,7
D04849E8,1,,1,1
9F09DF2F,0,,0,1
9F09DF2F,0,,1,5
9F09DF2F,1,,0,1
9F09DF2F,1,,1,5
06ED94DD,0,,0,7
06ED94DD,0,,1,1
06ED94DD,1,,0,1
06ED94DD,1,,1,5
2DC0C71E,0,,0,7
2DC0C71E,0,,1,1
2DC0C71E,1,,0,1
2DC0C71E,1,,1,5
34DBF65F,0,,0,1
34DBF65F,0,,1,5
34DBF65F,1,,0,7
34DBF65F,1,,1,1
7B9A6098,0,,0,1
7B9A6098,0,,1,5
7B9A6098,1,,0,7
7B9A6098,1,,1,1
628151D9,0,,0,8
628151D9,0,,1,4
628151D9,1,,0,7
628151D9,1,,1,1
49AC021A,0,,0,7
49AC021A,0,,1,5
49AC021A,1,,0,8
49AC021A,1,,1,4
50B7335B,0,,0,7
50B7335B,0,,1,5
50B7335B,1,,0,7
50B7335B,1,,1,1
D72F2F94,0,,0,7
D72F2F94,0,,1,5
D72F2F94,1,,0,6
D72F2F94,1,,1,8
CE341ED5,0,,0,7
CE341ED5,0,,1,1
CE341ED5,1,,0,7
CE341ED5,1,,1,1
1E34CFAB,0,,0,1
1E34CFAB,0,,1,5
1E34CFAB,1,,0,1
1E34CFAB,1,,1,5
9A46C9AA,0,,0,8
9A46C9AA,0,,1,4
9A46C9AA,1,,0,7
9A46C9AA,1,,1,1
AA361571,0,,0,6
AA361571,0,,1,8
AA361571,1,,0,7
AA361571,1,,1,1
8D77D617,0,,0,6
8D77D617,0,,1,8
8D77D617,1,,0,7
8D77D617,1,,1,1
A65A85D4,0,,0,8
A65A85D4,0,,1,4
A65A85D4,1,,0,7
A65A85D4,1,,1,1
946CE756,0,,0,7
946CE756,0,,1,5
946CE756,1,,0,7
946CE756,1,,1,1
DB2D7191,0,,0,7
DB2D7191,0,,1,5
DB2D7191,1,,0,1
DB2D7191,1,,1,5
C23640D0,0,,0,7
C23640D0,0,,1,1
C23640D0,1,,0,7
C23640D0,1,,1,1
E91B1313,0,,0,7
E91B1313,0,,1,1
E91B1313,1,,0,7
E91B1313,1,,1,1
F0002252,0,,0,8
F0002252,0,,1,4
F0002252,1,,0,6
F0002252,1,,1,8
77983E9D,0,,0,7
77983E9D,0,,1,1
77983E9D,1,,0,7
77983E9D,1,,1,5
990D9451,0,,0,1
990D9451,0,,1,5
990D9451,1,,0,8
990D9451,1,,1,4
26BC74AB,0,,0,8
26BC74AB,0,,1,4
26BC74AB,1,,0,7
26BC74AB,1,,1,1
4312DB98,0,,0,6
4312DB98,0,,1,8
4312DB98,1,,0,8
4312DB98,1,,1,4
277E1E9C,0,,0,7
277E1E9C,0,,1,1
277E1E9C,1,,0,7
277E1E9C,1,,1,1
0C534D5F,0,,0,1
0C534D5F,0,,1,5
0C534D5F,1,,0,1
0C534D5F,1,,1,5
3E652FDD,0,,0,7
3E652FDD,0,,1,1
3E652FDD,1,,0,7
3E652FDD,1,,1,1
7124B91A,0,,0,7
7124B91A,0,,1,5
7124B91A,1,,0,1
7124B91A,1,,1,5
683F885B,0,,0,7
683F885B,0,,1,5
683F885B,1,,0,7
683F885B,1,,1,1
5A09EAD9,0,,0,8
5A09EAD9,0,,1,4
5A09EAD9,1,,0,7
5A09EAD9,1,,1,1
DD91F616,0,,0,7
DD91F616,0,,1,5
DD91F616,1,,0,7
DD91F616,1,,1,1
C48AC757,0,,0,7
C48AC757,0,,1,1
C48AC757,1,,0,1
C48AC757,1,,1,5
148A1629,0,,0,1
148A1629,0,,1,5
148A1629,1,,0,6
148A1629,1,,1,8
0D912768,0,,0,6
0D912768,0,,1,8
0D912768,1,,0,7
0D912768,1,,1,1
AB3BF6D3,0,,0,7
AB3BF6D3,0,,1,5
AB3BF6D3,1,,0,7
AB3BF6D3,1,,1,1
36F386A6,0,,0,1
36F386A6,0,,1,5
36F386A6,1,,0,7
36F386A6,1,,1,1
E4B5E981,0,,0,7
E4B5E981,0,,1,1
E4B5E981,1,,0,1
E4B5E981,1,,1,5
918475E6,0,,0,7
918475E6,0,,1,1
918475E6,1,,0,7
918475E6,1,,1,1
BAA92625,0,,0,7
BAA92625,0,,1,1
BAA92625,1,,0,7
BAA92625,1,,1,1
A3B21764,0,,0,6
A3B21764,0,,1,8
A3B21764,1,,0,7
A3B21764,1,,1,1
ECF381A3,0,,0,7
ECF381A3,0,,1,5
ECF381A3,1,,0,7
ECF381A3,1,,1,1
F5E8B0E2,0,,0,7
F5E8B0E2,0,,1,1
F5E8B0E2,1,,0,8
F5E8B0E2,1,,1,4
DEC5E321,0,,0,1
DEC5E321,0,,1,5
DEC5E321,1,,0,8
DEC5E321,1,,1,4
C7DED260,0,,0,1
C7DED260,0,,1,5
C7DED260,1,,0,7
C7DED260,1,,1,1
4046CEAF,0,,0,8
4046CEAF,0,,1,4
4046CEAF,1,,0,6
4046CEAF,1,,1,8
595DFFEE,0,,0,8
595DFFEE,0,,1,4
595DFFEE,1,,0,6
595DFFEE,1,,1,8
895D2E90,0,,0,7
895D2E90,0,,1,1
895D2E90,1,,0,7
895D2E90,1,,1,1
90461FD1,0,,0,7
90461FD1,0,,1,5
90461FD1,1,,0,1
90461FD1,1,,1,5
BB6B4C12,0,,0,7
BB6B4C12,0,,1,5
BB6B4C12,1,,0,7
BB6B4C12,1,,1,1
A2707D53,0,,0,7
A2707D53,0,,1,5
A2707D53,1,,0,7
A2707D53,1,,1,1
2FE8B7E7,0,,0,6
2FE8B7E7,0,,1,8
2FE8B7E7,1,,0,8
2FE8B7E7,1,,1,4
B4248CEC,0,,0,7
B4248CEC,0,,1,1
B4248CEC,1,,0,8
B4248CEC,1,,1,4
8331DA08,0,,0,6
8331DA08,0,,1,8
8331DA08,1,,0,7
8331DA08,1,,1,1
A81C89CB,0,,0,6
A81C89CB,0,,1,8
A81C89CB,1,,0,7
A81C89CB,1,,1,1
B107B88A,0,,0,1
B107B88A,0,,1,5
B107B88A,1,,0,7
B107B88A,1,,1,1
FE462E4D,0,,0,7
FE462E4D,0,,1,5
FE462E4D,1,,0,7
FE462E4D,1,,1,1
E75D1F0C,0,,0,1
E75D1F0C,0,,1,5
E75D1F0C,1,,0,6
E75D1F0C,1,,1,8
CC704CCF,0,,0,8
CC704CCF,0,,1,4
CC704CCF,1,,0,7
CC704CCF,1,,1,1
D56B7D8E,0,,0,7
D56B7D8E,0,,1,1
D56B7D8E,1,,0,1
D56B7D8E,1,,1,5
52F36141,0,,0,6
52F36141,0,,1,8
52F36141,1,,0,1
52F36141,1,,1,5
4BE85000,0,,0,8
4BE85000,0,,1,4
4BE85000,1,,0,7
4BE85000,1,,1,1
9BE8817E,0,,0,7
9BE8817E,0,,1,1
9BE8817E,1,,0,8
9BE8817E,1,,1,4
82F3B03F,0,,0,7
82F3B03F,0,,1,1
82F3B03F,1,,0,7
82F3B03F,1,,1,1
87D08459,0,,0,6
87D08459,0,,1,8
87D08459,1,,0,7
87D08459,1,,1,1
593923AE,0,,0,6
593923AE,0,,1,8
593923AE,1,,0,7
593923AE,1,,1,1
244ED7EB,0,,0,7
244ED7EB,0,,1,1
244ED7EB,1,,0,7
244ED7EB,1,,1,1
0F638428,0,,0,6
0F638428,0,,1,8
0F638428,1,,0,7
0F638428,1,,1,1
1678B569,0,,0,7
1678B569,0,,1,1
1678B569,1,,0,8
1678B569,1,,1,4
402212EF,0,,0,1
402212EF,0,,1,5
402212EF,1,,0,7
402212EF,1,,1,1
6B0F412C,0,,0,6
6B0F412C,0,,1,8
6B0F412C,1,,0,7
6B0F412C,1,,1,5
7214706D,0,,0,7
7214706D,0,,1,5
7214706D,1,,0,1
7214706D,1,,1,5
F58C6CA2,0,,0,7
F58C6CA2,0,,1,5
F58C6CA2,1,,0,1
F58C6CA2,1,,1,5
EC975DE3,0,,0,7
EC975DE3,0,,1,5
EC975DE3,1,,0,1
EC975DE3,1,,1,5
7E743128,0,,0,6
7E743128,0,,1,8
7E743128,1,,0,6
7E743128,1,,1,8
2AA7A162,0,,0,7
2AA7A162,0,,1,1
2AA7A162,1,,0,8
2AA7A162,1,,1,4
811B46B2,0,,0,6
811B46B2,0,,1,8
811B46B2,1,,0,7
811B46B2,1,,1,1
F34F50EA,0,,0,7
F34F50EA,0,,1,5
F34F50EA,1,,0,7
F34F50EA,1,,1,1
D8620329,0,,0,6
D8620329,0,,1,8
D8620329,1,,0,7
D8620329,1,,1,1
C1793268,0,,0,1
C1793268,0,,1,5
C1793268,1,,0,7
C1793268,1,,1,5
8E38A4AF,0,,0,7
8E38A4AF,0,,1,1
8E38A4AF,1,,0,1
8E38A4AF,1,,1,5
972395EE,0,,0,7
972395EE,0,,1,1
972395EE,1,,0,1
972395EE,1,,1,5
BC0EC62D,0,,0,7
BC0EC62D,0,,1,1
BC0EC62D,1,,0,1
BC0EC62D,1,,1,5
A515F76C,0,,0,7
A515F76C,0,,1,5
A515F76C,1,,0,1
A515F76C,1,,1,5
228DEBA3,0,,0,7
228DEBA3,0,,1,5
228DEBA3,1,,0,6
228DEBA3,1,,1,8
3B96DAE2,0,,0,1
3B96DAE2,0,,1,5
3B96DAE2,1,,0,8
3B96DAE2,1,,1,4
EB960B9C,0,,0,6
EB960B9C,0,,1,8
EB960B9C,1,,0,6
EB960B9C,1,,1,8
CA182552,0,,0,7
CA182552,0,,1,5
CA182552,1,,0,7
CA182552,1,,1,1
DC9AD6B4,0,,0,7
DC9AD6B4,0,,1,5
DC9AD6B4,1,,0,7
DC9AD6B4,1,,1,1
F7B78577,0,,0,6
F7B78577,0,,1,8
F7B78577,1,,0,1
F7B78577,1,,1,5
EEACB436,0,,0,6
EEACB436,0,,1,8
EEACB436,1,,0,7
EEACB436,1,,1,1
A1ED22F1,0,,0,1
A1ED22F1,0,,1,5
A1ED22F1,1,,0,7
A1ED22F1,1,,1,1
B8F613B0,0,,0,6
B8F613B0,0,,1,8
B8F613B0,1,,0,7
B8F613B0,1,,1,1
93DB4073,0,,0,7
93DB4073,0,,1,5
93DB4073,1,,0,7
93DB4073,1,,1,1
8AC07132,0,,0,8
8AC07132,0,,1,4
8AC07132,1,,0,1
8AC07132,1,,1,5
0D586DFD,0,,0,8
0D586DFD,0,,1,4
0D586DFD,1,,0,7
0D586DFD,1,,1,1
14435CBC,0,,0,8
14435CBC,0,,1,4
14435CBC,1,,0,8
14435CBC,1,,1,4
C4438DC2,0,,0,7
C4438DC2,0,,1,5
C4438DC2,1,,0,7
C4438DC2,1,,1,1
DD58BC83,0,,0,7
DD58BC83,0,,1,5
DD58BC83,1,,0,6
DD58BC83,1,,1,8
F675EF40,0,,0,7
F675EF40,0,,1,5
F675EF40,1,,0,7
F675EF40,1,,1,1
EF6EDE01,0,,0,7
EF6EDE01,0,,1,5
EF6EDE01,1,,0,7
EF6EDE01,1,,1,1
A02F48C6,0,,0,7
A02F48C6,0,,1,5
A02F48C6,1,,0,7
A02F48C6,1,,1,1
D4C5355A,0,,0,7
D4C5355A,0,,1,1
D4C5355A,1,,0,1
D4C5355A,1,,1,5
9C8D0B41,0,,0,7
9C8D0B41,0,,1,5
9C8D0B41,1,,0,1
9C8D0B41,1,,1,5
85963A00,0,,0,7
85963A00,0,,1,1
85963A00,1,,0,7
85963A00,1,,1,1
AEBB69C3,0,,0,8
AEBB69C3,0,,1,4
AEBB69C3,1,,0,8
AEBB69C3,1,,1,4
9B3AAC64,0,,0,1
9B3AAC64,0,,1,5
9B3AAC64,1,,0,7
9B3AAC64,1,,1,5
B017FFA7,0,,0,1
B017FFA7,0,,1,5
B017FFA7,1,,0,1
B017FFA7,1,,1,5
6972164E,0,,0,7
6972164E,0,,1,5
6972164E,1,,0,8
6972164E,1,,1,4
E64D5821,0,,0,4
E64D5821,0,,1,8
E64D5821,1,,0,7
E64D5821,1,,1,1
FF566960,0,,0,8
FF566960,0,,1,4
FF566960,1,,0,7
FF566960,1,,1,1
D47B3AA3,0,,0,7
D47B3AA3,0,,1,5
D47B3AA3,1,,0,6
D47B3AA3,1,,1,8
CD600BE2,0,,0,8
CD600BE2,0,,1,4
CD600BE2,1,,0,1
CD600BE2,1,,1,5
835DF8EB,0,,0,6
835DF8EB,0,,1,8
835DF8EB,1,,0,8
835DF8EB,1,,1,4
99C21DC4,0,,0,8
99C21DC4,0,,1,4
99C21DC4,1,,0,7
99C21DC4,1,,1,1
35CBB172,0,,0,7
35CBB172,0,,1,5
35CBB172,1,,0,1
35CBB172,1,,1,5
1EE6E2B1,0,,0,6
1EE6E2B1,0,,1,8
1EE6E2B1,1,,0,6
1EE6E2B1,1,,1,8
2CD08033,0,,0,8
2CD08033,0,,1,4
2CD08033,1,,0,7
2CD08033,1,,1,1
639116F4,0,,0,6
639116F4,0,,1,8
639116F4,1,,0,7
639116F4,1,,1,1
7A8A27B5,0,,0,4
7A8A27B5,0,,1,8
7A8A27B5,1,,0,7
7A8A27B5,1,,1,1
51A77476,0,,0,8
51A77476,0,,1,4
51A77476,1,,0,7
51A77476,1,,1,1
48BC4537,0,,0,6
48BC4537,0,,1,8
48BC4537,1,,0,7
48BC4537,1,,1,1
CF2459F8,0,,0,7
CF2459F8,0,,1,1
CF2459F8,1,,0,1
CF2459F8,1,,1,5
D63F68B9,0,,0,1
D63F68B9,0,,1,5
D63F68B9,1,,0,6
D63F68B9,1,,1,8
063FB9C7,0,,0,6
063FB9C7,0,,1,8
063FB9C7,1,,0,1
063FB9C7,1,,1,5
1F248886,0,,0,6
1F248886,0,,1,8
1F248886,1,,0,7
1F248886,1,,1,1
3409DB45,0,,0,6
3409DB45,0,,1,8
3409DB45,1,,0,7
3409DB45,1,,1,1
2D12EA04,0,,0,1
2D12EA04,0,,1,5
2D12EA04,1,,0,7
2D12EA04,1,,1,1
7AF94D9A,0,,0,7
7AF94D9A,0,,1,5
7AF94D9A,1,,0,7
7AF94D9A,1,,1,1
A870AB28,0,,0,1
A870AB28,0,,1,5
A870AB28,1,,0,1
A870AB28,1,,1,5
D6838B03,0,,0,6
D6838B03,0,,1,8
D6838B03,1,,0,8
D6838B03,1,,1,4
B4EF2A3A,0,,0,1
B4EF2A3A,0,,1,5
B4EF2A3A,1,,0,7
B4EF2A3A,1,,1,1
9FC279F9,0,,0,7
9FC279F9,0,,1,5
9FC279F9,1,,0,7
9FC279F9,1,,1,5
86D948B8,0,,0,7
86D948B8,0,,1,1
86D948B8,1,,0,7
86D948B8,1,,1,1
C998DE7F,0,,0,1
C998DE7F,0,,1,5
C998DE7F,1,,0,1
C998DE7F,1,,1,5
D083EF3E,0,,0,7
D083EF3E,0,,1,1
D083EF3E,1,,0,6
D083EF3E,1,,1,8
FBAEBCFD,0,,0,7
FBAEBCFD,0,,1,1
FBAEBCFD,1,,0,7
FBAEBCFD,1,,1,1
E2B58DBC,0,,0,6
E2B58DBC,0,,1,8
E2B58DBC,1,,0,7
E2B58DBC,1,,1,1
652D9173,0,,0,1
652D9173,0,,1,5
652D9173,1,,0,7
652D9173,1,,1,1
7C36A032,0,,0,6
7C36A032,0,,1,8
7C36A032,1,,0,1
7C36A032,1,,1,5
AC36714C,0,,0,7
AC36714C,0,,1,1
AC36714C,1,,0,8
AC36714C,1,,1,4
B7A05882,0,,0,7
B7A05882,0,,1,5
B7A05882,1,,0,7
B7A05882,1,,1,1
3038444D,0,,0,6
3038444D,0,,1,8
3038444D,1,,0,1
3038444D,1,,1,5
2923750C,0,,0,6
2923750C,0,,1,8
2923750C,1,,0,8
2923750C,1,,1,4
A192993E,0,,0,6
A192993E,0,,1,8
A192993E,1,,0,1
A192993E,1,,1,5
8ABFCAFD,0,,0,6
8ABFCAFD,0,,1,8
8ABFCAFD,1,,0,7
8ABFCAFD,1,,1,1
93A4FBBC,0,,0,7
93A4FBBC,0,,1,5
93A4FBBC,1,,0,7
93A4FBBC,1,,1,1
DCE56D7B,0,,0,7
DCE56D7B,0,,1,5
DCE56D7B,1,,0,6
DCE56D7B,1,,1,8
C5FE5C3A,0,,0,6
C5FE5C3A,0,,1,8
C5FE5C3A,1,,0,1
C5FE5C3A,1,,1,5
EED30FF9,0,,0,4
EED30FF9,0,,1,8
EED30FF9,1,,0,8
EED30FF9,1,,1,4
F7C83EB8,0,,0,8
F7C83EB8,0,,1,4
F7C83EB8,1,,0,7
F7C83EB8,1,,1,1
70502277,0,,0,7
70502277,0,,1,1
70502277,1,,0,1
70502277,1,,1,5
694B1336,0,,0,1
694B1336,0,,1,5
694B1336,1,,0,6
694B1336,1,,1,8
B94BC248,0,,0,6
B94BC248,0,,1,8
B94BC248,1,,0,7
B94BC248,1,,1,5
A050F309,0,,0,6
A050F309,0,,1,8
A050F309,1,,0,8
A050F309,1,,1,4
D145AA4A,0,,0,1
D145AA4A,0,,1,5
D145AA4A,1,,0,8
D145AA4A,1,,1,4
D3CC9D86,0,,0,1
D3CC9D86,0,,1,5
D3CC9D86,1,,0,8
D3CC9D86,1,,1,4
E1FAFF04,0,,0,7
E1FAFF04,0,,1,5
E1FAFF04,1,,0,1
E1FAFF04,1,,1,5
CAD7ACC7,0,,0,1
CAD7ACC7,0,,1,5
CAD7ACC7,1,,0,6
CAD7ACC7,1,,1,8
414DEE0D,0,,0,1
414DEE0D,0,,1,5
414DEE0D,1,,0,7
414DEE0D,1,,1,1
6A60BDCE,0,,0,8
6A60BDCE,0,,1,4
6A60BDCE,1,,0,7
6A60BDCE,1,,1,1
737B8C8F,0,,0,6
737B8C8F,0,,1,8
737B8C8F,1,,0,1
737B8C8F,1,,1,5
3C3A1A48,0,,0,6
3C3A1A48,0,,1,8
3C3A1A48,1,,0,7
3C3A1A48,1,,1,1
25212B09,0,,0,7
25212B09,0,,1,5
25212B09,1,,0,7
25212B09,1,,1,1
0E0C78CA,0,,0,6
0E0C78CA,0,,1,8
0E0C78CA,1,,0,7
0E0C78CA,1,,1,1
1717498B,0,,0,7
1717498B,0,,1,5
1717498B,1,,0,7
1717498B,1,,1,1
3731EC91,0,,0,1
3731EC91,0,,1,5
3731EC91,1,,0,8
3731EC91,1,,1,4
34B538FF,0,,0,7
34B538FF,0,,1,5
34B538FF,1,,0,7
34B538FF,1,,1,5
14583B33,0,,0,1
14583B33,0,,1,5
14583B33,1,,0,1
14583B33,1,,1,5
3F7568F0,0,,0,7
3F7568F0,0,,1,1
3F7568F0,1,,0,8
3F7568F0,1,,1,4
266E59B1,0,,0,7
266E59B1,0,,1,1
266E59B1,1,,0,1
266E59B1,1,,1,5
692FCF76,0,,0,6
692FCF76,0,,1,8
692FCF76,1,,0,7
692FCF76,1,,1,1
7034FE37,0,,0,7
7034FE37,0,,1,5
7034FE37,1,,0,6
7034FE37,1,,1,8
5B19ADF4,0,,0,8
5B19ADF4,0,,1,4
5B19ADF4,1,,0,7
5B19ADF4,1,,1,1
42029CB5,0,,0,7
42029CB5,0,,1,5
42029CB5,1,,0,8
42029CB5,1,,1,4
C59A807A,0,,0,7
C59A807A,0,,1,1
C59A807A,1,,0,7
C59A807A,1,,1,1
DC81B13B,0,,0,8
DC81B13B,0,,1,4
DC81B13B,1,,0,7
DC81B13B,1,,1,1
0C816045,0,,0,1
0C816045,0,,1,5
0C816045,1,,0,6
0C816045,1,,1,8
159A5104,0,,0,7
159A5104,0,,1,5
159A5104,1,,0,7
159A5104,1,,1,1
3EB702C7,0,,0,8
3EB702C7,0,,1,4
3EB702C7,1,,0,7
3EB702C7,1,,1,5
27AC3386,0,,0,6
27AC3386,0,,1,8
27AC3386,1,,0,7
27AC3386,1,,1,5
327EFA14,0,,0,6
327EFA14,0,,1,8
327EFA14,1,,0,8
327EFA14,1,,1,4
F923A472,0,,0,7
F923A472,0,,1,5
F923A472,1,,0,6
F923A472,1,,1,8
E0389533,0,,0,8
E0389533,0,,1,4
E0389533,1,,0,1
E0389533,1,,1,5
CB15C6F0,0,,0,8
CB15C6F0,0,,1,4
CB15C6F0,1,,0,1
CB15C6F0,1,,1,5
76931E3F,0,,0,1
76931E3F,0,,1,5
76931E3F,1,,0,1
76931E3F,1,,1,5
5DBE4DFC,0,,0,1
5DBE4DFC,0,,1,5
5DBE4DFC,1,,0,7
5DBE4DFC,1,,1,1
44A57CBD,0,,0,6
44A57CBD,0,,1,8
44A57CBD,1,,0,8
44A57CBD,1,,1,4
0BE4EA7A,0,,0,8
0BE4EA7A,0,,1,4
0BE4EA7A,1,,0,7
0BE4EA7A,1,,1,1
12FFDB3B,0,,0,7
12FFDB3B,0,,1,1
12FFDB3B,1,,0,8
12FFDB3B,1,,1,4
39D288F8,0,,0,6
39D288F8,0,,1,8
39D288F8,1,,0,1
39D288F8,1,,1,5
20C9B9B9,0,,0,8
20C9B9B9,0,,1,4
20C9B9B9,1,,0,7
20C9B9B9,1,,1,5
A751A576,0,,0,1
A751A576,0,,1,5
A751A576,1,,0,7
A751A576,1,,1,5
BE4A9437,0,,0,6
BE4A9437,0,,1,8
BE4A9437,1,,0,6
BE4A9437,1,,1,8
6E4A4549,0,,0,7
6E4A4549,0,,1,5
6E4A4549,1,,0,1
6E4A4549,1,,1,5
FC6CB2F7,0,,0,7
FC6CB2F7,0,,1,5
FC6CB2F7,1,,0,7
FC6CB2F7,1,,1,1
F6F29FFD,0,,0,7
F6F29FFD,0,,1,5
F6F29FFD,1,,0,8
F6F29FFD,1,,1,4
3B8DBD6D,0,,0,8
3B8DBD6D,0,,1,4
3B8DBD6D,1,,0,8
3B8DBD6D,1,,1,4
10A0EEAE,0,,0,6
10A0EEAE,0,,1,8
10A0EEAE,1,,0,7
10A0EEAE,1,,1,1
09BBDFEF,0,,0,7
09BBDFEF,0,,1,1
09BBDFEF,1,,0,7
09BBDFEF,1,,1,1
46FA4928,0,,0,7
46FA4928,0,,1,1
46FA4928,1,,0,6
46FA4928,1,,1,8
5FE17869,0,,0,8
5FE17869,0,,1,4
5FE17869,1,,0,7
5FE17869,1,,1,1
74CC2BAA,0,,0,7
74CC2BAA,0,,1,1
74CC2BAA,1,,0,1
74CC2BAA,1,,1,5
6DD71AEB,0,,0,1
6DD71AEB,0,,1,5
6DD71AEB,1,,0,7
6DD71AEB,1,,1,5
EA4F0624,0,,0,6
EA4F0624,0,,1,8
EA4F0624,1,,0,7
EA4F0624,1,,1,1
F3543765,0,,0,8
F3543765,0,,1,4
F3543765,1,,0,1
F3543765,1,,1,5
33BC9023,0,,0,1
33BC9023,0,,1,5
33BC9023,1,,0,6
33BC9023,1,,1,8
532A6CF9,0,,0,7
532A6CF9,0,,1,5
532A6CF9,1,,0,7
532A6CF9,1,,1,1
9A318CC6,0,,0,7
9A318CC6,0,,1,5
9A318CC6,1,,0,8
9A318CC6,1,,1,4
832ABD87,0,,0,7
832ABD87,0,,1,5
832ABD87,1,,0,1
832ABD87,1,,1,5
79C5550D,0,,0,1
79C5550D,0,,1,5
79C5550D,1,,0,7
79C5550D,1,,1,1
3684C3CA,0,,0,1
3684C3CA,0,,1,5
3684C3CA,1,,0,7
3684C3CA,1,,1,1
2F9FF28B,0,,0,7
2F9FF28B,0,,1,1
2F9FF28B,1,,0,7
2F9FF28B,1,,1,1
04B2A148,0,,0,8
04B2A148,0,,1,4
04B2A148,1,,0,7
04B2A148,1,,1,1
1DA99009,0,,0,8
1DA99009,0,,1,4
1DA99009,1,,0,1
1DA99009,1,,1,5
4BF3378F,0,,0,7
4BF3378F,0,,1,1
4BF3378F,1,,0,8
4BF3378F,1,,1,4
60DE644C,0,,0,6
60DE644C,0,,1,8
60DE644C,1,,0,1
60DE644C,1,,1,5
FAA7701C,0,,0,1
FAA7701C,0,,1,5
FAA7701C,1,,0,8
FAA7701C,1,,1,4
E3BC415D,0,,0,7
E3BC415D,0,,1,5
E3BC415D,1,,0,1
E3BC415D,1,,1,5
45B53B90,0,,0,7
45B53B90,0,,1,1
45B53B90,1,,0,1
45B53B90,1,,1,5
6E986853,0,,0,6
6E986853,0,,1,8
6E986853,1,,0,1
6E986853,1,,1,5
5CAE0AD1,0,,0,8
5CAE0AD1,0,,1,4
5CAE0AD1,1,,0,1
5CAE0AD1,1,,1,5
13EF9C16,0,,0,6
13EF9C16,0,,1,8
13EF9C16,1,,0,7
13EF9C16,1,,1,1
0AF4AD57,0,,0,1
0AF4AD57,0,,1,5
0AF4AD57,1,,0,7
0AF4AD57,1,,1,1
21D9FE94,0,,0,7
21D9FE94,0,,1,1
21D9FE94,1,,0,7
21D9FE94,1,,1,1
38C2CFD5,0,,0,4
38C2CFD5,0,,1,8
38C2CFD5,1,,0,6
38C2CFD5,1,,1,8
BF5AD31A,0,,0,6
BF5AD31A,0,,1,8
BF5AD31A,1,,0,7
BF5AD31A,1,,1,1
A641E25B,0,,0,1
A641E25B,0,,1,5
A641E25B,1,,0,6
A641E25B,1,,1,8
76413325,0,,0,7
76413325,0,,1,5
76413325,1,,0,1
76413325,1,,1,5
6F5A0264,0,,0,7
6F5A0264,0,,1,5
6F5A0264,1,,0,8
6F5A0264,1,,1,4
447751A7,0,,0,1
447751A7,0,,1,5
447751A7,1,,0,7
447751A7,1,,1,1
5D6C60E6,0,,0,6
5D6C60E6,0,,1,8
5D6C60E6,1,,0,1
5D6C60E6,1,,1,5
63E27CDB,0,,0,6
63E27CDB,0,,1,8
63E27CDB,1,,0,7
63E27CDB,1,,1,1
D18A23DF,0,,0,7
D18A23DF,0,,1,5
D18A23DF,1,,0,7
D18A23DF,1,,1,1
EE7E992C,0,,0,7
EE7E992C,0,,1,1
EE7E992C,1,,0,1
EE7E992C,1,,1,5
C491A0D8,0,,0,1
C491A0D8,0,,1,5
C491A0D8,1,,0,7
C491A0D8,1,,1,5
EFBCF31B,0,,0,7
EFBCF31B,0,,1,5
EFBCF31B,1,,0,7
EFBCF31B,1,,1,1
F6A7C25A,0,,0,7
F6A7C25A,0,,1,5
F6A7C25A,1,,0,8
F6A7C25A,1,,1,4
B9E6549D,0,,0,7
B9E6549D,0,,1,1
B9E6549D,1,,0,7
B9E6549D,1,,1,1
A0FD65DC,0,,0,8
A0FD65DC,0,,1,4
A0FD65DC,1,,0,7
A0FD65DC,1,,1,1
8BD0361F,0,,0,7
8BD0361F,0,,1,5
8BD0361F,1,,0,7
8BD0361F,1,,1,5
92CB075E,0,,0,7
92CB075E,0,,1,1
92CB075E,1,,0,1
92CB075E,1,,1,5
15531B91,0,,0,7
15531B91,0,,1,1
15531B91,1,,0,1
15531B91,1,,1,5
0C482AD0,0,,0,1
0C482AD0,0,,1,5
0C482AD0,1,,0,6
0C482AD0,1,,1,8
DC48FBAE,0,,0,8
DC48FBAE,0,,1,4
DC48FBAE,1,,0,1
DC48FBAE,1,,1,5
C553CAEF,0,,0,1
C553CAEF,0,,1,5
C553CAEF,1,,0,6
C553CAEF,1,,1,8
8016A510,0,,0,7
8016A510,0,,1,5
8016A510,1,,0,8
8016A510,1,,1,4
9E043C8D,0,,0,7
9E043C8D,0,,1,5
9E043C8D,1,,0,6
9E043C8D,1,,1,8
59469861,0,,0,8
59469861,0,,1,4
59469861,1,,0,1
59469861,1,,1,5
726BCBA2,0,,0,6
726BCBA2,0,,1,8
726BCBA2,1,,0,7
726BCBA2,1,,1,1
6B70FAE3,0,,0,6
6B70FAE3,0,,1,8
6B70FAE3,1,,0,1
6B70FAE3,1,,1,5
24316C24,0,,0,6
24316C24,0,,1,8
24316C24,1,,0,1
24316C24,1,,1,5
3D2A5D65,0,,0,8
3D2A5D65,0,,1,4
3D2A5D65,1,,0,1
3D2A5D65,1,,1,5
16070EA6,0,,0,1
16070EA6,0,,1,5
16070EA6,1,,0,7
16070EA6,1,,1,1
0F1C3FE7,0,,0,7
0F1C3FE7,0,,1,5
0F1C3FE7,1,,0,7
0F1C3FE7,1,,1,1
88842328,0,,0,1
88842328,0,,1,5
88842328,1,,0,7
88842328,1,,1,1
73A9A195,0,,0,7
73A9A195,0,,1,5
73A9A195,1,,0,7
73A9A195,1,,1,1
419FC317,0,,0,6
419FC317,0,,1,8
419FC317,1,,0,7
419FC317,1,,1,1
919F1269,0,,0,1
919F1269,0,,1,5
919F1269,1,,0,6
919F1269,1,,1,8
6AB290D4,0,,0,7
6AB290D4,0,,1,1
6AB290D4,1,,0,8
6AB290D4,1,,1,4
5884F256,0,,0,7
5884F256,0,,1,1
5884F256,1,,0,1
5884F256,1,,1,5
D64C0296,0,,0,1
D64C0296,0,,1,5
D64C0296,1,,0,7
D64C0296,1,,1,5
66AD6A5E,0,,0,6
66AD6A5E,0,,1,8
66AD6A5E,1,,0,7
66AD6A5E,1,,1,1
ACFDD79A,0,,0,7
ACFDD79A,0,,1,1
ACFDD79A,1,,0,7
ACFDD79A,1,,1,1
AEC4D20C,0,,0,1
AEC4D20C,0,,1,5
AEC4D20C,1,,0,7
AEC4D20C,1,,1,1
E18544CB,0,,0,6
E18544CB,0,,1,8
E18544CB,1,,0,1
E18544CB,1,,1,5
9CF2B08E,0,,0,6
9CF2B08E,0,,1,8
9CF2B08E,1,,0,7
9CF2B08E,1,,1,1
B7DFE34D,0,,0,7
B7DFE34D,0,,1,1
B7DFE34D,1,,0,7
B7DFE34D,1,,1,1
F89E758A,0,,0,7
F89E758A,0,,1,5
F89E758A,1,,0,7
F89E758A,1,,1,1
D3B32649,0,,0,7
D3B32649,0,,1,5
D3B32649,1,,0,7
D3B32649,1,,1,1
CAA81708,0,,0,4
CAA81708,0,,1,8
CAA81708,1,,0,8
CAA81708,1,,1,4
4D300BC7,0,,0,7
4D300BC7,0,,1,1
4D300BC7,1,,0,1
4D300BC7,1,,1,5
542B3A86,0,,0,6
542B3A86,0,,1,8
542B3A86,1,,0,6
542B3A86,1,,1,8
842BEBF8,0,,0,6
842BEBF8,0,,1,8
842BEBF8,1,,0,7
842BEBF8,1,,1,1
9D30DAB9,0,,0,7
9D30DAB9,0,,1,1
9D30DAB9,1,,0,7
9D30DAB9,1,,1,1
B61D897A,0,,0,7
B61D897A,0,,1,1
B61D897A,1,,0,7
B61D897A,1,,1,1
AF06B83B,0,,0,1
AF06B83B,0,,1,5
AF06B83B,1,,0,1
AF06B83B,1,,1,5
E6F357D8,0,,0,6
E6F357D8,0,,1,8
E6F357D8,1,,0,1
E6F357D8,1,,1,5
EB442686,0,,0,8
EB442686,0,,1,4
EB442686,1,,0,6
EB442686,1,,1,8
C0697545,0,,0,1
C0697545,0,,1,5
C0697545,1,,0,7
C0697545,1,,1,1
D9724404,0,,0,6
D9724404,0,,1,8
D9724404,1,,0,7
D9724404,1,,1,1
9633D2C3,0,,0,7
9633D2C3,0,,1,1
9633D2C3,1,,0,7
9633D2C3,1,,1,1
8F28E382,0,,0,6
8F28E382,0,,1,8
8F28E382,1,,0,7
8F28E382,1,,1,5
A405B041,0,,0,1
A405B041,0,,1,5
A405B041,1,,0,1
A405B041,1,,1,5
BD1E8100,0,,0,7
BD1E8100,0,,1,1
BD1E8100,1,,0,8
BD1E8100,1,,1,4
3A869DCF,0,,0,1
3A869DCF,0,,1,5
3A869DCF,1,,0,1
3A869DCF,1,,1,5
239DAC8E,0,,0,7
239DAC8E,0,,1,5
239DAC8E,1,,0,7
239DAC8E,1,,1,1
F39D7DF0,0,,0,7
F39D7DF0,0,,1,5
F39D7DF0,1,,0,1
F39D7DF0,1,,1,5
B4EB0579,0,,0,8
B4EB0579,0,,1,4
B4EB0579,1,,0,7
B4EB0579,1,,1,1
192EFE5B,0,,0,8
192EFE5B,0,,1,4
192EFE5B,1,,0,8
192EFE5B,1,,1,4
3203AD98,0,,0,7
3203AD98,0,,1,1
3203AD98,1,,0,1
3203AD98,1,,1,5
2B189CD9,0,,0,1
2B189CD9,0,,1,5
2B189CD9,1,,0,8
2B189CD9,1,,1,4
64590A1E,0,,0,6
64590A1E,0,,1,8
64590A1E,1,,0,1
64590A1E,1,,1,5
7D423B5F,0,,0,6
7D423B5F,0,,1,8
7D423B5F,1,,0,7
7D423B5F,1,,1,1
566F689C,0,,0,6
566F689C,0,,1,8
566F689C,1,,0,6
566F689C,1,,1,8
4F7459DD,0,,0,6
4F7459DD,0,,1,8
4F7459DD,1,,0,7
4F7459DD,1,,1,5
C8EC4512,0,,0,1
C8EC4512,0,,1,5
C8EC4512,1,,0,7
C8EC4512,1,,1,1
D1F77453,0,,0,1
D1F77453,0,,1,5
D1F77453,1,,0,7
D1F77453,1,,1,1
01F7A52D,0,,0,6
01F7A52D,0,,1,8
01F7A52D,1,,0,7
01F7A52D,1,,1,1
18EC946C,0,,0,6
18EC946C,0,,1,8
18EC946C,1,,0,1
18EC946C,1,,1,5
33C1C7AF,0,,0,1
33C1C7AF,0,,1,5
33C1C7AF,1,,0,7
33C1C7AF,1,,1,1
2ADAF6EE,0,,0,8
2ADAF6EE,0,,1,4
2ADAF6EE,1,,0,8
2ADAF6EE,1,,1,4
9B84A39D,0,,0,7
9B84A39D,0,,1,5
9B84A39D,1,,0,8
9B84A39D,1,,1,4
2386CB01,0,,0,6
2386CB01,0,,1,8
2386CB01,1,,0,6
2386CB01,1,,1,8
08AB98C2,0,,0,6
08AB98C2,0,,1,8
08AB98C2,1,,0,1
08AB98C2,1,,1,5
11B0A983,0,,0,7
11B0A983,0,,1,1
11B0A983,1,,0,1
11B0A983,1,,1,5
5EF13F44,0,,0,6
5EF13F44,0,,1,8
5EF13F44,1,,0,1
5EF13F44,1,,1,5
47EA0E05,0,,0,7
47EA0E05,0,,1,1
47EA0E05,1,,0,7
47EA0E05,1,,1,1
6CC75DC6,0,,0,7
6CC75DC6,0,,1,1
6CC75DC6,1,,0,8
6CC75DC6,1,,1,4
75DC6C87,0,,0,6
75DC6C87,0,,1,8
75DC6C87,1,,0,7
75DC6C87,1,,1,1
F2447048,0,,0,8
F2447048,0,,1,4
F2447048,1,,0,7
F2447048,1,,1,1
EB5F4109,0,,0,7
EB5F4109,0,,1,1
EB5F4109,1,,0,7
EB5F4109,1,,1,1
3B5F9077,0,,0,7
3B5F9077,0,,1,1
3B5F9077,1,,0,7
3B5F9077,1,,1,1
D3031413,0,,0,7
D3031413,0,,1,1
D3031413,1,,0,1
D3031413,1,,1,5
2E2ADDD0,0,,0,6
2E2ADDD0,0,,1,8
2E2ADDD0,1,,0,7
2E2ADDD0,1,,1,1
357752C8,0,,0,6
357752C8,0,,1,8
357752C8,1,,0,7
357752C8,1,,1,5
ACE45C56,0,,0,8
ACE45C56,0,,1,4
ACE45C56,1,,0,8
ACE45C56,1,,1,4
87C90F95,0,,0,7
87C90F95,0,,1,1
87C90F95,1,,0,8
87C90F95,1,,1,4
9ED23ED4,0,,0,7
9ED23ED4,0,,1,1
9ED23ED4,1,,0,8
9ED23ED4,1,,1,4
D193A813,0,,0,1
D193A813,0,,1,5
D193A813,1,,0,7
D193A813,1,,1,1
C8889952,0,,0,7
C8889952,0,,1,5
C8889952,1,,0,1
C8889952,1,,1,5
E3A5CA91,0,,0,6
E3A5CA91,0,,1,8
E3A5CA91,1,,0,7
E3A5CA91,1,,1,1
FABEFBD0,0,,0,7
FABEFBD0,0,,1,5
FABEFBD0,1,,0,1
FABEFBD0,1,,1,5
7D26E71F,0,,0,6
7D26E71F,0,,1,8
7D26E71F,1,,0,6
7D26E71F,1,,1,8
643DD65E,0,,0,7
643DD65E,0,,1,1
643DD65E,1,,0,7
643DD65E,1,,1,1
B43D0720,0,,0,6
B43D0720,0,,1,8
B43D0720,1,,0,7
B43D0720,1,,1,1
AD263661,0,,0,6
AD263661,0,,1,8
AD263661,1,,0,7
AD263661,1,,1,1
E47A6014,0,,0,1
E47A6014,0,,1,5
E47A6014,1,,0,7
E47A6014,1,,1,1
FE2A0CAE,0,,0,7
FE2A0CAE,0,,1,1
FE2A0CAE,1,,0,7
FE2A0CAE,1,,1,1
2DAE09BE,0,,0,7
2DAE09BE,0,,1,5
2DAE09BE,1,,0,7
2DAE09BE,1,,1,1
BE51F3B8,0,,0,6
BE51F3B8,0,,1,8
BE51F3B8,1,,0,1
BE51F3B8,1,,1,5
957CA07B,0,,0,6
957CA07B,0,,1,8
957CA07B,1,,0,7
957CA07B,1,,1,1
8C67913A,0,,0,7
8C67913A,0,,1,5
8C67913A,1,,0,1
8C67913A,1,,1,5
C32607FD,0,,0,6
C32607FD,0,,1,8
C32607FD,1,,0,6
C32607FD,1,,1,8
DA3D36BC,0,,0,8
DA3D36BC,0,,1,4
DA3D36BC,1,,0,8
DA3D36BC,1,,1,4
F110657F,0,,0,8
F110657F,0,,1,4
F110657F,1,,0,7
F110657F,1,,1,1
E80B543E,0,,0,8
E80B543E,0,,1,4
E80B543E,1,,0,1
E80B543E,1,,1,5
6F9348F1,0,,0,7
6F9348F1,0,,1,1
6F9348F1,1,,0,7
6F9348F1,1,,1,1
768879B0,0,,0,8
768879B0,0,,1,4
768879B0,1,,0,8
768879B0,1,,1,4
A688A8CE,0,,0,6
A688A8CE,0,,1,8
A688A8CE,1,,0,7
A688A8CE,1,,1,1
BF93998F,0,,0,8
BF93998F,0,,1,4
BF93998F,1,,0,7
BF93998F,1,,1,1
94BECA4C,0,,0,6
94BECA4C,0,,1,8
94BECA4C,1,,0,7
94BECA4C,1,,1,1
8DA5FB0D,0,,0,7
8DA5FB0D,0,,1,5
8DA5FB0D,1,,0,8
8DA5FB0D,1,,1,4
CC1C6E2C,0,,0,7
CC1C6E2C,0,,1,5
CC1C6E2C,1,,0,8
CC1C6E2C,1,,1,4
80D92C85,0,,0,7
80D92C85,0,,1,5
80D92C85,1,,0,8
80D92C85,1,,1,4
5E8E848B,0,,0,6
5E8E848B,0,,1,8
5E8E848B,1,,0,7
5E8E848B,1,,1,1
75A3D748,0,,0,1
75A3D748,0,,1,5
75A3D748,1,,0,7
75A3D748,1,,1,1
6CB8E609,0,,0,7
6CB8E609,0,,1,1
6CB8E609,1,,0,6
6CB8E609,1,,1,8
23F970CE,0,,0,1
23F970CE,0,,1,5
23F970CE,1,,0,7
23F970CE,1,,1,1
3AE2418F,0,,0,7
3AE2418F,0,,1,5
3AE2418F,1,,0,7
3AE2418F,1,,1,1
11CF124C,0,,0,7
11CF124C,0,,1,1
11CF124C,1,,0,1
11CF124C,1,,1,5
08D4230D,0,,0,6
08D4230D,0,,1,8
08D4230D,1,,0,1
08D4230D,1,,1,5
8F4C3FC2,0,,0,6
8F4C3FC2,0,,1,8
8F4C3FC2,1,,0,7
8F4C3FC2,1,,1,1
96570E83,0,,0,6
96570E83,0,,1,8
96570E83,1,,0,1
96570E83,1,,1,5
4657DFFD,0,,0,7
4657DFFD,0,,1,1
4657DFFD,1,,0,8
4657DFFD,1,,1,4
5F4CEEBC,0,,0,6
5F4CEEBC,0,,1,8
5F4CEEBC,1,,0,7
5F4CEEBC,1,,1,1
9C4282D4,0,,0,8
9C4282D4,0,,1,4
9C4282D4,1,,0,7
9C4282D4,1,,1,1
D5075F6D,0,,0,7
D5075F6D,0,,1,5
D5075F6D,1,,0,8
D5075F6D,1,,1,4
ABF47F46,0,,0,7
ABF47F46,0,,1,1
ABF47F46,1,,0,8
ABF47F46,1,,1,4
E632E3EE,0,,0,6
E632E3EE,0,,1,8
E632E3EE,1,,0,7
E632E3EE,1,,1,1
CD1FB02D,0,,0,7
CD1FB02D,0,,1,1
CD1FB02D,1,,0,8
CD1FB02D,1,,1,4
D404816C,0,,0,6
D404816C,0,,1,8
D404816C,1,,0,6
D404816C,1,,1,8
9B4517AB,0,,0,6
9B4517AB,0,,1,8
9B4517AB,1,,0,7
9B4517AB,1,,1,1
825E26EA,0,,0,8
825E26EA,0,,1,4
825E26EA,1,,0,7
825E26EA,1,,1,1
A9737529,0,,0,8
A9737529,0,,1,4
A9737529,1,,0,1
A9737529,1,,1,5
B0684468,0,,0,6
B0684468,0,,1,8
B0684468,1,,0,7
B0684468,1,,1,1
37F058A7,0,,0,8
37F058A7,0,,1,4
37F058A7,1,,0,7
37F058A7,1,,1,1
2EEB69E6,0,,0,6
2EEB69E6,0,,1,8
2EEB69E6,1,,0,7
2EEB69E6,1,,1,1
FEEBB898,0,,0,6
FEEBB898,0,,1,8
FEEBB898,1,,0,8
FEEBB898,1,,1,4
E7F089D9,0,,0,6
E7F089D9,0,,1,8
E7F089D9,1,,0,7
E7F089D9,1,,1,1
CCDDDA1A,0,,0,7
CCDDDA1A,0,,1,5
CCDDDA1A,1,,0,7
CCDDDA1A,1,,1,1
FFE86699,0,,0,7
FFE86699,0,,1,5
FFE86699,1,,0,6
FFE86699,1,,1,8
53F841E3,0,,0,7
53F841E3,0,,1,5
53F841E3,1,,0,7
53F841E3,1,,1,1
78D51220,0,,0,7
78D51220,0,,1,5
78D51220,1,,0,8
78D51220,1,,1,4
61CE2361,0,,0,6
61CE2361,0,,1,8
61CE2361,1,,0,1
61CE2361,1,,1,5
2E8FB5A6,0,,0,8
2E8FB5A6,0,,1,4
2E8FB5A6,1,,0,8
2E8FB5A6,1,,1,4
1CB9D724,0,,0,6
1CB9D724,0,,1,8
1CB9D724,1,,0,7
1CB9D724,1,,1,5
05A2E665,0,,0,6
05A2E665,0,,1,8
05A2E665,1,,0,1
05A2E665,1,,1,5
823AFAAA,0,,0,7
823AFAAA,0,,1,5
823AFAAA,1,,0,1
823AFAAA,1,,1,5
9B21CBEB,0,,0,6
9B21CBEB,0,,1,8
9B21CBEB,1,,0,1
9B21CBEB,1,,1,5
4B211A95,0,,0,7
4B211A95,0,,1,1
4B211A95,1,,0,7
4B211A95,1,,1,1
676F0069,0,,0,7
676F0069,0,,1,1
676F0069,1,,0,7
676F0069,1,,1,5
829F92DC,0,,0,7
829F92DC,0,,1,5
829F92DC,1,,0,7
829F92DC,1,,1,1
B2EF4E07,0,,0,6
B2EF4E07,0,,1,8
B2EF4E07,1,,0,1
B2EF4E07,1,,1,5
313364EF,0,,0,7
313364EF,0,,1,1
313364EF,1,,0,7
313364EF,1,,1,1
1A1E372C,0,,0,7
1A1E372C,0,,1,5
1A1E372C,1,,0,7
1A1E372C,1,,1,1
0305066D,0,,0,7
0305066D,0,,1,5
0305066D,1,,0,7
0305066D,1,,1,1
4C4490AA,0,,0,6
4C4490AA,0,,1,8
4C4490AA,1,,0,1
4C4490AA,1,,1,5
555FA1EB,0,,0,6
555FA1EB,0,,1,8
555FA1EB,1,,0,8
555FA1EB,1,,1,4
7E72F228,0,,0,6
7E72F228,0,,1,8
7E72F228,1,,0,7
7E72F228,1,,1,1
6769C369,0,,0,6
6769C369,0,,1,8
6769C369,1,,0,6
6769C369,1,,1,8
E0F1DFA6,0,,0,1
E0F1DFA6,0,,1,5
E0F1DFA6,1,,0,1
E0F1DFA6,1,,1,5
F9EAEEE7,0,,0,7
F9EAEEE7,0,,1,1
F9EAEEE7,1,,0,1
F9EAEEE7,1,,1,5
29EA3F99,0,,0,8
29EA3F99,0,,1,4
29EA3F99,1,,0,7
29EA3F99,1,,1,1
7FB65B1F,0,,0,8
7FB65B1F,0,,1,4
7FB65B1F,1,,0,8
7FB65B1F,1,,1,4
9D80E8E3,0,,0,1
9D80E8E3,0,,1,5
9D80E8E3,1,,0,1
9D80E8E3,1,,1,5
D2C17E24,0,,0,6
D2C17E24,0,,1,8
D2C17E24,1,,0,1
D2C17E24,1,,1,5
797D99F4,0,,0,6
797D99F4,0,,1,8
797D99F4,1,,0,1
797D99F4,1,,1,5
BAF854C1,0,,0,7
BAF854C1,0,,1,1
BAF854C1,1,,0,1
BAF854C1,1,,1,5
88CE3643,0,,0,7
88CE3643,0,,1,1
88CE3643,1,,0,6
88CE3643,1,,1,8
91D50702,0,,0,7
91D50702,0,,1,5
91D50702,1,,0,6
91D50702,1,,1,8
8559B395,0,,0,1
8559B395,0,,1,5
8559B395,1,,0,1
8559B395,1,,1,5
F82E47D0,0,,0,7
F82E47D0,0,,1,1
F82E47D0,1,,0,6
F82E47D0,1,,1,8
6B3AEF88,0,,0,7
6B3AEF88,0,,1,5
6B3AEF88,1,,0,8
6B3AEF88,1,,1,4
147A59C4,0,,0,7
147A59C4,0,,1,1
147A59C4,1,,0,7
147A59C4,1,,1,5
3F570A07,0,,0,7
3F570A07,0,,1,5
3F570A07,1,,0,8
3F570A07,1,,1,4
FAE322E8,0,,0,6
FAE322E8,0,,1,8
FAE322E8,1,,0,1
FAE322E8,1,,1,5
ACB9856E,0,,0,6
ACB9856E,0,,1,8
ACB9856E,1,,0,7
ACB9856E,1,,1,1
9E8FE7EC,0,,0,1
9E8FE7EC,0,,1,5
9E8FE7EC,1,,0,7
9E8FE7EC,1,,1,1
000CCA62,0,,0,7
000CCA62,0,,1,1
000CCA62,1,,0,7
000CCA62,1,,1,5
C9172A5D,0,,0,8
C9172A5D,0,,1,4
C9172A5D,1,,0,7
C9172A5D,1,,1,5
D00C1B1C,0,,0,1
D00C1B1C,0,,1,5
D00C1B1C,1,,0,7
D00C1B1C,1,,1,5
FB2148DF,0,,0,7
FB2148DF,0,,1,5
FB2148DF,1,,0,6
FB2148DF,1,,1,8
E23A799E,0,,0,7
E23A799E,0,,1,1
E23A799E,1,,0,7
E23A799E,1,,1,1
1799DC1D,0,,0,7
1799DC1D,0,,1,5
1799DC1D,1,,0,8
1799DC1D,1,,1,4
3CB48FDE,0,,0,6
3CB48FDE,0,,1,8
3CB48FDE,1,,0,7
3CB48FDE,1,,1,1
25AFBE9F,0,,0,1
25AFBE9F,0,,1,5
25AFBE9F,1,,0,7
25AFBE9F,1,,1,1
6AEE2858,0,,0,6
6AEE2858,0,,1,8
6AEE2858,1,,0,7
6AEE2858,1,,1,1
73F51919,0,,0,7
73F51919,0,,1,1
73F51919,1,,0,7
73F51919,1,,1,5
58D84ADA,0,,0,7
58D84ADA,0,,1,5
58D84ADA,1,,0,1
58D84ADA,1,,1,5
41C37B9B,0,,0,6
41C37B9B,0,,1,8
41C37B9B,1,,0,7
41C37B9B,1,,1,1
C65B6754,0,,0,6
C65B6754,0,,1,8
C65B6754,1,,0,7
C65B6754,1,,1,5
DF405615,0,,0,8
DF405615,0,,1,4
DF405615,1,,0,1
DF405615,1,,1,5
0F40876B,0,,0,7
0F40876B,0,,1,5
0F40876B,1,,0,7
0F40876B,1,,1,1
165BB62A,0,,0,6
165BB62A,0,,1,8
165BB62A,1,,0,7
165BB62A,1,,1,1
3D76E5E9,0,,0,7
3D76E5E9,0,,1,5
3D76E5E9,1,,0,1
3D76E5E9,1,,1,5
246DD4A8,0,,0,7
246DD4A8,0,,1,5
246DD4A8,1,,0,7
246DD4A8,1,,1,1
6B2C426F,0,,0,6
6B2C426F,0,,1,8
6B2C426F,1,,0,7
6B2C426F,1,,1,1
7237732E,0,,0,7
7237732E,0,,1,1
7237732E,1,,0,7
7237732E,1,,1,1
591A20ED,0,,0,6
591A20ED,0,,1,8
591A20ED,1,,0,1
591A20ED,1,,1,5
B0B6CA0D,0,,0,7
B0B6CA0D,0,,1,5
B0B6CA0D,1,,0,7
B0B6CA0D,1,,1,1
08492FB7,0,,0,8
08492FB7,0,,1,4
08492FB7,1,,0,1
08492FB7,1,,1,5
D8A50680,0,,0,7
D8A50680,0,,1,5
D8A50680,1,,0,7
D8A50680,1,,1,1
BCC9C384,0,,0,6
BCC9C384,0,,1,8
BCC9C384,1,,0,7
BCC9C384,1,,1,1
5F3D1A4F,0,,0,1
5F3D1A4F,0,,1,5
5F3D1A4F,1,,0,7
5F3D1A4F,1,,1,5
F3885543,0,,0,7
F3885543,0,,1,5
F3885543,1,,0,1
F3885543,1,,1,5
EA936402,0,,0,7
EA936402,0,,1,1
EA936402,1,,0,7
EA936402,1,,1,1
C1BE37C1,0,,0,1
C1BE37C1,0,,1,5
C1BE37C1,1,,0,6
C1BE37C1,1,,1,8
8FD39369,0,,0,6
8FD39369,0,,1,8
8FD39369,1,,0,7
8FD39369,1,,1,1
BDE5F1EB,0,,0,1
BDE5F1EB,0,,1,5
BDE5F1EB,1,,0,8
BDE5F1EB,1,,1,4
F2A4672C,0,,0,6
F2A4672C,0,,1,8
F2A4672C,1,,0,7
F2A4672C,1,,1,5
EBBF566D,0,,0,1
EBBF566D,0,,1,5
EBBF566D,1,,0,7
EBBF566D,1,,1,5
C09205AE,0,,0,7
C09205AE,0,,1,5
C09205AE,1,,0,7
C09205AE,1,,1,5
D98934EF,0,,0,8
D98934EF,0,,1,4
D98934EF,1,,0,6
D98934EF,1,,1,8
5E112820,0,,0,7
5E112820,0,,1,1
5E112820,1,,0,7
5E112820,1,,1,5
470A1961,0,,0,6
470A1961,0,,1,8
470A1961,1,,0,7
470A1961,1,,1,5
970AC81F,0,,0,7
970AC81F,0,,1,1
970AC81F,1,,0,7
970AC81F,1,,1,1
8E11F95E,0,,0,7
8E11F95E,0,,1,1
8E11F95E,1,,0,7
8E11F95E,1,,1,1
A53CAA9D,0,,0,6
A53CAA9D,0,,1,8
A53CAA9D,1,,0,7
A53CAA9D,1,,1,1
BC279BDC,0,,0,1
BC279BDC,0,,1,5
BC279BDC,1,,0,7
BC279BDC,1,,1,1
F3660D1B,0,,0,7
F3660D1B,0,,1,5
F3660D1B,1,,0,6
F3660D1B,1,,1,8
EA7D3C5A,0,,0,7
EA7D3C5A,0,,1,1
EA7D3C5A,1,,0,7
EA7D3C5A,1,,1,1
C1506F99,0,,0,6
C1506F99,0,,1,8
C1506F99,1,,0,8
C1506F99,1,,1,4
89185182,0,,0,7
89185182,0,,1,1
89185182,1,,0,7
89185182,1,,1,1
E27FA6A9,0,,0,6
E27FA6A9,0,,1,8
E27FA6A9,1,,0,1
E27FA6A9,1,,1,5
327F77D7,0,,0,7
327F77D7,0,,1,5
327F77D7,1,,0,8
327F77D7,1,,1,4
2B644696,0,,0,7
2B644696,0,,1,5
2B644696,1,,0,8
2B644696,1,,1,4
00491555,0,,0,6
00491555,0,,1,8
00491555,1,,0,7
00491555,1,,1,1
A5D2F2C5,0,,0,1
A5D2F2C5,0,,1,5
A5D2F2C5,1,,0,7
A5D2F2C5,1,,1,1
3E779B17,0,,0,7
3E779B17,0,,1,5
3E779B17,1,,0,1
3E779B17,1,,1,5
0317B2A7,0,,0,8
0317B2A7,0,,1,4
0317B2A7,1,,0,1
0317B2A7,1,,1,5
C85E9B0B,0,,0,7
C85E9B0B,0,,1,5
C85E9B0B,1,,0,7
C85E9B0B,1,,1,1
ADF03438,0,,0,1
ADF03438,0,,1,5
ADF03438,1,,0,1
ADF03438,1,,1,5
86DD67FB,0,,0,7
86DD67FB,0,,1,1
86DD67FB,1,,0,7
86DD67FB,1,,1,1
9FC656BA,0,,0,6
9FC656BA,0,,1,8
9FC656BA,1,,0,7
9FC656BA,1,,1,1
D087C07D,0,,0,7
D087C07D,0,,1,1
D087C07D,1,,0,7
D087C07D,1,,1,1
C99CF13C,0,,0,6
C99CF13C,0,,1,8
C99CF13C,1,,0,1
C99CF13C,1,,1,5
FBAA93BE,0,,0,6
FBAA93BE,0,,1,8
FBAA93BE,1,,0,7
FBAA93BE,1,,1,1
7C328F71,0,,0,1
7C328F71,0,,1,5
7C328F71,1,,0,7
7C328F71,1,,1,1
B3E2ADA5,0,,0,7
B3E2ADA5,0,,1,1
B3E2ADA5,1,,0,7
B3E2ADA5,1,,1,1
AAF99CE4,0,,0,6
AAF99CE4,0,,1,8
AAF99CE4,1,,0,1
AAF99CE4,1,,1,5
81D4CF27,0,,0,7
81D4CF27,0,,1,1
81D4CF27,1,,0,7
81D4CF27,1,,1,1
98CFFE66,0,,0,7
98CFFE66,0,,1,1
98CFFE66,1,,0,1
98CFFE66,1,,1,5
D78E68A1,0,,0,6
D78E68A1,0,,1,8
D78E68A1,1,,0,1
D78E68A1,1,,1,5
6066A8B5,0,,0,7
6066A8B5,0,,1,5
6066A8B5,1,,0,8
6066A8B5,1,,1,4
F47BA831,0,,0,7
F47BA831,0,,1,1
F47BA831,1,,0,7
F47BA831,1,,1,1
634CF911,0,,0,1
634CF911,0,,1,5
634CF911,1,,0,7
634CF911,1,,1,1
B28E4258,0,,0,1
B28E4258,0,,1,5
B28E4258,1,,0,6
B28E4258,1,,1,8
AB957319,0,,0,6
AB957319,0,,1,8
AB957319,1,,0,7
AB957319,1,,1,5
A03BEDB6,0,,0,1
A03BEDB6,0,,1,5
A03BEDB6,1,,0,8
A03BEDB6,1,,1,4
E2686259,0,,0,8
E2686259,0,,1,4
E2686259,1,,0,6
E2686259,1,,1,8
27A3F179,0,,0,6
27A3F179,0,,1,8
27A3F179,1,,0,7
27A3F179,1,,1,1
B432C5DF,0,,0,7
B432C5DF,0,,1,1
B432C5DF,1,,0,1
B432C5DF,1,,1,5
66A46BA1,0,,0,8
66A46BA1,0,,1,4
66A46BA1,1,,0,1
66A46BA1,1,,1,5
DE180CC4,0,,0,6
DE180CC4,0,,1,8
DE180CC4,1,,0,7
DE180CC4,1,,1,1
224B63C9,0,,0,6
224B63C9,0,,1,8
224B63C9,1,,0,1
224B63C9,1,,1,5
0966300A,0,,0,7
0966300A,0,,1,1
0966300A,1,,0,1
0966300A,1,,1,5
107D014B,0,,0,7
107D014B,0,,1,1
107D014B,1,,0,7
107D014B,1,,1,5
97E51D84,0,,0,1
97E51D84,0,,1,5
97E51D84,1,,0,1
97E51D84,1,,1,5
CF860DD2,0,,0,6
CF860DD2,0,,1,8
CF860DD2,1,,0,8
CF860DD2,1,,1,4
2C72D419,0,,0,6
2C72D419,0,,1,8
2C72D419,1,,0,1
2C72D419,1,,1,5
5105205C,0,,0,7
5105205C,0,,1,1
5105205C,1,,0,7
5105205C,1,,1,1
633342DE,0,,0,7
633342DE,0,,1,5
633342DE,1,,0,7
633342DE,1,,1,1
7A28739F,0,,0,7
7A28739F,0,,1,5
7A28739F,1,,0,1
7A28739F,1,,1,5
AC325E0F,0,,0,1
AC325E0F,0,,1,5
AC325E0F,1,,0,1
AC325E0F,1,,1,5
ED609970,0,,0,7
ED609970,0,,1,1
ED609970,1,,0,7
ED609970,1,,1,5
1F86DCAC,0,,0,7
1F86DCAC,0,,1,5
1F86DCAC,1,,0,8
1F86DCAC,1,,1,4
34AB8F6F,0,,0,7
34AB8F6F,0,,1,1
34AB8F6F,1,,0,7
34AB8F6F,1,,1,1
2DB0BE2E,0,,0,1
2DB0BE2E,0,,1,5
2DB0BE2E,1,,0,7
2DB0BE2E,1,,1,1
1C0208C2,0,,0,7
1C0208C2,0,,1,5
1C0208C2,1,,0,7
1C0208C2,1,,1,1
06E25622,0,,0,6
06E25622,0,,1,8
06E25622,1,,0,7
06E25622,1,,1,1
2DCF05E1,0,,0,8
2DCF05E1,0,,1,4
2DCF05E1,1,,0,7
2DCF05E1,1,,1,1
3CFE7E61,0,,0,1
3CFE7E61,0,,1,5
3CFE7E61,1,,0,8
3CFE7E61,1,,1,4
C68B09DE,0,,0,7
C68B09DE,0,,1,1
C68B09DE,1,,0,8
C68B09DE,1,,1,4
8193A099,0,,0,7
8193A099,0,,1,5
8193A099,1,,0,7
8193A099,1,,1,1
B3A5C21B,0,,0,7
B3A5C21B,0,,1,5
B3A5C21B,1,,0,1
B3A5C21B,1,,1,5
994AFBEF,0,,0,6
994AFBEF,0,,1,8
994AFBEF,1,,0,8
994AFBEF,1,,1,4
AB7C996D,0,,0,1
AB7C996D,0,,1,5
AB7C996D,1,,0,8
AB7C996D,1,,1,4
2F1714A0,0,,0,1
2F1714A0,0,,1,5
2F1714A0,1,,0,7
2F1714A0,1,,1,1
750E26DD,0,,0,7
750E26DD,0,,1,5
750E26DD,1,,0,6
750E26DD,1,,1,8
5E23751E,0,,0,7
5E23751E,0,,1,1
5E23751E,1,,0,1
5E23751E,1,,1,5
4738445F,0,,0,6
4738445F,0,,1,8
4738445F,1,,0,7
4738445F,1,,1,1
0879D298,0,,0,1
0879D298,0,,1,5
0879D298,1,,0,1
0879D298,1,,1,5
1162E3D9,0,,0,8
1162E3D9,0,,1,4
1162E3D9,1,,0,1
1162E3D9,1,,1,5
3A4FB01A,0,,0,7
3A4FB01A,0,,1,5
3A4FB01A,1,,0,7
3A4FB01A,1,,1,1
2354815B,0,,0,1
2354815B,0,,1,5
2354815B,1,,0,7
2354815B,1,,1,1
A4CC9D94,0,,0,8
A4CC9D94,0,,1,4
A4CC9D94,1,,0,7
A4CC9D94,1,,1,1
BDD7ACD5,0,,0,7
BDD7ACD5,0,,1,1
BDD7ACD5,1,,0,8
BDD7ACD5,1,,1,4
6DD77DAB,0,,0,8
6DD77DAB,0,,1,4
6DD77DAB,1,,0,7
6DD77DAB,1,,1,1
74CC4CEA,0,,0,6
74CC4CEA,0,,1,8
74CC4CEA,1,,0,8
74CC4CEA,1,,1,4
C0D71DFC,0,,0,7
C0D71DFC,0,,1,5
C0D71DFC,1,,0,7
C0D71DFC,1,,1,1
0B8A439A,0,,0,7
0B8A439A,0,,1,5
0B8A439A,1,,0,8
0B8A439A,1,,1,4
F5E8D7A2,0,,0,6
F5E8D7A2,0,,1,8
F5E8D7A2,1,,0,1
F5E8D7A2,1,,1,5
D61D1732,0,,0,1
D61D1732,0,,1,5
D61D1732,1,,0,6
D61D1732,1,,1,8
5A098D99,0,,0,7
5A098D99,0,,1,1
5A098D99,1,,0,8
5A098D99,1,,1,4
A8635544,0,,0,6
A8635544,0,,1,8
A8635544,1,,0,1
A8635544,1,,1,5
02693477,0,,0,1
02693477,0,,1,5
02693477,1,,0,7
02693477,1,,1,1
0EDEBDDD,0,,0,7
0EDEBDDD,0,,1,5
0EDEBDDD,1,,0,8
0EDEBDDD,1,,1,4
1348F02E,0,,0,6
1348F02E,0,,1,8
1348F02E,1,,0,8
1348F02E,1,,1,4
A8704325,0,,0,1
A8704325,0,,1,5
A8704325,1,,0,8
A8704325,1,,1,4
8AB17EED,0,,0,6
8AB17EED,0,,1,8
8AB17EED,1,,0,1
8AB17EED,1,,1,5
15F03954,0,,0,8
15F03954,0,,1,4
15F03954,1,,0,8
15F03954,1,,1,4
E8880D3E,0,,0,6
E8880D3E,0,,1,8
E8880D3E,1,,0,7
E8880D3E,1,,1,1
9C9ABBD0,0,,0,7
9C9ABBD0,0,,1,1
9C9ABBD0,1,,0,7
9C9ABBD0,1,,1,1
CD333AC4,0,,0,6
CD333AC4,0,,1,8
CD333AC4,1,,0,1
CD333AC4,1,,1,5
37DCD24E,0,,0,7
37DCD24E,0,,1,1
37DCD24E,1,,0,8
37DCD24E,1,,1,4
E7DC0330,0,,0,7
E7DC0330,0,,1,5
E7DC0330,1,,0,8
E7DC0330,1,,1,4
FEC73271,0,,0,7
FEC73271,0,,1,1
FEC73271,1,,0,8
FEC73271,1,,1,4
517335ED,0,,0,7
517335ED,0,,1,1
517335ED,1,,0,7
517335ED,1,,1,1
4BECD0C2,0,,0,7
4BECD0C2,0,,1,5
4BECD0C2,1,,0,7
4BECD0C2,1,,1,5
7C95A4C5,0,,0,6
7C95A4C5,0,,1,8
7C95A4C5,1,,0,7
7C95A4C5,1,,1,1
01E25080,0,,0,7
01E25080,0,,1,5
01E25080,1,,0,7
01E25080,1,,1,1
9F617D0E,0,,0,8
9F617D0E,0,,1,4
9F617D0E,1,,0,7
9F617D0E,1,,1,1
567A9D31,0,,0,8
567A9D31,0,,1,4
567A9D31,1,,0,7
567A9D31,1,,1,1
4F61AC70,0,,0,6
4F61AC70,0,,1,8
4F61AC70,1,,0,8
4F61AC70,1,,1,4
93CEB5DE,0,,0,6
93CEB5DE,0,,1,8
93CEB5DE,1,,0,7
93CEB5DE,1,,1,1
23DC2602,0,,0,7
23DC2602,0,,1,5
23DC2602,1,,0,7
23DC2602,1,,1,1
08F175C1,0,,0,8
08F175C1,0,,1,4
08F175C1,1,,0,1
08F175C1,1,,1,5
3B057D74,0,,0,6
3B057D74,0,,1,8
3B057D74,1,,0,8
3B057D74,1,,1,4
09331FF6,0,,0,1
09331FF6,0,,1,5
09331FF6,1,,0,8
09331FF6,1,,1,4
3881A91A,0,,0,1
3881A91A,0,,1,5
3881A91A,1,,0,7
3881A91A,1,,1,1
219A985B,0,,0,1
219A985B,0,,1,5
219A985B,1,,0,8
219A985B,1,,1,4
8D58923B,0,,0,1
8D58923B,0,,1,5
8D58923B,1,,0,7
8D58923B,1,,1,1
116D343D,0,,0,7
116D343D,0,,1,1
116D343D,1,,0,7
116D343D,1,,1,1
62989B67,0,,0,7
62989B67,0,,1,5
62989B67,1,,0,7
62989B67,1,,1,1
A9C5C501,0,,0,7
A9C5C501,0,,1,5
A9C5C501,1,,0,8
A9C5C501,1,,1,4
745291A9,0,,0,1
745291A9,0,,1,5
745291A9,1,,0,6
745291A9,1,,1,8
F8460B02,0,,0,7
F8460B02,0,,1,1
F8460B02,1,,0,8
F8460B02,1,,1,4
C15C54AE,0,,0,6
C15C54AE,0,,1,8
C15C54AE,1,,0,1
C15C54AE,1,,1,5
3BB3BC24,0,,0,7
3BB3BC24,0,,1,1
3BB3BC24,1,,0,8
3BB3BC24,1,,1,4
EBB36D5A,0,,0,7
EBB36D5A,0,,1,5
EBB36D5A,1,,0,8
EBB36D5A,1,,1,4
F2A85C1B,0,,0,7
F2A85C1B,0,,1,1
F2A85C1B,1,,0,8
F2A85C1B,1,,1,4
5D1C5B87,0,,0,7
5D1C5B87,0,,1,1
5D1C5B87,1,,0,7
5D1C5B87,1,,1,1
4783BEA8,0,,0,7
4783BEA8,0,,1,5
4783BEA8,1,,0,7
4783BEA8,1,,1,5
69E1FBEE,0,,0,7
69E1FBEE,0,,1,1
69E1FBEE,1,,0,1
69E1FBEE,1,,1,5
70FACAAF,0,,0,6
70FACAAF,0,,1,8
70FACAAF,1,,0,7
70FACAAF,1,,1,1
0D8D3EEA,0,,0,7
0D8D3EEA,0,,1,5
0D8D3EEA,1,,0,7
0D8D3EEA,1,,1,1
930E1364,0,,0,8
930E1364,0,,1,4
930E1364,1,,0,7
930E1364,1,,1,1
5A15F35B,0,,0,8
5A15F35B,0,,1,4
5A15F35B,1,,0,7
5A15F35B,1,,1,1
430EC21A,0,,0,6
430EC21A,0,,1,8
430EC21A,1,,0,8
430EC21A,1,,1,4
9FA1DBB4,0,,0,6
9FA1DBB4,0,,1,8
9FA1DBB4,1,,0,7
9FA1DBB4,1,,1,1
75AD65C5,0,,0,8
75AD65C5,0,,1,4
75AD65C5,1,,0,7
75AD65C5,1,,1,1
2FB34868,0,,0,7
2FB34868,0,,1,5
2FB34868,1,,0,7
2FB34868,1,,1,1
049E1BAB,0,,0,8
049E1BAB,0,,1,4
049E1BAB,1,,0,1
049E1BAB,1,,1,5
1D852AEA,0,,0,7
1D852AEA,0,,1,5
1D852AEA,1,,0,1
1D852AEA,1,,1,5
376A131E,0,,0,6
376A131E,0,,1,8
376A131E,1,,0,8
376A131E,1,,1,4
055C719C,0,,0,1
055C719C,0,,1,5
055C719C,1,,0,8
055C719C,1,,1,4
34EEC770,0,,0,1
34EEC770,0,,1,5
34EEC770,1,,0,7
34EEC770,1,,1,1
2DF5F631,0,,0,1
2DF5F631,0,,1,5
2DF5F631,1,,0,8
2DF5F631,1,,1,4
8137FC51,0,,0,1
8137FC51,0,,1,5
8137FC51,1,,0,7
8137FC51,1,,1,1
1D025A57,0,,0,7
1D025A57,0,,1,1
1D025A57,1,,0,7
1D025A57,1,,1,1
6EF7F50D,0,,0,7
6EF7F50D,0,,1,5
6EF7F50D,1,,0,7
6EF7F50D,1,,1,1
A5AAAB6B,0,,0,7
A5AAAB6B,0,,1,5
A5AAAB6B,1,,0,8
A5AAAB6B,1,,1,4
5BC83F53,0,,0,6
5BC83F53,0,,1,8
5BC83F53,1,,0,1
5BC83F53,1,,1,5
783DFFC3,0,,0,1
783DFFC3,0,,1,5
783DFFC3,1,,0,6
783DFFC3,1,,1,8
968E6287,0,,0,4
968E6287,0,,1,8
968E6287,1,,0,7
968E6287,1,,1,5
F4296568,0,,0,7
F4296568,0,,1,1
F4296568,1,,0,8
F4296568,1,,1,4
C09FD427,0,,0,8
C09FD427,0,,1,4
C09FD427,1,,0,7
C09FD427,1,,1,5
5700BD47,0,,0,4
5700BD47,0,,1,8
5700BD47,1,,0,7
5700BD47,1,,1,5
23FA933B,0,,0,7
23FA933B,0,,1,5
23FA933B,1,,0,8
23FA933B,1,,1,4
3D9ED3F0,0,,0,7
3D9ED3F0,0,,1,5
3D9ED3F0,1,,0,7
3D9ED3F0,1,,1,1
16B38033,0,,0,8
16B38033,0,,1,4
16B38033,1,,0,1
16B38033,1,,1,5
78571227,0,,0,8
78571227,0,,1,4
78571227,1,,0,7
78571227,1,,1,1
6FA6FC57,0,,0,7
6FA6FC57,0,,1,5
6FA6FC57,1,,0,6
6FA6FC57,1,,1,8
5D909ED5,0,,0,7
5D909ED5,0,,1,5
5D909ED5,1,,0,1
5D909ED5,1,,1,5
BE64471E,0,,0,1
BE64471E,0,,1,5
BE64471E,1,,0,7
BE64471E,1,,1,1
B2EC7433,0,,0,8
B2EC7433,0,,1,4
248EB5AA,0,,0,4
248EB5AA,0,,1,8
248EB5AA,1,,0,1
248EB5AA,1,,1,5
CC54FADE,0,,0,1
CC54FADE,0,,1,5
CC54FADE,1,,0,7
CC54FADE,1,,1,1
6FF76C99,0,,0,1
6FF76C99,0,,1,5
6FF76C99,1,,0,7
6FF76C99,1,,1,1
E779A91D,0,,0,7
E779A91D,0,,1,1
E779A91D,1,,0,1
E779A91D,1,,1,5
FE62985C,0,,0,8
FE62985C,0,,1,4
FE62985C,1,,0,7
FE62985C,1,,1,1
18FEC374,0,,0,7
18FEC374,0,,1,5
18FEC374,1,,0,7
18FEC374,1,,1,1
9B04579A,0,,0,1
9B04579A,0,,1,5
9B04579A,1,,0,7
9B04579A,1,,1,1
464EDFFE,0,,0,6
464EDFFE,0,,1,8
464EDFFE,1,,0,8
464EDFFE,1,,1,4
E934EA5A,0,,0,1
E934EA5A,0,,1,5
E934EA5A,1,,0,7
E934EA5A,1,,1,1
073A8B76,0,,0,6
073A8B76,0,,1,8
073A8B76,1,,0,7
073A8B76,1,,1,1
C219B999,0,,0,7
C219B999,0,,1,1
C219B999,1,,0,1
C219B999,1,,1,5
DB0288D8,0,,0,8
DB0288D8,0,,1,4
DB0288D8,1,,0,7
DB0288D8,1,,1,1
94431E1F,0,,0,7
94431E1F,0,,1,1
94431E1F,1,,0,7
94431E1F,1,,1,1
8D582F5E,0,,0,7
8D582F5E,0,,1,5
8D582F5E,1,,0,7
8D582F5E,1,,1,5
A6757C9D,0,,0,8
A6757C9D,0,,1,4
A6757C9D,1,,0,7
A6757C9D,1,,1,5
BF6E4DDC,0,,0,4
BF6E4DDC,0,,1,8
BF6E4DDC,1,,0,1
BF6E4DDC,1,,1,5
020D20F7,0,,0,7
020D20F7,0,,1,5
020D20F7,1,,0,8
020D20F7,1,,1,4
9DEF6864,0,,0,7
9DEF6864,0,,1,5
9DEF6864,1,,0,7
9DEF6864,1,,1,1
B6C23BA7,0,,0,8
B6C23BA7,0,,1,4
B6C23BA7,1,,0,1
B6C23BA7,1,,1,5
85363312,0,,0,6
85363312,0,,1,8
85363312,1,,0,8
85363312,1,,1,4
339905CF,0,,0,7
339905CF,0,,1,1
339905CF,1,,0,7
339905CF,1,,1,1
D826A9B3,0,,0,8
D826A9B3,0,,1,4
D826A9B3,1,,0,7
D826A9B3,1,,1,1
CFD747C3,0,,0,7
CFD747C3,0,,1,5
CFD747C3,1,,0,6
CFD747C3,1,,1,8
FDE12541,0,,0,7
FDE12541,0,,1,5
FDE12541,1,,0,1
FDE12541,1,,1,5
1E15FC8A,0,,0,1
1E15FC8A,0,,1,5
1E15FC8A,1,,0,7
1E15FC8A,1,,1,1
C35F74EE,0,,0,6
C35F74EE,0,,1,8
C35F74EE,1,,0,8
C35F74EE,1,,1,4
129DCFA7,0,,0,8
129DCFA7,0,,1,4
84FF0E3E,0,,0,4
84FF0E3E,0,,1,8
84FF0E3E,1,,0,1
84FF0E3E,1,,1,5
6C25414A,0,,0,1
6C25414A,0,,1,5
6C25414A,1,,0,7
6C25414A,1,,1,1
2669E9F2,0,,0,1
2669E9F2,0,,1,5
2669E9F2,1,,0,7
2669E9F2,1,,1,1
47081289,0,,0,7
47081289,0,,1,1
47081289,1,,0,1
47081289,1,,1,5
5E1323C8,0,,0,8
5E1323C8,0,,1,4
5E1323C8,1,,0,7
5E1323C8,1,,1,1
0849844E,0,,0,7
0849844E,0,,1,5
0849844E,1,,0,7
0849844E,1,,1,5
2364D78D,0,,0,8
2364D78D,0,,1,4
2364D78D,1,,0,7
2364D78D,1,,1,5
3A7FE6CC,0,,0,4
3A7FE6CC,0,,1,8
3A7FE6CC,1,,0,1
3A7FE6CC,1,,1,5
70D1E498,0,,0,7
70D1E498,0,,1,5
70D1E498,1,,0,1
70D1E498,1,,1,5
4325EC2D,0,,0,6
4325EC2D,0,,1,8
4325EC2D,1,,0,8
4325EC2D,1,,1,4
260C33A3,0,,0,7
260C33A3,0,,1,1
260C33A3,1,,0,7
260C33A3,1,,1,1
03A33B7F,0,,0,7
03A33B7F,0,,1,5
03A33B7F,1,,0,7
03A33B7F,1,,1,1
369CF121,0,,0,6
369CF121,0,,1,8
369CF121,1,,0,1
369CF121,1,,1,5
156931B1,0,,0,1
156931B1,0,,1,5
156931B1,1,,0,6
156931B1,1,,1,8
B0DD6F1B,0,,0,7
B0DD6F1B,0,,1,1
B0DD6F1B,1,,0,7
B0DD6F1B,1,,1,5
B32DAF34,0,,0,1
B32DAF34,0,,1,5
B32DAF34,1,,0,7
B32DAF34,1,,1,1
9800FCF7,0,,0,7
9800FCF7,0,,1,1
9800FCF7,1,,0,1
9800FCF7,1,,1,5
FC6C39F3,0,,0,8
FC6C39F3,0,,1,4
FC6C39F3,1,,0,7
FC6C39F3,1,,1,5
E57708B2,0,,0,4
E57708B2,0,,1,8
E57708B2,1,,0,1
E57708B2,1,,1,5
7BF4253C,0,,0,7
7BF4253C,0,,1,5
7BF4253C,1,,0,7
7BF4253C,1,,1,1
6EB0397C,0,,0,7
6EB0397C,0,,1,5
6EB0397C,1,,0,7
6EB0397C,1,,1,1
5C865BFE,0,,0,7
5C865BFE,0,,1,5
5C865BFE,1,,0,1
5C865BFE,1,,1,5
7669620A,0,,0,6
7669620A,0,,1,8
7669620A,1,,0,8
7669620A,1,,1,4
445F0088,0,,0,1
445F0088,0,,1,5
445F0088,1,,0,8
445F0088,1,,1,4
75EDB664,0,,0,1
75EDB664,0,,1,5
75EDB664,1,,0,7
75EDB664,1,,1,1
C0348D45,0,,0,1
C0348D45,0,,1,5
C0348D45,1,,0,7
C0348D45,1,,1,1
5C012B43,0,,0,7
5C012B43,0,,1,1
5C012B43,1,,0,7
5C012B43,1,,1,1
772C7880,0,,0,6
772C7880,0,,1,8
772C7880,1,,0,1
772C7880,1,,1,5
9A2DBF38,0,,0,7
9A2DBF38,0,,1,5
9A2DBF38,1,,0,6
9A2DBF38,1,,1,8
B100ECFB,0,,0,7
B100ECFB,0,,1,1
B100ECFB,1,,0,1
B100ECFB,1,,1,5
A81BDDBA,0,,0,6
A81BDDBA,0,,1,8
A81BDDBA,1,,0,7
A81BDDBA,1,,1,1
E75A4B7D,0,,0,1
E75A4B7D,0,,1,5
E75A4B7D,1,,0,1
E75A4B7D,1,,1,5
FE417A3C,0,,0,8
FE417A3C,0,,1,4
FE417A3C,1,,0,1
FE417A3C,1,,1,5
D56C29FF,0,,0,7
D56C29FF,0,,1,5
D56C29FF,1,,0,7
D56C29FF,1,,1,1
CC7718BE,0,,0,1
CC7718BE,0,,1,5
CC7718BE,1,,0,7
CC7718BE,1,,1,1
4BEF0471,0,,0,8
4BEF0471,0,,1,4
4BEF0471,1,,0,7
4BEF0471,1,,1,1
52F43530,0,,0,7
52F43530,0,,1,1
52F43530,1,,0,8
52F43530,1,,1,4
82F4E44E,0,,0,8
82F4E44E,0,,1,4
82F4E44E,1,,0,7
82F4E44E,1,,1,1
9BEFD50F,0,,0,6
9BEFD50F,0,,1,8
9BEFD50F,1,,0,8
9BEFD50F,1,,1,4
2FF48419,0,,0,7
2FF48419,0,,1,5
2FF48419,1,,0,7
2FF48419,1,,1,1
E4A9DA7F,0,,0,7
E4A9DA7F,0,,1,5
E4A9DA7F,1,,0,8
E4A9DA7F,1,,1,4
1ACB4E47,0,,0,6
1ACB4E47,0,,1,8
1ACB4E47,1,,0,1
1ACB4E47,1,,1,5
393E8ED7,0,,0,1
393E8ED7,0,,1,5
393E8ED7,1,,0,6
393E8ED7,1,,1,8
D78D1393,0,,0,4
D78D1393,0,,1,8
D78D1393,1,,0,7
D78D1393,1,,1,5
B52A147C,0,,0,7
B52A147C,0,,1,1
B52A147C,1,,0,8
B52A147C,1,,1,4
4740CCA1,0,,0,6
4740CCA1,0,,1,8
4740CCA1,1,,0,7
4740CCA1,1,,1,1
30B2F63D,0,,0,6
30B2F63D,0,,1,8
30B2F63D,1,,0,8
30B2F63D,1,,1,4
47B5C6AB,0,,0,8
47B5C6AB,0,,1,4
47B5C6AB,1,,0,8
47B5C6AB,1,,1,4
DEBC9711,0,,0,6
DEBC9711,0,,1,8
DEBC9711,1,,0,8
DEBC9711,1,,1,4
A9BBA787,0,,0,1
A9BBA787,0,,1,5
A9BBA787,1,,0,8
A9BBA787,1,,1,4
37DF3224,0,,0,1
37DF3224,0,,1,5
37DF3224,1,,0,8
37DF3224,1,,1,4
40D802B2,0,,0,7
40D802B2,0,,1,1
40D802B2,1,,0,8
40D802B2,1,,1,4
D9D15308,0,,0,1
D9D15308,0,,1,5
D9D15308,1,,0,8
D9D15308,1,,1,4
AED6639E,0,,0,8
AED6639E,0,,1,4
AED6639E,1,,0,8
AED6639E,1,,1,4
3E697E0F,0,,0,6
3E697E0F,0,,1,8
3E697E0F,1,,0,8
3E697E0F,1,,1,4
496E4E99,0,,0,6
496E4E99,0,,1,8
496E4E99,1,,0,8
496E4E99,1,,1,4
29A9C77C,0,,0,8
29A9C77C,0,,1,4
29A9C77C,1,,0,8
29A9C77C,1,,1,4
5EAEF7EA,0,,0,7
5EAEF7EA,0,,1,5
5EAEF7EA,1,,0,8
5EAEF7EA,1,,1,4
C7A7A650,0,,0,7
C7A7A650,0,,1,1
C7A7A650,1,,0,8
C7A7A650,1,,1,4
B0A096C6,0,,0,1
B0A096C6,0,,1,5
B0A096C6,1,,0,8
B0A096C6,1,,1,4
2EC40365,0,,0,6
2EC40365,0,,1,8
2EC40365,1,,0,8
2EC40365,1,,1,4
59C333F3,0,,0,7
59C333F3,0,,1,1
59C333F3,1,,0,8
59C333F3,1,,1,4
C0CA6249,0,,0,4
C0CA6249,0,,1,8
C0CA6249,1,,0,8
C0CA6249,1,,1,4
742C57A4,0,,0,7
742C57A4,0,,1,5
742C57A4,1,,0,1
742C57A4,1,,1,5
CC9030C1,0,,0,6
CC9030C1,0,,1,8
CC9030C1,1,,0,1
CC9030C1,1,,1,5
DE259F2F,0,,0,7
DE259F2F,0,,1,1
DE259F2F,1,,0,1
DE259F2F,1,,1,5
F2B8250A,0,,0,7
F2B8250A,0,,1,5
F2B8250A,1,,0,1
F2B8250A,1,,1,5
39E4F6AF,0,,0,1
39E4F6AF,0,,1,5
39E4F6AF,1,,0,1
39E4F6AF,1,,1,5
815891CA,0,,0,8
815891CA,0,,1,4
815891CA,1,,0,1
815891CA,1,,1,5
93ED3E24,0,,0,7
93ED3E24,0,,1,1
93ED3E24,1,,0,1
93ED3E24,1,,1,5
24E1C617,0,,0,7
24E1C617,0,,1,5
24E1C617,1,,0,1
24E1C617,1,,1,5
25638DC2,0,,0,6
25638DC2,0,,1,8
25638DC2,1,,0,1
25638DC2,1,,1,5
3C78BC83,0,,0,7
3C78BC83,0,,1,5
3C78BC83,1,,0,1
3C78BC83,1,,1,5
F6601549,0,,0,1
F6601549,0,,1,5
F6601549,1,,0,6
F6601549,1,,1,8
A7331A13,0,,0,6
A7331A13,0,,1,8
A7331A13,1,,0,8
A7331A13,1,,1,4
BE282B52,0,,0,1
BE282B52,0,,1,5
BE282B52,1,,0,8
BE282B52,1,,1,4
C7D2711F,0,,0,7
C7D2711F,0,,1,5
C7D2711F,1,,0,7
C7D2711F,1,,1,1
36D8C89C,1,0,0,8
36D8C89C,1,0,1,4
36D8C89C,1,1,0,8
36D8C89C,1,1,1,4
36D8C89C,1,2,0,8
36D8C89C,1,2,1,4
36D8C89C,1,3,0,8
36D8C89C,1,3,1,4
36D8C89C,1,4,0,8
36D8C89C,1,4,1,4
36D8C89C,1,5,0,8
36D8C89C,1,5,1,4
499EC7EC,1,0,0,8
499EC7EC,1,0,1,4
499EC7EC,1,1,0,8
499EC7EC,1,1,1,4
499EC7EC,1,2,0,8
499EC7EC,1,2,1,4
499EC7EC,1,3,0,8
499EC7EC,1,3,1,4
499EC7EC,1,4,0,8
499EC7EC,1,4,1,4
499EC7EC,1,5,0,8
499EC7EC,1,5,1,4
C81600C7,1,0,0,8
C81600C7,1,0,1,4
C81600C7,1,1,0,8
C81600C7,1,1,1,4
C81600C7,1,2,0,8
C81600C7,1,2,1,4
C81600C7,1,3,0,8
C81600C7,1,3,1,4
C81600C7,1,4,0,8
C81600C7,1,4,1,4
C81600C7,1,5,0,8
C81600C7,1,5,1,4
B21F1932,1,0,0,8
B21F1932,1,0,1,4
B21F1932,1,1,0,8
B21F1932,1,1,1,4
B21F1932,1,2,0,8
B21F1932,1,2,1,4
B21F1932,1,3,0,8
B21F1932,1,3,1,4
B21F1932,1,4,0,8
B21F1932,1,4,1,4
B21F1932,1,5,0,8
B21F1932,1,5,1,4
F6205F4E,1,0,0,8
F6205F4E,1,0,1,4
F6205F4E,1,1,0,8
F6205F4E,1,1,1,4
F6205F4E,1,2,0,8
F6205F4E,1,2,1,4
F6205F4E,1,3,0,8
F6205F4E,1,3,1,4
F6205F4E,1,4,0,8
F6205F4E,1,4,1,4
F6205F4E,1,5,0,8
F6205F4E,1,5,1,4
E39C587C,1,0,0,8
E39C587C,1,0,1,4
E39C587C,1,1,0,8
E39C587C,1,1,1,4
E39C587C,1,2,0,8
E39C587C,1,2,1,4
E39C587C,1,3,0,8
E39C587C,1,3,1,4
E39C587C,1,4,0,8
E39C587C,1,4,1,4
E39C587C,1,5,0,8
E39C587C,1,5,1,4
E0188C12,1,0,0,8
E0188C12,1,0,1,4
E0188C12,1,1,0,8
E0188C12,1,1,1,4
E0188C12,1,2,0,8
E0188C12,1,2,1,4
E0188C12,1,3,0,8
E0188C12,1,3,1,4
E0188C12,1,4,0,8
E0188C12,1,4,1,4
E0188C12,1,5,0,8
E0188C12,1,5,1,4
338C36DB,1,0,0,8
338C36DB,1,0,1,4
338C36DB,1,1,0,8
338C36DB,1,1,1,4
338C36DB,1,2,0,8
338C36DB,1,2,1,4
338C36DB,1,3,0,8
338C36DB,1,3,1,4
338C36DB,1,4,0,8
338C36DB,1,4,1,4
338C36DB,1,5,0,8
338C36DB,1,5,1,4
2D9EAF46,1,0,0,8
2D9EAF46,1,0,1,4
2D9EAF46,1,1,0,8
2D9EAF46,1,1,1,4
2D9EAF46,1,2,0,8
2D9EAF46,1,2,1,4
2D9EAF46,1,3,0,8
2D9EAF46,1,3,1,4
2D9EAF46,1,4,0,8
2D9EAF46,1,4,1,4
2D9EAF46,1,5,0,8
2D9EAF46,1,5,1,4
2E1A7B28,1,0,0,8
2E1A7B28,1,0,1,4
2E1A7B28,1,1,0,8
2E1A7B28,1,1,1,4
2E1A7B28,1,2,0,8
2E1A7B28,1,2,1,4
2E1A7B28,1,3,0,8
2E1A7B28,1,3,1,4
2E1A7B28,1,4,0,8
2E1A7B28,1,4,1,4
2E1A7B28,1,5,0,8
2E1A7B28,1,5,1,4
25463C15,1,0,0,8
25463C15,1,0,1,4
25463C15,1,1,0,8
25463C15,1,1,1,4
25463C15,1,2,0,8
25463C15,1,2,1,4
25463C15,1,3,0,8
25463C15,1,3,1,4
25463C15,1,4,0,8
25463C15,1,4,1,4
25463C15,1,5,0,8
25463C15,1,5,1,4
9522C823,1,0,0,8
9522C823,1,0,1,4
9522C823,1,1,0,8
9522C823,1,1,1,4
9522C823,1,2,0,8
9522C823,1,2,1,4
9522C823,1,3,0,8
9522C823,1,3,1,4
9522C823,1,4,0,8
9522C823,1,4,1,4
9522C823,1,5,0,8
9522C823,1,5,1,4
3BA67C1A,1,0,0,8
3BA67C1A,1,0,1,4
3BA67C1A,1,1,0,8
3BA67C1A,1,1,1,4
3BA67C1A,1,2,0,8
3BA67C1A,1,2,1,4
3BA67C1A,1,3,0,8
3BA67C1A,1,3,1,4
3BA67C1A,1,4,0,8
3BA67C1A,1,4,1,4
3BA67C1A,1,5,0,7
3BA67C1A,1,5,1,5
0AAB7861,1,0,0,7
0AAB7861,1,0,1,5
0AAB7861,1,1,0,7
0AAB7861,1,1,1,5
0AAB7861,1,2,0,7
0AAB7861,1,2,1,5
0AAB7861,1,3,0,7
0AAB7861,1,3,1,5
0AAB7861,1,4,0,7
0AAB7861,1,4,1,5
0AAB7861,1,5,0,1
0AAB7861,1,5,1,5
66265172,1,0,0,1
66265172,1,0,1,5
66265172,1,1,0,1
66265172,1,1,1,5
66265172,1,2,0,1
66265172,1,2,1,5
66265172,1,3,0,1
66265172,1,3,1,5
66265172,1,4,0,1
66265172,1,4,1,5
66265172,1,5,0,7
66265172,1,5,1,1
3F3BBF71,1,0,0,7
3F3BBF71,1,0,1,1
3F3BBF71,1,1,0,7
3F3BBF71,1,1,1,1
3F3BBF71,1,2,0,7
3F3BBF71,1,2,1,1
3F3BBF71,1,3,0,7
3F3BBF71,1,3,1,1
3F3BBF71,1,4,0,7
3F3BBF71,1,4,1,1
3F3BBF71,1,5,0,7
3F3BBF71,1,5,1,1
A79CA487,1,0,0,7
A79CA487,1,0,1,1
A79CA487,1,1,0,7
A79CA487,1,1,1,1
A79CA487,1,2,0,7
A79CA487,1,2,1,1
A79CA487,1,3,0,7
A79CA487,1,3,1,1
A79CA487,1,4,0,7
A79CA487,1,4,1,1
A79CA487,1,5,0,7
A79CA487,1,5,1,1
8E7039A0,1,0,0,7
8E7039A0,1,0,1,1
8E7039A0,1,1,0,7
8E7039A0,1,1,1,1
8E7039A0,1,2,0,7
8E7039A0,1,2,1,1
8E7039A0,1,3,0,7
8E7039A0,1,3,1,1
8E7039A0,1,4,0,7
8E7039A0,1,4,1,1
8E7039A0,1,5,0,7
8E7039A0,1,5,1,1
12B74634,1,0,0,7
12B74634,1,0,1,1
12B74634,1,1,0,7
12B74634,1,1,1,1
12B74634,1,2,0,7
12B74634,1,2,1,1
12B74634,1,3,0,7
12B74634,1,3,1,1
12B74634,1,4,0,7
12B74634,1,4,1,1
12B74634,1,5,0,7
12B74634,1,5,1,1
08928562,1,0,0,7
08928562,1,0,1,1
08928562,1,1,0,7
08928562,1,1,1,1
08928562,1,2,0,7
08928562,1,2,1,1
08928562,1,3,0,7
08928562,1,3,1,1
08928562,1,4,0,7
08928562,1,4,1,1
08928562,1,5,0,7
08928562,1,5,1,1
578C5E71,1,0,0,7
578C5E71,1,0,1,1
578C5E71,1,1,0,7
578C5E71,1,1,1,1
578C5E71,1,2,0,7
578C5E71,1,2,1,1
578C5E71,1,3,0,7
578C5E71,1,3,1,1
578C5E71,1,4,0,7
578C5E71,1,4,1,1
578C5E71,1,5,0,7
578C5E71,1,5,1,1
26208E30,1,0,0,7
26208E30,1,0,1,1
26208E30,1,1,0,7
26208E30,1,1,1,1
26208E30,1,2,0,7
26208E30,1,2,1,1
26208E30,1,3,0,7
26208E30,1,3,1,1
26208E30,1,4,0,7
26208E30,1,4,1,1
26208E30,1,5,0,1
26208E30,1,5,1,5
8EF7491D,1,0,0,1
8EF7491D,1,0,1,5
8EF7491D,1,1,0,1
8EF7491D,1,1,1,5
8EF7491D,1,2,0,1
8EF7491D,1,2,1,5
8EF7491D,1,3,0,1
8EF7491D,1,3,1,5
8EF7491D,1,4,0,1
8EF7491D,1,4,1,5
8EF7491D,1,5,0,1
8EF7491D,1,5,1,5
97EC785C,1,0,0,1
97EC785C,1,0,1,5
97EC785C,1,1,0,1
97EC785C,1,1,1,5
97EC785C,1,2,0,1
97EC785C,1,2,1,5
97EC785C,1,3,0,1
97EC785C,1,3,1,5
97EC785C,1,4,0,1
97EC785C,1,4,1,5
97EC785C,1,5,0,1
97EC785C,1,5,1,5
47D313A5,1,0,0,1
47D313A5,1,0,1,5
47D313A5,1,1,0,1
47D313A5,1,1,1,5
47D313A5,1,2,0,1
47D313A5,1,2,1,5
47D313A5,1,3,0,1
47D313A5,1,3,1,5
47D313A5,1,4,0,1
47D313A5,1,4,1,5
47D313A5,1,5,0,7
47D313A5,1,5,1,5
4EFBC29E,1,0,0,7
4EFBC29E,1,0,1,5
4EFBC29E,1,1,0,7
4EFBC29E,1,1,1,5
4EFBC29E,1,2,0,7
4EFBC29E,1,2,1,5
4EFBC29E,1,3,0,7
4EFBC29E,1,3,1,5
4EFBC29E,1,4,0,7
4EFBC29E,1,4,1,5
4EFBC29E,1,5,0,1
4EFBC29E,1,5,1,5
DCCF66BA,1,0,0,1
DCCF66BA,1,0,1,5
DCCF66BA,1,1,0,1
DCCF66BA,1,1,1,5
DCCF66BA,1,2,0,1
DCCF66BA,1,2,1,5
DCCF66BA,1,3,0,1
DCCF66BA,1,3,1,5
DCCF66BA,1,4,0,1
DCCF66BA,1,4,1,5
DCCF66BA,1,5,0,7
DCCF66BA,1,5,1,1
BCC12B9F,1,0,0,7
BCC12B9F,1,0,1,1
BCC12B9F,1,1,0,7
BCC12B9F,1,1,1,1
BCC12B9F,1,2,0,7
BCC12B9F,1,2,1,1
BCC12B9F,1,3,0,7
BCC12B9F,1,3,1,1
BCC12B9F,1,4,0,7
BCC12B9F,1,4,1,1
BCC12B9F,1,5,0,6
BCC12B9F,1,5,1,8
EB4F9C34,1,0,0,6
EB4F9C34,1,0,1,8
EB4F9C34,1,1,0,6
EB4F9C34,1,1,1,8
EB4F9C34,1,2,0,6
EB4F9C34,1,2,1,8
EB4F9C34,1,3,0,6
EB4F9C34,1,3,1,8
EB4F9C34,1,4,0,6
EB4F9C34,1,4,1,8
EB4F9C34,1,5,0,7
EB4F9C34,1,5,1,1
4CD1D169,1,0,0,7
4CD1D169,1,0,1,1
4CD1D169,1,1,0,7
4CD1D169,1,1,1,1
4CD1D169,1,2,0,7
4CD1D169,1,2,1,1
4CD1D169,1,3,0,7
4CD1D169,1,3,1,1
4CD1D169,1,4,0,7
4CD1D169,1,4,1,1
4CD1D169,1,5,0,6
4CD1D169,1,5,1,8
C5735C83,1,0,0,6
C5735C83,1,0,1,8
C5735C83,1,1,0,6
C5735C83,1,1,1,8
C5735C83,1,2,0,6
C5735C83,1,2,1,8
C5735C83,1,3,0,6
C5735C83,1,3,1,8
C5735C83,1,4,0,6
C5735C83,1,4,1,8
C5735C83,1,5,0,6
C5735C83,1,5,1,8
EEF90438,1,0,0,6
EEF90438,1,0,1,8
EEF90438,1,1,0,6
EEF90438,1,1,1,8
EEF90438,1,2,0,6
EEF90438,1,2,1,8
EEF90438,1,3,0,6
EEF90438,1,3,1,8
EEF90438,1,4,0,6
EEF90438,1,4,1,8
EEF90438,1,5,0,6
EEF90438,1,5,1,8
FFC87FB8,1,0,0,6
FFC87FB8,1,0,1,8
FFC87FB8,1,1,0,6
FFC87FB8,1,1,1,8
FFC87FB8,1,2,0,6
FFC87FB8,1,2,1,8
FFC87FB8,1,3,0,6
FFC87FB8,1,3,1,8
FFC87FB8,1,4,0,6
FFC87FB8,1,4,1,8
FFC87FB8,1,5,0,6
FFC87FB8,1,5,1,8
8A95C13C,1,0,0,6
8A95C13C,1,0,1,8
8A95C13C,1,1,0,6
8A95C13C,1,1,1,8
8A95C13C,1,2,0,6
8A95C13C,1,2,1,8
8A95C13C,1,3,0,6
8A95C13C,1,3,1,8
8A95C13C,1,4,0,6
8A95C13C,1,4,1,8
8A95C13C,1,5,0,8
8A95C13C,1,5,1,4
6CFE4066,1,0,0,8
6CFE4066,1,0,1,4
6CFE4066,1,1,0,8
6CFE4066,1,1,1,4
6CFE4066,1,2,0,8
6CFE4066,1,2,1,4
6CFE4066,1,3,0,8
6CFE4066,1,3,1,4
6CFE4066,1,4,0,8
6CFE4066,1,4,1,4
6CFE4066,1,5,0,7
6CFE4066,1,5,1,1
05FC0170,1,0,0,7
05FC0170,1,0,1,1
05FC0170,1,1,0,7
05FC0170,1,1,1,1
05FC0170,1,2,0,7
05FC0170,1,2,1,1
05FC0170,1,3,0,7
05FC0170,1,3,1,1
05FC0170,1,4,0,7
05FC0170,1,4,1,1
05FC0170,1,5,0,6
05FC0170,1,5,1,8
BF45FFF1,1,0,0,6
BF45FFF1,1,0,1,8
BF45FFF1,1,1,0,6
BF45FFF1,1,1,1,8
BF45FFF1,1,2,0,6
BF45FFF1,1,2,1,8
BF45FFF1,1,3,0,6
BF45FFF1,1,3,1,8
BF45FFF1,1,4,0,6
BF45FFF1,1,4,1,8
BF45FFF1,1,5,0,8
BF45FFF1,1,5,1,4
D05F14ED,0,,0,1
D05F14ED,0,,1,5
D05F14ED,1,0,0,8
D05F14ED,1,0,1,4
D05F14ED,1,1,0,8
D05F14ED,1,1,1,4
D05F14ED,1,2,0,8
D05F14ED,1,2,1,4
D05F14ED,1,3,0,8
D05F14ED,1,3,1,4
D05F14ED,1,4,0,8
D05F14ED,1,4,1,4
D05F14ED,1,5,0,8
D05F14ED,1,5,1,4
8205AD84,0,,0,6
8205AD84,0,,1,8
8205AD84,1,0,0,8
8205AD84,1,0,1,4
8205AD84,1,1,0,8
8205AD84,1,1,1,4
8205AD84,1,2,0,8
8205AD84,1,2,1,4
8205AD84,1,3,0,8
8205AD84,1,3,1,4
8205AD84,1,4,0,8
8205AD84,1,4,1,4
8205AD84,1,5,0,8
8205AD84,1,5,1,4
372E4F37,0,,0,1
372E4F37,0,,1,5
372E4F37,1,0,0,8
372E4F37,1,0,1,4
372E4F37,1,1,0,8
372E4F37,1,1,1,4
372E4F37,1,2,0,8
372E4F37,1,2,1,4
372E4F37,1,3,0,8
372E4F37,1,3,1,4
372E4F37,1,4,0,8
372E4F37,1,4,1,4
372E4F37,1,5,0,8
372E4F37,1,5,1,4
34AA9B59,0,,0,1
34AA9B59,0,,1,5
34AA9B59,1,0,0,8
34AA9B59,1,0,1,4
34AA9B59,1,1,0,8
34AA9B59,1,1,1,4
34AA9B59,1,2,0,8
34AA9B59,1,2,1,4
34AA9B59,1,3,0,8
34AA9B59,1,3,1,4
34AA9B59,1,4,0,8
34AA9B59,1,4,1,4
34AA9B59,1,5,0,8
34AA9B59,1,5,1,4
E12368AC,0,,0,7
E12368AC,0,,1,5
E12368AC,1,0,0,8
E12368AC,1,0,1,4
E12368AC,1,1,0,8
E12368AC,1,1,1,4
E12368AC,1,2,0,8
E12368AC,1,2,1,4
E12368AC,1,3,0,8
E12368AC,1,3,1,4
E12368AC,1,4,0,8
E12368AC,1,4,1,4
E12368AC,1,5,0,8
E12368AC,1,5,1,4
3123B9D2,0,,0,7
3123B9D2,0,,1,1
3123B9D2,1,0,0,8
3123B9D2,1,0,1,4
3123B9D2,1,1,0,8
3123B9D2,1,1,1,4
3123B9D2,1,2,0,8
3123B9D2,1,2,1,4
3123B9D2,1,3,0,8
3123B9D2,1,3,1,4
3123B9D2,1,4,0,8
3123B9D2,1,4,1,4
3123B9D2,1,5,0,8
3123B9D2,1,5,1,4
BE209EBE,0,,0,7
BE209EBE,0,,1,1
BE209EBE,1,0,0,8
BE209EBE,1,0,1,4
BE209EBE,1,1,0,8
BE209EBE,1,1,1,4
BE209EBE,1,2,0,8
BE209EBE,1,2,1,4
BE209EBE,1,3,0,8
BE209EBE,1,3,1,4
BE209EBE,1,4,0,8
BE209EBE,1,4,1,4
BE209EBE,1,5,0,8
BE209EBE,1,5,1,4
A73BAFFF,0,,0,7
A73BAFFF,0,,1,5
A73BAFFF,1,0,0,8
A73BAFFF,1,0,1,4
A73BAFFF,1,1,0,8
A73BAFFF,1,1,1,4
A73BAFFF,1,2,0,8
A73BAFFF,1,2,1,4
A73BAFFF,1,3,0,8
A73BAFFF,1,3,1,4
A73BAFFF,1,4,0,8
A73BAFFF,1,4,1,4
A73BAFFF,1,5,0,7
A73BAFFF,1,5,1,1
5085F6AD,0,,0,8
5085F6AD,0,,1,4
5085F6AD,1,0,0,7
5085F6AD,1,0,1,1
5085F6AD,1,1,0,7
5085F6AD,1,1,1,1
5085F6AD,1,2,0,7
5085F6AD,1,2,1,1
5085F6AD,1,3,0,7
5085F6AD,1,3,1,1
5085F6AD,1,4,0,7
5085F6AD,1,4,1,1
5085F6AD,1,5,0,6
5085F6AD,1,5,1,8
3EC66FC1,0,,0,6
3EC66FC1,0,,1,8
3EC66FC1,1,0,0,6
3EC66FC1,1,0,1,8
3EC66FC1,1,1,0,6
3EC66FC1,1,1,1,8
3EC66FC1,1,2,0,6
3EC66FC1,1,2,1,8
3EC66FC1,1,3,0,6
3EC66FC1,1,3,1,8
3EC66FC1,1,4,0,6
3EC66FC1,1,4,1,8
3EC66FC1,1,5,0,7
3EC66FC1,1,5,1,1
7187F906,0,,0,1
7187F906,0,,1,5
7187F906,1,0,0,7
7187F906,1,0,1,1
7187F906,1,1,0,7
7187F906,1,1,1,1
7187F906,1,2,0,7
7187F906,1,2,1,1
7187F906,1,3,0,7
7187F906,1,3,1,1
7187F906,1,4,0,7
7187F906,1,4,1,1
7187F906,1,5,0,7
7187F906,1,5,1,1
E69BB112,0,,0,7
E69BB112,0,,1,5
E69BB112,1,0,0,7
E69BB112,1,0,1,1
E69BB112,1,1,0,7
E69BB112,1,1,1,1
E69BB112,1,2,0,7
E69BB112,1,2,1,1
E69BB112,1,3,0,7
E69BB112,1,3,1,1
E69BB112,1,4,0,7
E69BB112,1,4,1,1
E69BB112,1,5,0,7
E69BB112,1,5,1,1
A8184DE2,0,,0,7
A8184DE2,0,,1,1
A8184DE2,1,0,0,7
A8184DE2,1,0,1,1
A8184DE2,1,1,0,7
A8184DE2,1,1,1,1
A8184DE2,1,2,0,7
A8184DE2,1,2,1,1
A8184DE2,1,3,0,7
A8184DE2,1,3,1,1
A8184DE2,1,4,0,7
A8184DE2,1,4,1,1
A8184DE2,1,5,0,8
A8184DE2,1,5,1,4
FB72472E,0,,0,7
FB72472E,0,,1,1
FB72472E,1,0,0,7
FB72472E,1,0,1,1
FB72472E,1,1,0,7
FB72472E,1,1,1,1
FB72472E,1,2,0,7
FB72472E,1,2,1,1
FB72472E,1,3,0,7
FB72472E,1,3,1,1
FB72472E,1,4,0,7
FB72472E,1,4,1,1
FB72472E,1,5,0,7
FB72472E,1,5,1,1
E2713715,0,,0,6
E2713715,0,,1,8
E2713715,1,0,0,8
E2713715,1,0,1,4
E2713715,1,1,0,8
E2713715,1,1,1,4
E2713715,1,2,0,8
E2713715,1,2,1,4
E2713715,1,3,0,8
E2713715,1,3,1,4
E2713715,1,4,0,8
E2713715,1,4,1,4
E2713715,1,5,0,1
E2713715,1,5,1,5
A5D14DC5,0,,0,4
A5D14DC5,0,,1,8
A5D14DC5,1,0,0,1
A5D14DC5,1,0,1,5
A5D14DC5,1,1,0,1
A5D14DC5,1,1,1,5
A5D14DC5,1,2,0,1
A5D14DC5,1,2,1,5
A5D14DC5,1,3,0,1
A5D14DC5,1,3,1,5
A5D14DC5,1,4,0,1
A5D14DC5,1,4,1,5
A5D14DC5,1,5,0,1
A5D14DC5,1,5,1,5
98B16475,0,,0,7
98B16475,0,,1,1
98B16475,1,0,0,1
98B16475,1,0,1,5
98B16475,1,1,0,1
98B16475,1,1,1,5
98B16475,1,2,0,1
98B16475,1,2,1,5
98B16475,1,3,0,1
98B16475,1,3,1,5
98B16475,1,4,0,1
98B16475,1,4,1,5
98B16475,1,5,0,8
98B16475,1,5,1,4
3F609EC3,0,,0,7
3F609EC3,0,,1,1
3F609EC3,1,0,0,8
3F609EC3,1,0,1,4
3F609EC3,1,1,0,8
3F609EC3,1,1,1,4
3F609EC3,1,2,0,8
3F609EC3,1,2,1,4
3F609EC3,1,3,0,8
3F609EC3,1,3,1,4
3F609EC3,1,4,0,8
3F609EC3,1,4,1,4
3F609EC3,1,5,0,1
3F609EC3,1,5,1,5
F92C2F17,0,,0,7
F92C2F17,0,,1,1
F92C2F17,1,0,0,1
F92C2F17,1,0,1,5
F92C2F17,1,1,0,1
F92C2F17,1,1,1,5
F92C2F17,1,2,0,1
F92C2F17,1,2,1,5
F92C2F17,1,3,0,1
F92C2F17,1,3,1,5
F92C2F17,1,4,0,1
F92C2F17,1,4,1,5
F92C2F17,1,5,0,1
F92C2F17,1,5,1,5
F38BEA43,0,,0,1
F38BEA43,0,,1,5
F38BEA43,1,0,0,1
F38BEA43,1,0,1,5
F38BEA43,1,1,0,1
F38BEA43,1,1,1,5
F38BEA43,1,2,0,1
F38BEA43,1,2,1,5
F38BEA43,1,3,0,1
F38BEA43,1,3,1,5
F38BEA43,1,4,0,1
F38BEA43,1,4,1,5
F38BEA43,1,5,0,7
F38BEA43,1,5,1,5
024A9476,0,,0,8
024A9476,0,,1,4
024A9476,1,0,0,7
024A9476,1,0,1,5
024A9476,1,1,0,7
024A9476,1,1,1,5
024A9476,1,2,0,7
024A9476,1,2,1,5
024A9476,1,3,0,7
024A9476,1,3,1,5
024A9476,1,4,0,7
024A9476,1,4,1,5
024A9476,1,5,0,7
024A9476,1,5,1,1
2967C7B5,0,,0,7
2967C7B5,0,,1,5
2967C7B5,1,0,0,7
2967C7B5,1,0,1,1
2967C7B5,1,1,0,7
2967C7B5,1,1,1,1
2967C7B5,1,2,0,7
2967C7B5,1,2,1,1
2967C7B5,1,3,0,7
2967C7B5,1,3,1,1
2967C7B5,1,4,0,7
2967C7B5,1,4,1,1
2967C7B5,1,5,0,7
2967C7B5,1,5,1,1
307CF6F4,0,,0,7
307CF6F4,0,,1,1
307CF6F4,1,0,0,7
307CF6F4,1,0,1,1
307CF6F4,1,1,0,7
307CF6F4,1,1,1,1
307CF6F4,1,2,0,7
307CF6F4,1,2,1,1
307CF6F4,1,3,0,7
307CF6F4,1,3,1,1
307CF6F4,1,4,0,7
307CF6F4,1,4,1,1
307CF6F4,1,5,0,1
307CF6F4,1,5,1,5
1B51A537,0,,0,4
1B51A537,0,,1,8
1B51A537,1,0,0,1
1B51A537,1,0,1,5
1B51A537,1,1,0,1
1B51A537,1,1,1,5
1B51A537,1,2,0,1
1B51A537,1,2,1,5
1B51A537,1,3,0,1
1B51A537,1,3,1,5
1B51A537,1,4,0,1
1B51A537,1,4,1,5
1B51A537,1,5,0,7
1B51A537,1,5,1,1
7F3D6033,0,,0,8
7F3D6033,0,,1,4
7F3D6033,1,0,0,7
7F3D6033,1,0,1,1
7F3D6033,1,1,0,7
7F3D6033,1,1,1,1
7F3D6033,1,2,0,7
7F3D6033,1,2,1,1
7F3D6033,1,3,0,7
7F3D6033,1,3,1,1
7F3D6033,1,4,0,7
7F3D6033,1,4,1,1
7F3D6033,1,5,0,1
7F3D6033,1,5,1,5
37CB51D1,0,,0,1
37CB51D1,0,,1,5
37CB51D1,1,0,0,1
37CB51D1,1,0,1,5
37CB51D1,1,1,0,1
37CB51D1,1,1,1,5
37CB51D1,1,2,0,1
37CB51D1,1,2,1,5
37CB51D1,1,3,0,1
37CB51D1,1,3,1,5
37CB51D1,1,4,0,1
37CB51D1,1,4,1,5
37CB51D1,1,5,0,7
37CB51D1,1,5,1,1
6EC011E4,0,,0,8
6EC011E4,0,,1,4
6EC011E4,1,0,0,7
6EC011E4,1,0,1,1
6EC011E4,1,1,0,7
6EC011E4,1,1,1,1
6EC011E4,1,2,0,7
6EC011E4,1,2,1,1
6EC011E4,1,3,0,7
6EC011E4,1,3,1,1
6EC011E4,1,4,0,7
6EC011E4,1,4,1,1
6EC011E4,1,5,0,8
6EC011E4,1,5,1,4
B3E8BD4A,0,,0,6
B3E8BD4A,0,,1,8
B3E8BD4A,1,0,0,8
B3E8BD4A,1,0,1,4
B3E8BD4A,1,1,0,8
B3E8BD4A,1,1,1,4
B3E8BD4A,1,2,0,8
B3E8BD4A,1,2,1,4
B3E8BD4A,1,3,0,8
B3E8BD4A,1,3,1,4
B3E8BD4A,1,4,0,8
B3E8BD4A,1,4,1,4
B3E8BD4A,1,5,0,7
B3E8BD4A,1,5,1,1
3F14143F,0,,0,8
3F14143F,0,,1,4
3F14143F,1,0,0,7
3F14143F,1,0,1,1
3F14143F,1,1,0,7
3F14143F,1,1,1,1
3F14143F,1,2,0,7
3F14143F,1,2,1,1
3F14143F,1,3,0,7
3F14143F,1,3,1,1
3F14143F,1,4,0,7
3F14143F,1,4,1,1
3F14143F,1,5,0,7
3F14143F,1,5,1,1
53EDB7D0,0,,0,8
53EDB7D0,0,,1,4
53EDB7D0,1,0,0,7
53EDB7D0,1,0,1,1
53EDB7D0,1,1,0,7
53EDB7D0,1,1,1,1
53EDB7D0,1,2,0,7
53EDB7D0,1,2,1,1
53EDB7D0,1,3,0,7
53EDB7D0,1,3,1,1
53EDB7D0,1,4,0,7
53EDB7D0,1,4,1,1
53EDB7D0,1,5,0,7
53EDB7D0,1,5,1,1
24490C3D,0,,0,6
24490C3D,0,,1,8
24490C3D,1,0,0,7
24490C3D,1,0,1,1
24490C3D,1,1,0,7
24490C3D,1,1,1,1
24490C3D,1,2,0,7
24490C3D,1,2,1,1
24490C3D,1,3,0,7
24490C3D,1,3,1,1
24490C3D,1,4,0,7
24490C3D,1,4,1,1
24490C3D,1,5,0,6
24490C3D,1,5,1,8
6ACA67D7,0,,0,7
6ACA67D7,0,,1,5
6ACA67D7,1,0,0,6
6ACA67D7,1,0,1,8
6ACA67D7,1,1,0,6
6ACA67D7,1,1,1,8
6ACA67D7,1,2,0,6
6ACA67D7,1,2,1,8
6ACA67D7,1,3,0,6
6ACA67D7,1,3,1,8
6ACA67D7,1,4,0,6
6ACA67D7,1,4,1,8
6ACA67D7,1,5,0,8
6ACA67D7,1,5,1,4
260F257E,0,,0,7
260F257E,0,,1,5
260F257E,1,0,0,8
260F257E,1,0,1,4
260F257E,1,1,0,8
260F257E,1,1,1,4
260F257E,1,2,0,8
260F257E,1,2,1,4
260F257E,1,3,0,8
260F257E,1,3,1,4
260F257E,1,4,0,8
260F257E,1,4,1,4
C35FFA3C,0,,0,6
C35FFA3C,0,,1,8
90B639BB,0,,0,8
90B639BB,0,,1,4
86503F3A,0,,0,6
86503F3A,0,,1,8
81274E23,0,,0,7
81274E23,0,,1,5
08DE01D2,0,,0,8
08DE01D2,0,,1,4
9667EFA2,0,,0,8
9667EFA2,0,,1,4
3BFFA375,0,,0,7
3BFFA375,0,,1,1
BDC7C395,0,,0,8
BDC7C395,0,,1,4
AAFC1156,0,,0,7
AAFC1156,0,,1,1
115B612B,0,,0,1
115B612B,0,,1,5
