# Las piezas de la ropa de equipo para el partido (O-334), de chara_parts del juego.
# tipo ropa: por clave (la ropa) su forma (en modelo) y sus texturas: camiseta y pantalon,
# dorsal (hoja de 10x10 numeros) con sus dos colores RRGGBBAA, piel (cuello, brazos y
# manos) y brazalete de capitan. tipo forma: por indice (el cuerpo, col 4 de
# CHARA_BODY_INFO) los modelos de esas cuatro piezas (y la textura si esa fila trae otra).
# Rutas de common/chr/_uniform/ (texturas de dx11/chr/_uniform/) sin extension. botas y
# guantes: por tipo de esqueleto. cuerpo: clave = cuerpo, indice = tipo, modelo =
# esqueleto, textura = talla. Lo genera herramientas/construir_modelos_personaje.py.
tipo,clave,indice,modelo,textura,numero,numero_tex,numero_color,numero_color2,piel,piel_tex,marca,marca_tex
forma,f0,4,f001005/f001005,,,,,,,,,
ropa,f001005,,f0,f001005/f001005_10,,,,,,,,
forma,f1,0,o000401/o000401,,,,,,sk000201/sk000201,,,
forma,f1,1,o000401/o000402,,,,,,sk000201/sk000202,,,
forma,f1,4,o000401/o000405,,,,,,sk000201/sk000205,,,
forma,f1,7,o000401/o000408,,,,,,sk000201/sk000208,,,
ropa,o000401_10,,f1,o000401/o000401_10,,,,,,sk000201/sk000201_10,,
forma,f2,0,o000501/o000501,,,,,,sk000201/sk000201,,,
forma,f2,1,o000501/o000502,,,,,,sk000201/sk000202,,,
forma,f2,4,o000501/o000505,,,,,,sk000201/sk000205,,,
forma,f2,7,o000501/o000508,,,,,,sk000201/sk000208,,,
ropa,o000501_10,,f2,o000501/o000501_10,,,,,,sk000201/sk000201_10,,
forma,f3,0,o000601/o000601,,,,,,sk000201/sk000201,,,
forma,f3,1,o000601/o000602,,,,,,sk000201/sk000202,,,
forma,f3,4,o000601/o000605,,,,,,sk000201/sk000205,,,
forma,f3,7,o000601/o000608,,,,,,sk000201/sk000208,,,
ropa,o000601_10,,f3,o000601/o000601_10,,,,,,sk000201/sk000201_10,,
forma,f4,0,o000701/o000701,,,,,,sk000201/sk000201,,,
forma,f4,1,o000701/o000702,,,,,,sk000201/sk000202,,,
forma,f4,4,o000701/o000705,,,,,,sk000201/sk000205,,,
forma,f4,7,o000701/o000708,,,,,,sk000201/sk000208,,,
ropa,o000701_10,,f4,o000701/o000701_10,,,,,,sk000201/sk000201_10,,
forma,f5,2,o000801/o000803,,,,,,sk000201/sk000203,,,
forma,f5,3,o000801/o000804,,,,,,sk000201/sk000204,,,
ropa,o000801_10,,f5,o000801/o000801_10,,,,,,sk000201/sk000201_10,,
forma,f6,2,o000901/o000903,,,,,,sk000201/sk000203,,,
forma,f6,3,o000901/o000904,,,,,,sk000201/sk000204,,,
ropa,o000901_10,,f6,o000901/o000901_10,,,,,,sk000201/sk000201_10,,
forma,f7,0,o001001/o001001,,,,,,sk201001/sk201001,,,
forma,f7,1,o001001/o001002,,,,,,sk201001/sk201002,,,
forma,f7,5,o001001/o001006,,,,,,sk201001/sk201006,,,
forma,f7,6,o001001/o001007,,,,,,sk201001/sk201007,,,
forma,f7,8,o001001/o001006,,,,,,sk201001/sk201009,,,
forma,f7,9,o001001/o001007,,,,,,sk201001/sk201010,,,
ropa,o001001_10,,f7,o001001/o001001_10,,,,,,sk201001/sk201001,,
forma,f8,0,o001101/o001101,,,,,,sk000201/sk000201,,,
forma,f8,1,o001101/o001102,,,,,,sk000201/sk000202,,,
forma,f8,2,o001101/o001103,,,,,,sk000201/sk000203,,,
forma,f8,3,o001101/o001104,,,,,,sk000201/sk000204,,,
ropa,o001101_10,,f8,o001101/o001101_10,,,,,,sk000201/sk000201_10,,
forma,f9,0,o001201/o001201,,,,,,sk000201/sk000201,,,
forma,f9,1,o001201/o001202,,,,,,sk000201/sk000202,,,
forma,f9,4,o001201/o001205,,,,,,sk000201/sk000205,,,
forma,f9,7,o001201/o001208,,,,,,sk000201/sk000208,,,
ropa,o001201_10,,f9,o001201/o001201_10,,,,,,sk000201/sk000201_10,,
forma,f10,0,o001301/o001301,,,,,,sk000201/sk000201,,,
forma,f10,1,o001301/o001302,,,,,,sk000201/sk000202,,,
forma,f10,4,o001301/o001305,,,,,,sk000201/sk000205,,,
forma,f10,7,o001301/o001308,,,,,,sk000201/sk000208,,,
ropa,o001301_10,,f10,o001301/o001301_10,,,,,,sk000201/sk000201_10,,
forma,f11,0,o001401/o001401,,,,,,sk000201/sk000201,,,
forma,f11,1,o001401/o001402,,,,,,sk000201/sk000202,,,
forma,f11,4,o001401/o001405,,,,,,sk000201/sk000205,,,
ropa,o001401_10,,f11,o001401/o001401_10,,,,,,sk000201/sk000201_10,,
forma,f12,0,o001501/o001501,,,,,,sk000201/sk000201,,,
forma,f12,1,o001501/o001502,,,,,,sk000201/sk000202,,,
forma,f12,4,o001501/o001505,,,,,,sk000201/sk000205,,,
ropa,o001501_10,,f12,o001501/o001501_10,,,,,,sk000201/sk000201_10,,
forma,f13,5,o001601/o001606,,,,,,sk000201/sk000206,,,
forma,f13,6,o001601/o001607,,,,,,sk000201/sk000207,,,
forma,f13,8,o001601/o001606,,,,,,sk000201/sk000209,,,
forma,f13,9,o001601/o001607,,,,,,sk000201/sk000210,,,
ropa,o001601_10,,f13,o001601/o001601_10,,,,,,sk000201/sk000201_10,,
forma,f14,0,o001701/o001701,,,,,,sk000201/sk000201,,,
forma,f14,1,o001701/o001702,,,,,,sk000201/sk000202,,,
forma,f14,4,o001701/o001705,,,,,,sk000201/sk000205,,,
forma,f14,5,o001701/o001706,,,,,,sk000201/sk000206,,,
forma,f14,7,o001701/o001708,,,,,,sk000201/sk000208,,,
forma,f14,8,o001701/o001706,,,,,,sk000201/sk000209,,,
ropa,o001701_10,,f14,o001701/o001701_10,,,,,,sk000201/sk000201_10,,
forma,f15,0,o001801/o001801,,,,,,sk000201/sk000201,,,
forma,f15,1,o001801/o001802,,,,,,sk000201/sk000202,,,
forma,f15,7,o001801/o001808,,,,,,sk000201/sk000208,,,
forma,f15,5,o001801/o001806,,,,,,sk000201/sk000206,,,
forma,f15,6,o001801/o001807,,,,,,sk000201/sk000207,,,
forma,f15,8,o001801/o001806,,,,,,sk000201/sk000209,,,
forma,f15,9,o001801/o001807,,,,,,sk000201/sk000210,,,
ropa,o001801_10,,f15,o001801/o001801_10,,,,,,sk000201/sk000201_10,,
ropa,o001901_10,,f1,o000401/o001901_10,,,,,,sk000201/sk000201_10,,
ropa,o002001_10,,f2,o000501/o002001_10,,,,,,sk000201/sk000201_10,,
ropa,o002101_10,,f3,o000601/o002101_10,,,,,,sk000201/sk000201_10,,
ropa,o002201_10,,f4,o000701/o002201_10,,,,,,sk000201/sk000201_10,,
ropa,o002301_10,,f5,o000801/o002301_10,,,,,,sk000201/sk000201_10,,
ropa,o002401_10,,f6,o000901/o002401_10,,,,,,sk000201/sk000201_10,,
ropa,o002501_10,,f7,o001001/o002501_10,,,,,,sk201001/sk201001,,
ropa,o002601_10,,f8,o001101/o002601_10,,,,,,sk000201/sk000201_10,,
ropa,o002701_10,,f9,o001201/o002701_10,,,,,,sk000201/sk000201_10,,
ropa,o002801_10,,f10,o001301/o002801_10,,,,,,sk000201/sk000201_10,,
ropa,o002901_10,,f11,o001401/o002901_10,,,,,,sk000201/sk000201_10,,
ropa,o003001_10,,f12,o001501/o003001_10,,,,,,sk000201/sk000201_10,,
ropa,o003101_10,,f13,o001601/o003101_10,,,,,,sk000201/sk000201_10,,
ropa,o003201_10,,f14,o001701/o003201_10,,,,,,sk000201/sk000201_10,,
ropa,o003301_10,,f15,o001801/o003301_10,,,,,,sk000201/sk000201_10,,
forma,f16,0,o003401/o003401,,,,,,sk000201/sk000201,,,
ropa,o003401_10,,f16,o003401/o003401_10,,,,,,sk000201/sk000201_10,,
forma,f17,0,,,,,,,,,,
ropa,u000101_test_10,,f17,u000101/u010101_10,,n000101/n000101_10,,,,sk000101/sk000101_10,,
forma,f18,0,u000101/u000101,,n000101/n000101,,,,sk000101/sk000101,,m000101/m000101,
forma,f18,1,u000101/u000102,,n000101/n000102,,,,sk000101/sk000102,,m000101/m000102,
forma,f18,2,u000101/u000103,,n000101/n000103,,,,sk000101/sk000103,,m000101/m000103,
forma,f18,3,u000101/u000104,,n000101/n000104,,,,sk000101/sk000104,,m000101/m000104,
forma,f18,4,u000101/u000105,,n000101/n000105,,,,sk000101/sk000105,,m000101/m000105,
forma,f18,5,u000101/u000106,,n000101/n000106,,,,sk000101/sk000106,,m000101/m000106,
forma,f18,6,u000101/u000107,,n000101/n000107,,,,sk000101/sk000107,,m000101/m000107,
forma,f18,7,u000101/u000108,,n000101/n000108,,,,sk000101/sk000108,,m000101/m000108,
forma,f18,8,u000101/u000106,,n000101/n000106,,,,sk000101/sk000109,,m000101/m000106,
forma,f18,9,u000101/u000107,,n000101/n000107,,,,sk000101/sk000110,,m000101/m000107,
forma,f18,10,u000101/u000103,,n000101/n000103,,,,sk000101/sk000103,,m000101/m000103,
forma,f18,11,u000101/u000104,,n000101/n000104,,,,sk000101/sk000104,,m000101/m000104,
forma,f18,12,u000101/u000107,,n000101/n000107,,,,sk000101/sk000107,,m000101/m000107,
forma,f18,13,u000101/u000107,,n000101/n000107,,,,sk000101/sk000110,,m000101/m000107,
ropa,u010101_10,,f18,u000101/u010101_10,,n000101/n000101_10,006A94FF,FFEE62FF,,sk000101/sk000101_10,,m000101/m010101_10
forma,f19,1,u090101/u090102,,n000101/n000102,,,,sk090101/sk090102,,m000101/m000102,
ropa,u010101_10_blyR,,f19,u000101/u010101_10,,n000101/n000101_10,,,,sk090101/sk090101_10,,m000101/m010101_10
forma,f20,6,u090161/u090167,,n000101/n000107,,,,sk000701/sk000707,,m000101/m000107,
ropa,u010101_10_dam,,f20,u000101/u010101_10,,n000101/n000101_10,,,,sk000701/sk000701_10,,m000101/m010101_10
forma,f21,4,u090171/u090175,,n000101/n000105,,,,sk000601/sk000605,,m000101/m000105,
ropa,u010101_10_dmn,,f21,u000101/u010101_10,,n000101/n000101_10,,,,sk000101/sk000101_10,,m000101/m010101_10
forma,f22,0,u090151/u090151,,n000101/n000101,,,,sk000101/sk000101,,m090151/m090151,
ropa,u010101_10_fld,,f22,u000101/u010101_10,,n000101/n000101_10,,,,sk000101/sk000101_10,,m000101/m010101_10
forma,f23,0,u090141/u090141,,n000101/n000101,,,,sk000501/sk000501,,m000101/m000101,
forma,f23,5,u090141/u090146,,n000101/n000106,,,,sk000501/sk000506,,m000101/m000106,
ropa,u010101_10_slv,,f23,u000101/u010101_10,,n000101/n000101_10,,,,sk000501/sk000501_10,,m000101/m010101_10
ropa,u010101_20,,f18,u000101/u010101_20,,n000101/n000101_10,006893FF,F7E3C8FF,,sk000101/sk000101_10,,m000101/m010101_20
ropa,u010101_20_blyR,,f19,u000101/u010101_20,,n000101/n000101_10,,,,sk090101/sk090101_10,,m000101/m010101_20
ropa,u010101_20_dam,,f20,u000101/u010101_20,,n000101/n000101_10,,,,sk000701/sk000701_10,,m000101/m010101_20
ropa,u010101_20_dmn,,f21,u000101/u010101_20,,n000101/n000101_10,,,,sk000101/sk000101_10,,m000101/m010101_20
ropa,u010101_20_fld,,f22,u000101/u010101_20,,n000101/n000101_10,,,,sk000101/sk000101_10,,m000101/m010101_20
ropa,u010101_20_slv,,f23,u000101/u010101_20,,n000101/n000101_10,,,,sk000501/sk000501_10,,m000101/m010101_20
ropa,u010101_50,,f18,u000101/u010101_50,,n000101/n000101_10,,,,sk000101/sk000101_10,,m000101/m010101_10
ropa,u010101_50_blyR,,f19,u000101/u010101_50,,n000101/n000101_10,,,,sk090101/sk090101_10,,m000101/m010101_10
ropa,u010101_50_dam,,f20,u000101/u010101_50,,n000101/n000101_10,,,,sk000701/sk000701_10,,m000101/m010101_10
ropa,u010101_50_dmn,,f21,u000101/u010101_50,,n000101/n000101_10,,,,sk000101/sk000101_10,,m000101/m010101_10
ropa,u010101_50_fld,,f22,u000101/u010101_50,,n000101/n000101_10,,,,sk000101/sk000101_10,,m000101/m010101_10
ropa,u010101_50_slv,,f23,u000101/u010101_50,,n000101/n000101_10,,,,sk000501/sk000501_10,,m000101/m010101_10
ropa,u010101_60,,f18,u000101/u010101_60,,n000101/n000101_10,,,,sk000101/sk000101_10,,m000101/m010101_20
ropa,u010101_60_blyR,,f19,u000101/u010101_60,,n000101/n000101_10,,,,sk090101/sk090101_10,,m000101/m010101_20
ropa,u010101_60_dam,,f20,u000101/u010101_60,,n000101/n000101_10,,,,sk000701/sk000701_10,,m000101/m010101_20
ropa,u010101_60_dmn,,f21,u000101/u010101_60,,n000101/n000101_10,,,,sk000101/sk000101_10,,m000101/m010101_20
ropa,u010101_60_fld,,f22,u000101/u010101_60,,n000101/n000101_10,,,,sk000101/sk000101_10,,m000101/m010101_20
ropa,u010101_60_slv,,f23,u000101/u010101_60,,n000101/n000101_10,,,,sk000501/sk000501_10,,m000101/m010101_20
forma,f24,0,u000301/u000301,,n000101/n000101,,,,sk000201/sk000201,,m000201/m000201,
forma,f24,1,u000301/u000302,,n000101/n000102,,,,sk000201/sk000202,,m000201/m000202,
forma,f24,2,u000301/u000303,,n000101/n000103,,,,sk000201/sk000203,,m000201/m000203,
forma,f24,3,u000301/u000304,,n000101/n000104,,,,sk000201/sk000204,,m000201/m000204,
forma,f24,4,u000301/u000305,,n000101/n000105,,,,sk000201/sk000205,,m000201/m000205,
forma,f24,5,u000301/u000306,,n000101/n000106,,,,sk000201/sk000206,,m000201/m000206,
forma,f24,6,u000301/u000307,,n000101/n000107,,,,sk000201/sk000207,,m000201/m000207,
forma,f24,7,u000301/u000308,,n000101/n000108,,,,sk000201/sk000208,,m000201/m000208,
forma,f24,8,u000301/u000306,,n000101/n000106,,,,sk000201/sk000209,,m000201/m000206,
forma,f24,9,u000301/u000307,,n000101/n000107,,,,sk000201/sk000210,,m000201/m000207,
forma,f24,10,u000301/u000303,,n000101/n000103,,,,sk000201/sk000203,,m000201/m000203,
forma,f24,11,u000301/u000304,,n000101/n000104,,,,sk000201/sk000204,,m000201/m000204,
forma,f24,12,u000301/u000307,,n000101/n000107,,,,sk000201/sk000207,,m000201/m000207,
forma,f24,13,u000301/u000307,,n000101/n000107,,,,sk000201/sk000210,,m000201/m000207,
ropa,u010151_10,,f24,u000301/u010151_10,,n000101/n000101_10,EBE1D7FF,006265FF,,sk000201/sk000201_10,,m000101/m010101_10
forma,f25,1,u090301/u090302,,n000101/n000102,,,,sk090201/sk090202,,m000201/m000202,
ropa,u010151_10_blyR,,f25,u000301/u010151_10,,n000101/n000101_10,,,,sk090201/sk090201_10,,m000101/m010101_10
forma,f26,0,u090381/u090381,,n000101/n000101,,,,sk000901/sk000901,,m000201/m000201,
ropa,u010151_10_lsa,,f26,u000301/u010151_10,,n000101/n000101_10,,,,sk000901/sk000901_10,,m000101/m010101_10
forma,f27,0,u090371/u090371,,n000101/n000101,,,,sk000801/sk000801,,m000201/m000201,
forma,f27,4,u090371/u090375,,n000101/n000105,,,,sk000801/sk000805,,m000201/m000205,
ropa,u010151_10_lse,,f27,u000301/u010151_10,,n000101/n000101_10,,,,sk000801/sk000801_10,,m000101/m010101_10
ropa,u010151_20,,f24,u000301/u010151_20,,n000101/n000101_10,434343FF,92CEE6FF,,sk000201/sk000201_10,,m000101/m010101_20
ropa,u010151_20_blyR,,f25,u000301/u010151_20,,n000101/n000101_10,,,,sk090201/sk090201_10,,m000101/m010101_20
ropa,u010151_20_lsa,,f26,u000301/u010151_20,,n000101/n000101_10,,,,sk000901/sk000901_10,,m000101/m010101_20
ropa,u010151_20_lse,,f27,u000301/u010151_20,,n000101/n000101_10,,,,sk000801/sk000801_10,,m000101/m010101_20
ropa,u010151_50,,f24,u000301/u010151_50,,n000101/n000101_10,,,,sk000201/sk000201_10,,m000101/m010101_10
ropa,u010151_50_blyR,,f25,u000301/u010151_50,,n000101/n000101_10,,,,sk090201/sk090201_10,,m000101/m010101_10
ropa,u010151_50_lsa,,f26,u000301/u010151_50,,n000101/n000101_10,,,,sk000901/sk000901_10,,m000101/m010101_10
ropa,u010151_50_lse,,f27,u000301/u010151_50,,n000101/n000101_10,,,,sk000801/sk000801_10,,m000101/m010101_10
ropa,u010151_60,,f24,u000301/u010151_60,,n000101/n000101_10,,,,sk000201/sk000201_10,,m000101/m010101_20
ropa,u010151_60_blyR,,f25,u000301/u010151_60,,n000101/n000101_10,,,,sk090201/sk090201_10,,m000101/m010101_20
ropa,u010151_60_lsa,,f26,u000301/u010151_60,,n000101/n000101_10,,,,sk000901/sk000901_10,,m000101/m010101_20
ropa,u010151_60_lse,,f27,u000301/u010151_60,,n000101/n000101_10,,,,sk000801/sk000801_10,,m000101/m010101_20
forma,f28,0,u010191/u010191,,n000101/n000101,,,,sk000101/sk000101,,m000101/m000101,
ropa,u010191_10,,f28,u010191/u010191_10,,n000101/n000101_10,,,,sk000101/sk000101_10,,m000101/m010101_10
ropa,u010191_20,,f28,u010191/u010191_20,,n000101/n000101_10,,,,sk000101/sk000101_10,,m000101/m010101_20
ropa,u010201_10,,f18,u000101/u010201_10,,n000101/n000101_10,AE051AFF,435D50FF,,sk000101/sk000101_10,,m000101/m010201_10
ropa,u010201_10_blyR,,f19,u000101/u010201_10,,n000101/n000101_10,,,,sk090101/sk090101_10,,m000101/m010201_10
ropa,u010201_10_dam,,f20,u000101/u010201_10,,n000101/n000101_10,,,,sk000701/sk000701_10,,m000101/m010201_10
ropa,u010201_10_fld,,f22,u000101/u010201_10,,n000101/n000101_10,,,,sk000101/sk000101_10,,m000101/m010201_10
ropa,u010201_10_slv,,f23,u000101/u010201_10,,n000101/n000101_10,,,,sk000501/sk000501_10,,m000101/m010201_10
ropa,u010201_20,,f18,u000101/u010201_20,,n000101/n000101_10,AE051AFF,E7E3DAFF,,sk000101/sk000101_10,,m000101/m010201_20
ropa,u010201_20_blyR,,f19,u000101/u010201_20,,n000101/n000101_10,,,,sk090101/sk090101_10,,m000101/m010201_20
ropa,u010201_20_dam,,f20,u000101/u010201_20,,n000101/n000101_10,,,,sk000701/sk000701_10,,m000101/m010201_20
ropa,u010201_20_fld,,f22,u000101/u010201_20,,n000101/n000101_10,,,,sk000101/sk000101_10,,m000101/m010201_20
ropa,u010201_20_slv,,f23,u000101/u010201_20,,n000101/n000101_10,,,,sk000501/sk000501_10,,m000101/m010201_20
ropa,u010251_10,,f24,u000301/u010251_10,,n000101/n000101_10,D9D3CBFF,F18518FF,,sk000201/sk000201_10,,m000101/m010201_10
ropa,u010251_10_blyR,,f25,u000301/u010251_10,,n000101/n000101_10,,,,sk090201/sk090201_10,,m000101/m010201_10
ropa,u010251_10_lsa,,f26,u000301/u010251_10,,n000101/n000101_10,,,,sk000901/sk000901_10,,m000101/m010201_10
ropa,u010251_10_lse,,f27,u000301/u010251_10,,n000101/n000101_10,,,,sk000801/sk000801_10,,m000101/m010201_10
ropa,u010251_20,,f24,u000301/u010251_20,,n000101/n000101_10,D9D3CBFF,303030FF,,sk000201/sk000201_10,,m000101/m010201_20
ropa,u010251_20_blyR,,f25,u000301/u010251_20,,n000101/n000101_10,,,,sk090201/sk090201_10,,m000101/m010201_20
ropa,u010251_20_lsa,,f26,u000301/u010251_20,,n000101/n000101_10,,,,sk000901/sk000901_10,,m000101/m010201_20
ropa,u010251_20_lse,,f27,u000301/u010251_20,,n000101/n000101_10,,,,sk000801/sk000801_10,,m000101/m010201_20
ropa,u010301_10,,f18,u000101/u010301_10,,n000101/n000101_10,DFD4B8FF,050505FF,,sk000101/sk000101_10,,m000101/m010301_10
ropa,u010301_10_blyR,,f19,u000101/u010301_10,,n000101/n000101_10,,,,sk090101/sk090101_10,,m000101/m010301_10
ropa,u010301_10_dam,,f20,u000101/u010301_10,,n000101/n000101_10,,,,sk000701/sk000701_10,,m000101/m010301_10
ropa,u010301_10_fld,,f22,u000101/u010301_10,,n000101/n000101_10,,,,sk000101/sk000101_10,,m000101/m010301_10
ropa,u010301_10_slv,,f23,u000101/u010301_10,,n000101/n000101_10,,,,sk000501/sk000501_10,,m000101/m010301_10
ropa,u010301_20,,f18,u000101/u010301_20,,n000101/n000101_10,625C88FF,050505FF,,sk000101/sk000101_10,,m000101/m010301_20
ropa,u010301_20_blyR,,f19,u000101/u010301_20,,n000101/n000101_10,,,,sk090101/sk090101_10,,m000101/m010301_20
ropa,u010301_20_dam,,f20,u000101/u010301_20,,n000101/n000101_10,,,,sk000701/sk000701_10,,m000101/m010301_20
ropa,u010301_20_fld,,f22,u000101/u010301_20,,n000101/n000101_10,,,,sk000101/sk000101_10,,m000101/m010301_20
ropa,u010301_20_slv,,f23,u000101/u010301_20,,n000101/n000101_10,,,,sk000501/sk000501_10,,m000101/m010301_20
forma,f29,0,u000501/u000501,,n000101/n000101,,,,sk000201/sk000201,,m000201/m000201,
forma,f29,1,u000501/u000502,,n000101/n000102,,,,sk000201/sk000202,,m000201/m000202,
forma,f29,2,u000501/u000503,,n000101/n000103,,,,sk000201/sk000203,,m000201/m000203,
forma,f29,3,u000501/u000504,,n000101/n000104,,,,sk000201/sk000204,,m000201/m000204,
forma,f29,4,u000501/u000505,,n000101/n000105,,,,sk000201/sk000205,,m000201/m000205,
forma,f29,5,u000501/u000506,,n000101/n000106,,,,sk000201/sk000206,,m000201/m000206,
forma,f29,6,u000501/u000507,,n000101/n000107,,,,sk000201/sk000207,,m000201/m000207,
forma,f29,7,u000501/u000508,,n000101/n000108,,,,sk000201/sk000208,,m000201/m000208,
forma,f29,8,u000501/u000506,,n000101/n000106,,,,sk000201/sk000209,,m000201/m000206,
forma,f29,9,u000501/u000507,,n000101/n000107,,,,sk000201/sk000210,,m000201/m000207,
forma,f29,10,u000501/u000503,,n000101/n000103,,,,sk000201/sk000203,,m000201/m000203,
forma,f29,11,u000501/u000504,,n000101/n000104,,,,sk000201/sk000204,,m000201/m000204,
forma,f29,12,u000501/u000507,,n000101/n000107,,,,sk000201/sk000207,,m000201/m000207,
forma,f29,13,u000501/u000507,,n000101/n000107,,,,sk000201/sk000210,,m000201/m000207,
ropa,u010351_10,,f29,u000501/u010351_10,,n000101/n000101_10,E2D4B9FF,050505FF,,sk000201/sk000201_10,,m000101/m010301_10
forma,f30,1,u090501/u090502,,n000101/n000102,,,,sk090201/sk090202,,m000201/m000202,
ropa,u010351_10_blyR,,f30,u000501/u010351_10,,n000101/n000101_10,,,,sk090201/sk090201_10,,m000101/m010301_10
forma,f31,0,u090581/u090581,,n000101/n000101,,,,sk000901/sk000901,,m000201/m000201,
ropa,u010351_10_lsa,,f31,u000501/u010351_10,,n000101/n000101_10,,,,sk000901/sk000901_10,,m000101/m010301_10
forma,f32,0,u090571/u090571,,n000101/n000101,,,,sk000801/sk000801,,m000201/m000201,
forma,f32,4,u090571/u090575,,n000101/n000105,,,,sk000801/sk000805,,m000201/m000205,
ropa,u010351_10_lse,,f32,u000501/u010351_10,,n000101/n000101_10,,,,sk000801/sk000801_10,,m000101/m010301_10
ropa,u010351_20,,f29,u000501/u010351_20,,n000101/n000101_10,E1D3B9FF,050505FF,,sk000201/sk000201_10,,m000101/m010301_20
ropa,u010351_20_blyR,,f30,u000501/u010351_20,,n000101/n000101_10,,,,sk090201/sk090201_10,,m000101/m010301_20
ropa,u010351_20_lsa,,f31,u000501/u010351_20,,n000101/n000101_10,,,,sk000901/sk000901_10,,m000101/m010301_20
ropa,u010351_20_lse,,f32,u000501/u010351_20,,n000101/n000101_10,,,,sk000801/sk000801_10,,m000101/m010301_20
ropa,u010401_10,,f18,u000101/u010401_10,,n000101/n000101_10,D5C5B5FF,050505FF,,sk000101/sk000101_10,,m000101/m010401_10
ropa,u010401_10_blyR,,f19,u000101/u010401_10,,n000101/n000101_10,,,,sk090101/sk090101_10,,m000101/m010401_10
ropa,u010401_10_dam,,f20,u000101/u010401_10,,n000101/n000101_10,,,,sk000701/sk000701_10,,m000101/m010401_10
ropa,u010401_10_fld,,f22,u000101/u010401_10,,n000101/n000101_10,,,,sk000101/sk000101_10,,m000101/m010401_10
ropa,u010401_10_slv,,f23,u000101/u010401_10,,n000101/n000101_10,,,,sk000501/sk000501_10,,m000101/m010401_10
ropa,u010401_20,,f18,u000101/u010401_20,,n000101/n000101_10,48575CFF,050505FF,,sk000101/sk000101_10,,m000101/m010401_20
ropa,u010401_20_blyR,,f19,u000101/u010401_20,,n000101/n000101_10,,,,sk090101/sk090101_10,,m000101/m010401_20
ropa,u010401_20_dam,,f20,u000101/u010401_20,,n000101/n000101_10,,,,sk000701/sk000701_10,,m000101/m010401_20
ropa,u010401_20_fld,,f22,u000101/u010401_20,,n000101/n000101_10,,,,sk000101/sk000101_10,,m000101/m010401_20
ropa,u010401_20_slv,,f23,u000101/u010401_20,,n000101/n000101_10,,,,sk000501/sk000501_10,,m000101/m010401_20
forma,f33,0,u000201/u000201,,n000101/n000101,,,,sk000201/sk000201,,m000201/m000201,
forma,f33,1,u000201/u000202,,n000101/n000102,,,,sk000201/sk000202,,m000201/m000202,
forma,f33,2,u000201/u000203,,n000101/n000103,,,,sk000201/sk000203,,m000201/m000203,
forma,f33,3,u000201/u000204,,n000101/n000104,,,,sk000201/sk000204,,m000201/m000204,
forma,f33,4,u000201/u000205,,n000101/n000105,,,,sk000201/sk000205,,m000201/m000205,
forma,f33,5,u000201/u000206,,n000101/n000106,,,,sk000201/sk000206,,m000201/m000206,
forma,f33,6,u000201/u000207,,n000101/n000107,,,,sk000201/sk000207,,m000201/m000207,
forma,f33,7,u000201/u000208,,n000101/n000108,,,,sk000201/sk000208,,m000201/m000208,
forma,f33,8,u000201/u000206,,n000101/n000106,,,,sk000201/sk000209,,m000201/m000206,
forma,f33,9,u000201/u000207,,n000101/n000107,,,,sk000201/sk000210,,m000201/m000207,
forma,f33,10,u000201/u000203,,n000101/n000103,,,,sk000201/sk000203,,m000201/m000203,
forma,f33,11,u000201/u000204,,n000101/n000104,,,,sk000201/sk000204,,m000201/m000204,
forma,f33,12,u000201/u000207,,n000101/n000107,,,,sk000201/sk000207,,m000201/m000207,
forma,f33,13,u000201/u000207,,n000101/n000107,,,,sk000201/sk000210,,m000201/m000207,
ropa,u010451_10,,f33,u000201/u010451_10,,n000101/n000101_10,E1D3B8FF,050505FF,,sk000201/sk000201_10,,m000101/m010401_10
forma,f34,1,u090201/u090202,,n000101/n000102,,,,sk090201/sk090202,,m000201/m000202,
ropa,u010451_10_blyR,,f34,u000201/u010451_10,,n000101/n000101_10,,,,sk090201/sk090201_10,,m000101/m010401_10
forma,f35,0,u090281/u090281,,n000101/n000101,,,,sk000901/sk000901,,m000201/m000201,
ropa,u010451_10_lsa,,f35,u000201/u010451_10,,n000101/n000101_10,,,,sk000901/sk000901_10,,m000101/m010401_10
forma,f36,0,u090271/u090271,,n000101/n000101,,,,sk000801/sk000801,,m000201/m000201,
forma,f36,4,u090271/u090275,,n000101/n000105,,,,sk000801/sk000805,,m000201/m000205,
ropa,u010451_10_lse,,f36,u000201/u010451_10,,n000101/n000101_10,,,,sk000801/sk000801_10,,m000101/m010401_10
ropa,u010451_20,,f33,u000201/u010451_20,,n000101/n000101_10,E1D3B8FF,050505FF,,sk000201/sk000201_10,,m000101/m010401_20
ropa,u010451_20_blyR,,f34,u000201/u010451_20,,n000101/n000101_10,,,,sk090201/sk090201_10,,m000101/m010401_20
ropa,u010451_20_lsa,,f35,u000201/u010451_20,,n000101/n000101_10,,,,sk000901/sk000901_10,,m000101/m010401_20
ropa,u010451_20_lse,,f36,u000201/u010451_20,,n000101/n000101_10,,,,sk000801/sk000801_10,,m000101/m010401_20
forma,f37,0,u003101/u003101,,n000101/n000101,,,,sk000101/sk000101,,m000101/m000101,
forma,f37,1,u003101/u003102,,n000101/n000102,,,,sk000101/sk000102,,m000101/m000102,
forma,f37,2,u003101/u003103,,n000101/n000103,,,,sk000101/sk000103,,m000101/m000103,
forma,f37,3,u003101/u003104,,n000101/n000104,,,,sk000101/sk000104,,m000101/m000104,
forma,f37,4,u003101/u003105,,n000101/n000105,,,,sk000101/sk000105,,m000101/m000105,
forma,f37,5,u003101/u003106,,n000101/n000106,,,,sk000101/sk000106,,m000101/m000106,
forma,f37,6,u003101/u003107,,n000101/n000107,,,,sk000101/sk000107,,m000101/m000107,
forma,f37,7,u003101/u003108,,n000101/n000108,,,,sk000101/sk000108,,m000101/m000108,
forma,f37,8,u003101/u003106,,n000101/n000106,,,,sk000101/sk000109,,m000101/m000106,
forma,f37,9,u003101/u003107,,n000101/n000107,,,,sk000101/sk000110,,m000101/m000107,
forma,f37,10,u003101/u003103,,n000101/n000103,,,,sk000101/sk000103,,m000101/m000103,
forma,f37,11,u003101/u003104,,n000101/n000104,,,,sk000101/sk000104,,m000101/m000104,
forma,f37,12,u003101/u003107,,n000101/n000107,,,,sk000101/sk000107,,m000101/m000107,
forma,f37,13,u003101/u003107,,n000101/n000107,,,,sk000101/sk000110,,m000101/m000107,
ropa,u010501_10,,f37,u003101/u010501_10,,n000101/n000101_10,8B7858FF,050505FF,,sk000101/sk000101_10,,m000101/m010501_10
forma,f38,1,u093101/u093102,,n000101/n000102,,,,sk090101/sk090102,,m000101/m000102,
ropa,u010501_10_blyR,,f38,u003101/u010501_10,,n000101/n000101_10,,,,sk090101/sk090101_10,,m000101/m010501_10
forma,f39,6,u093161/u093167,,n000101/n000107,,,,sk000701/sk000707,,m000101/m000107,
ropa,u010501_10_dam,,f39,u003101/u010501_10,,n000101/n000101_10,,,,sk000701/sk000701_10,,m000101/m010501_10
forma,f40,0,u093151/u093151,,n000101/n000101,,,,sk000101/sk000101,,m090151/m090151,
ropa,u010501_10_fld,,f40,u003101/u010501_10,,n000101/n000101_10,,,,sk000101/sk000101_10,,m000101/m010501_10
forma,f41,0,u093141/u093141,,n000101/n000101,,,,sk000501/sk000501,,m000101/m000101,
forma,f41,5,u093141/u093146,,n000101/n000106,,,,sk000501/sk000506,,m000101/m000106,
ropa,u010501_10_slv,,f41,u003101/u010501_10,,n000101/n000101_10,,,,sk000501/sk000501_10,,m000101/m010501_10
ropa,u010501_20,,f37,u003101/u010501_20,,n000101/n000101_10,A09989FF,050505FF,,sk000101/sk000101_10,,m000101/m010501_20
ropa,u010501_20_blyR,,f38,u003101/u010501_20,,n000101/n000101_10,,,,sk090101/sk090101_10,,m000101/m010501_20
ropa,u010501_20_dam,,f39,u003101/u010501_20,,n000101/n000101_10,,,,sk000701/sk000701_10,,m000101/m010501_20
ropa,u010501_20_fld,,f40,u003101/u010501_20,,n000101/n000101_10,,,,sk000101/sk000101_10,,m000101/m010501_20
ropa,u010501_20_slv,,f41,u003101/u010501_20,,n000101/n000101_10,,,,sk000501/sk000501_10,,m000101/m010501_20
ropa,u010551_10,,f33,u000201/u010551_10,,n000101/n000101_10,E0D5B9FF,050505FF,,sk000201/sk000201_10,,m000101/m010501_10
ropa,u010551_10_blyR,,f34,u000201/u010551_10,,n000101/n000101_10,,,,sk090201/sk090201_10,,m000101/m010501_10
ropa,u010551_10_lsa,,f35,u000201/u010551_10,,n000101/n000101_10,,,,sk000901/sk000901_10,,m000101/m010501_10
ropa,u010551_10_lse,,f36,u000201/u010551_10,,n000101/n000101_10,,,,sk000801/sk000801_10,,m000101/m010501_10
ropa,u010551_20,,f33,u000201/u010551_20,,n000101/n000101_10,E0D5B9FF,050505FF,,sk000201/sk000201_10,,m000101/m010501_20
ropa,u010551_20_blyR,,f34,u000201/u010551_20,,n000101/n000101_10,,,,sk090201/sk090201_10,,m000101/m010501_20
ropa,u010551_20_lsa,,f35,u000201/u010551_20,,n000101/n000101_10,,,,sk000901/sk000901_10,,m000101/m010501_20
ropa,u010551_20_lse,,f36,u000201/u010551_20,,n000101/n000101_10,,,,sk000801/sk000801_10,,m000101/m010501_20
ropa,u010601_10,,f18,u000101/u010601_10,,n000101/n000101_10,E4D8C2FF,050505FF,,sk000101/sk000101_10,,m000101/m010601_10
ropa,u010601_10_blyR,,f19,u000101/u010601_10,,n000101/n000101_10,,,,sk090101/sk090101_10,,m000101/m010601_10
ropa,u010601_10_dam,,f20,u000101/u010601_10,,n000101/n000101_10,,,,sk000701/sk000701_10,,m000101/m010601_10
ropa,u010601_10_fld,,f22,u000101/u010601_10,,n000101/n000101_10,,,,sk000101/sk000101_10,,m000101/m010601_10
ropa,u010601_10_slv,,f23,u000101/u010601_10,,n000101/n000101_10,,,,sk000501/sk000501_10,,m000101/m010601_10
ropa,u010601_20,,f18,u000101/u010601_20,,n000101/n000101_10,DAB2B2FF,050505FF,,sk000101/sk000101_10,,m000101/m010601_20
ropa,u010601_20_blyR,,f19,u000101/u010601_20,,n000101/n000101_10,,,,sk090101/sk090101_10,,m000101/m010601_20
ropa,u010601_20_dam,,f20,u000101/u010601_20,,n000101/n000101_10,,,,sk000701/sk000701_10,,m000101/m010601_20
ropa,u010601_20_fld,,f22,u000101/u010601_20,,n000101/n000101_10,,,,sk000101/sk000101_10,,m000101/m010601_20
ropa,u010601_20_slv,,f23,u000101/u010601_20,,n000101/n000101_10,,,,sk000501/sk000501_10,,m000101/m010601_20
ropa,u010651_10,,f33,u000201/u010651_10,,n000101/n000101_10,E4D8C2FF,050505FF,,sk000201/sk000201_10,,m000101/m010601_10
ropa,u010651_10_blyR,,f34,u000201/u010651_10,,n000101/n000101_10,,,,sk090201/sk090201_10,,m000101/m010601_10
ropa,u010651_10_lsa,,f35,u000201/u010651_10,,n000101/n000101_10,,,,sk000901/sk000901_10,,m000101/m010601_10
ropa,u010651_10_lse,,f36,u000201/u010651_10,,n000101/n000101_10,,,,sk000801/sk000801_10,,m000101/m010601_10
ropa,u010651_20,,f33,u000201/u010651_20,,n000101/n000101_10,E4D8C2FF,050505FF,,sk000201/sk000201_10,,m000101/m010601_20
ropa,u010651_20_blyR,,f34,u000201/u010651_20,,n000101/n000101_10,,,,sk090201/sk090201_10,,m000101/m010601_20
ropa,u010651_20_lsa,,f35,u000201/u010651_20,,n000101/n000101_10,,,,sk000901/sk000901_10,,m000101/m010601_20
ropa,u010651_20_lse,,f36,u000201/u010651_20,,n000101/n000101_10,,,,sk000801/sk000801_10,,m000101/m010601_20
forma,f42,0,u000401/u000401,,n000101/n000101,,,,sk000101/sk000101,,m000101/m000101,
forma,f42,1,u000401/u000402,,n000101/n000102,,,,sk000101/sk000102,,m000101/m000102,
forma,f42,2,u000401/u000403,,n000101/n000103,,,,sk000101/sk000103,,m000101/m000103,
forma,f42,3,u000401/u000404,,n000101/n000104,,,,sk000101/sk000104,,m000101/m000104,
forma,f42,4,u000401/u000405,,n000101/n000105,,,,sk000101/sk000105,,m000101/m000105,
forma,f42,5,u000401/u000406,,n000101/n000106,,,,sk000101/sk000106,,m000101/m000106,
forma,f42,6,u000401/u000407,,n000101/n000107,,,,sk000101/sk000107,,m000101/m000107,
forma,f42,7,u000401/u000408,,n000101/n000108,,,,sk000101/sk000108,,m000101/m000108,
forma,f42,8,u000401/u000406,,n000101/n000106,,,,sk000101/sk000109,,m000101/m000106,
forma,f42,9,u000401/u000407,,n000101/n000107,,,,sk000101/sk000110,,m000101/m000107,
forma,f42,10,u000401/u000403,,n000101/n000103,,,,sk000101/sk000103,,m000101/m000103,
forma,f42,11,u000401/u000404,,n000101/n000104,,,,sk000101/sk000104,,m000101/m000104,
forma,f42,12,u000401/u000407,,n000101/n000107,,,,sk000101/sk000107,,m000101/m000107,
forma,f42,13,u000401/u000407,,n000101/n000107,,,,sk000101/sk000110,,m000101/m000107,
ropa,u010701_10,,f42,u000401/u010701_10,,n000101/n000101_10,D5C5B5FF,050505FF,,sk000101/sk000101_10,,m000101/m010701_10
forma,f43,1,u090401/u090402,,n000101/n000102,,,,sk090101/sk090102,,m000101/m000102,
ropa,u010701_10_blyR,,f43,u000401/u010701_10,,n000101/n000101_10,,,,sk090101/sk090101_10,,m000101/m010701_10
forma,f44,6,u090461/u090467,,n000101/n000107,,,,sk000701/sk000707,,m000101/m000107,
ropa,u010701_10_dam,,f44,u000401/u010701_10,,n000101/n000101_10,,,,sk000701/sk000701_10,,m000101/m010701_10
forma,f45,0,u090451/u090451,,n000101/n000101,,,,sk000101/sk000101,,m090151/m090151,
ropa,u010701_10_fld,,f45,u000401/u010701_10,,n000101/n000101_10,,,,sk000101/sk000101_10,,m000101/m010701_10
forma,f46,0,u090441/u090441,,n000101/n000101,,,,sk000501/sk000501,,m000101/m000101,
forma,f46,5,u090441/u090446,,n000101/n000106,,,,sk000501/sk000506,,m000101/m000106,
ropa,u010701_10_slv,,f46,u000401/u010701_10,,n000101/n000101_10,,,,sk000501/sk000501_10,,m000101/m010701_10
ropa,u010701_20,,f42,u000401/u010701_20,,n000101/n000101_10,5E4562FF,050505FF,,sk000101/sk000101_10,,m000101/m010701_20
ropa,u010701_20_blyR,,f43,u000401/u010701_20,,n000101/n000101_10,,,,sk090101/sk090101_10,,m000101/m010701_20
ropa,u010701_20_dam,,f44,u000401/u010701_20,,n000101/n000101_10,,,,sk000701/sk000701_10,,m000101/m010701_20
ropa,u010701_20_fld,,f45,u000401/u010701_20,,n000101/n000101_10,,,,sk000101/sk000101_10,,m000101/m010701_20
ropa,u010701_20_slv,,f46,u000401/u010701_20,,n000101/n000101_10,,,,sk000501/sk000501_10,,m000101/m010701_20
ropa,u010751_10,,f29,u000501/u010751_10,,n000101/n000101_10,E2D4B9FF,050505FF,,sk000201/sk000201_10,,m000101/m010701_10
ropa,u010751_10_blyR,,f30,u000501/u010751_10,,n000101/n000101_10,,,,sk090201/sk090201_10,,m000101/m010701_10
ropa,u010751_10_lsa,,f31,u000501/u010751_10,,n000101/n000101_10,,,,sk000901/sk000901_10,,m000101/m010701_10
ropa,u010751_10_lse,,f32,u000501/u010751_10,,n000101/n000101_10,,,,sk000801/sk000801_10,,m000101/m010701_10
ropa,u010751_20,,f29,u000501/u010751_20,,n000101/n000101_10,E2D4B9FF,050505FF,,sk000201/sk000201_10,,m000101/m010701_20
ropa,u010751_20_blyR,,f30,u000501/u010751_20,,n000101/n000101_10,,,,sk090201/sk090201_10,,m000101/m010701_20
ropa,u010751_20_lsa,,f31,u000501/u010751_20,,n000101/n000101_10,,,,sk000901/sk000901_10,,m000101/m010701_20
ropa,u010751_20_lse,,f32,u000501/u010751_20,,n000101/n000101_10,,,,sk000801/sk000801_10,,m000101/m010701_20
forma,f47,0,u002101/u002101,,n000101/n000101,,,,sk000101/sk000101,,m000101/m000101,
forma,f47,1,u002101/u002102,,n000101/n000102,,,,sk000101/sk000102,,m000101/m000102,
forma,f47,2,u002101/u002103,,n000101/n000103,,,,sk000101/sk000103,,m000101/m000103,
forma,f47,3,u002101/u002104,,n000101/n000104,,,,sk000101/sk000104,,m000101/m000104,
forma,f47,4,u002101/u002105,,n000101/n000105,,,,sk000101/sk000105,,m000101/m000105,
forma,f47,5,u002101/u002106,,n000101/n000106,,,,sk000101/sk000106,,m000101/m000106,
forma,f47,6,u002101/u002107,,n000101/n000107,,,,sk000101/sk000107,,m000101/m000107,
forma,f47,7,u002101/u002108,,n000101/n000108,,,,sk000101/sk000108,,m000101/m000108,
forma,f47,8,u002101/u002106,,n000101/n000106,,,,sk000101/sk000109,,m000101/m000106,
forma,f47,9,u002101/u002107,,n000101/n000107,,,,sk000101/sk000110,,m000101/m000107,
forma,f47,10,u002101/u002103,,n000101/n000103,,,,sk000101/sk000103,,m000101/m000103,
forma,f47,11,u002101/u002104,,n000101/n000104,,,,sk000101/sk000104,,m000101/m000104,
forma,f47,12,u002101/u002107,,n000101/n000107,,,,sk000101/sk000107,,m000101/m000107,
forma,f47,13,u002101/u002107,,n000101/n000107,,,,sk000101/sk000110,,m000101/m000107,
ropa,u010801_10,,f47,u002101/u010801_10,,n000101/n000101_10,51412AFF,050505FF,,sk000101/sk000101_10,,m000101/m010801_10
forma,f48,1,u092101/u092102,,n000101/n000102,,,,sk090101/sk090102,,m000101/m000102,
ropa,u010801_10_blyR,,f48,u002101/u010801_10,,n000101/n000101_10,,,,sk090101/sk090101_10,,m000101/m010801_10
forma,f49,6,u092161/u092167,,n000101/n000107,,,,sk000701/sk000707,,m000101/m000107,
ropa,u010801_10_dam,,f49,u002101/u010801_10,,n000101/n000101_10,,,,sk000701/sk000701_10,,m000101/m010801_10
forma,f50,0,u092151/u092151,,n000101/n000101,,,,sk000101/sk000101,,m090151/m090151,
ropa,u010801_10_fld,,f50,u002101/u010801_10,,n000101/n000101_10,,,,sk000101/sk000101_10,,m000101/m010801_10
forma,f51,0,u092141/u092141,,n000101/n000101,,,,sk000501/sk000501,,m000101/m000101,
forma,f51,5,u092141/u092146,,n000101/n000106,,,,sk000501/sk000506,,m000101/m000106,
ropa,u010801_10_slv,,f51,u002101/u010801_10,,n000101/n000101_10,,,,sk000501/sk000501_10,,m000101/m010801_10
ropa,u010801_20,,f47,u002101/u010801_20,,n000101/n000101_10,52412FFF,050505FF,,sk000101/sk000101_10,,m000101/m010801_20
ropa,u010801_20_blyR,,f48,u002101/u010801_20,,n000101/n000101_10,,,,sk090101/sk090101_10,,m000101/m010801_20
ropa,u010801_20_dam,,f49,u002101/u010801_20,,n000101/n000101_10,,,,sk000701/sk000701_10,,m000101/m010801_20
ropa,u010801_20_fld,,f50,u002101/u010801_20,,n000101/n000101_10,,,,sk000101/sk000101_10,,m000101/m010801_20
ropa,u010801_20_slv,,f51,u002101/u010801_20,,n000101/n000101_10,,,,sk000501/sk000501_10,,m000101/m010801_20
ropa,u010851_10,,f33,u000201/u010851_10,,n000101/n000101_10,E2D4BAFF,050505FF,,sk000201/sk000201_10,,m000101/m010801_10
ropa,u010851_10_blyR,,f34,u000201/u010851_10,,n000101/n000101_10,,,,sk090201/sk090201_10,,m000101/m010801_10
ropa,u010851_10_lsa,,f35,u000201/u010851_10,,n000101/n000101_10,,,,sk000901/sk000901_10,,m000101/m010801_10
ropa,u010851_10_lse,,f36,u000201/u010851_10,,n000101/n000101_10,,,,sk000801/sk000801_10,,m000101/m010801_10
ropa,u010851_20,,f33,u000201/u010851_20,,n000101/n000101_10,E2D4BAFF,050505FF,,sk000201/sk000201_10,,m000101/m010801_20
ropa,u010851_20_blyR,,f34,u000201/u010851_20,,n000101/n000101_10,,,,sk090201/sk090201_10,,m000101/m010801_20
ropa,u010851_20_lsa,,f35,u000201/u010851_20,,n000101/n000101_10,,,,sk000901/sk000901_10,,m000101/m010801_20
ropa,u010851_20_lse,,f36,u000201/u010851_20,,n000101/n000101_10,,,,sk000801/sk000801_10,,m000101/m010801_20
ropa,u010901_10,,f47,u002101/u010901_10,,n000101/n000101_10,3A3A3AFF,050505FF,,sk000101/sk000101_10,,m000101/m010901_10
ropa,u010901_10_blyR,,f48,u002101/u010901_10,,n000101/n000101_10,,,,sk090101/sk090101_10,,m000101/m010901_10
ropa,u010901_10_dam,,f49,u002101/u010901_10,,n000101/n000101_10,,,,sk000701/sk000701_10,,m000101/m010901_10
ropa,u010901_10_fld,,f50,u002101/u010901_10,,n000101/n000101_10,,,,sk000101/sk000101_10,,m000101/m010901_10
ropa,u010901_10_slv,,f51,u002101/u010901_10,,n000101/n000101_10,,,,sk000501/sk000501_10,,m000101/m010901_10
ropa,u010901_20,,f47,u002101/u010901_20,,n000101/n000101_10,3A3A3AFF,050505FF,,sk000101/sk000101_10,,m000101/m010901_20
ropa,u010901_20_blyR,,f48,u002101/u010901_20,,n000101/n000101_10,,,,sk090101/sk090101_10,,m000101/m010901_20
ropa,u010901_20_dam,,f49,u002101/u010901_20,,n000101/n000101_10,,,,sk000701/sk000701_10,,m000101/m010901_20
ropa,u010901_20_fld,,f50,u002101/u010901_20,,n000101/n000101_10,,,,sk000101/sk000101_10,,m000101/m010901_20
ropa,u010901_20_slv,,f51,u002101/u010901_20,,n000101/n000101_10,,,,sk000501/sk000501_10,,m000101/m010901_20
ropa,u010951_10,,f33,u000201/u010951_10,,n000101/n000101_10,516269FF,050505FF,,sk000201/sk000201_10,,m000101/m010901_10
ropa,u010951_10_blyR,,f34,u000201/u010951_10,,n000101/n000101_10,,,,sk090201/sk090201_10,,m000101/m010901_10
ropa,u010951_10_lsa,,f35,u000201/u010951_10,,n000101/n000101_10,,,,sk000901/sk000901_10,,m000101/m010901_10
ropa,u010951_10_lse,,f36,u000201/u010951_10,,n000101/n000101_10,,,,sk000801/sk000801_10,,m000101/m010901_10
ropa,u010951_20,,f33,u000201/u010951_20,,n000101/n000101_10,BB1313FF,050505FF,,sk000201/sk000201_10,,m000101/m010901_20
ropa,u010951_20_blyR,,f34,u000201/u010951_20,,n000101/n000101_10,,,,sk090201/sk090201_10,,m000101/m010901_20
ropa,u010951_20_lsa,,f35,u000201/u010951_20,,n000101/n000101_10,,,,sk000901/sk000901_10,,m000101/m010901_20
ropa,u010951_20_lse,,f36,u000201/u010951_20,,n000101/n000101_10,,,,sk000801/sk000801_10,,m000101/m010901_20
forma,f52,0,u011001/u011001,,n000101/n000101,,,,sk000101/sk000101,,m011001/m011001,
forma,f52,1,u011001/u011002,,n000101/n000102,,,,sk000101/sk000102,,m011001/m011002,
forma,f52,2,u011001/u011003,,n000101/n000103,,,,sk000101/sk000103,,m011001/m011003,
forma,f52,3,u011001/u011004,,n000101/n000104,,,,sk000101/sk000104,,m011001/m011004,
forma,f52,4,u011001/u011005,,n000101/n000105,,,,sk000101/sk000105,,m011001/m011005,
forma,f52,5,u011001/u011006,,n000101/n000106,,,,sk000101/sk000106,,m011001/m011006,
forma,f52,6,u011001/u011007,,n000101/n000107,,,,sk000101/sk000107,,m011001/m011007,
forma,f52,7,u011001/u011008,,n000101/n000108,,,,sk000101/sk000108,,m011001/m011008,
forma,f52,8,u011001/u011006,,n000101/n000106,,,,sk000101/sk000109,,m011001/m011006,
forma,f52,9,u011001/u011007,,n000101/n000107,,,,sk000101/sk000110,,m011001/m011007,
forma,f52,10,u011001/u011003,,n000101/n000103,,,,sk000101/sk000103,,m011001/m011003,
forma,f52,11,u011001/u011004,,n000101/n000104,,,,sk000101/sk000104,,m011001/m011004,
forma,f52,12,u011001/u011007,,n000101/n000107,,,,sk000101/sk000107,,m011001/m011007,
forma,f52,13,u011001/u011007,,n000101/n000107,,,,sk000101/sk000110,,m011001/m011007,
ropa,u011001_10,,f52,u011001/u011001_10,,n000101/n000101_10,236386FF,050505FF,,sk000101/sk000101_10,,m011001/m011001_10
forma,f53,6,u911021/u911027,,n000101/n000107,,,,sk000701/sk000707,,m011001/m011007,
ropa,u011001_10_dam,,f53,u011001/u011001_10,,n000101/n000101_10,,,,sk000701/sk000701_10,,m011001/m011001_10
forma,f54,0,u911011/u911011,,n000101/n000101,,,,sk000101/sk000101,,m011001/m011001,
ropa,u011001_10_fld,,f54,u011001/u011001_10,,n000101/n000101_10,,,,sk000101/sk000101_10,,m011001/m011001_10
forma,f55,0,u011011/u011011,,n000101/n000101,,,,sk000501/sk000501,,m011001/m011001,
forma,f55,5,u011011/u011016,,n000101/n000106,,,,sk000501/sk000506,,m011001/m011006,
ropa,u011001_10_slv,,f55,u011001/u011001_10,,n000101/n000101_10,,,,sk000501/sk000501_10,,m011001/m011001_10
ropa,u011001_20,,f52,u011001/u011001_20,,n000101/n000101_10,561A1AFF,050505FF,,sk000101/sk000101_10,,m011001/m011001_10
ropa,u011001_20_dam,,f53,u011001/u011001_20,,n000101/n000101_10,,,,sk000701/sk000701_10,,m011001/m011001_10
ropa,u011001_20_fld,,f54,u011001/u011001_20,,n000101/n000101_10,,,,sk000101/sk000101_10,,m011001/m011001_10
ropa,u011001_20_slv,,f55,u011001/u011001_20,,n000101/n000101_10,,,,sk000501/sk000501_10,,m011001/m011001_10
forma,f56,0,u000201/u000201,,n000101/n000101,,,,sk000201/sk000201,,m011051/m011051,
forma,f56,1,u000201/u000202,,n000101/n000102,,,,sk000201/sk000202,,m011051/m011052,
forma,f56,2,u000201/u000203,,n000101/n000103,,,,sk000201/sk000203,,m011051/m011053,
forma,f56,3,u000201/u000204,,n000101/n000104,,,,sk000201/sk000204,,m011051/m011054,
forma,f56,4,u000201/u000205,,n000101/n000105,,,,sk000201/sk000205,,m011051/m011055,
forma,f56,5,u000201/u000206,,n000101/n000106,,,,sk000201/sk000206,,m011051/m011056,
forma,f56,6,u000201/u000207,,n000101/n000107,,,,sk000201/sk000207,,m011051/m011057,
forma,f56,7,u000201/u000208,,n000101/n000108,,,,sk000201/sk000208,,m011051/m011058,
forma,f56,8,u000201/u000206,,n000101/n000106,,,,sk000201/sk000209,,m011051/m011056,
forma,f56,9,u000201/u000207,,n000101/n000107,,,,sk000201/sk000210,,m011051/m011057,
forma,f56,10,u000201/u000203,,n000101/n000103,,,,sk000201/sk000203,,m011051/m011053,
forma,f56,11,u000201/u000204,,n000101/n000104,,,,sk000201/sk000204,,m011051/m011054,
forma,f56,12,u000201/u000207,,n000101/n000107,,,,sk000201/sk000207,,m011051/m011057,
forma,f56,13,u000201/u000207,,n000101/n000107,,,,sk000201/sk000210,,m011051/m011057,
ropa,u011051_10,,f56,u000201/u011051_10,,n000101/n000101_10,E1D3B8FF,050505FF,,sk000201/sk000201_10,,m011001/m011001_10
forma,f57,1,u090201/u090202,,n000101/n000102,,,,sk090201/sk090202,,m011051/m011052,
ropa,u011051_10_blyR,,f57,u000201/u011051_10,,n000101/n000101_10,,,,sk090201/sk090201_10,,m011001/m011001_10
ropa,u011051_20,,f56,u000201/u011051_20,,n000101/n000101_10,E1D3B8FF,050505FF,,sk000201/sk000201_10,,m011001/m011001_10
ropa,u011051_20_blyR,,f57,u000201/u011051_20,,n000101/n000101_10,,,,sk090201/sk090201_10,,m011001/m011001_10
forma,f58,0,u011081/u011081,,n000101/n000101,,,,sk000101/sk000101,,m011001/m011001,
forma,f58,2,u011081/u011083,,n000101/n000103,,,,sk000101/sk000103,,m011001/m011003,
ropa,u011081_10,,f58,u011081/u011081_10,,n000101/n000101_10,,,,sk000101/sk000101_10,,m011001/m011001_10
ropa,u011081_20,,f58,u011081/u011081_20,,n000101/n000101_10,,,,sk000101/sk000101_10,,m011001/m011001_10
forma,f59,0,u011091/u011091,,n000101/n000101,,,,sk000101/sk000101,,m011001/m011001,
forma,f59,1,u011001/u011002,u011001/u011001_10,n000101/n000101,,,,sk000101/sk000101,,m011001/m011001,
forma,f59,2,u011091/u011093,,n000101/n000103,,,,sk000101/sk000103,,m011001/m011003,
forma,f59,4,u011091/u011095,,n000101/n000105,,,,sk000101/sk000105,,m011001/m011005,
ropa,u011091_10,,f59,u011091/u011091_10,,n000101/n000101_10,,,,sk000101/sk000101_10,,m011001/m011001_10
forma,f60,0,u011091/u011091,,n000101/n000101,,,,sk000101/sk000101,,m011001/m011001,
forma,f60,1,u011001/u011002,u011001/u011001_20,n000101/n000102,,,,sk000101/sk000102,,m011001/m011002,
forma,f60,2,u011091/u011093,,n000101/n000103,,,,sk000101/sk000103,,m011001/m011003,
forma,f60,4,u011091/u011095,,n000101/n000105,,,,sk000101/sk000105,,m011001/m011005,
ropa,u011091_20,,f60,u011091/u011091_20,,n000101/n000101_10,,,,sk000101/sk000101_10,,m011001/m011001_10
ropa,u011101_10,,f47,u002101/u011101_10,,n000101/n000101_10,FECB00FF,050505FF,,sk000101/sk000101_10,,m000101/m011101_10
ropa,u011101_10_blyR,,f48,u002101/u011101_10,,n000101/n000101_10,,,,sk090101/sk090101_10,,m000101/m011101_10
ropa,u011101_10_dam,,f49,u002101/u011101_10,,n000101/n000101_10,,,,sk000701/sk000701_10,,m000101/m011101_10
ropa,u011101_10_fld,,f50,u002101/u011101_10,,n000101/n000101_10,,,,sk000101/sk000101_10,,m000101/m011101_10
ropa,u011101_10_slv,,f51,u002101/u011101_10,,n000101/n000101_10,,,,sk000501/sk000501_10,,m000101/m011101_10
ropa,u011101_20,,f47,u002101/u011101_20,,n000101/n000101_10,CE1A1BFF,050505FF,,sk000101/sk000101_10,,m000101/m011101_20
ropa,u011101_20_blyR,,f48,u002101/u011101_20,,n000101/n000101_10,,,,sk090101/sk090101_10,,m000101/m011101_20
ropa,u011101_20_dam,,f49,u002101/u011101_20,,n000101/n000101_10,,,,sk000701/sk000701_10,,m000101/m011101_20
ropa,u011101_20_fld,,f50,u002101/u011101_20,,n000101/n000101_10,,,,sk000101/sk000101_10,,m000101/m011101_20
ropa,u011101_20_slv,,f51,u002101/u011101_20,,n000101/n000101_10,,,,sk000501/sk000501_10,,m000101/m011101_20
ropa,u011151_10,,f33,u000201/u011151_10,,n000101/n000101_10,E1D3B8FF,050505FF,,sk000201/sk000201_10,,m000101/m011101_10
ropa,u011151_10_blyR,,f34,u000201/u011151_10,,n000101/n000101_10,,,,sk090201/sk090201_10,,m000101/m011101_10
ropa,u011151_10_lsa,,f35,u000201/u011151_10,,n000101/n000101_10,,,,sk000901/sk000901_10,,m000101/m011101_10
ropa,u011151_10_lse,,f36,u000201/u011151_10,,n000101/n000101_10,,,,sk000801/sk000801_10,,m000101/m011101_10
ropa,u011151_20,,f33,u000201/u011151_20,,n000101/n000101_10,E1D3B8FF,050505FF,,sk000201/sk000201_10,,m000101/m011101_20
ropa,u011151_20_blyR,,f34,u000201/u011151_20,,n000101/n000101_10,,,,sk090201/sk090201_10,,m000101/m011101_20
ropa,u011151_20_lsa,,f35,u000201/u011151_20,,n000101/n000101_10,,,,sk000901/sk000901_10,,m000101/m011101_20
ropa,u011151_20_lse,,f36,u000201/u011151_20,,n000101/n000101_10,,,,sk000801/sk000801_10,,m000101/m011101_20
ropa,u011201_10,,f18,u000101/u011201_10,,n000101/n000101_10,42617EFF,050505FF,,sk000101/sk000101_10,,m000101/m011201_10
ropa,u011201_10_blyR,,f19,u000101/u011201_10,,n000101/n000101_10,,,,sk090101/sk090101_10,,m000101/m011201_10
ropa,u011201_10_dam,,f20,u000101/u011201_10,,n000101/n000101_10,,,,sk000701/sk000701_10,,m000101/m011201_10
ropa,u011201_10_fld,,f22,u000101/u011201_10,,n000101/n000101_10,,,,sk000101/sk000101_10,,m000101/m011201_10
ropa,u011201_10_slv,,f23,u000101/u011201_10,,n000101/n000101_10,,,,sk000501/sk000501_10,,m000101/m011201_10
ropa,u011201_20,,f18,u000101/u011201_20,,n000101/n000101_10,8A956AFF,050505FF,,sk000101/sk000101_10,,m000101/m011201_20
ropa,u011201_20_blyR,,f19,u000101/u011201_20,,n000101/n000101_10,,,,sk090101/sk090101_10,,m000101/m011201_20
ropa,u011201_20_dam,,f20,u000101/u011201_20,,n000101/n000101_10,,,,sk000701/sk000701_10,,m000101/m011201_20
ropa,u011201_20_fld,,f22,u000101/u011201_20,,n000101/n000101_10,,,,sk000101/sk000101_10,,m000101/m011201_20
ropa,u011201_20_slv,,f23,u000101/u011201_20,,n000101/n000101_10,,,,sk000501/sk000501_10,,m000101/m011201_20
ropa,u011251_10,,f33,u000201/u011251_10,,n000101/n000101_10,DDD3B8FF,050505FF,,sk000201/sk000201_10,,m000101/m011201_10
ropa,u011251_10_blyR,,f34,u000201/u011251_10,,n000101/n000101_10,,,,sk090201/sk090201_10,,m000101/m011201_10
ropa,u011251_10_lsa,,f35,u000201/u011251_10,,n000101/n000101_10,,,,sk000901/sk000901_10,,m000101/m011201_10
ropa,u011251_10_lse,,f36,u000201/u011251_10,,n000101/n000101_10,,,,sk000801/sk000801_10,,m000101/m011201_10
ropa,u011251_20,,f33,u000201/u011251_20,,n000101/n000101_10,303030FF,050505FF,,sk000201/sk000201_10,,m000101/m011201_20
ropa,u011251_20_blyR,,f34,u000201/u011251_20,,n000101/n000101_10,,,,sk090201/sk090201_10,,m000101/m011201_20
ropa,u011251_20_lsa,,f35,u000201/u011251_20,,n000101/n000101_10,,,,sk000901/sk000901_10,,m000101/m011201_20
ropa,u011251_20_lse,,f36,u000201/u011251_20,,n000101/n000101_10,,,,sk000801/sk000801_10,,m000101/m011201_20
ropa,u011301_10,,f18,u000101/u011301_10,,n000101/n000101_10,D7C7B7FF,050505FF,,sk000101/sk000101_10,,m000101/m011301_10
ropa,u011301_10_blyR,,f19,u000101/u011301_10,,n000101/n000101_10,,,,sk090101/sk090101_10,,m000101/m011301_10
ropa,u011301_10_dam,,f20,u000101/u011301_10,,n000101/n000101_10,,,,sk000701/sk000701_10,,m000101/m011301_10
ropa,u011301_10_fld,,f22,u000101/u011301_10,,n000101/n000101_10,,,,sk000101/sk000101_10,,m000101/m011301_10
ropa,u011301_10_slv,,f23,u000101/u011301_10,,n000101/n000101_10,,,,sk000501/sk000501_10,,m000101/m011301_10
ropa,u011301_20,,f18,u000101/u011301_20,,n000101/n000101_10,A17E2DFF,050505FF,,sk000101/sk000101_10,,m000101/m011301_20
ropa,u011301_20_blyR,,f19,u000101/u011301_20,,n000101/n000101_10,,,,sk090101/sk090101_10,,m000101/m011301_20
ropa,u011301_20_dam,,f20,u000101/u011301_20,,n000101/n000101_10,,,,sk000701/sk000701_10,,m000101/m011301_20
ropa,u011301_20_fld,,f22,u000101/u011301_20,,n000101/n000101_10,,,,sk000101/sk000101_10,,m000101/m011301_20
ropa,u011301_20_slv,,f23,u000101/u011301_20,,n000101/n000101_10,,,,sk000501/sk000501_10,,m000101/m011301_20
ropa,u011351_10,,f33,u000201/u011351_10,,n000101/n000101_10,E0D2B7FF,050505FF,,sk000201/sk000201_10,,m000101/m011301_10
ropa,u011351_10_blyR,,f34,u000201/u011351_10,,n000101/n000101_10,,,,sk090201/sk090201_10,,m000101/m011301_10
ropa,u011351_10_lsa,,f35,u000201/u011351_10,,n000101/n000101_10,,,,sk000901/sk000901_10,,m000101/m011301_10
ropa,u011351_10_lse,,f36,u000201/u011351_10,,n000101/n000101_10,,,,sk000801/sk000801_10,,m000101/m011301_10
ropa,u011351_20,,f33,u000201/u011351_20,,n000101/n000101_10,E0D2B7FF,050505FF,,sk000201/sk000201_10,,m000101/m011301_20
ropa,u011351_20_blyR,,f34,u000201/u011351_20,,n000101/n000101_10,,,,sk090201/sk090201_10,,m000101/m011301_10
ropa,u011351_20_lsa,,f35,u000201/u011351_20,,n000101/n000101_10,,,,sk000901/sk000901_10,,m000101/m011301_10
ropa,u011351_20_lse,,f36,u000201/u011351_20,,n000101/n000101_10,,,,sk000801/sk000801_10,,m000101/m011301_10
ropa,u011401_10,,f37,u003101/u011401_10,,n000101/n000101_10,D7C8A1FF,050505FF,,sk000101/sk000101_10,,m000101/m011401_10
ropa,u011401_10_blyR,,f38,u003101/u011401_10,,n000101/n000101_10,,,,sk090101/sk090101_10,,m000101/m011401_10
ropa,u011401_10_dam,,f39,u003101/u011401_10,,n000101/n000101_10,,,,sk000701/sk000701_10,,m000101/m011401_10
ropa,u011401_10_fld,,f40,u003101/u011401_10,,n000101/n000101_10,,,,sk000101/sk000101_10,,m000101/m011401_10
ropa,u011401_10_slv,,f41,u003101/u011401_10,,n000101/n000101_10,,,,sk000501/sk000501_10,,m000101/m011401_10
ropa,u011401_20,,f37,u003101/u011401_20,,n000101/n000101_10,3E314FFF,050505FF,,sk000101/sk000101_10,,m000101/m011401_20
ropa,u011401_20_blyR,,f38,u003101/u011401_20,,n000101/n000101_10,,,,sk090101/sk090101_10,,m000101/m011401_20
ropa,u011401_20_dam,,f39,u003101/u011401_20,,n000101/n000101_10,,,,sk000701/sk000701_10,,m000101/m011401_20
ropa,u011401_20_fld,,f40,u003101/u011401_20,,n000101/n000101_10,,,,sk000101/sk000101_10,,m000101/m011401_20
ropa,u011401_20_slv,,f41,u003101/u011401_20,,n000101/n000101_10,,,,sk000501/sk000501_10,,m000101/m011401_20
forma,f61,0,u003201/u003201,,n000101/n000101,,,,sk000201/sk000201,,m000201/m000201,
forma,f61,1,u003201/u003202,,n000101/n000102,,,,sk000201/sk000202,,m000201/m000202,
forma,f61,2,u003201/u003203,,n000101/n000103,,,,sk000201/sk000203,,m000201/m000203,
forma,f61,3,u003201/u003204,,n000101/n000104,,,,sk000201/sk000204,,m000201/m000204,
forma,f61,4,u003201/u003205,,n000101/n000105,,,,sk000201/sk000205,,m000201/m000205,
forma,f61,5,u003201/u003206,,n000101/n000106,,,,sk000201/sk000206,,m000201/m000206,
forma,f61,6,u003201/u003207,,n000101/n000107,,,,sk000201/sk000207,,m000201/m000207,
forma,f61,7,u003201/u003208,,n000101/n000108,,,,sk000201/sk000208,,m000201/m000208,
forma,f61,8,u003201/u003206,,n000101/n000106,,,,sk000201/sk000209,,m000201/m000206,
forma,f61,9,u003201/u003207,,n000101/n000107,,,,sk000201/sk000210,,m000201/m000207,
forma,f61,10,u003201/u003203,,n000101/n000103,,,,sk000201/sk000203,,m000201/m000203,
forma,f61,11,u003201/u003204,,n000101/n000104,,,,sk000201/sk000204,,m000201/m000204,
forma,f61,12,u003201/u003207,,n000101/n000107,,,,sk000201/sk000207,,m000201/m000207,
forma,f61,13,u003201/u003207,,n000101/n000107,,,,sk000201/sk000210,,m000201/m000207,
ropa,u011451_10,,f61,u003201/u011451_10,,n000101/n000101_10,E1D3B8FF,050505FF,,sk000201/sk000201_10,,m000101/m011401_10
forma,f62,1,u093201/u093202,,n000101/n000102,,,,sk090201/sk090202,,m000201/m000202,
ropa,u011451_10_blyR,,f62,u003201/u011451_10,,n000101/n000101_10,,,,sk090201/sk090201_10,,m000101/m011401_10
forma,f63,0,u093281/u093281,,n000101/n000101,,,,sk000901/sk000901,,m000201/m000201,
ropa,u011451_10_lsa,,f63,u003201/u011451_10,,n000101/n000101_10,,,,sk000901/sk000901_10,,m000101/m011401_10
forma,f64,0,u093271/u093271,,n000101/n000101,,,,sk000801/sk000801,,m000201/m000201,
forma,f64,4,u093271/u093275,,n000101/n000105,,,,sk000801/sk000805,,m000201/m000205,
ropa,u011451_10_lse,,f64,u003201/u011451_10,,n000101/n000101_10,,,,sk000801/sk000801_10,,m000101/m011401_10
ropa,u011451_20,,f61,u003201/u011451_20,,n000101/n000101_10,E1D3B8FF,050505FF,,sk000201/sk000201_10,,m000101/m011401_20
ropa,u011451_20_blyR,,f62,u003201/u011451_20,,n000101/n000101_10,,,,sk090201/sk090201_10,,m000101/m011401_20
ropa,u011451_20_lsa,,f63,u003201/u011451_20,,n000101/n000101_10,,,,sk000901/sk000901_10,,m000101/m011401_20
ropa,u011451_20_lse,,f64,u003201/u011451_20,,n000101/n000101_10,,,,sk000801/sk000801_10,,m000101/m011401_20
forma,f65,0,u015101/u015101,,,,,,sk000301/sk000301,,,
forma,f65,1,u015101/u015102,u015101/u015101_21,,,,,,,,
forma,f65,2,u015101/u015103,,,,,,sk000301/sk000303,,,
forma,f65,3,u015101/u015104,,,,,,sk000301/sk000304,,,
forma,f65,4,u015101/u015105,,,,,,sk000301/sk000305,,,
forma,f65,5,u015101/u015106,,,,,,sk000301/sk000306,,,
forma,f65,6,u015101/u015107,,,,,,sk000301/sk000307,,,
forma,f65,7,u015101/u015108,,,,,,sk000301/sk000308,,,
ropa,u015101_10,,f65,u015101/u015101_10,,,,,,sk000301/sk000301_10,,
forma,f66,0,u015101/u015101,,,,,,sk000301/sk000301,,,
forma,f66,1,u015101/u015102,u015101/u015101_22,,,,,,,,
forma,f66,2,u015101/u015103,,,,,,sk000301/sk000303,,,
forma,f66,3,u015101/u015104,,,,,,sk000301/sk000304,,,
forma,f66,4,u015101/u015105,,,,,,sk000301/sk000305,,,
forma,f66,5,u015101/u015106,,,,,,sk000301/sk000306,,,
forma,f66,6,u015101/u015107,,,,,,sk000301/sk000307,,,
forma,f66,7,u015101/u015108,,,,,,sk000301/sk000308,,,
ropa,u015101_20,,f66,u015101/u015101_10,,,,,,sk000301/sk000301_10,,
forma,f67,0,u015101/u015101,,,,,,sk000301/sk000301,,,
forma,f67,1,u015101/u015102,u015101/u015101_23,,,,,,,,
forma,f67,2,u015101/u015103,,,,,,sk000301/sk000303,,,
forma,f67,3,u015101/u015104,,,,,,sk000301/sk000304,,,
forma,f67,4,u015101/u015105,,,,,,sk000301/sk000305,,,
forma,f67,5,u015101/u015106,,,,,,sk000301/sk000306,,,
forma,f67,6,u015101/u015107,,,,,,sk000301/sk000307,,,
forma,f67,7,u015101/u015108,,,,,,sk000301/sk000308,,,
ropa,u015101_30,,f67,u015101/u015101_10,,,,,,sk000301/sk000301_10,,
forma,f68,0,u015101/u015101,,,,,,,,,
forma,f68,1,u015101/u015102,u015101/u015101_20,,,,,,,,
ropa,u015101_40,,f68,u015101/u015101_10,,,,,,,,
forma,f69,1,u015201/u015202,,,,,,sk000301/sk000302,,,
ropa,u015201_20,,f69,u015201/u015202_20,,,,,,sk000301/sk000301_10,,
ropa,u015201_40,,f69,u015201/u015202_40,,,,,,sk000301/sk000301_10,,
forma,f70,1,u015301/u015302,,,,,,sk002901/sk002902,,,
ropa,u015301_10,,f70,u015301/u015302_10,,,,,,sk000901/sk000901_10,,
forma,f71,0,u015401/u015401,,,,,,,,,
ropa,u015401_10,,f71,u015401/u015401,,,,,,,,
forma,f72,0,u017101/u017101,,,,,,sk000301/sk000301,,,
forma,f72,1,,,,,,,,,,
forma,f72,2,,,,,,,,,,
forma,f72,3,,,,,,,,,,
forma,f72,4,u017101/u017105,,,,,,sk000301/sk000305,,,
forma,f72,5,,,,,,,,,,
forma,f72,6,u017101/u017107,,,,,,sk000301/sk000307,,,
forma,f72,7,,,,,,,,,,
forma,f72,8,,,,,,,,,,
forma,f72,9,u017101/u017107,,,,,,sk000301/sk000310,,,
forma,f72,10,,,,,,,,,,
forma,f72,11,,,,,,,,,,
forma,f72,12,u017101/u017107,,,,,,sk000301/sk000307,,,
forma,f72,13,u017101/u017107,,,,,,sk000301/sk000310,,,
ropa,u017101_10,,f72,u017101/u017101_10,,,,,,sk000301/sk000301_10,,
forma,f73,1,u017201/u017201,,,,,,,,,
ropa,u017201_10,,f73,u017201/u017201_10,,,,,,,,
forma,f74,0,u020101/u020101,,,,,,sk000301/sk000301,,,
forma,f74,1,u020101/u020102,,,,,,sk000301/sk000302,,,
forma,f74,2,u020101/u020103,,,,,,sk000301/sk000303,,,
forma,f74,3,u020101/u020104,,,,,,sk000301/sk000304,,,
forma,f74,4,u020101/u020105,,,,,,sk000301/sk000305,,,
forma,f74,5,u020101/u020106,,,,,,sk000301/sk000306,,,
forma,f74,6,u020101/u020107,,,,,,sk000301/sk000307,,,
forma,f74,7,u020101/u020108,,,,,,sk000301/sk000308,,,
forma,f74,8,u020101/u020106,,,,,,sk000301/sk000309,,,
forma,f74,9,u020101/u020107,,,,,,sk000301/sk000310,,,
forma,f74,10,u020101/u020103,,,,,,sk000301/sk000303,,,
forma,f74,11,u020101/u020104,,,,,,sk000301/sk000304,,,
forma,f74,12,u020101/u020107,,,,,,sk000301/sk000307,,,
forma,f74,13,u020101/u020107,,,,,,sk000301/sk000310,,,
ropa,u020101_10,,f74,u020101/u020101_10,,,,,,sk000301/sk000301_10,,
ropa,u020101_20,,f74,u020101/u020101_20,,,,,,sk000301/sk000301_10,,
forma,f75,0,u020151/u020151,,,,,,sk000201/sk000201,,,
forma,f75,1,u020151/u020152,,,,,,sk000201/sk000202,,,
forma,f75,2,u020151/u020153,,,,,,sk000201/sk000203,,,
forma,f75,3,u020151/u020154,,,,,,sk000201/sk000204,,,
forma,f75,4,u020151/u020155,,,,,,sk000201/sk000205,,,
forma,f75,5,u020151/u020156,,,,,,sk000201/sk000206,,,
forma,f75,6,u020151/u020157,,,,,,sk000201/sk000207,,,
forma,f75,7,u020151/u020158,,,,,,sk000201/sk000208,,,
forma,f75,8,u020151/u020156,,,,,,sk000201/sk000209,,,
forma,f75,9,u020151/u020157,,,,,,sk000201/sk000210,,,
forma,f75,10,u020151/u020153,,,,,,sk000201/sk000203,,,
forma,f75,11,u020151/u020154,,,,,,sk000201/sk000204,,,
forma,f75,12,u020151/u020157,,,,,,sk000201/sk000207,,,
forma,f75,13,u020151/u020157,,,,,,sk000201/sk000210,,,
ropa,u020151_10,,f75,u020151/u020151_10,,,,,,sk000201/sk000201_10,,
ropa,u020151_20,,f75,u020151/u020151_20,,,,,,sk000201/sk000201_10,,
forma,f76,0,u000201/u000201,,n000101/n000101,,,,sk000301/sk000301,,m000201/m000201,
forma,f76,1,u000201/u000202,,n000101/n000102,,,,sk000301/sk000302,,m000201/m000202,
forma,f76,2,u000201/u000203,,n000101/n000103,,,,sk000301/sk000303,,m000201/m000203,
forma,f76,3,u000201/u000204,,n000101/n000104,,,,sk000301/sk000304,,m000201/m000204,
forma,f76,4,u000201/u000205,,n000101/n000105,,,,sk000301/sk000305,,m000201/m000205,
forma,f76,5,u000201/u000206,,n000101/n000106,,,,sk000301/sk000306,,m000201/m000206,
forma,f76,6,u000201/u000207,,n000101/n000107,,,,sk000301/sk000307,,m000201/m000207,
forma,f76,7,u000201/u000208,,n000101/n000108,,,,sk000301/sk000308,,m000201/m000208,
forma,f76,8,u000201/u000206,,n000101/n000106,,,,sk000301/sk000309,,m000201/m000206,
forma,f76,9,u000201/u000207,,n000101/n000107,,,,sk000301/sk000310,,m000201/m000207,
forma,f76,10,u000201/u000203,,n000101/n000103,,,,sk000301/sk000303,,m000201/m000203,
forma,f76,11,u000201/u000204,,n000101/n000104,,,,sk000301/sk000304,,m000201/m000204,
forma,f76,12,u000201/u000207,,n000101/n000107,,,,sk000301/sk000307,,m000201/m000207,
forma,f76,13,u000201/u000207,,n000101/n000107,,,,sk000301/sk000310,,m000201/m000207,
ropa,u020201_10,,f76,u000201/u020201_10,,n000101/n000101_10,4E6479FF,050505FF,,sk000101/sk000101_10,,m000101/m020201_10
forma,f77,1,u090201/u090202,,n000101/n000102,,,,sk090301/sk090302,,m000201/m000202,
ropa,u020201_10_blyR,,f77,u000201/u020201_10,,n000101/n000101_10,,,,sk090301/sk090301_10,,m000101/m020201_10
forma,f78,0,u090281/u090281,,n000101/n000101,,,,sk002901/sk002901,,m000201/m000201,
ropa,u020201_10_lsa,,f78,u000201/u020201_10,,n000101/n000101_10,,,,sk002901/sk002901_10,,m000101/m020201_10
forma,f79,0,u090271/u090271,,n000101/n000101,,,,sk002801/sk002801,,m000201/m000201,
forma,f79,4,u090271/u090275,,n000101/n000105,,,,sk002801/sk002805,,m000201/m000205,
ropa,u020201_10_lse,,f79,u000201/u020201_10,,n000101/n000101_10,,,,sk002801/sk002801_10,,m000101/m020201_10
ropa,u020201_20,,f76,u000201/u020201_20,,n000101/n000101_10,EEF9FFFF,050505FF,,sk000101/sk000101_10,,m000101/m020201_20
ropa,u020201_20_blyR,,f77,u000201/u020201_20,,n000101/n000101_10,,,,sk090301/sk090301_10,,m000101/m020201_20
ropa,u020201_20_lsa,,f78,u000201/u020201_20,,n000101/n000101_10,,,,sk002901/sk002901_10,,m000101/m020201_20
ropa,u020201_20_lse,,f79,u000201/u020201_20,,n000101/n000101_10,,,,sk002801/sk002801_10,,m000101/m020201_20
forma,f80,1,u001301/u001302,,n02023100/n02023100,,,,sk000101/sk000102,,,
ropa,u02023100,,f80,u001301/u030101_10,,n02023100/n02023100,,,,sk000101/sk000101_10,,
ropa,u020251_10,,f33,u000201/u020251_10,,n000101/n000101_10,E8E9DBFF,050505FF,,sk000201/sk000201_10,,m000101/m020201_10
ropa,u020251_10_blyR,,f34,u000201/u020251_10,,n000101/n000101_10,,,,sk090201/sk090201_10,,m000101/m020201_10
ropa,u020251_10_lsa,,f35,u000201/u020251_10,,n000101/n000101_10,,,,sk000901/sk000901_10,,m000101/m020201_10
ropa,u020251_10_lse,,f36,u000201/u020251_10,,n000101/n000101_10,,,,sk000801/sk000801_10,,m000101/m020201_10
ropa,u020251_20,,f33,u000201/u020251_20,,n000101/n000101_10,FF8168FF,050505FF,,sk000201/sk000201_10,,m000101/m020201_20
ropa,u020251_20_blyR,,f34,u000201/u020251_20,,n000101/n000101_10,,,,sk090201/sk090201_10,,m000101/m020201_20
ropa,u020251_20_lsa,,f35,u000201/u020251_20,,n000101/n000101_10,,,,sk000901/sk000901_10,,m000101/m020201_20
ropa,u020251_20_lse,,f36,u000201/u020251_20,,n000101/n000101_10,,,,sk000801/sk000801_10,,m000101/m020201_20
forma,f81,0,u020301/u020301,,n000101/n000101,,,,sk000101/sk000101,,m000101/m000101,
forma,f81,1,u020301/u020302,u020301/u020302_10,n000101/n000102,,,,sk000201/sk000202,sk000201/sk000201_10,m000201/m000202,
forma,f81,2,u020301/u020303,,n000101/n000103,,,,sk000101/sk000103,,m000101/m000103,
forma,f81,3,u020301/u020304,,n000101/n000104,,,,sk000101/sk000104,,m000101/m000104,
forma,f81,4,u020301/u020305,,n000101/n000105,,,,sk000101/sk000105,,m000101/m000105,
forma,f81,5,u020301/u020306,,n000101/n000106,,,,sk000101/sk000106,,m000101/m000106,
forma,f81,6,u020301/u020307,,n000101/n000107,,,,sk000101/sk000107,,m000101/m000107,
forma,f81,7,u020301/u020308,,n000101/n000108,,,,sk000101/sk000108,,m000101/m000108,
forma,f81,8,u020301/u020306,,n000101/n000106,,,,sk000101/sk000109,,m000101/m000106,
forma,f81,9,u020301/u020307,,n000101/n000107,,,,sk000101/sk000110,,m000101/m000107,
forma,f81,10,u020301/u020323,u020301/u020302_10,n000101/n000103,,,,sk000201/sk000203,sk000201/sk000201_10,m000201/m000203,
forma,f81,11,u020301/u020324,u020301/u020302_10,n000101/n000104,,,,sk000201/sk000204,,m000201/m000204,
forma,f81,12,u020301/u020327,u020301/u020302_10,n000101/n000107,,,,sk000201/sk000207,,m000201/m000207,
forma,f81,13,u020301/u020327,u020301/u020302_10,n000101/n000107,,,,sk000201/sk000210,,m000201/m000207,
forma,f81,14,u020301/u020325,u020301/u020302_10,n000101/n000105,,,,sk000201/sk000205,,m000201/m000205,
forma,f81,15,u020301/u020328,u020301/u020302_10,n000101/n000108,,,,sk000201/sk000208,,m000201/m000208,
forma,f81,16,u020301/u020326,u020301/u020302_10,n000101/n000106,,,,sk000201/sk000206,,m000201/m000206,
forma,f81,17,u020301/u020326,u020301/u020302_10,n000101/n000106,,,,sk000201/sk000209,,m000201/m000206,
ropa,u020301_10,,f81,u020301/u020301_10,,n000101/n000101_10,DBCCB5FF,000000FF,,sk000101/sk000101_10,,m000101/m020301_10
forma,f82,6,u920321/u920327,,n000101/n000107,,,,sk000701/sk000707,,m000101/m000107,
ropa,u020301_10_dam,,f82,u020301/u020301_10,,n000101/n000101_10,,,,sk000701/sk000701_10,,m000101/m020301_10
forma,f83,0,u920311/u920311,,n000101/n000101,,,,sk000101/sk000101,,m090151/m090151,
ropa,u020301_10_fld,,f83,u020301/u020301_10,,n000101/n000101_10,,,,sk000101/sk000101_10,,m000101/m020301_10
forma,f84,0,u020311/u020311,,n000101/n000101,,,,sk000501/sk000501,,m000101/m000101,
forma,f84,5,u020311/u020316,,n000101/n000106,,,,sk000501/sk000506,,m000101/m000106,
ropa,u020301_10_slv,,f84,u020301/u020301_10,,n000101/n000101_10,,,,sk000501/sk000501_10,,m000101/m020301_10
forma,f85,0,u020301/u020301,,n000101/n000101,,,,sk000101/sk000101,,m000101/m000101,
forma,f85,1,u020301/u020302,u020301/u020302_20,n000101/n000102,,,,sk000201/sk000202,sk000201/sk000201_10,m000201/m000202,
forma,f85,2,u020301/u020303,,n000101/n000103,,,,sk000101/sk000103,,m000101/m000103,
forma,f85,3,u020301/u020304,,n000101/n000104,,,,sk000101/sk000104,,m000101/m000104,
forma,f85,4,u020301/u020305,,n000101/n000105,,,,sk000101/sk000105,,m000101/m000105,
forma,f85,5,u020301/u020306,,n000101/n000106,,,,sk000101/sk000106,,m000101/m000106,
forma,f85,6,u020301/u020307,,n000101/n000107,,,,sk000101/sk000107,,m000101/m000107,
forma,f85,7,u020301/u020308,,n000101/n000108,,,,sk000101/sk000108,,m000101/m000108,
forma,f85,8,u020301/u020306,,n000101/n000106,,,,sk000101/sk000109,,m000101/m000106,
forma,f85,9,u020301/u020307,,n000101/n000107,,,,sk000101/sk000110,,m000101/m000107,
forma,f85,10,u020301/u020323,u020301/u020302_20,n000101/n000103,,,,sk000201/sk000203,sk000201/sk000201_10,m000201/m000203,
forma,f85,11,u020301/u020324,u020301/u020302_20,n000101/n000104,,,,sk000201/sk000204,,m000201/m000204,
forma,f85,12,u020301/u020327,u020301/u020302_20,n000101/n000107,,,,sk000201/sk000207,,m000201/m000207,
forma,f85,13,u020301/u020327,u020301/u020302_20,n000101/n000107,,,,sk000201/sk000210,,m000201/m000207,
forma,f85,14,u020301/u020325,u020301/u020302_20,n000101/n000105,,,,sk000201/sk000205,,m000201/m000205,
forma,f85,15,u020301/u020328,u020301/u020302_20,n000101/n000108,,,,sk000201/sk000208,,m000201/m000208,
forma,f85,16,u020301/u020326,u020301/u020302_20,n000101/n000106,,,,sk000201/sk000206,,m000201/m000206,
forma,f85,17,u020301/u020326,u020301/u020302_20,n000101/n000106,,,,sk000201/sk000209,,m000201/m000206,
ropa,u020301_20,,f85,u020301/u020301_20,,n000101/n000101_10,E3E0DBFF,000000FF,,sk000101/sk000101_10,,m000101/m020301_10
ropa,u020301_20_dam,,f82,u020301/u020301_20,,n000101/n000101_10,,,,sk000701/sk000701_10,,m000101/m020301_10
ropa,u020301_20_fld,,f83,u020301/u020301_20,,n000101/n000101_10,,,,sk000101/sk000101_10,,m000101/m020301_10
ropa,u020301_20_slv,,f84,u020301/u020301_20,,n000101/n000101_10,,,,sk000501/sk000501_10,,m000101/m020301_10
forma,f86,0,u020351/u020351,,n000101/n000101,,,,sk000201/sk000201,,m000201/m000201,
forma,f86,1,u020351/u020352,u020351/u020352_10,n000101/n000102,,,,sk000201/sk000202,,m000201/m000202,
forma,f86,2,u020351/u020353,,n000101/n000103,,,,sk000201/sk000203,,m000201/m000203,
forma,f86,3,u020351/u020354,,n000101/n000104,,,,sk000201/sk000204,,m000201/m000204,
forma,f86,4,u020351/u020355,,n000101/n000105,,,,sk000201/sk000205,,m000201/m000205,
forma,f86,5,u020351/u020356,,n000101/n000106,,,,sk000201/sk000206,,m000201/m000206,
forma,f86,6,u020351/u020357,,n000101/n000107,,,,sk000201/sk000207,,m000201/m000207,
forma,f86,7,u020351/u020358,,n000101/n000108,,,,sk000201/sk000208,,m000201/m000208,
forma,f86,8,u020351/u020356,,n000101/n000106,,,,sk000201/sk000209,,m000201/m000206,
forma,f86,9,u020351/u020357,,n000101/n000107,,,,sk000201/sk000210,,m000201/m000207,
forma,f86,10,u020351/u020373,u020351/u020352_10,n000101/n000103,,,,sk000201/sk000203,,m000201/m000203,
forma,f86,11,u020351/u020374,u020351/u020352_10,n000101/n000104,,,,sk000201/sk000204,,m000201/m000204,
forma,f86,12,u020351/u020377,u020351/u020352_10,n000101/n000107,,,,sk000201/sk000207,,m000201/m000207,
forma,f86,13,u020351/u020377,u020351/u020352_10,n000101/n000107,,,,sk000201/sk000210,,m000201/m000207,
forma,f86,14,u020351/u020375,u020351/u020352_10,n000101/n000105,,,,sk000201/sk000205,,m000201/m000205,
forma,f86,15,u020351/u020378,u020351/u020352_10,n000101/n000108,,,,sk000201/sk000208,,m000201/m000208,
forma,f86,16,u020351/u020376,u020351/u020352_10,n000101/n000106,,,,sk000201/sk000206,,m000201/m000206,
forma,f86,17,u020351/u020376,u020351/u020352_10,n000101/n000106,,,,sk000201/sk000209,,m000201/m000206,
ropa,u020351_10,,f86,u020351/u020351_10,,n000101/n000101_10,DBCCB5FF,000000FF,,sk000201/sk000201_10,,m000101/m020301_10
forma,f87,0,u020351/u020351,,n000101/n000101,,,,sk000201/sk000201,,m000201/m000201,
forma,f87,1,u020351/u020352,u020351/u020352_20,n000101/n000102,,,,sk000201/sk000202,,m000201/m000202,
forma,f87,2,u020351/u020353,,n000101/n000103,,,,sk000201/sk000203,,m000201/m000203,
forma,f87,3,u020351/u020354,,n000101/n000104,,,,sk000201/sk000204,,m000201/m000204,
forma,f87,4,u020351/u020355,,n000101/n000105,,,,sk000201/sk000205,,m000201/m000205,
forma,f87,5,u020351/u020356,,n000101/n000106,,,,sk000201/sk000206,,m000201/m000206,
forma,f87,6,u020351/u020357,,n000101/n000107,,,,sk000201/sk000207,,m000201/m000207,
forma,f87,7,u020351/u020358,,n000101/n000108,,,,sk000201/sk000208,,m000201/m000208,
forma,f87,8,u020351/u020356,,n000101/n000106,,,,sk000201/sk000209,,m000201/m000206,
forma,f87,9,u020351/u020357,,n000101/n000107,,,,sk000201/sk000210,,m000201/m000207,
forma,f87,10,u020351/u020373,u020351/u020352_20,n000101/n000103,,,,sk000201/sk000203,,m000201/m000203,
forma,f87,11,u020351/u020374,u020351/u020352_20,n000101/n000104,,,,sk000201/sk000204,,m000201/m000204,
forma,f87,12,u020351/u020377,u020351/u020352_20,n000101/n000107,,,,sk000201/sk000207,,m000201/m000207,
forma,f87,13,u020351/u020377,u020351/u020352_20,n000101/n000107,,,,sk000201/sk000210,,m000201/m000207,
forma,f87,14,u020351/u020375,u020351/u020352_20,n000101/n000105,,,,sk000201/sk000205,,m000201/m000205,
forma,f87,15,u020351/u020378,u020351/u020352_20,n000101/n000108,,,,sk000201/sk000208,,m000201/m000208,
forma,f87,16,u020351/u020376,u020351/u020352_20,n000101/n000106,,,,sk000201/sk000206,,m000201/m000206,
forma,f87,17,u020351/u020376,u020351/u020352_20,n000101/n000106,,,,sk000201/sk000209,,m000201/m000206,
ropa,u020351_20,,f87,u020351/u020351_20,,n000101/n000101_10,C96100FF,000000FF,,sk000201/sk000201_10,,m000101/m020301_10
ropa,u020401_10,,f47,u002101/u020401_10,,n000101/n000101_10,E6E6DAFF,050505FF,,sk000101/sk000101_10,,m000101/m020401_10
ropa,u020401_10_blyR,,f48,u002101/u020401_10,,n000101/n000101_10,,,,sk090101/sk090101_10,,m000101/m020401_10
ropa,u020401_10_dam,,f49,u002101/u020401_10,,n000101/n000101_10,,,,sk000701/sk000701_10,,m000101/m020401_10
ropa,u020401_10_fld,,f50,u002101/u020401_10,,n000101/n000101_10,,,,sk000101/sk000101_10,,m000101/m020401_10
ropa,u020401_10_slv,,f51,u002101/u020401_10,,n000101/n000101_10,,,,sk000501/sk000501_10,,m000101/m020401_10
ropa,u020401_20,,f47,u002101/u020401_20,,n000101/n000101_10,E7E9DCFF,050505FF,,sk000101/sk000101_10,,m000101/m020401_20
ropa,u020401_20_blyR,,f48,u002101/u020401_20,,n000101/n000101_10,,,,sk090101/sk090101_10,,m000101/m020401_20
ropa,u020401_20_dam,,f49,u002101/u020401_20,,n000101/n000101_10,,,,sk000701/sk000701_10,,m000101/m020401_20
ropa,u020401_20_fld,,f50,u002101/u020401_20,,n000101/n000101_10,,,,sk000101/sk000101_10,,m000101/m020401_20
ropa,u020401_20_slv,,f51,u002101/u020401_20,,n000101/n000101_10,,,,sk000501/sk000501_10,,m000101/m020401_20
forma,f88,0,u002201/u002201,,n000101/n000101,,,,sk000201/sk000201,,m000201/m000201,
forma,f88,1,u002201/u002202,,n000101/n000102,,,,sk000201/sk000202,,m000201/m000202,
forma,f88,2,u002201/u002203,,n000101/n000103,,,,sk000201/sk000203,,m000201/m000203,
forma,f88,3,u002201/u002204,,n000101/n000104,,,,sk000201/sk000204,,m000201/m000204,
forma,f88,4,u002201/u002205,,n000101/n000105,,,,sk000201/sk000205,,m000201/m000205,
forma,f88,5,u002201/u002206,,n000101/n000106,,,,sk000201/sk000206,,m000201/m000206,
forma,f88,6,u002201/u002207,,n000101/n000107,,,,sk000201/sk000207,,m000201/m000207,
forma,f88,7,u002201/u002208,,n000101/n000108,,,,sk000201/sk000208,,m000201/m000208,
forma,f88,8,u002201/u002206,,n000101/n000106,,,,sk000201/sk000209,,m000201/m000206,
forma,f88,9,u002201/u002207,,n000101/n000107,,,,sk000201/sk000210,,m000201/m000207,
forma,f88,10,u002201/u002203,,n000101/n000103,,,,sk000201/sk000203,,m000201/m000203,
forma,f88,11,u002201/u002204,,n000101/n000104,,,,sk000201/sk000204,,m000201/m000204,
forma,f88,12,u002201/u002207,,n000101/n000107,,,,sk000201/sk000207,,m000201/m000207,
forma,f88,13,u002201/u002207,,n000101/n000107,,,,sk000201/sk000210,,m000201/m000207,
ropa,u020451_10,,f88,u002201/u020451_10,,n000101/n000101_10,E6E6DAFF,050505FF,,sk000201/sk000201_10,,m000101/m020401_10
forma,f89,1,u092201/u092202,,n000101/n000102,,,,sk090201/sk090202,,m000201/m000202,
ropa,u020451_10_blyR,,f89,u002201/u020451_10,,n000101/n000101_10,,,,sk090201/sk090201_10,,m000101/m020401_10
forma,f90,0,u092281/u092281,,n000101/n000101,,,,sk000901/sk000901,,m000201/m000201,
ropa,u020451_10_lsa,,f90,u002201/u020451_10,,n000101/n000101_10,,,,sk000901/sk000901_10,,m000101/m020401_10
forma,f91,0,u092271/u092271,,n000101/n000101,,,,sk000801/sk000801,,m000201/m000201,
forma,f91,4,u092271/u092275,,n000101/n000105,,,,sk000801/sk000805,,m000201/m000205,
ropa,u020451_10_lse,,f91,u002201/u020451_10,,n000101/n000101_10,,,,sk000801/sk000801_10,,m000101/m020401_10
ropa,u020451_20,,f88,u002201/u020451_20,,n000101/n000101_10,E8E4E1FF,050505FF,,sk000201/sk000201_10,,m000101/m020401_20
ropa,u020451_20_blyR,,f89,u002201/u020451_20,,n000101/n000101_10,,,,sk090201/sk090201_10,,m000101/m020401_20
ropa,u020451_20_lsa,,f90,u002201/u020451_20,,n000101/n000101_10,,,,sk000901/sk000901_10,,m000101/m020401_20
ropa,u020451_20_lse,,f91,u002201/u020451_20,,n000101/n000101_10,,,,sk000801/sk000801_10,,m000101/m020401_20
ropa,u020501_10,,f18,u000101/u020501_10,,n000101/n000101_10,D6DCC9FF,050505FF,,sk000101/sk000101_10,,m000101/m020501_10
ropa,u020501_10_blyR,,f19,u000101/u020501_10,,n000101/n000101_10,,,,sk090101/sk090101_10,,m000101/m020501_10
ropa,u020501_10_dam,,f20,u000101/u020501_10,,n000101/n000101_10,,,,sk000701/sk000701_10,,m000101/m020501_10
ropa,u020501_10_fld,,f22,u000101/u020501_10,,n000101/n000101_10,,,,sk000101/sk000101_10,,m000101/m020501_10
ropa,u020501_10_slv,,f23,u000101/u020501_10,,n000101/n000101_10,,,,sk000501/sk000501_10,,m000101/m020501_10
ropa,u020501_20,,f18,u000101/u020501_20,,n000101/n000101_10,435D50FF,050505FF,,sk000101/sk000101_10,,m000101/m020501_20
ropa,u020501_20_blyR,,f19,u000101/u020501_20,,n000101/n000101_10,,,,sk090101/sk090101_10,,m000101/m020501_20
ropa,u020501_20_dam,,f20,u000101/u020501_20,,n000101/n000101_10,,,,sk000701/sk000701_10,,m000101/m020501_20
ropa,u020501_20_fld,,f22,u000101/u020501_20,,n000101/n000101_10,,,,sk000101/sk000101_10,,m000101/m020501_20
ropa,u020501_20_slv,,f23,u000101/u020501_20,,n000101/n000101_10,,,,sk000501/sk000501_10,,m000101/m020501_20
ropa,u020551_10,,f24,u000301/u020551_10,,n000101/n000101_10,D6DCC9FF,050505FF,,sk000201/sk000201_10,,m000101/m020501_10
ropa,u020551_10_blyR,,f25,u000301/u020551_10,,n000101/n000101_10,,,,sk090201/sk090201_10,,m000101/m020501_10
ropa,u020551_10_lsa,,f26,u000301/u020551_10,,n000101/n000101_10,,,,sk000901/sk000901_10,,m000101/m020501_10
ropa,u020551_10_lse,,f27,u000301/u020551_10,,n000101/n000101_10,,,,sk000801/sk000801_10,,m000101/m020501_10
ropa,u020551_20,,f24,u000301/u020551_20,,n000101/n000101_10,E8E8EAFF,050505FF,,sk000201/sk000201_10,,m000101/m020501_20
ropa,u020551_20_blyR,,f25,u000301/u020551_20,,n000101/n000101_10,,,,sk090201/sk090201_10,,m000101/m020501_20
ropa,u020551_20_lsa,,f26,u000301/u020551_20,,n000101/n000101_10,,,,sk000901/sk000901_10,,m000101/m020501_20
ropa,u020551_20_lse,,f27,u000301/u020551_20,,n000101/n000101_10,,,,sk000801/sk000801_10,,m000101/m020501_20
ropa,u020601_10,,f18,u000101/u020601_10,,n000101/n000101_10,8374DAFF,050505FF,,sk000101/sk000101_10,,m000101/m020601_10
forma,f92,1,u090111/u090112,,n000101/n000102,,,,sk090101/sk090102,,m000101/m000102,
ropa,u020601_10_blyL,,f92,u000101/u020601_10,,n000101/n000101_10,,,,sk090101/sk090101_10,,m000101/m020601_10
ropa,u020601_10_dam,,f20,u000101/u020601_10,,n000101/n000101_10,,,,sk000701/sk000701_10,,m000101/m020601_10
ropa,u020601_10_fld,,f22,u000101/u020601_10,,n000101/n000101_10,,,,sk000101/sk000101_10,,m000101/m020601_10
ropa,u020601_10_slv,,f23,u000101/u020601_10,,n000101/n000101_10,,,,sk000501/sk000501_10,,m000101/m020601_10
ropa,u020601_20,,f18,u000101/u020601_20,,n000101/n000101_10,E798FFFF,050505FF,,sk000101/sk000101_10,,m000101/m020601_20
ropa,u020601_20_blyL,,f92,u000101/u020601_20,,n000101/n000101_10,,,,sk090101/sk090101_10,,m000101/m020601_20
ropa,u020601_20_dam,,f20,u000101/u020601_20,,n000101/n000101_10,,,,sk000701/sk000701_10,,m000101/m020601_20
ropa,u020601_20_fld,,f22,u000101/u020601_20,,n000101/n000101_10,,,,sk000101/sk000101_10,,m000101/m020601_20
ropa,u020601_20_slv,,f23,u000101/u020601_20,,n000101/n000101_10,,,,sk000501/sk000501_10,,m000101/m020601_20
ropa,u020651_10,,f33,u000201/u020651_10,,n000101/n000101_10,E6E4D8FF,050505FF,,sk000201/sk000201_10,,m000101/m020601_10
ropa,u020651_10_blyL,,f34,u000201/u020651_10,,n000101/n000101_10,,,,sk090201/sk090201_10,,m000101/m020601_10
ropa,u020651_10_lsa,,f35,u000201/u020651_10,,n000101/n000101_10,,,,sk000901/sk000901_10,,m000101/m020601_10
ropa,u020651_10_lse,,f36,u000201/u020651_10,,n000101/n000101_10,,,,sk000801/sk000801_10,,m000101/m020601_10
ropa,u020651_20,,f33,u000201/u020651_20,,n000101/n000101_10,E5E3D7FF,050505FF,,sk000201/sk000201_10,,m000101/m020601_20
ropa,u020651_20_blyL,,f34,u000201/u020651_20,,n000101/n000101_10,,,,sk090201/sk090201_10,,m000101/m020601_20
ropa,u020651_20_lsa,,f35,u000201/u020651_20,,n000101/n000101_10,,,,sk000901/sk000901_10,,m000101/m020601_20
ropa,u020651_20_lse,,f36,u000201/u020651_20,,n000101/n000101_10,,,,sk000801/sk000801_10,,m000101/m020601_20
forma,f93,0,u020701/u020701,,n000101/n000101,,,,sk000101/sk000101,,m000101/m000101,
forma,f93,1,u020701/u020702,u020701/u020702_10,n000101/n000102,,,,sk000101/sk000102,,m000101/m000102,
forma,f93,2,u020701/u020703,,n000101/n000103,,,,sk000101/sk000103,,m000101/m000103,
forma,f93,3,u020701/u020704,,n000101/n000104,,,,sk000101/sk000104,,m000101/m000104,
forma,f93,4,u020701/u020705,,n000101/n000105,,,,sk000101/sk000105,,m000101/m000105,
forma,f93,5,u020701/u020706,,n000101/n000106,,,,sk000101/sk000106,,m000101/m000106,
forma,f93,6,u020701/u020707,,n000101/n000107,,,,sk000101/sk000107,,m000101/m000107,
forma,f93,7,u020701/u020708,,n000101/n000108,,,,sk000101/sk000108,,m000101/m000108,
forma,f93,8,u020701/u020706,,n000101/n000106,,,,sk000101/sk000109,,m000101/m000106,
forma,f93,9,u020701/u020707,,n000101/n000107,,,,sk000101/sk000110,,m000101/m000107,
forma,f93,10,u020701/u020723,u020701/u020702_10,n000101/n000103,,,,sk000101/sk000103,,m000101/m000103,
forma,f93,11,u020701/u020724,u020701/u020702_10,n000101/n000104,,,,sk000101/sk000104,,m000101/m000104,
forma,f93,12,u020701/u020727,u020701/u020702_10,n000101/n000107,,,,sk000101/sk000107,,m000101/m000107,
forma,f93,13,u020701/u020727,u020701/u020702_10,n000101/n000107,,,,sk000101/sk000110,,m000101/m000107,
forma,f93,14,u020701/u020725,u020701/u020702_10,n000101/n000105,,,,sk000101/sk000105,,m000101/m000105,
forma,f93,15,u020701/u020728,u020701/u020702_10,n000101/n000108,,,,sk000101/sk000108,,m000101/m000108,
forma,f93,16,u020701/u020726,u020701/u020702_10,n000101/n000106,,,,sk000101/sk000106,,m000101/m000106,
forma,f93,17,u020701/u020726,u020701/u020702_10,n000101/n000106,,,,sk000101/sk000109,,m000101/m000106,
ropa,u020701_10,,f93,u020701/u020701_10,,n000101/n000101_10,D1C5ABFF,000000FF,,sk000101/sk000101_10,,m000101/m020701_10
forma,f94,6,u920721/u920727,,n000101/n000107,,,,sk000701/sk000707,,m000101/m000107,
ropa,u020701_10_dam,,f94,u020701/u020701_10,,n000101/n000101_10,,,,sk000701/sk000701_10,,m000101/m020701_10
forma,f95,0,u920711/u920711,,n000101/n000101,,,,sk000101/sk000101,,m090151/m090151,
ropa,u020701_10_fld,,f95,u020701/u020701_10,,n000101/n000101_10,,,,sk000101/sk000101_10,,m000101/m020701_10
forma,f96,0,u020711/u020711,,n000101/n000101,,,,sk000501/sk000501,,m000101/m000101,
forma,f96,5,u020711/u020716,,n000101/n000106,,,,sk000501/sk000506,,m000101/m000106,
ropa,u020701_10_slv,,f96,u020701/u020701_10,,n000101/n000101_10,,,,sk000501/sk000501_10,,m000101/m020701_10
forma,f97,0,u020701/u020701,,n000101/n000101,,,,sk000101/sk000101,,m000101/m000101,
forma,f97,1,u020701/u020702,u020701/u020702_20,n000101/n000102,,,,sk000101/sk000102,,m000101/m000102,
forma,f97,2,u020701/u020703,,n000101/n000103,,,,sk000101/sk000103,,m000101/m000103,
forma,f97,3,u020701/u020704,,n000101/n000104,,,,sk000101/sk000104,,m000101/m000104,
forma,f97,4,u020701/u020705,,n000101/n000105,,,,sk000101/sk000105,,m000101/m000105,
forma,f97,5,u020701/u020706,,n000101/n000106,,,,sk000101/sk000106,,m000101/m000106,
forma,f97,6,u020701/u020707,,n000101/n000107,,,,sk000101/sk000107,,m000101/m000107,
forma,f97,7,u020701/u020708,,n000101/n000108,,,,sk000101/sk000108,,m000101/m000108,
forma,f97,8,u020701/u020706,,n000101/n000106,,,,sk000101/sk000109,,m000101/m000106,
forma,f97,9,u020701/u020707,,n000101/n000107,,,,sk000101/sk000110,,m000101/m000107,
forma,f97,10,u020701/u020723,u020701/u020702_20,n000101/n000103,,,,sk000101/sk000103,,m000101/m000103,
forma,f97,11,u020701/u020724,u020701/u020702_20,n000101/n000104,,,,sk000101/sk000104,,m000101/m000104,
forma,f97,12,u020701/u020727,u020701/u020702_20,n000101/n000107,,,,sk000101/sk000107,,m000101/m000107,
forma,f97,13,u020701/u020727,u020701/u020702_20,n000101/n000107,,,,sk000101/sk000110,,m000101/m000107,
forma,f97,14,u020701/u020725,u020701/u020702_20,n000101/n000105,,,,sk000101/sk000105,,m000101/m000105,
forma,f97,15,u020701/u020728,u020701/u020702_20,n000101/n000108,,,,sk000101/sk000108,,m000101/m000108,
forma,f97,16,u020701/u020726,u020701/u020702_20,n000101/n000106,,,,sk000101/sk000106,,m000101/m000106,
forma,f97,17,u020701/u020726,u020701/u020702_20,n000101/n000106,,,,sk000101/sk000109,,m000101/m000106,
ropa,u020701_20,,f97,u020701/u020701_20,,n000101/n000101_10,D1C5ABFF,000000FF,,sk000101/sk000101_10,,m000101/m020701_10
ropa,u020701_20_dam,,f94,u020701/u020701_20,,n000101/n000101_10,,,,sk000701/sk000701_10,,m000101/m020701_10
ropa,u020701_20_fld,,f95,u020701/u020701_20,,n000101/n000101_10,,,,sk000101/sk000101_10,,m000101/m020701_10
ropa,u020701_20_slv,,f96,u020701/u020701_20,,n000101/n000101_10,,,,sk000501/sk000501_10,,m000101/m020701_10
forma,f98,0,u020751/u020751,,n000101/n000101,,,,sk000201/sk000201,,m000201/m000201,
forma,f98,1,u020751/u020752,u020751/u020752_10,n000101/n000102,,,,sk000201/sk000202,,m000201/m000202,
forma,f98,2,u020751/u020753,,n000101/n000103,,,,sk000201/sk000203,,m000201/m000203,
forma,f98,3,u020751/u020754,,n000101/n000104,,,,sk000201/sk000204,,m000201/m000204,
forma,f98,4,u020751/u020755,,n000101/n000105,,,,sk000201/sk000205,,m000201/m000205,
forma,f98,5,u020751/u020756,,n000101/n000106,,,,sk000201/sk000206,,m000201/m000206,
forma,f98,6,u020751/u020757,,n000101/n000107,,,,sk000201/sk000207,,m000201/m000207,
forma,f98,7,u020751/u020758,,n000101/n000108,,,,sk000201/sk000208,,m000201/m000208,
forma,f98,8,u020751/u020756,,n000101/n000106,,,,sk000201/sk000209,,m000201/m000206,
forma,f98,9,u020751/u020757,,n000101/n000107,,,,sk000201/sk000210,,m000201/m000207,
forma,f98,10,u020751/u020773,u020751/u020752_10,n000101/n000103,,,,sk000201/sk000203,,m000201/m000203,
forma,f98,11,u020751/u020774,u020751/u020752_10,n000101/n000104,,,,sk000201/sk000204,,m000201/m000204,
forma,f98,12,u020751/u020777,u020751/u020752_10,n000101/n000107,,,,sk000201/sk000207,,m000201/m000207,
forma,f98,13,u020751/u020777,u020751/u020752_10,n000101/n000107,,,,sk000201/sk000210,,m000201/m000207,
forma,f98,14,u020751/u020775,u020751/u020752_10,n000101/n000105,,,,sk000201/sk000205,,m000201/m000205,
forma,f98,15,u020751/u020778,u020751/u020752_10,n000101/n000108,,,,sk000201/sk000208,,m000201/m000208,
forma,f98,16,u020751/u020776,u020751/u020752_10,n000101/n000106,,,,sk000201/sk000206,,m000201/m000206,
forma,f98,17,u020751/u020776,u020751/u020752_10,n000101/n000106,,,,sk000201/sk000209,,m000201/m000206,
ropa,u020751_10,,f98,u020751/u020751_10,,n000101/n000101_10,D1C5ABFF,000000FF,,sk000201/sk000201_10,,m000101/m020701_10
forma,f99,0,u020751/u020751,,n000101/n000101,,,,sk000201/sk000201,,m000201/m000201,
forma,f99,1,u020751/u020752,u020751/u020752_20,n000101/n000102,,,,sk000201/sk000202,,m000201/m000202,
forma,f99,2,u020751/u020753,,n000101/n000103,,,,sk000201/sk000203,,m000201/m000203,
forma,f99,3,u020751/u020754,,n000101/n000104,,,,sk000201/sk000204,,m000201/m000204,
forma,f99,4,u020751/u020755,,n000101/n000105,,,,sk000201/sk000205,,m000201/m000205,
forma,f99,5,u020751/u020756,,n000101/n000106,,,,sk000201/sk000206,,m000201/m000206,
forma,f99,6,u020751/u020757,,n000101/n000107,,,,sk000201/sk000207,,m000201/m000207,
forma,f99,7,u020751/u020758,,n000101/n000108,,,,sk000201/sk000208,,m000201/m000208,
forma,f99,8,u020751/u020756,,n000101/n000106,,,,sk000201/sk000209,,m000201/m000206,
forma,f99,9,u020751/u020757,,n000101/n000107,,,,sk000201/sk000210,,m000201/m000207,
forma,f99,10,u020751/u020773,u020751/u020752_20,n000101/n000103,,,,sk000201/sk000203,,m000201/m000203,
forma,f99,11,u020751/u020774,u020751/u020752_20,n000101/n000104,,,,sk000201/sk000204,,m000201/m000204,
forma,f99,12,u020751/u020777,u020751/u020752_20,n000101/n000107,,,,sk000201/sk000207,,m000201/m000207,
forma,f99,13,u020751/u020777,u020751/u020752_20,n000101/n000107,,,,sk000201/sk000210,,m000201/m000207,
forma,f99,14,u020751/u020775,u020751/u020752_20,n000101/n000105,,,,sk000201/sk000205,,m000201/m000205,
forma,f99,15,u020751/u020778,u020751/u020752_20,n000101/n000108,,,,sk000201/sk000208,,m000201/m000208,
forma,f99,16,u020751/u020776,u020751/u020752_20,n000101/n000106,,,,sk000201/sk000206,,m000201/m000206,
forma,f99,17,u020751/u020776,u020751/u020752_20,n000101/n000106,,,,sk000201/sk000209,,m000201/m000206,
ropa,u020751_20,,f99,u020751/u020751_20,,n000101/n000101_10,33414CFF,000000FF,,sk000201/sk000201_10,,m000101/m020701_10
forma,f100,0,u001101/u001101,,n000101/n000101,,,,sk000101/sk000101,,m000101/m000101,
forma,f100,1,u001101/u001102,,n000101/n000102,,,,sk000101/sk000102,,m000101/m000102,
forma,f100,2,u001101/u001103,,n000101/n000103,,,,sk000101/sk000103,,m000101/m000103,
forma,f100,3,u001101/u001104,,n000101/n000104,,,,sk000101/sk000104,,m000101/m000104,
forma,f100,4,u001101/u001105,,n000101/n000105,,,,sk000101/sk000105,,m000101/m000105,
forma,f100,5,u001101/u001106,,n000101/n000106,,,,sk000101/sk000106,,m000101/m000106,
forma,f100,6,u001101/u001107,,n000101/n000107,,,,sk000101/sk000107,,m000101/m000107,
forma,f100,7,u001101/u001108,,n000101/n000108,,,,sk000101/sk000108,,m000101/m000108,
forma,f100,8,u001101/u001106,,n000101/n000106,,,,sk000101/sk000109,,m000101/m000106,
forma,f100,9,u001101/u001107,,n000101/n000107,,,,sk000101/sk000110,,m000101/m000107,
forma,f100,10,u001101/u001103,,n000101/n000103,,,,sk000101/sk000103,,m000101/m000103,
forma,f100,11,u001101/u001104,,n000101/n000104,,,,sk000101/sk000104,,m000101/m000104,
forma,f100,12,u001101/u001107,,n000101/n000107,,,,sk000101/sk000107,,m000101/m000107,
forma,f100,13,u001101/u001107,,n000101/n000107,,,,sk000101/sk000110,,m000101/m000107,
ropa,u020801_10,,f100,u001101/u020801_10,,n000101/n000101_10,2E2E2EFF,E9E9E9FF,,sk000101/sk000101_10,,m000101/m020801_10
forma,f101,1,u091101/u091102,,n000101/n000102,,,,sk090101/sk090102,,m000101/m000102,
ropa,u020801_10_blyR,,f101,u001101/u020801_10,,n000101/n000101_10,,,,sk090101/sk090101_10,,m000101/m020801_10
forma,f102,6,u091161/u091167,,n000101/n000107,,,,sk000701/sk000707,,m000101/m000107,
ropa,u020801_10_dam,,f102,u001101/u020801_10,,n000101/n000101_10,,,,sk000701/sk000701_10,,m000101/m020801_10
forma,f103,0,u091151/u091151,,n000101/n000101,,,,sk000101/sk000101,,m090151/m090151,
ropa,u020801_10_fld,,f103,u001101/u020801_10,,n000101/n000101_10,,,,sk000101/sk000101_10,,m000101/m020801_10
forma,f104,0,u091141/u091141,,n000101/n000101,,,,sk000501/sk000501,,m000101/m000101,
forma,f104,5,u091141/u091146,,n000101/n000106,,,,sk000501/sk000506,,m000101/m000106,
ropa,u020801_10_slv,,f104,u001101/u020801_10,,n000101/n000101_10,,,,sk000501/sk000501_10,,m000101/m020801_10
ropa,u020801_20,,f100,u001101/u020801_20,,n000101/n000101_10,2E2E2EFF,FFD200FF,,sk000101/sk000101_10,,m000101/m020801_20
ropa,u020801_20_blyR,,f101,u001101/u020801_20,,n000101/n000101_10,,,,sk090101/sk090101_10,,m000101/m020801_20
ropa,u020801_20_dam,,f102,u001101/u020801_20,,n000101/n000101_10,,,,sk000701/sk000701_10,,m000101/m020801_20
ropa,u020801_20_fld,,f103,u001101/u020801_20,,n000101/n000101_10,,,,sk000101/sk000101_10,,m000101/m020801_20
ropa,u020801_20_slv,,f104,u001101/u020801_20,,n000101/n000101_10,,,,sk000501/sk000501_10,,m000101/m020801_20
forma,f105,0,u001201/u001201,,n000101/n000101,,,,sk000201/sk000201,,m000201/m000201,
forma,f105,1,u001201/u001202,,n000101/n000102,,,,sk000201/sk000202,,m000201/m000202,
forma,f105,2,u001201/u001203,,n000101/n000103,,,,sk000201/sk000203,,m000201/m000203,
forma,f105,3,u001201/u001204,,n000101/n000104,,,,sk000201/sk000204,,m000201/m000204,
forma,f105,4,u001201/u001205,,n000101/n000105,,,,sk000201/sk000205,,m000201/m000205,
forma,f105,5,u001201/u001206,,n000101/n000106,,,,sk000201/sk000206,,m000201/m000206,
forma,f105,6,u001201/u001207,,n000101/n000107,,,,sk000201/sk000207,,m000201/m000207,
forma,f105,7,u001201/u001208,,n000101/n000108,,,,sk000201/sk000208,,m000201/m000208,
forma,f105,8,u001201/u001206,,n000101/n000106,,,,sk000201/sk000209,,m000201/m000206,
forma,f105,9,u001201/u001207,,n000101/n000107,,,,sk000201/sk000210,,m000201/m000207,
forma,f105,10,u001201/u001203,,n000101/n000103,,,,sk000201/sk000203,,m000201/m000203,
forma,f105,11,u001201/u001204,,n000101/n000104,,,,sk000201/sk000204,,m000201/m000204,
forma,f105,12,u001201/u001207,,n000101/n000107,,,,sk000201/sk000207,,m000201/m000207,
forma,f105,13,u001201/u001207,,n000101/n000107,,,,sk000201/sk000210,,m000201/m000207,
ropa,u020851_10,,f105,u001201/u020851_10,,n000101/n000101_10,2E2E2EFF,DFDFDFFF,,sk000201/sk000201_10,,m000101/m020801_10
forma,f106,1,u091201/u091202,,n000101/n000102,,,,sk090201/sk090202,,m000201/m000202,
ropa,u020851_10_blyR,,f106,u001201/u020851_10,,n000101/n000101_10,,,,sk090201/sk090201_10,,m000101/m020801_10
forma,f107,0,u091281/u091281,,n000101/n000101,,,,sk000901/sk000901,,m000201/m000201,
ropa,u020851_10_lsa,,f107,u001201/u020851_10,,n000101/n000101_10,,,,sk000901/sk000901_10,,m000101/m020801_10
forma,f108,0,u091271/u091271,,n000101/n000101,,,,sk000801/sk000801,,m000201/m000201,
forma,f108,4,u091271/u091275,,n000101/n000105,,,,sk000801/sk000805,,m000201/m000205,
ropa,u020851_10_lse,,f108,u001201/u020851_10,,n000101/n000101_10,,,,sk000801/sk000801_10,,m000101/m020801_10
ropa,u020851_20,,f105,u001201/u020851_20,,n000101/n000101_10,CEC6B5FF,050505FF,,sk000201/sk000201_10,,m000101/m020801_20
ropa,u020851_20_blyR,,f106,u001201/u020851_20,,n000101/n000101_10,,,,sk090201/sk090201_10,,m000101/m020801_20
ropa,u020851_20_lsa,,f107,u001201/u020851_20,,n000101/n000101_10,,,,sk000901/sk000901_10,,m000101/m020801_20
ropa,u020851_20_lse,,f108,u001201/u020851_20,,n000101/n000101_10,,,,sk000801/sk000801_10,,m000101/m020801_20
ropa,u020901_10,,f18,u000101/u020901_10,,n000101/n000101_10,CECFC7FF,050505FF,,sk000101/sk000101_10,,m000101/m020901_10
ropa,u020901_10_blyR,,f19,u000101/u020901_10,,n000101/n000101_10,,,,sk090101/sk090101_10,,m000101/m020901_10
ropa,u020901_10_dam,,f20,u000101/u020901_10,,n000101/n000101_10,,,,sk000701/sk000701_10,,m000101/m020901_10
ropa,u020901_10_fld,,f22,u000101/u020901_10,,n000101/n000101_10,,,,sk000101/sk000101_10,,m000101/m020901_10
ropa,u020901_10_slv,,f23,u000101/u020901_10,,n000101/n000101_10,,,,sk000501/sk000501_10,,m000101/m020901_10
ropa,u020901_20,,f18,u000101/u020901_20,,n000101/n000101_10,E4E4E4FF,050505FF,,sk000101/sk000101_10,,m000101/m020901_20
ropa,u020901_20_blyR,,f19,u000101/u020901_20,,n000101/n000101_10,,,,sk090101/sk090101_10,,m000101/m020901_20
ropa,u020901_20_dam,,f20,u000101/u020901_20,,n000101/n000101_10,,,,sk000701/sk000701_10,,m000101/m020901_20
ropa,u020901_20_fld,,f22,u000101/u020901_20,,n000101/n000101_10,,,,sk000101/sk000101_10,,m000101/m020901_20
ropa,u020901_20_slv,,f23,u000101/u020901_20,,n000101/n000101_10,,,,sk000501/sk000501_10,,m000101/m020901_20
ropa,u020951_10,,f33,u000201/u020951_10,,n000101/n000101_10,E6E6E6FF,050505FF,,sk000201/sk000201_10,,m000101/m020901_10
ropa,u020951_10_blyR,,f34,u000201/u020951_10,,n000101/n000101_10,,,,sk090201/sk090201_10,,m000101/m020901_10
ropa,u020951_10_lsa,,f35,u000201/u020951_10,,n000101/n000101_10,,,,sk000901/sk000901_10,,m000101/m020901_10
ropa,u020951_10_lse,,f36,u000201/u020951_10,,n000101/n000101_10,,,,sk000801/sk000801_10,,m000101/m020901_10
ropa,u020951_20,,f33,u000201/u020951_20,,n000101/n000101_10,EFEFEFFF,050505FF,,sk000201/sk000201_10,,m000101/m020901_20
ropa,u020951_20_blyR,,f34,u000201/u020951_20,,n000101/n000101_10,,,,sk090201/sk090201_10,,m000101/m020901_20
ropa,u020951_20_lsa,,f35,u000201/u020951_20,,n000101/n000101_10,,,,sk000901/sk000901_10,,m000101/m020901_20
ropa,u020951_20_lse,,f36,u000201/u020951_20,,n000101/n000101_10,,,,sk000801/sk000801_10,,m000101/m020901_20
forma,f109,0,u020701/u020701,,n000101/n000101,,,,sk000101/sk000101,,m000101/m000101,
forma,f109,1,u020701/u020702,u020701/u021002_10,n000101/n000102,,,,sk000101/sk000102,,m000101/m000102,
forma,f109,2,u020701/u020703,,n000101/n000103,,,,sk000101/sk000103,,m000101/m000103,
forma,f109,3,u020701/u020704,,n000101/n000104,,,,sk000101/sk000104,,m000101/m000104,
forma,f109,4,u020701/u020705,,n000101/n000105,,,,sk000101/sk000105,,m000101/m000105,
forma,f109,5,u020701/u020706,,n000101/n000106,,,,sk000101/sk000106,,m000101/m000106,
forma,f109,6,u020701/u020707,,n000101/n000107,,,,sk000101/sk000107,,m000101/m000107,
forma,f109,7,u020701/u020708,,n000101/n000108,,,,sk000101/sk000108,,m000101/m000108,
forma,f109,8,u020701/u020706,,n000101/n000106,,,,sk000101/sk000109,,m000101/m000106,
forma,f109,9,u020701/u020707,,n000101/n000107,,,,sk000101/sk000110,,m000101/m000107,
forma,f109,10,u020701/u020723,u020701/u021002_10,n000101/n000103,,,,sk000101/sk000103,,m000101/m000103,
forma,f109,11,u020701/u020724,u020701/u021002_10,n000101/n000104,,,,sk000101/sk000104,,m000101/m000104,
forma,f109,12,u020701/u020727,u020701/u021002_10,n000101/n000107,,,,sk000101/sk000107,,m000101/m000107,
forma,f109,13,u020701/u020727,u020701/u021002_10,n000101/n000107,,,,sk000101/sk000110,,m000101/m000107,
forma,f109,14,u020701/u020725,u020701/u021002_10,n000101/n000105,,,,sk000101/sk000105,,m000101/m000105,
forma,f109,15,u020701/u020728,u020701/u021002_10,n000101/n000108,,,,sk000101/sk000108,,m000101/m000108,
forma,f109,16,u020701/u020726,u020701/u021002_10,n000101/n000106,,,,sk000101/sk000106,,m000101/m000106,
forma,f109,17,u020701/u020726,u020701/u021002_10,n000101/n000106,,,,sk000101/sk000109,,m000101/m000106,
ropa,u021001_10,,f109,u020701/u021001_10,,n000101/n000101_10,,,,sk000101/sk000101_10,,m000101/m020701_10
ropa,u021001_10_dam,,f94,u020701/u021001_10,,n000101/n000101_10,,,,sk000701/sk000701_10,,m000101/m020701_10
ropa,u021001_10_fld,,f95,u020701/u021001_10,,n000101/n000101_10,,,,sk000101/sk000101_10,,m000101/m020701_10
ropa,u021001_10_slv,,f96,u020701/u021001_10,,n000101/n000101_10,,,,sk000501/sk000501_10,,m000101/m020701_10
forma,f110,0,u020751/u020751,,n000101/n000101,,,,sk000201/sk000201,,m000201/m000201,
forma,f110,1,u020751/u020752,u020751/u021052_10,n000101/n000102,,,,sk000201/sk000202,,m000201/m000202,
forma,f110,2,u020751/u020753,,n000101/n000103,,,,sk000201/sk000203,,m000201/m000203,
forma,f110,3,u020751/u020754,,n000101/n000104,,,,sk000201/sk000204,,m000201/m000204,
forma,f110,4,u020751/u020755,,n000101/n000105,,,,sk000201/sk000205,,m000201/m000205,
forma,f110,5,u020751/u020756,,n000101/n000106,,,,sk000201/sk000206,,m000201/m000206,
forma,f110,6,u020751/u020757,,n000101/n000107,,,,sk000201/sk000207,,m000201/m000207,
forma,f110,7,u020751/u020758,,n000101/n000108,,,,sk000201/sk000208,,m000201/m000208,
forma,f110,8,u020751/u020756,,n000101/n000106,,,,sk000201/sk000209,,m000201/m000206,
forma,f110,9,u020751/u020757,,n000101/n000107,,,,sk000201/sk000210,,m000201/m000207,
forma,f110,10,u020751/u020773,u020751/u021052_10,n000101/n000103,,,,sk000201/sk000203,,m000201/m000203,
forma,f110,11,u020751/u020774,u020751/u021052_10,n000101/n000104,,,,sk000201/sk000204,,m000201/m000204,
forma,f110,12,u020751/u020777,u020751/u021052_10,n000101/n000107,,,,sk000201/sk000207,,m000201/m000207,
forma,f110,13,u020751/u020777,u020751/u021052_10,n000101/n000107,,,,sk000201/sk000210,,m000201/m000207,
forma,f110,14,u020751/u020775,u020751/u021052_10,n000101/n000105,,,,sk000201/sk000205,,m000201/m000205,
forma,f110,15,u020751/u020778,u020751/u021052_10,n000101/n000108,,,,sk000201/sk000208,,m000201/m000208,
forma,f110,16,u020751/u020776,u020751/u021052_10,n000101/n000106,,,,sk000201/sk000206,,m000201/m000206,
forma,f110,17,u020751/u020776,u020751/u021052_10,n000101/n000106,,,,sk000201/sk000209,,m000201/m000206,
ropa,u021051_10,,f110,u020751/u021051_10,,n000101/n000101_10,,,,sk000201/sk000201_10,,m000101/m020701_10
forma,f111,0,u021201/u021201,,n050101/n050101,,,,sk000201/sk000201,,m000201/m000201,
forma,f111,1,u021201/u021202,u021201/u021201_11,n050101/n050102,,,,sk000201/sk000202,,m000201/m000202,
forma,f111,2,u021201/u021203,,n050101/n050103,,,,sk000201/sk000203,,m000201/m000203,
forma,f111,3,u021201/u021204,,n050101/n050104,,,,sk000201/sk000204,,m000201/m000204,
forma,f111,4,u021201/u021205,,n050101/n050105,,,,sk000201/sk000205,,m000201/m000205,
forma,f111,5,u021201/u021206,,n050101/n050106,,,,sk000201/sk000206,,m000201/m000206,
forma,f111,6,u021201/u021207,,n050101/n050107,,,,sk000201/sk000207,,m000201/m000207,
forma,f111,7,u021201/u021208,,n050101/n050108,,,,sk000201/sk000208,,m000201/m000208,
forma,f111,8,u021201/u021206,,n050101/n050106,,,,sk000201/sk000209,,m000201/m000206,
forma,f111,9,u021201/u021207,,n050101/n050107,,,,sk000201/sk000210,,m000201/m000207,
forma,f111,10,u021201/u021223,u021201/u021201_11,n050101/n050103,,,,sk000201/sk000203,,m000201/m000203,
forma,f111,11,u021201/u021224,u021201/u021201_11,n050101/n050104,,,,sk000201/sk000204,,m000201/m000204,
forma,f111,12,u021201/u021227,u021201/u021201_11,n050101/n050107,,,,sk000201/sk000207,,m000201/m000207,
forma,f111,13,u021201/u021227,u021201/u021201_11,n050101/n050107,,,,sk000201/sk000210,,m000201/m000207,
forma,f111,14,u021201/u021225,u021201/u021201_11,n050101/n050105,,,,sk000201/sk000205,,m000201/m000205,
forma,f111,15,u021201/u021228,u021201/u021201_11,n050101/n050108,,,,sk000201/sk000208,,m000201/m000208,
forma,f111,16,u021201/u021226,u021201/u021201_11,n050101/n050106,,,,sk000201/sk000206,,m000201/m000206,
forma,f111,17,u021201/u021226,u021201/u021201_11,n050101/n050106,,,,sk000201/sk000209,,m000201/m000206,
ropa,u021201_10,,f111,u021201/u021201_10,,n000101/n000101_10,83888BFF,000000FF,,sk000201/sk000201_10,,m000101/m021201_10
forma,f112,0,u021201/u021201,,n050101/n050101,,,,sk000201/sk000201,,m000201/m000201,
forma,f112,1,u021201/u021202,u021201/u021201_21,n050101/n050102,,,,sk000201/sk000202,,m000201/m000202,
forma,f112,2,u021201/u021203,,n050101/n050103,,,,sk000201/sk000203,,m000201/m000203,
forma,f112,3,u021201/u021204,,n050101/n050104,,,,sk000201/sk000204,,m000201/m000204,
forma,f112,4,u021201/u021205,,n050101/n050105,,,,sk000201/sk000205,,m000201/m000205,
forma,f112,5,u021201/u021206,,n050101/n050106,,,,sk000201/sk000206,,m000201/m000206,
forma,f112,6,u021201/u021207,,n050101/n050107,,,,sk000201/sk000207,,m000201/m000207,
forma,f112,7,u021201/u021208,,n050101/n050108,,,,sk000201/sk000208,,m000201/m000208,
forma,f112,8,u021201/u021206,,n050101/n050106,,,,sk000201/sk000209,,m000201/m000206,
forma,f112,9,u021201/u021207,,n050101/n050107,,,,sk000201/sk000210,,m000201/m000207,
forma,f112,10,u021201/u021223,u021201/u021201_21,n050101/n050103,,,,sk000201/sk000203,,m000201/m000203,
forma,f112,11,u021201/u021224,u021201/u021201_21,n050101/n050104,,,,sk000201/sk000204,,m000201/m000204,
forma,f112,12,u021201/u021227,u021201/u021201_21,n050101/n050107,,,,sk000201/sk000207,,m000201/m000207,
forma,f112,13,u021201/u021227,u021201/u021201_21,n050101/n050107,,,,sk000201/sk000210,,m000201/m000207,
forma,f112,14,u021201/u021225,u021201/u021201_21,n050101/n050105,,,,sk000201/sk000205,,m000201/m000205,
forma,f112,15,u021201/u021228,u021201/u021201_21,n050101/n050108,,,,sk000201/sk000208,,m000201/m000208,
forma,f112,16,u021201/u021226,u021201/u021201_21,n050101/n050106,,,,sk000201/sk000206,,m000201/m000206,
forma,f112,17,u021201/u021226,u021201/u021201_21,n050101/n050106,,,,sk000201/sk000209,,m000201/m000206,
ropa,u021201_20,,f112,u021201/u021201_20,,n000101/n000101_10,DFCFC1FF,000000FF,,sk000201/sk000201_10,,m000101/m021201_10
forma,f113,0,u021251/u021251,,n050101/n050101,,,,sk000201/sk000201,,m000201/m000201,
forma,f113,1,u021251/u021252,,n050101/n050102,,,,sk000201/sk000202,,m000201/m000202,
forma,f113,2,u021251/u021253,,n050101/n050103,,,,sk000201/sk000203,,m000201/m000203,
forma,f113,3,u021251/u021254,,n050101/n050104,,,,sk000201/sk000204,,m000201/m000204,
forma,f113,4,u021251/u021255,,n050101/n050105,,,,sk000201/sk000205,,m000201/m000205,
forma,f113,5,u021251/u021256,,n050101/n050106,,,,sk000201/sk000206,,m000201/m000206,
forma,f113,6,u021251/u021257,,n050101/n050107,,,,sk000201/sk000207,,m000201/m000207,
forma,f113,7,u021251/u021258,,n050101/n050108,,,,sk000201/sk000208,,m000201/m000208,
forma,f113,8,u021251/u021256,,n050101/n050106,,,,sk000201/sk000209,,m000201/m000206,
forma,f113,9,u021251/u021257,,n050101/n050107,,,,sk000201/sk000210,,m000201/m000207,
forma,f113,10,u021251/u021253,,n050101/n050103,,,,sk000201/sk000203,,m000201/m000203,
forma,f113,11,u021251/u021254,,n050101/n050104,,,,sk000201/sk000204,,m000201/m000204,
forma,f113,12,u021251/u021257,,n050101/n050107,,,,sk000201/sk000207,,m000201/m000207,
forma,f113,13,u021251/u021257,,n050101/n050107,,,,sk000201/sk000210,,m000201/m000207,
ropa,u021251_10,,f113,u021251/u021251_10,,n000101/n000101_10,E2CDBAFF,000000FF,,sk000201/sk000201_10,,m000101/m021201_10
ropa,u021251_20,,f113,u021251/u021251_20,,n000101/n000101_10,E2CDBAFF,000000FF,,sk000201/sk000201_10,,m000101/m021201_10
forma,f114,0,u021301/u021301,,n000101/n000101,,,,sk000201/sk000201,,m000201/m000201,
forma,f114,1,u021301/u021302,,n000101/n000102,,,,sk000201/sk000202,,m000201/m000202,
forma,f114,2,u021301/u021303,,n000101/n000103,,,,sk000201/sk000203,,m000201/m000203,
forma,f114,3,u021301/u021304,,n000101/n000104,,,,sk000201/sk000204,,m000201/m000204,
forma,f114,4,u021301/u021305,,n000101/n000105,,,,sk000201/sk000205,,m000201/m000205,
forma,f114,5,u021301/u021306,,n000101/n000106,,,,sk000201/sk000206,,m000201/m000206,
forma,f114,6,u021301/u021307,,n000101/n000107,,,,sk000201/sk000207,,m000201/m000207,
forma,f114,7,u021301/u021308,,n000101/n000108,,,,sk000201/sk000208,,m000201/m000208,
forma,f114,8,u021301/u021306,,n000101/n000106,,,,sk000201/sk000209,,m000201/m000206,
forma,f114,9,u021301/u021307,,n000101/n000107,,,,sk000201/sk000210,,m000201/m000207,
forma,f114,10,u021301/u021303,,n000101/n000103,,,,sk000201/sk000203,,m000201/m000203,
forma,f114,11,u021301/u021304,,n000101/n000104,,,,sk000201/sk000204,,m000201/m000204,
forma,f114,12,u021301/u021307,,n000101/n000107,,,,sk000201/sk000207,,m000201/m000207,
forma,f114,13,u021301/u021307,,n000101/n000107,,,,sk000201/sk000210,,m000201/m000207,
ropa,u021301_10,,f114,u021301/u021301_10,,n000101/n000101_10,1FD9EEFF,000000FF,,sk000201/sk000201_10,,m000101/m021301_10
ropa,u021301_20,,f114,u021301/u021301_20,,n000101/n000101_10,C3EF1EFF,000000FF,,sk000201/sk000201_10,,m000101/m021301_20
forma,f115,0,u021351/u021351,,n000101/n000101,,,,sk000201/sk000201,,m000201/m000201,
forma,f115,1,u021351/u021352,,n000101/n000102,,,,sk000201/sk000202,,m000201/m000202,
forma,f115,2,u021351/u021353,,n000101/n000103,,,,sk000201/sk000203,,m000201/m000203,
forma,f115,3,u021351/u021354,,n000101/n000104,,,,sk000201/sk000204,,m000201/m000204,
forma,f115,4,u021351/u021355,,n000101/n000105,,,,sk000201/sk000205,,m000201/m000205,
forma,f115,5,u021351/u021356,,n000101/n000106,,,,sk000201/sk000206,,m000201/m000206,
forma,f115,6,u021351/u021357,,n000101/n000107,,,,sk000201/sk000207,,m000201/m000207,
forma,f115,7,u021351/u021358,,n000101/n000108,,,,sk000201/sk000208,,m000201/m000208,
forma,f115,8,u021351/u021356,,n000101/n000106,,,,sk000201/sk000209,,m000201/m000206,
forma,f115,9,u021351/u021357,,n000101/n000107,,,,sk000201/sk000210,,m000201/m000207,
forma,f115,10,u021351/u021353,,n000101/n000103,,,,sk000201/sk000203,,m000201/m000203,
forma,f115,11,u021351/u021354,,n000101/n000104,,,,sk000201/sk000204,,m000201/m000204,
forma,f115,12,u021351/u021357,,n000101/n000107,,,,sk000201/sk000207,,m000201/m000207,
forma,f115,13,u021351/u021357,,n000101/n000107,,,,sk000201/sk000210,,m000201/m000207,
ropa,u021351_10,,f115,u021351/u021351_10,,n000101/n000101_10,F07A20FF,000000FF,,sk000201/sk000201_10,,m000101/m021301_10
ropa,u021351_20,,f115,u021351/u021351_20,,n000101/n000101_10,931DFAFF,000000FF,,sk000201/sk000201_10,,m000101/m021301_20
forma,f116,0,u021401/u021401,,n000101/n000101,,,,sk000301/sk000301,,m000201/m000201,
forma,f116,1,u021401/u021402,,n000101/n000102,,,,sk000301/sk000302,,m000201/m000202,
forma,f116,2,u021401/u021403,,n000101/n000103,,,,sk000301/sk000303,,m000201/m000203,
forma,f116,3,u021401/u021404,,n000101/n000104,,,,sk000301/sk000304,,m000201/m000204,
forma,f116,4,u021401/u021405,,n000101/n000105,,,,sk000301/sk000305,,m000201/m000205,
forma,f116,5,u021401/u021406,,n000101/n000106,,,,sk000301/sk000306,,m000201/m000206,
forma,f116,6,u021401/u021407,,n000101/n000107,,,,sk000301/sk000307,,m000201/m000207,
forma,f116,7,u021401/u021408,,n000101/n000108,,,,sk000301/sk000308,,m000201/m000208,
forma,f116,8,u021401/u021406,,n000101/n000106,,,,sk000301/sk000309,,m000201/m000206,
forma,f116,9,u021401/u021407,,n000101/n000107,,,,sk000301/sk000310,,m000201/m000207,
forma,f116,10,u021401/u021403,,n000101/n000103,,,,sk000301/sk000303,,m000201/m000203,
forma,f116,11,u021401/u021404,,n000101/n000104,,,,sk000301/sk000304,,m000201/m000204,
forma,f116,12,u021401/u021407,,n000101/n000107,,,,sk000301/sk000307,,m000201/m000207,
forma,f116,13,u021401/u021407,,n000101/n000107,,,,sk000301/sk000310,,m000201/m000207,
ropa,u021401_10,,f116,u021401/u021401_10,,n000101/n000101_10,474745FF,474745FF,,sk000301/sk000301_10,,m000101/m021401_10
forma,f117,0,u921441/u921441,,n000101/n000101,,,,sk002901/sk002901,,m000201/m000201,
ropa,u021401_10_lsa,,f117,u021401/u021401_10,,n000101/n000101_10,,,,sk002901/sk002901_10,,m000101/m021401_10
forma,f118,0,u921431/u921431,,n000101/n000101,,,,sk002801/sk002801,,m000201/m000201,
forma,f118,4,u921431/u921435,,n000101/n000105,,,,sk002801/sk002805,,m000201/m000205,
ropa,u021401_10_lse,,f118,u021401/u021401_10,,n000101/n000101_10,,,,sk002801/sk002801_10,,m000101/m021401_10
ropa,u021401_20,,f116,u021401/u021401_20,,n000101/n000101_10,EC7C00FF,EC7C00FF,,sk000301/sk000301_10,,m000101/m021401_20
ropa,u021401_20_lsa,,f117,u021401/u021401_20,,n000101/n000101_10,,,,sk002901/sk002901_10,,m000101/m021401_20
ropa,u021401_20_lse,,f118,u021401/u021401_20,,n000101/n000101_10,,,,sk002801/sk002801_10,,m000101/m021401_20
forma,f119,0,u021651/u021651,,n000101/n000101,,,,sk000201/sk000201,,m000201/m000201,
forma,f119,1,u021651/u021652,,n000101/n000102,,,,sk000201/sk000202,,m000201/m000202,
forma,f119,2,u021651/u021653,,n000101/n000103,,,,sk000201/sk000203,,m000201/m000203,
forma,f119,3,u021651/u021654,,n000101/n000104,,,,sk000201/sk000204,,m000201/m000204,
forma,f119,4,u021651/u021655,,n000101/n000105,,,,sk000201/sk000205,,m000201/m000205,
forma,f119,5,u021651/u021656,,n000101/n000106,,,,sk000201/sk000206,,m000201/m000206,
forma,f119,6,u021651/u021657,,n000101/n000107,,,,sk000201/sk000207,,m000201/m000207,
forma,f119,7,u021651/u021658,,n000101/n000108,,,,sk000201/sk000208,,m000201/m000208,
forma,f119,8,u021651/u021656,,n000101/n000106,,,,sk000201/sk000209,,m000201/m000206,
forma,f119,9,u021651/u021657,,n000101/n000107,,,,sk000201/sk000210,,m000201/m000207,
forma,f119,10,u021651/u021653,,n000101/n000103,,,,sk000201/sk000203,,m000201/m000203,
forma,f119,11,u021651/u021654,,n000101/n000104,,,,sk000201/sk000204,,m000201/m000204,
forma,f119,12,u021651/u021657,,n000101/n000107,,,,sk000201/sk000207,,m000201/m000207,
forma,f119,13,u021651/u021657,,n000101/n000107,,,,sk000201/sk000210,,m000201/m000207,
ropa,u021451_10,,f119,u021651/u021451_10,,n000101/n000101_10,F0E7DEFF,F0E7DEFF,,sk000201/sk000201_10,,m000101/m021401_10
forma,f120,0,u921491/u921491,,n000101/n000101,,,,sk000901/sk000901,,m000201/m000201,
ropa,u021451_10_lsa,,f120,u021651/u021451_10,,n000101/n000101_10,,,,sk000901/sk000901_10,,m000101/m021401_10
forma,f121,0,u921481/u921481,,n000101/n000101,,,,sk000801/sk000801,,m000201/m000201,
forma,f121,4,u921481/u921485,,n000101/n000105,,,,sk000801/sk000805,,m000201/m000205,
ropa,u021451_10_lse,,f121,u021651/u021451_10,,n000101/n000101_10,,,,sk000801/sk000801_10,,m000101/m021401_10
ropa,u021451_20,,f119,u021651/u021451_20,,n000101/n000101_10,434240FF,434240FF,,sk000201/sk000201_10,,m000101/m021401_20
ropa,u021451_20_lsa,,f120,u021651/u021451_20,,n000101/n000101_10,,,,sk000901/sk000901_10,,m000101/m021401_20
ropa,u021451_20_lse,,f121,u021651/u021451_20,,n000101/n000101_10,,,,sk000801/sk000801_10,,m000101/m021401_20
forma,f122,0,u021501/u021501,,n000101/n000101,,,,sk000101/sk000101,,m000101/m000101,
forma,f122,1,u021501/u021502,,n000101/n000102,,,,sk000101/sk000102,,m000101/m000102,
forma,f122,2,u021501/u021503,,n000101/n000103,,,,sk000101/sk000103,,m000101/m000103,
forma,f122,3,u021501/u021504,,n000101/n000104,,,,sk000101/sk000104,,m000101/m000104,
forma,f122,4,u021501/u021505,,n000101/n000105,,,,sk000101/sk000105,,m000101/m000105,
forma,f122,5,u021501/u021506,,n000101/n000106,,,,sk000101/sk000106,,m000101/m000106,
forma,f122,6,u021501/u021507,,n000101/n000107,,,,sk000101/sk000107,,m000101/m000107,
forma,f122,7,u021501/u021508,,n000101/n000108,,,,sk000101/sk000108,,m000101/m000108,
forma,f122,8,u021501/u021506,,n000101/n000106,,,,sk000101/sk000109,,m000101/m000106,
forma,f122,9,u021501/u021507,,n000101/n000107,,,,sk000101/sk000110,,m000101/m000107,
forma,f122,10,u021501/u021503,,n000101/n000103,,,,sk000101/sk000103,,m000101/m000103,
forma,f122,11,u021501/u021504,,n000101/n000104,,,,sk000101/sk000104,,m000101/m000104,
forma,f122,12,u021501/u021507,,n000101/n000107,,,,sk000101/sk000107,,m000101/m000107,
forma,f122,13,u021501/u021507,,n000101/n000107,,,,sk000101/sk000110,,m000101/m000107,
ropa,u021501_10,,f122,u021501/u021501_10,,n000101/n000101_10,F3EAE1FF,000000FF,,sk000101/sk000101_10,,m000101/m021501_10
forma,f123,1,u021541/u021542,,n000101/n000102,,,,sk090101/sk090102,,m000101/m000102,
ropa,u021501_10_blyR,,f123,u021501/u021501_10,,n000101/n000101_10,,,,sk090101/sk090101_10,,m000101/m021501_10
forma,f124,6,u921521/u921527,,n000101/n000107,,,,sk000701/sk000707,,m000101/m000107,
ropa,u021501_10_dam,,f124,u021501/u021501_10,,n000101/n000101_10,,,,sk000701/sk000701_10,,m000101/m021501_10
forma,f125,0,u921511/u921511,,n000101/n000101,,,,sk000101/sk000101,,m090151/m090151,
ropa,u021501_10_fld,,f125,u021501/u021501_10,,n000101/n000101_10,,,,sk000101/sk000101_10,,m000101/m021501_10
forma,f126,0,u021511/u021511,,n000101/n000101,,,,sk000501/sk000501,,m000101/m000101,
forma,f126,5,u021511/u021516,,n000101/n000106,,,,sk000501/sk000506,,m000101/m000106,
ropa,u021501_10_slv,,f126,u021501/u021501_10,,n000101/n000101_10,,,,sk000501/sk000501_10,,m000101/m021501_10
ropa,u021501_20,,f122,u021501/u021501_20,,n000101/n000101_10,214A6BFF,000000FF,,sk000101/sk000101_10,,m000101/m021501_10
ropa,u021501_20_blyR,,f123,u021501/u021501_20,,n000101/n000101_10,,,,sk090101/sk090101_10,,m000101/m021501_10
ropa,u021501_20_dam,,f124,u021501/u021501_20,,n000101/n000101_10,,,,sk000701/sk000701_10,,m000101/m021501_10
ropa,u021501_20_fld,,f125,u021501/u021501_20,,n000101/n000101_10,,,,sk000101/sk000101_10,,m000101/m021501_10
ropa,u021501_20_slv,,f126,u021501/u021501_20,,n000101/n000101_10,,,,sk000501/sk000501_10,,m000101/m021501_10
forma,f127,0,u021551/u021551,,n000101/n000101,,,,sk000201/sk000201,,m000201/m000201,
forma,f127,1,u021551/u021552,,n000101/n000102,,,,sk000201/sk000202,,m000201/m000202,
forma,f127,2,u021551/u021553,,n000101/n000103,,,,sk000201/sk000203,,m000201/m000203,
forma,f127,3,u021551/u021554,,n000101/n000104,,,,sk000201/sk000204,,m000201/m000204,
forma,f127,4,u021551/u021555,,n000101/n000105,,,,sk000201/sk000205,,m000201/m000205,
forma,f127,5,u021551/u021556,,n000101/n000106,,,,sk000201/sk000206,,m000201/m000206,
forma,f127,6,u021551/u021557,,n000101/n000107,,,,sk000201/sk000207,,m000201/m000207,
forma,f127,7,u021551/u021558,,n000101/n000108,,,,sk000201/sk000208,,m000201/m000208,
forma,f127,8,u021551/u021556,,n000101/n000106,,,,sk000201/sk000209,,m000201/m000206,
forma,f127,9,u021551/u021557,,n000101/n000107,,,,sk000201/sk000210,,m000201/m000207,
forma,f127,10,u021551/u021553,,n000101/n000103,,,,sk000201/sk000203,,m000201/m000203,
forma,f127,11,u021551/u021554,,n000101/n000104,,,,sk000201/sk000204,,m000201/m000204,
forma,f127,12,u021551/u021557,,n000101/n000107,,,,sk000201/sk000207,,m000201/m000207,
forma,f127,13,u021551/u021557,,n000101/n000107,,,,sk000201/sk000210,,m000201/m000207,
ropa,u021551_10,,f127,u021551/u021551_10,,n000101/n000101_10,FFFFFFFF,000000FF,,sk000201/sk000201_10,,m000101/m021501_10
forma,f128,1,u021591/u021592,,n000101/n000102,,,,sk090201/sk090202,,m000201/m000202,
ropa,u021551_10_blyR,,f128,u021551/u021551_10,,n000101/n000101_10,,,,sk090201/sk090201_10,,m000101/m021501_10
forma,f129,0,u921591/u921591,,n000101/n000101,,,,sk000901/sk000901,,m000201/m000201,
ropa,u021551_10_lsa,,f129,u021551/u021551_10,,n000101/n000101_10,,,,sk000901/sk000901_10,,m000101/m021501_10
forma,f130,0,u921581/u921581,,n000101/n000101,,,,sk000801/sk000801,,m000201/m000201,
forma,f130,4,u921581/u921585,,n000101/n000105,,,,sk000801/sk000805,,m000201/m000205,
ropa,u021551_10_lse,,f130,u021551/u021551_10,,n000101/n000101_10,,,,sk000801/sk000801_10,,m000101/m021501_10
ropa,u021551_20,,f127,u021551/u021551_20,,n000101/n000101_10,523968FF,000000FF,,sk000201/sk000201_10,,m000101/m021501_10
ropa,u021551_20_blyR,,f128,u021551/u021551_20,,n000101/n000101_10,,,,sk090201/sk090201_10,,m000101/m021501_10
ropa,u021551_20_lsa,,f129,u021551/u021551_20,,n000101/n000101_10,,,,sk000901/sk000901_10,,m000101/m021501_10
ropa,u021551_20_lse,,f130,u021551/u021551_20,,n000101/n000101_10,,,,sk000801/sk000801_10,,m000101/m021501_10
forma,f131,0,u021601/u021601,,n050101/n050101,,,,sk000101/sk000101,,m000101/m000101,
forma,f131,1,u021601/u021602,,n050101/n050102,,,,sk000101/sk000102,,m000101/m000102,
forma,f131,2,u021601/u021603,,n050101/n050103,,,,sk000101/sk000103,,m000101/m000103,
forma,f131,3,u021601/u021604,,n050101/n050104,,,,sk000101/sk000104,,m000101/m000104,
forma,f131,4,u021601/u021605,,n050101/n050105,,,,sk000101/sk000105,,m000101/m000105,
forma,f131,5,u021601/u021606,,n050101/n050106,,,,sk000101/sk000106,,m000101/m000106,
forma,f131,6,u021601/u021607,,n050101/n050107,,,,sk000101/sk000107,,m000101/m000107,
forma,f131,7,u021601/u021608,,n050101/n050108,,,,sk000101/sk000108,,m000101/m000108,
forma,f131,8,u021601/u021606,,n050101/n050106,,,,sk000101/sk000109,,m000101/m000106,
forma,f131,9,u021601/u021607,,n050101/n050107,,,,sk000101/sk000110,,m000101/m000107,
forma,f131,10,u021601/u021603,,n050101/n050103,,,,sk000101/sk000103,,m000101/m000103,
forma,f131,11,u021601/u021604,,n050101/n050104,,,,sk000101/sk000104,,m000101/m000104,
forma,f131,12,u021601/u021607,,n050101/n050107,,,,sk000101/sk000107,,m000101/m000107,
forma,f131,13,u021601/u021607,,n050101/n050107,,,,sk000101/sk000110,,m000101/m000107,
ropa,u021601_10,,f131,u021601/u021601_10,,n000101/n000101_10,484745FF,000000FF,,sk000101/sk000101_10,,m000101/m021601_10
forma,f132,1,u021641/u021642,,n050101/n050102,,,,sk090101/sk090102,,m000101/m000102,
ropa,u021601_10_blyR,,f132,u021601/u021601_10,,n000101/n000101_10,,,,sk090101/sk090101_10,,m000101/m021601_10
forma,f133,6,u921621/u921627,,n050101/n050107,,,,sk000701/sk000707,,m000101/m000107,
ropa,u021601_10_dam,,f133,u021601/u021601_10,,n000101/n000101_10,,,,sk000701/sk000701_10,,m000101/m021601_10
forma,f134,0,u921611/u921611,,n050101/n050101,,,,sk000101/sk000101,,m090151/m090151,
ropa,u021601_10_fld,,f134,u021601/u021601_10,,n000101/n000101_10,,,,sk000101/sk000101_10,,m000101/m021601_10
forma,f135,0,u021611/u021611,,n050101/n050101,,,,sk000501/sk000501,,m000101/m000101,
forma,f135,5,u021611/u021616,,n050101/n050106,,,,sk000501/sk000506,,m000101/m000106,
ropa,u021601_10_slv,,f135,u021601/u021601_10,,n000101/n000101_10,,,,sk000501/sk000501_10,,m000101/m021601_10
ropa,u021601_20,,f131,u021601/u021601_20,,n000101/n000101_10,484745FF,000000FF,,sk000101/sk000101_10,,m000101/m021601_10
ropa,u021601_20_blyR,,f132,u021601/u021601_20,,n000101/n000101_10,,,,sk090101/sk090101_10,,m000101/m021601_10
ropa,u021601_20_dam,,f133,u021601/u021601_20,,n000101/n000101_10,,,,sk000701/sk000701_10,,m000101/m021601_10
ropa,u021601_20_fld,,f134,u021601/u021601_20,,n000101/n000101_10,,,,sk000101/sk000101_10,,m000101/m021601_10
ropa,u021601_20_slv,,f135,u021601/u021601_20,,n000101/n000101_10,,,,sk000501/sk000501_10,,m000101/m021601_10
forma,f136,0,u021651/u021651,,n050101/n050101,,,,sk000201/sk000201,,m000201/m000201,
forma,f136,1,u021651/u021652,,n050101/n050102,,,,sk000201/sk000202,,m000201/m000202,
forma,f136,2,u021651/u021653,,n050101/n050103,,,,sk000201/sk000203,,m000201/m000203,
forma,f136,3,u021651/u021654,,n050101/n050104,,,,sk000201/sk000204,,m000201/m000204,
forma,f136,4,u021651/u021655,,n050101/n050105,,,,sk000201/sk000205,,m000201/m000205,
forma,f136,5,u021651/u021656,,n050101/n050106,,,,sk000201/sk000206,,m000201/m000206,
forma,f136,6,u021651/u021657,,n050101/n050107,,,,sk000201/sk000207,,m000201/m000207,
forma,f136,7,u021651/u021658,,n050101/n050108,,,,sk000201/sk000208,,m000201/m000208,
forma,f136,8,u021651/u021656,,n050101/n050106,,,,sk000201/sk000209,,m000201/m000206,
forma,f136,9,u021651/u021657,,n050101/n050107,,,,sk000201/sk000210,,m000201/m000207,
forma,f136,10,u021651/u021653,,n050101/n050103,,,,sk000201/sk000203,,m000201/m000203,
forma,f136,11,u021651/u021654,,n050101/n050104,,,,sk000201/sk000204,,m000201/m000204,
forma,f136,12,u021651/u021657,,n050101/n050107,,,,sk000201/sk000207,,m000201/m000207,
forma,f136,13,u021651/u021657,,n050101/n050107,,,,sk000201/sk000210,,m000201/m000207,
ropa,u021651_10,,f136,u021651/u021651_10,,n000101/n000101_10,18E7DEFF,000000FF,,sk000201/sk000201_10,,m000101/m021651_10
forma,f137,1,u021691/u021692,,n050101/n050102,,,,sk090201/sk090202,,m000201/m000202,
ropa,u021651_10_blyR,,f137,u021651/u021651_10,,n000101/n000101_10,,,,sk090201/sk090201_10,,m000101/m021651_10
forma,f138,0,u921691/u921691,,n050101/n050101,,,,sk000901/sk000901,,m000201/m000201,
ropa,u021651_10_lsa,,f138,u021651/u021651_10,,n000101/n000101_10,,,,sk000901/sk000901_10,,m000101/m021651_10
forma,f139,0,u921681/u921681,,n050101/n050101,,,,sk000801/sk000801,,m000201/m000201,
forma,f139,4,u921681/u921685,,n050101/n050105,,,,sk000801/sk000805,,m000201/m000205,
ropa,u021651_10_lse,,f139,u021651/u021651_10,,n000101/n000101_10,,,,sk000801/sk000801_10,,m000101/m021651_10
ropa,u021651_20,,f136,u021651/u021651_20,,n000101/n000101_10,484745FF,000000FF,,sk000201/sk000201_10,,m000101/m021651_10
ropa,u021651_20_blyR,,f137,u021651/u021651_20,,n000101/n000101_10,,,,sk090201/sk090201_10,,m000101/m021651_10
ropa,u021651_20_lsa,,f138,u021651/u021651_20,,n000101/n000101_10,,,,sk000901/sk000901_10,,m000101/m021651_10
ropa,u021651_20_lse,,f139,u021651/u021651_20,,n000101/n000101_10,,,,sk000801/sk000801_10,,m000101/m021651_10
ropa,u021701_10,,f18,u000101/u021701_10,,n000101/n000101_10,DEDACFFF,000000FF,,sk000101/sk000101_10,,m000101/m021701_10
ropa,u021701_10_blyR,,f19,u000101/u021701_10,,n000101/n000101_10,,,,sk090101/sk090101_10,,m000101/m021701_10
ropa,u021701_10_dam,,f20,u000101/u021701_10,,n000101/n000101_10,,,,sk000701/sk000701_10,,m000101/m021701_10
ropa,u021701_10_dmn,,f21,u000101/u021701_10,,n000101/n000101_10,,,,sk000101/sk000101_10,,m000101/m021701_10
ropa,u021701_10_fld,,f22,u000101/u021701_10,,n000101/n000101_10,,,,sk000101/sk000101_10,,m000101/m021701_10
ropa,u021701_10_slv,,f23,u000101/u021701_10,,n000101/n000101_10,,,,sk000501/sk000501_10,,m000101/m021701_10
ropa,u021701_20,,f18,u000101/u021701_20,,n000101/n000101_10,B62824FF,000000FF,,sk000101/sk000101_10,,m000101/m021701_10
ropa,u021701_20_blyR,,f19,u000101/u021701_20,,n000101/n000101_10,,,,sk090101/sk090101_10,,m000101/m021701_10
ropa,u021701_20_dam,,f20,u000101/u021701_20,,n000101/n000101_10,,,,sk000701/sk000701_10,,m000101/m021701_10
ropa,u021701_20_dmn,,f21,u000101/u021701_20,,n000101/n000101_10,,,,sk000101/sk000101_10,,m000101/m021701_10
ropa,u021701_20_fld,,f22,u000101/u021701_20,,n000101/n000101_10,,,,sk000101/sk000101_10,,m000101/m021701_10
ropa,u021701_20_slv,,f23,u000101/u021701_20,,n000101/n000101_10,,,,sk000501/sk000501_10,,m000101/m021701_10
ropa,u021751_10,,f24,u000301/u021751_10,,n000101/n000101_10,DEDACFFF,000000FF,,sk000201/sk000201_10,,m000101/m021701_10
ropa,u021751_10_blyR,,f25,u000301/u021751_10,,n000101/n000101_10,,,,sk090201/sk090201_10,,m000101/m021701_10
ropa,u021751_10_lsa,,f26,u000301/u021751_10,,n000101/n000101_10,,,,sk000901/sk000901_10,,m000101/m021701_10
ropa,u021751_10_lse,,f27,u000301/u021751_10,,n000101/n000101_10,,,,sk000801/sk000801_10,,m000101/m021701_10
ropa,u021751_20,,f24,u000301/u021751_20,,n000101/n000101_10,1B1B1BFF,000000FF,,sk000201/sk000201_10,,m000101/m021701_10
ropa,u021751_20_blyR,,f25,u000301/u021751_20,,n000101/n000101_10,,,,sk090201/sk090201_10,,m000101/m021701_10
ropa,u021751_20_lsa,,f26,u000301/u021751_20,,n000101/n000101_10,,,,sk000901/sk000901_10,,m000101/m021701_10
ropa,u021751_20_lse,,f27,u000301/u021751_20,,n000101/n000101_10,,,,sk000801/sk000801_10,,m000101/m021701_10
forma,f140,0,u021801/u021801,,n000101/n000101,,,,sk000101/sk000101,,m000101/m000101,
forma,f140,1,u021801/u021802,,n000101/n000102,,,,sk000101/sk000102,,m000101/m000102,
forma,f140,2,u021801/u021803,,n000101/n000103,,,,sk000101/sk000103,,m000101/m000103,
forma,f140,3,u021801/u021804,,n000101/n000104,,,,sk000101/sk000104,,m000101/m000104,
forma,f140,4,u021801/u021805,,n000101/n000105,,,,sk000101/sk000105,,m000101/m000105,
forma,f140,5,u021801/u021806,,n000101/n000106,,,,sk000101/sk000106,,m000101/m000106,
forma,f140,6,u021801/u021807,,n000101/n000107,,,,sk000101/sk000107,,m000101/m000107,
forma,f140,7,u021801/u021808,,n000101/n000108,,,,sk000101/sk000108,,m000101/m000108,
forma,f140,8,u021801/u021806,,n000101/n000106,,,,sk000101/sk000109,,m000101/m000106,
forma,f140,9,u021801/u021807,,n000101/n000107,,,,sk000101/sk000110,,m000101/m000107,
forma,f140,10,u021801/u021803,,n000101/n000103,,,,sk000101/sk000103,,m000101/m000103,
forma,f140,11,u021801/u021804,,n000101/n000104,,,,sk000101/sk000104,,m000101/m000104,
forma,f140,12,u021801/u021807,,n000101/n000107,,,,sk000101/sk000107,,m000101/m000107,
forma,f140,13,u021801/u021807,,n000101/n000107,,,,sk000101/sk000110,,m000101/m000107,
ropa,u021801_10,,f140,u021801/u021801_10,,n000101/n000106_10,FFD706FF,000000FF,,sk000101/sk000101_10,,m000101/m021801_10
forma,f141,6,u921821/u921827,,n000101/n000107,,,,sk000701/sk000707,,m000101/m000107,
ropa,u021801_10_dam,,f141,u021801/u021801_10,,n000101/n000106_10,,,,sk000701/sk000701_10,,m000101/m021801_10
ropa,u021801_10_dmn,,f21,u021801/u021801_10,,n000101/n000106_10,,,,sk000101/sk000101_10,,m000101/m021801_10
forma,f142,0,u921811/u921811,,n000101/n000101,,,,sk000101/sk000101,,m090151/m090151,
ropa,u021801_10_fld,,f142,u021801/u021801_10,,n000101/n000106_10,,,,sk000101/sk000101_10,,m000101/m021801_10
forma,f143,0,u021811/u021811,,n000101/n000101,,,,sk000501/sk000501,,m000101/m000101,
forma,f143,5,u021811/u021816,,n000101/n000106,,,,sk000501/sk000506,,m000101/m000106,
ropa,u021801_10_slv,,f143,u021801/u021801_10,,n000101/n000106_10,,,,sk000501/sk000501_10,,m000101/m021801_10
ropa,u021801_20,,f140,u021801/u021801_20,,n000101/n000106_10,FFD706FF,000000FF,,sk000101/sk000101_10,,m000101/m021801_10
ropa,u021801_20_dam,,f141,u021801/u021801_20,,n000101/n000106_10,,,,sk000701/sk000701_10,,m000101/m021801_10
ropa,u021801_20_dmn,,f21,u021801/u021801_20,,n000101/n000106_10,,,,sk000101/sk000101_10,,m000101/m021801_10
ropa,u021801_20_fld,,f142,u021801/u021801_20,,n000101/n000106_10,,,,sk000101/sk000101_10,,m000101/m021801_10
ropa,u021801_20_slv,,f143,u021801/u021801_20,,n000101/n000106_10,,,,sk000501/sk000501_10,,m000101/m021801_10
forma,f144,0,u021851/u021851,,n000101/n000101,,,,sk000201/sk000201,,m000201/m000201,
forma,f144,1,u021851/u021852,,n000101/n000102,,,,sk000201/sk000202,,m000201/m000202,
forma,f144,2,u021851/u021853,,n000101/n000103,,,,sk000201/sk000203,,m000201/m000203,
forma,f144,3,u021851/u021854,,n000101/n000104,,,,sk000201/sk000204,,m000201/m000204,
forma,f144,4,u021851/u021855,,n000101/n000105,,,,sk000201/sk000205,,m000201/m000205,
forma,f144,5,u021851/u021856,,n000101/n000106,,,,sk000201/sk000206,,m000201/m000206,
forma,f144,6,u021851/u021857,,n000101/n000107,,,,sk000201/sk000207,,m000201/m000207,
forma,f144,7,u021851/u021858,,n000101/n000108,,,,sk000201/sk000208,,m000201/m000208,
forma,f144,8,u021851/u021856,,n000101/n000106,,,,sk000201/sk000209,,m000201/m000206,
forma,f144,9,u021851/u021857,,n000101/n000107,,,,sk000201/sk000210,,m000201/m000207,
forma,f144,10,u021851/u021853,,n000101/n000103,,,,sk000201/sk000203,,m000201/m000203,
forma,f144,11,u021851/u021854,,n000101/n000104,,,,sk000201/sk000204,,m000201/m000204,
forma,f144,12,u021851/u021857,,n000101/n000107,,,,sk000201/sk000207,,m000201/m000207,
forma,f144,13,u021851/u021857,,n000101/n000107,,,,sk000201/sk000210,,m000201/m000207,
ropa,u021851_10,,f144,u021851/u021851_10,,n000101/n000106_10,B9EA00FF,000000FF,,sk000201/sk000201_10,,m000101/m021801_10
forma,f145,0,u921891/u921891,,n000101/n000101,,,,sk000901/sk000901,,m000201/m000201,
ropa,u021851_10_lsa,,f145,u021851/u021851_10,,n000101/n000106_10,,,,sk000901/sk000901_10,,m000101/m021801_10
forma,f146,0,u921881/u921881,,n000101/n000101,,,,sk000801/sk000801,,m000201/m000201,
forma,f146,4,u921881/u921885,,n000101/n000105,,,,sk000801/sk000805,,m000201/m000205,
ropa,u021851_10_lse,,f146,u021851/u021851_10,,n000101/n000106_10,,,,sk000801/sk000801_10,,m000101/m021801_10
ropa,u021851_20,,f144,u021851/u021851_20,,n000101/n000106_10,B9EA00FF,000000FF,,sk000201/sk000201_10,,m000101/m021801_10
ropa,u021851_20_lsa,,f145,u021851/u021851_20,,n000101/n000106_10,,,,sk000901/sk000901_10,,m000101/m021801_10
ropa,u021851_20_lse,,f146,u021851/u021851_20,,n000101/n000106_10,,,,sk000801/sk000801_10,,m000101/m021801_10
forma,f147,0,u021301/u021301,,n000101/n000101,,,,sk000201/sk000201,,,
forma,f147,1,u021301/u021302,,n000101/n000102,,,,sk000201/sk000202,,,
forma,f147,2,u021301/u021303,,n000101/n000103,,,,sk000201/sk000203,,,
forma,f147,3,u021301/u021304,,n000101/n000104,,,,sk000201/sk000204,,,
forma,f147,4,u021301/u021305,,n000101/n000105,,,,sk000201/sk000205,,,
forma,f147,5,u021301/u021306,,n000101/n000106,,,,sk000201/sk000206,,,
forma,f147,6,u021301/u021307,,n000101/n000107,,,,sk000201/sk000207,,,
forma,f147,7,u021301/u021308,,n000101/n000108,,,,sk000201/sk000208,,,
forma,f147,8,u021301/u021306,,n000101/n000106,,,,sk000201/sk000209,,,
forma,f147,9,u021301/u021307,,n000101/n000107,,,,sk000201/sk000210,,,
forma,f147,10,u021301/u021303,,n000101/n000103,,,,sk000201/sk000203,,,
forma,f147,11,u021301/u021304,,n000101/n000104,,,,sk000201/sk000204,,,
forma,f147,12,u021301/u021307,,n000101/n000107,,,,sk000201/sk000207,,,
forma,f147,13,u021301/u021307,,n000101/n000107,,,,sk000201/sk000210,,,
ropa,u021901_10,,f147,u021301/u021301_10,,n000101/n000101_10,,,,sk000201/sk000201_10,,
ropa,u021901_20,,f147,u021301/u021301_20,,n000101/n000101_10,,,,sk000201/sk000201_10,,
forma,f148,0,u021351/u021351,,n000101/n000101,,,,sk000201/sk000201,,,
forma,f148,1,u021351/u021352,,n000101/n000102,,,,sk000201/sk000202,,,
forma,f148,2,u021351/u021353,,n000101/n000103,,,,sk000201/sk000203,,,
forma,f148,3,u021351/u021354,,n000101/n000104,,,,sk000201/sk000204,,,
forma,f148,4,u021351/u021355,,n000101/n000105,,,,sk000201/sk000205,,,
forma,f148,5,u021351/u021356,,n000101/n000106,,,,sk000201/sk000206,,,
forma,f148,6,u021351/u021357,,n000101/n000107,,,,sk000201/sk000207,,,
forma,f148,7,u021351/u021358,,n000101/n000108,,,,sk000201/sk000208,,,
forma,f148,8,u021351/u021356,,n000101/n000106,,,,sk000201/sk000209,,,
forma,f148,9,u021351/u021357,,n000101/n000107,,,,sk000201/sk000210,,,
forma,f148,10,u021351/u021353,,n000101/n000103,,,,sk000201/sk000203,,,
forma,f148,11,u021351/u021354,,n000101/n000104,,,,sk000201/sk000204,,,
forma,f148,12,u021351/u021357,,n000101/n000107,,,,sk000201/sk000207,,,
forma,f148,13,u021351/u021357,,n000101/n000107,,,,sk000201/sk000210,,,
ropa,u021951_10,,f148,u021351/u021351_10,,n000101/n000101_10,,,,sk000201/sk000201_10,,
ropa,u021951_20,,f148,u021351/u021351_20,,n000101/n000101_10,,,,sk000201/sk000201_10,,
ropa,u027101_10,,f72,u017101/u027101_10,,,,,,sk000301/sk000301_10,,
forma,f149,0,u027201/u027201,,,,,,sk000101/sk000101,,,
forma,f149,2,u027201/u027203,,,,,,sk000101/sk000103,,,
ropa,u027201_10,,f149,u027201/u027201_10,,,,,,sk000101/sk000101_10,,
forma,f150,2,u027201/u027203,,,,,,sk000101/sk000103,,,
ropa,u027201_20,,f150,u027201/u027201_20,,,,,,sk000101/sk000101_10,,
forma,f151,0,u027301/u027301,,,,,,sk000301/sk000301,,,
forma,f151,4,u027301/u027305,,,,,,sk000301/sk000305,,,
ropa,u027301_10,,f151,u027301/u027301_10,,,,,,sk000301/sk000301_10,,
forma,f152,0,u027401/u027401,,,,,,sk000201/sk000201,,,
forma,f152,1,,,,,,,,,,
forma,f152,2,u027401/u027403,,,,,,sk000201/sk000203,,,
forma,f152,4,u027401/u027405,,,,,,sk000201/sk000205,,,
ropa,u027401_10,,f152,u027401/u027401_10,,,,,,sk000201/sk000201_10,,
forma,f153,0,u001301/u001301,,n000101/n000101,,,,sk000101/sk000101,,m000101/m000101,
forma,f153,1,u001301/u001302,,n000101/n000102,,,,sk000101/sk000102,,m000101/m000102,
forma,f153,2,u001301/u001303,,n000101/n000103,,,,sk000101/sk000103,,m000101/m000103,
forma,f153,3,u001301/u001304,,n000101/n000104,,,,sk000101/sk000104,,m000101/m000104,
forma,f153,4,u001301/u001305,,n000101/n000105,,,,sk000101/sk000105,,m000101/m000105,
forma,f153,5,u001301/u001306,,n000101/n000106,,,,sk000101/sk000106,,m000101/m000106,
forma,f153,6,u001301/u001307,,n000101/n000107,,,,sk000101/sk000107,,m000101/m000107,
forma,f153,7,u001301/u001308,,n000101/n000108,,,,sk000101/sk000108,,m000101/m000108,
forma,f153,8,u001301/u001306,,n000101/n000106,,,,sk000101/sk000109,,m000101/m000106,
forma,f153,9,u001301/u001307,,n000101/n000107,,,,sk000101/sk000110,,m000101/m000107,
forma,f153,10,u001301/u001303,,n000101/n000103,,,,sk000101/sk000103,,m000101/m000103,
forma,f153,11,u001301/u001304,,n000101/n000104,,,,sk000101/sk000104,,m000101/m000104,
forma,f153,12,u001301/u001307,,n000101/n000107,,,,sk000101/sk000107,,m000101/m000107,
forma,f153,13,u001301/u001307,,n000101/n000107,,,,sk000101/sk000110,,m000101/m000107,
ropa,u030101_10,,f153,u001301/u030101_10,,n000101/n000101_10,DCCBBBFF,000000FF,,sk000101/sk000101_10,,m000101/m030101_10
forma,f154,1,u091301/u091302,,n000101/n000102,,,,sk090101/sk090102,,m000101/m000102,
ropa,u030101_10_blyR,,f154,u001301/u030101_10,,n000101/n000101_10,,,,sk090101/sk090101_10,,m000101/m030101_10
forma,f155,6,u091361/u091367,,n000101/n000107,,,,sk000701/sk000707,,m000101/m000107,
ropa,u030101_10_dam,,f155,u001301/u030101_10,,n000101/n000101_10,,,,sk000701/sk000701_10,,m000101/m030101_10
forma,f156,0,u091351/u091351,,n000101/n000101,,,,sk000101/sk000101,,m090151/m090151,
ropa,u030101_10_fld,,f156,u001301/u030101_10,,n000101/n000101_10,,,,sk000101/sk000101_10,,m000101/m030101_10
forma,f157,0,u091341/u091341,,n000101/n000101,,,,sk000501/sk000501,,m000101/m000101,
forma,f157,5,u091341/u091346,,n000101/n000106,,,,sk000501/sk000506,,m000101/m000106,
ropa,u030101_10_slv,,f157,u001301/u030101_10,,n000101/n000101_10,,,,sk000501/sk000501_10,,m000101/m030101_10
ropa,u030101_20,,f153,u001301/u030101_20,,n000101/n000101_10,1273B8FF,000000FF,,sk000101/sk000101_10,,m000101/m030101_20
ropa,u030101_20_blyR,,f154,u001301/u030101_20,,n000101/n000101_10,,,,sk090101/sk090101_10,,m000101/m030101_20
ropa,u030101_20_dam,,f155,u001301/u030101_20,,n000101/n000101_10,,,,sk000701/sk000701_10,,m000101/m030101_20
ropa,u030101_20_fld,,f156,u001301/u030101_20,,n000101/n000101_10,,,,sk000101/sk000101_10,,m000101/m030101_20
ropa,u030101_20_slv,,f157,u001301/u030101_20,,n000101/n000101_10,,,,sk000501/sk000501_10,,m000101/m030101_20
ropa,u030151_10,,f105,u001201/u030151_10,,n000101/n000101_10,236466FF,000000FF,,sk000201/sk000201_10,,m000101/m030101_10
ropa,u030151_10_blyR,,f106,u001201/u030151_10,,n000101/n000101_10,,,,sk090201/sk090201_10,,m000101/m030101_10
ropa,u030151_10_lsa,,f107,u001201/u030151_10,,n000101/n000101_10,,,,sk000901/sk000901_10,,m000101/m030101_10
ropa,u030151_10_lse,,f108,u001201/u030151_10,,n000101/n000101_10,,,,sk000801/sk000801_10,,m000101/m030101_10
ropa,u030151_20,,f105,u001201/u030151_20,,n000101/n000101_10,F4EBD9FF,000000FF,,sk000201/sk000201_10,,m000101/m030101_20
ropa,u030151_20_blyR,,f106,u001201/u030151_20,,n000101/n000101_10,,,,sk090201/sk090201_10,,m000101/m030101_20
ropa,u030151_20_lsa,,f107,u001201/u030151_20,,n000101/n000101_10,,,,sk000901/sk000901_10,,m000101/m030101_20
ropa,u030151_20_lse,,f108,u001201/u030151_20,,n000101/n000101_10,,,,sk000801/sk000801_10,,m000101/m030101_20
forma,f158,0,u001201/u001201,,n000101/n000101,,,,sk000301/sk000301,,m000201/m000201,
forma,f158,1,u001201/u001202,,n000101/n000102,,,,sk000301/sk000302,,m000201/m000202,
forma,f158,2,u001201/u001203,,n000101/n000103,,,,sk000301/sk000303,,m000201/m000203,
forma,f158,3,u001201/u001204,,n000101/n000104,,,,sk000301/sk000304,,m000201/m000204,
forma,f158,4,u001201/u001205,,n000101/n000105,,,,sk000301/sk000305,,m000201/m000205,
forma,f158,5,u001201/u001206,,n000101/n000106,,,,sk000301/sk000306,,m000201/m000206,
forma,f158,6,u001201/u001207,,n000101/n000107,,,,sk000301/sk000307,,m000201/m000207,
forma,f158,7,u001201/u001208,,n000101/n000108,,,,sk000301/sk000308,,m000201/m000208,
forma,f158,8,u001201/u001206,,n000101/n000106,,,,sk000301/sk000309,,m000201/m000206,
forma,f158,9,u001201/u001207,,n000101/n000107,,,,sk000301/sk000310,,m000201/m000207,
forma,f158,10,u001201/u001203,,n000101/n000103,,,,sk000301/sk000303,,m000201/m000203,
forma,f158,11,u001201/u001204,,n000101/n000104,,,,sk000301/sk000304,,m000201/m000204,
forma,f158,12,u001201/u001207,,n000101/n000107,,,,sk000301/sk000307,,m000201/m000207,
forma,f158,13,u001201/u001207,,n000101/n000107,,,,sk000301/sk000310,,m000201/m000207,
ropa,u030201_10,,f158,u001201/u030201_10,,n000101/n000101_10,444444FF,000000FF,,sk000301/sk000301_10,,m000101/m030201_10
forma,f159,1,u091201/u091202,,n000101/n000102,,,,sk090301/sk090302,,m000201/m000202,
ropa,u030201_10_blyR,,f159,u001201/u030201_10,,n000101/n000101_10,,,,sk090301/sk090301_10,,m000101/m030201_10
forma,f160,0,u091281/u091281,,n000101/n000101,,,,sk002901/sk002901,,m000201/m000201,
ropa,u030201_10_lsa,,f160,u001201/u030201_10,,n000101/n000101_10,,,,sk002901/sk002901_10,,m000101/m030201_10
forma,f161,0,u091271/u091271,,n000101/n000101,,,,sk002801/sk002801,,m000201/m000201,
forma,f161,4,u091271/u091275,,n000101/n000105,,,,sk002801/sk002805,,m000201/m000205,
ropa,u030201_10_lse,,f161,u001201/u030201_10,,n000101/n000101_10,,,,sk002801/sk002801_10,,m000101/m030201_10
ropa,u030201_20,,f158,u001201/u030201_20,,n000101/n000101_10,DEE2EDFF,000000FF,,sk000301/sk000301_10,,m000101/m030201_10
ropa,u030201_20_blyR,,f159,u001201/u030201_20,,n000101/n000101_10,,,,sk090301/sk090301_10,,m000101/m030201_10
ropa,u030201_20_lsa,,f160,u001201/u030201_20,,n000101/n000101_10,,,,sk002901/sk002901_10,,m000101/m030201_10
ropa,u030201_20_lse,,f161,u001201/u030201_20,,n000101/n000101_10,,,,sk002801/sk002801_10,,m000101/m030201_10
ropa,u030251_10,,f33,u000201/u030251_10,,n000101/n000101_10,D7E0CFFF,000000FF,,sk000201/sk000201_10,,m000101/m030201_10
ropa,u030251_10_blyR,,f34,u000201/u030251_10,,n000101/n000101_10,,,,sk090201/sk090201_10,,m000101/m030201_10
ropa,u030251_10_lsa,,f35,u000201/u030251_10,,n000101/n000101_10,,,,sk000901/sk000901_10,,m000101/m030201_10
ropa,u030251_10_lse,,f36,u000201/u030251_10,,n000101/n000101_10,,,,sk000801/sk000801_10,,m000101/m030201_10
ropa,u030251_20,,f33,u000201/u030251_20,,n000101/n000101_10,D7E0CFFF,000000FF,,sk000201/sk000201_10,,m000101/m030201_10
ropa,u030251_20_blyR,,f34,u000201/u030251_20,,n000101/n000101_10,,,,sk090201/sk090201_10,,m000101/m030201_10
ropa,u030251_20_lsa,,f35,u000201/u030251_20,,n000101/n000101_10,,,,sk000901/sk000901_10,,m000101/m030201_10
ropa,u030251_20_lse,,f36,u000201/u030251_20,,n000101/n000101_10,,,,sk000801/sk000801_10,,m000101/m030201_10
ropa,u030301_10,,f100,u001101/u030301_10,,n000101/n000101_10,32796AFF,000000FF,,sk000101/sk000101_10,,m000101/m030301_10
ropa,u030301_10_blyR,,f101,u001101/u030301_10,,n000101/n000101_10,,,,sk090101/sk090101_10,,m000101/m030301_10
ropa,u030301_10_dam,,f102,u001101/u030301_10,,n000101/n000101_10,,,,sk000701/sk000701_10,,m000101/m030301_10
ropa,u030301_10_fld,,f103,u001101/u030301_10,,n000101/n000101_10,,,,sk000101/sk000101_10,,m000101/m030301_10
ropa,u030301_10_slv,,f104,u001101/u030301_10,,n000101/n000101_10,,,,sk000501/sk000501_10,,m000101/m030301_10
ropa,u030301_20,,f100,u001101/u030301_20,,n000101/n000101_10,6E8982FF,000000FF,,sk000101/sk000101_10,,m000101/m030301_10
ropa,u030301_20_blyR,,f101,u001101/u030301_20,,n000101/n000101_10,,,,sk090101/sk090101_10,,m000101/m030301_10
ropa,u030301_20_dam,,f102,u001101/u030301_20,,n000101/n000101_10,,,,sk000701/sk000701_10,,m000101/m030301_10
ropa,u030301_20_fld,,f103,u001101/u030301_20,,n000101/n000101_10,,,,sk000101/sk000101_10,,m000101/m030301_10
ropa,u030301_20_slv,,f104,u001101/u030301_20,,n000101/n000101_10,,,,sk000501/sk000501_10,,m000101/m030301_10
ropa,u030351_10,,f105,u001201/u030351_10,,n000101/n000101_10,782368FF,000000FF,,sk000201/sk000201_10,,m000101/m030301_10
ropa,u030351_10_blyR,,f106,u001201/u030351_10,,n000101/n000101_10,,,,sk090201/sk090201_10,,m000101/m030301_10
ropa,u030351_10_lsa,,f107,u001201/u030351_10,,n000101/n000101_10,,,,sk000901/sk000901_10,,m000101/m030301_10
ropa,u030351_10_lse,,f108,u001201/u030351_10,,n000101/n000101_10,,,,sk000801/sk000801_10,,m000101/m030301_10
ropa,u030351_20,,f105,u001201/u030351_20,,n000101/n000101_10,782368FF,000000FF,,sk000201/sk000201_10,,m000101/m030301_10
ropa,u030351_20_blyR,,f106,u001201/u030351_20,,n000101/n000101_10,,,,sk090201/sk090201_10,,m000101/m030301_10
ropa,u030351_20_lsa,,f107,u001201/u030351_20,,n000101/n000101_10,,,,sk000901/sk000901_10,,m000101/m030301_10
ropa,u030351_20_lse,,f108,u001201/u030351_20,,n000101/n000101_10,,,,sk000801/sk000801_10,,m000101/m030301_10
ropa,u030401_10,,f18,u000101/u030401_10,,n000101/n000101_10,4B514FFF,000000FF,,sk000101/sk000101_10,,m000101/m030401_10
ropa,u030401_10_blyR,,f19,u000101/u030401_10,,n000101/n000101_10,,,,sk090101/sk090101_10,,m000101/m030401_10
ropa,u030401_10_dam,,f20,u000101/u030401_10,,n000101/n000101_10,,,,sk000701/sk000701_10,,m000101/m030401_10
ropa,u030401_10_fld,,f22,u000101/u030401_10,,n000101/n000101_10,,,,sk000101/sk000101_10,,m000101/m030401_10
ropa,u030401_10_slv,,f23,u000101/u030401_10,,n000101/n000101_10,,,,sk000501/sk000501_10,,m000101/m030401_10
ropa,u030401_20,,f18,u000101/u030401_20,,n000101/n000101_10,D9C167FF,000000FF,,sk000101/sk000101_10,,m000101/m030401_10
ropa,u030401_20_blyR,,f19,u000101/u030401_20,,n000101/n000101_10,,,,sk090101/sk090101_10,,m000101/m030401_10
ropa,u030401_20_dam,,f20,u000101/u030401_20,,n000101/n000101_10,,,,sk000701/sk000701_10,,m000101/m030401_10
ropa,u030401_20_fld,,f22,u000101/u030401_20,,n000101/n000101_10,,,,sk000101/sk000101_10,,m000101/m030401_10
ropa,u030401_20_slv,,f23,u000101/u030401_20,,n000101/n000101_10,,,,sk000501/sk000501_10,,m000101/m030401_10
ropa,u030451_10,,f105,u001201/u030451_10,,n000101/n000101_10,32394BFF,000000FF,,sk000201/sk000201_10,,m000101/m030401_10
ropa,u030451_10_blyR,,f106,u001201/u030451_10,,n000101/n000101_10,,,,sk090201/sk090201_10,,m000101/m030401_10
ropa,u030451_10_lsa,,f107,u001201/u030451_10,,n000101/n000101_10,,,,sk000901/sk000901_10,,m000101/m030401_10
ropa,u030451_10_lse,,f108,u001201/u030451_10,,n000101/n000101_10,,,,sk000801/sk000801_10,,m000101/m030401_10
ropa,u030451_20,,f105,u001201/u030451_20,,n000101/n000101_10,50827FFF,000000FF,,sk000201/sk000201_10,,m000101/m030401_10
ropa,u030451_20_blyR,,f106,u001201/u030451_20,,n000101/n000101_10,,,,sk090201/sk090201_10,,m000101/m030401_10
ropa,u030451_20_lsa,,f107,u001201/u030451_20,,n000101/n000101_10,,,,sk000901/sk000901_10,,m000101/m030401_10
ropa,u030451_20_lse,,f108,u001201/u030451_20,,n000101/n000101_10,,,,sk000801/sk000801_10,,m000101/m030401_10
ropa,u030501_10,,f100,u001101/u030501_10,,n000101/n000101_10,D8C8B8FF,000000FF,,sk000101/sk000101_10,,m000101/m030501_10
ropa,u030501_10_blyR,,f101,u001101/u030501_10,,n000101/n000101_10,,,,sk090101/sk090101_10,,m000101/m030501_10
ropa,u030501_10_dam,,f102,u001101/u030501_10,,n000101/n000101_10,,,,sk000701/sk000701_10,,m000101/m030501_10
ropa,u030501_10_fld,,f103,u001101/u030501_10,,n000101/n000101_10,,,,sk000101/sk000101_10,,m000101/m030501_10
ropa,u030501_10_slv,,f104,u001101/u030501_10,,n000101/n000101_10,,,,sk000501/sk000501_10,,m000101/m030501_10
ropa,u030501_20,,f100,u001101/u030501_20,,n000101/n000101_10,E23026FF,000000FF,,sk000101/sk000101_10,,m000101/m030501_10
ropa,u030501_20_blyR,,f101,u001101/u030501_20,,n000101/n000101_10,,,,sk090101/sk090101_10,,m000101/m030501_10
ropa,u030501_20_dam,,f102,u001101/u030501_20,,n000101/n000101_10,,,,sk000701/sk000701_10,,m000101/m030501_10
ropa,u030501_20_fld,,f103,u001101/u030501_20,,n000101/n000101_10,,,,sk000101/sk000101_10,,m000101/m030501_10
ropa,u030501_20_slv,,f104,u001101/u030501_20,,n000101/n000101_10,,,,sk000501/sk000501_10,,m000101/m030501_10
ropa,u030551_10,,f105,u001201/u030551_10,,n000101/n000101_10,D8C8B8FF,000000FF,,sk000201/sk000201_10,,m000101/m030501_10
ropa,u030551_10_blyR,,f106,u001201/u030551_10,,n000101/n000101_10,,,,sk090201/sk090201_10,,m000101/m030501_10
ropa,u030551_10_lsa,,f107,u001201/u030551_10,,n000101/n000101_10,,,,sk000901/sk000901_10,,m000101/m030501_10
ropa,u030551_10_lse,,f108,u001201/u030551_10,,n000101/n000101_10,,,,sk000801/sk000801_10,,m000101/m030501_10
ropa,u030551_20,,f105,u001201/u030551_20,,n000101/n000101_10,DCCCBCFF,000000FF,,sk000201/sk000201_10,,m000101/m030501_10
ropa,u030551_20_blyR,,f106,u001201/u030551_20,,n000101/n000101_10,,,,sk090201/sk090201_10,,m000101/m030501_10
ropa,u030551_20_lsa,,f107,u001201/u030551_20,,n000101/n000101_10,,,,sk000901/sk000901_10,,m000101/m030501_10
ropa,u030551_20_lse,,f108,u001201/u030551_20,,n000101/n000101_10,,,,sk000801/sk000801_10,,m000101/m030501_10
ropa,u030601_10,,f158,u001201/u030601_10,,n000101/n000101_10,244980FF,000000FF,,sk000301/sk000301_10,,m000101/m030601_10
ropa,u030601_10_blyR,,f159,u001201/u030601_10,,n000101/n000101_10,,,,sk090301/sk090301_10,,m000101/m030601_10
ropa,u030601_10_lsa,,f160,u001201/u030601_10,,n000101/n000101_10,,,,sk002901/sk002901_10,,m000101/m030601_10
ropa,u030601_10_lse,,f161,u001201/u030601_10,,n000101/n000101_10,,,,sk002801/sk002801_10,,m000101/m030601_10
ropa,u030601_20,,f158,u001201/u030601_20,,n000101/n000101_10,EFE6E1FF,000000FF,,sk000301/sk000301_10,,m000101/m030601_20
ropa,u030601_20_blyR,,f159,u001201/u030601_20,,n000101/n000101_10,,,,sk090301/sk090301_10,,m000101/m030601_20
ropa,u030601_20_lsa,,f160,u001201/u030601_20,,n000101/n000101_10,,,,sk002901/sk002901_10,,m000101/m030601_20
ropa,u030601_20_lse,,f161,u001201/u030601_20,,n000101/n000101_10,,,,sk002801/sk002801_10,,m000101/m030601_20
ropa,u030651_10,,f105,u001201/u030651_10,,n000101/n000101_10,EFE6DDFF,000000FF,,sk000201/sk000201_10,,m000101/m030601_10
ropa,u030651_10_blyR,,f106,u001201/u030651_10,,n000101/n000101_10,,,,sk090201/sk090201_10,,m000101/m030601_10
ropa,u030651_10_lsa,,f107,u001201/u030651_10,,n000101/n000101_10,,,,sk000901/sk000901_10,,m000101/m030601_10
ropa,u030651_10_lse,,f108,u001201/u030651_10,,n000101/n000101_10,,,,sk000801/sk000801_10,,m000101/m030601_10
ropa,u030651_20,,f105,u001201/u030651_20,,n000101/n000101_10,BBB6B0FF,000000FF,,sk000201/sk000201_10,,m000101/m030601_20
ropa,u030651_20_blyR,,f106,u001201/u030651_20,,n000101/n000101_10,,,,sk090201/sk090201_10,,m000101/m030601_20
ropa,u030651_20_lsa,,f107,u001201/u030651_20,,n000101/n000101_10,,,,sk000901/sk000901_10,,m000101/m030601_20
ropa,u030651_20_lse,,f108,u001201/u030651_20,,n000101/n000101_10,,,,sk000801/sk000801_10,,m000101/m030601_20
forma,f162,0,u000501/u000501,,n000101/n000101,,,,sk000301/sk000301,,m000201/m000201,
forma,f162,1,u000501/u000502,,n000101/n000102,,,,sk000301/sk000302,,m000201/m000202,
forma,f162,2,u000501/u000503,,n000101/n000103,,,,sk000301/sk000303,,m000201/m000203,
forma,f162,3,u000501/u000504,,n000101/n000104,,,,sk000301/sk000304,,m000201/m000204,
forma,f162,4,u000501/u000505,,n000101/n000105,,,,sk000301/sk000305,,m000201/m000205,
forma,f162,5,u000501/u000506,,n000101/n000106,,,,sk000301/sk000306,,m000201/m000206,
forma,f162,6,u000501/u000507,,n000101/n000107,,,,sk000301/sk000307,,m000201/m000207,
forma,f162,7,u000501/u000508,,n000101/n000108,,,,sk000301/sk000308,,m000201/m000208,
forma,f162,8,u000501/u000506,,n000101/n000106,,,,sk000301/sk000309,,m000201/m000206,
forma,f162,9,u000501/u000507,,n000101/n000107,,,,sk000301/sk000310,,m000201/m000207,
forma,f162,10,u000501/u000503,,n000101/n000103,,,,sk000301/sk000303,,m000201/m000203,
forma,f162,11,u000501/u000504,,n000101/n000104,,,,sk000301/sk000304,,m000201/m000204,
forma,f162,12,u000501/u000507,,n000101/n000107,,,,sk000301/sk000307,,m000201/m000207,
forma,f162,13,u000501/u000507,,n000101/n000107,,,,sk000301/sk000310,,m000201/m000207,
ropa,u030701_10,,f162,u000501/u030701_10,,n000101/n000101_10,E0D4C4FF,000000FF,,sk000301/sk000301_10,,m000101/m030701_10
forma,f163,1,u090501/u090502,,n000101/n000102,,,,sk090301/sk090302,,m000201/m000202,
ropa,u030701_10_blyR,,f163,u000501/u030701_10,,n000101/n000101_10,,,,sk090301/sk090301_10,,m000101/m030701_10
forma,f164,0,u090581/u090581,,n000101/n000101,,,,sk002901/sk002901,,m000201/m000201,
ropa,u030701_10_lsa,,f164,u000501/u030701_10,,n000101/n000101_10,,,,sk002901/sk002901_10,,m000101/m030701_10
forma,f165,0,u090571/u090571,,n000101/n000101,,,,sk002801/sk002801,,m000201/m000201,
forma,f165,4,u090571/u090575,,n000101/n000105,,,,sk002801/sk002805,,m000201/m000205,
ropa,u030701_10_lse,,f165,u000501/u030701_10,,n000101/n000101_10,,,,sk002801/sk002801_10,,m000101/m030701_10
ropa,u030701_20,,f162,u000501/u030701_20,,n000101/n000101_10,2D3A42FF,000000FF,,sk000301/sk000301_10,,m000101/m030701_10
ropa,u030701_20_blyR,,f163,u000501/u030701_20,,n000101/n000101_10,,,,sk090301/sk090301_10,,m000101/m030701_10
ropa,u030701_20_lsa,,f164,u000501/u030701_20,,n000101/n000101_10,,,,sk002901/sk002901_10,,m000101/m030701_10
ropa,u030701_20_lse,,f165,u000501/u030701_20,,n000101/n000101_10,,,,sk002801/sk002801_10,,m000101/m030701_10
ropa,u030751_10,,f29,u000501/u030751_10,,n000101/n000101_10,D8D5C6FF,000000FF,,sk000201/sk000201_10,,m000101/m030701_10
ropa,u030751_10_blyR,,f30,u000501/u030751_10,,n000101/n000101_10,,,,sk090201/sk090201_10,,m000101/m030701_10
ropa,u030751_10_lsa,,f31,u000501/u030751_10,,n000101/n000101_10,,,,sk000901/sk000901_10,,m000101/m030701_10
ropa,u030751_10_lse,,f32,u000501/u030751_10,,n000101/n000101_10,,,,sk000801/sk000801_10,,m000101/m030701_10
ropa,u030751_20,,f29,u000501/u030751_20,,n000101/n000101_10,D6D7C9FF,000000FF,,sk000201/sk000201_10,,m000101/m030701_10
ropa,u030751_20_blyR,,f30,u000501/u030751_20,,n000101/n000101_10,,,,sk090201/sk090201_10,,m000101/m030701_10
ropa,u030751_20_lsa,,f31,u000501/u030751_20,,n000101/n000101_10,,,,sk000901/sk000901_10,,m000101/m030701_10
ropa,u030751_20_lse,,f32,u000501/u030751_20,,n000101/n000101_10,,,,sk000801/sk000801_10,,m000101/m030701_10
ropa,u030801_10,,f100,u001101/u030801_10,,n000101/n000101_10,193755FF,000000FF,,sk000101/sk000101_10,,m000101/m030801_10
ropa,u030801_10_blyR,,f101,u001101/u030801_10,,n000101/n000101_10,,,,sk090101/sk090101_10,,m000101/m030801_10
ropa,u030801_10_dam,,f102,u001101/u030801_10,,n000101/n000101_10,,,,sk000701/sk000701_10,,m000101/m030801_10
ropa,u030801_10_fld,,f103,u001101/u030801_10,,n000101/n000101_10,,,,sk000101/sk000101_10,,m000101/m030801_10
ropa,u030801_10_slv,,f104,u001101/u030801_10,,n000101/n000101_10,,,,sk000501/sk000501_10,,m000101/m030801_10
ropa,u030801_20,,f100,u001101/u030801_20,,n000101/n000101_10,C4C19AFF,000000FF,,sk000101/sk000101_10,,m000101/m030801_10
ropa,u030801_20_blyR,,f101,u001101/u030801_20,,n000101/n000101_10,,,,sk090101/sk090101_10,,m000101/m030801_10
ropa,u030801_20_dam,,f102,u001101/u030801_20,,n000101/n000101_10,,,,sk000701/sk000701_10,,m000101/m030801_10
ropa,u030801_20_fld,,f103,u001101/u030801_20,,n000101/n000101_10,,,,sk000101/sk000101_10,,m000101/m030801_10
ropa,u030801_20_slv,,f104,u001101/u030801_20,,n000101/n000101_10,,,,sk000501/sk000501_10,,m000101/m030801_10
ropa,u030851_10,,f33,u000201/u030851_10,,n000101/n000101_10,E9CB84FF,000000FF,,sk000201/sk000201_10,,m000101/m030801_10
ropa,u030851_10_blyR,,f34,u000201/u030851_10,,n000101/n000101_10,,,,sk090201/sk090201_10,,m000101/m030801_10
ropa,u030851_10_lsa,,f35,u000201/u030851_10,,n000101/n000101_10,,,,sk000901/sk000901_10,,m000101/m030801_10
ropa,u030851_10_lse,,f36,u000201/u030851_10,,n000101/n000101_10,,,,sk000801/sk000801_10,,m000101/m030801_10
ropa,u030851_20,,f33,u000201/u030851_20,,n000101/n000101_10,3B3831FF,000000FF,,sk000201/sk000201_10,,m000101/m030801_10
ropa,u030851_20_blyR,,f34,u000201/u030851_20,,n000101/n000101_10,,,,sk090201/sk090201_10,,m000101/m030801_10
ropa,u030851_20_lsa,,f35,u000201/u030851_20,,n000101/n000101_10,,,,sk000901/sk000901_10,,m000101/m030801_10
ropa,u030851_20_lse,,f36,u000201/u030851_20,,n000101/n000101_10,,,,sk000801/sk000801_10,,m000101/m030801_10
ropa,u030901_10,,f18,u000101/u030901_10,,n000101/n000101_10,313453FF,000000FF,,sk000101/sk000101_10,,m000101/m030901_10
ropa,u030901_10_blyR,,f19,u000101/u030901_10,,n000101/n000101_10,,,,sk090101/sk090101_10,,m000101/m030901_10
ropa,u030901_10_dam,,f20,u000101/u030901_10,,n000101/n000101_10,,,,sk000701/sk000701_10,,m000101/m030901_10
ropa,u030901_10_fld,,f22,u000101/u030901_10,,n000101/n000101_10,,,,sk000101/sk000101_10,,m000101/m030901_10
ropa,u030901_10_slv,,f23,u000101/u030901_10,,n000101/n000101_10,,,,sk000501/sk000501_10,,m000101/m030901_10
ropa,u030901_20,,f18,u000101/u030901_20,,n000101/n000101_10,C6C9CEFF,000000FF,,sk000101/sk000101_10,,m000101/m030901_10
ropa,u030901_20_blyR,,f19,u000101/u030901_20,,n000101/n000101_10,,,,sk090101/sk090101_10,,m000101/m030901_10
ropa,u030901_20_dam,,f20,u000101/u030901_20,,n000101/n000101_10,,,,sk000701/sk000701_10,,m000101/m030901_10
ropa,u030901_20_fld,,f22,u000101/u030901_20,,n000101/n000101_10,,,,sk000101/sk000101_10,,m000101/m030901_10
ropa,u030901_20_slv,,f23,u000101/u030901_20,,n000101/n000101_10,,,,sk000501/sk000501_10,,m000101/m030901_10
ropa,u030951_10,,f33,u000201/u030951_10,,n000101/n000101_10,D8C8B8FF,000000FF,,sk000201/sk000201_10,,m000101/m030901_10
ropa,u030951_10_blyR,,f34,u000201/u030951_10,,n000101/n000101_10,,,,sk090201/sk090201_10,,m000101/m030901_10
ropa,u030951_10_lsa,,f35,u000201/u030951_10,,n000101/n000101_10,,,,sk000901/sk000901_10,,m000101/m030901_10
ropa,u030951_10_lse,,f36,u000201/u030951_10,,n000101/n000101_10,,,,sk000801/sk000801_10,,m000101/m030901_10
ropa,u030951_20,,f33,u000201/u030951_20,,n000101/n000101_10,D8C8B8FF,000000FF,,sk000201/sk000201_10,,m000101/m030901_10
ropa,u030951_20_blyR,,f34,u000201/u030951_20,,n000101/n000101_10,,,,sk090201/sk090201_10,,m000101/m030901_10
ropa,u030951_20_lsa,,f35,u000201/u030951_20,,n000101/n000101_10,,,,sk000901/sk000901_10,,m000101/m030901_10
ropa,u030951_20_lse,,f36,u000201/u030951_20,,n000101/n000101_10,,,,sk000801/sk000801_10,,m000101/m030901_10
forma,f166,0,u031001/u031001,,n000101/n000101,,,,sk000201/sk000201,,m000201/m000201,
forma,f166,1,u031001/u031002,,n000101/n000102,,,,sk000201/sk000202,,m000201/m000202,
forma,f166,2,u031001/u031003,,n000101/n000103,,,,sk000201/sk000203,,m000201/m000203,
forma,f166,3,u031001/u031004,,n000101/n000104,,,,sk000201/sk000204,,m000201/m000204,
forma,f166,4,u031001/u031005,,n000101/n000105,,,,sk000201/sk000205,,m000201/m000205,
forma,f166,5,u031001/u031006,,n000101/n000106,,,,sk000201/sk000206,,m000201/m000206,
forma,f166,6,u031001/u031007,,n000101/n000107,,,,sk000201/sk000207,,m000201/m000207,
forma,f166,7,u031001/u031008,,n000101/n000108,,,,sk000201/sk000208,,m000201/m000208,
forma,f166,8,u031001/u031006,,n000101/n000106,,,,sk000201/sk000209,,m000201/m000206,
forma,f166,9,u031001/u031007,,n000101/n000107,,,,sk000201/sk000210,,m000201/m000207,
forma,f166,10,u031001/u031003,,n000101/n000103,,,,sk000201/sk000203,,m000201/m000203,
forma,f166,11,u031001/u031004,,n000101/n000104,,,,sk000201/sk000204,,m000201/m000204,
forma,f166,12,u031001/u031007,,n000101/n000107,,,,sk000201/sk000207,,m000201/m000207,
forma,f166,13,u031001/u031007,,n000101/n000107,,,,sk000201/sk000210,,m000201/m000207,
ropa,u031001_10,,f166,u031001/u031001_10,,n000101/n000101_10,DDDDDDFF,000000FF,,sk000201/sk000201_10,,m000101/m031001_10
forma,f167,1,u031041/u031042,,n000101/n000102,,,,sk090201/sk090202,,m000101/m000102,
ropa,u031001_10_blyR,,f167,u031001/u031001_10,,n000101/n000101_10,,,,sk090201/sk090201_10,,m000101/m031001_10
forma,f168,6,u931021/u931027,,n000101/n000107,,,,sk000701/sk000707,,m000101/m000107,
ropa,u031001_10_dam,,f168,u031001/u031001_10,,n000101/n000101_10,,,,sk000701/sk000701_10,,m000101/m031001_10
forma,f169,0,u931011/u931011,,n000101/n000101,,,,sk000101/sk000101,,m090151/m090151,
ropa,u031001_10_fld,,f169,u031001/u031001_10,,n000101/n000101_10,,,,sk000101/sk000101_10,,m000101/m031001_10
forma,f170,0,u031011/u031011,,n000101/n000101,,,,sk000501/sk000501,,m000101/m000101,
forma,f170,5,u031011/u031016,,n000101/n000106,,,,sk000501/sk000506,,m000101/m000106,
ropa,u031001_10_slv,,f170,u031001/u031001_10,,n000101/n000101_10,,,,sk000501/sk000501_10,,m000101/m031001_10
ropa,u031001_20,,f166,u031001/u031001_20,,n000101/n000101_10,393A3FFF,000000FF,,sk000201/sk000201_10,,m000101/m031001_10
ropa,u031001_20_blyR,,f167,u031001/u031001_20,,n000101/n000101_10,,,,sk090201/sk090201_10,,m000101/m031001_10
ropa,u031001_20_dam,,f168,u031001/u031001_20,,n000101/n000101_10,,,,sk000701/sk000701_10,,m000101/m031001_10
ropa,u031001_20_fld,,f169,u031001/u031001_20,,n000101/n000101_10,,,,sk000101/sk000101_10,,m000101/m031001_10
ropa,u031001_20_slv,,f170,u031001/u031001_20,,n000101/n000101_10,,,,sk000501/sk000501_10,,m000101/m031001_10
forma,f171,0,u031051/u031051,,n000101/n000101,,,,sk000201/sk000201,,m000201/m000201,
forma,f171,1,u031051/u031052,,n000101/n000102,,,,sk000201/sk000202,,m000201/m000202,
forma,f171,2,u031051/u031053,,n000101/n000103,,,,sk000201/sk000203,,m000201/m000203,
forma,f171,3,u031051/u031054,,n000101/n000104,,,,sk000201/sk000204,,m000201/m000204,
forma,f171,4,u031051/u031055,,n000101/n000105,,,,sk000201/sk000205,,m000201/m000205,
forma,f171,5,u031051/u031056,,n000101/n000106,,,,sk000201/sk000206,,m000201/m000206,
forma,f171,6,u031051/u031057,,n000101/n000107,,,,sk000201/sk000207,,m000201/m000207,
forma,f171,7,u031051/u031058,,n000101/n000108,,,,sk000201/sk000208,,m000201/m000208,
forma,f171,8,u031051/u031056,,n000101/n000106,,,,sk000201/sk000209,,m000201/m000206,
forma,f171,9,u031051/u031057,,n000101/n000107,,,,sk000201/sk000210,,m000201/m000207,
forma,f171,10,u031051/u031053,,n000101/n000103,,,,sk000201/sk000203,,m000201/m000203,
forma,f171,11,u031051/u031054,,n000101/n000104,,,,sk000201/sk000204,,m000201/m000204,
forma,f171,12,u031051/u031057,,n000101/n000107,,,,sk000201/sk000207,,m000201/m000207,
forma,f171,13,u031051/u031057,,n000101/n000107,,,,sk000201/sk000210,,m000201/m000207,
ropa,u031051_10,,f171,u031051/u031051_10,,n000101/n000101_10,DADADAFF,000000FF,,sk000201/sk000201_10,,m000101/m031001_10
forma,f172,1,u031091/u031092,,n000101/n000102,,,,sk090201/sk090202,,m000201/m000202,
ropa,u031051_10_blyR,,f172,u031051/u031051_10,,n000101/n000101_10,,,,sk090201/sk090201_10,,m000101/m031001_10
forma,f173,0,u931091/u931091,,n000101/n000101,,,,sk000901/sk000901,,m000201/m000201,
ropa,u031051_10_lsa,,f173,u031051/u031051_10,,n000101/n000101_10,,,,sk000901/sk000901_10,,m000101/m031001_10
forma,f174,0,u931081/u931081,,n000101/n000101,,,,sk000801/sk000801,,m000201/m000201,
forma,f174,4,u931081/u931085,,n000101/n000105,,,,sk000801/sk000805,,m000201/m000205,
ropa,u031051_10_lse,,f174,u031051/u031051_10,,n000101/n000101_10,,,,sk000801/sk000801_10,,m000101/m031001_10
ropa,u031051_20,,f171,u031051/u031051_20,,n000101/n000101_10,DEDCDFFF,000000FF,,sk000201/sk000201_10,,m000101/m031001_10
ropa,u031051_20_blyR,,f172,u031051/u031051_20,,n000101/n000101_10,,,,sk090201/sk090201_10,,m000101/m031001_10
ropa,u031051_20_lsa,,f173,u031051/u031051_20,,n000101/n000101_10,,,,sk000901/sk000901_10,,m000101/m031001_10
ropa,u031051_20_lse,,f174,u031051/u031051_20,,n000101/n000101_10,,,,sk000801/sk000801_10,,m000101/m031001_10
ropa,u031101_10,,f162,u000501/u031101_10,,n000101/n000101_10,DDCFB5FF,000000FF,,sk000301/sk000301_10,,m000101/m031101_10
ropa,u031101_10_blyR,,f163,u000501/u031101_10,,n000101/n000101_10,,,,sk090301/sk090301_10,,m000101/m031101_10
ropa,u031101_10_lsa,,f164,u000501/u031101_10,,n000101/n000101_10,,,,sk002901/sk002901_10,,m000101/m031101_10
ropa,u031101_10_lse,,f165,u000501/u031101_10,,n000101/n000101_10,,,,sk002801/sk002801_10,,m000101/m031101_10
ropa,u031101_20,,f162,u000501/u031101_20,,n000101/n000101_10,484A71FF,000000FF,,sk000301/sk000301_10,,m000101/m031101_10
ropa,u031101_20_blyR,,f163,u000501/u031101_20,,n000101/n000101_10,,,,sk090301/sk090301_10,,m000101/m031101_10
ropa,u031101_20_lsa,,f164,u000501/u031101_20,,n000101/n000101_10,,,,sk002901/sk002901_10,,m000101/m031101_10
ropa,u031101_20_lse,,f165,u000501/u031101_20,,n000101/n000101_10,,,,sk002801/sk002801_10,,m000101/m031101_10
ropa,u031151_10,,f29,u000501/u031151_10,,n000101/n000101_10,DDCFB5FF,000000FF,,sk000201/sk000201_10,,m000101/m031101_10
ropa,u031151_10_blyR,,f30,u000501/u031151_10,,n000101/n000101_10,,,,sk090201/sk090201_10,,m000101/m031101_10
ropa,u031151_10_lsa,,f31,u000501/u031151_10,,n000101/n000101_10,,,,sk000901/sk000901_10,,m000101/m031101_10
ropa,u031151_10_lse,,f32,u000501/u031151_10,,n000101/n000101_10,,,,sk000801/sk000801_10,,m000101/m031101_10
ropa,u031151_20,,f29,u000501/u031151_20,,n000101/n000101_10,DDCFB5FF,000000FF,,sk000201/sk000201_10,,m000101/m031101_10
ropa,u031151_20_blyR,,f30,u000501/u031151_20,,n000101/n000101_10,,,,sk090201/sk090201_10,,m000101/m031101_10
ropa,u031151_20_lsa,,f31,u000501/u031151_20,,n000101/n000101_10,,,,sk000901/sk000901_10,,m000101/m031101_10
ropa,u031151_20_lse,,f32,u000501/u031151_20,,n000101/n000101_10,,,,sk000801/sk000801_10,,m000101/m031101_10
ropa,u031201_10,,f162,u000501/u031201_10,,n000101/n000101_10,2C4394FF,000000FF,,sk000301/sk000301_10,,m000101/m031201_10
ropa,u031201_10_blyR,,f163,u000501/u031201_10,,n000101/n000101_10,,,,sk090301/sk090301_10,,m000101/m031201_10
ropa,u031201_10_lsa,,f164,u000501/u031201_10,,n000101/n000101_10,,,,sk002901/sk002901_10,,m000101/m031201_10
ropa,u031201_10_lse,,f165,u000501/u031201_10,,n000101/n000101_10,,,,sk002801/sk002801_10,,m000101/m031201_10
ropa,u031201_20,,f162,u000501/u031201_20,,n000101/n000101_10,363D3BFF,000000FF,,sk000301/sk000301_10,,m000101/m031201_10
ropa,u031201_20_blyR,,f163,u000501/u031201_20,,n000101/n000101_10,,,,sk090301/sk090301_10,,m000101/m031201_10
ropa,u031201_20_lsa,,f164,u000501/u031201_20,,n000101/n000101_10,,,,sk002901/sk002901_10,,m000101/m031201_10
ropa,u031201_20_lse,,f165,u000501/u031201_20,,n000101/n000101_10,,,,sk002801/sk002801_10,,m000101/m031201_10
ropa,u031251_10,,f29,u000501/u031251_10,,n000101/n000101_10,FBCC01FF,000000FF,,sk000201/sk000201_10,,m000101/m031201_10
ropa,u031251_10_blyR,,f30,u000501/u031251_10,,n000101/n000101_10,,,,sk090201/sk090201_10,,m000101/m031201_10
ropa,u031251_10_lsa,,f31,u000501/u031251_10,,n000101/n000101_10,,,,sk000901/sk000901_10,,m000101/m031201_10
ropa,u031251_10_lse,,f32,u000501/u031251_10,,n000101/n000101_10,,,,sk000801/sk000801_10,,m000101/m031201_10
ropa,u031251_20,,f29,u000501/u031251_20,,n000101/n000101_10,C36E1EFF,000000FF,,sk000201/sk000201_10,,m000101/m031201_10
ropa,u031251_20_blyR,,f30,u000501/u031251_20,,n000101/n000101_10,,,,sk090201/sk090201_10,,m000101/m031201_10
ropa,u031251_20_lsa,,f31,u000501/u031251_20,,n000101/n000101_10,,,,sk000901/sk000901_10,,m000101/m031201_10
ropa,u031251_20_lse,,f32,u000501/u031251_20,,n000101/n000101_10,,,,sk000801/sk000801_10,,m000101/m031201_10
forma,f175,0,u031301/u031301,,n000101/n000101,,,,sk000201/sk000201,,m000201/m000201,
forma,f175,1,u031301/u031302,,n000101/n000102,,,,sk000201/sk000202,,m000201/m000202,
forma,f175,2,u031301/u031303,,n000101/n000103,,,,sk000201/sk000203,,m000201/m000203,
forma,f175,3,u031301/u031304,,n000101/n000104,,,,sk000201/sk000204,,m000201/m000204,
forma,f175,4,u031301/u031305,,n000101/n000105,,,,sk000201/sk000205,,m000201/m000205,
forma,f175,5,u031301/u031306,,n000101/n000106,,,,sk000201/sk000206,,m000201/m000206,
forma,f175,6,u031301/u031307,,n000101/n000107,,,,sk000201/sk000207,,m000201/m000207,
forma,f175,7,u031301/u031308,,n000101/n000108,,,,sk000201/sk000208,,m000201/m000208,
forma,f175,8,u031301/u031306,,n000101/n000106,,,,sk000201/sk000209,,m000201/m000206,
forma,f175,9,u031301/u031307,,n000101/n000107,,,,sk000201/sk000210,,m000201/m000207,
forma,f175,10,u031301/u031303,,n000101/n000103,,,,sk000201/sk000203,,m000201/m000203,
forma,f175,11,u031301/u031304,,n000101/n000104,,,,sk000201/sk000204,,m000201/m000204,
forma,f175,12,u031301/u031307,,n000101/n000107,,,,sk000201/sk000207,,m000201/m000207,
forma,f175,13,u031301/u031307,,n000101/n000107,,,,sk000201/sk000210,,m000201/m000207,
ropa,u031301_10,,f175,u031301/u031301_10,,n000101/n000101_10,E5BC4AFF,000000FF,,sk000201/sk000201_10,,m000101/m031301_10
forma,f176,0,u931341/u931341,,n000101/n000101,,,,sk000901/sk000901,,m000201/m000201,
ropa,u031301_10_lsa,,f176,u031301/u031301_10,,n000101/n000101_10,,,,sk000901/sk000901_10,,m000101/m031301_10
forma,f177,0,u931331/u931331,,n000101/n000101,,,,sk000801/sk000801,,m000201/m000201,
forma,f177,4,u931331/u931335,,n000101/n000105,,,,sk000801/sk000805,,m000201/m000205,
ropa,u031301_10_lse,,f177,u031301/u031301_10,,n000101/n000101_10,,,,sk000801/sk000801_10,,m000101/m031301_10
ropa,u031301_20,,f175,u031301/u031301_20,,n000101/n000101_10,E5BC4AFF,000000FF,,sk000201/sk000201_10,,m000101/m031301_10
ropa,u031301_20_lsa,,f176,u031301/u031301_20,,n000101/n000101_10,,,,sk000901/sk000901_10,,m000101/m031301_10
ropa,u031301_20_lse,,f177,u031301/u031301_20,,n000101/n000101_10,,,,sk000801/sk000801_10,,m000101/m031301_10
forma,f178,0,u031351/u031351,,n000101/n000101,,,,sk000201/sk000201,,m000201/m000201,
forma,f178,1,u031351/u031352,,n000101/n000102,,,,sk000201/sk000202,,m000201/m000202,
forma,f178,2,u031351/u031353,,n000101/n000103,,,,sk000201/sk000203,,m000201/m000203,
forma,f178,3,u031351/u031354,,n000101/n000104,,,,sk000201/sk000204,,m000201/m000204,
forma,f178,4,u031351/u031355,,n000101/n000105,,,,sk000201/sk000205,,m000201/m000205,
forma,f178,5,u031351/u031356,,n000101/n000106,,,,sk000201/sk000206,,m000201/m000206,
forma,f178,6,u031351/u031357,,n000101/n000107,,,,sk000201/sk000207,,m000201/m000207,
forma,f178,7,u031351/u031358,,n000101/n000108,,,,sk000201/sk000208,,m000201/m000208,
forma,f178,8,u031351/u031356,,n000101/n000106,,,,sk000201/sk000209,,m000201/m000206,
forma,f178,9,u031351/u031357,,n000101/n000107,,,,sk000201/sk000210,,m000201/m000207,
forma,f178,10,u031351/u031353,,n000101/n000103,,,,sk000201/sk000203,,m000201/m000203,
forma,f178,11,u031351/u031354,,n000101/n000104,,,,sk000201/sk000204,,m000201/m000204,
forma,f178,12,u031351/u031357,,n000101/n000107,,,,sk000201/sk000207,,m000201/m000207,
forma,f178,13,u031351/u031357,,n000101/n000107,,,,sk000201/sk000210,,m000201/m000207,
ropa,u031351_10,,f178,u031351/u031351_10,,n000101/n000101_10,42413FFF,000000FF,,sk000201/sk000201_10,,m000101/m031301_10
forma,f179,0,u931391/u931391,,n000101/n000101,,,,sk000901/sk000901,,m000201/m000201,
ropa,u031351_10_lsa,,f179,u031351/u031351_10,,n000101/n000101_10,,,,sk000901/sk000901_10,,m000101/m031301_10
forma,f180,0,u931381/u931381,,n000101/n000101,,,,sk000801/sk000801,,m000201/m000201,
forma,f180,4,u931381/u931385,,n000101/n000105,,,,sk000801/sk000805,,m000201/m000205,
ropa,u031351_10_lse,,f180,u031351/u031351_10,,n000101/n000101_10,,,,sk000801/sk000801_10,,m000101/m031301_10
ropa,u031351_20,,f178,u031351/u031351_20,,n000101/n000101_10,D7D5C9FF,000000FF,,sk000201/sk000201_10,,m000101/m031301_10
ropa,u031351_20_lsa,,f179,u031351/u031351_20,,n000101/n000101_10,,,,sk000901/sk000901_10,,m000101/m031301_10
ropa,u031351_20_lse,,f180,u031351/u031351_20,,n000101/n000101_10,,,,sk000801/sk000801_10,,m000101/m031301_10
ropa,u031401_10,,f100,u001101/u031401_10,,n000101/n000101_10,263C39FF,000000FF,,sk000101/sk000101_10,,m000101/m031401_10
ropa,u031401_10_blyR,,f101,u001101/u031401_10,,n000101/n000101_10,,,,sk090101/sk090101_10,,m000101/m031401_10
ropa,u031401_10_dam,,f102,u001101/u031401_10,,n000101/n000101_10,,,,sk000701/sk000701_10,,m000101/m031401_10
ropa,u031401_10_fld,,f103,u001101/u031401_10,,n000101/n000101_10,,,,sk000101/sk000101_10,,m000101/m031401_10
ropa,u031401_10_slv,,f104,u001101/u031401_10,,n000101/n000101_10,,,,sk000501/sk000501_10,,m000101/m031401_10
ropa,u031401_20,,f100,u001101/u031401_20,,n000101/n000101_10,D0813BFF,000000FF,,sk000101/sk000101_10,,m000101/m031401_10
ropa,u031401_20_blyR,,f101,u001101/u031401_20,,n000101/n000101_10,,,,sk090101/sk090101_10,,m000101/m031401_10
ropa,u031401_20_dam,,f102,u001101/u031401_20,,n000101/n000101_10,,,,sk000701/sk000701_10,,m000101/m031401_10
ropa,u031401_20_fld,,f103,u001101/u031401_20,,n000101/n000101_10,,,,sk000101/sk000101_10,,m000101/m031401_10
ropa,u031401_20_slv,,f104,u001101/u031401_20,,n000101/n000101_10,,,,sk000501/sk000501_10,,m000101/m031401_10
ropa,u031451_10,,f105,u001201/u031451_10,,n000101/n000101_10,D2D8CDFF,000000FF,,sk000201/sk000201_10,,m000101/m031401_10
ropa,u031451_10_blyR,,f106,u001201/u031451_10,,n000101/n000101_10,,,,sk090201/sk090201_10,,m000101/m031401_10
ropa,u031451_10_lsa,,f107,u001201/u031451_10,,n000101/n000101_10,,,,sk000901/sk000901_10,,m000101/m031401_10
ropa,u031451_10_lse,,f108,u001201/u031451_10,,n000101/n000101_10,,,,sk000801/sk000801_10,,m000101/m031401_10
ropa,u031451_20,,f105,u001201/u031451_20,,n000101/n000101_10,E3D6A2FF,000000FF,,sk000201/sk000201_10,,m000101/m031401_10
ropa,u031451_20_blyR,,f106,u001201/u031451_20,,n000101/n000101_10,,,,sk090201/sk090201_10,,m000101/m031401_10
ropa,u031451_20_lsa,,f107,u001201/u031451_20,,n000101/n000101_10,,,,sk000901/sk000901_10,,m000101/m031401_10
ropa,u031451_20_lse,,f108,u001201/u031451_20,,n000101/n000101_10,,,,sk000801/sk000801_10,,m000101/m031401_10
forma,f181,0,u031501/u031501,,n031701/n031701,,,,sk000301/sk000301,,m000201/m000201,
forma,f181,1,u031501/u031502,,n031701/n031702,,,,sk000301/sk000302,,m000201/m000202,
forma,f181,2,u031501/u031503,,n031701/n031703,,,,sk000301/sk000303,,m000201/m000203,
forma,f181,3,u031501/u031504,,n031701/n031704,,,,sk000301/sk000304,,m000201/m000204,
forma,f181,4,u031501/u031505,,n031701/n031705,,,,sk000301/sk000305,,m000201/m000205,
forma,f181,5,u031501/u031506,,n031701/n031706,,,,sk000301/sk000306,,m000201/m000206,
forma,f181,6,u031501/u031507,,n031701/n031707,,,,sk000301/sk000307,,m000201/m000207,
forma,f181,7,u031501/u031508,,n031701/n031708,,,,sk000301/sk000308,,m000201/m000208,
forma,f181,8,u031501/u031506,,n031701/n031706,,,,sk000301/sk000309,,m000201/m000206,
forma,f181,9,u031501/u031507,,n031701/n031707,,,,sk000301/sk000310,,m000201/m000207,
forma,f181,10,u031501/u031503,,n031701/n031703,,,,sk000301/sk000303,,m000201/m000203,
forma,f181,11,u031501/u031504,,n031701/n031704,,,,sk000301/sk000304,,m000201/m000204,
forma,f181,12,u031501/u031507,,n031701/n031707,,,,sk000301/sk000307,,m000201/m000207,
forma,f181,13,u031501/u031507,,n031701/n031707,,,,sk000301/sk000310,,m000201/m000207,
ropa,u031501_10,,f181,u031501/u031501_10,,n000101/n000101_10,393941FF,000000FF,,sk000301/sk000301_10,,m000101/m031501_10
ropa,u031501_20,,f181,u031501/u031501_20,,n000101/n000101_10,E6E6E6FF,000000FF,,sk000301/sk000301_10,,m000101/m031501_10
forma,f182,0,u031501/u031501,,n031501/n031501,,,,sk000201/sk000201,,m000201/m000201,
forma,f182,1,u031501/u031502,,n031501/n031502,,,,sk000201/sk000202,,m000201/m000202,
forma,f182,2,u031501/u031503,,n031501/n031503,,,,sk000201/sk000203,,m000201/m000203,
forma,f182,3,u031501/u031504,,n031501/n031504,,,,sk000201/sk000204,,m000201/m000204,
forma,f182,4,u031501/u031505,,n031501/n031505,,,,sk000201/sk000205,,m000201/m000205,
forma,f182,5,u031501/u031506,,n031501/n031506,,,,sk000201/sk000206,,m000201/m000206,
forma,f182,6,u031501/u031507,,n031501/n031507,,,,sk000201/sk000207,,m000201/m000207,
forma,f182,7,u031501/u031508,,n031501/n031508,,,,sk000201/sk000208,,m000201/m000208,
forma,f182,8,u031501/u031506,,n031501/n031506,,,,sk000201/sk000209,,m000201/m000206,
forma,f182,9,u031501/u031507,,n031501/n031507,,,,sk000201/sk000210,,m000201/m000207,
forma,f182,10,u031501/u031503,,n031501/n031503,,,,sk000201/sk000203,,m000201/m000203,
forma,f182,11,u031501/u031504,,n031501/n031504,,,,sk000201/sk000204,,m000201/m000204,
forma,f182,12,u031501/u031507,,n031501/n031507,,,,sk000201/sk000207,,m000201/m000207,
forma,f182,13,u031501/u031507,,n031501/n031507,,,,sk000201/sk000210,,m000201/m000207,
ropa,u031551_10,,f182,u031501/u031551_10,,n031501/n031501_10,393941FF,000000FF,,sk000201/sk000201_10,,m000101/m031501_10
ropa,u031551_20,,f182,u031501/u031551_20,,n031501/n031501_10,E6E6E6FF,000000FF,,sk000201/sk000201_10,,m000101/m031501_10
forma,f183,0,u031601/u031601,,n111101/n111101,,,,sk000101/sk000101,,m000101/m000101,
forma,f183,1,u031601/u031602,,n111101/n111102,,,,sk000101/sk000102,,m000101/m000102,
forma,f183,2,u031601/u031603,,n111101/n111103,,,,sk000101/sk000103,,m000101/m000103,
forma,f183,3,u031601/u031604,,n111101/n111104,,,,sk000101/sk000104,,m000101/m000104,
forma,f183,4,u031601/u031605,,n111101/n111105,,,,sk000101/sk000105,,m000101/m000105,
forma,f183,5,u031601/u031606,,n111101/n111106,,,,sk000101/sk000106,,m000101/m000106,
forma,f183,6,u031601/u031607,,n111101/n111107,,,,sk000101/sk000107,,m000101/m000107,
forma,f183,7,u031601/u031608,,n111101/n111108,,,,sk000101/sk000108,,m000101/m000108,
forma,f183,8,u031601/u031606,,n111101/n111106,,,,sk000101/sk000109,,m000101/m000106,
forma,f183,9,u031601/u031607,,n111101/n111107,,,,sk000101/sk000110,,m000101/m000107,
forma,f183,10,u031601/u031603,,n111101/n111103,,,,sk000101/sk000103,,m000101/m000103,
forma,f183,11,u031601/u031604,,n111101/n111104,,,,sk000101/sk000104,,m000101/m000104,
forma,f183,12,u031601/u031607,,n111101/n111107,,,,sk000101/sk000107,,m000101/m000107,
forma,f183,13,u031601/u031607,,n111101/n111107,,,,sk000101/sk000110,,m000101/m000107,
ropa,u031601_10,,f183,u031601/u031601_10,,n000101/n000101_10,DCDBDAFF,000000FF,,sk000101/sk000101_10,,m000101/m031601_10
ropa,u031601_20,,f183,u031601/u031601_20,,n000101/n000101_10,39443FFF,000000FF,,sk000101/sk000101_10,,m000101/m031601_10
forma,f184,0,u031601/u031601,,n111101/n111101,,,,sk000401/sk000401,,m000101/m000101,
forma,f184,1,u031601/u031602,,n111101/n111102,,,,sk000401/sk000402,,m000101/m000102,
forma,f184,2,u031601/u031603,,n111101/n111103,,,,sk000401/sk000403,,m000101/m000103,
forma,f184,3,u031601/u031604,,n111101/n111104,,,,sk000401/sk000404,,m000101/m000104,
forma,f184,4,u031601/u031605,,n111101/n111105,,,,sk000401/sk000405,,m000101/m000105,
forma,f184,5,u031601/u031606,,n111101/n111106,,,,sk000401/sk000406,,m000101/m000106,
forma,f184,6,u031601/u031607,,n111101/n111107,,,,sk000401/sk000407,,m000101/m000107,
forma,f184,7,u031601/u031608,,n111101/n111108,,,,sk000401/sk000408,,m000101/m000108,
forma,f184,8,u031601/u031606,,n111101/n111106,,,,sk000401/sk000409,,m000101/m000106,
forma,f184,9,u031601/u031607,,n111101/n111107,,,,sk000401/sk000410,,m000101/m000107,
forma,f184,10,u031601/u031603,,n111101/n111103,,,,sk000401/sk000403,,m000101/m000103,
forma,f184,11,u031601/u031604,,n111101/n111104,,,,sk000401/sk000404,,m000101/m000104,
forma,f184,12,u031601/u031607,,n111101/n111107,,,,sk000401/sk000407,,m000101/m000107,
forma,f184,13,u031601/u031607,,n111101/n111107,,,,sk000401/sk000410,,m000101/m000107,
ropa,u031651_10,,f184,u031601/u031651_10,,n000101/n000101_10,DCDBDAFF,000000FF,,sk000401/sk000401_10,,m000101/m031601_10
ropa,u031651_20,,f184,u031601/u031651_20,,n000101/n000101_10,39443FFF,000000FF,,sk000401/sk000401_10,,m000101/m031601_10
forma,f185,0,u031701/u031701,,n031701/n031701,,,,sk000101/sk000101,,m000101/m000101,
forma,f185,1,u031701/u031702,,n031701/n031702,,,,sk000101/sk000102,,m000101/m000102,
forma,f185,2,u031701/u031703,,n031701/n031703,,,,sk000101/sk000103,,m000101/m000103,
forma,f185,3,u031701/u031704,,n031701/n031704,,,,sk000101/sk000104,,m000101/m000104,
forma,f185,4,u031701/u031705,,n031701/n031705,,,,sk000101/sk000105,,m000101/m000105,
forma,f185,5,u031701/u031706,,n031701/n031706,,,,sk000101/sk000106,,m000101/m000106,
forma,f185,6,u031701/u031707,,n031701/n031707,,,,sk000101/sk000107,,m000101/m000107,
forma,f185,7,u031701/u031708,,n031701/n031708,,,,sk000101/sk000108,,m000101/m000108,
forma,f185,8,u031701/u031706,,n031701/n031706,,,,sk000101/sk000109,,m000101/m000106,
forma,f185,9,u031701/u031707,,n031701/n031707,,,,sk000101/sk000110,,m000101/m000107,
forma,f185,10,u031701/u031703,,n031701/n031703,,,,sk000101/sk000103,,m000101/m000103,
forma,f185,11,u031701/u031704,,n031701/n031704,,,,sk000101/sk000104,,m000101/m000104,
forma,f185,12,u031701/u031707,,n031701/n031707,,,,sk000101/sk000107,,m000101/m000107,
forma,f185,13,u031701/u031707,,n031701/n031707,,,,sk000101/sk000110,,m000101/m000107,
ropa,u031701_10,,f185,u031701/u031701_10,,n000101/n000101_10,393941FF,000000FF,,sk000101/sk000101_10,,m000101/m031601_10
ropa,u031701_20,,f185,u031701/u031701_20,,n000101/n000101_10,DADADAFF,000000FF,,sk000101/sk000101_10,,m000101/m031601_10
forma,f186,0,u031751/u031751,,n031701/n031701,,,,sk000201/sk000201,,m000101/m000101,
forma,f186,1,u031751/u031752,,n031701/n031702,,,,sk000201/sk000202,,m000101/m000102,
forma,f186,2,u031751/u031753,,n031701/n031703,,,,sk000201/sk000203,,m000101/m000103,
forma,f186,3,u031751/u031754,,n031701/n031704,,,,sk000201/sk000204,,m000101/m000104,
forma,f186,4,u031751/u031755,,n031701/n031705,,,,sk000201/sk000205,,m000101/m000105,
forma,f186,5,u031751/u031756,,n031701/n031706,,,,sk000201/sk000206,,m000101/m000106,
forma,f186,6,u031751/u031757,,n031701/n031707,,,,sk000201/sk000207,,m000101/m000107,
forma,f186,7,u031751/u031758,,n031701/n031708,,,,sk000201/sk000208,,m000101/m000108,
forma,f186,8,u031751/u031756,,n031701/n031706,,,,sk000201/sk000209,,m000101/m000106,
forma,f186,9,u031751/u031757,,n031701/n031707,,,,sk000201/sk000210,,m000101/m000107,
forma,f186,10,u031751/u031753,,n031701/n031703,,,,sk000201/sk000203,,m000101/m000103,
forma,f186,11,u031751/u031754,,n031701/n031704,,,,sk000201/sk000204,,m000101/m000104,
forma,f186,12,u031751/u031757,,n031701/n031707,,,,sk000201/sk000207,,m000101/m000107,
forma,f186,13,u031751/u031757,,n031701/n031707,,,,sk000201/sk000210,,m000101/m000107,
ropa,u031751_10,,f186,u031751/u031751_10,,n000101/n000101_10,DADADAFF,000000FF,,sk000201/sk000201_10,,m000101/m031601_10
ropa,u031751_20,,f186,u031751/u031751_20,,n000101/n000101_10,393941FF,000000FF,,sk000201/sk000201_10,,m000101/m031601_10
ropa,u031901_10,,f100,u001101/u031901_10,,n000101/n000101_10,FFC001FF,000000FF,,sk000101/sk000101_10,,m000101/m031901_10
ropa,u031901_10_blyR,,f101,u001101/u031901_10,,n000101/n000101_10,,,,sk090101/sk090101_10,,m000101/m031901_10
ropa,u031901_10_dam,,f102,u001101/u031901_10,,n000101/n000101_10,,,,sk000701/sk000701_10,,m000101/m031901_10
ropa,u031901_10_fld,,f103,u001101/u031901_10,,n000101/n000101_10,,,,sk000101/sk000101_10,,m000101/m031901_10
ropa,u031901_10_slv,,f104,u001101/u031901_10,,n000101/n000101_10,,,,sk000501/sk000501_10,,m000101/m031901_10
ropa,u031901_20,,f100,u001101/u031901_20,,n000101/n000101_10,FFC001FF,000000FF,,sk000101/sk000101_10,,m000101/m031901_10
ropa,u031901_20_blyR,,f101,u001101/u031901_20,,n000101/n000101_10,,,,sk090101/sk090101_10,,m000101/m031901_10
ropa,u031901_20_dam,,f102,u001101/u031901_20,,n000101/n000101_10,,,,sk000701/sk000701_10,,m000101/m031901_10
ropa,u031901_20_fld,,f103,u001101/u031901_20,,n000101/n000101_10,,,,sk000101/sk000101_10,,m000101/m031901_10
ropa,u031901_20_slv,,f104,u001101/u031901_20,,n000101/n000101_10,,,,sk000501/sk000501_10,,m000101/m031901_10
ropa,u031951_10,,f105,u001201/u031951_10,,n000101/n000101_10,3A3E3DFF,000000FF,,sk000201/sk000201_10,,m000101/m031901_10
ropa,u031951_10_blyR,,f106,u001201/u031951_10,,n000101/n000101_10,,,,sk090201/sk090201_10,,m000101/m031901_10
ropa,u031951_10_lsa,,f107,u001201/u031951_10,,n000101/n000101_10,,,,sk000901/sk000901_10,,m000101/m031901_10
ropa,u031951_10_lse,,f108,u001201/u031951_10,,n000101/n000101_10,,,,sk000801/sk000801_10,,m000101/m031901_10
ropa,u031951_20,,f105,u001201/u031951_20,,n000101/n000101_10,FFC001FF,000000FF,,sk000201/sk000201_10,,m000101/m031901_10
ropa,u031951_20_blyR,,f106,u001201/u031951_20,,n000101/n000101_10,,,,sk090201/sk090201_10,,m000101/m031901_10
ropa,u031951_20_lsa,,f107,u001201/u031951_20,,n000101/n000101_10,,,,sk000901/sk000901_10,,m000101/m031901_10
ropa,u031951_20_lse,,f108,u001201/u031951_20,,n000101/n000101_10,,,,sk000801/sk000801_10,,m000101/m031901_10
ropa,u032101_10,,f47,u002101/u032101_10,,n000101/n000101_10,D8AA17FF,000000FF,,sk000101/sk000101_10,,m000101/m032101_10
ropa,u032101_10_blyR,,f48,u002101/u032101_10,,n000101/n000101_10,,,,sk090101/sk090101_10,,m000101/m032101_10
ropa,u032101_10_dam,,f49,u002101/u032101_10,,n000101/n000101_10,,,,sk000701/sk000701_10,,m000101/m032101_10
ropa,u032101_10_fld,,f50,u002101/u032101_10,,n000101/n000101_10,,,,sk000101/sk000101_10,,m000101/m032101_10
ropa,u032101_10_slv,,f51,u002101/u032101_10,,n000101/n000101_10,,,,sk000501/sk000501_10,,m000101/m032101_10
ropa,u032101_20,,f47,u002101/u032101_20,,n000101/n000101_10,007249FF,000000FF,,sk000101/sk000101_10,,m000101/m032101_10
ropa,u032101_20_blyR,,f48,u002101/u032101_20,,n000101/n000101_10,,,,sk090101/sk090101_10,,m000101/m032101_10
ropa,u032101_20_dam,,f49,u002101/u032101_20,,n000101/n000101_10,,,,sk000701/sk000701_10,,m000101/m032101_10
ropa,u032101_20_fld,,f50,u002101/u032101_20,,n000101/n000101_10,,,,sk000101/sk000101_10,,m000101/m032101_10
ropa,u032101_20_slv,,f51,u002101/u032101_20,,n000101/n000101_10,,,,sk000501/sk000501_10,,m000101/m032101_10
ropa,u032151_10,,f88,u002201/u032151_10,,n000101/n000101_10,D8AA17FF,000000FF,,sk000201/sk000201_10,,m000101/m032101_10
ropa,u032151_10_blyR,,f89,u002201/u032151_10,,n000101/n000101_10,,,,sk090201/sk090201_10,,m000101/m032101_10
ropa,u032151_10_lsa,,f90,u002201/u032151_10,,n000101/n000101_10,,,,sk000901/sk000901_10,,m000101/m032101_10
ropa,u032151_10_lse,,f91,u002201/u032151_10,,n000101/n000101_10,,,,sk000801/sk000801_10,,m000101/m032101_10
ropa,u032151_20,,f88,u002201/u032151_20,,n000101/n000101_10,C35524FF,000000FF,,sk000201/sk000201_10,,m000101/m032101_10
ropa,u032151_20_blyR,,f89,u002201/u032151_20,,n000101/n000101_10,,,,sk090201/sk090201_10,,m000101/m032101_10
ropa,u032151_20_lsa,,f90,u002201/u032151_20,,n000101/n000101_10,,,,sk000901/sk000901_10,,m000101/m032101_10
ropa,u032151_20_lse,,f91,u002201/u032151_20,,n000101/n000101_10,,,,sk000801/sk000801_10,,m000101/m032101_10
ropa,u032201_10,,f42,u000401/u032201_10,,n000101/n000101_10,3A3E3DFF,000000FF,,sk000101/sk000101_10,,m000101/m032201_10
ropa,u032201_10_blyR,,f43,u000401/u032201_10,,n000101/n000101_10,,,,sk090101/sk090101_10,,m000101/m032201_10
ropa,u032201_10_dam,,f44,u000401/u032201_10,,n000101/n000101_10,,,,sk000701/sk000701_10,,m000101/m032201_10
ropa,u032201_10_fld,,f45,u000401/u032201_10,,n000101/n000101_10,,,,sk000101/sk000101_10,,m000101/m032201_10
ropa,u032201_10_slv,,f46,u000401/u032201_10,,n000101/n000101_10,,,,sk000501/sk000501_10,,m000101/m032201_10
ropa,u032201_20,,f42,u000401/u032201_20,,n000101/n000101_10,495C5AFF,000000FF,,sk000101/sk000101_10,,m000101/m032201_10
ropa,u032201_20_blyR,,f43,u000401/u032201_20,,n000101/n000101_10,,,,sk090101/sk090101_10,,m000101/m032201_10
ropa,u032201_20_dam,,f44,u000401/u032201_20,,n000101/n000101_10,,,,sk000701/sk000701_10,,m000101/m032201_10
ropa,u032201_20_fld,,f45,u000401/u032201_20,,n000101/n000101_10,,,,sk000101/sk000101_10,,m000101/m032201_10
ropa,u032201_20_slv,,f46,u000401/u032201_20,,n000101/n000101_10,,,,sk000501/sk000501_10,,m000101/m032201_10
ropa,u032251_10,,f29,u000501/u032251_10,,n000101/n000101_10,FFC501FF,000000FF,,sk000201/sk000201_10,,m000101/m032201_10
ropa,u032251_10_blyR,,f30,u000501/u032251_10,,n000101/n000101_10,,,,sk090201/sk090201_10,,m000101/m032201_10
ropa,u032251_10_lsa,,f31,u000501/u032251_10,,n000101/n000101_10,,,,sk000901/sk000901_10,,m000101/m032201_10
ropa,u032251_10_lse,,f32,u000501/u032251_10,,n000101/n000101_10,,,,sk000801/sk000801_10,,m000101/m032201_10
ropa,u032251_20,,f29,u000501/u032251_20,,n000101/n000101_10,FDCD00FF,000000FF,,sk000201/sk000201_10,,m000101/m032201_10
ropa,u032251_20_blyR,,f30,u000501/u032251_20,,n000101/n000101_10,,,,sk090201/sk090201_10,,m000101/m032201_10
ropa,u032251_20_lsa,,f31,u000501/u032251_20,,n000101/n000101_10,,,,sk000901/sk000901_10,,m000101/m032201_10
ropa,u032251_20_lse,,f32,u000501/u032251_20,,n000101/n000101_10,,,,sk000801/sk000801_10,,m000101/m032201_10
ropa,u032301_10,,f18,u000101/u032301_10,,n000101/n000101_10,DB2B39FF,000000FF,,sk000101/sk000101_10,,m000101/m032301_10
ropa,u032301_10_blyR,,f19,u000101/u032301_10,,n000101/n000101_10,,,,sk090101/sk090101_10,,m000101/m032301_10
ropa,u032301_10_dam,,f20,u000101/u032301_10,,n000101/n000101_10,,,,sk000701/sk000701_10,,m000101/m032301_10
ropa,u032301_10_fld,,f22,u000101/u032301_10,,n000101/n000101_10,,,,sk000101/sk000101_10,,m000101/m032301_10
ropa,u032301_10_slv,,f23,u000101/u032301_10,,n000101/n000101_10,,,,sk000501/sk000501_10,,m000101/m032301_10
ropa,u032301_20,,f18,u000101/u032301_20,,n000101/n000101_10,DB2B39FF,000000FF,,sk000101/sk000101_10,,m000101/m032301_10
ropa,u032301_20_blyR,,f19,u000101/u032301_20,,n000101/n000101_10,,,,sk090101/sk090101_10,,m000101/m032301_10
ropa,u032301_20_dam,,f20,u000101/u032301_20,,n000101/n000101_10,,,,sk000701/sk000701_10,,m000101/m032301_10
ropa,u032301_20_fld,,f22,u000101/u032301_20,,n000101/n000101_10,,,,sk000101/sk000101_10,,m000101/m032301_10
ropa,u032301_20_slv,,f23,u000101/u032301_20,,n000101/n000101_10,,,,sk000501/sk000501_10,,m000101/m032301_10
ropa,u032351_10,,f33,u000201/u032351_10,,n000101/n000101_10,DB2B39FF,000000FF,,sk000201/sk000201_10,,m000101/m032301_10
ropa,u032351_10_blyR,,f34,u000201/u032351_10,,n000101/n000101_10,,,,sk090201/sk090201_10,,m000101/m032301_10
ropa,u032351_10_lsa,,f35,u000201/u032351_10,,n000101/n000101_10,,,,sk000901/sk000901_10,,m000101/m032301_10
ropa,u032351_10_lse,,f36,u000201/u032351_10,,n000101/n000101_10,,,,sk000801/sk000801_10,,m000101/m032301_10
ropa,u032351_20,,f33,u000201/u032351_20,,n000101/n000101_10,C2651FFF,000000FF,,sk000201/sk000201_10,,m000101/m032301_10
ropa,u032351_20_blyR,,f34,u000201/u032351_20,,n000101/n000101_10,,,,sk090201/sk090201_10,,m000101/m032301_10
ropa,u032351_20_lsa,,f35,u000201/u032351_20,,n000101/n000101_10,,,,sk000901/sk000901_10,,m000101/m032301_10
ropa,u032351_20_lse,,f36,u000201/u032351_20,,n000101/n000101_10,,,,sk000801/sk000801_10,,m000101/m032301_10
forma,f187,0,u005701/u005701,,,,,,sk000301/sk000301,,,
forma,f187,1,u005701/u005702,,,,,,sk000301/sk000302,,,
forma,f187,2,u005701/u005703,,,,,,sk000301/sk000303,,,
forma,f187,3,u005701/u005704,,,,,,sk000301/sk000304,,,
forma,f187,4,u005701/u005705,,,,,,sk000301/sk000305,,,
forma,f187,5,u005701/u005706,,,,,,sk000301/sk000306,,,
forma,f187,6,u005701/u005707,,,,,,sk000301/sk000307,,,
forma,f187,7,u005701/u005708,,,,,,sk000301/sk000308,,,
forma,f187,8,u005701/u005706,,,,,,sk000301/sk000309,,,
forma,f187,9,u005701/u005707,,,,,,sk000301/sk000310,,,
forma,f187,10,u005701/u005703,,,,,,sk000301/sk000303,,,
forma,f187,11,u005701/u005704,,,,,,sk000301/sk000304,,,
forma,f187,12,u005701/u005707,,,,,,sk000301/sk000307,,,
forma,f187,13,u005701/u005707,,,,,,sk000301/sk000310,,,
ropa,u037101_10,,f187,u005101/u037101_10,,,,,,sk000301/sk000301_10,,
ropa,u037201_10,,f187,u005101/u037201_10,,,,,,sk000301/sk000301_10,,
ropa,u037301_10,,f187,u005101/u037301_10,,,,,,sk000301/sk000301_10,,
forma,f188,0,u04000100/u04000100,,,,,,,,,
ropa,u04000100,,f188,u04000100/u04000100,,,,,,,,
ropa,u040101_10,,f18,u000101/u040101_10,,n000101/n000101_10,1164A5FF,F5B832FF,,sk000101/sk000101_10,,m000101/m040101_10
ropa,u040101_10_blyR,,f19,u000101/u040101_10,,n000101/n000101_10,,,,sk090101/sk090101_10,,m000101/m040101_10
ropa,u040101_10_dam,,f20,u000101/u040101_10,,n000101/n000101_10,,,,sk000701/sk000701_10,,m000101/m040101_10
ropa,u040101_10_fld,,f22,u000101/u040101_10,,n000101/n000101_10,,,,sk000101/sk000101_10,,m000101/m040101_10
ropa,u040101_10_slv,,f23,u000101/u040101_10,,n000101/n000101_10,,,,sk000501/sk000501_10,,m000101/m010101_10
ropa,u040101_20,,f18,u000101/u040101_20,,n000101/n000101_10,FFB832FF,00469EFF,,sk000101/sk000101_10,,m000101/m040101_20
ropa,u040101_20_blyR,,f19,u000101/u040101_20,,n000101/n000101_10,,,,sk090101/sk090101_10,,m000101/m040101_20
ropa,u040101_20_dam,,f20,u000101/u040101_20,,n000101/n000101_10,,,,sk000701/sk000701_10,,m000101/m040101_20
ropa,u040101_20_fld,,f22,u000101/u040101_20,,n000101/n000101_10,,,,sk000101/sk000101_10,,m000101/m040101_20
ropa,u040101_20_slv,,f23,u000101/u040101_20,,n000101/n000101_10,,,,sk000501/sk000501_10,,m000101/m040101_20
ropa,u040151_10,,f33,u000201/u040151_10,,n000101/n000101_10,EBF0F1FF,0A4660FF,,sk000201/sk000201_10,,m000101/m040101_10
ropa,u040151_10_blyR,,f34,u000201/u040151_10,,n000101/n000101_10,,,,sk090201/sk090201_10,,m000101/m040101_10
ropa,u040151_10_lsa,,f35,u000201/u040151_10,,n000101/n000101_10,,,,sk000901/sk000901_10,,m000101/m040101_10
ropa,u040151_10_lse,,f36,u000201/u040151_10,,n000101/n000101_10,,,,sk000801/sk000801_10,,m000101/m040101_10
ropa,u040151_20,,f33,u000201/u040151_20,,n000101/n000101_10,FFB832FF,362E2BFF,,sk000201/sk000201_10,,m000101/m040101_20
ropa,u040151_20_blyR,,f34,u000201/u040151_20,,n000101/n000101_10,,,,sk090201/sk090201_10,,m000101/m040101_20
ropa,u040151_20_lsa,,f35,u000201/u040151_20,,n000101/n000101_10,,,,sk000901/sk000901_10,,m000101/m040101_20
ropa,u040151_20_lse,,f36,u000201/u040151_20,,n000101/n000101_10,,,,sk000801/sk000801_10,,m000101/m040101_20
forma,f189,0,u000201/u000201,,n000101/n000101,,,,sk000201/sk000201,,m000201/m000201,
ropa,u040151_30,,f189,u000201/u040151_30,,n000101/n000101_10,FFFFFFFF,E47009FF,,sk000201/sk000201_10,,m000101/m040101_10
forma,f190,0,u004101/u004101,,n000101/n000101,,,,sk000101/sk000101,,m000101/m000101,
forma,f190,1,u004101/u004102,,n000101/n000102,,,,sk000101/sk000102,,m000101/m000102,
forma,f190,2,u004101/u004103,,n000101/n000103,,,,sk000101/sk000103,,m000101/m000103,
forma,f190,3,u004101/u004104,,n000101/n000104,,,,sk000101/sk000104,,m000101/m000104,
forma,f190,4,u004101/u004105,,n000101/n000105,,,,sk000101/sk000105,,m000101/m000105,
forma,f190,5,u004101/u004106,,n000101/n000106,,,,sk000101/sk000106,,m000101/m000106,
forma,f190,6,u004101/u004107,,n000101/n000107,,,,sk000101/sk000107,,m000101/m000107,
forma,f190,7,u004101/u004108,,n000101/n000108,,,,sk000101/sk000108,,m000101/m000108,
forma,f190,8,u004101/u004106,,n000101/n000106,,,,sk000101/sk000109,,m000101/m000106,
forma,f190,9,u004101/u004107,,n000101/n000107,,,,sk000101/sk000110,,m000101/m000107,
forma,f190,10,u004101/u004103,,n000101/n000103,,,,sk000101/sk000103,,m000101/m000103,
forma,f190,11,u004101/u004104,,n000101/n000104,,,,sk000101/sk000104,,m000101/m000104,
forma,f190,12,u004101/u004107,,n000101/n000107,,,,sk000101/sk000107,,m000101/m000107,
forma,f190,13,u004101/u004107,,n000101/n000107,,,,sk000101/sk000110,,m000101/m000107,
ropa,u040201_10,,f190,u004101/u040201_10,,n000101/n000101_10,FFDF32FF,000000FF,,sk000101/sk000101_10,,m000101/m040201_10
forma,f191,1,u094101/u094102,,n000101/n000102,,,,sk090101/sk090102,,m000101/m000102,
ropa,u040201_10_blyR,,f191,u004101/u040201_10,,n000101/n000101_10,,,,sk090101/sk090101_10,,m000101/m040201_10
forma,f192,6,u094161/u094167,,n000101/n000107,,,,sk000701/sk000707,,m000101/m000107,
ropa,u040201_10_dam,,f192,u004101/u040201_10,,n000101/n000101_10,,,,sk000701/sk000701_10,,m000101/m040201_10
forma,f193,0,u094151/u094151,,n000101/n000101,,,,sk000101/sk000101,,m090151/m090151,
ropa,u040201_10_fld,,f193,u004101/u040201_10,,n000101/n000101_10,,,,sk000101/sk000101_10,,m000101/m040201_10
forma,f194,0,u094141/u094141,,n000101/n000101,,,,sk000501/sk000501,,m000101/m000101,
forma,f194,5,u094141/u094146,,n000101/n000106,,,,sk000501/sk000506,,m000101/m000106,
ropa,u040201_10_slv,,f194,u004101/u040201_10,,n000101/n000101_10,,,,sk000501/sk000501_10,,m000101/m040201_10
ropa,u040201_20,,f190,u004101/u040201_20,,n000101/n000101_10,A09E9FFF,000000FF,,sk000101/sk000101_10,,m000101/m040201_10
ropa,u040201_20_blyR,,f191,u004101/u040201_20,,n000101/n000101_10,,,,sk090101/sk090101_10,,m000101/m040201_10
ropa,u040201_20_dam,,f192,u004101/u040201_20,,n000101/n000101_10,,,,sk000701/sk000701_10,,m000101/m040201_10
ropa,u040201_20_fld,,f193,u004101/u040201_20,,n000101/n000101_10,,,,sk000101/sk000101_10,,m000101/m040201_10
ropa,u040201_20_slv,,f194,u004101/u040201_20,,n000101/n000101_10,,,,sk000501/sk000501_10,,m000101/m040201_10
forma,f195,0,u004201/u004201,,n000101/n000101,,,,sk000201/sk000201,,m000201/m000201,
forma,f195,1,u004201/u004202,,n000101/n000102,,,,sk000201/sk000202,,m000201/m000202,
forma,f195,2,u004201/u004203,,n000101/n000103,,,,sk000201/sk000203,,m000201/m000203,
forma,f195,3,u004201/u004204,,n000101/n000104,,,,sk000201/sk000204,,m000201/m000204,
forma,f195,4,u004201/u004205,,n000101/n000105,,,,sk000201/sk000205,,m000201/m000205,
forma,f195,5,u004201/u004206,,n000101/n000106,,,,sk000201/sk000206,,m000201/m000206,
forma,f195,6,u004201/u004207,,n000101/n000107,,,,sk000201/sk000207,,m000201/m000207,
forma,f195,7,u004201/u004208,,n000101/n000108,,,,sk000201/sk000208,,m000201/m000208,
forma,f195,8,u004201/u004206,,n000101/n000106,,,,sk000201/sk000209,,m000201/m000206,
forma,f195,9,u004201/u004207,,n000101/n000107,,,,sk000201/sk000210,,m000201/m000207,
forma,f195,10,u004201/u004203,,n000101/n000103,,,,sk000201/sk000203,,m000201/m000203,
forma,f195,11,u004201/u004204,,n000101/n000104,,,,sk000201/sk000204,,m000201/m000204,
forma,f195,12,u004201/u004207,,n000101/n000107,,,,sk000201/sk000207,,m000201/m000207,
forma,f195,13,u004201/u004207,,n000101/n000107,,,,sk000201/sk000210,,m000201/m000207,
ropa,u040251_10,,f195,u004201/u040251_10,,n000101/n000101_10,890A25FF,000000FF,,sk000201/sk000201_10,,m000101/m040201_10
forma,f196,1,u094201/u094202,,n000101/n000102,,,,sk090201/sk090202,,m000201/m000202,
ropa,u040251_10_blyR,,f196,u004201/u040251_10,,n000101/n000101_10,,,,sk090201/sk090201_10,,m000101/m040201_10
forma,f197,0,u094281/u094281,,n000101/n000101,,,,sk000901/sk000901,,m000201/m000201,
ropa,u040251_10_lsa,,f197,u004201/u040251_10,,n000101/n000101_10,,,,sk000901/sk000901_10,,m000101/m040201_10
forma,f198,0,u094271/u094271,,n000101/n000101,,,,sk000801/sk000801,,m000201/m000201,
forma,f198,4,u094271/u094275,,n000101/n000105,,,,sk000801/sk000805,,m000201/m000205,
ropa,u040251_10_lse,,f198,u004201/u040251_10,,n000101/n000101_10,,,,sk000801/sk000801_10,,m000101/m040201_10
ropa,u040251_20,,f195,u004201/u040251_20,,n000101/n000101_10,156669FF,000000FF,,sk000201/sk000201_10,,m000101/m040201_10
ropa,u040251_20_blyR,,f196,u004201/u040251_20,,n000101/n000101_10,,,,sk090201/sk090201_10,,m000101/m040201_10
ropa,u040251_20_lsa,,f197,u004201/u040251_20,,n000101/n000101_10,,,,sk000901/sk000901_10,,m000101/m040201_10
ropa,u040251_20_lse,,f198,u004201/u040251_20,,n000101/n000101_10,,,,sk000801/sk000801_10,,m000101/m040201_10
ropa,u040301_10,,f18,u000101/u040301_10,,n000101/n000101_10,FFCE00FF,000000FF,,sk000101/sk000101_10,,m000101/m040301_10
ropa,u040301_10_blyR,,f19,u000101/u040301_10,,n000101/n000101_10,,,,sk090101/sk090101_10,,m000101/m040301_10
ropa,u040301_10_dam,,f20,u000101/u040301_10,,n000101/n000101_10,,,,sk000701/sk000701_10,,m000101/m040301_10
ropa,u040301_10_fld,,f22,u000101/u040301_10,,n000101/n000101_10,,,,sk000101/sk000101_10,,m000101/m040301_10
ropa,u040301_10_slv,,f23,u000101/u040301_10,,n000101/n000101_10,,,,sk000501/sk000501_10,,m000101/m040301_10
ropa,u040301_20,,f18,u000101/u040301_20,,n000101/n000101_10,640E0FFF,000000FF,,sk000101/sk000101_10,,m000101/m040301_20
ropa,u040301_20_blyR,,f19,u000101/u040301_20,,n000101/n000101_10,,,,sk090101/sk090101_10,,m000101/m040301_20
ropa,u040301_20_dam,,f20,u000101/u040301_20,,n000101/n000101_10,,,,sk000701/sk000701_10,,m000101/m040301_20
ropa,u040301_20_fld,,f22,u000101/u040301_20,,n000101/n000101_10,,,,sk000101/sk000101_10,,m000101/m040301_20
ropa,u040301_20_slv,,f23,u000101/u040301_20,,n000101/n000101_10,,,,sk000501/sk000501_10,,m000101/m040301_20
ropa,u040351_10,,f33,u000201/u040351_10,,n000101/n000101_10,FFCE00FF,000000FF,,sk000201/sk000201_10,,m000101/m040301_10
ropa,u040351_10_blyR,,f34,u000201/u040351_10,,n000101/n000101_10,,,,sk090201/sk090201_10,,m000101/m040301_10
ropa,u040351_10_lsa,,f35,u000201/u040351_10,,n000101/n000101_10,,,,sk000901/sk000901_10,,m000101/m040301_10
ropa,u040351_10_lse,,f36,u000201/u040351_10,,n000101/n000101_10,,,,sk000801/sk000801_10,,m000101/m040301_10
ropa,u040351_20,,f33,u000201/u040351_20,,n000101/n000101_10,FFCE00FF,000000FF,,sk000201/sk000201_10,,m000101/m040301_20
ropa,u040351_20_blyR,,f34,u000201/u040351_20,,n000101/n000101_10,,,,sk090201/sk090201_10,,m000101/m040301_20
ropa,u040351_20_lsa,,f35,u000201/u040351_20,,n000101/n000101_10,,,,sk000901/sk000901_10,,m000101/m040301_20
ropa,u040351_20_lse,,f36,u000201/u040351_20,,n000101/n000101_10,,,,sk000801/sk000801_10,,m000101/m040301_20
ropa,u040401_10,,f18,u000101/u040401_10,,n000101/n000101_10,FFD741FF,000000FF,,sk000101/sk000101_10,,m000101/m040401_10
ropa,u040401_10_blyR,,f19,u000101/u040401_10,,n000101/n000101_10,,,,sk090101/sk090101_10,,m000101/m040401_10
ropa,u040401_10_dam,,f20,u000101/u040401_10,,n000101/n000101_10,,,,sk000701/sk000701_10,,m000101/m040401_10
ropa,u040401_10_fld,,f22,u000101/u040401_10,,n000101/n000101_10,,,,sk000101/sk000101_10,,m000101/m040401_10
ropa,u040401_10_slv,,f23,u000101/u040401_10,,n000101/n000101_10,,,,sk000501/sk000501_10,,m000101/m040401_10
ropa,u040401_20,,f18,u000101/u040401_20,,n000101/n000101_10,FFD741FF,000000FF,,sk000101/sk000101_10,,m000101/m040401_20
ropa,u040401_20_blyR,,f19,u000101/u040401_20,,n000101/n000101_10,,,,sk090101/sk090101_10,,m000101/m040401_20
ropa,u040401_20_dam,,f20,u000101/u040401_20,,n000101/n000101_10,,,,sk000701/sk000701_10,,m000101/m040401_20
ropa,u040401_20_fld,,f22,u000101/u040401_20,,n000101/n000101_10,,,,sk000101/sk000101_10,,m000101/m040401_20
ropa,u040401_20_slv,,f23,u000101/u040401_20,,n000101/n000101_10,,,,sk000501/sk000501_10,,m000101/m040401_20
ropa,u040451_10,,f33,u000201/u040451_10,,n000101/n000101_10,F7F7EFFF,000000FF,,sk000201/sk000201_10,,m000101/m040401_10
ropa,u040451_10_blyR,,f34,u000201/u040451_10,,n000101/n000101_10,,,,sk090201/sk090201_10,,m000101/m040401_10
ropa,u040451_10_lsa,,f35,u000201/u040451_10,,n000101/n000101_10,,,,sk000901/sk000901_10,,m000101/m040401_10
ropa,u040451_10_lse,,f36,u000201/u040451_10,,n000101/n000101_10,,,,sk000801/sk000801_10,,m000101/m040401_10
ropa,u040451_20,,f33,u000201/u040451_20,,n000101/n000101_10,383530FF,000000FF,,sk000201/sk000201_10,,m000101/m040401_20
ropa,u040451_20_blyR,,f34,u000201/u040451_20,,n000101/n000101_10,,,,sk090201/sk090201_10,,m000101/m040401_20
ropa,u040451_20_lsa,,f35,u000201/u040451_20,,n000101/n000101_10,,,,sk000901/sk000901_10,,m000101/m040401_20
ropa,u040451_20_lse,,f36,u000201/u040451_20,,n000101/n000101_10,,,,sk000801/sk000801_10,,m000101/m040401_20
ropa,u040501_10,,f18,u000101/u040501_10,,n000101/n000101_10,FFFFFFFF,000000FF,,sk000101/sk000101_10,,m000101/m040501_10
ropa,u040501_10_blyR,,f19,u000101/u040501_10,,n000101/n000101_10,,,,sk090101/sk090101_10,,m000101/m040501_10
ropa,u040501_10_dam,,f20,u000101/u040501_10,,n000101/n000101_10,,,,sk000701/sk000701_10,,m000101/m040501_10
ropa,u040501_10_fld,,f22,u000101/u040501_10,,n000101/n000101_10,,,,sk000101/sk000101_10,,m000101/m040501_10
ropa,u040501_10_slv,,f23,u000101/u040501_10,,n000101/n000101_10,,,,sk000501/sk000501_10,,m000101/m040501_10
ropa,u040501_20,,f18,u000101/u040501_20,,n000101/n000101_10,535894FF,000000FF,,sk000101/sk000101_10,,m000101/m040501_10
ropa,u040501_20_blyR,,f19,u000101/u040501_20,,n000101/n000101_10,,,,sk090101/sk090101_10,,m000101/m040501_10
ropa,u040501_20_dam,,f20,u000101/u040501_20,,n000101/n000101_10,,,,sk000701/sk000701_10,,m000101/m040501_10
ropa,u040501_20_fld,,f22,u000101/u040501_20,,n000101/n000101_10,,,,sk000101/sk000101_10,,m000101/m040501_10
ropa,u040501_20_slv,,f23,u000101/u040501_20,,n000101/n000101_10,,,,sk000501/sk000501_10,,m000101/m040501_10
ropa,u040551_10,,f33,u000201/u040551_10,,n000101/n000101_10,FFFFFFFF,000000FF,,sk000201/sk000201_10,,m000101/m040501_20
ropa,u040551_10_blyR,,f34,u000201/u040551_10,,n000101/n000101_10,,,,sk090201/sk090201_10,,m000101/m040501_20
ropa,u040551_10_lsa,,f35,u000201/u040551_10,,n000101/n000101_10,,,,sk000901/sk000901_10,,m000101/m040501_20
ropa,u040551_10_lse,,f36,u000201/u040551_10,,n000101/n000101_10,,,,sk000801/sk000801_10,,m000101/m040501_20
ropa,u040551_20,,f33,u000201/u040551_20,,n000101/n000101_10,FFFFFFFF,000000FF,,sk000201/sk000201_10,,m000101/m040501_20
ropa,u040551_20_blyR,,f34,u000201/u040551_20,,n000101/n000101_10,,,,sk090201/sk090201_10,,m000101/m040501_20
ropa,u040551_20_lsa,,f35,u000201/u040551_20,,n000101/n000101_10,,,,sk000901/sk000901_10,,m000101/m040501_20
ropa,u040551_20_lse,,f36,u000201/u040551_20,,n000101/n000101_10,,,,sk000801/sk000801_10,,m000101/m040501_20
ropa,u040601_10,,f18,u000101/u040601_10,,n000101/n000101_10,D22727FF,000000FF,,sk000101/sk000101_10,,m000101/m040601_10
ropa,u040601_10_blyR,,f19,u000101/u040601_10,,n000101/n000101_10,,,,sk090101/sk090101_10,,m000101/m040601_10
ropa,u040601_10_dam,,f20,u000101/u040601_10,,n000101/n000101_10,,,,sk000701/sk000701_10,,m000101/m040601_10
ropa,u040601_10_fld,,f22,u000101/u040601_10,,n000101/n000101_10,,,,sk000101/sk000101_10,,m000101/m040601_10
ropa,u040601_10_slv,,f23,u000101/u040601_10,,n000101/n000101_10,,,,sk000501/sk000501_10,,m000101/m040601_10
ropa,u040601_20,,f18,u000101/u040601_20,,n000101/n000101_10,EFFAECFF,000000FF,,sk000101/sk000101_10,,m000101/m040601_20
ropa,u040601_20_blyR,,f19,u000101/u040601_20,,n000101/n000101_10,,,,sk090101/sk090101_10,,m000101/m040601_20
ropa,u040601_20_dam,,f20,u000101/u040601_20,,n000101/n000101_10,,,,sk000701/sk000701_10,,m000101/m040601_20
ropa,u040601_20_fld,,f22,u000101/u040601_20,,n000101/n000101_10,,,,sk000101/sk000101_10,,m000101/m040601_20
ropa,u040601_20_slv,,f23,u000101/u040601_20,,n000101/n000101_10,,,,sk000501/sk000501_10,,m000101/m040601_20
ropa,u040651_10,,f33,u000201/u040651_10,,n000101/n000101_10,E97D3CFF,000000FF,,sk000201/sk000201_10,,m000101/m040601_10
ropa,u040651_10_blyR,,f34,u000201/u040651_10,,n000101/n000101_10,,,,sk090201/sk090201_10,,m000101/m040601_10
ropa,u040651_10_lsa,,f35,u000201/u040651_10,,n000101/n000101_10,,,,sk000901/sk000901_10,,m000101/m040601_10
ropa,u040651_10_lse,,f36,u000201/u040651_10,,n000101/n000101_10,,,,sk000801/sk000801_10,,m000101/m040601_10
ropa,u040651_20,,f33,u000201/u040651_20,,n000101/n000101_10,333937FF,000000FF,,sk000201/sk000201_10,,m000101/m040601_20
ropa,u040651_20_blyR,,f34,u000201/u040651_20,,n000101/n000101_10,,,,sk090201/sk090201_10,,m000101/m040601_20
ropa,u040651_20_lsa,,f35,u000201/u040651_20,,n000101/n000101_10,,,,sk000901/sk000901_10,,m000101/m040601_20
ropa,u040651_20_lse,,f36,u000201/u040651_20,,n000101/n000101_10,,,,sk000801/sk000801_10,,m000101/m040601_20
ropa,u040701_10,,f100,u001101/u040701_10,,n000101/n000101_10,E9E9EAFF,000000FF,,sk000101/sk000101_10,,m000101/m040701_10
ropa,u040701_10_blyR,,f101,u001101/u040701_10,,n000101/n000101_10,,,,sk090101/sk090101_10,,m000101/m040701_10
ropa,u040701_10_dam,,f102,u001101/u040701_10,,n000101/n000101_10,,,,sk000701/sk000701_10,,m000101/m040701_10
ropa,u040701_10_fld,,f103,u001101/u040701_10,,n000101/n000101_10,,,,sk000101/sk000101_10,,m000101/m040701_10
ropa,u040701_10_slv,,f104,u001101/u040701_10,,n000101/n000101_10,,,,sk000501/sk000501_10,,m000101/m040701_10
ropa,u040701_20,,f100,u001101/u040701_20,,n000101/n000101_10,9FACB2FF,000000FF,,sk000101/sk000101_10,,m000101/m040701_20
ropa,u040701_20_blyR,,f101,u001101/u040701_20,,n000101/n000101_10,,,,sk090101/sk090101_10,,m000101/m040701_20
ropa,u040701_20_dam,,f102,u001101/u040701_20,,n000101/n000101_10,,,,sk000701/sk000701_10,,m000101/m040701_20
ropa,u040701_20_fld,,f103,u001101/u040701_20,,n000101/n000101_10,,,,sk000101/sk000101_10,,m000101/m040701_20
ropa,u040701_20_slv,,f104,u001101/u040701_20,,n000101/n000101_10,,,,sk000501/sk000501_10,,m000101/m040701_20
ropa,u040751_10,,f105,u001201/u040751_10,,n000101/n000101_10,CEDAC4FF,000000FF,,sk000201/sk000201_10,,m000101/m040701_10
ropa,u040751_10_blyR,,f106,u001201/u040751_10,,n000101/n000101_10,,,,sk090201/sk090201_10,,m000101/m040701_10
ropa,u040751_10_lsa,,f107,u001201/u040751_10,,n000101/n000101_10,,,,sk000901/sk000901_10,,m000101/m040701_10
ropa,u040751_10_lse,,f108,u001201/u040751_10,,n000101/n000101_10,,,,sk000801/sk000801_10,,m000101/m040701_10
ropa,u040751_20,,f105,u001201/u040751_20,,n000101/n000101_10,CEDAC4FF,000000FF,,sk000201/sk000201_10,,m000101/m040701_20
ropa,u040751_20_blyR,,f106,u001201/u040751_20,,n000101/n000101_10,,,,sk090201/sk090201_10,,m000101/m040701_20
ropa,u040751_20_lsa,,f107,u001201/u040751_20,,n000101/n000101_10,,,,sk000901/sk000901_10,,m000101/m040701_20
ropa,u040751_20_lse,,f108,u001201/u040751_20,,n000101/n000101_10,,,,sk000801/sk000801_10,,m000101/m040701_20
ropa,u040801_10,,f76,u000201/u040801_10,,n000101/n000101_10,F8F0E3FF,000000FF,,sk000101/sk000101_10,,m000101/m040801_10
ropa,u040801_10_blyR,,f77,u000201/u040801_10,,n000101/n000101_10,,,,sk090301/sk090301_10,,m000101/m040801_10
ropa,u040801_10_lsa,,f78,u000201/u040801_10,,n000101/n000101_10,,,,sk002901/sk002901_10,,m000101/m040801_10
ropa,u040801_10_lse,,f79,u000201/u040801_10,,n000101/n000101_10,,,,sk002801/sk002801_10,,m000101/m040801_10
ropa,u040801_20,,f76,u000201/u040801_20,,n000101/n000101_10,A6320BFF,000000FF,,sk000101/sk000101_10,,m000101/m040801_20
ropa,u040801_20_blyR,,f77,u000201/u040801_20,,n000101/n000101_10,,,,sk090301/sk090301_10,,m000101/m040801_20
ropa,u040801_20_lsa,,f78,u000201/u040801_20,,n000101/n000101_10,,,,sk002901/sk002901_10,,m000101/m040801_20
ropa,u040801_20_lse,,f79,u000201/u040801_20,,n000101/n000101_10,,,,sk002801/sk002801_10,,m000101/m040801_20
ropa,u040851_10,,f33,u000201/u040851_10,,n000101/n000101_10,F8F0E3FF,000000FF,,sk000201/sk000201_10,,m000101/m040801_10
ropa,u040851_10_blyR,,f34,u000201/u040851_10,,n000101/n000101_10,,,,sk090201/sk090201_10,,m000101/m040801_10
ropa,u040851_10_lsa,,f35,u000201/u040851_10,,n000101/n000101_10,,,,sk000901/sk000901_10,,m000101/m040801_10
ropa,u040851_10_lse,,f36,u000201/u040851_10,,n000101/n000101_10,,,,sk000801/sk000801_10,,m000101/m040801_10
ropa,u040851_20,,f33,u000201/u040851_20,,n000101/n000101_10,F8F0E3FF,000000FF,,sk000201/sk000201_10,,m000101/m040801_20
ropa,u040851_20_blyR,,f34,u000201/u040851_20,,n000101/n000101_10,,,,sk090201/sk090201_10,,m000101/m040801_20
ropa,u040851_20_lsa,,f35,u000201/u040851_20,,n000101/n000101_10,,,,sk000901/sk000901_10,,m000101/m040801_20
ropa,u040851_20_lse,,f36,u000201/u040851_20,,n000101/n000101_10,,,,sk000801/sk000801_10,,m000101/m040801_20
ropa,u040901_10,,f18,u000101/u040901_10,,n000101/n000101_10,FEB832FF,000000FF,,sk000101/sk000101_10,,m000101/m040901_10
ropa,u040901_10_blyR,,f19,u000101/u040901_10,,n000101/n000101_10,,,,sk090101/sk090101_10,,m000101/m040901_10
ropa,u040901_10_dam,,f20,u000101/u040901_10,,n000101/n000101_10,,,,sk000701/sk000701_10,,m000101/m040901_10
ropa,u040901_10_fld,,f22,u000101/u040901_10,,n000101/n000101_10,,,,sk000101/sk000101_10,,m000101/m040901_10
ropa,u040901_10_slv,,f23,u000101/u040901_10,,n000101/n000101_10,,,,sk000501/sk000501_10,,m000101/m040901_10
ropa,u040901_20,,f18,u000101/u040901_20,,n000101/n000101_10,FFFFFFFF,000000FF,,sk000101/sk000101_10,,m000101/m040901_20
ropa,u040901_20_blyR,,f19,u000101/u040901_20,,n000101/n000101_10,,,,sk090101/sk090101_10,,m000101/m040901_20
ropa,u040901_20_dam,,f20,u000101/u040901_20,,n000101/n000101_10,,,,sk000701/sk000701_10,,m000101/m040901_20
ropa,u040901_20_fld,,f22,u000101/u040901_20,,n000101/n000101_10,,,,sk000101/sk000101_10,,m000101/m040901_20
ropa,u040901_20_slv,,f23,u000101/u040901_20,,n000101/n000101_10,,,,sk000501/sk000501_10,,m000101/m040901_20
ropa,u040951_10,,f33,u000201/u040951_10,,n000101/n000101_10,D5E3E4FF,000000FF,,sk000201/sk000201_10,,m000101/m040901_10
ropa,u040951_10_blyR,,f34,u000201/u040951_10,,n000101/n000101_10,,,,sk090201/sk090201_10,,m000101/m040901_10
ropa,u040951_10_lsa,,f35,u000201/u040951_10,,n000101/n000101_10,,,,sk000901/sk000901_10,,m000101/m040901_10
ropa,u040951_10_lse,,f36,u000201/u040951_10,,n000101/n000101_10,,,,sk000801/sk000801_10,,m000101/m040901_10
ropa,u040951_20,,f33,u000201/u040951_20,,n000101/n000101_10,FEB832FF,000000FF,,sk000201/sk000201_10,,m000101/m040901_20
ropa,u040951_20_blyR,,f34,u000201/u040951_20,,n000101/n000101_10,,,,sk090201/sk090201_10,,m000101/m040901_20
ropa,u040951_20_lsa,,f35,u000201/u040951_20,,n000101/n000101_10,,,,sk000901/sk000901_10,,m000101/m040901_20
ropa,u040951_20_lse,,f36,u000201/u040951_20,,n000101/n000101_10,,,,sk000801/sk000801_10,,m000101/m040901_20
forma,f199,0,u041001/u041001,,n000101/n000101,,,,sk000101/sk000101,,m000101/m000101,
forma,f199,1,u041001/u041002,,n000101/n000102,,,,sk000101/sk000102,,m000101/m000102,
forma,f199,2,u041001/u041003,,n000101/n000103,,,,sk000101/sk000103,,m000101/m000103,
forma,f199,3,u041001/u041004,,n000101/n000104,,,,sk000101/sk000104,,m000101/m000104,
forma,f199,4,u041001/u041005,,n000101/n000105,,,,sk000101/sk000105,,m000101/m000105,
forma,f199,5,u041001/u041006,,n000101/n000106,,,,sk000101/sk000106,,m000101/m000106,
forma,f199,6,u041001/u041007,,n000101/n000107,,,,sk000101/sk000107,,m000101/m000107,
forma,f199,7,u041001/u041008,,n000101/n000108,,,,sk000101/sk000108,,m000101/m000108,
forma,f199,8,u041001/u041006,,n000101/n000106,,,,sk000101/sk000109,,m000101/m000106,
forma,f199,9,u041001/u041007,,n000101/n000107,,,,sk000101/sk000110,,m000101/m000107,
forma,f199,10,u041001/u041003,,n000101/n000103,,,,sk000101/sk000103,,m000101/m000103,
forma,f199,11,u041001/u041004,,n000101/n000104,,,,sk000101/sk000104,,m000101/m000104,
forma,f199,12,u041001/u041007,,n000101/n000107,,,,sk000101/sk000107,,m000101/m000107,
forma,f199,13,u041001/u041007,,n000101/n000107,,,,sk000101/sk000110,,m000101/m000107,
ropa,u041001_10,,f199,u041001/u041001_10,,n000101/n000101_10,9E0404FF,000000FF,,sk000101/sk000101_10,,m000101/m041001_10
forma,f200,1,u041041/u041042,,n000101/n000102,,,,sk090101/sk090102,,m000101/m000102,
ropa,u041001_10_blyR,,f200,u041001/u041001_10,,n000101/n000101_10,,,,sk090101/sk090101_10,,m000101/m041001_10
forma,f201,6,u941021/u941027,,n000101/n000107,,,,sk000701/sk000707,,m000101/m000107,
ropa,u041001_10_dam,,f201,u041001/u041001_10,,n000101/n000101_10,,,,sk000701/sk000701_10,,m000101/m041001_10
forma,f202,0,u941011/u941011,,n000101/n000101,,,,sk000101/sk000101,,m090151/m090151,
ropa,u041001_10_fld,,f202,u041001/u041001_10,,n000101/n000101_10,,,,sk000101/sk000101_10,,m000101/m041001_10
forma,f203,0,u041011/u041011,,n000101/n000101,,,,sk000501/sk000501,,m000101/m000101,
forma,f203,5,u041011/u041016,,n000101/n000106,,,,sk000501/sk000506,,m000101/m000106,
ropa,u041001_10_slv,,f203,u041001/u041001_10,,n000101/n000101_10,,,,sk000501/sk000501_10,,m000101/m041001_10
ropa,u041001_20,,f199,u041001/u041001_20,,n000101/n000101_10,E8DDC9FF,000000FF,,sk000101/sk000101_10,,m000101/m041001_10
ropa,u041001_20_blyR,,f200,u041001/u041001_20,,n000101/n000101_10,,,,sk090101/sk090101_10,,m000101/m041001_10
ropa,u041001_20_dam,,f201,u041001/u041001_20,,n000101/n000101_10,,,,sk000701/sk000701_10,,m000101/m041001_10
ropa,u041001_20_fld,,f202,u041001/u041001_20,,n000101/n000101_10,,,,sk000101/sk000101_10,,m000101/m041001_10
ropa,u041001_20_slv,,f203,u041001/u041001_20,,n000101/n000101_10,,,,sk000501/sk000501_10,,m000101/m041001_10
forma,f204,0,u041051/u041051,,n000101/n000101,,,,sk000201/sk000201,,m000201/m000201,
forma,f204,1,u041051/u041052,,n000101/n000102,,,,sk000201/sk000202,,m000201/m000202,
forma,f204,2,u041051/u041053,,n000101/n000103,,,,sk000201/sk000203,,m000201/m000203,
forma,f204,3,u041051/u041054,,n000101/n000104,,,,sk000201/sk000204,,m000201/m000204,
forma,f204,4,u041051/u041055,,n000101/n000105,,,,sk000201/sk000205,,m000201/m000205,
forma,f204,5,u041051/u041056,,n000101/n000106,,,,sk000201/sk000206,,m000201/m000206,
forma,f204,6,u041051/u041057,,n000101/n000107,,,,sk000201/sk000207,,m000201/m000207,
forma,f204,7,u041051/u041058,,n000101/n000108,,,,sk000201/sk000208,,m000201/m000208,
forma,f204,8,u041051/u041056,,n000101/n000106,,,,sk000201/sk000209,,m000201/m000206,
forma,f204,9,u041051/u041057,,n000101/n000107,,,,sk000201/sk000210,,m000201/m000207,
forma,f204,10,u041051/u041053,,n000101/n000103,,,,sk000201/sk000203,,m000201/m000203,
forma,f204,11,u041051/u041054,,n000101/n000104,,,,sk000201/sk000204,,m000201/m000204,
forma,f204,12,u041051/u041057,,n000101/n000107,,,,sk000201/sk000207,,m000201/m000207,
forma,f204,13,u041051/u041057,,n000101/n000107,,,,sk000201/sk000210,,m000201/m000207,
ropa,u041051_10,,f204,u041051/u041051_10,,n000101/n000101_10,ECE9D8FF,000000FF,,sk000201/sk000201_10,,m000101/m041001_10
forma,f205,1,u041091/u041092,,n000101/n000102,,,,sk090201/sk090202,,m000201/m000202,
ropa,u041051_10_blyR,,f205,u041051/u041051_10,,n000101/n000101_10,,,,sk090201/sk090201_10,,m000101/m041001_10
forma,f206,0,u941091/u941091,,n000101/n000101,,,,sk000901/sk000901,,m000201/m000201,
ropa,u041051_10_lsa,,f206,u041051/u041051_10,,n000101/n000101_10,,,,sk000901/sk000901_10,,m000101/m041001_10
forma,f207,0,u941081/u941081,,n000101/n000101,,,,sk000801/sk000801,,m000201/m000201,
forma,f207,4,u941081/u941085,,n000101/n000105,,,,sk000801/sk000805,,m000201/m000205,
ropa,u041051_10_lse,,f207,u041051/u041051_10,,n000101/n000101_10,,,,sk000801/sk000801_10,,m000101/m041001_10
ropa,u041051_20,,f204,u041051/u041051_20,,n000101/n000101_10,3A3A3AFF,000000FF,,sk000201/sk000201_10,,m000101/m041001_10
ropa,u041051_20_blyR,,f205,u041051/u041051_20,,n000101/n000101_10,,,,sk090201/sk090201_10,,m000101/m041001_10
ropa,u041051_20_lsa,,f206,u041051/u041051_20,,n000101/n000101_10,,,,sk000901/sk000901_10,,m000101/m041001_10
ropa,u041051_20_lse,,f207,u041051/u041051_20,,n000101/n000101_10,,,,sk000801/sk000801_10,,m000101/m041001_10
ropa,u041101_10,,f47,u002101/u041101_10,,n000101/n000101_10,FFFFFFFF,000000FF,,sk000101/sk000101_10,,m000101/m041101_10
ropa,u041101_10_blyR,,f48,u002101/u041101_10,,n000101/n000101_10,,,,sk090101/sk090101_10,,m000101/m041101_10
ropa,u041101_10_dam,,f49,u002101/u041101_10,,n000101/n000101_10,,,,sk000701/sk000701_10,,m000101/m041101_10
ropa,u041101_10_fld,,f50,u002101/u041101_10,,n000101/n000101_10,,,,sk000101/sk000101_10,,m000101/m041101_10
ropa,u041101_10_slv,,f51,u002101/u041101_10,,n000101/n000101_10,,,,sk000501/sk000501_10,,m000101/m041101_10
ropa,u041101_20,,f47,u002101/u041101_20,,n000101/n000101_10,EAA80BFF,000000FF,,sk000101/sk000101_10,,m000101/m041101_20
ropa,u041101_20_blyR,,f48,u002101/u041101_20,,n000101/n000101_10,,,,sk090101/sk090101_10,,m000101/m041101_20
ropa,u041101_20_dam,,f49,u002101/u041101_20,,n000101/n000101_10,,,,sk000701/sk000701_10,,m000101/m041101_20
ropa,u041101_20_fld,,f50,u002101/u041101_20,,n000101/n000101_10,,,,sk000101/sk000101_10,,m000101/m041101_20
ropa,u041101_20_slv,,f51,u002101/u041101_20,,n000101/n000101_10,,,,sk000501/sk000501_10,,m000101/m041101_20
ropa,u041151_10,,f88,u002201/u041151_10,,n000101/n000101_10,7D0230FF,000000FF,,sk000201/sk000201_10,,m000101/m041101_10
ropa,u041151_10_blyR,,f89,u002201/u041151_10,,n000101/n000101_10,,,,sk090201/sk090201_10,,m000101/m041101_10
ropa,u041151_10_lsa,,f90,u002201/u041151_10,,n000101/n000101_10,,,,sk000901/sk000901_10,,m000101/m041101_10
ropa,u041151_10_lse,,f91,u002201/u041151_10,,n000101/n000101_10,,,,sk000801/sk000801_10,,m000101/m041101_10
ropa,u041151_20,,f88,u002201/u041151_20,,n000101/n000101_10,FFFFFFFF,000000FF,,sk000201/sk000201_10,,m000101/m041101_20
ropa,u041151_20_blyR,,f89,u002201/u041151_20,,n000101/n000101_10,,,,sk090201/sk090201_10,,m000101/m041101_20
ropa,u041151_20_lsa,,f90,u002201/u041151_20,,n000101/n000101_10,,,,sk000901/sk000901_10,,m000101/m041101_20
ropa,u041151_20_lse,,f91,u002201/u041151_20,,n000101/n000101_10,,,,sk000801/sk000801_10,,m000101/m041101_20
forma,f208,0,u041201/u041201,,n000101/n000101,,,,sk000101/sk000101,,m000101/m000101,
forma,f208,1,u041201/u041202,,n000101/n000102,,,,sk000101/sk000102,,m000101/m000102,
forma,f208,2,u041201/u041203,,n000101/n000103,,,,sk000101/sk000103,,m000101/m000103,
forma,f208,3,u041201/u041204,,n000101/n000104,,,,sk000101/sk000104,,m000101/m000104,
forma,f208,4,u041201/u041205,,n000101/n000105,,,,sk000101/sk000105,,m000101/m000105,
forma,f208,5,u041201/u041206,,n000101/n000106,,,,sk000101/sk000106,,m000101/m000106,
forma,f208,6,u041201/u041207,,n000101/n000107,,,,sk000101/sk000107,,m000101/m000107,
forma,f208,7,u041201/u041208,,n000101/n000108,,,,sk000101/sk000108,,m000101/m000108,
forma,f208,8,u041201/u041206,,n000101/n000106,,,,sk000101/sk000109,,m000101/m000106,
forma,f208,9,u041201/u041207,,n000101/n000107,,,,sk000101/sk000110,,m000101/m000107,
forma,f208,10,u041201/u041203,,n000101/n000103,,,,sk000101/sk000103,,m000101/m000103,
forma,f208,11,u041201/u041204,,n000101/n000104,,,,sk000101/sk000104,,m000101/m000104,
forma,f208,12,u041201/u041207,,n000101/n000107,,,,sk000101/sk000107,,m000101/m000107,
forma,f208,13,u041201/u041207,,n000101/n000107,,,,sk000101/sk000110,,m000101/m000107,
ropa,u041201_10,,f208,u041201/u041201_10,,n000101/n000101_10,B7AA75FF,000000FF,,sk000101/sk000101_10,,m000101/m041201_10
forma,f209,1,u041241/u041242,,n000101/n000102,,,,sk090101/sk090102,,m000101/m000102,
ropa,u041201_10_blyR,,f209,u041201/u041201_10,,n000101/n000101_10,,,,sk090101/sk090101_10,,m000101/m041201_10
forma,f210,6,u941221/u941227,,n000101/n000107,,,,sk000701/sk000707,,m000101/m000107,
ropa,u041201_10_dam,,f210,u041201/u041201_10,,n000101/n000101_10,,,,sk000701/sk000701_10,,m000101/m041201_10
forma,f211,0,u941211/u941211,,n000101/n000101,,,,sk000101/sk000101,,m090151/m090151,
ropa,u041201_10_fld,,f211,u041201/u041201_10,,n000101/n000101_10,,,,sk000101/sk000101_10,,m000101/m041201_10
forma,f212,0,u041211/u041211,,n000101/n000101,,,,sk000501/sk000501,,m000101/m000101,
forma,f212,5,u041211/u041216,,n000101/n000106,,,,sk000501/sk000506,,m000101/m000106,
ropa,u041201_10_slv,,f212,u041201/u041201_10,,n000101/n000101_10,,,,sk000501/sk000501_10,,m000101/m041201_10
ropa,u041201_20,,f208,u041201/u041201_20,,n000101/n000101_10,3E4E5AFF,000000FF,,sk000101/sk000101_10,,m000101/m041201_10
ropa,u041201_20_blyR,,f209,u041201/u041201_20,,n000101/n000101_10,,,,sk090101/sk090101_10,,m000101/m041201_10
ropa,u041201_20_dam,,f210,u041201/u041201_20,,n000101/n000101_10,,,,sk000701/sk000701_10,,m000101/m041201_10
ropa,u041201_20_fld,,f211,u041201/u041201_20,,n000101/n000101_10,,,,sk000101/sk000101_10,,m000101/m041201_10
ropa,u041201_20_slv,,f212,u041201/u041201_20,,n000101/n000101_10,,,,sk000501/sk000501_10,,m000101/m041201_10
forma,f213,0,u041251/u041251,,n000101/n000101,,,,sk000201/sk000201,,m000201/m000201,
forma,f213,1,u041251/u041252,,n000101/n000102,,,,sk000201/sk000202,,m000201/m000202,
forma,f213,2,u041251/u041253,,n000101/n000103,,,,sk000201/sk000203,,m000201/m000203,
forma,f213,3,u041251/u041254,,n000101/n000104,,,,sk000201/sk000204,,m000201/m000204,
forma,f213,4,u041251/u041255,,n000101/n000105,,,,sk000201/sk000205,,m000201/m000205,
forma,f213,5,u041251/u041256,,n000101/n000106,,,,sk000201/sk000206,,m000201/m000206,
forma,f213,6,u041251/u041257,,n000101/n000107,,,,sk000201/sk000207,,m000201/m000207,
forma,f213,7,u041251/u041258,,n000101/n000108,,,,sk000201/sk000208,,m000201/m000208,
forma,f213,8,u041251/u041256,,n000101/n000106,,,,sk000201/sk000209,,m000201/m000206,
forma,f213,9,u041251/u041257,,n000101/n000107,,,,sk000201/sk000210,,m000201/m000207,
forma,f213,10,u041251/u041253,,n000101/n000103,,,,sk000201/sk000203,,m000201/m000203,
forma,f213,11,u041251/u041254,,n000101/n000104,,,,sk000201/sk000204,,m000201/m000204,
forma,f213,12,u041251/u041257,,n000101/n000107,,,,sk000201/sk000207,,m000201/m000207,
forma,f213,13,u041251/u041257,,n000101/n000107,,,,sk000201/sk000210,,m000201/m000207,
ropa,u041251_10,,f213,u041251/u041251_10,,n000101/n000101_10,B7AA75FF,000000FF,,sk000201/sk000201_10,,m000101/m041201_10
forma,f214,1,u041291/u041292,,n000101/n000102,,,,sk090201/sk090202,,m000201/m000202,
ropa,u041251_10_blyR,,f214,u041251/u041251_10,,n000101/n000101_10,,,,sk090201/sk090201_10,,m000101/m041201_10
forma,f215,0,u941291/u941291,,n000101/n000101,,,,sk000901/sk000901,,m000201/m000201,
ropa,u041251_10_lsa,,f215,u041251/u041251_10,,n000101/n000101_10,,,,sk000901/sk000901_10,,m000101/m041201_10
forma,f216,0,u941281/u941281,,n000101/n000101,,,,sk000801/sk000801,,m000201/m000201,
forma,f216,4,u941281/u941285,,n000101/n000105,,,,sk000801/sk000805,,m000201/m000205,
ropa,u041251_10_lse,,f216,u041251/u041251_10,,n000101/n000101_10,,,,sk000801/sk000801_10,,m000101/m041201_10
ropa,u041251_20,,f213,u041251/u041251_20,,n000101/n000101_10,B7AA75FF,000000FF,,sk000201/sk000201_10,,m000101/m041201_10
ropa,u041251_20_blyR,,f214,u041251/u041251_20,,n000101/n000101_10,,,,sk090201/sk090201_10,,m000101/m041201_10
ropa,u041251_20_lsa,,f215,u041251/u041251_20,,n000101/n000101_10,,,,sk000901/sk000901_10,,m000101/m041201_10
ropa,u041251_20_lse,,f216,u041251/u041251_20,,n000101/n000101_10,,,,sk000801/sk000801_10,,m000101/m041201_10
ropa,u041301_10,,f162,u000501/u041301_10,,n000101/n000101_10,404370FF,000000FF,,sk000301/sk000301_10,,m000101/m041301_10
ropa,u041301_10_blyR,,f163,u000501/u041301_10,,n000101/n000101_10,,,,sk090301/sk090301_10,,m000101/m041301_10
ropa,u041301_10_lsa,,f164,u000501/u041301_10,,n000101/n000101_10,,,,sk002901/sk002901_10,,m000101/m041301_10
ropa,u041301_10_lse,,f165,u000501/u041301_10,,n000101/n000101_10,,,,sk002801/sk002801_10,,m000101/m041301_10
ropa,u041301_20,,f162,u000501/u041301_20,,n000101/n000101_10,83A0C2FF,000000FF,,sk000301/sk000301_10,,m000101/m041301_10
ropa,u041301_20_blyR,,f163,u000501/u041301_20,,n000101/n000101_10,,,,sk090301/sk090301_10,,m000101/m041301_10
ropa,u041301_20_lsa,,f164,u000501/u041301_20,,n000101/n000101_10,,,,sk002901/sk002901_10,,m000101/m041301_10
ropa,u041301_20_lse,,f165,u000501/u041301_20,,n000101/n000101_10,,,,sk002801/sk002801_10,,m000101/m041301_10
ropa,u041351_10,,f29,u000501/u041351_10,,n000101/n000101_10,E5EDEEFF,000000FF,,sk000201/sk000201_10,,m000101/m041301_10
ropa,u041351_10_blyR,,f30,u000501/u041351_10,,n000101/n000101_10,,,,sk090201/sk090201_10,,m000101/m041301_10
ropa,u041351_10_lsa,,f31,u000501/u041351_10,,n000101/n000101_10,,,,sk000901/sk000901_10,,m000101/m041301_10
ropa,u041351_10_lse,,f32,u000501/u041351_10,,n000101/n000101_10,,,,sk000801/sk000801_10,,m000101/m041301_10
ropa,u041351_20,,f29,u000501/u041351_20,,n000101/n000101_10,E5EDEEFF,000000FF,,sk000201/sk000201_10,,m000101/m041301_10
ropa,u041351_20_blyR,,f30,u000501/u041351_20,,n000101/n000101_10,,,,sk090201/sk090201_10,,m000101/m041301_10
ropa,u041351_20_lsa,,f31,u000501/u041351_20,,n000101/n000101_10,,,,sk000901/sk000901_10,,m000101/m041301_10
ropa,u041351_20_lse,,f32,u000501/u041351_20,,n000101/n000101_10,,,,sk000801/sk000801_10,,m000101/m041301_10
ropa,u041401_10,,f47,u002101/u041401_10,,n000101/n000101_10,E5DCD3FF,000000FF,,sk000101/sk000101_10,,m000101/m041401_10
ropa,u041401_10_blyR,,f48,u002101/u041401_10,,n000101/n000101_10,,,,sk090101/sk090101_10,,m000101/m041401_10
ropa,u041401_10_dam,,f49,u002101/u041401_10,,n000101/n000101_10,,,,sk000701/sk000701_10,,m000101/m041401_10
ropa,u041401_10_fld,,f50,u002101/u041401_10,,n000101/n000101_10,,,,sk000101/sk000101_10,,m000101/m041401_10
ropa,u041401_10_slv,,f51,u002101/u041401_10,,n000101/n000101_10,,,,sk000501/sk000501_10,,m000101/m041401_10
ropa,u041401_20,,f47,u002101/u041401_20,,n000101/n000101_10,516269FF,000000FF,,sk000101/sk000101_10,,m000101/m041401_10
ropa,u041401_20_blyR,,f48,u002101/u041401_20,,n000101/n000101_10,,,,sk090101/sk090101_10,,m000101/m041401_10
ropa,u041401_20_dam,,f49,u002101/u041401_20,,n000101/n000101_10,,,,sk000701/sk000701_10,,m000101/m041401_10
ropa,u041401_20_fld,,f50,u002101/u041401_20,,n000101/n000101_10,,,,sk000101/sk000101_10,,m000101/m041401_10
ropa,u041401_20_slv,,f51,u002101/u041401_20,,n000101/n000101_10,,,,sk000501/sk000501_10,,m000101/m041401_10
ropa,u041451_10,,f105,u001201/u041451_10,,n000101/n000101_10,E5DCD3FF,000000FF,,sk000201/sk000201_10,,m000101/m041401_10
ropa,u041451_10_blyR,,f106,u001201/u041451_10,,n000101/n000101_10,,,,sk090201/sk090201_10,,m000101/m041401_10
ropa,u041451_10_lsa,,f107,u001201/u041451_10,,n000101/n000101_10,,,,sk000901/sk000901_10,,m000101/m041401_10
ropa,u041451_10_lse,,f108,u001201/u041451_10,,n000101/n000101_10,,,,sk000801/sk000801_10,,m000101/m041401_10
ropa,u041451_20,,f105,u001201/u041451_20,,n000101/n000101_10,E5DCD3FF,000000FF,,sk000201/sk000201_10,,m000101/m041401_10
ropa,u041451_20_blyR,,f106,u001201/u041451_20,,n000101/n000101_10,,,,sk090201/sk090201_10,,m000101/m041401_10
ropa,u041451_20_lsa,,f107,u001201/u041451_20,,n000101/n000101_10,,,,sk000901/sk000901_10,,m000101/m041401_10
ropa,u041451_20_lse,,f108,u001201/u041451_20,,n000101/n000101_10,,,,sk000801/sk000801_10,,m000101/m041401_10
ropa,u041501_10,,f18,u000101/u041501_10,,n000101/n000101_10,FBD777FF,000000FF,,sk000101/sk000101_10,,m000101/m041501_10
ropa,u041501_10_blyR,,f19,u000101/u041501_10,,n000101/n000101_10,,,,sk090101/sk090101_10,,m000101/m041501_10
ropa,u041501_10_dam,,f20,u000101/u041501_10,,n000101/n000101_10,,,,sk000701/sk000701_10,,m000101/m041501_10
ropa,u041501_10_fld,,f22,u000101/u041501_10,,n000101/n000101_10,,,,sk000101/sk000101_10,,m000101/m041501_10
ropa,u041501_10_slv,,f23,u000101/u041501_10,,n000101/n000101_10,,,,sk000501/sk000501_10,,m000101/m041501_10
ropa,u041501_20,,f18,u000101/u041501_20,,n000101/n000101_10,8D5F9DFF,000000FF,,sk000101/sk000101_10,,m000101/m041501_20
ropa,u041501_20_blyR,,f19,u000101/u041501_20,,n000101/n000101_10,,,,sk090101/sk090101_10,,m000101/m041501_20
ropa,u041501_20_dam,,f20,u000101/u041501_20,,n000101/n000101_10,,,,sk000701/sk000701_10,,m000101/m041501_20
ropa,u041501_20_fld,,f22,u000101/u041501_20,,n000101/n000101_10,,,,sk000101/sk000101_10,,m000101/m041501_20
ropa,u041501_20_slv,,f23,u000101/u041501_20,,n000101/n000101_10,,,,sk000501/sk000501_10,,m000101/m041501_20
ropa,u041551_10,,f33,u000201/u041551_10,,n000101/n000101_10,FBD777FF,000000FF,,sk000201/sk000201_10,,m000101/m041501_10
ropa,u041551_10_blyR,,f34,u000201/u041551_10,,n000101/n000101_10,,,,sk090201/sk090201_10,,m000101/m041501_10
ropa,u041551_10_lsa,,f35,u000201/u041551_10,,n000101/n000101_10,,,,sk000901/sk000901_10,,m000101/m041501_10
ropa,u041551_10_lse,,f36,u000201/u041551_10,,n000101/n000101_10,,,,sk000801/sk000801_10,,m000101/m041501_10
ropa,u041551_20,,f33,u000201/u041551_20,,n000101/n000101_10,ECEFE4FF,000000FF,,sk000201/sk000201_10,,m000101/m041501_20
ropa,u041551_20_blyR,,f34,u000201/u041551_20,,n000101/n000101_10,,,,sk090201/sk090201_10,,m000101/m041501_20
ropa,u041551_20_lsa,,f35,u000201/u041551_20,,n000101/n000101_10,,,,sk000901/sk000901_10,,m000101/m041501_20
ropa,u041551_20_lse,,f36,u000201/u041551_20,,n000101/n000101_10,,,,sk000801/sk000801_10,,m000101/m041501_20
ropa,u041601_10,,f18,u000101/u041601_10,,n000101/n000101_10,0088D0FF,000000FF,,sk000101/sk000101_10,,m000101/m041601_10
ropa,u041601_10_blyR,,f19,u000101/u041601_10,,n000101/n000101_10,,,,sk090101/sk090101_10,,m000101/m041601_10
ropa,u041601_10_dam,,f20,u000101/u041601_10,,n000101/n000101_10,,,,sk000701/sk000701_10,,m000101/m041601_10
ropa,u041601_10_fld,,f22,u000101/u041601_10,,n000101/n000101_10,,,,sk000101/sk000101_10,,m000101/m041601_10
ropa,u041601_10_slv,,f23,u000101/u041601_10,,n000101/n000101_10,,,,sk000501/sk000501_10,,m000101/m041601_10
ropa,u041601_20,,f18,u000101/u041601_20,,n000101/n000101_10,353655FF,000000FF,,sk000101/sk000101_10,,m000101/m041601_10
ropa,u041601_20_blyR,,f19,u000101/u041601_20,,n000101/n000101_10,,,,sk090101/sk090101_10,,m000101/m041601_10
ropa,u041601_20_dam,,f20,u000101/u041601_20,,n000101/n000101_10,,,,sk000701/sk000701_10,,m000101/m041601_10
ropa,u041601_20_fld,,f22,u000101/u041601_20,,n000101/n000101_10,,,,sk000101/sk000101_10,,m000101/m041601_10
ropa,u041601_20_slv,,f23,u000101/u041601_20,,n000101/n000101_10,,,,sk000501/sk000501_10,,m000101/m041601_10
ropa,u041651_10,,f88,u002201/u041651_10,,n000101/n000101_10,FFFFF4FF,000000FF,,sk000201/sk000201_10,,m000101/m041601_10
ropa,u041651_10_blyR,,f89,u002201/u041651_10,,n000101/n000101_10,,,,sk090201/sk090201_10,,m000101/m041601_10
ropa,u041651_10_lsa,,f90,u002201/u041651_10,,n000101/n000101_10,,,,sk000901/sk000901_10,,m000101/m041601_10
ropa,u041651_10_lse,,f91,u002201/u041651_10,,n000101/n000101_10,,,,sk000801/sk000801_10,,m000101/m041601_10
ropa,u041651_20,,f88,u002201/u041651_20,,n000101/n000101_10,EA7E3DFF,000000FF,,sk000201/sk000201_10,,m000101/m041601_10
ropa,u041651_20_blyR,,f89,u002201/u041651_20,,n000101/n000101_10,,,,sk090201/sk090201_10,,m000101/m041601_10
ropa,u041651_20_lsa,,f90,u002201/u041651_20,,n000101/n000101_10,,,,sk000901/sk000901_10,,m000101/m041601_10
ropa,u041651_20_lse,,f91,u002201/u041651_20,,n000101/n000101_10,,,,sk000801/sk000801_10,,m000101/m041601_10
ropa,u041701_10,,f18,u000101/u041701_10,,n000101/n000101_10,F7F0E0FF,000000FF,,sk000101/sk000101_10,,m000101/m041701_10
ropa,u041701_10_blyR,,f19,u000101/u041701_10,,n000101/n000101_10,,,,sk090101/sk090101_10,,m000101/m041701_10
ropa,u041701_10_dam,,f20,u000101/u041701_10,,n000101/n000101_10,,,,sk000701/sk000701_10,,m000101/m041701_10
ropa,u041701_10_fld,,f22,u000101/u041701_10,,n000101/n000101_10,,,,sk000101/sk000101_10,,m000101/m041701_10
ropa,u041701_10_slv,,f23,u000101/u041701_10,,n000101/n000101_10,,,,sk000501/sk000501_10,,m000101/m041701_10
ropa,u041701_20,,f18,u000101/u041701_20,,n000101/n000101_10,B4AFA9FF,000000FF,,sk000101/sk000101_10,,m000101/m041701_20
ropa,u041701_20_blyR,,f19,u000101/u041701_20,,n000101/n000101_10,,,,sk090101/sk090101_10,,m000101/m041701_20
ropa,u041701_20_dam,,f20,u000101/u041701_20,,n000101/n000101_10,,,,sk000701/sk000701_10,,m000101/m041701_20
ropa,u041701_20_fld,,f22,u000101/u041701_20,,n000101/n000101_10,,,,sk000101/sk000101_10,,m000101/m041701_20
ropa,u041701_20_slv,,f23,u000101/u041701_20,,n000101/n000101_10,,,,sk000501/sk000501_10,,m000101/m041701_20
ropa,u041751_10,,f33,u000201/u041751_10,,n000101/n000101_10,F7F0E0FF,000000FF,,sk000201/sk000201_10,,m000101/m041701_10
ropa,u041751_10_blyR,,f34,u000201/u041751_10,,n000101/n000101_10,,,,sk090201/sk090201_10,,m000101/m041701_10
ropa,u041751_10_lsa,,f35,u000201/u041751_10,,n000101/n000101_10,,,,sk000901/sk000901_10,,m000101/m041701_10
ropa,u041751_10_lse,,f36,u000201/u041751_10,,n000101/n000101_10,,,,sk000801/sk000801_10,,m000101/m041701_10
ropa,u041751_20,,f33,u000201/u041751_20,,n000101/n000101_10,F7F0E0FF,000000FF,,sk000201/sk000201_10,,m000101/m041701_20
ropa,u041751_20_blyR,,f34,u000201/u041751_20,,n000101/n000101_10,,,,sk090201/sk090201_10,,m000101/m041701_20
ropa,u041751_20_lsa,,f35,u000201/u041751_20,,n000101/n000101_10,,,,sk000901/sk000901_10,,m000101/m041701_20
ropa,u041751_20_lse,,f36,u000201/u041751_20,,n000101/n000101_10,,,,sk000801/sk000801_10,,m000101/m041701_20
ropa,u041801_10,,f100,u001101/u041801_10,,n000101/n000101_10,998FD1FF,000000FF,,sk000101/sk000101_10,,m000101/m041801_10
ropa,u041801_10_blyR,,f101,u001101/u041801_10,,n000101/n000101_10,,,,sk090101/sk090101_10,,m000101/m041801_10
ropa,u041801_10_dam,,f102,u001101/u041801_10,,n000101/n000101_10,,,,sk000701/sk000701_10,,m000101/m041801_10
ropa,u041801_10_fld,,f103,u001101/u041801_10,,n000101/n000101_10,,,,sk000101/sk000101_10,,m000101/m041801_10
ropa,u041801_10_slv,,f104,u001101/u041801_10,,n000101/n000101_10,,,,sk000501/sk000501_10,,m000101/m041801_10
ropa,u041801_20,,f100,u001101/u041801_20,,n000101/n000101_10,51485EFF,000000FF,,sk000101/sk000101_10,,m000101/m041801_20
ropa,u041801_20_blyR,,f101,u001101/u041801_20,,n000101/n000101_10,,,,sk090101/sk090101_10,,m000101/m041801_20
ropa,u041801_20_dam,,f102,u001101/u041801_20,,n000101/n000101_10,,,,sk000701/sk000701_10,,m000101/m041801_20
ropa,u041801_20_fld,,f103,u001101/u041801_20,,n000101/n000101_10,,,,sk000101/sk000101_10,,m000101/m041801_20
ropa,u041801_20_slv,,f104,u001101/u041801_20,,n000101/n000101_10,,,,sk000501/sk000501_10,,m000101/m041801_20
ropa,u041851_10,,f105,u001201/u041851_10,,n000101/n000101_10,464646FF,000000FF,,sk000201/sk000201_10,,m000101/m041801_10
ropa,u041851_10_blyR,,f106,u001201/u041851_10,,n000101/n000101_10,,,,sk090201/sk090201_10,,m000101/m041801_10
ropa,u041851_10_lsa,,f107,u001201/u041851_10,,n000101/n000101_10,,,,sk000901/sk000901_10,,m000101/m041801_10
ropa,u041851_10_lse,,f108,u001201/u041851_10,,n000101/n000101_10,,,,sk000801/sk000801_10,,m000101/m041801_10
ropa,u041851_20,,f105,u001201/u041851_20,,n000101/n000101_10,E5EAF0FF,000000FF,,sk000201/sk000201_10,,m000101/m041801_20
ropa,u041851_20_blyR,,f106,u001201/u041851_20,,n000101/n000101_10,,,,sk090201/sk090201_10,,m000101/m041801_20
ropa,u041851_20_lsa,,f107,u001201/u041851_20,,n000101/n000101_10,,,,sk000901/sk000901_10,,m000101/m041801_20
ropa,u041851_20_lse,,f108,u001201/u041851_20,,n000101/n000101_10,,,,sk000801/sk000801_10,,m000101/m041801_20
ropa,u041901_10,,f100,u001101/u041901_10,,n000101/n000101_10,005983FF,000000FF,,sk000101/sk000101_10,,m000101/m041901_10
ropa,u041901_10_blyR,,f101,u001101/u041901_10,,n000101/n000101_10,,,,sk090101/sk090101_10,,m000101/m041901_10
ropa,u041901_10_dam,,f102,u001101/u041901_10,,n000101/n000101_10,,,,sk000701/sk000701_10,,m000101/m041901_10
ropa,u041901_10_fld,,f103,u001101/u041901_10,,n000101/n000101_10,,,,sk000101/sk000101_10,,m000101/m041901_10
ropa,u041901_10_slv,,f104,u001101/u041901_10,,n000101/n000101_10,,,,sk000501/sk000501_10,,m000101/m041901_10
ropa,u041901_20,,f100,u001101/u041901_20,,n000101/n000101_10,E04701FF,000000FF,,sk000101/sk000101_10,,m000101/m041901_20
ropa,u041901_20_blyR,,f101,u001101/u041901_20,,n000101/n000101_10,,,,sk090101/sk090101_10,,m000101/m041901_20
ropa,u041901_20_dam,,f102,u001101/u041901_20,,n000101/n000101_10,,,,sk000701/sk000701_10,,m000101/m041901_20
ropa,u041901_20_fld,,f103,u001101/u041901_20,,n000101/n000101_10,,,,sk000101/sk000101_10,,m000101/m041901_20
ropa,u041901_20_slv,,f104,u001101/u041901_20,,n000101/n000101_10,,,,sk000501/sk000501_10,,m000101/m041901_20
ropa,u041951_10,,f105,u001201/u041951_10,,n000101/n000101_10,FFCE72FF,000000FF,,sk000201/sk000201_10,,m000101/m041901_10
ropa,u041951_10_blyR,,f106,u001201/u041951_10,,n000101/n000101_10,,,,sk090201/sk090201_10,,m000101/m041901_10
ropa,u041951_10_lsa,,f107,u001201/u041951_10,,n000101/n000101_10,,,,sk000901/sk000901_10,,m000101/m041901_10
ropa,u041951_10_lse,,f108,u001201/u041951_10,,n000101/n000101_10,,,,sk000801/sk000801_10,,m000101/m041901_10
ropa,u041951_20,,f105,u001201/u041951_20,,n000101/n000101_10,FFCE72FF,000000FF,,sk000201/sk000201_10,,m000101/m041901_20
ropa,u041951_20_blyR,,f106,u001201/u041951_20,,n000101/n000101_10,,,,sk090201/sk090201_10,,m000101/m041901_20
ropa,u041951_20_lsa,,f107,u001201/u041951_20,,n000101/n000101_10,,,,sk000901/sk000901_10,,m000101/m041901_20
ropa,u041951_20_lse,,f108,u001201/u041951_20,,n000101/n000101_10,,,,sk000801/sk000801_10,,m000101/m041901_20
ropa,u042001_10,,f100,u001101/u042001_10,,n000101/n000101_10,F2B60AFF,000000FF,,sk000101/sk000101_10,,m000101/m042001_10
ropa,u042001_10_blyR,,f101,u001101/u042001_10,,n000101/n000101_10,,,,sk090101/sk090101_10,,m000101/m042001_10
ropa,u042001_10_dam,,f102,u001101/u042001_10,,n000101/n000101_10,,,,sk000701/sk000701_10,,m000101/m042001_10
ropa,u042001_10_fld,,f103,u001101/u042001_10,,n000101/n000101_10,,,,sk000101/sk000101_10,,m000101/m042001_10
ropa,u042001_10_slv,,f104,u001101/u042001_10,,n000101/n000101_10,,,,sk000501/sk000501_10,,m000101/m042001_10
ropa,u042001_20,,f100,u001101/u042001_20,,n000101/n000101_10,F2B60AFF,000000FF,,sk000101/sk000101_10,,m000101/m042001_20
ropa,u042001_20_blyR,,f101,u001101/u042001_20,,n000101/n000101_10,,,,sk090101/sk090101_10,,m000101/m042001_20
ropa,u042001_20_dam,,f102,u001101/u042001_20,,n000101/n000101_10,,,,sk000701/sk000701_10,,m000101/m042001_20
ropa,u042001_20_fld,,f103,u001101/u042001_20,,n000101/n000101_10,,,,sk000101/sk000101_10,,m000101/m042001_20
ropa,u042001_20_slv,,f104,u001101/u042001_20,,n000101/n000101_10,,,,sk000501/sk000501_10,,m000101/m042001_20
ropa,u042051_10,,f105,u001201/u042051_10,,n000101/n000101_10,E15A18FF,000000FF,,sk000201/sk000201_10,,m000101/m042001_10
ropa,u042051_10_blyR,,f106,u001201/u042051_10,,n000101/n000101_10,,,,sk090201/sk090201_10,,m000101/m042001_10
ropa,u042051_10_lsa,,f107,u001201/u042051_10,,n000101/n000101_10,,,,sk000901/sk000901_10,,m000101/m042001_10
ropa,u042051_10_lse,,f108,u001201/u042051_10,,n000101/n000101_10,,,,sk000801/sk000801_10,,m000101/m042001_10
ropa,u042051_20,,f105,u001201/u042051_20,,n000101/n000101_10,E15A18FF,000000FF,,sk000201/sk000201_10,,m000101/m042001_20
ropa,u042051_20_blyR,,f106,u001201/u042051_20,,n000101/n000101_10,,,,sk090201/sk090201_10,,m000101/m042001_20
ropa,u042051_20_lsa,,f107,u001201/u042051_20,,n000101/n000101_10,,,,sk000901/sk000901_10,,m000101/m042001_20
ropa,u042051_20_lse,,f108,u001201/u042051_20,,n000101/n000101_10,,,,sk000801/sk000801_10,,m000101/m042001_20
ropa,u042101_10,,f100,u001101/u042101_10,,n000101/n000101_10,FFFFFFFF,000000FF,,sk000101/sk000101_10,,m000101/m042101_10
ropa,u042101_10_blyR,,f101,u001101/u042101_10,,n000101/n000101_10,,,,sk090101/sk090101_10,,m000101/m042101_10
ropa,u042101_10_dam,,f102,u001101/u042101_10,,n000101/n000101_10,,,,sk000701/sk000701_10,,m000101/m042101_10
ropa,u042101_10_fld,,f103,u001101/u042101_10,,n000101/n000101_10,,,,sk000101/sk000101_10,,m000101/m042101_10
ropa,u042101_10_slv,,f104,u001101/u042101_10,,n000101/n000101_10,,,,sk000501/sk000501_10,,m000101/m042101_10
ropa,u042101_20,,f100,u001101/u042101_20,,n000101/n000101_10,2C2C2CFF,000000FF,,sk000101/sk000101_10,,m000101/m042101_20
ropa,u042101_20_blyR,,f101,u001101/u042101_20,,n000101/n000101_10,,,,sk090101/sk090101_10,,m000101/m042101_20
ropa,u042101_20_dam,,f102,u001101/u042101_20,,n000101/n000101_10,,,,sk000701/sk000701_10,,m000101/m042101_20
ropa,u042101_20_fld,,f103,u001101/u042101_20,,n000101/n000101_10,,,,sk000101/sk000101_10,,m000101/m042101_20
ropa,u042101_20_slv,,f104,u001101/u042101_20,,n000101/n000101_10,,,,sk000501/sk000501_10,,m000101/m042101_20
ropa,u042151_10,,f105,u001201/u042151_10,,n000101/n000101_10,FFFFFFFF,000000FF,,sk000201/sk000201_10,,m000101/m042101_10
ropa,u042151_10_blyR,,f106,u001201/u042151_10,,n000101/n000101_10,,,,sk090201/sk090201_10,,m000101/m042101_10
ropa,u042151_10_lsa,,f107,u001201/u042151_10,,n000101/n000101_10,,,,sk000901/sk000901_10,,m000101/m042101_10
ropa,u042151_10_lse,,f108,u001201/u042151_10,,n000101/n000101_10,,,,sk000801/sk000801_10,,m000101/m042101_10
ropa,u042151_20,,f105,u001201/u042151_20,,n000101/n000101_10,2C2C2CFF,000000FF,,sk000201/sk000201_10,,m000101/m042101_20
ropa,u042151_20_blyR,,f106,u001201/u042151_20,,n000101/n000101_10,,,,sk090201/sk090201_10,,m000101/m042101_20
ropa,u042151_20_lsa,,f107,u001201/u042151_20,,n000101/n000101_10,,,,sk000901/sk000901_10,,m000101/m042101_20
ropa,u042151_20_lse,,f108,u001201/u042151_20,,n000101/n000101_10,,,,sk000801/sk000801_10,,m000101/m042101_20
forma,f217,0,u000101/u000101,,n031501/n031501,,,,sk000101/sk000101,,m000101/m000101,
forma,f217,1,u000101/u000102,,n031501/n031502,,,,sk000101/sk000102,,m000101/m000102,
forma,f217,2,u000101/u000103,,n031501/n031503,,,,sk000101/sk000103,,m000101/m000103,
forma,f217,3,u000101/u000104,,n031501/n031504,,,,sk000101/sk000104,,m000101/m000104,
forma,f217,4,u000101/u000105,,n031501/n031505,,,,sk000101/sk000105,,m000101/m000105,
forma,f217,5,u000101/u000106,,n031501/n031506,,,,sk000101/sk000106,,m000101/m000106,
forma,f217,6,u000101/u000107,,n031501/n031507,,,,sk000101/sk000107,,m000101/m000107,
forma,f217,7,u000101/u000108,,n031501/n031508,,,,sk000101/sk000108,,m000101/m000108,
forma,f217,8,u000101/u000106,,n031501/n031506,,,,sk000101/sk000109,,m000101/m000106,
forma,f217,9,u000101/u000107,,n031501/n031507,,,,sk000101/sk000110,,m000101/m000107,
forma,f217,10,u000101/u000103,,n031501/n031503,,,,sk000101/sk000103,,m000101/m000103,
forma,f217,11,u000101/u000104,,n031501/n031504,,,,sk000101/sk000104,,m000101/m000104,
forma,f217,12,u000101/u000107,,n031501/n031507,,,,sk000101/sk000107,,m000101/m000107,
forma,f217,13,u000101/u000107,,n031501/n031507,,,,sk000101/sk000110,,m000101/m000107,
ropa,u042201_10,,f217,u000101/u042201_10,,n031501/n031501_10,FFFFFFFF,000000FF,,sk000101/sk000101_10,,m000101/m042201_10
forma,f218,1,u090101/u090102,,n031501/n031502,,,,sk090101/sk090102,,m000101/m000102,
ropa,u042201_10_blyR,,f218,u000101/u042201_10,,n031501/n031501_10,,,,sk090101/sk090101_10,,m000101/m042201_10
forma,f219,6,u090161/u090167,,n031501/n031507,,,,sk000701/sk000707,,m000101/m000107,
ropa,u042201_10_dam,,f219,u000101/u042201_10,,n031501/n031501_10,,,,sk000701/sk000701_10,,m000101/m042201_10
forma,f220,0,u090151/u090151,,n031501/n031501,,,,sk000101/sk000101,,m090151/m090151,
ropa,u042201_10_fld,,f220,u000101/u042201_10,,n031501/n031501_10,,,,sk000101/sk000101_10,,m000101/m042201_10
forma,f221,0,u090141/u090141,,n031501/n031501,,,,sk000501/sk000501,,m000101/m000101,
forma,f221,5,u090141/u090146,,n031501/n031506,,,,sk000501/sk000506,,m000101/m000106,
ropa,u042201_10_slv,,f221,u000101/u042201_10,,n031501/n031501_10,,,,sk000501/sk000501_10,,m000101/m042201_10
ropa,u042201_20,,f217,u000101/u042201_20,,n031501/n031501_10,E8C100FF,000000FF,,sk000101/sk000101_10,,m000101/m042201_10
ropa,u042201_20_blyR,,f218,u000101/u042201_20,,n031501/n031501_10,,,,sk090101/sk090101_10,,m000101/m042201_10
ropa,u042201_20_dam,,f219,u000101/u042201_20,,n031501/n031501_10,,,,sk000701/sk000701_10,,m000101/m042201_10
ropa,u042201_20_fld,,f220,u000101/u042201_20,,n031501/n031501_10,,,,sk000101/sk000101_10,,m000101/m042201_10
ropa,u042201_20_slv,,f221,u000101/u042201_20,,n031501/n031501_10,,,,sk000501/sk000501_10,,m000101/m042201_10
forma,f222,0,u002201/u002201,,n031501/n031501,,,,sk000201/sk000201,,m000201/m000201,
forma,f222,1,u002201/u002202,,n031501/n031502,,,,sk000201/sk000202,,m000201/m000202,
forma,f222,2,u002201/u002203,,n031501/n031503,,,,sk000201/sk000203,,m000201/m000203,
forma,f222,3,u002201/u002204,,n031501/n031504,,,,sk000201/sk000204,,m000201/m000204,
forma,f222,4,u002201/u002205,,n031501/n031505,,,,sk000201/sk000205,,m000201/m000205,
forma,f222,5,u002201/u002206,,n031501/n031506,,,,sk000201/sk000206,,m000201/m000206,
forma,f222,6,u002201/u002207,,n031501/n031507,,,,sk000201/sk000207,,m000201/m000207,
forma,f222,7,u002201/u002208,,n031501/n031508,,,,sk000201/sk000208,,m000201/m000208,
forma,f222,8,u002201/u002206,,n031501/n031506,,,,sk000201/sk000209,,m000201/m000206,
forma,f222,9,u002201/u002207,,n031501/n031507,,,,sk000201/sk000210,,m000201/m000207,
forma,f222,10,u002201/u002203,,n031501/n031503,,,,sk000201/sk000203,,m000201/m000203,
forma,f222,11,u002201/u002204,,n031501/n031504,,,,sk000201/sk000204,,m000201/m000204,
forma,f222,12,u002201/u002207,,n031501/n031507,,,,sk000201/sk000207,,m000201/m000207,
forma,f222,13,u002201/u002207,,n031501/n031507,,,,sk000201/sk000210,,m000201/m000207,
ropa,u042251_10,,f222,u002201/u042251_10,,n031501/n031501_10,2E2721FF,000000FF,,sk000201/sk000201_10,,m000101/m042201_10
forma,f223,1,u092201/u092202,,n031501/n031502,,,,sk090201/sk090202,,m000201/m000202,
ropa,u042251_10_blyR,,f223,u002201/u042251_10,,n031501/n031501_10,,,,sk090201/sk090201_10,,m000101/m042201_10
forma,f224,0,u092281/u092281,,n031501/n031501,,,,sk000901/sk000901,,m000201/m000201,
ropa,u042251_10_lsa,,f224,u002201/u042251_10,,n031501/n031501_10,,,,sk000901/sk000901_10,,m000101/m042201_10
forma,f225,0,u092271/u092271,,n031501/n031501,,,,sk000801/sk000801,,m000201/m000201,
forma,f225,4,u092271/u092275,,n031501/n031505,,,,sk000801/sk000805,,m000201/m000205,
ropa,u042251_10_lse,,f225,u002201/u042251_10,,n031501/n031501_10,,,,sk000801/sk000801_10,,m000101/m042201_10
ropa,u042251_20,,f222,u002201/u042251_20,,n031501/n031501_10,FFFFFFFF,000000FF,,sk000201/sk000201_10,,m000101/m042201_10
ropa,u042251_20_blyR,,f223,u002201/u042251_20,,n031501/n031501_10,,,,sk090201/sk090201_10,,m000101/m042201_10
ropa,u042251_20_lsa,,f224,u002201/u042251_20,,n031501/n031501_10,,,,sk000901/sk000901_10,,m000101/m042201_10
ropa,u042251_20_lse,,f225,u002201/u042251_20,,n031501/n031501_10,,,,sk000801/sk000801_10,,m000101/m042201_10
ropa,u042401_10,,f18,u000101/u042401_10,,n000101/n000101_10,FFD10AFF,000000FF,,sk000101/sk000101_10,,m000101/m042401_10
ropa,u042401_10_blyR,,f19,u000101/u042401_10,,n000101/n000101_10,,,,sk090101/sk090101_10,,m000101/m042401_10
ropa,u042401_10_dam,,f20,u000101/u042401_10,,n000101/n000101_10,,,,sk000701/sk000701_10,,m000101/m042401_10
ropa,u042401_10_fld,,f22,u000101/u042401_10,,n000101/n000101_10,,,,sk000101/sk000101_10,,m000101/m042401_10
ropa,u042401_10_slv,,f23,u000101/u042401_10,,n000101/n000101_10,,,,sk000501/sk000501_10,,m000101/m042401_10
ropa,u042401_20,,f18,u000101/u042401_20,,n000101/n000101_10,F4FF25FF,000000FF,,sk000101/sk000101_10,,m000101/m042401_10
ropa,u042401_20_blyR,,f19,u000101/u042401_20,,n000101/n000101_10,,,,sk090101/sk090101_10,,m000101/m042401_10
ropa,u042401_20_dam,,f20,u000101/u042401_20,,n000101/n000101_10,,,,sk000701/sk000701_10,,m000101/m042401_10
ropa,u042401_20_fld,,f22,u000101/u042401_20,,n000101/n000101_10,,,,sk000101/sk000101_10,,m000101/m042401_10
ropa,u042401_20_slv,,f23,u000101/u042401_20,,n000101/n000101_10,,,,sk000501/sk000501_10,,m000101/m042401_10
ropa,u042451_10,,f88,u002201/u042451_10,,n000101/n000101_10,FFD10AFF,000000FF,,sk000201/sk000201_10,,m000101/m042401_10
ropa,u042451_10_blyR,,f89,u002201/u042451_10,,n000101/n000101_10,,,,sk090201/sk090201_10,,m000101/m042401_10
ropa,u042451_10_lsa,,f90,u002201/u042451_10,,n000101/n000101_10,,,,sk000901/sk000901_10,,m000101/m042401_10
ropa,u042451_10_lse,,f91,u002201/u042451_10,,n000101/n000101_10,,,,sk000801/sk000801_10,,m000101/m042401_10
ropa,u042451_20,,f88,u002201/u042451_20,,n000101/n000101_10,F4FF25FF,000000FF,,sk000201/sk000201_10,,m000101/m042401_10
ropa,u042451_20_blyR,,f89,u002201/u042451_20,,n000101/n000101_10,,,,sk090201/sk090201_10,,m000101/m042401_10
ropa,u042451_20_lsa,,f90,u002201/u042451_20,,n000101/n000101_10,,,,sk000901/sk000901_10,,m000101/m042401_10
ropa,u042451_20_lse,,f91,u002201/u042451_20,,n000101/n000101_10,,,,sk000801/sk000801_10,,m000101/m042401_10
ropa,u045101_10,,f18,u000101/u045101_10,,n000101/n000101_10,E50C29FF,000000FF,,sk000101/sk000101_10,,m000101/m045101_10
ropa,u045101_10_blyR,,f19,u000101/u045101_10,,n000101/n000101_10,,,,sk090101/sk090101_10,,m000101/m045101_10
ropa,u045101_10_dam,,f20,u000101/u045101_10,,n000101/n000101_10,,,,sk000701/sk000701_10,,m000101/m045101_10
ropa,u045101_10_fld,,f22,u000101/u045101_10,,n000101/n000101_10,,,,sk000101/sk000101_10,,m000101/m045101_10
ropa,u045101_10_slv,,f23,u000101/u045101_10,,n000101/n000101_10,,,,sk000501/sk000501_10,,m000101/m045101_10
ropa,u045101_20,,f18,u000101/u045101_20,,n000101/n000101_10,FFF301FF,000000FF,,sk000101/sk000101_10,,m000101/m045101_10
ropa,u045101_20_blyR,,f19,u000101/u045101_20,,n000101/n000101_10,,,,sk090101/sk090101_10,,m000101/m045101_10
ropa,u045101_20_dam,,f20,u000101/u045101_20,,n000101/n000101_10,,,,sk000701/sk000701_10,,m000101/m045101_10
ropa,u045101_20_fld,,f22,u000101/u045101_20,,n000101/n000101_10,,,,sk000101/sk000101_10,,m000101/m045101_10
ropa,u045101_20_slv,,f23,u000101/u045101_20,,n000101/n000101_10,,,,sk000501/sk000501_10,,m000101/m045101_10
ropa,u045151_10,,f88,u002201/u045151_10,,n000101/n000101_10,FFFFFFFF,39212FFF,,sk000201/sk000201_10,,m000101/m045101_10
ropa,u045151_10_blyR,,f89,u002201/u045151_10,,n000101/n000101_10,,,,sk090201/sk090201_10,,m000101/m045101_10
ropa,u045151_10_lsa,,f90,u002201/u045151_10,,n000101/n000101_10,,,,sk000901/sk000901_10,,m000101/m045101_10
ropa,u045151_10_lse,,f91,u002201/u045151_10,,n000101/n000101_10,,,,sk000801/sk000801_10,,m000101/m045101_10
ropa,u045151_20,,f88,u002201/u045151_20,,n000101/n000101_10,FFFFFFFF,31213BFF,,sk000201/sk000201_10,,m000101/m045101_10
ropa,u045151_20_blyR,,f89,u002201/u045151_20,,n000101/n000101_10,,,,sk090201/sk090201_10,,m000101/m045101_10
ropa,u045151_20_lsa,,f90,u002201/u045151_20,,n000101/n000101_10,,,,sk000901/sk000901_10,,m000101/m045101_10
ropa,u045151_20_lse,,f91,u002201/u045151_20,,n000101/n000101_10,,,,sk000801/sk000801_10,,m000101/m045101_10
ropa,u045201_10,,f18,u000101/u045201_10,,n000101/n000101_10,FFDC48FF,000000FF,,sk000101/sk000101_10,,m000101/m045201_10
ropa,u045201_10_blyR,,f19,u000101/u045201_10,,n000101/n000101_10,,,,sk090101/sk090101_10,,m000101/m045201_10
ropa,u045201_10_dam,,f20,u000101/u045201_10,,n000101/n000101_10,,,,sk000701/sk000701_10,,m000101/m045201_10
ropa,u045201_10_fld,,f22,u000101/u045201_10,,n000101/n000101_10,,,,sk000101/sk000101_10,,m000101/m045201_10
ropa,u045201_10_slv,,f23,u000101/u045201_10,,n000101/n000101_10,,,,sk000501/sk000501_10,,m000101/m045201_10
ropa,u045201_20,,f18,u000101/u045201_20,,n000101/n000101_10,AC95E7FF,000000FF,,sk000101/sk000101_10,,m000101/m045201_10
ropa,u045201_20_blyR,,f19,u000101/u045201_20,,n000101/n000101_10,,,,sk090101/sk090101_10,,m000101/m045201_10
ropa,u045201_20_dam,,f20,u000101/u045201_20,,n000101/n000101_10,,,,sk000701/sk000701_10,,m000101/m045201_10
ropa,u045201_20_fld,,f22,u000101/u045201_20,,n000101/n000101_10,,,,sk000101/sk000101_10,,m000101/m045201_10
ropa,u045201_20_slv,,f23,u000101/u045201_20,,n000101/n000101_10,,,,sk000501/sk000501_10,,m000101/m045201_10
ropa,u045251_10,,f88,u002201/u045251_10,,n000101/n000101_10,FFFFFFFF,000000FF,,sk000201/sk000201_10,,m000101/m045201_10
ropa,u045251_10_blyR,,f89,u002201/u045251_10,,n000101/n000101_10,,,,sk090201/sk090201_10,,m000101/m045201_10
ropa,u045251_10_lsa,,f90,u002201/u045251_10,,n000101/n000101_10,,,,sk000901/sk000901_10,,m000101/m045201_10
ropa,u045251_10_lse,,f91,u002201/u045251_10,,n000101/n000101_10,,,,sk000801/sk000801_10,,m000101/m045201_10
ropa,u045251_20,,f88,u002201/u045251_20,,n000101/n000101_10,FFFFFFFF,000000FF,,sk000201/sk000201_10,,m000101/m045201_10
ropa,u045251_20_blyR,,f89,u002201/u045251_20,,n000101/n000101_10,,,,sk090201/sk090201_10,,m000101/m045201_10
ropa,u045251_20_lsa,,f90,u002201/u045251_20,,n000101/n000101_10,,,,sk000901/sk000901_10,,m000101/m045201_10
ropa,u045251_20_lse,,f91,u002201/u045251_20,,n000101/n000101_10,,,,sk000801/sk000801_10,,m000101/m045201_10
ropa,u045301_10,,f18,u000101/u045301_10,,n000101/n000101_10,FFFFFFFF,000000FF,,sk000101/sk000101_10,,m000101/m045301_10
ropa,u045301_10_blyR,,f19,u000101/u045301_10,,n000101/n000101_10,,,,sk090101/sk090101_10,,m000101/m045301_10
ropa,u045301_10_dam,,f20,u000101/u045301_10,,n000101/n000101_10,,,,sk000701/sk000701_10,,m000101/m045301_10
ropa,u045301_10_fld,,f22,u000101/u045301_10,,n000101/n000101_10,,,,sk000101/sk000101_10,,m000101/m045301_10
ropa,u045301_10_slv,,f23,u000101/u045301_10,,n000101/n000101_10,,,,sk000501/sk000501_10,,m000101/m045301_10
ropa,u045301_20,,f18,u000101/u045301_20,,n000101/n000101_10,FFFFFFFF,000000FF,,sk000101/sk000101_10,,m000101/m045301_10
ropa,u045301_20_blyR,,f19,u000101/u045301_20,,n000101/n000101_10,,,,sk090101/sk090101_10,,m000101/m045301_10
ropa,u045301_20_dam,,f20,u000101/u045301_20,,n000101/n000101_10,,,,sk000701/sk000701_10,,m000101/m045301_10
ropa,u045301_20_fld,,f22,u000101/u045301_20,,n000101/n000101_10,,,,sk000101/sk000101_10,,m000101/m045301_10
ropa,u045301_20_slv,,f23,u000101/u045301_20,,n000101/n000101_10,,,,sk000501/sk000501_10,,m000101/m045301_10
ropa,u045351_10,,f88,u002201/u045351_10,,n000101/n000101_10,FFFFFFFF,000000FF,,sk000201/sk000201_10,,m000101/m045301_10
ropa,u045351_10_blyR,,f89,u002201/u045351_10,,n000101/n000101_10,,,,sk090201/sk090201_10,,m000101/m045301_10
ropa,u045351_10_lsa,,f90,u002201/u045351_10,,n000101/n000101_10,,,,sk000901/sk000901_10,,m000101/m045301_10
ropa,u045351_10_lse,,f91,u002201/u045351_10,,n000101/n000101_10,,,,sk000801/sk000801_10,,m000101/m045301_10
ropa,u045351_20,,f88,u002201/u045351_20,,n000101/n000101_10,FFFFFFFF,000000FF,,sk000201/sk000201_10,,m000101/m045301_10
ropa,u045351_20_blyR,,f89,u002201/u045351_20,,n000101/n000101_10,,,,sk090201/sk090201_10,,m000101/m045301_10
ropa,u045351_20_lsa,,f90,u002201/u045351_20,,n000101/n000101_10,,,,sk000901/sk000901_10,,m000101/m045301_10
ropa,u045351_20_lse,,f91,u002201/u045351_20,,n000101/n000101_10,,,,sk000801/sk000801_10,,m000101/m045301_10
ropa,u045401_10,,f18,u000101/u045401_10,,n000101/n000101_10,425D00FF,000000FF,,sk000101/sk000101_10,,m000101/m045401_10
ropa,u045401_10_blyR,,f19,u000101/u045401_10,,n000101/n000101_10,,,,sk090101/sk090101_10,,m000101/m045401_10
ropa,u045401_10_dam,,f20,u000101/u045401_10,,n000101/n000101_10,,,,sk000701/sk000701_10,,m000101/m045401_10
ropa,u045401_10_fld,,f22,u000101/u045401_10,,n000101/n000101_10,,,,sk000101/sk000101_10,,m000101/m045401_10
ropa,u045401_10_slv,,f23,u000101/u045401_10,,n000101/n000101_10,,,,sk000501/sk000501_10,,m000101/m045401_10
ropa,u045401_20,,f18,u000101/u045401_20,,n000101/n000101_10,FFFFFFFF,000000FF,,sk000101/sk000101_10,,m000101/m045401_10
ropa,u045401_20_blyR,,f19,u000101/u045401_20,,n000101/n000101_10,,,,sk090101/sk090101_10,,m000101/m045401_10
ropa,u045401_20_dam,,f20,u000101/u045401_20,,n000101/n000101_10,,,,sk000701/sk000701_10,,m000101/m045401_10
ropa,u045401_20_fld,,f22,u000101/u045401_20,,n000101/n000101_10,,,,sk000101/sk000101_10,,m000101/m045401_10
ropa,u045401_20_slv,,f23,u000101/u045401_20,,n000101/n000101_10,,,,sk000501/sk000501_10,,m000101/m045401_10
ropa,u045451_10,,f88,u002201/u045451_10,,n000101/n000101_10,425D00FF,000000FF,,sk000201/sk000201_10,,m000101/m045401_10
ropa,u045451_10_blyR,,f89,u002201/u045451_10,,n000101/n000101_10,,,,sk090201/sk090201_10,,m000101/m045401_10
ropa,u045451_10_lsa,,f90,u002201/u045451_10,,n000101/n000101_10,,,,sk000901/sk000901_10,,m000101/m045401_10
ropa,u045451_10_lse,,f91,u002201/u045451_10,,n000101/n000101_10,,,,sk000801/sk000801_10,,m000101/m045401_10
ropa,u045451_20,,f88,u002201/u045451_20,,n000101/n000101_10,FFFFFFFF,000000FF,,sk000201/sk000201_10,,m000101/m045401_10
ropa,u045451_20_blyR,,f89,u002201/u045451_20,,n000101/n000101_10,,,,sk090201/sk090201_10,,m000101/m045401_10
ropa,u045451_20_lsa,,f90,u002201/u045451_20,,n000101/n000101_10,,,,sk000901/sk000901_10,,m000101/m045401_10
ropa,u045451_20_lse,,f91,u002201/u045451_20,,n000101/n000101_10,,,,sk000801/sk000801_10,,m000101/m045401_10
ropa,u045501_10,,f18,u000101/u045501_10,,n000101/n000101_10,EC0606FF,000000FF,,sk000101/sk000101_10,,m000101/m045501_10
ropa,u045501_10_blyR,,f19,u000101/u045501_10,,n000101/n000101_10,,,,sk090101/sk090101_10,,m000101/m045501_10
ropa,u045501_10_dam,,f20,u000101/u045501_10,,n000101/n000101_10,,,,sk000701/sk000701_10,,m000101/m045501_10
ropa,u045501_10_fld,,f22,u000101/u045501_10,,n000101/n000101_10,,,,sk000101/sk000101_10,,m000101/m045501_10
ropa,u045501_10_slv,,f23,u000101/u045501_10,,n000101/n000101_10,,,,sk000501/sk000501_10,,m000101/m045501_10
ropa,u045501_20,,f18,u000101/u045501_20,,n000101/n000101_10,EC0606FF,000000FF,,sk000101/sk000101_10,,m000101/m045501_10
ropa,u045501_20_blyR,,f19,u000101/u045501_20,,n000101/n000101_10,,,,sk090101/sk090101_10,,m000101/m045501_10
ropa,u045501_20_dam,,f20,u000101/u045501_20,,n000101/n000101_10,,,,sk000701/sk000701_10,,m000101/m045501_10
ropa,u045501_20_fld,,f22,u000101/u045501_20,,n000101/n000101_10,,,,sk000101/sk000101_10,,m000101/m045501_10
ropa,u045501_20_slv,,f23,u000101/u045501_20,,n000101/n000101_10,,,,sk000501/sk000501_10,,m000101/m045501_10
ropa,u045551_10,,f88,u002201/u045551_10,,n000101/n000101_10,3B3B3BFF,000000FF,,sk000201/sk000201_10,,m000101/m045501_10
ropa,u045551_10_blyR,,f89,u002201/u045551_10,,n000101/n000101_10,,,,sk090201/sk090201_10,,m000101/m045501_10
ropa,u045551_10_lsa,,f90,u002201/u045551_10,,n000101/n000101_10,,,,sk000901/sk000901_10,,m000101/m045501_10
ropa,u045551_10_lse,,f91,u002201/u045551_10,,n000101/n000101_10,,,,sk000801/sk000801_10,,m000101/m045501_10
ropa,u045551_20,,f88,u002201/u045551_20,,n000101/n000101_10,3B3B3BFF,000000FF,,sk000201/sk000201_10,,m000101/m045501_10
ropa,u045551_20_blyR,,f89,u002201/u045551_20,,n000101/n000101_10,,,,sk090201/sk090201_10,,m000101/m045501_10
ropa,u045551_20_lsa,,f90,u002201/u045551_20,,n000101/n000101_10,,,,sk000901/sk000901_10,,m000101/m045501_10
ropa,u045551_20_lse,,f91,u002201/u045551_20,,n000101/n000101_10,,,,sk000801/sk000801_10,,m000101/m045501_10
ropa,u045601_10,,f42,u000401/u045601_10,,n000101/n000101_10,D5E4DDFF,000000FF,,sk000101/sk000101_10,,m000101/m045601_10
ropa,u045601_10_blyR,,f43,u000401/u045601_10,,n000101/n000101_10,,,,sk090101/sk090101_10,,m000101/m045601_10
ropa,u045601_10_dam,,f44,u000401/u045601_10,,n000101/n000101_10,,,,sk000701/sk000701_10,,m000101/m045601_10
ropa,u045601_10_fld,,f45,u000401/u045601_10,,n000101/n000101_10,,,,sk000101/sk000101_10,,m000101/m045601_10
ropa,u045601_10_slv,,f46,u000401/u045601_10,,n000101/n000101_10,,,,sk000501/sk000501_10,,m000101/m045601_10
ropa,u045601_20,,f42,u000401/u045601_20,,n000101/n000101_10,D5E4DDFF,000000FF,,sk000101/sk000101_10,,m000101/m045601_10
ropa,u045601_20_blyR,,f43,u000401/u045601_20,,n000101/n000101_10,,,,sk090101/sk090101_10,,m000101/m045601_10
ropa,u045601_20_dam,,f44,u000401/u045601_20,,n000101/n000101_10,,,,sk000701/sk000701_10,,m000101/m045601_10
ropa,u045601_20_fld,,f45,u000401/u045601_20,,n000101/n000101_10,,,,sk000101/sk000101_10,,m000101/m045601_10
ropa,u045601_20_slv,,f46,u000401/u045601_20,,n000101/n000101_10,,,,sk000501/sk000501_10,,m000101/m045601_10
ropa,u045651_10,,f29,u000501/u045651_10,,n000101/n000101_10,E1D99BFF,000000FF,,sk000201/sk000201_10,,m000101/m045601_10
ropa,u045651_10_blyR,,f30,u000501/u045651_10,,n000101/n000101_10,,,,sk090201/sk090201_10,,m000101/m045601_10
ropa,u045651_10_lsa,,f31,u000501/u045651_10,,n000101/n000101_10,,,,sk000901/sk000901_10,,m000101/m045601_10
ropa,u045651_10_lse,,f32,u000501/u045651_10,,n000101/n000101_10,,,,sk000801/sk000801_10,,m000101/m045601_10
ropa,u045651_20,,f29,u000501/u045651_20,,n000101/n000101_10,D5E4DDFF,000000FF,,sk000201/sk000201_10,,m000101/m045601_10
ropa,u045651_20_blyR,,f30,u000501/u045651_20,,n000101/n000101_10,,,,sk090201/sk090201_10,,m000101/m045601_10
ropa,u045651_20_lsa,,f31,u000501/u045651_20,,n000101/n000101_10,,,,sk000901/sk000901_10,,m000101/m045601_10
ropa,u045651_20_lse,,f32,u000501/u045651_20,,n000101/n000101_10,,,,sk000801/sk000801_10,,m000101/m045601_10
ropa,u047101_10,,f187,u005101/u047101_10,,,,,,sk000301/sk000301_10,,
forma,f226,0,u005601/u005601,,,,,,sk002901/sk002901,,,
forma,f226,1,u005601/u005602,,,,,,sk002901/sk002902,,,
forma,f226,2,u005601/u005603,,,,,,sk002901/sk002903,,,
forma,f226,3,u005601/u005604,,,,,,sk002901/sk002904,,,
forma,f226,4,u005601/u005605,,,,,,sk002901/sk002905,,,
forma,f226,5,u005601/u005606,,,,,,sk002901/sk002906,,,
forma,f226,6,u005601/u005607,,,,,,sk002901/sk002907,,,
forma,f226,7,u005601/u005608,,,,,,sk002901/sk002908,,,
forma,f226,8,u005601/u005606,,,,,,sk002901/sk002909,,,
forma,f226,9,u005601/u005607,,,,,,sk002901/sk002910,,,
forma,f226,10,u005601/u005603,,,,,,sk002901/sk002903,,,
forma,f226,11,u005601/u005604,,,,,,sk002901/sk002904,,,
forma,f226,12,u005601/u005607,,,,,,sk002901/sk002907,,,
forma,f226,13,u005601/u005607,,,,,,sk002901/sk002910,,,
ropa,u047201_10_kasm,,f226,u005101/u047201_10,,,,,,sk002901/sk002901_10,,
forma,f227,0,u049101/u049101,,,,,,sk000301/sk000301,,,
forma,f227,1,,,,,,,,,,
forma,f227,2,u049101/u049103,,,,,,sk000301/sk000303,,,
forma,f227,3,,,,,,,,,,
forma,f227,4,,,,,,,,,,
forma,f227,5,,,,,,,,,,
forma,f227,6,u049101/u049107,,,,,,sk000301/sk000307,,,
forma,f227,7,,,,,,,,,,
forma,f227,8,,,,,,,,,,
forma,f227,9,,,,,,,,,,
forma,f227,10,,,,,,,,,,
forma,f227,11,,,,,,,,,,
forma,f227,12,,,,,,,,,,
forma,f227,13,,,,,,,,,,
ropa,u049101_10,,f227,u049101/u049101_10,,,,,,sk000301/sk000301_10,,
forma,f228,0,u050101/u050101,,n050101/n050101,,,,sk000301/sk000301,,m000201/m000201,
forma,f228,1,u050101/u050102,,n050101/n050102,,,,sk000301/sk000302,,m000201/m000202,
forma,f228,2,u050101/u050103,,n050101/n050103,,,,sk000301/sk000303,,m000201/m000203,
forma,f228,3,u050101/u050104,,n050101/n050104,,,,sk000301/sk000304,,m000201/m000204,
forma,f228,4,u050101/u050105,,n050101/n050105,,,,sk000301/sk000305,,m000201/m000205,
forma,f228,5,u050101/u050106,,n050101/n050106,,,,sk000301/sk000306,,m000201/m000206,
forma,f228,6,u050101/u050107,,n050101/n050107,,,,sk000301/sk000307,,m000201/m000207,
forma,f228,7,u050101/u050108,,n050101/n050108,,,,sk000301/sk000308,,m000201/m000208,
forma,f228,8,u050101/u050106,,n050101/n050106,,,,sk000301/sk000309,,m000201/m000206,
forma,f228,9,u050101/u050107,,n050101/n050107,,,,sk000301/sk000310,,m000201/m000207,
forma,f228,10,u050101/u050103,,n050101/n050103,,,,sk000301/sk000303,,m000201/m000203,
forma,f228,11,u050101/u050104,,n050101/n050104,,,,sk000301/sk000304,,m000201/m000204,
forma,f228,12,u050101/u050107,,n050101/n050107,,,,sk000301/sk000307,,m000201/m000207,
forma,f228,13,u050101/u050107,,n050101/n050107,,,,sk000301/sk000310,,m000201/m000207,
ropa,u050101_10,,f228,u050101/u050101_10,,n000101/n000101_10,FFFFFFFF,000000FF,,sk000301/sk000301_10,,m000101/m050101_10
ropa,u050101_20,,f228,u050101/u050101_20,,n000101/n000101_10,FFFFFFE1,000000FF,,sk000301/sk000301_10,,m000101/m050101_20
forma,f229,0,u050151/u050151,,n050101/n050101,,,,sk000201/sk000201,,m000201/m000201,
forma,f229,1,u050151/u050152,,n050101/n050102,,,,sk000201/sk000202,,m000201/m000202,
forma,f229,2,u050151/u050153,,n050101/n050103,,,,sk000201/sk000203,,m000201/m000203,
forma,f229,3,u050151/u050154,,n050101/n050104,,,,sk000201/sk000204,,m000201/m000204,
forma,f229,4,u050151/u050155,,n050101/n050105,,,,sk000201/sk000205,,m000201/m000205,
forma,f229,5,u050151/u050156,,n050101/n050106,,,,sk000201/sk000206,,m000201/m000206,
forma,f229,6,u050151/u050157,,n050101/n050107,,,,sk000201/sk000207,,m000201/m000207,
forma,f229,7,u050151/u050158,,n050101/n050108,,,,sk000201/sk000208,,m000201/m000208,
forma,f229,8,u050151/u050156,,n050101/n050106,,,,sk000201/sk000209,,m000201/m000206,
forma,f229,9,u050151/u050157,,n050101/n050107,,,,sk000201/sk000210,,m000201/m000207,
forma,f229,10,u050151/u050153,,n050101/n050103,,,,sk000201/sk000203,,m000201/m000203,
forma,f229,11,u050151/u050154,,n050101/n050104,,,,sk000201/sk000204,,m000201/m000204,
forma,f229,12,u050151/u050157,,n050101/n050107,,,,sk000201/sk000207,,m000201/m000207,
forma,f229,13,u050151/u050157,,n050101/n050107,,,,sk000201/sk000210,,m000201/m000207,
ropa,u050151_10,,f229,u050151/u050151_10,,n000101/n000101_10,FFFFFFFF,000000FF,,sk000201/sk000201_10,,m000101/m050101_10
ropa,u050151_20,,f229,u050151/u050151_20,,n000101/n000101_10,181F29E1,000000FF,,sk000201/sk000201_10,,m000101/m050101_20
forma,f230,0,u050201/u050201,,n000101/n000101,,,,sk000101/sk000101,,m000101/m000101,
forma,f230,1,u050201/u050202,,n000101/n000102,,,,sk000101/sk000102,,m000101/m000102,
forma,f230,2,u050201/u050203,,n000101/n000103,,,,sk000101/sk000103,,m000101/m000103,
forma,f230,3,u050201/u050204,,n000101/n000104,,,,sk000101/sk000104,,m000101/m000104,
forma,f230,4,u050201/u050205,,n000101/n000105,,,,sk000101/sk000105,,m000101/m000105,
forma,f230,5,u050201/u050206,,n000101/n000106,,,,sk000101/sk000106,,m000101/m000106,
forma,f230,6,u050201/u050207,,n000101/n000107,,,,sk000101/sk000107,,m000101/m000107,
forma,f230,7,u050201/u050208,,n000101/n000108,,,,sk000101/sk000108,,m000101/m000108,
forma,f230,8,u050201/u050206,,n000101/n000106,,,,sk000101/sk000109,,m000101/m000106,
forma,f230,9,u050201/u050207,,n000101/n000107,,,,sk000101/sk000110,,m000101/m000107,
forma,f230,10,u050201/u050203,,n000101/n000103,,,,sk000101/sk000103,,m000101/m000103,
forma,f230,11,u050201/u050204,,n000101/n000104,,,,sk000101/sk000104,,m000101/m000104,
forma,f230,12,u050201/u050207,,n000101/n000107,,,,sk000101/sk000107,,m000101/m000107,
forma,f230,13,u050201/u050207,,n000101/n000107,,,,sk000101/sk000110,,m000101/m000107,
ropa,u050201_10,,f230,u050201/u050201_10,,n000101/n000101_10,FFFFFFFF,000000FF,,sk000101/sk000101_10,,m000101/m050201_10
forma,f231,1,u050241/u050242,,n000101/n000102,,,,sk090101/sk090102,,m000101/m000102,
ropa,u050201_10_blyR,,f231,u050201/u050201_10,,n000101/n000101_10,,,,sk090101/sk090101_10,,m000101/m050201_10
forma,f232,6,u950221/u950227,,n000101/n000107,,,,sk000701/sk000707,,m000101/m000107,
ropa,u050201_10_dam,,f232,u050201/u050201_10,,n000101/n000101_10,,,,sk000701/sk000701_10,,m000101/m050201_10
forma,f233,0,u950211/u950211,,n000101/n000101,,,,sk000101/sk000101,,m090151/m090151,
ropa,u050201_10_fld,,f233,u050201/u050201_10,,n000101/n000101_10,,,,sk000101/sk000101_10,,m000101/m050201_10
forma,f234,0,u050211/u050211,,n000101/n000101,,,,sk000501/sk000501,,m000101/m000101,
forma,f234,5,u050211/u050216,,n000101/n000106,,,,sk000501/sk000506,,m000101/m000106,
ropa,u050201_10_slv,,f234,u050201/u050201_10,,n000101/n000101_10,,,,sk000501/sk000501_10,,m000101/m050201_10
ropa,u050201_20,,f230,u050201/u050201_20,,n000101/n000101_10,FFFFFFE1,000000FF,,sk000101/sk000101_10,,m000101/m050201_20
ropa,u050201_20_blyR,,f231,u050201/u050201_20,,n000101/n000101_10,,,,sk090101/sk090101_10,,m000101/m050201_20
ropa,u050201_20_dam,,f232,u050201/u050201_20,,n000101/n000101_10,,,,sk000701/sk000701_10,,m000101/m050201_20
ropa,u050201_20_fld,,f233,u050201/u050201_20,,n000101/n000101_10,,,,sk000101/sk000101_10,,m000101/m050201_20
ropa,u050201_20_slv,,f234,u050201/u050201_20,,n000101/n000101_10,,,,sk000501/sk000501_10,,m000101/m050201_20
forma,f235,4,u05020321/u05020321,,,,,,,,,
ropa,u05020321,,f235,u05020321/u05020321,,,,,,,,
forma,f236,1,u05020350/u05020350,,,,,,,,,
ropa,u05020350,,f236,u05020350/u05020350,,,,,,,,
forma,f237,0,u05024900/u05024900,,,,,,,,,
ropa,u05024900,,f237,u05024900/u05024900,,,,,,,,
ropa,u050251_10,,f105,u001201/u050251_10,,n000101/n000101_10,FFE129FF,000000FF,,sk000201/sk000201_10,,m000101/m050201_10
ropa,u050251_10_blyR,,f106,u001201/u050251_10,,n000101/n000101_10,,,,sk090201/sk090201_10,,m000101/m050201_10
ropa,u050251_10_lsa,,f107,u001201/u050251_10,,n000101/n000101_10,,,,sk000901/sk000901_10,,m000101/m050201_10
ropa,u050251_10_lse,,f108,u001201/u050251_10,,n000101/n000101_10,,,,sk000801/sk000801_10,,m000101/m050201_10
ropa,u050251_20,,f105,u001201/u050251_20,,n000101/n000101_10,7EEC3DE1,000000FF,,sk000201/sk000201_10,,m000101/m050201_20
ropa,u050251_20_blyR,,f106,u001201/u050251_20,,n000101/n000101_10,,,,sk090201/sk090201_10,,m000101/m050201_20
ropa,u050251_20_lsa,,f107,u001201/u050251_20,,n000101/n000101_10,,,,sk000901/sk000901_10,,m000101/m050201_20
ropa,u050251_20_lse,,f108,u001201/u050251_20,,n000101/n000101_10,,,,sk000801/sk000801_10,,m000101/m050201_20
forma,f238,0,u050401/u050401,,n000101/n000101,,,,sk050401/sk050401,,m000101/m000101,
forma,f238,1,u050401/u050402,,n000101/n000102,,,,sk050401/sk050402,,m000101/m000102,
forma,f238,2,u050401/u050403,,n000101/n000103,,,,sk050401/sk050403,,m000101/m000103,
forma,f238,3,u050401/u050404,,n000101/n000104,,,,sk050401/sk050404,,m000101/m000104,
forma,f238,4,u050401/u050405,,n000101/n000105,,,,sk050401/sk050405,,m000101/m000105,
forma,f238,5,u050401/u050406,,n000101/n000106,,,,sk050401/sk050406,,m000101/m000106,
forma,f238,6,u050401/u050407,,n000101/n000107,,,,sk050401/sk050407,,m000101/m000107,
forma,f238,7,u050401/u050408,,n000101/n000108,,,,sk050401/sk050408,,m000101/m000108,
forma,f238,8,u050401/u050406,,n000101/n000106,,,,sk050401/sk050409,,m000101/m000106,
forma,f238,9,u050401/u050407,,n000101/n000107,,,,sk050401/sk050410,,m000101/m000107,
forma,f238,10,u050401/u050403,,n000101/n000103,,,,sk050401/sk050403,,m000101/m000103,
forma,f238,11,u050401/u050404,,n000101/n000104,,,,sk050401/sk050404,,m000101/m000104,
forma,f238,12,u050401/u050407,,n000101/n000107,,,,sk050401/sk050407,,m000101/m000107,
forma,f238,13,u050401/u050407,,n000101/n000107,,,,sk050401/sk050410,,m000101/m000107,
ropa,u050401_10,,f238,u050401/u050401_10,,n000101/n000101_10,C9B14CFF,000000FF,,sk050401/sk050401_10,,m000101/m050401_10
forma,f239,6,u950421/u950427,,n000101/n000107,,,,sk050401/sk000707_dam,,m000101/m000107,
ropa,u050401_10_dam,,f239,u050401/u050401_10,,n000101/n000101_10,,,,sk000701/sk000701_10,,m000101/m050401_10
forma,f240,0,u950411/u950411,,n000101/n000101,,,,sk050401/sk050401,,m090151/m090151,
ropa,u050401_10_fld,,f240,u050401/u050401_10,,n000101/n000101_10,,,,sk050401/sk050401_10,,m000101/m050401_10
forma,f241,0,u050411/u050411,,n000101/n000101,,,,sk050401/sk000501_slv,,m000101/m000101,
forma,f241,5,u050411/u050416,,n000101/n000106,,,,sk050401/sk000506_slv,,m000101/m000106,
ropa,u050401_10_slv,,f241,u050401/u050401_10,,n000101/n000101_10,,,,sk000501/sk000501_10,,m000101/m050401_10
ropa,u050401_20,,f238,u050401/u050401_20,,n000101/n000101_10,FFFFFFE1,000000FF,,sk050401/sk050401_10,,m000101/m050401_10
ropa,u050401_20_dam,,f239,u050401/u050401_20,,n000101/n000101_10,,,,sk000701/sk000701_10,,m000101/m050401_10
ropa,u050401_20_fld,,f240,u050401/u050401_20,,n000101/n000101_10,,,,sk050401/sk050401_10,,m000101/m050401_10
ropa,u050401_20_slv,,f241,u050401/u050401_20,,n000101/n000101_10,,,,sk000501/sk000501_10,,m000101/m050401_10
forma,f242,0,u050451/u050451,,n000101/n000101,,,,sk050451/sk050451,,m000101/m000101,
forma,f242,1,u050451/u050452,,n000101/n000102,,,,sk050451/sk050452,,m000101/m000102,
forma,f242,2,u050451/u050453,,n000101/n000103,,,,sk050451/sk050453,,m000101/m000103,
forma,f242,3,u050451/u050454,,n000101/n000104,,,,sk050451/sk050454,,m000101/m000104,
forma,f242,4,u050451/u050455,,n000101/n000105,,,,sk050451/sk050455,,m000101/m000105,
forma,f242,5,u050451/u050456,,n000101/n000106,,,,sk050451/sk050456,,m000101/m000106,
forma,f242,6,u050451/u050457,,n000101/n000107,,,,sk050451/sk050457,,m000101/m000107,
forma,f242,7,u050451/u050458,,n000101/n000108,,,,sk050451/sk050458,,m000101/m000108,
forma,f242,8,u050451/u050456,,n000101/n000106,,,,sk050451/sk050459,,m000101/m000106,
forma,f242,9,u050451/u050457,,n000101/n000107,,,,sk050451/sk050460,,m000101/m000107,
forma,f242,10,u050451/u050453,,n000101/n000103,,,,sk050451/sk050453,,m000101/m000103,
forma,f242,11,u050451/u050454,,n000101/n000104,,,,sk050451/sk050454,,m000101/m000104,
forma,f242,12,u050451/u050457,,n000101/n000107,,,,sk050451/sk050457,,m000101/m000107,
forma,f242,13,u050451/u050457,,n000101/n000107,,,,sk050451/sk050460,,m000101/m000107,
ropa,u050451_10,,f242,u050451/u050451_10,,n000101/n000101_10,FFFFFFFF,000000FF,,sk050451/sk050451_10,,m000101/m050401_10
forma,f243,6,u950471/u950477,,n000101/n000107,,,,sk050451/sk050457,,m000101/m000107,
ropa,u050451_10_dam,,f243,u050451/u050451_10,,n000101/n000101_10,,,,sk050451/sk050451_10,,m000101/m050401_10
forma,f244,0,u950461/u950461,,n000101/n000101,,,,sk050451/sk050451,,m090151/m090151,
ropa,u050451_10_fld,,f244,u050451/u050451_10,,n000101/n000101_10,,,,sk050451/sk050451_10,,m000101/m050401_10
forma,f245,0,u050461/u050461,,n000101/n000101,,,,sk050451/sk050451,,m000101/m000101,
forma,f245,5,u050461/u050466,,n000101/n000106,,,,sk050451/sk050456,,m000101/m000106,
ropa,u050451_10_slv,,f245,u050451/u050451_10,,n000101/n000101_10,,,,sk050451/sk050451_10,,m000101/m050401_10
ropa,u050451_20,,f242,u050451/u050451_20,,n000101/n000101_10,FFFFFFE1,000000FF,,sk050451/sk050451_10,,m000101/m050401_10
ropa,u050451_20_dam,,f243,u050451/u050451_20,,n000101/n000101_10,,,,sk050451/sk050451_10,,m000101/m050401_10
ropa,u050451_20_fld,,f244,u050451/u050451_20,,n000101/n000101_10,,,,sk050451/sk050451_10,,m000101/m050401_10
ropa,u050451_20_slv,,f245,u050451/u050451_20,,n000101/n000101_10,,,,sk050451/sk050451_10,,m000101/m050401_10
forma,f246,4,u050501/u050505,,,,,,,,,
ropa,u050501_10,,f246,u050501/u050501_10,,,,,,,,
forma,f247,0,u050601/u050601,,n050101/n050101,,,,sk000301/sk000301,,m000201/m000201,
forma,f247,1,u050601/u050602,,n050101/n050102,,,,sk000301/sk000302,,m000201/m000202,
forma,f247,2,u050601/u050603,,n050101/n050103,,,,sk000301/sk000303,,m000201/m000203,
forma,f247,3,u050601/u050604,,n050101/n050104,,,,sk000301/sk000304,,m000201/m000204,
forma,f247,4,u050601/u050605,,n050101/n050105,,,,sk000301/sk000305,,m000201/m000205,
forma,f247,5,u050601/u050606,,n050101/n050106,,,,sk000301/sk000306,,m000201/m000206,
forma,f247,6,u050601/u050607,,n050101/n050107,,,,sk000301/sk000307,,m000201/m000207,
forma,f247,7,u050601/u050608,,n050101/n050108,,,,sk000301/sk000308,,m000201/m000208,
forma,f247,8,u050601/u050606,,n050101/n050106,,,,sk000301/sk000309,,m000201/m000206,
forma,f247,9,u050601/u050607,,n050101/n050107,,,,sk000301/sk000310,,m000201/m000207,
forma,f247,10,u050601/u050603,,n050101/n050103,,,,sk000301/sk000303,,m000201/m000203,
forma,f247,11,u050601/u050604,,n050101/n050104,,,,sk000301/sk000304,,m000201/m000204,
forma,f247,12,u050601/u050607,,n050101/n050107,,,,sk000301/sk000307,,m000201/m000207,
forma,f247,13,u050601/u050607,,n050101/n050107,,,,sk000301/sk000310,,m000201/m000207,
ropa,u050601_10,,f247,u050601/u050601_10,,n000101/n000101_10,D4B949FF,000000FF,,sk000301/sk000301_10,,m000101/m050601_10
ropa,u050601_20,,f247,u050601/u050601_20,,n000101/n000101_10,D4B949E1,000000FF,,sk000301/sk000301_10,,m000101/m050601_20
forma,f248,0,u050601/u050601,,n050101/n050101,,,,sk000201/sk000201,,m000201/m000201,
forma,f248,1,u050601/u050602,,n050101/n050102,,,,sk000201/sk000202,,m000201/m000202,
forma,f248,2,u050601/u050603,,n050101/n050103,,,,sk000201/sk000203,,m000201/m000203,
forma,f248,3,u050601/u050604,,n050101/n050104,,,,sk000201/sk000204,,m000201/m000204,
forma,f248,4,u050601/u050605,,n050101/n050105,,,,sk000201/sk000205,,m000201/m000205,
forma,f248,5,u050601/u050606,,n050101/n050106,,,,sk000201/sk000206,,m000201/m000206,
forma,f248,6,u050601/u050607,,n050101/n050107,,,,sk000201/sk000207,,m000201/m000207,
forma,f248,7,u050601/u050608,,n050101/n050108,,,,sk000201/sk000208,,m000201/m000208,
forma,f248,8,u050601/u050606,,n050101/n050106,,,,sk000201/sk000209,,m000201/m000206,
forma,f248,9,u050601/u050607,,n050101/n050107,,,,sk000201/sk000210,,m000201/m000207,
forma,f248,10,u050601/u050603,,n050101/n050103,,,,sk000201/sk000203,,m000201/m000203,
forma,f248,11,u050601/u050604,,n050101/n050104,,,,sk000201/sk000204,,m000201/m000204,
forma,f248,12,u050601/u050607,,n050101/n050107,,,,sk000201/sk000207,,m000201/m000207,
forma,f248,13,u050601/u050607,,n050101/n050107,,,,sk000201/sk000210,,m000201/m000207,
ropa,u050651_10,,f248,u050601/u050651_10,,n000101/n000101_10,D4B949FF,000000FF,,sk000201/sk000201_10,,m000101/m050601_10
ropa,u050651_20,,f248,u050601/u050651_20,,n000101/n000101_10,D4B949E1,000000FF,,sk000201/sk000201_10,,m000101/m050601_20
forma,f249,0,u050701/u050701,,n031501/n031501,,,,sk000101/sk000101,,m000101/m000101,
forma,f249,1,u050701/u050702,,n031501/n031502,,,,sk000101/sk000102,,m000101/m000102,
forma,f249,2,u050701/u050703,,n031501/n031503,,,,sk000101/sk000103,,m000101/m000103,
forma,f249,3,u050701/u050704,,n031501/n031504,,,,sk000101/sk000104,,m000101/m000104,
forma,f249,4,u050701/u050705,,n031501/n031505,,,,sk000101/sk000105,,m000101/m000105,
forma,f249,5,u050701/u050706,,n031501/n031506,,,,sk000101/sk000106,,m000101/m000106,
forma,f249,6,u050701/u050707,,n031501/n031507,,,,sk000101/sk000107,,m000101/m000107,
forma,f249,7,u050701/u050708,,n031501/n031508,,,,sk000101/sk000108,,m000101/m000108,
forma,f249,8,u050701/u050706,,n031501/n031506,,,,sk000101/sk000109,,m000101/m000106,
forma,f249,9,u050701/u050707,,n031501/n031507,,,,sk000101/sk000110,,m000101/m000107,
forma,f249,10,u050701/u050703,,n031501/n031503,,,,sk000101/sk000103,,m000101/m000103,
forma,f249,11,u050701/u050704,,n031501/n031504,,,,sk000101/sk000104,,m000101/m000104,
forma,f249,12,u050701/u050707,,n031501/n031507,,,,sk000101/sk000107,,m000101/m000107,
forma,f249,13,u050701/u050707,,n031501/n031507,,,,sk000101/sk000110,,m000101/m000107,
ropa,u050701_10,,f249,u050701/u050701_10,,n031501/n031501_10,2576A7FF,000000FF,,sk000101/sk000101_10,,m000101/m050701_10
ropa,u050701_20,,f249,u050701/u050701_20,,n031501/n031501_10,D9A600E1,000000FF,,sk000101/sk000101_10,,m000101/m050701_20
forma,f250,0,u050751/u050751,,n031501/n031501,,,,sk000201/sk000201,,m000201/m000201,
forma,f250,1,u050751/u050752,,n031501/n031502,,,,sk000201/sk000202,,m000201/m000202,
forma,f250,2,u050751/u050753,,n031501/n031503,,,,sk000201/sk000203,,m000201/m000203,
forma,f250,3,u050751/u050754,,n031501/n031504,,,,sk000201/sk000204,,m000201/m000204,
forma,f250,4,u050751/u050755,,n031501/n031505,,,,sk000201/sk000205,,m000201/m000205,
forma,f250,5,u050751/u050756,,n031501/n031506,,,,sk000201/sk000206,,m000201/m000206,
forma,f250,6,u050751/u050757,,n031501/n031507,,,,sk000201/sk000207,,m000201/m000207,
forma,f250,7,u050751/u050758,,n031501/n031508,,,,sk000201/sk000208,,m000201/m000208,
forma,f250,8,u050751/u050756,,n031501/n031506,,,,sk000201/sk000209,,m000201/m000206,
forma,f250,9,u050751/u050757,,n031501/n031507,,,,sk000201/sk000210,,m000201/m000207,
forma,f250,10,u050751/u050753,,n031501/n031503,,,,sk000201/sk000203,,m000201/m000203,
forma,f250,11,u050751/u050754,,n031501/n031504,,,,sk000201/sk000204,,m000201/m000204,
forma,f250,12,u050751/u050757,,n031501/n031507,,,,sk000201/sk000207,,m000201/m000207,
forma,f250,13,u050751/u050757,,n031501/n031507,,,,sk000201/sk000210,,m000201/m000207,
ropa,u050751_10,,f250,u050751/u050751_10,,n031501/n031501_10,EDBC53FF,000000FF,,sk000201/sk000201_10,,m000101/m050701_10
ropa,u050751_20,,f250,u050751/u050751_20,,n031501/n031501_10,66D0D9E1,000000FF,,sk000201/sk000201_10,,m000101/m050701_20
forma,f251,0,u050901/u050901,,n000101/n000101,,,,sk000301/sk000301,,m000201/m000201,
forma,f251,1,u050901/u050902,,n000101/n000102,,,,sk000301/sk000302,,m000201/m000202,
forma,f251,2,u050901/u050903,,n000101/n000103,,,,sk000301/sk000303,,m000201/m000203,
forma,f251,3,u050901/u050904,,n000101/n000104,,,,sk000301/sk000304,,m000201/m000204,
forma,f251,4,u050901/u050905,,n000101/n000105,,,,sk000301/sk000305,,m000201/m000205,
forma,f251,5,u050901/u050906,,n000101/n000106,,,,sk000301/sk000306,,m000201/m000206,
forma,f251,6,u050901/u050907,,n000101/n000107,,,,sk000301/sk000307,,m000201/m000207,
forma,f251,7,u050901/u050908,,n000101/n000108,,,,sk000301/sk000308,,m000201/m000208,
forma,f251,8,u050901/u050906,,n000101/n000106,,,,sk000301/sk000309,,m000201/m000206,
forma,f251,9,u050901/u050907,,n000101/n000107,,,,sk000301/sk000310,,m000201/m000207,
forma,f251,10,u050901/u050903,,n000101/n000103,,,,sk000301/sk000303,,m000201/m000203,
forma,f251,11,u050901/u050904,,n000101/n000104,,,,sk000301/sk000304,,m000201/m000204,
forma,f251,12,u050901/u050907,,n000101/n000107,,,,sk000301/sk000307,,m000201/m000207,
forma,f251,13,u050901/u050907,,n000101/n000107,,,,sk000301/sk000310,,m000201/m000207,
ropa,u050901_10,,f251,u050901/u050901_10,,n000101/n000101_10,C3C8D2FF,8F2323FF,,sk000301/sk000301_10,,m000101/m050901_10
forma,f252,0,u950941/u950941,,n000101/n000101,,,,sk002901/sk002901,,m000201/m000201,
ropa,u050901_10_lsa,,f252,u050901/u050901_10,,n000101/n000101_10,,,,sk002901/sk002901_10,,m000101/m050901_10
forma,f253,0,u950931/u950931,,n000101/n000101,,,,sk002801/sk002801,,m000201/m000201,
forma,f253,4,u950931/u950935,,n000101/n000105,,,,sk002801/sk002805,,m000201/m000205,
ropa,u050901_10_lse,,f253,u050901/u050901_10,,n000101/n000101_10,,,,sk002801/sk002801_10,,m000101/m050901_10
ropa,u050901_20,,f251,u050901/u050901_20,,n000101/n000101_10,E3E3E3E1,121737FF,,sk000301/sk000301_10,,m000101/m050901_10
ropa,u050901_20_lsa,,f252,u050901/u050901_20,,n000101/n000101_10,,,,sk002901/sk002901_10,,m000101/m050901_10
ropa,u050901_20_lse,,f253,u050901/u050901_20,,n000101/n000101_10,,,,sk002801/sk002801_10,,m000101/m050901_10
forma,f254,0,u050901/u050901,,n000101/n000101,,,,sk000201/sk000201,,m000201/m000201,
forma,f254,1,u050901/u050902,,n000101/n000102,,,,sk000201/sk000202,,m000201/m000202,
forma,f254,2,u050901/u050903,,n000101/n000103,,,,sk000201/sk000203,,m000201/m000203,
forma,f254,3,u050901/u050904,,n000101/n000104,,,,sk000201/sk000204,,m000201/m000204,
forma,f254,4,u050901/u050905,,n000101/n000105,,,,sk000201/sk000205,,m000201/m000205,
forma,f254,5,u050901/u050906,,n000101/n000106,,,,sk000201/sk000206,,m000201/m000206,
forma,f254,6,u050901/u050907,,n000101/n000107,,,,sk000201/sk000207,,m000201/m000207,
forma,f254,7,u050901/u050908,,n000101/n000108,,,,sk000201/sk000208,,m000201/m000208,
forma,f254,8,u050901/u050906,,n000101/n000106,,,,sk000201/sk000209,,m000201/m000206,
forma,f254,9,u050901/u050907,,n000101/n000107,,,,sk000201/sk000210,,m000201/m000207,
forma,f254,10,u050901/u050903,,n000101/n000103,,,,sk000201/sk000203,,m000201/m000203,
forma,f254,11,u050901/u050904,,n000101/n000104,,,,sk000201/sk000204,,m000201/m000204,
forma,f254,12,u050901/u050907,,n000101/n000107,,,,sk000201/sk000207,,m000201/m000207,
forma,f254,13,u050901/u050907,,n000101/n000107,,,,sk000201/sk000210,,m000201/m000207,
ropa,u050951_10,,f254,u050901/u050951_10,,n000101/n000101_10,1D191AFF,D3CBDAFF,,sk000201/sk000201_10,,m000101/m050901_10
forma,f255,0,u950941/u950941,,n000101/n000101,,,,sk000901/sk000901,,m000201/m000201,
ropa,u050951_10_lsa,,f255,u050901/u050951_10,,n000101/n000101_10,,,,sk000901/sk000901_10,,m000101/m050901_10
forma,f256,0,u950931/u950931,,n000101/n000101,,,,sk000801/sk000801,,m000201/m000201,
forma,f256,4,u950931/u950935,,n000101/n000105,,,,sk000801/sk000805,,m000201/m000205,
ropa,u050951_10_lse,,f256,u050901/u050951_10,,n000101/n000101_10,,,,sk000801/sk000801_10,,m000101/m050901_10
ropa,u050951_20,,f254,u050901/u050951_20,,n000101/n000101_10,F0F0F0E1,2C2B3BFF,,sk000201/sk000201_10,,m000101/m050901_10
ropa,u050951_20_lsa,,f255,u050901/u050951_20,,n000101/n000101_10,,,,sk000901/sk000901_10,,m000101/m050901_10
ropa,u050951_20_lse,,f256,u050901/u050951_20,,n000101/n000101_10,,,,sk000801/sk000801_10,,m000101/m050901_10
forma,f257,0,u051101/u051101,,n050101/n050101,,,,sk000301/sk000301,,m000101/m000101,
forma,f257,1,u051101/u051102,,n050101/n050102,,,,sk000301/sk000302,,m000101/m000102,
forma,f257,2,u051101/u051103,,n050101/n050103,,,,sk000301/sk000303,,m000101/m000103,
forma,f257,3,u051101/u051104,,n050101/n050104,,,,sk000301/sk000304,,m000101/m000104,
forma,f257,4,u051101/u051105,,n050101/n050105,,,,sk000301/sk000305,,m000101/m000105,
forma,f257,5,u051101/u051106,,n050101/n050106,,,,sk000301/sk000306,,m000101/m000106,
forma,f257,6,u051101/u051107,,n050101/n050107,,,,sk000301/sk000307,,m000101/m000107,
forma,f257,7,u051101/u051108,,n050101/n050108,,,,sk000301/sk000308,,m000101/m000108,
forma,f257,8,u051101/u051106,,n050101/n050106,,,,sk000301/sk000309,,m000101/m000106,
forma,f257,9,u051101/u051107,,n050101/n050107,,,,sk000301/sk000310,,m000101/m000107,
forma,f257,10,u051101/u051103,,n050101/n050103,,,,sk000301/sk000303,,m000101/m000103,
forma,f257,11,u051101/u051104,,n050101/n050104,,,,sk000301/sk000304,,m000101/m000104,
forma,f257,12,u051101/u051107,,n050101/n050107,,,,sk000301/sk000307,,m000101/m000107,
forma,f257,13,u051101/u051107,,n050101/n050107,,,,sk000301/sk000310,,m000101/m000107,
ropa,u051101_10,,f257,u051101/u051101_10,,n000101/n000101_10,FFF4DEFF,134F83FF,,sk000301/sk000301_10,,m000101/m051101_10
forma,f258,0,u951141/u951141,,n050101/n050101,,,,sk002901/sk002901,,m000201/m000201,
ropa,u051101_10_lsa,,f258,u051101/u051101_10,,n000101/n000101_10,,,,sk002901/sk002901_10,,m000101/m051101_10
forma,f259,0,u951131/u951131,,n050101/n050101,,,,sk002801/sk002801,,m000201/m000201,
forma,f259,4,u951131/u951135,,n050101/n050105,,,,sk002801/sk002805,,m000201/m000205,
ropa,u051101_10_lse,,f259,u051101/u051101_10,,n000101/n000101_10,,,,sk002801/sk002801_10,,m000101/m051101_10
ropa,u051101_20,,f257,u051101/u051101_20,,n000101/n000101_10,CDCDB9E1,942029FF,,sk000301/sk000301_10,,m000101/m051101_10
ropa,u051101_20_lsa,,f258,u051101/u051101_20,,n000101/n000101_10,,,,sk002901/sk002901_10,,m000101/m051101_10
ropa,u051101_20_lse,,f259,u051101/u051101_20,,n000101/n000101_10,,,,sk002801/sk002801_10,,m000101/m051101_10
forma,f260,0,u051101/u051101,,n050101/n050101,,,,sk000201/sk000201,,m000201/m000201,
forma,f260,1,u051101/u051102,,n050101/n050102,,,,sk000201/sk000202,,m000201/m000202,
forma,f260,2,u051101/u051103,,n050101/n050103,,,,sk000201/sk000203,,m000201/m000203,
forma,f260,3,u051101/u051104,,n050101/n050104,,,,sk000201/sk000204,,m000201/m000204,
forma,f260,4,u051101/u051105,,n050101/n050105,,,,sk000201/sk000205,,m000201/m000205,
forma,f260,5,u051101/u051106,,n050101/n050106,,,,sk000201/sk000206,,m000201/m000206,
forma,f260,6,u051101/u051107,,n050101/n050107,,,,sk000201/sk000207,,m000201/m000207,
forma,f260,7,u051101/u051108,,n050101/n050108,,,,sk000201/sk000208,,m000201/m000208,
forma,f260,8,u051101/u051106,,n050101/n050106,,,,sk000201/sk000209,,m000201/m000206,
forma,f260,9,u051101/u051107,,n050101/n050107,,,,sk000201/sk000210,,m000201/m000207,
forma,f260,10,u051101/u051103,,n050101/n050103,,,,sk000201/sk000203,,m000201/m000203,
forma,f260,11,u051101/u051104,,n050101/n050104,,,,sk000201/sk000204,,m000201/m000204,
forma,f260,12,u051101/u051107,,n050101/n050107,,,,sk000201/sk000207,,m000201/m000207,
forma,f260,13,u051101/u051107,,n050101/n050107,,,,sk000201/sk000210,,m000201/m000207,
ropa,u051151_10,,f260,u051101/u051151_10,,n000101/n000101_10,FFF4DEFF,662464FF,,sk000201/sk000201_10,,m000101/m051101_10
forma,f261,0,u951141/u951141,,n050101/n050101,,,,sk000901/sk000901,,m000201/m000201,
ropa,u051151_10_lsa,,f261,u051101/u051151_10,,n000101/n000101_10,,,,sk000901/sk000901_10,,m000101/m051101_10
forma,f262,0,u951131/u951131,,n050101/n050101,,,,sk000801/sk000801,,m000201/m000201,
forma,f262,4,u951131/u951135,,n050101/n050105,,,,sk000801/sk000805,,m000201/m000205,
ropa,u051151_10_lse,,f262,u051101/u051151_10,,n000101/n000101_10,,,,sk000801/sk000801_10,,m000101/m051101_10
ropa,u051151_20,,f260,u051101/u051151_20,,n000101/n000101_10,222833E1,F1F1F1FF,,sk000201/sk000201_10,,m000101/m051101_10
ropa,u051151_20_lsa,,f261,u051101/u051151_20,,n000101/n000101_10,,,,sk000901/sk000901_10,,m000101/m051101_10
ropa,u051151_20_lse,,f262,u051101/u051151_20,,n000101/n000101_10,,,,sk000801/sk000801_10,,m000101/m051101_10
forma,f263,0,u051201/u051201,,n050101/n050101,,,,sk000301/sk000301,,m000101/m000101,
forma,f263,1,u051201/u051202,,n050101/n050102,,,,sk000301/sk000302,,m000101/m000102,
forma,f263,2,u051201/u051203,,n050101/n050103,,,,sk000301/sk000303,,m000101/m000103,
forma,f263,3,u051201/u051204,,n050101/n050104,,,,sk000301/sk000304,,m000101/m000104,
forma,f263,4,u051201/u051205,,n050101/n050105,,,,sk000301/sk000305,,m000101/m000105,
forma,f263,5,u051201/u051206,,n050101/n050106,,,,sk000301/sk000306,,m000101/m000106,
forma,f263,6,u051201/u051207,,n050101/n050107,,,,sk000301/sk000307,,m000101/m000107,
forma,f263,7,u051201/u051208,,n050101/n050108,,,,sk000301/sk000308,,m000101/m000108,
forma,f263,8,u051201/u051206,,n050101/n050106,,,,sk000301/sk000309,,m000101/m000106,
forma,f263,9,u051201/u051207,,n050101/n050107,,,,sk000301/sk000310,,m000101/m000107,
forma,f263,10,u051201/u051203,,n050101/n050103,,,,sk000301/sk000303,,m000101/m000103,
forma,f263,11,u051201/u051204,,n050101/n050104,,,,sk000301/sk000304,,m000101/m000104,
forma,f263,12,u051201/u051207,,n050101/n050107,,,,sk000301/sk000307,,m000101/m000107,
forma,f263,13,u051201/u051207,,n050101/n050107,,,,sk000301/sk000310,,m000101/m000107,
ropa,u051201_10,,f263,u051201/u051201_10,,n000101/n000101_10,E8E8E8FF,E8E8E8FF,,sk000301/sk000301_10,,m000101/m051201_10
forma,f264,1,u051241/u051242,,n050101/n050102,,,,sk090301/sk090302,,m000101/m000102,
ropa,u051201_10_blyR,,f264,u051201/u051201_10,,n000101/n000101_10,,,,sk090301/sk090301_10,,m000101/m051201_10
forma,f265,0,u951241/u951241,,n050101/n050101,,,,sk002901/sk002901,,m000101/m000101,
ropa,u051201_10_lsa,,f265,u051201/u051201_10,,n000101/n000101_10,,,,sk002901/sk002901_10,,m000101/m051201_10
forma,f266,0,u951231/u951231,,n050101/n050101,,,,sk002801/sk002801,,m000101/m000101,
forma,f266,4,u951231/u951235,,n050101/n050105,,,,sk002801/sk002805,,m000101/m000105,
ropa,u051201_10_lse,,f266,u051201/u051201_10,,n000101/n000101_10,,,,sk002801/sk002801_10,,m000101/m051201_10
ropa,u051201_20,,f263,u051201/u051201_20,,n000101/n000101_10,E8E8E8E1,E8E8E8FF,,sk000301/sk000301_10,,m000101/m051201_10
ropa,u051201_20_blyR,,f264,u051201/u051201_20,,n000101/n000101_10,,,,sk090301/sk090301_10,,m000101/m051201_10
ropa,u051201_20_lsa,,f265,u051201/u051201_20,,n000101/n000101_10,,,,sk002901/sk002901_10,,m000101/m051201_10
ropa,u051201_20_lse,,f266,u051201/u051201_20,,n000101/n000101_10,,,,sk002801/sk002801_10,,m000101/m051201_10
forma,f267,0,u051201/u051201,,n050101/n050101,,,,sk000301/sk000301,,m000101/m000101,
ropa,u051201_30,,f267,u051201/u051201_30,,n000101/n000101_10,,,,sk000301/sk000301_10,,m000101/m051201_10
ropa,u051201_40,,f267,u051201/u051201_40,,n000101/n000101_10,,,,sk000301/sk000301_10,,m000101/m051201_10
forma,f268,0,u051251/u051251,,n050101/n050101,,,,sk000201/sk000201,,m000201/m000201,
forma,f268,1,u051251/u051252,,n050101/n050102,,,,sk000201/sk000202,,m000201/m000202,
forma,f268,2,u051251/u051253,,n050101/n050103,,,,sk000201/sk000203,,m000201/m000203,
forma,f268,3,u051251/u051254,,n050101/n050104,,,,sk000201/sk000204,,m000201/m000204,
forma,f268,4,u051251/u051255,,n050101/n050105,,,,sk000201/sk000205,,m000201/m000205,
forma,f268,5,u051251/u051256,,n050101/n050106,,,,sk000201/sk000206,,m000201/m000206,
forma,f268,6,u051251/u051257,,n050101/n050107,,,,sk000201/sk000207,,m000201/m000207,
forma,f268,7,u051251/u051258,,n050101/n050108,,,,sk000201/sk000208,,m000201/m000208,
forma,f268,8,u051251/u051256,,n050101/n050106,,,,sk000201/sk000209,,m000201/m000206,
forma,f268,9,u051251/u051257,,n050101/n050107,,,,sk000201/sk000210,,m000201/m000207,
forma,f268,10,u051251/u051253,,n050101/n050103,,,,sk000201/sk000203,,m000201/m000203,
forma,f268,11,u051251/u051254,,n050101/n050104,,,,sk000201/sk000204,,m000201/m000204,
forma,f268,12,u051251/u051257,,n050101/n050107,,,,sk000201/sk000207,,m000201/m000207,
forma,f268,13,u051251/u051257,,n050101/n050107,,,,sk000201/sk000210,,m000201/m000207,
ropa,u051251_10,,f268,u051251/u051251_10,,n000101/n000101_10,E8E8E8FF,E8E8E8FF,,sk000201/sk000201_10,,m000101/m051201_10
forma,f269,1,u051291/u051292,,n050101/n050102,,,,sk090201/sk090202,,m000201/m000202,
ropa,u051251_10_blyR,,f269,u051251/u051251_10,,n000101/n000101_10,,,,sk090201/sk090201_10,,m000101/m051201_10
forma,f270,0,u951291/u951291,,n050101/n050101,,,,sk000901/sk000901,,m000201/m000201,
ropa,u051251_10_lsa,,f270,u051251/u051251_10,,n000101/n000101_10,,,,sk000901/sk000901_10,,m000101/m051201_10
forma,f271,0,u951281/u951281,,n050101/n050101,,,,sk000801/sk000801,,m000201/m000201,
forma,f271,4,u951281/u951285,,n050101/n050105,,,,sk000801/sk000805,,m000201/m000205,
ropa,u051251_10_lse,,f271,u051251/u051251_10,,n000101/n000101_10,,,,sk000801/sk000801_10,,m000101/m051201_10
ropa,u051251_20,,f268,u051251/u051251_20,,n000101/n000101_10,354751E1,354751FF,,sk000201/sk000201_10,,m000101/m051201_10
ropa,u051251_20_blyR,,f269,u051251/u051251_20,,n000101/n000101_10,,,,sk090201/sk090201_10,,m000101/m051201_10
ropa,u051251_20_lsa,,f270,u051251/u051251_20,,n000101/n000101_10,,,,sk000901/sk000901_10,,m000101/m051201_10
ropa,u051251_20_lse,,f271,u051251/u051251_20,,n000101/n000101_10,,,,sk000801/sk000801_10,,m000101/m051201_10
forma,f272,0,u051301/u051301,,n000101/n000101,,,,sk000101/sk000101,,m000101/m000101,
forma,f272,1,u051301/u051302,,n000101/n000102,,,,sk000101/sk000102,,m000101/m000102,
forma,f272,2,u051301/u051303,,n000101/n000103,,,,sk000101/sk000103,,m000101/m000103,
forma,f272,3,u051301/u051304,,n000101/n000104,,,,sk000101/sk000104,,m000101/m000104,
forma,f272,4,u051301/u051305,,n000101/n000105,,,,sk000101/sk000105,,m000101/m000105,
forma,f272,5,u051301/u051306,,n000101/n000106,,,,sk000101/sk000106,,m000101/m000106,
forma,f272,6,u051301/u051307,,n000101/n000107,,,,sk000101/sk000107,,m000101/m000107,
forma,f272,7,u051301/u051308,,n000101/n000108,,,,sk000101/sk000108,,m000101/m000108,
forma,f272,8,u051301/u051306,,n000101/n000106,,,,sk000101/sk000109,,m000101/m000106,
forma,f272,9,u051301/u051307,,n000101/n000107,,,,sk000101/sk000110,,m000101/m000107,
forma,f272,10,u051301/u051303,,n000101/n000103,,,,sk000101/sk000103,,m000101/m000103,
forma,f272,11,u051301/u051304,,n000101/n000104,,,,sk000101/sk000104,,m000101/m000104,
forma,f272,12,u051301/u051307,,n000101/n000107,,,,sk000101/sk000107,,m000101/m000107,
forma,f272,13,u051301/u051307,,n000101/n000107,,,,sk000101/sk000110,,m000101/m000107,
ropa,u051301_10,,f272,u051301/u051301_10,,n000101/n000101_10,1C3437FF,000000FF,,sk000101/sk000101_10,,m000101/m051301_10
forma,f273,6,u951321/u951327,,n000101/n000107,,,,sk000701/sk000707,,m000101/m000107,
ropa,u051301_10_dam,,f273,u051301/u051301_10,,n000101/n000101_10,,,,sk000701/sk000701_10,,m000101/m051301_10
forma,f274,0,u951311/u951311,,n000101/n000101,,,,sk000101/sk000101,,m090151/m090151,
ropa,u051301_10_fld,,f274,u051301/u051301_10,,n000101/n000101_10,,,,sk000101/sk000101_10,,m000101/m051301_10
forma,f275,0,u051311/u051311,,n000101/n000101,,,,sk000501/sk000501,,m000101/m000101,
forma,f275,5,u051311/u051316,,n000101/n000106,,,,sk000501/sk000506,,m000101/m000106,
ropa,u051301_10_slv,,f275,u051301/u051301_10,,n000101/n000101_10,,,,sk000501/sk000501_10,,m000101/m051301_10
ropa,u051301_20,,f272,u051301/u051301_20,,n000101/n000101_10,1C3437FF,000000FF,,sk000101/sk000101_10,,m000101/m051301_10
ropa,u051301_20_dam,,f273,u051301/u051301_20,,n000101/n000101_10,,,,sk000701/sk000701_10,,m000101/m051301_10
ropa,u051301_20_fld,,f274,u051301/u051301_20,,n000101/n000101_10,,,,sk000101/sk000101_10,,m000101/m051301_10
ropa,u051301_20_slv,,f275,u051301/u051301_20,,n000101/n000101_10,,,,sk000501/sk000501_10,,m000101/m051301_10
forma,f276,0,u051351/u051351,,n000101/n000101,,,,sk000201/sk000201,,m000201/m000201,
forma,f276,1,u051351/u051352,,n000101/n000102,,,,sk000201/sk000202,,m000201/m000202,
forma,f276,2,u051351/u051353,,n000101/n000103,,,,sk000201/sk000203,,m000201/m000203,
forma,f276,3,u051351/u051354,,n000101/n000104,,,,sk000201/sk000204,,m000201/m000204,
forma,f276,4,u051351/u051355,,n000101/n000105,,,,sk000201/sk000205,,m000201/m000205,
forma,f276,5,u051351/u051356,,n000101/n000106,,,,sk000201/sk000206,,m000201/m000206,
forma,f276,6,u051351/u051357,,n000101/n000107,,,,sk000201/sk000207,,m000201/m000207,
forma,f276,7,u051351/u051358,,n000101/n000108,,,,sk000201/sk000208,,m000201/m000208,
forma,f276,8,u051351/u051356,,n000101/n000106,,,,sk000201/sk000209,,m000201/m000206,
forma,f276,9,u051351/u051357,,n000101/n000107,,,,sk000201/sk000210,,m000201/m000207,
forma,f276,10,u051351/u051353,,n000101/n000103,,,,sk000201/sk000203,,m000201/m000203,
forma,f276,11,u051351/u051354,,n000101/n000104,,,,sk000201/sk000204,,m000201/m000204,
forma,f276,12,u051351/u051357,,n000101/n000107,,,,sk000201/sk000207,,m000201/m000207,
forma,f276,13,u051351/u051357,,n000101/n000107,,,,sk000201/sk000210,,m000201/m000207,
ropa,u051351_10,,f276,u051351/u051351_10,,n000101/n000101_10,D9F5F5E1,000000FF,,sk000201/sk000201_10,,m000101/m051301_10
forma,f277,0,u951391/u951391,,n000101/n000101,,,,sk000901/sk000901,,m000201/m000201,
ropa,u051351_10_lsa,,f277,u051351/u051351_10,,n000101/n000101_10,,,,sk000901/sk000901_10,,m000101/m051301_10
forma,f278,0,u951381/u951381,,n000101/n000101,,,,sk000801/sk000801,,m000201/m000201,
forma,f278,4,u951381/u951385,,n000101/n000105,,,,sk000801/sk000805,,m000201/m000205,
ropa,u051351_10_lse,,f278,u051351/u051351_10,,n000101/n000101_10,,,,sk000801/sk000801_10,,m000101/m051301_10
ropa,u051351_20,,f276,u051351/u051351_20,,n000101/n000101_10,D9F5F5E1,000000FF,,sk000201/sk000201_10,,m000101/m051301_10
ropa,u051351_20_lsa,,f277,u051351/u051351_20,,n000101/n000101_10,,,,sk000901/sk000901_10,,m000101/m051301_10
ropa,u051351_20_lse,,f278,u051351/u051351_20,,n000101/n000101_10,,,,sk000801/sk000801_10,,m000101/m051301_10
forma,f279,0,u051391/u051391,,n000101/n000101,,,,,,m000101/m000101,
forma,f279,5,u051391/u051396,,n000101/n000106,,,,,,m000201/m000206,
ropa,u051391_10,,f279,u051391/u051391_10,,n000101/n000101_10,,,,,,m000101/m051301_10
ropa,u051391_20,,f279,u051391/u051391_20,,n000101/n000101_10,,,,,,m000101/m051301_10
ropa,u051401_10,,f100,u001101/u051401_10,,n000101/n000101_10,FFFFFFFF,000000FF,,sk000101/sk000101_10,,m000101/m051401_10
ropa,u051401_10_blyR,,f101,u001101/u051401_10,,n000101/n000101_10,,,,sk090101/sk090101_10,,m000101/m051401_10
ropa,u051401_10_dam,,f102,u001101/u051401_10,,n000101/n000101_10,,,,sk000701/sk000701_10,,m000101/m051401_10
ropa,u051401_10_fld,,f103,u001101/u051401_10,,n000101/n000101_10,,,,sk000101/sk000101_10,,m000101/m051401_10
ropa,u051401_10_slv,,f104,u001101/u051401_10,,n000101/n000101_10,,,,sk000501/sk000501_10,,m000101/m051401_10
ropa,u051401_20,,f100,u001101/u051401_20,,n000101/n000101_10,0F5CE9FF,000000FF,,sk000101/sk000101_10,,m000101/m051401_10
ropa,u051401_20_blyR,,f101,u001101/u051401_20,,n000101/n000101_10,,,,sk090101/sk090101_10,,m000101/m051401_10
ropa,u051401_20_dam,,f102,u001101/u051401_20,,n000101/n000101_10,,,,sk000701/sk000701_10,,m000101/m051401_10
ropa,u051401_20_fld,,f103,u001101/u051401_20,,n000101/n000101_10,,,,sk000101/sk000101_10,,m000101/m051401_10
ropa,u051401_20_slv,,f104,u001101/u051401_20,,n000101/n000101_10,,,,sk000501/sk000501_10,,m000101/m051401_10
ropa,u051451_10,,f105,u001201/u051451_10,,n000101/n000101_10,333937FF,000000FF,,sk000201/sk000201_10,,m000101/m051401_10
ropa,u051451_10_blyR,,f106,u001201/u051451_10,,n000101/n000101_10,,,,sk090201/sk090201_10,,m000101/m051401_10
ropa,u051451_10_lsa,,f107,u001201/u051451_10,,n000101/n000101_10,,,,sk000901/sk000901_10,,m000101/m051401_10
ropa,u051451_10_lse,,f108,u001201/u051451_10,,n000101/n000101_10,,,,sk000801/sk000801_10,,m000101/m051401_10
ropa,u051451_20,,f105,u001201/u051451_20,,n000101/n000101_10,FFFFFFFF,000000FF,,sk000201/sk000201_10,,m000101/m051401_10
ropa,u051451_20_blyR,,f106,u001201/u051451_20,,n000101/n000101_10,,,,sk090201/sk090201_10,,m000101/m051401_10
ropa,u051451_20_lsa,,f107,u001201/u051451_20,,n000101/n000101_10,,,,sk000901/sk000901_10,,m000101/m051401_10
ropa,u051451_20_lse,,f108,u001201/u051451_20,,n000101/n000101_10,,,,sk000801/sk000801_10,,m000101/m051401_10
ropa,u051501_10,,f100,u001101/u051501_10,,n000101/n000101_10,E20304FF,000000FF,,sk000101/sk000101_10,,m000101/m051501_10
ropa,u051501_10_blyR,,f101,u001101/u051501_10,,n000101/n000101_10,,,,sk090101/sk090101_10,,m000101/m051501_10
ropa,u051501_10_dam,,f102,u001101/u051501_10,,n000101/n000101_10,,,,sk000701/sk000701_10,,m000101/m051501_10
ropa,u051501_10_fld,,f103,u001101/u051501_10,,n000101/n000101_10,,,,sk000101/sk000101_10,,m000101/m051501_10
ropa,u051501_10_slv,,f104,u001101/u051501_10,,n000101/n000101_10,,,,sk000501/sk000501_10,,m000101/m051501_10
ropa,u051501_20,,f100,u001101/u051501_20,,n000101/n000101_10,04419CE1,000000FF,,sk000101/sk000101_10,,m000101/m051501_10
ropa,u051501_20_blyR,,f101,u001101/u051501_20,,n000101/n000101_10,,,,sk090101/sk090101_10,,m000101/m051501_10
ropa,u051501_20_dam,,f102,u001101/u051501_20,,n000101/n000101_10,,,,sk000701/sk000701_10,,m000101/m051501_10
ropa,u051501_20_fld,,f103,u001101/u051501_20,,n000101/n000101_10,,,,sk000101/sk000101_10,,m000101/m051501_10
ropa,u051501_20_slv,,f104,u001101/u051501_20,,n000101/n000101_10,,,,sk000501/sk000501_10,,m000101/m051501_10
ropa,u051551_10,,f105,u001201/u051551_10,,n000101/n000101_10,FFFFFFFF,000000FF,,sk000201/sk000201_10,,m000101/m051501_20
ropa,u051551_10_blyR,,f106,u001201/u051551_10,,n000101/n000101_10,,,,sk090201/sk090201_10,,m000101/m051501_20
ropa,u051551_10_lsa,,f107,u001201/u051551_10,,n000101/n000101_10,,,,sk000901/sk000901_10,,m000101/m051501_20
ropa,u051551_10_lse,,f108,u001201/u051551_10,,n000101/n000101_10,,,,sk000801/sk000801_10,,m000101/m051501_20
ropa,u051551_20,,f105,u001201/u051551_20,,n000101/n000101_10,2F2F2FE1,000000FF,,sk000201/sk000201_10,,m000101/m051501_20
ropa,u051551_20_blyR,,f106,u001201/u051551_20,,n000101/n000101_10,,,,sk090201/sk090201_10,,m000101/m051501_20
ropa,u051551_20_lsa,,f107,u001201/u051551_20,,n000101/n000101_10,,,,sk000901/sk000901_10,,m000101/m051501_20
ropa,u051551_20_lse,,f108,u001201/u051551_20,,n000101/n000101_10,,,,sk000801/sk000801_10,,m000101/m051501_20
forma,f280,0,u051601/u051601,,n000101/n000101,,,,sk000101/sk000101,,m000101/m000101,
forma,f280,1,u051601/u051602,,n000101/n000102,,,,sk000101/sk000102,,m000101/m000102,
forma,f280,2,u051601/u051603,,n000101/n000103,,,,sk000101/sk000103,,m000101/m000103,
forma,f280,3,u051601/u051604,,n000101/n000104,,,,sk000101/sk000104,,m000101/m000104,
forma,f280,4,u051601/u051605,,n000101/n000105,,,,sk000101/sk000105,,m000101/m000105,
forma,f280,5,u051601/u051606,,n000101/n000106,,,,sk000101/sk000106,,m000101/m000106,
forma,f280,6,u051601/u051607,,n000101/n000107,,,,sk000101/sk000107,,m000101/m000107,
forma,f280,7,u051601/u051608,,n000101/n000108,,,,sk000101/sk000108,,m000101/m000108,
forma,f280,8,u051601/u051606,,n000101/n000106,,,,sk000101/sk000109,,m000101/m000106,
forma,f280,9,u051601/u051607,,n000101/n000107,,,,sk000101/sk000110,,m000101/m000107,
forma,f280,10,u051601/u051603,,n000101/n000103,,,,sk000101/sk000103,,m000101/m000103,
forma,f280,11,u051601/u051604,,n000101/n000104,,,,sk000101/sk000104,,m000101/m000104,
forma,f280,12,u051601/u051607,,n000101/n000107,,,,sk000101/sk000107,,m000101/m000107,
forma,f280,13,u051601/u051607,,n000101/n000107,,,,sk000101/sk000110,,m000101/m000107,
ropa,u051601_10,,f280,u051601/u051601_10,,n000101/n000101_10,D91262FF,000000FF,,sk000101/sk000101_10,,m000101/m051601_10
forma,f281,1,u051641/u051642,,n000101/n000102,,,,sk090101/sk090102,,m000101/m000102,
ropa,u051601_10_blyR,,f281,u051601/u051601_10,,n000101/n000101_10,,,,sk090101/sk090101_10,,m000101/m051601_10
forma,f282,6,u951621/u951627,,n000101/n000107,,,,sk000701/sk000707,,m000101/m000107,
ropa,u051601_10_dam,,f282,u051601/u051601_10,,n000101/n000101_10,,,,sk000701/sk000701_10,,m000101/m051601_10
forma,f283,0,u951611/u951611,,n000101/n000101,,,,sk000101/sk000101,,m090151/m090151,
ropa,u051601_10_fld,,f283,u051601/u051601_10,,n000101/n000101_10,,,,sk000101/sk000101_10,,m000101/m051601_10
forma,f284,0,u051611/u051611,,n000101/n000101,,,,sk000501/sk000501,,m000101/m000101,
forma,f284,5,u051611/u051616,,n000101/n000106,,,,sk000501/sk000506,,m000101/m000106,
ropa,u051601_10_slv,,f284,u051601/u051601_10,,n000101/n000101_10,,,,sk000501/sk000501_10,,m000101/m051601_10
ropa,u051601_20,,f280,u051601/u051601_20,,n000101/n000101_10,E19F27E1,000000FF,,sk000101/sk000101_10,,m000101/m051601_20
ropa,u051601_20_blyR,,f281,u051601/u051601_20,,n000101/n000101_10,,,,sk090101/sk090101_10,,m000101/m051601_20
ropa,u051601_20_dam,,f282,u051601/u051601_20,,n000101/n000101_10,,,,sk000701/sk000701_10,,m000101/m051601_20
ropa,u051601_20_fld,,f283,u051601/u051601_20,,n000101/n000101_10,,,,sk000101/sk000101_10,,m000101/m051601_20
ropa,u051601_20_slv,,f284,u051601/u051601_20,,n000101/n000101_10,,,,sk000501/sk000501_10,,m000101/m051601_20
forma,f285,0,u051651/u051651,,n000101/n000101,,,,sk000201/sk000201,,m000201/m000201,
forma,f285,1,u051651/u051652,,n000101/n000102,,,,sk000201/sk000202,,m000201/m000202,
forma,f285,2,u051651/u051653,,n000101/n000103,,,,sk000201/sk000203,,m000201/m000203,
forma,f285,3,u051651/u051654,,n000101/n000104,,,,sk000201/sk000204,,m000201/m000204,
forma,f285,4,u051651/u051655,,n000101/n000105,,,,sk000201/sk000205,,m000201/m000205,
forma,f285,5,u051651/u051656,,n000101/n000106,,,,sk000201/sk000206,,m000201/m000206,
forma,f285,6,u051651/u051657,,n000101/n000107,,,,sk000201/sk000207,,m000201/m000207,
forma,f285,7,u051651/u051658,,n000101/n000108,,,,sk000201/sk000208,,m000201/m000208,
forma,f285,8,u051651/u051656,,n000101/n000106,,,,sk000201/sk000209,,m000201/m000206,
forma,f285,9,u051651/u051657,,n000101/n000107,,,,sk000201/sk000210,,m000201/m000207,
forma,f285,10,u051651/u051653,,n000101/n000103,,,,sk000201/sk000203,,m000201/m000203,
forma,f285,11,u051651/u051654,,n000101/n000104,,,,sk000201/sk000204,,m000201/m000204,
forma,f285,12,u051651/u051657,,n000101/n000107,,,,sk000201/sk000207,,m000201/m000207,
forma,f285,13,u051651/u051657,,n000101/n000107,,,,sk000201/sk000210,,m000201/m000207,
ropa,u051651_10,,f285,u051651/u051651_10,,n000101/n000101_10,7D2CC7FF,000000FF,,sk000201/sk000201_10,,m000101/m051601_10
forma,f286,1,u051691/u051692,,n000101/n000102,,,,sk090201/sk090202,,m000201/m000202,
ropa,u051651_10_blyR,,f286,u051651/u051651_10,,n000101/n000101_10,,,,sk090201/sk090201_10,,m000101/m051601_10
forma,f287,0,u951691/u951691,,n000101/n000101,,,,sk000901/sk000901,,m000201/m000201,
ropa,u051651_10_lsa,,f287,u051651/u051651_10,,n000101/n000101_10,,,,sk000901/sk000901_10,,m000101/m051601_10
forma,f288,0,u951681/u951681,,n000101/n000101,,,,sk000801/sk000801,,m000201/m000201,
forma,f288,4,u951681/u951685,,n000101/n000105,,,,sk000801/sk000805,,m000201/m000205,
ropa,u051651_10_lse,,f288,u051651/u051651_10,,n000101/n000101_10,,,,sk000801/sk000801_10,,m000101/m051601_10
ropa,u051651_20,,f285,u051651/u051651_20,,n000101/n000101_10,2A3A53E1,000000FF,,sk000201/sk000201_10,,m000101/m051601_20
ropa,u051651_20_blyR,,f286,u051651/u051651_20,,n000101/n000101_10,,,,sk090201/sk090201_10,,m000101/m051601_20
ropa,u051651_20_lsa,,f287,u051651/u051651_20,,n000101/n000101_10,,,,sk000901/sk000901_10,,m000101/m051601_20
ropa,u051651_20_lse,,f288,u051651/u051651_20,,n000101/n000101_10,,,,sk000801/sk000801_10,,m000101/m051601_20
forma,f289,0,u051701/u051701,,n000101/n000101,,,,sk000101/sk000101,,m000101/m000101,
forma,f289,1,u051701/u051702,,n000101/n000102,,,,sk000101/sk000102,,m000101/m000102,
forma,f289,2,u051701/u051703,,n000101/n000103,,,,sk000101/sk000103,,m000101/m000103,
forma,f289,3,u051701/u051704,,n000101/n000104,,,,sk000101/sk000104,,m000101/m000104,
forma,f289,4,u051701/u051705,,n000101/n000105,,,,sk000101/sk000105,,m000101/m000105,
forma,f289,5,u051701/u051706,,n000101/n000106,,,,sk000101/sk000106,,m000101/m000106,
forma,f289,6,u051701/u051707,,n000101/n000107,,,,sk000101/sk000107,,m000101/m000107,
forma,f289,7,u051701/u051708,,n000101/n000108,,,,sk000101/sk000108,,m000101/m000108,
forma,f289,8,u051701/u051706,,n000101/n000106,,,,sk000101/sk000109,,m000101/m000106,
forma,f289,9,u051701/u051707,,n000101/n000107,,,,sk000101/sk000110,,m000101/m000107,
forma,f289,10,u051701/u051703,,n000101/n000103,,,,sk000101/sk000103,,m000101/m000103,
forma,f289,11,u051701/u051704,,n000101/n000104,,,,sk000101/sk000104,,m000101/m000104,
forma,f289,12,u051701/u051707,,n000101/n000107,,,,sk000101/sk000107,,m000101/m000107,
forma,f289,13,u051701/u051707,,n000101/n000107,,,,sk000101/sk000110,,m000101/m000107,
ropa,u051701_10,,f289,u051701/u051701_10,,n000101/n000101_10,FFFFFFFF,B42E2FFF,,sk000101/sk000101_10,,m000101/m051701_10
ropa,u051701_20,,f289,u051701/u051701_20,,n000101/n000101_10,171624E1,DBDEE7FF,,sk000101/sk000101_10,,m000101/m051701_10
forma,f290,0,u051751/u051751,,n000101/n000101,,,,sk000201/sk000201,,m000201/m000201,
forma,f290,1,u051751/u051752,,n000101/n000102,,,,sk000201/sk000202,,m000201/m000202,
forma,f290,2,u051751/u051753,,n000101/n000103,,,,sk000201/sk000203,,m000201/m000203,
forma,f290,3,u051751/u051754,,n000101/n000104,,,,sk000201/sk000204,,m000201/m000204,
forma,f290,4,u051751/u051755,,n000101/n000105,,,,sk000201/sk000205,,m000201/m000205,
forma,f290,5,u051751/u051756,,n000101/n000106,,,,sk000201/sk000206,,m000201/m000206,
forma,f290,6,u051751/u051757,,n000101/n000107,,,,sk000201/sk000207,,m000201/m000207,
forma,f290,7,u051751/u051758,,n000101/n000108,,,,sk000201/sk000208,,m000201/m000208,
forma,f290,8,u051751/u051756,,n000101/n000106,,,,sk000201/sk000209,,m000201/m000206,
forma,f290,9,u051751/u051757,,n000101/n000107,,,,sk000201/sk000210,,m000201/m000207,
forma,f290,10,u051751/u051753,,n000101/n000103,,,,sk000201/sk000203,,m000201/m000203,
forma,f290,11,u051751/u051754,,n000101/n000104,,,,sk000201/sk000204,,m000201/m000204,
forma,f290,12,u051751/u051757,,n000101/n000107,,,,sk000201/sk000207,,m000201/m000207,
forma,f290,13,u051751/u051757,,n000101/n000107,,,,sk000201/sk000210,,m000201/m000207,
ropa,u051751_10,,f290,u051751/u051751_10,,n000101/n000101_10,FFFFFFFF,1F1E2CFF,,sk000201/sk000201_10,,m000101/m051701_10
ropa,u051751_20,,f290,u051751/u051751_20,,n000101/n000101_10,100F1DE1,BB5701FF,,sk000201/sk000201_10,,m000101/m051701_10
forma,f291,0,u051801/u051801,,n000101/n000101,,,,sk000301/sk000301,,m000201/m000201,
forma,f291,1,u051801/u051802,,n000101/n000102,,,,sk000301/sk000302,,m000201/m000202,
forma,f291,2,u051801/u051803,,n000101/n000103,,,,sk000301/sk000303,,m000201/m000203,
forma,f291,3,u051801/u051804,,n000101/n000104,,,,sk000301/sk000304,,m000201/m000204,
forma,f291,4,u051801/u051805,,n000101/n000105,,,,sk000301/sk000305,,m000201/m000205,
forma,f291,5,u051801/u051806,,n000101/n000106,,,,sk000301/sk000306,,m000201/m000206,
forma,f291,6,u051801/u051807,,n000101/n000107,,,,sk000301/sk000307,,m000201/m000207,
forma,f291,7,u051801/u051808,,n000101/n000108,,,,sk000301/sk000308,,m000201/m000208,
forma,f291,8,u051801/u051806,,n000101/n000106,,,,sk000301/sk000309,,m000201/m000206,
forma,f291,9,u051801/u051807,,n000101/n000107,,,,sk000301/sk000310,,m000201/m000207,
forma,f291,10,u051801/u051803,,n000101/n000103,,,,sk000301/sk000303,,m000201/m000203,
forma,f291,11,u051801/u051804,,n000101/n000104,,,,sk000301/sk000304,,m000201/m000204,
forma,f291,12,u051801/u051807,,n000101/n000107,,,,sk000301/sk000307,,m000201/m000207,
forma,f291,13,u051801/u051807,,n000101/n000107,,,,sk000301/sk000310,,m000201/m000207,
ropa,u051801_10,,f291,u051801/u051801_10,,n000101/n000101_10,A11F27FF,0D1019FF,,sk000301/sk000301_10,,m000101/m051801_10
forma,f292,0,u951841/u951841,,n050101/n050101,,,,sk002901/sk002901,,m000201/m000201,
ropa,u051801_10_lsa,,f292,u051801/u051801_10,,n000101/n000101_10,,,,sk002901/sk002901_10,,m000101/m051801_10
forma,f293,0,u951831/u951831,,n050101/n050101,,,,sk002801/sk002801,,m000201/m000201,
forma,f293,4,u951831/u951835,,n050101/n050105,,,,sk002801/sk002805,,m000201/m000205,
ropa,u051801_10_lse,,f293,u051801/u051801_10,,n000101/n000101_10,,,,sk002801/sk002801_10,,m000101/m051801_10
ropa,u051801_20,,f291,u051801/u051801_20,,n000101/n000101_10,32928BE1,8F0036FF,,sk000301/sk000301_10,,m000101/m051801_10
ropa,u051801_20_lsa,,f292,u051801/u051801_20,,n000101/n000101_10,,,,sk002901/sk002901_10,,m000101/m051801_10
ropa,u051801_20_lse,,f293,u051801/u051801_20,,n000101/n000101_10,,,,sk002801/sk002801_10,,m000101/m051801_10
forma,f294,0,u051801/u051801,,n000101/n000101,,,,sk000201/sk000201,,m000201/m000201,
forma,f294,1,u051801/u051802,,n000101/n000102,,,,sk000201/sk000202,,m000201/m000202,
forma,f294,2,u051801/u051803,,n000101/n000103,,,,sk000201/sk000203,,m000201/m000203,
forma,f294,3,u051801/u051804,,n000101/n000104,,,,sk000201/sk000204,,m000201/m000204,
forma,f294,4,u051801/u051805,,n000101/n000105,,,,sk000201/sk000205,,m000201/m000205,
forma,f294,5,u051801/u051806,,n000101/n000106,,,,sk000201/sk000206,,m000201/m000206,
forma,f294,6,u051801/u051807,,n000101/n000107,,,,sk000201/sk000207,,m000201/m000207,
forma,f294,7,u051801/u051808,,n000101/n000108,,,,sk000201/sk000208,,m000201/m000208,
forma,f294,8,u051801/u051806,,n000101/n000106,,,,sk000201/sk000209,,m000201/m000206,
forma,f294,9,u051801/u051807,,n000101/n000107,,,,sk000201/sk000210,,m000201/m000207,
forma,f294,10,u051801/u051803,,n000101/n000103,,,,sk000201/sk000203,,m000201/m000203,
forma,f294,11,u051801/u051804,,n000101/n000104,,,,sk000201/sk000204,,m000201/m000204,
forma,f294,12,u051801/u051807,,n000101/n000107,,,,sk000201/sk000207,,m000201/m000207,
forma,f294,13,u051801/u051807,,n000101/n000107,,,,sk000201/sk000210,,m000201/m000207,
ropa,u051851_10,,f294,u051801/u051851_10,,n000101/n000101_10,A11F27FF,CBC7C6FF,,sk000201/sk000201_10,,m000101/m051801_10
forma,f295,0,u951841/u951841,,n000101/n000101,,,,sk000901/sk000901,,m000201/m000201,
ropa,u051851_10_lsa,,f295,u051801/u051851_10,,n000101/n000101_10,,,,sk000901/sk000901_10,,m000101/m051801_10
forma,f296,0,u951831/u951831,,n000101/n000101,,,,sk000801/sk000801,,m000201/m000201,
forma,f296,4,u951831/u951835,,n000101/n000105,,,,sk000801/sk000805,,m000201/m000205,
ropa,u051851_10_lse,,f296,u051801/u051851_10,,n000101/n000101_10,,,,sk000801/sk000801_10,,m000101/m051801_10
ropa,u051851_20,,f294,u051801/u051851_20,,n000101/n000101_10,A81F26E1,2F484DFF,,sk000201/sk000201_10,,m000101/m051801_10
ropa,u051851_20_lsa,,f295,u051801/u051851_20,,n000101/n000101_10,,,,sk000901/sk000901_10,,m000101/m051801_10
ropa,u051851_20_lse,,f296,u051801/u051851_20,,n000101/n000101_10,,,,sk000801/sk000801_10,,m000101/m051801_10
forma,f297,0,u051901/u051901,,n000101/n000101,,,,sk000101/sk000101,,m000101/m000101,
forma,f297,1,u051901/u051902,,n000101/n000102,,,,sk000101/sk000102,,m000101/m000102,
forma,f297,2,u051901/u051903,,n000101/n000103,,,,sk000101/sk000103,,m000101/m000103,
forma,f297,3,u051901/u051904,,n000101/n000104,,,,sk000101/sk000104,,m000101/m000104,
forma,f297,4,u051901/u051905,,n000101/n000105,,,,sk000101/sk000105,,m000101/m000105,
forma,f297,5,u051901/u051906,,n000101/n000106,,,,sk000101/sk000106,,m000101/m000106,
forma,f297,6,u051901/u051907,,n000101/n000107,,,,sk000101/sk000107,,m000101/m000107,
forma,f297,7,u051901/u051908,,n000101/n000108,,,,sk000101/sk000108,,m000101/m000108,
forma,f297,8,u051901/u051906,,n000101/n000106,,,,sk000101/sk000109,,m000101/m000106,
forma,f297,9,u051901/u051907,,n000101/n000107,,,,sk000101/sk000110,,m000101/m000107,
forma,f297,10,u051901/u051903,,n000101/n000103,,,,sk000101/sk000103,,m000101/m000103,
forma,f297,11,u051901/u051904,,n000101/n000104,,,,sk000101/sk000104,,m000101/m000104,
forma,f297,12,u051901/u051907,,n000101/n000107,,,,sk000101/sk000107,,m000101/m000107,
forma,f297,13,u051901/u051907,,n000101/n000107,,,,sk000101/sk000110,,m000101/m000107,
ropa,u051901_10,,f297,u051901/u051901_10,,n000101/n000101_10,FFFFFFFF,254C97FF,,sk000101/sk000101_10,,m000101/m051901_10
ropa,u051901_20,,f297,u051901/u051901_20,,n000101/n000101_10,FFFFFFE1,2E2E2EFF,,sk000101/sk000101_10,,m000101/m051901_10
forma,f298,0,u051951/u051951,,n000101/n000101,,,,sk000201/sk000201,,m000201/m000201,
forma,f298,1,u051951/u051952,,n000101/n000102,,,,sk000201/sk000202,,m000201/m000202,
forma,f298,2,u051951/u051953,,n000101/n000103,,,,sk000201/sk000203,,m000201/m000203,
forma,f298,3,u051951/u051954,,n000101/n000104,,,,sk000201/sk000204,,m000201/m000204,
forma,f298,4,u051951/u051955,,n000101/n000105,,,,sk000201/sk000205,,m000201/m000205,
forma,f298,5,u051951/u051956,,n000101/n000106,,,,sk000201/sk000206,,m000201/m000206,
forma,f298,6,u051951/u051957,,n000101/n000107,,,,sk000201/sk000207,,m000201/m000207,
forma,f298,7,u051951/u051958,,n000101/n000108,,,,sk000201/sk000208,,m000201/m000208,
forma,f298,8,u051951/u051956,,n000101/n000106,,,,sk000201/sk000209,,m000201/m000206,
forma,f298,9,u051951/u051957,,n000101/n000107,,,,sk000201/sk000210,,m000201/m000207,
forma,f298,10,u051951/u051953,,n000101/n000103,,,,sk000201/sk000203,,m000201/m000203,
forma,f298,11,u051951/u051954,,n000101/n000104,,,,sk000201/sk000204,,m000201/m000204,
forma,f298,12,u051951/u051957,,n000101/n000107,,,,sk000201/sk000207,,m000201/m000207,
forma,f298,13,u051951/u051957,,n000101/n000107,,,,sk000201/sk000210,,m000201/m000207,
ropa,u051951_10,,f298,u051951/u051951_10,,n000101/n000101_10,02212AFF,EDEDEDFF,,sk000201/sk000201_10,,m000101/m051901_10
ropa,u051951_20,,f298,u051951/u051951_20,,n000101/n000101_10,0C2428E1,D19228FF,,sk000201/sk000201_10,,m000101/m051901_10
ropa,u052001_10,,f228,u050101/u052001_10,,n000101/n000101_10,FFFFFFFF,000000FF,,sk000301/sk000301_10,,m000101/m052001_10
ropa,u052001_20,,f228,u050101/u052001_20,,n000101/n000101_10,FFFFFFE1,000000FF,,sk000301/sk000301_10,,m000101/m052001_20
ropa,u052051_10,,f229,u050151/u052051_10,,n000101/n000101_10,FFFFFFFF,000000FF,,sk000201/sk000201_10,,m000101/m052001_10
ropa,u052051_20,,f229,u050151/u052051_20,,n000101/n000101_10,FFFFFFE1,000000FF,,sk000201/sk000201_10,,m000101/m052001_20
ropa,u053001_10,,f100,u001101/u053001_10,,n000101/n000101_10,1A4097FF,000000FF,,sk000101/sk000101_10,,m000101/m053001_10
ropa,u053001_10_blyR,,f101,u001101/u053001_10,,n000101/n000101_10,,,,sk090101/sk090101_10,,m000101/m053001_10
ropa,u053001_10_dam,,f102,u001101/u053001_10,,n000101/n000101_10,,,,sk000701/sk000701_10,,m000101/m053001_10
ropa,u053001_10_fld,,f103,u001101/u053001_10,,n000101/n000101_10,,,,sk000101/sk000101_10,,m000101/m053001_10
ropa,u053001_10_slv,,f104,u001101/u053001_10,,n000101/n000101_10,,,,sk000501/sk000501_10,,m000101/m053001_10
ropa,u053051_10,,f105,u001201/u053051_10,,n000101/n000101_10,2F2F2FFF,000000FF,,sk000201/sk000201_10,,m000101/m053001_10
ropa,u053051_10_blyR,,f106,u001201/u053051_10,,n000101/n000101_10,,,,sk090201/sk090201_10,,m000101/m053001_10
ropa,u053051_10_lsa,,f107,u001201/u053051_10,,n000101/n000101_10,,,,sk000901/sk000901_10,,m000101/m053001_10
ropa,u053051_10_lse,,f108,u001201/u053051_10,,n000101/n000101_10,,,,sk000801/sk000801_10,,m000101/m053001_10
forma,f299,0,u057101/u057101,,,,,,sk000201/sk000201,,,
ropa,u057101_10,,f299,u057101/u057101_10,,,,,,sk000201/sk000201_10,,
forma,f300,0,u057201/u057201,,,,,,sk000301/sk000301,,,
ropa,u057201_10,,f300,u057201/u057201_10,,,,,,sk000301/sk000301_10,,
forma,f301,0,u057301/u057301,,,,,,sk000301/sk000301,,,
ropa,u057301_10,,f301,u057301/u057301_10,,,,,,sk000301/sk000301_10,,
ropa,u057301_20,,f301,u057301/u057301_20,,,,,,sk000301/sk000301_10,,
forma,f302,0,u057401/u057401,,,,,,sk000301/sk000301,,,
forma,f302,1,,,,,,,,,,
forma,f302,2,u057401/u057403,,,,,,sk000301/sk000303,,,
forma,f302,4,u057401/u057405,,,,,,sk000301/sk000305,,,
ropa,u057401_10,,f302,u057401/u057401_10,,,,,,sk000301/sk000301_10,,
ropa,u057401_20,,f302,u057401/u057401_20,,,,,,sk000301/sk000301_10,,
forma,f303,0,u057501/u057501,,,,,,sk000501/sk000501,,,
ropa,u057501_10,,f303,u057501/u057501_10,,,,,,sk000501/sk000501_10,,
forma,f304,0,u057601/u057601,,,,,,sk000301/sk000301,,,
ropa,u057601_10,,f304,u057601/u057601_10,,,,,,sk000301/sk000301_10,,
ropa,u060101_10,,f100,u001101/u060101_10,,n000101/n000101_10,D8C8B8FF,000000FF,,sk000101/sk000101_10,,m000101/m060101_10
ropa,u060101_10_blyR,,f101,u001101/u060101_10,,n000101/n000101_10,,,,sk090101/sk090101_10,,m000101/m060101_10
ropa,u060101_10_dam,,f102,u001101/u060101_10,,n000101/n000101_10,,,,sk000701/sk000701_10,,m000101/m060101_10
ropa,u060101_10_fld,,f103,u001101/u060101_10,,n000101/n000101_10,,,,sk000101/sk000101_10,,m000101/m060101_10
ropa,u060101_10_slv,,f104,u001101/u060101_10,,n000101/n000101_10,,,,sk000501/sk000501_10,,m000101/m060101_10
ropa,u060101_20,,f100,u001101/u060101_20,,n000101/n000101_10,E12F25FF,000000FF,,sk000101/sk000101_10,,m000101/m060101_10
ropa,u060101_20_blyR,,f101,u001101/u060101_20,,n000101/n000101_10,,,,sk090101/sk090101_10,,m000101/m060101_10
ropa,u060101_20_dam,,f102,u001101/u060101_20,,n000101/n000101_10,,,,sk000701/sk000701_10,,m000101/m060101_10
ropa,u060101_20_fld,,f103,u001101/u060101_20,,n000101/n000101_10,,,,sk000101/sk000101_10,,m000101/m060101_10
ropa,u060101_20_slv,,f104,u001101/u060101_20,,n000101/n000101_10,,,,sk000501/sk000501_10,,m000101/m060101_10
ropa,u060151_10,,f105,u001201/u060151_10,,n000101/n000101_10,0F4474FF,000000FF,,sk000201/sk000201_10,,m000101/m060101_10
ropa,u060151_10_blyR,,f106,u001201/u060151_10,,n000101/n000101_10,,,,sk090201/sk090201_10,,m000101/m060101_10
ropa,u060151_10_lsa,,f107,u001201/u060151_10,,n000101/n000101_10,,,,sk000901/sk000901_10,,m000101/m060101_10
ropa,u060151_10_lse,,f108,u001201/u060151_10,,n000101/n000101_10,,,,sk000801/sk000801_10,,m000101/m060101_10
ropa,u060151_20,,f105,u001201/u060151_20,,n000101/n000101_10,86B032FF,000000FF,,sk000201/sk000201_10,,m000101/m060101_10
ropa,u060151_20_blyR,,f106,u001201/u060151_20,,n000101/n000101_10,,,,sk090201/sk090201_10,,m000101/m060101_10
ropa,u060151_20_lsa,,f107,u001201/u060151_20,,n000101/n000101_10,,,,sk000901/sk000901_10,,m000101/m060101_10
ropa,u060151_20_lse,,f108,u001201/u060151_20,,n000101/n000101_10,,,,sk000801/sk000801_10,,m000101/m060101_10
ropa,u060201_10,,f100,u001101/u060201_10,,n000101/n000101_10,317A69FF,000000FF,,sk000101/sk000101_10,,m000101/m060201_10
ropa,u060201_10_blyR,,f101,u001101/u060201_10,,n000101/n000101_10,,,,sk090101/sk090101_10,,m000101/m060201_10
ropa,u060201_10_dam,,f102,u001101/u060201_10,,n000101/n000101_10,,,,sk000701/sk000701_10,,m000101/m060201_10
ropa,u060201_10_fld,,f103,u001101/u060201_10,,n000101/n000101_10,,,,sk000101/sk000101_10,,m000101/m060201_10
ropa,u060201_10_slv,,f104,u001101/u060201_10,,n000101/n000101_10,,,,sk000501/sk000501_10,,m000101/m060201_10
ropa,u060201_20,,f100,u001101/u060201_20,,n000101/n000101_10,8CC0D5FF,000000FF,,sk000101/sk000101_10,,m000101/m060201_10
ropa,u060201_20_blyR,,f101,u001101/u060201_20,,n000101/n000101_10,,,,sk090101/sk090101_10,,m000101/m060201_10
ropa,u060201_20_dam,,f102,u001101/u060201_20,,n000101/n000101_10,,,,sk000701/sk000701_10,,m000101/m060201_10
ropa,u060201_20_fld,,f103,u001101/u060201_20,,n000101/n000101_10,,,,sk000101/sk000101_10,,m000101/m060201_10
ropa,u060201_20_slv,,f104,u001101/u060201_20,,n000101/n000101_10,,,,sk000501/sk000501_10,,m000101/m060201_10
ropa,u060251_10,,f195,u004201/u060251_10,,n000101/n000101_10,FFFFFFFF,000000FF,,sk000201/sk000201_10,,m000101/m060201_10
ropa,u060251_10_blyR,,f196,u004201/u060251_10,,n000101/n000101_10,,,,sk090201/sk090201_10,,m000101/m060201_10
ropa,u060251_10_lsa,,f197,u004201/u060251_10,,n000101/n000101_10,,,,sk000901/sk000901_10,,m000101/m060201_10
ropa,u060251_10_lse,,f198,u004201/u060251_10,,n000101/n000101_10,,,,sk000801/sk000801_10,,m000101/m060201_10
ropa,u060251_20,,f195,u004201/u060251_20,,n000101/n000101_10,FFFFFFFF,000000FF,,sk000201/sk000201_10,,m000101/m060201_10
ropa,u060251_20_blyR,,f196,u004201/u060251_20,,n000101/n000101_10,,,,sk090201/sk090201_10,,m000101/m060201_10
ropa,u060251_20_lsa,,f197,u004201/u060251_20,,n000101/n000101_10,,,,sk000901/sk000901_10,,m000101/m060201_10
ropa,u060251_20_lse,,f198,u004201/u060251_20,,n000101/n000101_10,,,,sk000801/sk000801_10,,m000101/m060201_10
ropa,u060301_10,,f100,u001101/u060301_10,,n000101/n000101_10,FFFFFFFF,000000FF,,sk000101/sk000101_10,,m000101/m060301_10
ropa,u060301_10_blyR,,f101,u001101/u060301_10,,n000101/n000101_10,,,,sk090101/sk090101_10,,m000101/m060301_10
ropa,u060301_10_dam,,f102,u001101/u060301_10,,n000101/n000101_10,,,,sk000701/sk000701_10,,m000101/m060301_10
ropa,u060301_10_fld,,f103,u001101/u060301_10,,n000101/n000101_10,,,,sk000101/sk000101_10,,m000101/m060301_10
ropa,u060301_10_slv,,f104,u001101/u060301_10,,n000101/n000101_10,,,,sk000501/sk000501_10,,m000101/m060301_10
ropa,u060301_20,,f100,u001101/u060301_20,,n000101/n000101_10,5D5D5DFF,000000FF,,sk000101/sk000101_10,,m000101/m060301_10
ropa,u060301_20_blyR,,f101,u001101/u060301_20,,n000101/n000101_10,,,,sk090101/sk090101_10,,m000101/m060301_10
ropa,u060301_20_dam,,f102,u001101/u060301_20,,n000101/n000101_10,,,,sk000701/sk000701_10,,m000101/m060301_10
ropa,u060301_20_fld,,f103,u001101/u060301_20,,n000101/n000101_10,,,,sk000101/sk000101_10,,m000101/m060301_10
ropa,u060301_20_slv,,f104,u001101/u060301_20,,n000101/n000101_10,,,,sk000501/sk000501_10,,m000101/m060301_10
forma,f305,5,u06031520/u06031520,,n031501/n031506,,,,,,m000201/m000206,
ropa,u06031520_10,,f305,u06031520/u06031520,,n031501/n031501_10,B59B5CFF,000000FF,,,,m000101/m060701_10
forma,f306,1,u06031720/u06031720,,n050101/n050102,,,,,,m000201/m000202,
ropa,u06031720_10,,f306,u06031720/u06031720,,n000101/n000101_10,FFFFFFFF,000000FF,,,,m000101/m061201_10
forma,f307,2,u06031920/u06031920,,n000101/n000103,,,,,,m000201/m000203,
ropa,u06031920_10,,f307,u06031920/u06031920,,n000101/n000101_10,FFFFFFFF,000000FF,,,,m000101/m061201_10
forma,f308,0,u06032120/u06032120,,n050101/n050101,,,,,,m000201/m000201,
ropa,u06032120_10,,f308,u06032120/u06032120_10,,n000101/n000101_10,34302FFF,000000FF,,,,m000101/m061101_10
ropa,u06032130_10,,f308,u06032120/u06032130_10,,n000101/n000101_10,EDF2DCFF,000000FF,,,,m000101/m061101_10
ropa,u060351_10,,f195,u004201/u060351_10,,n000101/n000101_10,97556FFF,000000FF,,sk000201/sk000201_10,,m000101/m060301_10
ropa,u060351_10_blyR,,f196,u004201/u060351_10,,n000101/n000101_10,,,,sk090201/sk090201_10,,m000101/m060301_10
ropa,u060351_10_lsa,,f197,u004201/u060351_10,,n000101/n000101_10,,,,sk000901/sk000901_10,,m000101/m060301_10
ropa,u060351_10_lse,,f198,u004201/u060351_10,,n000101/n000101_10,,,,sk000801/sk000801_10,,m000101/m060301_10
ropa,u060351_20,,f195,u004201/u060351_20,,n000101/n000101_10,97556FFF,000000FF,,sk000201/sk000201_10,,m000101/m060301_10
ropa,u060351_20_blyR,,f196,u004201/u060351_20,,n000101/n000101_10,,,,sk090201/sk090201_10,,m000101/m060301_10
ropa,u060351_20_lsa,,f197,u004201/u060351_20,,n000101/n000101_10,,,,sk000901/sk000901_10,,m000101/m060301_10
ropa,u060351_20_lse,,f198,u004201/u060351_20,,n000101/n000101_10,,,,sk000801/sk000801_10,,m000101/m060301_10
forma,f309,4,u06039011/u06039011,,,,,,,,,
ropa,u06039011,,f309,u06039011/u06039011,,,,,,,,
ropa,u060401_10,,f47,u002101/u060401_10,,n000101/n000101_10,22617BFF,000000FF,,sk000101/sk000101_10,,m000101/m060401_10
ropa,u060401_10_blyR,,f48,u002101/u060401_10,,n000101/n000101_10,,,,sk090101/sk090101_10,,m000101/m060401_10
ropa,u060401_10_dam,,f49,u002101/u060401_10,,n000101/n000101_10,,,,sk000701/sk000701_10,,m000101/m060401_10
ropa,u060401_10_fld,,f50,u002101/u060401_10,,n000101/n000101_10,,,,sk000101/sk000101_10,,m000101/m060401_10
ropa,u060401_10_slv,,f51,u002101/u060401_10,,n000101/n000101_10,,,,sk000501/sk000501_10,,m000101/m060401_10
ropa,u060401_20,,f47,u002101/u060401_20,,n000101/n000101_10,22617BFF,000000FF,,sk000101/sk000101_10,,m000101/m060401_10
ropa,u060401_20_blyR,,f48,u002101/u060401_20,,n000101/n000101_10,,,,sk090101/sk090101_10,,m000101/m060401_10
ropa,u060401_20_dam,,f49,u002101/u060401_20,,n000101/n000101_10,,,,sk000701/sk000701_10,,m000101/m060401_10
ropa,u060401_20_fld,,f50,u002101/u060401_20,,n000101/n000101_10,,,,sk000101/sk000101_10,,m000101/m060401_10
ropa,u060401_20_slv,,f51,u002101/u060401_20,,n000101/n000101_10,,,,sk000501/sk000501_10,,m000101/m060401_10
ropa,u060451_10,,f105,u001201/u060451_10,,n000101/n000101_10,FFFFFFFF,000000FF,,sk000201/sk000201_10,,m000101/m060401_10
ropa,u060451_10_blyR,,f106,u001201/u060451_10,,n000101/n000101_10,,,,sk090201/sk090201_10,,m000101/m060101_10
ropa,u060451_10_lsa,,f107,u001201/u060451_10,,n000101/n000101_10,,,,sk000901/sk000901_10,,m000101/m060101_10
ropa,u060451_10_lse,,f108,u001201/u060451_10,,n000101/n000101_10,,,,sk000801/sk000801_10,,m000101/m060101_10
ropa,u060451_20,,f105,u001201/u060451_20,,n000101/n000101_10,FFFDE6FF,000000FF,,sk000201/sk000201_10,,m000101/m060401_10
ropa,u060451_20_blyR,,f106,u001201/u060451_20,,n000101/n000101_10,,,,sk090201/sk090201_10,,m000101/m060401_10
ropa,u060451_20_lsa,,f107,u001201/u060451_20,,n000101/n000101_10,,,,sk000901/sk000901_10,,m000101/m060401_10
ropa,u060451_20_lse,,f108,u001201/u060451_20,,n000101/n000101_10,,,,sk000801/sk000801_10,,m000101/m060401_10
ropa,u060501_10,,f190,u004101/u060501_10,,n000101/n000101_10,BD3F40FF,000000FF,,sk000101/sk000101_10,,m000101/m060501_10
ropa,u060501_10_blyR,,f191,u004101/u060501_10,,n000101/n000101_10,,,,sk090101/sk090101_10,,m000101/m060501_10
ropa,u060501_10_dam,,f192,u004101/u060501_10,,n000101/n000101_10,,,,sk000701/sk000701_10,,m000101/m060501_10
ropa,u060501_10_fld,,f193,u004101/u060501_10,,n000101/n000101_10,,,,sk000101/sk000101_10,,m000101/m060501_10
ropa,u060501_10_slv,,f194,u004101/u060501_10,,n000101/n000101_10,,,,sk000501/sk000501_10,,m000101/m060501_10
ropa,u060501_20,,f190,u004101/u060501_20,,n000101/n000101_10,90D2D6FF,000000FF,,sk000101/sk000101_10,,m000101/m060501_10
ropa,u060501_20_blyR,,f191,u004101/u060501_20,,n000101/n000101_10,,,,sk090101/sk090101_10,,m000101/m060501_10
ropa,u060501_20_dam,,f192,u004101/u060501_20,,n000101/n000101_10,,,,sk000701/sk000701_10,,m000101/m060501_10
ropa,u060501_20_fld,,f193,u004101/u060501_20,,n000101/n000101_10,,,,sk000101/sk000101_10,,m000101/m060501_10
ropa,u060501_20_slv,,f194,u004101/u060501_20,,n000101/n000101_10,,,,sk000501/sk000501_10,,m000101/m060501_10
ropa,u060551_10,,f195,u004201/u060551_10,,n000101/n000101_10,FFFFFFFF,000000FF,,sk000201/sk000201_10,,m000101/m060501_10
ropa,u060551_10_blyR,,f196,u004201/u060551_10,,n000101/n000101_10,,,,sk090201/sk090201_10,,m000101/m060501_10
ropa,u060551_10_lsa,,f197,u004201/u060551_10,,n000101/n000101_10,,,,sk000901/sk000901_10,,m000101/m060501_10
ropa,u060551_10_lse,,f198,u004201/u060551_10,,n000101/n000101_10,,,,sk000801/sk000801_10,,m000101/m060501_10
ropa,u060551_20,,f195,u004201/u060551_20,,n000101/n000101_10,333332FF,000000FF,,sk000201/sk000201_10,,m000101/m060501_10
ropa,u060551_20_blyR,,f196,u004201/u060551_20,,n000101/n000101_10,,,,sk090201/sk090201_10,,m000101/m060501_10
ropa,u060551_20_lsa,,f197,u004201/u060551_20,,n000101/n000101_10,,,,sk000901/sk000901_10,,m000101/m060501_10
ropa,u060551_20_lse,,f198,u004201/u060551_20,,n000101/n000101_10,,,,sk000801/sk000801_10,,m000101/m060501_10
ropa,u060601_10,,f190,u004101/u060601_10,,n000101/n000101_10,797979FF,000000FF,,sk000101/sk000101_10,,m000101/m060601_10
ropa,u060601_10_blyR,,f191,u004101/u060601_10,,n000101/n000101_10,,,,sk090101/sk090101_10,,m000101/m060601_10
ropa,u060601_10_dam,,f192,u004101/u060601_10,,n000101/n000101_10,,,,sk000701/sk000701_10,,m000101/m060601_10
ropa,u060601_10_fld,,f193,u004101/u060601_10,,n000101/n000101_10,,,,sk000101/sk000101_10,,m000101/m060601_10
ropa,u060601_10_slv,,f194,u004101/u060601_10,,n000101/n000101_10,,,,sk000501/sk000501_10,,m000101/m060601_10
ropa,u060601_20,,f190,u004101/u060601_20,,n000101/n000101_10,FFFFFFFF,000000FF,,sk000101/sk000101_10,,m000101/m060601_10
ropa,u060601_20_blyR,,f191,u004101/u060601_20,,n000101/n000101_10,,,,sk090101/sk090101_10,,m000101/m060601_10
ropa,u060601_20_dam,,f192,u004101/u060601_20,,n000101/n000101_10,,,,sk000701/sk000701_10,,m000101/m060601_10
ropa,u060601_20_fld,,f193,u004101/u060601_20,,n000101/n000101_10,,,,sk000101/sk000101_10,,m000101/m060601_10
ropa,u060601_20_slv,,f194,u004101/u060601_20,,n000101/n000101_10,,,,sk000501/sk000501_10,,m000101/m060601_10
ropa,u060651_10,,f195,u004201/u060651_10,,n000101/n000101_10,797979FF,000000FF,,sk000201/sk000201_10,,m000101/m060601_10
ropa,u060651_10_blyR,,f196,u004201/u060651_10,,n000101/n000101_10,,,,sk090201/sk090201_10,,m000101/m060601_10
ropa,u060651_10_lsa,,f197,u004201/u060651_10,,n000101/n000101_10,,,,sk000901/sk000901_10,,m000101/m060601_10
ropa,u060651_10_lse,,f198,u004201/u060651_10,,n000101/n000101_10,,,,sk000801/sk000801_10,,m000101/m060601_10
ropa,u060651_20,,f195,u004201/u060651_20,,n000101/n000101_10,FFFFFFFF,000000FF,,sk000201/sk000201_10,,m000101/m060601_10
ropa,u060651_20_blyR,,f196,u004201/u060651_20,,n000101/n000101_10,,,,sk090201/sk090201_10,,m000101/m060601_10
ropa,u060651_20_lsa,,f197,u004201/u060651_20,,n000101/n000101_10,,,,sk000901/sk000901_10,,m000101/m060601_10
ropa,u060651_20_lse,,f198,u004201/u060651_20,,n000101/n000101_10,,,,sk000801/sk000801_10,,m000101/m060601_10
forma,f310,0,u060701/u060701,,n031501/n031501,,,,sk000201/sk000201,,m000201/m000201,
forma,f310,1,u060701/u060702,,n031501/n031502,,,,sk000201/sk000202,,m000201/m000202,
forma,f310,2,u060701/u060703,,n031501/n031503,,,,sk000201/sk000203,,m000201/m000203,
forma,f310,3,u060701/u060704,,n031501/n031504,,,,sk000201/sk000204,,m000201/m000204,
forma,f310,4,u060701/u060705,,n031501/n031505,,,,sk000201/sk000205,,m000201/m000205,
forma,f310,5,u060701/u060706,,n031501/n031506,,,,sk000201/sk000206,,m000201/m000206,
forma,f310,6,u060701/u060707,,n031501/n031507,,,,sk000201/sk000207,,m000201/m000207,
forma,f310,7,u060701/u060708,,n031501/n031508,,,,sk000201/sk000208,,m000201/m000208,
forma,f310,8,u060701/u060706,,n031501/n031506,,,,sk000201/sk000209,,m000201/m000206,
forma,f310,9,u060701/u060707,,n031501/n031507,,,,sk000201/sk000210,,m000201/m000207,
forma,f310,10,u060701/u060703,,n031501/n031503,,,,sk000201/sk000203,,m000201/m000203,
forma,f310,11,u060701/u060704,,n031501/n031504,,,,sk000201/sk000204,,m000201/m000204,
forma,f310,12,u060701/u060707,,n031501/n031507,,,,sk000201/sk000207,,m000201/m000207,
forma,f310,13,u060701/u060707,,n031501/n031507,,,,sk000201/sk000210,,m000201/m000207,
ropa,u060701_10,,f310,u060701/u060701_10,,n031501/n031501_10,000000FF,000000FF,,sk000201/sk000201_10,,m000101/m060701_10
ropa,u060701_20,,f310,u060701/u060701_20,,n031501/n031501_10,000000FF,000000FF,,sk000201/sk000201_10,,m000101/m060701_10
forma,f311,0,u060751/u060751,,n031501/n031501,,,,sk000201/sk000201,,m000201/m000201,
forma,f311,1,u060751/u060752,,n031501/n031502,,,,sk000201/sk000202,,m000201/m000202,
forma,f311,2,u060751/u060753,,n031501/n031503,,,,sk000201/sk000203,,m000201/m000203,
forma,f311,3,u060751/u060754,,n031501/n031504,,,,sk000201/sk000204,,m000201/m000204,
forma,f311,4,u060751/u060755,,n031501/n031505,,,,sk000201/sk000205,,m000201/m000205,
forma,f311,5,u060751/u060756,,n031501/n031506,,,,sk000201/sk000206,,m000201/m000206,
forma,f311,6,u060751/u060757,,n031501/n031507,,,,sk000201/sk000207,,m000201/m000207,
forma,f311,7,u060751/u060758,,n031501/n031508,,,,sk000201/sk000208,,m000201/m000208,
forma,f311,8,u060751/u060756,,n031501/n031506,,,,sk000201/sk000209,,m000201/m000206,
forma,f311,9,u060751/u060757,,n031501/n031507,,,,sk000201/sk000210,,m000201/m000207,
forma,f311,10,u060751/u060753,,n031501/n031503,,,,sk000201/sk000203,,m000201/m000203,
forma,f311,11,u060751/u060754,,n031501/n031504,,,,sk000201/sk000204,,m000201/m000204,
forma,f311,12,u060751/u060757,,n031501/n031507,,,,sk000201/sk000207,,m000201/m000207,
forma,f311,13,u060751/u060757,,n031501/n031507,,,,sk000201/sk000210,,m000201/m000207,
ropa,u060751_10,,f311,u060751/u060751_10,,n031501/n031501_10,B4965DFF,000000FF,,sk000201/sk000201_10,,m000101/m060701_10
ropa,u060751_20,,f311,u060751/u060751_20,,n031501/n031501_10,B4965DFF,000000FF,,sk000201/sk000201_10,,m000101/m060701_10
forma,f312,0,u060801/u060801,,n000101/n000101,,,,,,m000101/m000101,
forma,f312,1,u060801/u060802,,n000101/n000102,,,,,,m000101/m000102,
forma,f312,2,u060801/u060803,,n000101/n000103,,,,,,m000101/m000103,
forma,f312,3,u060801/u060804,,n000101/n000104,,,,,,m000101/m000104,
forma,f312,4,u060801/u060805,,n000101/n000105,,,,,,m000101/m000105,
forma,f312,5,u060801/u060806,,n000101/n000106,,,,,,m000101/m000106,
forma,f312,6,u060801/u060807,,n000101/n000107,,,,,,m000101/m000107,
forma,f312,7,u060801/u060808,,n000101/n000108,,,,,,m000101/m000108,
forma,f312,8,u060801/u060806,,n000101/n000106,,,,,,m000101/m000106,
forma,f312,9,u060801/u060807,,n000101/n000107,,,,,,m000101/m000107,
forma,f312,10,u060801/u060803,,n000101/n000103,,,,,,m000101/m000103,
forma,f312,11,u060801/u060804,,n000101/n000104,,,,,,m000101/m000104,
forma,f312,12,u060801/u060807,,n000101/n000107,,,,,,m000101/m000107,
forma,f312,13,u060801/u060807,,n000101/n000107,,,,,,m000101/m000107,
ropa,u060801_10,,f312,u060801/u060801_10,,n000101/n000101_10,FFFFFFFF,000000FF,,,,m000101/m060801_10
ropa,u060801_20,,f312,u060801/u060801_20,,n000101/n000101_10,FFFFFFFF,000000FF,,,,m000101/m060801_10
forma,f313,0,u060851/u060851,,n000101/n000101,,,,,,m000201/m000201,
forma,f313,1,u060851/u060852,,n000101/n000102,,,,,,m000201/m000202,
forma,f313,2,u060851/u060853,,n000101/n000103,,,,,,m000201/m000203,
forma,f313,3,u060851/u060854,,n000101/n000104,,,,,,m000201/m000204,
forma,f313,4,u060851/u060855,,n000101/n000105,,,,,,m000201/m000205,
forma,f313,5,u060851/u060856,,n000101/n000106,,,,,,m000201/m000206,
forma,f313,6,u060851/u060857,,n000101/n000107,,,,,,m000201/m000207,
forma,f313,7,u060851/u060858,,n000101/n000108,,,,,,m000201/m000208,
forma,f313,8,u060851/u060856,,n000101/n000106,,,,,,m000201/m000206,
forma,f313,9,u060851/u060857,,n000101/n000107,,,,,,m000201/m000207,
forma,f313,10,u060851/u060853,,n000101/n000103,,,,,,m000201/m000203,
forma,f313,11,u060851/u060854,,n000101/n000104,,,,,,m000201/m000204,
forma,f313,12,u060851/u060857,,n000101/n000107,,,,,,m000201/m000207,
forma,f313,13,u060851/u060857,,n000101/n000107,,,,,,m000201/m000207,
ropa,u060851_10,,f313,u060851/u060851_10,,n000101/n000101_10,FFFFFFFF,000000FF,,,,m000101/m060801_10
ropa,u060851_20,,f313,u060851/u060851_20,,n000101/n000101_10,FFFFFFFF,000000FF,,,,m000101/m060801_10
forma,f314,0,u060901/u060901,,n000101/n000101,,,,sk000101/sk000101,,m000101/m000101,
forma,f314,1,u060901/u060902,,n000101/n000102,,,,sk000101/sk000102,,m000101/m000102,
forma,f314,2,u060901/u060903,,n000101/n000103,,,,sk000101/sk000103,,m000101/m000103,
forma,f314,3,u060901/u060904,,n000101/n000104,,,,sk000101/sk000104,,m000101/m000104,
forma,f314,4,u060901/u060905,,n000101/n000105,,,,sk000101/sk000105,,m000101/m000105,
forma,f314,5,u060901/u060906,,n000101/n000106,,,,sk000101/sk000106,,m000101/m000106,
forma,f314,6,u060901/u060907,,n000101/n000107,,,,sk000101/sk000107,,m000101/m000107,
forma,f314,7,u060901/u060908,,n000101/n000108,,,,sk000101/sk000108,,m000101/m000108,
forma,f314,8,u060901/u060906,,n000101/n000106,,,,sk000101/sk000109,,m000101/m000106,
forma,f314,9,u060901/u060907,,n000101/n000107,,,,sk000101/sk000110,,m000101/m000107,
forma,f314,10,u060901/u060903,,n000101/n000103,,,,sk000101/sk000103,,m000101/m000103,
forma,f314,11,u060901/u060904,,n000101/n000104,,,,sk000101/sk000104,,m000101/m000104,
forma,f314,12,u060901/u060907,,n000101/n000107,,,,sk000101/sk000107,,m000101/m000107,
forma,f314,13,u060901/u060907,,n000101/n000107,,,,sk000101/sk000110,,m000101/m000107,
ropa,u060901_10,,f314,u060901/u060901_10,,n000101/n000101_10,FFFFFFFF,000000FF,,sk000101/sk000101_10,,m000101/m060901_10
forma,f315,6,u960921/u960927,,n000101/n000107,,,,sk000701/sk000707,,m000101/m000107,
ropa,u060901_10_dam,,f315,u060901/u060901_10,,n000101/n000101_10,,,,sk000701/sk000701_10,,m000101/m060901_10
forma,f316,0,u960911/u960911,,n000101/n000101,,,,sk000101/sk000101,,m090151/m090151,
ropa,u060901_10_fld,,f316,u060901/u060901_10,,n000101/n000101_10,,,,sk000101/sk000101_10,,m000101/m060901_10
forma,f317,0,u060901/u060901,,n000101/n000101,,,,sk004101/sk004101,,m000101/m000101,
forma,f317,1,u060901/u060902,,n000101/n000102,,,,sk004101/sk004102,,m000101/m000102,
forma,f317,2,u060901/u060903,,n000101/n000103,,,,sk004101/sk004103,,m000101/m000103,
forma,f317,3,u060901/u060904,,n000101/n000104,,,,sk004101/sk004104,,m000101/m000104,
forma,f317,4,u060901/u060905,,n000101/n000105,,,,sk004101/sk004105,,m000101/m000105,
forma,f317,5,u060901/u060906,,n000101/n000106,,,,sk004101/sk004106,,m000101/m000106,
forma,f317,6,u060901/u060907,,n000101/n000107,,,,sk004101/sk004107,,m000101/m000107,
forma,f317,7,u060901/u060908,,n000101/n000108,,,,sk004101/sk004108,,m000101/m000108,
forma,f317,8,u060901/u060906,,n000101/n000106,,,,sk004101/sk004109,,m000101/m000106,
forma,f317,9,u060901/u060907,,n000101/n000107,,,,sk004101/sk000110,,m000101/m000107,
forma,f317,10,u060901/u060903,,n000101/n000103,,,,sk004101/sk004103,,m000101/m000103,
forma,f317,11,u060901/u060904,,n000101/n000104,,,,sk004101/sk004104,,m000101/m000104,
forma,f317,12,u060901/u060907,,n000101/n000107,,,,sk004101/sk004107,,m000101/m000107,
forma,f317,13,u060901/u060907,,n000101/n000107,,,,sk004101/sk000110,,m000101/m000107,
ropa,u060901_10_mcn,,f317,u060901/u060901_10,,n000101/n000101_10,,,,sk000101/sk060901_10,,m000101/m060901_10
forma,f318,0,u060911/u060911,,n000101/n000101,,,,sk000501/sk000501,,m000101/m000101,
forma,f318,5,u060911/u060916,,n000101/n000106,,,,sk000501/sk000506,,m000101/m000106,
ropa,u060901_10_slv,,f318,u060901/u060901_10,,n000101/n000101_10,,,,sk000501/sk000501_10,,m000101/m060901_10
ropa,u060901_20,,f314,u060901/u060901_20,,n000101/n000101_10,FFFFFFFF,000000FF,,sk000101/sk000101_10,,m000101/m060901_10
ropa,u060901_20_dam,,f315,u060901/u060901_20,,n000101/n000101_10,,,,sk000701/sk000701_10,,m000101/m060901_10
ropa,u060901_20_fld,,f316,u060901/u060901_20,,n000101/n000101_10,,,,sk000101/sk000101_10,,m000101/m060901_10
ropa,u060901_20_mcn,,f317,u060901/u060901_20,,n000101/n000101_10,,,,sk000101/sk060901_10,,m000101/m060901_10
ropa,u060901_20_slv,,f318,u060901/u060901_20,,n000101/n000101_10,,,,sk000501/sk000501_10,,m000101/m060901_10
forma,f319,0,u060901/u060901,,n000101/n000101,,,,sk000401/sk000401,,m000101/m000101,
forma,f319,1,u060901/u060902,,n000101/n000102,,,,sk000401/sk000402,,m000101/m000102,
forma,f319,2,u060901/u060903,,n000101/n000103,,,,sk000401/sk000403,,m000101/m000103,
forma,f319,3,u060901/u060904,,n000101/n000104,,,,sk000401/sk000404,,m000101/m000104,
forma,f319,4,u060901/u060905,,n000101/n000105,,,,sk000401/sk000405,,m000101/m000105,
forma,f319,5,u060901/u060906,,n000101/n000106,,,,sk000401/sk000406,,m000101/m000106,
forma,f319,6,u060901/u060907,,n000101/n000107,,,,sk000401/sk000407,,m000101/m000107,
forma,f319,7,u060901/u060908,,n000101/n000108,,,,sk000401/sk000408,,m000101/m000108,
forma,f319,8,u060901/u060906,,n000101/n000106,,,,sk000401/sk000409,,m000101/m000106,
forma,f319,9,u060901/u060907,,n000101/n000107,,,,sk000401/sk000410,,m000101/m000107,
forma,f319,10,u060901/u060903,,n000101/n000103,,,,sk000401/sk000403,,m000101/m000103,
forma,f319,11,u060901/u060904,,n000101/n000104,,,,sk000401/sk000404,,m000101/m000104,
forma,f319,12,u060901/u060907,,n000101/n000107,,,,sk000401/sk000407,,m000101/m000107,
forma,f319,13,u060901/u060907,,n000101/n000107,,,,sk000401/sk000410,,m000101/m000107,
ropa,u060951_10,,f319,u060901/u060951_10,,n000101/n000101_10,FFFFFFFF,000000FF,,sk000401/sk000401_10,,m000101/m060901_10
forma,f320,6,u960921/u960927,,n000101/n000107,,,,sk002701/sk002707,,m000101/m000107,
ropa,u060951_10_dam,,f320,u060901/u060951_10,,n000101/n000101_10,,,,sk002701/sk002701_10,,m000101/m060901_10
forma,f321,0,u960911/u960911,,n000101/n000101,,,,sk000401/sk000401,,m090151/m090151,
ropa,u060951_10_fld,,f321,u060901/u060951_10,,n000101/n000101_10,,,,sk000401/sk000401_10,,m000101/m060901_10
ropa,u060951_10_mcn,,f319,u060901/u060951_10,,n000101/n000101_10,,,,sk000101/sk060901_10,,m000101/m060901_10
forma,f322,0,u060911/u060911,,n000101/n000101,,,,sk002501/sk002501,,m000101/m000101,
forma,f322,5,u060911/u060916,,n000101/n000106,,,,sk002501/sk002506,,m000101/m000106,
ropa,u060951_10_slv,,f322,u060901/u060951_10,,n000101/n000101_10,,,,sk002501/sk002501_10,,m000101/m060901_10
ropa,u060951_20,,f319,u060901/u060951_20,,n000101/n000101_10,FFFFFFFF,000000FF,,sk000401/sk000401_10,,m000101/m060901_10
ropa,u060951_20_dam,,f320,u060901/u060951_20,,n000101/n000101_10,,,,sk002701/sk002701_10,,m000101/m060901_10
ropa,u060951_20_fld,,f321,u060901/u060951_20,,n000101/n000101_10,,,,sk000401/sk000401_10,,m000101/m060901_10
ropa,u060951_20_mcn,,f319,u060901/u060951_20,,n000101/n000101_10,,,,sk000101/sk060901_10,,m000101/m060901_10
ropa,u060951_20_slv,,f322,u060901/u060951_20,,n000101/n000101_10,,,,sk002501/sk002501_10,,m000101/m060901_10
forma,f323,0,u061101/u061101,,n050101/n050101,,,,sk000301/sk000301,,m000201/m000201,
forma,f323,1,u061101/u061102,,n050101/n050102,,,,sk000301/sk000302,,m000201/m000202,
forma,f323,2,u061101/u061103,,n050101/n050103,,,,sk000301/sk000303,,m000201/m000203,
forma,f323,3,u061101/u061104,,n050101/n050104,,,,sk000301/sk000304,,m000201/m000204,
forma,f323,4,u061101/u061105,,n050101/n050105,,,,sk000301/sk000305,,m000201/m000205,
forma,f323,5,u061101/u061106,,n050101/n050106,,,,sk000301/sk000306,,m000201/m000206,
forma,f323,6,u061101/u061107,,n050101/n050107,,,,sk000301/sk000307,,m000201/m000207,
forma,f323,7,u061101/u061108,,n050101/n050108,,,,sk000301/sk000308,,m000201/m000208,
forma,f323,8,u061101/u061106,,n050101/n050106,,,,sk000301/sk000309,,m000201/m000206,
forma,f323,9,u061101/u061107,,n050101/n050107,,,,sk000301/sk000310,,m000201/m000207,
forma,f323,10,u061101/u061103,,n050101/n050103,,,,sk000301/sk000303,,m000201/m000203,
forma,f323,11,u061101/u061104,,n050101/n050104,,,,sk000301/sk000304,,m000201/m000204,
forma,f323,12,u061101/u061107,,n050101/n050107,,,,sk000301/sk000307,,m000201/m000207,
forma,f323,13,u061101/u061107,,n050101/n050107,,,,sk000301/sk000310,,m000201/m000207,
ropa,u061101_10,,f323,u061101/u061101_10,,n000101/n000101_10,FFFFFFFF,000000FF,,sk000301/sk000301_10,,m000101/m061101_10
ropa,u061101_20,,f323,u061101/u061101_20,,n000101/n000101_10,FFFFFFFF,000000FF,,sk000301/sk000301_10,,m000101/m061101_10
forma,f324,0,u061101/u061101,,n050101/n050101,,,,sk000201/sk000201,,m000201/m000201,
forma,f324,1,u061101/u061102,,n050101/n050102,,,,sk000201/sk000202,,m000201/m000202,
forma,f324,2,u061101/u061103,,n050101/n050103,,,,sk000201/sk000203,,m000201/m000203,
forma,f324,3,u061101/u061104,,n050101/n050104,,,,sk000201/sk000204,,m000201/m000204,
forma,f324,4,u061101/u061105,,n050101/n050105,,,,sk000201/sk000205,,m000201/m000205,
forma,f324,5,u061101/u061106,,n050101/n050106,,,,sk000201/sk000206,,m000201/m000206,
forma,f324,6,u061101/u061107,,n050101/n050107,,,,sk000201/sk000207,,m000201/m000207,
forma,f324,7,u061101/u061108,,n050101/n050108,,,,sk000201/sk000208,,m000201/m000208,
forma,f324,8,u061101/u061106,,n050101/n050106,,,,sk000201/sk000209,,m000201/m000206,
forma,f324,9,u061101/u061107,,n050101/n050107,,,,sk000201/sk000210,,m000201/m000207,
forma,f324,10,u061101/u061103,,n050101/n050103,,,,sk000201/sk000203,,m000201/m000203,
forma,f324,11,u061101/u061104,,n050101/n050104,,,,sk000201/sk000204,,m000201/m000204,
forma,f324,12,u061101/u061107,,n050101/n050107,,,,sk000201/sk000207,,m000201/m000207,
forma,f324,13,u061101/u061107,,n050101/n050107,,,,sk000201/sk000210,,m000201/m000207,
ropa,u061151_10,,f324,u061101/u061151_10,,n000101/n000101_10,FFFFFFFF,000000FF,,sk000201/sk000201_10,,m000101/m061101_10
ropa,u061151_20,,f324,u061101/u061151_20,,n000101/n000101_10,FFFFFFFF,000000FF,,sk000201/sk000201_10,,m000101/m061101_10
forma,f325,0,u061201/u061201,,n000101/n000101,,,,sk000101/sk000101,,m000101/m000101,
forma,f325,1,u061201/u061202,,n000101/n000102,,,,sk000101/sk000102,,m000101/m000102,
forma,f325,2,u061201/u061203,,n000101/n000103,,,,sk000101/sk000103,,m000101/m000103,
forma,f325,3,u061201/u061204,,n000101/n000104,,,,sk000101/sk000104,,m000101/m000104,
forma,f325,4,u061201/u061205,,n000101/n000105,,,,sk000101/sk000105,,m000101/m000105,
forma,f325,5,u061201/u061206,,n000101/n000106,,,,sk000101/sk000106,,m000101/m000106,
forma,f325,6,u061201/u061207,,n000101/n000107,,,,sk000101/sk000107,,m000101/m000107,
forma,f325,7,u061201/u061208,,n000101/n000108,,,,sk000101/sk000108,,m000101/m000108,
forma,f325,8,u061201/u061206,,n000101/n000106,,,,sk000101/sk000109,,m000101/m000106,
forma,f325,9,u061201/u061207,,n000101/n000107,,,,sk000101/sk000110,,m000101/m000107,
forma,f325,10,u061201/u061203,,n000101/n000103,,,,sk000101/sk000103,,m000101/m000103,
forma,f325,11,u061201/u061204,,n000101/n000104,,,,sk000101/sk000104,,m000101/m000104,
forma,f325,12,u061201/u061207,,n000101/n000107,,,,sk000101/sk000107,,m000101/m000107,
forma,f325,13,u061201/u061207,,n000101/n000107,,,,sk000101/sk000110,,m000101/m000107,
ropa,u061201_10,,f325,u061201/u061201_10,,n000101/n000101_10,FFFFFFFF,000000FF,,sk000101/sk000101_10,,m000101/m061201_10
ropa,u061201_20,,f325,u061201/u061201_20,,n000101/n000101_10,6D4487FF,000000FF,,sk000101/sk000101_10,,m000101/m061201_10
forma,f326,0,u061251/u061251,,n000101/n000101,,,,,,m000201/m000201,
forma,f326,1,u061251/u061252,,n000101/n000102,,,,,,m000201/m000202,
forma,f326,2,u061251/u061253,,n000101/n000103,,,,,,m000201/m000203,
forma,f326,3,u061251/u061254,,n000101/n000104,,,,,,m000201/m000204,
forma,f326,4,u061251/u061255,,n000101/n000105,,,,,,m000201/m000205,
forma,f326,5,u061251/u061256,,n000101/n000106,,,,,,m000201/m000206,
forma,f326,6,u061251/u061257,,n000101/n000107,,,,,,m000201/m000207,
forma,f326,7,u061251/u061258,,n000101/n000108,,,,,,m000201/m000208,
forma,f326,8,u061251/u061256,,n000101/n000106,,,,,,m000201/m000206,
forma,f326,9,u061251/u061257,,n000101/n000107,,,,,,m000201/m000207,
forma,f326,10,u061251/u061253,,n000101/n000103,,,,,,m000201/m000203,
forma,f326,11,u061251/u061254,,n000101/n000104,,,,,,m000201/m000204,
forma,f326,12,u061251/u061257,,n000101/n000107,,,,,,m000201/m000207,
forma,f326,13,u061251/u061257,,n000101/n000107,,,,,,m000201/m000207,
ropa,u061251_10,,f326,u061251/u061251_10,,n000101/n000101_10,FFFFFFFF,000000FF,,,,m000101/m061201_10
ropa,u061251_20,,f326,u061251/u061251_20,,n000101/n000101_10,744D8CFF,000000FF,,,,m000101/m061201_10
forma,f327,0,u061301/u061301,,n031501/n031501,,,,sk000301/sk000301,,m000201/m000201,
forma,f327,1,u061301/u061302,,n031501/n031502,,,,sk000301/sk000302,,m000201/m000202,
forma,f327,2,u061301/u061303,,n031501/n031503,,,,sk000301/sk000303,,m000201/m000203,
forma,f327,3,u061301/u061304,,n031501/n031504,,,,sk000301/sk000304,,m000201/m000204,
forma,f327,4,u061301/u061305,,n031501/n031505,,,,sk000301/sk000305,,m000201/m000205,
forma,f327,5,u061301/u061306,,n031501/n031506,,,,sk000301/sk000306,,m000201/m000206,
forma,f327,6,u061301/u061307,,n031501/n031507,,,,sk000301/sk000307,,m000201/m000207,
forma,f327,7,u061301/u061308,,n031501/n031508,,,,sk000301/sk000308,,m000201/m000208,
forma,f327,8,u061301/u061306,,n031501/n031506,,,,sk000301/sk000309,,m000201/m000206,
forma,f327,9,u061301/u061307,,n031501/n031507,,,,sk000301/sk000310,,m000201/m000207,
forma,f327,10,u061301/u061303,,n031501/n031503,,,,sk000301/sk000303,,m000201/m000203,
forma,f327,11,u061301/u061304,,n031501/n031504,,,,sk000301/sk000304,,m000201/m000204,
forma,f327,12,u061301/u061307,,n031501/n031507,,,,sk000301/sk000307,,m000201/m000207,
forma,f327,13,u061301/u061307,,n031501/n031507,,,,sk000301/sk000310,,m000201/m000207,
ropa,u061301_10,,f327,u061301/u061301_10,,n031501/n031501_10,FFFFFFFF,000000FF,,sk000301/sk000301_10,,m000101/m061301_10
ropa,u061301_20,,f327,u061301/u061301_20,,n031501/n031501_10,FFFFFFFF,000000FF,,sk000301/sk000301_10,,m000101/m061301_10
forma,f328,0,u061301/u061301,,n031501/n031501,,,,sk000201/sk000201,,m000201/m000201,
forma,f328,1,u061301/u061302,,n031501/n031502,,,,sk000201/sk000202,,m000201/m000202,
forma,f328,2,u061301/u061303,,n031501/n031503,,,,sk000201/sk000203,,m000201/m000203,
forma,f328,3,u061301/u061304,,n031501/n031504,,,,sk000201/sk000204,,m000201/m000204,
forma,f328,4,u061301/u061305,,n031501/n031505,,,,sk000201/sk000205,,m000201/m000205,
forma,f328,5,u061301/u061306,,n031501/n031506,,,,sk000201/sk000206,,m000201/m000206,
forma,f328,6,u061301/u061307,,n031501/n031507,,,,sk000201/sk000207,,m000201/m000207,
forma,f328,7,u061301/u061308,,n031501/n031508,,,,sk000201/sk000208,,m000201/m000208,
forma,f328,8,u061301/u061306,,n031501/n031506,,,,sk000201/sk000209,,m000201/m000206,
forma,f328,9,u061301/u061307,,n031501/n031507,,,,sk000201/sk000210,,m000201/m000207,
forma,f328,10,u061301/u061303,,n031501/n031503,,,,sk000201/sk000203,,m000201/m000203,
forma,f328,11,u061301/u061304,,n031501/n031504,,,,sk000201/sk000204,,m000201/m000204,
forma,f328,12,u061301/u061307,,n031501/n031507,,,,sk000201/sk000207,,m000201/m000207,
forma,f328,13,u061301/u061307,,n031501/n031507,,,,sk000201/sk000210,,m000201/m000207,
ropa,u061351_10,,f328,u061301/u061351_10,,n031501/n031501_10,33363AFF,000000FF,,sk000201/sk000201_10,,m000101/m061301_10
ropa,u061351_20,,f328,u061301/u061351_20,,n031501/n031501_10,33363AFF,000000FF,,sk000201/sk000201_10,,m000101/m061301_10
forma,f329,0,u061401/u061401,,n050101/n050101,,,,sk000301/sk000301,,m000201/m000201,
forma,f329,1,u061401/u061402,,n050101/n050102,,,,sk000301/sk000302,,m000201/m000202,
forma,f329,2,u061401/u061403,,n050101/n050103,,,,sk000301/sk000303,,m000201/m000203,
forma,f329,3,u061401/u061404,,n050101/n050104,,,,sk000301/sk000304,,m000201/m000204,
forma,f329,4,u061401/u061405,,n050101/n050105,,,,sk000301/sk000305,,m000201/m000205,
forma,f329,5,u061401/u061406,,n050101/n050106,,,,sk000301/sk000306,,m000201/m000206,
forma,f329,6,u061401/u061407,,n050101/n050107,,,,sk000301/sk000307,,m000201/m000207,
forma,f329,7,u061401/u061408,,n050101/n050108,,,,sk000301/sk000308,,m000201/m000208,
forma,f329,8,u061401/u061406,,n050101/n050106,,,,sk000301/sk000309,,m000201/m000206,
forma,f329,9,u061401/u061407,,n050101/n050107,,,,sk000301/sk000310,,m000201/m000207,
forma,f329,10,u061401/u061403,,n050101/n050103,,,,sk000301/sk000303,,m000201/m000203,
forma,f329,11,u061401/u061404,,n050101/n050104,,,,sk000301/sk000304,,m000201/m000204,
forma,f329,12,u061401/u061407,,n050101/n050107,,,,sk000301/sk000307,,m000201/m000207,
forma,f329,13,u061401/u061407,,n050101/n050107,,,,sk000301/sk000310,,m000201/m000207,
ropa,u061401_10,,f329,u061401/u061401_10,,n000101/n000101_10,5E5E5EFF,000000FF,,sk000301/sk000301_10,,m000101/m061401_10
forma,f330,6,u961421/u961427,,n050101/n050107,,,,sk000701/sk000707,,m000101/m000107,
ropa,u061401_10_dam,,f330,u061401/u061401_10,,n000101/n000101_10,,,,sk000701/sk000701_10,,m000101/m061401_10
forma,f331,0,u961411/u961411,,n050101/n050101,,,,sk000101/sk000101,,m090151/m090151,
ropa,u061401_10_fld,,f331,u061401/u061401_10,,n000101/n000101_10,,,,sk000101/sk000101_10,,m000101/m061401_10
forma,f332,0,u061411/u061411,,n050101/n050101,,,,sk000501/sk000501,,m000101/m000101,
forma,f332,5,u061411/u061416,,n050101/n050106,,,,sk000501/sk000506,,m000101/m000106,
ropa,u061401_10_slv,,f332,u061401/u061401_10,,n000101/n000101_10,,,,sk000501/sk000501_10,,m000101/m061401_10
ropa,u061401_20,,f329,u061401/u061401_20,,n000101/n000101_10,5E5E5EFF,000000FF,,sk000301/sk000301_10,,m000101/m061401_10
ropa,u061401_20_dam,,f330,u061401/u061401_20,,n000101/n000101_10,,,,sk000701/sk000701_10,,m000101/m061401_10
ropa,u061401_20_fld,,f331,u061401/u061401_20,,n000101/n000101_10,,,,sk000101/sk000101_10,,m000101/m061401_10
ropa,u061401_20_slv,,f332,u061401/u061401_20,,n000101/n000101_10,,,,sk000501/sk000501_10,,m000101/m061401_10
forma,f333,0,u061401/u061401,,n050101/n050101,,,,sk000201/sk000201,,m000201/m000201,
forma,f333,1,u061401/u061402,,n050101/n050102,,,,sk000201/sk000202,,m000201/m000202,
forma,f333,2,u061401/u061403,,n050101/n050103,,,,sk000201/sk000203,,m000201/m000203,
forma,f333,3,u061401/u061404,,n050101/n050104,,,,sk000201/sk000204,,m000201/m000204,
forma,f333,4,u061401/u061405,,n050101/n050105,,,,sk000201/sk000205,,m000201/m000205,
forma,f333,5,u061401/u061406,,n050101/n050106,,,,sk000201/sk000206,,m000201/m000206,
forma,f333,6,u061401/u061407,,n050101/n050107,,,,sk000201/sk000207,,m000201/m000207,
forma,f333,7,u061401/u061408,,n050101/n050108,,,,sk000201/sk000208,,m000201/m000208,
forma,f333,8,u061401/u061406,,n050101/n050106,,,,sk000201/sk000209,,m000201/m000206,
forma,f333,9,u061401/u061407,,n050101/n050107,,,,sk000201/sk000210,,m000201/m000207,
forma,f333,10,u061401/u061403,,n050101/n050103,,,,sk000201/sk000203,,m000201/m000203,
forma,f333,11,u061401/u061404,,n050101/n050104,,,,sk000201/sk000204,,m000201/m000204,
forma,f333,12,u061401/u061407,,n050101/n050107,,,,sk000201/sk000207,,m000201/m000207,
forma,f333,13,u061401/u061407,,n050101/n050107,,,,sk000201/sk000210,,m000201/m000207,
ropa,u061451_10,,f333,u061401/u061451_10,,n000101/n000101_10,FFFFFFFF,000000FF,,sk000201/sk000201_10,,m000101/m061401_10
forma,f334,6,u961421/u961427,,n050101/n050107,,,,sk002701/sk002707,,m000101/m000107,
ropa,u061451_10_dam,,f334,u061401/u061451_10,,n000101/n000101_10,,,,sk002701/sk002701_10,,m000101/m061401_10
forma,f335,0,u961411/u961411,,n050101/n050101,,,,sk000401/sk000401,,m090151/m090151,
ropa,u061451_10_fld,,f335,u061401/u061451_10,,n000101/n000101_10,,,,sk000401/sk000401_10,,m000101/m061401_10
forma,f336,0,u061411/u061411,,n050101/n050101,,,,sk002501/sk002501,,m000101/m000101,
forma,f336,5,u061411/u061416,,n050101/n050106,,,,sk002501/sk002506,,m000101/m000106,
ropa,u061451_10_slv,,f336,u061401/u061451_10,,n000101/n000101_10,,,,sk002501/sk002501_10,,m000101/m061401_10
ropa,u061451_20,,f333,u061401/u061451_20,,n000101/n000101_10,FFFFFFFF,000000FF,,sk000201/sk000201_10,,m000101/m061401_10
ropa,u061451_20_dam,,f334,u061401/u061451_20,,n000101/n000101_10,,,,sk002701/sk002701_10,,m000101/m061401_10
ropa,u061451_20_fld,,f335,u061401/u061451_20,,n000101/n000101_10,,,,sk000401/sk000401_10,,m000101/m061401_10
ropa,u061451_20_slv,,f336,u061401/u061451_20,,n000101/n000101_10,,,,sk002501/sk002501_10,,m000101/m061401_10
forma,f337,0,u061501/u061501,,n050101/n050101,,,,sk000201/sk000201,,m000201/m000201,
forma,f337,1,u061501/u061502,,n050101/n050102,,,,sk000201/sk000202,,m000201/m000202,
forma,f337,2,u061501/u061503,,n050101/n050103,,,,sk000201/sk000203,,m000201/m000203,
forma,f337,3,u061501/u061504,,n050101/n050104,,,,sk000201/sk000204,,m000201/m000204,
forma,f337,4,u061501/u061505,,n050101/n050105,,,,sk000201/sk000205,,m000201/m000205,
forma,f337,5,u061501/u061506,,n050101/n050106,,,,sk000201/sk000206,,m000201/m000206,
forma,f337,6,u061501/u061507,,n050101/n050107,,,,sk000201/sk000207,,m000201/m000207,
forma,f337,7,u061501/u061508,,n050101/n050108,,,,sk000201/sk000208,,m000201/m000208,
forma,f337,8,u061501/u061506,,n050101/n050106,,,,sk000201/sk000209,,m000201/m000206,
forma,f337,9,u061501/u061507,,n050101/n050107,,,,sk000201/sk000210,,m000201/m000207,
forma,f337,10,u061501/u061503,,n050101/n050103,,,,sk000201/sk000203,,m000201/m000203,
forma,f337,11,u061501/u061504,,n050101/n050104,,,,sk000201/sk000204,,m000201/m000204,
forma,f337,12,u061501/u061507,,n050101/n050107,,,,sk000201/sk000207,,m000201/m000207,
forma,f337,13,u061501/u061507,,n050101/n050107,,,,sk000201/sk000210,,m000201/m000207,
ropa,u061501_10,,f337,u061501/u061501_10,,n000101/n000101_10,FFFFFFFF,000000FF,,sk000201/sk000201_10,,m000101/m061501_10
ropa,u061501_20,,f337,u061501/u061501_20,,n000101/n000101_10,FFFFFFFF,000000FF,,sk000201/sk000201_10,,m000101/m061501_10
forma,f338,0,u061551/u061551,,n050101/n050101,,,,sk000201/sk000201,,m000201/m000201,
forma,f338,1,u061551/u061552,,n050101/n050102,,,,sk000201/sk000202,,m000201/m000202,
forma,f338,2,u061551/u061553,,n050101/n050103,,,,sk000201/sk000203,,m000201/m000203,
forma,f338,3,u061551/u061554,,n050101/n050104,,,,sk000201/sk000204,,m000201/m000204,
forma,f338,4,u061551/u061555,,n050101/n050105,,,,sk000201/sk000205,,m000201/m000205,
forma,f338,5,u061551/u061556,,n050101/n050106,,,,sk000201/sk000206,,m000201/m000206,
forma,f338,6,u061551/u061557,,n050101/n050107,,,,sk000201/sk000207,,m000201/m000207,
forma,f338,7,u061551/u061558,,n050101/n050108,,,,sk000201/sk000208,,m000201/m000208,
forma,f338,8,u061551/u061556,,n050101/n050106,,,,sk000201/sk000209,,m000201/m000206,
forma,f338,9,u061551/u061557,,n050101/n050107,,,,sk000201/sk000210,,m000201/m000207,
forma,f338,10,u061551/u061553,,n050101/n050103,,,,sk000201/sk000203,,m000201/m000203,
forma,f338,11,u061551/u061554,,n050101/n050104,,,,sk000201/sk000204,,m000201/m000204,
forma,f338,12,u061551/u061557,,n050101/n050107,,,,sk000201/sk000207,,m000201/m000207,
forma,f338,13,u061551/u061557,,n050101/n050107,,,,sk000201/sk000210,,m000201/m000207,
ropa,u061551_10,,f338,u061551/u061551_10,,n000101/n000101_10,FFFFFFFF,000000FF,,sk000201/sk000201_10,,m000101/m061501_10
ropa,u061551_20,,f338,u061551/u061551_20,,n000101/n000101_10,FFFFFFFF,000000FF,,sk000201/sk000201_10,,m000101/m061501_10
forma,f339,0,u061601/u061601,,n050101/n050101,,,,sk000301/sk000301,,m000201/m000201,
forma,f339,1,u061601/u061602,,n050101/n050102,,,,sk000301/sk000302,,m000201/m000202,
forma,f339,2,u061601/u061603,,n050101/n050103,,,,sk000301/sk000303,,m000201/m000203,
forma,f339,3,u061601/u061604,,n050101/n050104,,,,sk000301/sk000304,,m000201/m000204,
forma,f339,4,u061601/u061605,,n050101/n050105,,,,sk000301/sk000305,,m000201/m000205,
forma,f339,5,u061601/u061606,,n050101/n050106,,,,sk000301/sk000306,,m000201/m000206,
forma,f339,6,u061601/u061607,,n050101/n050107,,,,sk000301/sk000307,,m000201/m000207,
forma,f339,7,u061601/u061608,,n050101/n050108,,,,sk000301/sk000308,,m000201/m000208,
forma,f339,8,u061601/u061606,,n050101/n050106,,,,sk000301/sk000309,,m000201/m000206,
forma,f339,9,u061601/u061607,,n050101/n050107,,,,sk000301/sk000310,,m000201/m000207,
forma,f339,10,u061601/u061603,,n050101/n050103,,,,sk000301/sk000303,,m000201/m000203,
forma,f339,11,u061601/u061604,,n050101/n050104,,,,sk000301/sk000304,,m000201/m000204,
forma,f339,12,u061601/u061607,,n050101/n050107,,,,sk000301/sk000307,,m000201/m000207,
forma,f339,13,u061601/u061607,,n050101/n050107,,,,sk000301/sk000310,,m000201/m000207,
ropa,u061601_10,,f339,u061601/u061601_10,,n000101/n000101_10,FFFFFFFF,000000FF,,sk000301/sk000301_10,,m000101/m061601_10
ropa,u061601_20,,f339,u061601/u061601_20,,n000101/n000101_10,FFFFFFFF,000000FF,,sk000301/sk000301_10,,m000101/m061601_10
forma,f340,0,u061601/u061601,,n050101/n050101,,,,sk000201/sk000201,,m000201/m000201,
forma,f340,1,u061601/u061602,,n050101/n050102,,,,sk000201/sk000202,,m000201/m000202,
forma,f340,2,u061601/u061603,,n050101/n050103,,,,sk000201/sk000203,,m000201/m000203,
forma,f340,3,u061601/u061604,,n050101/n050104,,,,sk000201/sk000204,,m000201/m000204,
forma,f340,4,u061601/u061605,,n050101/n050105,,,,sk000201/sk000205,,m000201/m000205,
forma,f340,5,u061601/u061606,,n050101/n050106,,,,sk000201/sk000206,,m000201/m000206,
forma,f340,6,u061601/u061607,,n050101/n050107,,,,sk000201/sk000207,,m000201/m000207,
forma,f340,7,u061601/u061608,,n050101/n050108,,,,sk000201/sk000208,,m000201/m000208,
forma,f340,8,u061601/u061606,,n050101/n050106,,,,sk000201/sk000209,,m000201/m000206,
forma,f340,9,u061601/u061607,,n050101/n050107,,,,sk000201/sk000210,,m000201/m000207,
forma,f340,10,u061601/u061603,,n050101/n050103,,,,sk000201/sk000203,,m000201/m000203,
forma,f340,11,u061601/u061604,,n050101/n050104,,,,sk000201/sk000204,,m000201/m000204,
forma,f340,12,u061601/u061607,,n050101/n050107,,,,sk000201/sk000207,,m000201/m000207,
forma,f340,13,u061601/u061607,,n050101/n050107,,,,sk000201/sk000210,,m000201/m000207,
ropa,u061651_10,,f340,u061601/u061651_10,,n000101/n000101_10,FFFFFFFF,000000FF,,sk000201/sk000201_10,,m000101/m061601_10
ropa,u061651_20,,f340,u061601/u061651_20,,n000101/n000101_10,FFFFFFFF,000000FF,,sk000201/sk000201_10,,m000101/m061601_10
ropa,u061701_10,,f190,u004101/u061701_10,,n000101/n000101_10,1239A2FF,000000FF,,sk000101/sk000101_10,,m000101/m061701_10
ropa,u061701_10_blyR,,f191,u004101/u061701_10,,n000101/n000101_10,,,,sk090101/sk090101_10,,m000101/m061701_10
ropa,u061701_10_dam,,f192,u004101/u061701_10,,n000101/n000101_10,,,,sk000701/sk000701_10,,m000101/m061701_10
ropa,u061701_10_fld,,f193,u004101/u061701_10,,n000101/n000101_10,,,,sk000101/sk000101_10,,m000101/m061701_10
ropa,u061701_10_slv,,f194,u004101/u061701_10,,n000101/n000101_10,,,,sk000501/sk000501_10,,m000101/m061701_10
ropa,u061701_20,,f190,u004101/u061701_20,,n000101/n000101_10,66B148FF,000000FF,,sk000101/sk000101_10,,m000101/m061701_10
ropa,u061701_20_blyR,,f191,u004101/u061701_20,,n000101/n000101_10,,,,sk090101/sk090101_10,,m000101/m061701_10
ropa,u061701_20_dam,,f192,u004101/u061701_20,,n000101/n000101_10,,,,sk000701/sk000701_10,,m000101/m061701_10
ropa,u061701_20_fld,,f193,u004101/u061701_20,,n000101/n000101_10,,,,sk000101/sk000101_10,,m000101/m061701_10
ropa,u061701_20_slv,,f194,u004101/u061701_20,,n000101/n000101_10,,,,sk000501/sk000501_10,,m000101/m061701_10
ropa,u061751_10,,f195,u004201/u061751_10,,n000101/n000101_10,FFFFFFFF,000000FF,,sk000201/sk000201_10,,m000101/m061701_10
ropa,u061751_10_blyR,,f196,u004201/u061751_10,,n000101/n000101_10,,,,sk090201/sk090201_10,,m000101/m061701_10
ropa,u061751_10_lsa,,f197,u004201/u061751_10,,n000101/n000101_10,,,,sk000901/sk000901_10,,m000101/m061701_10
ropa,u061751_10_lse,,f198,u004201/u061751_10,,n000101/n000101_10,,,,sk000801/sk000801_10,,m000101/m061701_10
ropa,u061751_20,,f195,u004201/u061751_20,,n000101/n000101_10,FFFFFFFF,000000FF,,sk000201/sk000201_10,,m000101/m061701_10
ropa,u061751_20_blyR,,f196,u004201/u061751_20,,n000101/n000101_10,,,,sk090201/sk090201_10,,m000101/m061701_10
ropa,u061751_20_lsa,,f197,u004201/u061751_20,,n000101/n000101_10,,,,sk000901/sk000901_10,,m000101/m061701_10
ropa,u061751_20_lse,,f198,u004201/u061751_20,,n000101/n000101_10,,,,sk000801/sk000801_10,,m000101/m061701_10
forma,f341,0,u061801/u061801,,n000101/n000101,,,,sk000101/sk000101,,,
forma,f341,1,u061801/u061802,,n000101/n000102,,,,sk000101/sk000102,,,
forma,f341,2,u061801/u061803,,n000101/n000103,,,,sk000101/sk000103,,,
forma,f341,3,u061801/u061804,,n000101/n000104,,,,sk000101/sk000104,,,
forma,f341,4,u061801/u061805,,n000101/n000105,,,,sk000101/sk000105,,,
forma,f341,5,u061801/u061806,,n000101/n000106,,,,sk000101/sk000106,,,
forma,f341,6,u061801/u061807,,n000101/n000107,,,,sk000101/sk000107,,,
forma,f341,7,u061801/u061808,,n000101/n000108,,,,sk000101/sk000108,,,
forma,f341,8,u061801/u061806,,n000101/n000106,,,,sk000101/sk000109,,,
forma,f341,9,u061801/u061807,,n000101/n000107,,,,sk000101/sk000110,,,
forma,f341,10,u061801/u061803,,n000101/n000103,,,,sk000101/sk000103,,,
forma,f341,11,u061801/u061804,,n000101/n000104,,,,sk000101/sk000104,,,
forma,f341,12,u061801/u061807,,n000101/n000107,,,,sk000101/sk000107,,,
forma,f341,13,u061801/u061807,,n000101/n000107,,,,sk000101/sk000110,,,
ropa,u061801_10,,f341,u061801/u061801_10,,n000101/n000101_10,D4D5B6FF,000000FF,,sk000101/sk000101_10,,
forma,f342,6,u961821/u961827,,n000101/n000107,,,,sk000701/sk000707,,,
ropa,u061801_10_dam,,f342,u061801/u061801_10,,n000101/n000101_10,,,,sk000701/sk000701_10,,
forma,f343,0,u961811/u961811,,n000101/n000101,,,,sk000101/sk000101,,,
ropa,u061801_10_fld,,f343,u061801/u061801_10,,n000101/n000101_10,,,,sk000101/sk000101_10,,
forma,f344,0,u061811/u061811,,n000101/n000101,,,,sk000501/sk000501,,,
forma,f344,5,u061811/u061816,,n000101/n000106,,,,sk000501/sk000506,,,
ropa,u061801_10_slv,,f344,u061801/u061801_10,,n000101/n000101_10,,,,sk000501/sk000501_10,,
ropa,u061801_20,,f341,u061801/u061801_20,,n000101/n000101_10,EBE8D5FF,000000FF,,sk000101/sk000101_10,,
ropa,u061801_20_dam,,f342,u061801/u061801_20,,n000101/n000101_10,,,,sk000701/sk000701_10,,
ropa,u061801_20_fld,,f343,u061801/u061801_20,,n000101/n000101_10,,,,sk000101/sk000101_10,,
ropa,u061801_20_slv,,f344,u061801/u061801_20,,n000101/n000101_10,,,,sk000501/sk000501_10,,
forma,f345,0,u061851/u061851,,n000101/n000101,,,,sk000201/sk000201,,,
forma,f345,1,u061851/u061852,,n000101/n000102,,,,sk000201/sk000202,,,
forma,f345,2,u061851/u061853,,n000101/n000103,,,,sk000201/sk000203,,,
forma,f345,3,u061851/u061854,,n000101/n000104,,,,sk000201/sk000204,,,
forma,f345,4,u061851/u061855,,n000101/n000105,,,,sk000201/sk000205,,,
forma,f345,5,u061851/u061856,,n000101/n000106,,,,sk000201/sk000206,,,
forma,f345,6,u061851/u061857,,n000101/n000107,,,,sk000201/sk000207,,,
forma,f345,7,u061851/u061858,,n000101/n000108,,,,sk000201/sk000208,,,
forma,f345,8,u061851/u061856,,n000101/n000106,,,,sk000201/sk000209,,,
forma,f345,9,u061851/u061857,,n000101/n000107,,,,sk000201/sk000210,,,
forma,f345,10,u061851/u061853,,n000101/n000103,,,,sk000201/sk000203,,,
forma,f345,11,u061851/u061854,,n000101/n000104,,,,sk000201/sk000204,,,
forma,f345,12,u061851/u061857,,n000101/n000107,,,,sk000201/sk000207,,,
forma,f345,13,u061851/u061857,,n000101/n000107,,,,sk000201/sk000210,,,
ropa,u061851_10,,f345,u061851/u061851_10,,n000101/n000101_10,D4D5B6FF,000000FF,,sk000201/sk000201_10,,
forma,f346,0,u961891/u961891,,n000101/n000101,,,,sk000901/sk000901,,,
ropa,u061851_10_lsa,,f346,u061851/u061851_10,,n000101/n000101_10,,,,sk000901/sk000901_10,,
forma,f347,0,u961881/u961881,,n000101/n000101,,,,sk000801/sk000801,,,
forma,f347,4,u961881/u961885,,n000101/n000105,,,,sk000801/sk000805,,,
ropa,u061851_10_lse,,f347,u061851/u061851_10,,n000101/n000101_10,,,,sk000801/sk000801_10,,
ropa,u061851_20,,f345,u061851/u061851_20,,n000101/n000101_10,EBE8D5FF,000000FF,,sk000201/sk000201_10,,
ropa,u061851_20_lsa,,f346,u061851/u061851_20,,n000101/n000101_10,,,,sk000901/sk000901_10,,
ropa,u061851_20_lse,,f347,u061851/u061851_20,,n000101/n000101_10,,,,sk000801/sk000801_10,,
forma,f348,0,u061901/u061901,,n050101/n050101,,,,sk000101/sk000101,,,
forma,f348,1,u061901/u061902,,n050101/n050102,,,,sk000101/sk000102,,,
forma,f348,2,u061901/u061903,,n050101/n050103,,,,sk000101/sk000103,,,
forma,f348,3,u061901/u061904,,n050101/n050104,,,,sk000101/sk000104,,,
forma,f348,4,u061901/u061905,,n050101/n050105,,,,sk000101/sk000105,,,
forma,f348,5,u061901/u061906,,n050101/n050106,,,,sk000101/sk000106,,,
forma,f348,6,u061901/u061907,,n050101/n050107,,,,sk000101/sk000107,,,
forma,f348,7,u061901/u061908,,n050101/n050108,,,,sk000101/sk000108,,,
forma,f348,8,u061901/u061906,,n050101/n050106,,,,sk000101/sk000109,,,
forma,f348,9,u061901/u061907,,n050101/n050107,,,,sk000101/sk000110,,,
forma,f348,10,u061901/u061903,,n050101/n050103,,,,sk000101/sk000103,,,
forma,f348,11,u061901/u061904,,n050101/n050104,,,,sk000101/sk000104,,,
forma,f348,12,u061901/u061907,,n050101/n050107,,,,sk000101/sk000107,,,
forma,f348,13,u061901/u061907,,n050101/n050107,,,,sk000101/sk000110,,,
ropa,u061901_10,,f348,u061901/u061901_10,,n000101/n000101_10,EEF5E1FF,000000FF,,sk000101/sk000101_10,,
ropa,u061901_20,,f348,u061901/u061901_20,,n000101/n000101_10,E2D9D4FF,000000FF,,sk000101/sk000101_10,,
forma,f349,0,u061951/u061951,,n050101/n050101,,,,sk000201/sk000201,,,
forma,f349,1,u061951/u061952,,n050101/n050102,,,,sk000201/sk000202,,,
forma,f349,2,u061951/u061953,,n050101/n050103,,,,sk000201/sk000203,,,
forma,f349,3,u061951/u061954,,n050101/n050104,,,,sk000201/sk000204,,,
forma,f349,4,u061951/u061955,,n050101/n050105,,,,sk000201/sk000205,,,
forma,f349,5,u061951/u061956,,n050101/n050106,,,,sk000201/sk000206,,,
forma,f349,6,u061951/u061957,,n050101/n050107,,,,sk000201/sk000207,,,
forma,f349,7,u061951/u061958,,n050101/n050108,,,,sk000201/sk000208,,,
forma,f349,8,u061951/u061956,,n050101/n050106,,,,sk000201/sk000209,,,
forma,f349,9,u061951/u061957,,n050101/n050107,,,,sk000201/sk000210,,,
forma,f349,10,u061951/u061953,,n050101/n050103,,,,sk000201/sk000203,,,
forma,f349,11,u061951/u061954,,n050101/n050104,,,,sk000201/sk000204,,,
forma,f349,12,u061951/u061957,,n050101/n050107,,,,sk000201/sk000207,,,
forma,f349,13,u061951/u061957,,n050101/n050107,,,,sk000201/sk000210,,,
ropa,u061951_10,,f349,u061951/u061951_10,,n000101/n000101_10,282E44FF,000000FF,,sk000201/sk000201_10,,
ropa,u061951_20,,f349,u061951/u061951_20,,n000101/n000101_10,87C0EBFF,000000FF,,sk000201/sk000201_10,,
forma,f350,0,u005101/u005101,,,,,,sk000301/sk000301,,,
forma,f350,1,u005101/u005102,,,,,,sk000301/sk000302,,,
forma,f350,2,u005101/u005103,,,,,,sk000301/sk000303,,,
forma,f350,3,u005101/u005104,,,,,,sk000301/sk000304,,,
forma,f350,4,u005101/u005105,,,,,,sk000301/sk000305,,,
forma,f350,5,u005101/u005106,,,,,,sk000301/sk000306,,,
forma,f350,6,u005101/u005107,,,,,,sk000301/sk000307,,,
forma,f350,7,u005101/u005108,,,,,,sk000301/sk000308,,,
forma,f350,8,u005101/u005106,,,,,,sk000301/sk000309,,,
forma,f350,9,u005101/u005107,,,,,,sk000301/sk000310,,,
forma,f350,10,u005101/u005103,,,,,,sk000301/sk000303,,,
forma,f350,11,u005101/u005104,,,,,,sk000301/sk000304,,,
forma,f350,12,u005101/u005107,,,,,,sk000301/sk000307,,,
forma,f350,13,u005101/u005107,,,,,,sk000301/sk000310,,,
ropa,u067101_10,,f350,u005101/u067101_10,,,,,,sk000301/sk000301_10,,
ropa,u067201_10,,f350,u005101/u067201_10,,,,,,sk000301/sk000301_10,,
ropa,u070101_10,,f18,u000101/u070101_10,,n000101/n000101_10,237990FF,07070EFF,,sk000101/sk000101_10,,m000101/m070101_10
ropa,u070101_10_blyR,,f19,u000101/u070101_10,,n000101/n000101_10,,,,sk090101/sk090101_10,,m000101/m070101_10
ropa,u070101_10_dam,,f20,u000101/u070101_10,,n000101/n000101_10,,,,sk000701/sk000701_10,,m000101/m070101_10
ropa,u070101_10_fld,,f22,u000101/u070101_10,,n000101/n000101_10,,,,sk000101/sk000101_10,,m000101/m070101_10
ropa,u070101_10_slv,,f23,u000101/u070101_10,,n000101/n000101_10,,,,sk000501/sk000501_10,,m000101/m070101_10
ropa,u070101_20,,f18,u000101/u070101_20,,n000101/n000101_10,464A93FF,07070EFF,,sk000101/sk000101_10,,m000101/m070101_20
ropa,u070101_20_blyR,,f19,u000101/u070101_20,,n000101/n000101_10,,,,sk090101/sk090101_10,,m000101/m070101_20
ropa,u070101_20_dam,,f20,u000101/u070101_20,,n000101/n000101_10,,,,sk000701/sk000701_10,,m000101/m070101_20
ropa,u070101_20_fld,,f22,u000101/u070101_20,,n000101/n000101_10,,,,sk000101/sk000101_10,,m000101/m070101_20
ropa,u070101_20_slv,,f23,u000101/u070101_20,,n000101/n000101_10,,,,sk000501/sk000501_10,,m000101/m070101_20
ropa,u070151_10,,f33,u000201/u070151_10,,n000101/n000101_10,9BB3EFFF,07070EFF,,sk000201/sk000201_10,,m000101/m070101_10
ropa,u070151_10_blyR,,f34,u000201/u070151_10,,n000101/n000101_10,,,,sk090201/sk090201_10,,m000101/m070101_10
ropa,u070151_10_lsa,,f35,u000201/u070151_10,,n000101/n000101_10,,,,sk000901/sk000901_10,,m000101/m070101_10
ropa,u070151_10_lse,,f36,u000201/u070151_10,,n000101/n000101_10,,,,sk000801/sk000801_10,,m000101/m070101_10
ropa,u070151_20,,f33,u000201/u070151_20,,n000101/n000101_10,6CBDCEFF,F6F6F6FF,,sk000201/sk000201_10,,m000101/m070101_20
ropa,u070151_20_blyR,,f34,u000201/u070151_20,,n000101/n000101_10,,,,sk090201/sk090201_10,,m000101/m070101_20
ropa,u070151_20_lsa,,f35,u000201/u070151_20,,n000101/n000101_10,,,,sk000901/sk000901_10,,m000101/m070101_20
ropa,u070151_20_lse,,f36,u000201/u070151_20,,n000101/n000101_10,,,,sk000801/sk000801_10,,m000101/m070101_20
ropa,u070201_10,,f100,u001101/u070201_10,,n000101/n000101_10,D0BC8AFF,0D142EFF,,sk000101/sk000101_10,,m000101/m070201_10
ropa,u070201_10_blyR,,f101,u001101/u070201_10,,n000101/n000101_10,,,,sk090101/sk090101_10,,m000101/m070201_10
ropa,u070201_10_dam,,f102,u001101/u070201_10,,n000101/n000101_10,,,,sk000701/sk000701_10,,m000101/m070201_10
ropa,u070201_10_fld,,f103,u001101/u070201_10,,n000101/n000101_10,,,,sk000101/sk000101_10,,m000101/m070201_10
ropa,u070201_10_slv,,f104,u001101/u070201_10,,n000101/n000101_10,,,,sk000501/sk000501_10,,m000101/m070201_10
ropa,u070201_20,,f100,u001101/u070201_20,,n000101/n000101_10,4F4E4CFF,E0E0E0FF,,sk000101/sk000101_10,,m000101/m070201_20
ropa,u070201_20_blyR,,f101,u001101/u070201_20,,n000101/n000101_10,,,,sk090101/sk090101_10,,m000101/m070201_20
ropa,u070201_20_dam,,f102,u001101/u070201_20,,n000101/n000101_10,,,,sk000701/sk000701_10,,m000101/m070201_20
ropa,u070201_20_fld,,f103,u001101/u070201_20,,n000101/n000101_10,,,,sk000101/sk000101_10,,m000101/m070201_20
ropa,u070201_20_slv,,f104,u001101/u070201_20,,n000101/n000101_10,,,,sk000501/sk000501_10,,m000101/m070201_20
ropa,u070201_50,,f100,u001101/u070201_50,,n000101/n000101_10,,,,sk000101/sk000101_10,,m000101/m070201_10
ropa,u070201_50_blyR,,f101,u001101/u070201_50,,n000101/n000101_10,,,,sk090101/sk090101_10,,m000101/m070201_10
ropa,u070201_50_dam,,f102,u001101/u070201_50,,n000101/n000101_10,,,,sk000701/sk000701_10,,m000101/m070201_10
ropa,u070201_50_fld,,f103,u001101/u070201_50,,n000101/n000101_10,,,,sk000101/sk000101_10,,m000101/m070201_10
ropa,u070201_50_slv,,f104,u001101/u070201_50,,n000101/n000101_10,,,,sk000501/sk000501_10,,m000101/m070201_10
ropa,u070251_10,,f105,u001201/u070251_10,,n000101/n000101_10,C8CDE3FF,2E4162FF,,sk000201/sk000201_10,,m000101/m070201_10
ropa,u070251_10_blyR,,f106,u001201/u070251_10,,n000101/n000101_10,,,,sk090201/sk090201_10,,m000101/m070201_10
ropa,u070251_10_lsa,,f107,u001201/u070251_10,,n000101/n000101_10,,,,sk000901/sk000901_10,,m000101/m070201_10
ropa,u070251_10_lse,,f108,u001201/u070251_10,,n000101/n000101_10,,,,sk000801/sk000801_10,,m000101/m070201_10
ropa,u070251_20,,f105,u001201/u070251_20,,n000101/n000101_10,353F48FF,5CA0B5FF,,sk000201/sk000201_10,,m000101/m070201_20
ropa,u070251_20_blyR,,f106,u001201/u070251_20,,n000101/n000101_10,,,,sk090201/sk090201_10,,m000101/m070201_20
ropa,u070251_20_lsa,,f107,u001201/u070251_20,,n000101/n000101_10,,,,sk000901/sk000901_10,,m000101/m070201_20
ropa,u070251_20_lse,,f108,u001201/u070251_20,,n000101/n000101_10,,,,sk000801/sk000801_10,,m000101/m070201_20
ropa,u070251_50,,f105,u001201/u070251_50,,n000101/n000101_10,,,,sk000201/sk000201_10,,m000101/m070201_10
ropa,u070251_50_blyR,,f106,u001201/u070251_50,,n000101/n000101_10,,,,sk090201/sk090201_10,,m000101/m070201_10
ropa,u070251_50_lsa,,f107,u001201/u070251_50,,n000101/n000101_10,,,,sk000901/sk000901_10,,m000101/m070201_10
ropa,u070251_50_lse,,f108,u001201/u070251_50,,n000101/n000101_10,,,,sk000801/sk000801_10,,m000101/m070201_10
forma,f351,0,u003301/u003301,,n000101/n000101,,,,sk000101/sk000101,,m000101/m000101,
forma,f351,1,u003301/u003302,,n000101/n000102,,,,sk000101/sk000102,,m000101/m000102,
forma,f351,2,u003301/u003303,,n000101/n000103,,,,sk000101/sk000103,,m000101/m000103,
forma,f351,3,u003301/u003304,,n000101/n000104,,,,sk000101/sk000104,,m000101/m000104,
forma,f351,4,u003301/u003305,,n000101/n000105,,,,sk000101/sk000105,,m000101/m000105,
forma,f351,5,u003301/u003306,,n000101/n000106,,,,sk000101/sk000106,,m000101/m000106,
forma,f351,6,u003301/u003307,,n000101/n000107,,,,sk000101/sk000107,,m000101/m000107,
forma,f351,7,u003301/u003308,,n000101/n000108,,,,sk000101/sk000108,,m000101/m000108,
forma,f351,8,u003301/u003306,,n000101/n000106,,,,sk000101/sk000109,,m000101/m000106,
forma,f351,9,u003301/u003307,,n000101/n000107,,,,sk000101/sk000110,,m000101/m000107,
forma,f351,10,u003301/u003303,,n000101/n000103,,,,sk000101/sk000103,,m000101/m000103,
forma,f351,11,u003301/u003304,,n000101/n000104,,,,sk000101/sk000104,,m000101/m000104,
forma,f351,12,u003301/u003307,,n000101/n000107,,,,sk000101/sk000107,,m000101/m000107,
forma,f351,13,u003301/u003307,,n000101/n000107,,,,sk000101/sk000110,,m000101/m000107,
ropa,u070301_10,,f351,u003301/u070301_10,,n000101/n000101_10,EAEAEAFF,626262FF,,sk000101/sk000101_10,,m000101/m070301_10
forma,f352,1,u093301/u093302,,n000101/n000102,,,,sk090101/sk090102,,m000101/m000102,
ropa,u070301_10_blyR,,f352,u003301/u070301_10,,n000101/n000101_10,,,,sk090101/sk090101_10,,m000101/m070301_10
forma,f353,6,u093361/u093367,,n000101/n000107,,,,sk000701/sk000707,,m000101/m000107,
ropa,u070301_10_dam,,f353,u003301/u070301_10,,n000101/n000101_10,,,,sk000701/sk000701_10,,m000101/m070301_10
forma,f354,0,u093351/u093351,,n000101/n000101,,,,sk000101/sk000101,,m090151/m090151,
ropa,u070301_10_fld,,f354,u003301/u070301_10,,n000101/n000101_10,,,,sk000101/sk000101_10,,m000101/m070301_10
forma,f355,0,u093341/u093341,,n000101/n000101,,,,sk000501/sk000501,,m000101/m000101,
forma,f355,5,u093341/u093346,,n000101/n000106,,,,sk000501/sk000506,,m000101/m000106,
ropa,u070301_10_slv,,f355,u003301/u070301_10,,n000101/n000101_10,,,,sk000501/sk000501_10,,m000101/m070301_10
ropa,u070301_20,,f351,u003301/u070301_20,,n000101/n000101_10,414350FF,E2E2E2FF,,sk000101/sk000101_10,,m000101/m070301_20
ropa,u070301_20_blyR,,f352,u003301/u070301_20,,n000101/n000101_10,,,,sk090101/sk090101_10,,m000101/m070301_20
ropa,u070301_20_dam,,f353,u003301/u070301_20,,n000101/n000101_10,,,,sk000701/sk000701_10,,m000101/m070301_20
ropa,u070301_20_fld,,f354,u003301/u070301_20,,n000101/n000101_10,,,,sk000101/sk000101_10,,m000101/m070301_20
ropa,u070301_20_slv,,f355,u003301/u070301_20,,n000101/n000101_10,,,,sk000501/sk000501_10,,m000101/m070301_20
forma,f356,0,u003401/u003401,,n000101/n000101,,,,sk000201/sk000201,,m000201/m000201,
forma,f356,1,u003401/u003402,,n000101/n000102,,,,sk000201/sk000202,,m000201/m000202,
forma,f356,2,u003401/u003403,,n000101/n000103,,,,sk000201/sk000203,,m000201/m000203,
forma,f356,3,u003401/u003404,,n000101/n000104,,,,sk000201/sk000204,,m000201/m000204,
forma,f356,4,u003401/u003405,,n000101/n000105,,,,sk000201/sk000205,,m000201/m000205,
forma,f356,5,u003401/u003406,,n000101/n000106,,,,sk000201/sk000206,,m000201/m000206,
forma,f356,6,u003401/u003407,,n000101/n000107,,,,sk000201/sk000207,,m000201/m000207,
forma,f356,7,u003401/u003408,,n000101/n000108,,,,sk000201/sk000208,,m000201/m000208,
forma,f356,8,u003401/u003406,,n000101/n000106,,,,sk000201/sk000209,,m000201/m000206,
forma,f356,9,u003401/u003407,,n000101/n000107,,,,sk000201/sk000210,,m000201/m000207,
forma,f356,10,u003401/u003403,,n000101/n000103,,,,sk000201/sk000203,,m000201/m000203,
forma,f356,11,u003401/u003404,,n000101/n000104,,,,sk000201/sk000204,,m000201/m000204,
forma,f356,12,u003401/u003407,,n000101/n000107,,,,sk000201/sk000207,,m000201/m000207,
forma,f356,13,u003401/u003407,,n000101/n000107,,,,sk000201/sk000210,,m000201/m000207,
ropa,u070351_10,,f356,u003401/u070351_10,,n000101/n000101_10,0D91C6FF,F2EBD1FF,,sk000201/sk000201_10,,m000101/m070301_10
forma,f357,1,u093401/u093402,,n000101/n000102,,,,sk090201/sk090202,,m000201/m000202,
ropa,u070351_10_blyR,,f357,u003401/u070351_10,,n000101/n000101_10,,,,sk090201/sk090201_10,,m000101/m070301_10
forma,f358,0,u093481/u093481,,n000101/n000101,,,,sk000901/sk000901,,m000201/m000201,
ropa,u070351_10_lsa,,f358,u003401/u070351_10,,n000101/n000101_10,,,,sk000901/sk000901_10,,m000101/m070301_10
forma,f359,0,u093471/u093471,,n000101/n000101,,,,sk000801/sk000801,,m000201/m000201,
forma,f359,4,u093471/u093475,,n000101/n000105,,,,sk000801/sk000805,,m000201/m000205,
ropa,u070351_10_lse,,f359,u003401/u070351_10,,n000101/n000101_10,,,,sk000801/sk000801_10,,m000101/m070301_10
ropa,u070351_20,,f356,u003401/u070351_20,,n000101/n000101_10,F4D546FF,313558FF,,sk000201/sk000201_10,,m000101/m070301_20
ropa,u070351_20_blyR,,f357,u003401/u070351_20,,n000101/n000101_10,,,,sk090201/sk090201_10,,m000101/m070301_20
ropa,u070351_20_lsa,,f358,u003401/u070351_20,,n000101/n000101_10,,,,sk000901/sk000901_10,,m000101/m070301_20
ropa,u070351_20_lse,,f359,u003401/u070351_20,,n000101/n000101_10,,,,sk000801/sk000801_10,,m000101/m070301_20
ropa,u070401_10,,f100,u001101/u070401_10,,n000101/n000101_10,5C081FFF,E67701FF,,sk000101/sk000101_10,,m000101/m070401_10
ropa,u070401_10_blyR,,f101,u001101/u070401_10,,n000101/n000101_10,,,,sk090101/sk090101_10,,m000101/m070401_10
ropa,u070401_10_dam,,f102,u001101/u070401_10,,n000101/n000101_10,,,,sk000701/sk000701_10,,m000101/m070401_10
ropa,u070401_10_fld,,f103,u001101/u070401_10,,n000101/n000101_10,,,,sk000101/sk000101_10,,m000101/m070401_10
ropa,u070401_10_slv,,f104,u001101/u070401_10,,n000101/n000101_10,,,,sk000501/sk000501_10,,m000101/m070401_10
ropa,u070401_20,,f100,u001101/u070401_20,,n000101/n000101_10,37473CFF,99A24FFF,,sk000101/sk000101_10,,m000101/m070401_20
ropa,u070401_20_blyR,,f101,u001101/u070401_20,,n000101/n000101_10,,,,sk090101/sk090101_10,,m000101/m070401_20
ropa,u070401_20_dam,,f102,u001101/u070401_20,,n000101/n000101_10,,,,sk000701/sk000701_10,,m000101/m070401_20
ropa,u070401_20_fld,,f103,u001101/u070401_20,,n000101/n000101_10,,,,sk000101/sk000101_10,,m000101/m070401_20
ropa,u070401_20_slv,,f104,u001101/u070401_20,,n000101/n000101_10,,,,sk000501/sk000501_10,,m000101/m070401_20
ropa,u070451_10,,f105,u001201/u070451_10,,n000101/n000101_10,312852FF,000000FF,,sk000201/sk000201_10,,m000101/m070401_10
ropa,u070451_10_blyR,,f106,u001201/u070451_10,,n000101/n000101_10,,,,sk090201/sk090201_10,,m000101/m070401_10
ropa,u070451_10_lsa,,f107,u001201/u070451_10,,n000101/n000101_10,,,,sk000901/sk000901_10,,m000101/m070401_10
ropa,u070451_10_lse,,f108,u001201/u070451_10,,n000101/n000101_10,,,,sk000801/sk000801_10,,m000101/m070401_10
ropa,u070451_20,,f105,u001201/u070451_20,,n000101/n000101_10,FFFFFFFF,BE3467FF,,sk000201/sk000201_10,,m000101/m070401_20
ropa,u070451_20_blyR,,f106,u001201/u070451_20,,n000101/n000101_10,,,,sk090201/sk090201_10,,m000101/m070401_20
ropa,u070451_20_lsa,,f107,u001201/u070451_20,,n000101/n000101_10,,,,sk000901/sk000901_10,,m000101/m070401_20
ropa,u070451_20_lse,,f108,u001201/u070451_20,,n000101/n000101_10,,,,sk000801/sk000801_10,,m000101/m070401_20
ropa,u070501_10,,f47,u002101/u070501_10,,n000101/n000101_10,272C31FF,000000FF,,sk000101/sk000101_10,,m000101/m070501_10
ropa,u070501_10_blyR,,f48,u002101/u070501_10,,n000101/n000101_10,,,,sk090101/sk090101_10,,m000101/m070501_10
ropa,u070501_10_dam,,f49,u002101/u070501_10,,n000101/n000101_10,,,,sk000701/sk000701_10,,m000101/m070501_10
ropa,u070501_10_fld,,f50,u002101/u070501_10,,n000101/n000101_10,,,,sk000101/sk000101_10,,m000101/m070501_10
ropa,u070501_10_slv,,f51,u002101/u070501_10,,n000101/n000101_10,,,,sk000501/sk000501_10,,m000101/m070501_10
ropa,u070501_20,,f47,u002101/u070501_20,,n000101/n000101_10,232323FF,000000FF,,sk000101/sk000101_10,,m000101/m070501_20
ropa,u070501_20_blyR,,f48,u002101/u070501_20,,n000101/n000101_10,,,,sk090101/sk090101_10,,m000101/m070501_20
ropa,u070501_20_dam,,f49,u002101/u070501_20,,n000101/n000101_10,,,,sk000701/sk000701_10,,m000101/m070501_20
ropa,u070501_20_fld,,f50,u002101/u070501_20,,n000101/n000101_10,,,,sk000101/sk000101_10,,m000101/m070501_20
ropa,u070501_20_slv,,f51,u002101/u070501_20,,n000101/n000101_10,,,,sk000501/sk000501_10,,m000101/m070501_20
forma,f360,0,u002301/u002301,,n000101/n000101,,,,sk000201/sk000201,,m000201/m000201,
forma,f360,1,u002301/u002302,,n000101/n000102,,,,sk000201/sk000202,,m000201/m000202,
forma,f360,2,u002301/u002303,,n000101/n000103,,,,sk000201/sk000203,,m000201/m000203,
forma,f360,3,u002301/u002304,,n000101/n000104,,,,sk000201/sk000204,,m000201/m000204,
forma,f360,4,u002301/u002305,,n000101/n000105,,,,sk000201/sk000205,,m000201/m000205,
forma,f360,5,u002301/u002306,,n000101/n000106,,,,sk000201/sk000206,,m000201/m000206,
forma,f360,6,u002301/u002307,,n000101/n000107,,,,sk000201/sk000207,,m000201/m000207,
forma,f360,7,u002301/u002308,,n000101/n000108,,,,sk000201/sk000208,,m000201/m000208,
forma,f360,8,u002301/u002306,,n000101/n000106,,,,sk000201/sk000209,,m000201/m000206,
forma,f360,9,u002301/u002307,,n000101/n000107,,,,sk000201/sk000210,,m000201/m000207,
forma,f360,10,u002301/u002303,,n000101/n000103,,,,sk000201/sk000203,,m000201/m000203,
forma,f360,11,u002301/u002304,,n000101/n000104,,,,sk000201/sk000204,,m000201/m000204,
forma,f360,12,u002301/u002307,,n000101/n000107,,,,sk000201/sk000207,,m000201/m000207,
forma,f360,13,u002301/u002307,,n000101/n000107,,,,sk000201/sk000210,,m000201/m000207,
ropa,u070551_10,,f360,u002301/u070551_10,,n000101/n000101_10,3C3C3CFF,000000FF,,sk000201/sk000201_10,,m000101/m070501_10
forma,f361,1,u092301/u092302,,n000101/n000102,,,,sk090201/sk090202,,m000201/m000202,
ropa,u070551_10_blyR,,f361,u002301/u070551_10,,n000101/n000101_10,,,,sk090201/sk090201_10,,m000101/m070501_10
forma,f362,0,u092381/u092381,,n000101/n000101,,,,sk000901/sk000901,,m000201/m000201,
ropa,u070551_10_lsa,,f362,u002301/u070551_10,,n000101/n000101_10,,,,sk000901/sk000901_10,,m000101/m070501_10
forma,f363,0,u092371/u092371,,n000101/n000101,,,,sk000801/sk000801,,m000201/m000201,
forma,f363,4,u092371/u092375,,n000101/n000105,,,,sk000801/sk000805,,m000201/m000205,
ropa,u070551_10_lse,,f363,u002301/u070551_10,,n000101/n000101_10,,,,sk000801/sk000801_10,,m000101/m070501_10
ropa,u070551_20,,f360,u002301/u070551_20,,n000101/n000101_10,B91313FF,000000FF,,sk000201/sk000201_10,,m000101/m070501_20
ropa,u070551_20_blyR,,f361,u002301/u070551_20,,n000101/n000101_10,,,,sk090201/sk090201_10,,m000101/m070501_20
ropa,u070551_20_lsa,,f362,u002301/u070551_20,,n000101/n000101_10,,,,sk000901/sk000901_10,,m000101/m070501_20
ropa,u070551_20_lse,,f363,u002301/u070551_20,,n000101/n000101_10,,,,sk000801/sk000801_10,,m000101/m070501_20
ropa,u070601_10,,f37,u003101/u070601_10,,n000101/n000101_10,A3998AFF,000000FF,,sk000101/sk000101_10,,m000101/m070601_10
ropa,u070601_10_blyR,,f38,u003101/u070601_10,,n000101/n000101_10,,,,sk090101/sk090101_10,,m000101/m070601_10
ropa,u070601_10_dam,,f39,u003101/u070601_10,,n000101/n000101_10,,,,sk000701/sk000701_10,,m000101/m070601_10
ropa,u070601_10_fld,,f40,u003101/u070601_10,,n000101/n000101_10,,,,sk000101/sk000101_10,,m000101/m070601_10
ropa,u070601_10_slv,,f41,u003101/u070601_10,,n000101/n000101_10,,,,sk000501/sk000501_10,,m000101/m070601_10
ropa,u070601_20,,f37,u003101/u070601_20,,n000101/n000101_10,A5A0B1FF,000000FF,,sk000101/sk000101_10,,m000101/m070601_20
ropa,u070601_20_blyR,,f38,u003101/u070601_20,,n000101/n000101_10,,,,sk090101/sk090101_10,,m000101/m070601_20
ropa,u070601_20_dam,,f39,u003101/u070601_20,,n000101/n000101_10,,,,sk000701/sk000701_10,,m000101/m070601_20
ropa,u070601_20_fld,,f40,u003101/u070601_20,,n000101/n000101_10,,,,sk000101/sk000101_10,,m000101/m070601_20
ropa,u070601_20_slv,,f41,u003101/u070601_20,,n000101/n000101_10,,,,sk000501/sk000501_10,,m000101/m070601_20
ropa,u070651_10,,f29,u000501/u070651_10,,n000101/n000101_10,78664AFF,000000FF,,sk000201/sk000201_10,,m000101/m070601_10
ropa,u070651_10_blyR,,f30,u000501/u070651_10,,n000101/n000101_10,,,,sk090201/sk090201_10,,m000101/m070601_10
ropa,u070651_10_lsa,,f31,u000501/u070651_10,,n000101/n000101_10,,,,sk000901/sk000901_10,,m000101/m070601_10
ropa,u070651_10_lse,,f32,u000501/u070651_10,,n000101/n000101_10,,,,sk000801/sk000801_10,,m000101/m070601_10
ropa,u070651_20,,f29,u000501/u070651_20,,n000101/n000101_10,CDC3AFFF,50535CFF,,sk000201/sk000201_10,,m000101/m070601_20
ropa,u070651_20_blyR,,f30,u000501/u070651_20,,n000101/n000101_10,,,,sk090201/sk090201_10,,m000101/m070601_20
ropa,u070651_20_lsa,,f31,u000501/u070651_20,,n000101/n000101_10,,,,sk000901/sk000901_10,,m000101/m070601_20
ropa,u070651_20_lse,,f32,u000501/u070651_20,,n000101/n000101_10,,,,sk000801/sk000801_10,,m000101/m070601_20
ropa,u070701_10,,f18,u000101/u070701_10,,n000101/n000101_10,B40317FF,435D50FF,,sk000101/sk000101_10,,m000101/m070701_10
ropa,u070701_10_blyR,,f19,u000101/u070701_10,,n000101/n000101_10,,,,sk090101/sk090101_10,,m000101/m070701_10
ropa,u070701_10_dam,,f20,u000101/u070701_10,,n000101/n000101_10,,,,sk000701/sk000701_10,,m000101/m070701_10
ropa,u070701_10_fld,,f22,u000101/u070701_10,,n000101/n000101_10,,,,sk000101/sk000101_10,,m000101/m070701_10
ropa,u070701_10_slv,,f23,u000101/u070701_10,,n000101/n000101_10,,,,sk000501/sk000501_10,,m000101/m070701_10
ropa,u070701_20,,f18,u000101/u070701_20,,n000101/n000101_10,AD0715FF,E7E3DAFF,,sk000101/sk000101_10,,m000101/m070701_20
ropa,u070701_20_blyR,,f19,u000101/u070701_20,,n000101/n000101_10,,,,sk090101/sk090101_10,,m000101/m070701_20
ropa,u070701_20_dam,,f20,u000101/u070701_20,,n000101/n000101_10,,,,sk000701/sk000701_10,,m000101/m070701_20
ropa,u070701_20_fld,,f22,u000101/u070701_20,,n000101/n000101_10,,,,sk000101/sk000101_10,,m000101/m070701_20
ropa,u070701_20_slv,,f23,u000101/u070701_20,,n000101/n000101_10,,,,sk000501/sk000501_10,,m000101/m070701_20
ropa,u070701_21,,f18,u000101/u070701_20,,n000101/n000101_10,,,,sk000101/sk000101_10,,m000101/m070701_10
ropa,u070701_21_blyR,,f19,u000101/u070701_20,,n000101/n000101_10,,,,sk090101/sk090101_10,,m000101/m070701_10
ropa,u070701_21_dam,,f20,u000101/u070701_20,,n000101/n000101_10,,,,sk000701/sk000701_10,,m000101/m070701_10
ropa,u070701_21_fld,,f22,u000101/u070701_20,,n000101/n000101_10,,,,sk000101/sk000101_10,,m000101/m070701_10
ropa,u070701_21_slv,,f23,u000101/u070701_20,,n000101/n000101_10,,,,sk000501/sk000501_10,,m000101/m070701_10
ropa,u070751_10,,f24,u000301/u070751_10,,n000101/n000101_10,E0D2C5FF,F18518FF,,sk000201/sk000201_10,,m000101/m070701_10
ropa,u070751_10_blyR,,f25,u000301/u070751_10,,n000101/n000101_10,,,,sk090201/sk090201_10,,m000101/m070701_10
ropa,u070751_10_lsa,,f26,u000301/u070751_10,,n000101/n000101_10,,,,sk000901/sk000901_10,,m000101/m070701_10
ropa,u070751_10_lse,,f27,u000301/u070751_10,,n000101/n000101_10,,,,sk000801/sk000801_10,,m000101/m070701_10
ropa,u070751_20,,f24,u000301/u070751_20,,n000101/n000101_10,D9D5CCFF,303030FF,,sk000201/sk000201_10,,m000101/m070701_20
ropa,u070751_20_blyR,,f25,u000301/u070751_20,,n000101/n000101_10,,,,sk090201/sk090201_10,,m000101/m070701_20
ropa,u070751_20_lsa,,f26,u000301/u070751_20,,n000101/n000101_10,,,,sk000901/sk000901_10,,m000101/m070701_20
ropa,u070751_20_lse,,f27,u000301/u070751_20,,n000101/n000101_10,,,,sk000801/sk000801_10,,m000101/m070701_20
ropa,u070751_21,,f24,u000301/u070751_20,,n000101/n000101_10,,,,sk000201/sk000201_10,,m000101/m070701_10
ropa,u070751_21_blyR,,f25,u000301/u070751_20,,n000101/n000101_10,,,,sk090201/sk090201_10,,m000101/m070701_10
ropa,u070751_21_lsa,,f26,u000301/u070751_20,,n000101/n000101_10,,,,sk000901/sk000901_10,,m000101/m070701_10
ropa,u070751_21_lse,,f27,u000301/u070751_20,,n000101/n000101_10,,,,sk000801/sk000801_10,,m000101/m070701_10
forma,f364,0,u070801/u070801,,n000101/n000101,,,,,,m070801/m070801,
forma,f364,1,u070801/u070802,,n000101/n000102,,,,,,m070801/m070802,
forma,f364,2,u070801/u070803,,n000101/n000103,,,,,,m070801/m070803,
forma,f364,3,u070801/u070804,,n000101/n000104,,,,,,m070801/m070804,
forma,f364,4,u070801/u070805,,n000101/n000105,,,,,,m070801/m070805,
forma,f364,5,u070801/u070806,,n000101/n000106,,,,,,m070801/m070806,
forma,f364,6,u070801/u070807,,n000101/n000107,,,,,,m070801/m070807,
forma,f364,7,u070801/u070808,,n000101/n000108,,,,,,m070801/m070808,
forma,f364,8,u070801/u070806,,n000101/n000106,,,,,,m070801/m070806,
forma,f364,9,u070801/u070807,,n000101/n000107,,,,,,m070801/m070807,
forma,f364,10,u070801/u070803,,n000101/n000103,,,,,,m070801/m070803,
forma,f364,11,u070801/u070804,,n000101/n000104,,,,,,m070801/m070804,
forma,f364,12,u070801/u070807,,n000101/n000107,,,,,,m070801/m070807,
forma,f364,13,u070801/u070807,,n000101/n000107,,,,,,m070801/m070807,
ropa,u070801_10,,f364,u070801/u070801_10,,n000101/n000101_10,C79472FF,EEF1F7FF,,,,m070801/m070801_10
forma,f365,6,u970821/u970827,,n000101/n000107,,,,,,m070801/m070807,
ropa,u070801_10_dam,,f365,u970821/u970821_10,,n000101/n000101_10,,,,,,m070801/m070801_10
forma,f366,0,u970811/u970811,,n000101/n000101,,,,,,m070801/m070801,
ropa,u070801_10_fld,,f366,u070801/u070801_10,,n000101/n000101_10,,,,,,m070801/m070801_10
forma,f367,0,u070811/u070811,,n000101/n000101,,,,,,m070801/m070801,
forma,f367,5,u070811/u070816,,n000101/n000106,,,,,,m070801/m070806,
ropa,u070801_10_slv,,f367,u070801/u070801_10,,n000101/n000101_10,,,,,,m070801/m070801_10
ropa,u070801_20,,f364,u070801/u070801_20,,n000101/n000101_10,DFC074FF,7A7287FF,,,,m070801/m070801_20
ropa,u070801_20_dam,,f365,u970821/u970821_20,,n000101/n000101_10,,,,,,m070801/m070801_20
ropa,u070801_20_fld,,f366,u070801/u070801_20,,n000101/n000101_10,,,,,,m070801/m070801_20
ropa,u070801_20_slv,,f367,u070801/u070801_20,,n000101/n000101_10,,,,,,m070801/m070801_20
forma,f368,0,u070851/u070851,,n000101/n000101,,,,,,m070851/m070851,
forma,f368,1,u070851/u070852,,n000101/n000102,,,,,,m070851/m070852,
forma,f368,2,u070851/u070853,,n000101/n000103,,,,,,m070851/m070853,
forma,f368,3,u070851/u070854,,n000101/n000104,,,,,,m070851/m070854,
forma,f368,4,u070851/u070855,,n000101/n000105,,,,,,m070851/m070855,
forma,f368,5,u070851/u070856,,n000101/n000106,,,,,,m070851/m070856,
forma,f368,6,u070851/u070857,,n000101/n000107,,,,,,m070851/m070857,
forma,f368,7,u070851/u070858,,n000101/n000108,,,,,,m070851/m070858,
forma,f368,8,u070851/u070856,,n000101/n000106,,,,,,m070851/m070856,
forma,f368,9,u070851/u070857,,n000101/n000107,,,,,,m070851/m070857,
forma,f368,10,u070851/u070853,,n000101/n000103,,,,,,m070851/m070853,
forma,f368,11,u070851/u070854,,n000101/n000104,,,,,,m070851/m070854,
forma,f368,12,u070851/u070857,,n000101/n000107,,,,,,m070851/m070857,
forma,f368,13,u070851/u070857,,n000101/n000107,,,,,,m070851/m070857,
ropa,u070851_10,,f368,u070851/u070851_10,,n000101/n000101_10,DFC29AFF,626262FF,,,,m070801/m070801_10
forma,f369,0,u970891/u970891,,n000101/n000101,,,,,,m070851/m070851,
ropa,u070851_10_lsa,,f369,u070851/u070851_10,,n000101/n000101_10,,,,,,m070801/m070801_10
forma,f370,0,u970881/u970881,,n000101/n000101,,,,,,m070851/m070851,
forma,f370,4,u970881/u970885,,n000101/n000105,,,,,,m070851/m070855,
ropa,u070851_10_lse,,f370,u070851/u070851_10,,n000101/n000101_10,,,,,,m070801/m070801_10
ropa,u070851_20,,f368,u070851/u070851_20,,n000101/n000101_10,E0C074FF,43334EFF,,,,m070801/m070801_20
ropa,u070851_20_lsa,,f369,u070851/u070851_20,,n000101/n000101_10,,,,,,m070801/m070801_20
ropa,u070851_20_lse,,f370,u070851/u070851_20,,n000101/n000101_10,,,,,,m070801/m070801_20
ropa,u070901_10,,f76,u000201/u070901_10,,n000101/n000101_10,4D6378FF,000000FF,,sk000301/sk000301_10,,m000101/m070901_10
ropa,u070901_10_blyR,,f77,u000201/u070901_10,,n000101/n000101_10,,,,sk090301/sk090301_10,,m000101/m070901_10
ropa,u070901_10_lsa,,f78,u000201/u070901_10,,n000101/n000101_10,,,,sk002901/sk002901_10,,m000101/m070901_10
ropa,u070901_10_lse,,f79,u000201/u070901_10,,n000101/n000101_10,,,,sk002801/sk002801_10,,m000101/m070901_10
ropa,u070901_20,,f76,u000201/u070901_20,,n000101/n000101_10,DAECECFF,000000FF,,sk000301/sk000301_10,,m000101/m070901_20
ropa,u070901_20_blyR,,f77,u000201/u070901_20,,n000101/n000101_10,,,,sk090301/sk090301_10,,m000101/m070901_20
ropa,u070901_20_lsa,,f78,u000201/u070901_20,,n000101/n000101_10,,,,sk002901/sk002901_10,,m000101/m070901_20
ropa,u070901_20_lse,,f79,u000201/u070901_20,,n000101/n000101_10,,,,sk002801/sk002801_10,,m000101/m070901_20
ropa,u070951_10,,f33,u000201/u070951_10,,n000101/n000101_10,D1D5BCFF,575638FF,,sk000201/sk000201_10,,m000101/m070901_10
ropa,u070951_10_blyR,,f34,u000201/u070951_10,,n000101/n000101_10,,,,sk090201/sk090201_10,,m000101/m070901_10
ropa,u070951_10_lsa,,f35,u000201/u070951_10,,n000101/n000101_10,,,,sk000901/sk000901_10,,m000101/m070901_10
ropa,u070951_10_lse,,f36,u000201/u070951_10,,n000101/n000101_10,,,,sk000801/sk000801_10,,m000101/m070901_10
ropa,u070951_20,,f33,u000201/u070951_20,,n000101/n000101_10,F97558FF,513C5BFF,,sk000201/sk000201_10,,m000101/m070901_20
ropa,u070951_20_blyR,,f34,u000201/u070951_20,,n000101/n000101_10,,,,sk090201/sk090201_10,,m000101/m070901_20
ropa,u070951_20_lsa,,f35,u000201/u070951_20,,n000101/n000101_10,,,,sk000901/sk000901_10,,m000101/m070901_20
ropa,u070951_20_lse,,f36,u000201/u070951_20,,n000101/n000101_10,,,,sk000801/sk000801_10,,m000101/m070901_20
ropa,u071001_10,,f18,u000101/u071001_10,,n000101/n000101_10,444560FF,FEFEFEFF,,sk000101/sk000101_10,,m000101/m071001_10
ropa,u071001_10_blyR,,f19,u000101/u071001_10,,n000101/n000101_10,,,,sk090101/sk090101_10,,m000101/m071001_10
ropa,u071001_10_dam,,f20,u000101/u071001_10,,n000101/n000101_10,,,,sk000701/sk000701_10,,m000101/m071001_10
ropa,u071001_10_fld,,f22,u000101/u071001_10,,n000101/n000101_10,,,,sk000101/sk000101_10,,m000101/m071001_10
ropa,u071001_10_slv,,f23,u000101/u071001_10,,n000101/n000101_10,,,,sk000501/sk000501_10,,m000101/m071001_10
ropa,u071001_20,,f18,u000101/u071001_20,,n000101/n000101_10,796391FF,C9E2E7FF,,sk000101/sk000101_10,,m000101/m071001_20
ropa,u071001_20_blyR,,f19,u000101/u071001_20,,n000101/n000101_10,,,,sk090101/sk090101_10,,m000101/m071001_20
ropa,u071001_20_dam,,f20,u000101/u071001_20,,n000101/n000101_10,,,,sk000701/sk000701_10,,m000101/m071001_20
ropa,u071001_20_fld,,f22,u000101/u071001_20,,n000101/n000101_10,,,,sk000101/sk000101_10,,m000101/m071001_20
ropa,u071001_20_slv,,f23,u000101/u071001_20,,n000101/n000101_10,,,,sk000501/sk000501_10,,m000101/m071001_20
ropa,u071051_10,,f33,u000201/u071051_10,,n000101/n000101_10,46485FFF,FEFEFEFF,,sk000201/sk000201_10,,m000101/m071001_10
ropa,u071051_10_blyR,,f34,u000201/u071051_10,,n000101/n000101_10,,,,sk090201/sk090201_10,,m000101/m071001_10
ropa,u071051_10_lsa,,f35,u000201/u071051_10,,n000101/n000101_10,,,,sk000901/sk000901_10,,m000101/m071001_10
ropa,u071051_10_lse,,f36,u000201/u071051_10,,n000101/n000101_10,,,,sk000801/sk000801_10,,m000101/m071001_10
ropa,u071051_20,,f33,u000201/u071051_20,,n000101/n000101_10,FFFFFFFF,3E3E3EFF,,sk000201/sk000201_10,,m000101/m071001_20
ropa,u071051_20_blyR,,f34,u000201/u071051_20,,n000101/n000101_10,,,,sk090201/sk090201_10,,m000101/m071001_20
ropa,u071051_20_lsa,,f35,u000201/u071051_20,,n000101/n000101_10,,,,sk000901/sk000901_10,,m000101/m071001_20
ropa,u071051_20_lse,,f36,u000201/u071051_20,,n000101/n000101_10,,,,sk000801/sk000801_10,,m000101/m071001_20
ropa,u071101_10,,f217,u000101/u071101_10,,n031501/n031501_10,FFFFFFFF,49B337FF,,sk000101/sk000101_10,,m000101/m071101_10
ropa,u071101_10_blyR,,f218,u000101/u071101_10,,n031501/n031501_10,,,,sk090101/sk090101_10,,m000101/m071101_10
ropa,u071101_10_dam,,f219,u000101/u071101_10,,n031501/n031501_10,,,,sk000701/sk000701_10,,m000101/m071101_10
ropa,u071101_10_fld,,f220,u000101/u071101_10,,n031501/n031501_10,,,,sk000101/sk000101_10,,m000101/m071101_10
ropa,u071101_10_slv,,f221,u000101/u071101_10,,n031501/n031501_10,,,,sk000501/sk000501_10,,m000101/m071101_10
ropa,u071101_20,,f217,u000101/u071101_20,,n031501/n031501_10,FFFFFFFF,6C4647FF,,sk000101/sk000101_10,,m000101/m071101_20
ropa,u071101_20_blyR,,f218,u000101/u071101_20,,n031501/n031501_10,,,,sk090101/sk090101_10,,m000101/m071101_20
ropa,u071101_20_dam,,f219,u000101/u071101_20,,n031501/n031501_10,,,,sk000701/sk000701_10,,m000101/m071101_20
ropa,u071101_20_fld,,f220,u000101/u071101_20,,n031501/n031501_10,,,,sk000101/sk000101_10,,m000101/m071101_20
ropa,u071101_20_slv,,f221,u000101/u071101_20,,n031501/n031501_10,,,,sk000501/sk000501_10,,m000101/m071101_20
ropa,u071151_10,,f33,u000201/u071151_10,,n000101/n000101_10,1E6464FF,E49052FF,,sk000201/sk000201_10,,m000101/m071101_10
ropa,u071151_10_blyR,,f34,u000201/u071151_10,,n000101/n000101_10,,,,sk090201/sk090201_10,,m000101/m071101_10
ropa,u071151_10_lsa,,f35,u000201/u071151_10,,n000101/n000101_10,,,,sk000901/sk000901_10,,m000101/m071101_10
ropa,u071151_10_lse,,f36,u000201/u071151_10,,n000101/n000101_10,,,,sk000801/sk000801_10,,m000101/m071101_10
ropa,u071151_20,,f33,u000201/u071151_20,,n000101/n000101_10,FCFCFCFF,65D1B1FF,,sk000201/sk000201_10,,m000101/m071101_20
ropa,u071151_20_blyR,,f34,u000201/u071151_20,,n000101/n000101_10,,,,sk090201/sk090201_10,,m000101/m071101_20
ropa,u071151_20_lsa,,f35,u000201/u071151_20,,n000101/n000101_10,,,,sk000901/sk000901_10,,m000101/m071101_20
ropa,u071151_20_lse,,f36,u000201/u071151_20,,n000101/n000101_10,,,,sk000801/sk000801_10,,m000101/m071101_20
ropa,u071201_10,,f18,u000101/u071201_10,,n000101/n000101_10,5A2740FF,EDE6DEFF,,sk000101/sk000101_10,,m000101/m071201_10
ropa,u071201_10_blyR,,f19,u000101/u071201_10,,n000101/n000101_10,,,,sk090101/sk090101_10,,m000101/m071201_10
ropa,u071201_10_dam,,f20,u000101/u071201_10,,n000101/n000101_10,,,,sk000701/sk000701_10,,m000101/m071201_10
ropa,u071201_10_fld,,f22,u000101/u071201_10,,n000101/n000101_10,,,,sk000101/sk000101_10,,m000101/m071201_10
ropa,u071201_10_slv,,f23,u000101/u071201_10,,n000101/n000101_10,,,,sk000501/sk000501_10,,m000101/m071201_10
ropa,u071201_20,,f18,u000101/u071201_20,,n000101/n000101_10,EABD78FF,395F9CFF,,sk000101/sk000101_10,,m000101/m071201_20
ropa,u071201_20_blyR,,f19,u000101/u071201_20,,n000101/n000101_10,,,,sk090101/sk090101_10,,m000101/m071201_20
ropa,u071201_20_dam,,f20,u000101/u071201_20,,n000101/n000101_10,,,,sk000701/sk000701_10,,m000101/m071201_20
ropa,u071201_20_fld,,f22,u000101/u071201_20,,n000101/n000101_10,,,,sk000101/sk000101_10,,m000101/m071201_20
ropa,u071201_20_slv,,f23,u000101/u071201_20,,n000101/n000101_10,,,,sk000501/sk000501_10,,m000101/m071201_20
ropa,u071251_10,,f105,u001201/u071251_10,,n000101/n000101_10,E0E3D2FF,FB9555FF,,sk000201/sk000201_10,,m000101/m071201_10
ropa,u071251_10_blyR,,f106,u001201/u071251_10,,n000101/n000101_10,,,,sk090201/sk090201_10,,m000101/m071201_10
ropa,u071251_10_lsa,,f107,u001201/u071251_10,,n000101/n000101_10,,,,sk000901/sk000901_10,,m000101/m071201_10
ropa,u071251_10_lse,,f108,u001201/u071251_10,,n000101/n000101_10,,,,sk000801/sk000801_10,,m000101/m071201_10
ropa,u071251_20,,f105,u001201/u071251_20,,n000101/n000101_10,4E504AFF,EDDA59FF,,sk000201/sk000201_10,,m000101/m071201_20
ropa,u071251_20_blyR,,f106,u001201/u071251_20,,n000101/n000101_10,,,,sk090201/sk090201_10,,m000101/m071201_20
ropa,u071251_20_lsa,,f107,u001201/u071251_20,,n000101/n000101_10,,,,sk000901/sk000901_10,,m000101/m071201_20
ropa,u071251_20_lse,,f108,u001201/u071251_20,,n000101/n000101_10,,,,sk000801/sk000801_10,,m000101/m071201_20
ropa,u071301_10,,f18,u000101/u071301_10,,n000101/n000101_10,,,,sk000101/sk000101_10,,m000101/m070101_10
ropa,u071301_10_blyR,,f19,u000101/u071301_10,,n000101/n000101_10,,,,sk090101/sk090101_10,,m000101/m070101_10
ropa,u071301_10_dam,,f20,u000101/u071301_10,,n000101/n000101_10,,,,sk000701/sk000701_10,,m000101/m070101_10
ropa,u071301_10_fld,,f22,u000101/u071301_10,,n000101/n000101_10,,,,sk000101/sk000101_10,,m000101/m070101_10
ropa,u071301_10_slv,,f23,u000101/u071301_10,,n000101/n000101_10,,,,sk000501/sk000501_10,,m000101/m070101_10
ropa,u071301_20,,f18,u000101/u071301_20,,n000101/n000101_10,,,,sk000101/sk000101_10,,m000101/m070101_20
ropa,u071301_20_blyR,,f19,u000101/u071301_20,,n000101/n000101_10,,,,sk090101/sk090101_10,,m000101/m070101_20
ropa,u071301_20_dam,,f20,u000101/u071301_20,,n000101/n000101_10,,,,sk000701/sk000701_10,,m000101/m070101_20
ropa,u071301_20_fld,,f22,u000101/u071301_20,,n000101/n000101_10,,,,sk000101/sk000101_10,,m000101/m070101_20
ropa,u071301_20_slv,,f23,u000101/u071301_20,,n000101/n000101_10,,,,sk000501/sk000501_10,,m000101/m070101_20
ropa,u071351_10,,f33,u000201/u071351_10,,n000101/n000101_10,,,,sk000201/sk000201_10,,m000101/m070101_10
ropa,u071351_10_blyR,,f34,u000201/u071351_10,,n000101/n000101_10,,,,sk090201/sk090201_10,,m000101/m070101_10
ropa,u071351_10_lsa,,f35,u000201/u071351_10,,n000101/n000101_10,,,,sk000901/sk000901_10,,m000101/m070101_10
ropa,u071351_10_lse,,f36,u000201/u071351_10,,n000101/n000101_10,,,,sk000801/sk000801_10,,m000101/m070101_10
ropa,u071351_20,,f33,u000201/u071351_20,,n000101/n000101_10,,,,sk000201/sk000201_10,,m000101/m070101_20
ropa,u071351_20_blyR,,f34,u000201/u071351_20,,n000101/n000101_10,,,,sk090201/sk090201_10,,m000101/m070101_20
ropa,u071351_20_lsa,,f35,u000201/u071351_20,,n000101/n000101_10,,,,sk000901/sk000901_10,,m000101/m070101_20
ropa,u071351_20_lse,,f36,u000201/u071351_20,,n000101/n000101_10,,,,sk000801/sk000801_10,,m000101/m070101_20
ropa,u071601_10,,f100,u001101/u071601_10,,n000101/n000101_10,232323FF,FFFFFFFF,,sk000101/sk000101_10,,m000101/m071601_10
ropa,u071601_10_blyR,,f101,u001101/u071601_10,,n000101/n000101_10,,,,sk090101/sk090101_10,,m000101/m071601_10
ropa,u071601_10_dam,,f102,u001101/u071601_10,,n000101/n000101_10,,,,sk000701/sk000701_10,,m000101/m071601_10
ropa,u071601_10_fld,,f103,u001101/u071601_10,,n000101/n000101_10,,,,sk000101/sk000101_10,,m000101/m071601_10
ropa,u071601_10_slv,,f104,u001101/u071601_10,,n000101/n000101_10,,,,sk000501/sk000501_10,,m000101/m071601_10
ropa,u071601_20,,f100,u001101/u071601_20,,n000101/n000101_10,232323FF,FFFFFFFF,,sk000101/sk000101_10,,m000101/m071601_20
ropa,u071601_20_blyR,,f101,u001101/u071601_20,,n000101/n000101_10,,,,sk090101/sk090101_10,,m000101/m071601_20
ropa,u071601_20_dam,,f102,u001101/u071601_20,,n000101/n000101_10,,,,sk000701/sk000701_10,,m000101/m071601_20
ropa,u071601_20_fld,,f103,u001101/u071601_20,,n000101/n000101_10,,,,sk000101/sk000101_10,,m000101/m071601_20
ropa,u071601_20_slv,,f104,u001101/u071601_20,,n000101/n000101_10,,,,sk000501/sk000501_10,,m000101/m071601_20
ropa,u071651_10,,f105,u001201/u071651_10,,n000101/n000101_10,EFEFEFFF,000000FF,,sk000201/sk000201_10,,m000101/m071601_10
ropa,u071651_10_blyR,,f106,u001201/u071651_10,,n000101/n000101_10,,,,sk090201/sk090201_10,,m000101/m071601_10
ropa,u071651_10_lsa,,f107,u001201/u071651_10,,n000101/n000101_10,,,,sk000901/sk000901_10,,m000101/m071601_10
ropa,u071651_10_lse,,f108,u001201/u071651_10,,n000101/n000101_10,,,,sk000801/sk000801_10,,m000101/m071601_10
ropa,u071651_20,,f105,u001201/u071651_20,,n000101/n000101_10,232323FF,FFFFFFFF,,sk000201/sk000201_10,,m000101/m071601_20
ropa,u071651_20_blyR,,f106,u001201/u071651_20,,n000101/n000101_10,,,,sk090201/sk090201_10,,m000101/m071601_20
ropa,u071651_20_lsa,,f107,u001201/u071651_20,,n000101/n000101_10,,,,sk000901/sk000901_10,,m000101/m071601_20
ropa,u071651_20_lse,,f108,u001201/u071651_20,,n000101/n000101_10,,,,sk000801/sk000801_10,,m000101/m071601_20
ropa,u071701_10,,f100,u001101/u071701_10,,n000101/n000101_10,FFFFFFFF,3D7133FF,,sk000101/sk000101_10,,m000101/m071701_10
ropa,u071701_10_blyR,,f101,u001101/u071701_10,,n000101/n000101_10,,,,sk090101/sk090101_10,,m000101/m071701_10
ropa,u071701_10_dam,,f102,u001101/u071701_10,,n000101/n000101_10,,,,sk000701/sk000701_10,,m000101/m071701_10
ropa,u071701_10_fld,,f103,u001101/u071701_10,,n000101/n000101_10,,,,sk000101/sk000101_10,,m000101/m071701_10
ropa,u071701_10_slv,,f104,u001101/u071701_10,,n000101/n000101_10,,,,sk000501/sk000501_10,,m000101/m071701_10
ropa,u071701_20,,f100,u001101/u071701_20,,n000101/n000101_10,FFFFFFFF,63A953FF,,sk000101/sk000101_10,,m000101/m071701_20
ropa,u071701_20_blyR,,f101,u001101/u071701_20,,n000101/n000101_10,,,,sk090101/sk090101_10,,m000101/m071701_20
ropa,u071701_20_dam,,f102,u001101/u071701_20,,n000101/n000101_10,,,,sk000701/sk000701_10,,m000101/m071701_20
ropa,u071701_20_fld,,f103,u001101/u071701_20,,n000101/n000101_10,,,,sk000101/sk000101_10,,m000101/m071701_20
ropa,u071701_20_slv,,f104,u001101/u071701_20,,n000101/n000101_10,,,,sk000501/sk000501_10,,m000101/m071701_20
ropa,u071751_10,,f105,u001201/u071751_10,,n000101/n000101_10,505050FF,B9B9B9FF,,sk000201/sk000201_10,,m000101/m071701_10
ropa,u071751_10_blyR,,f106,u001201/u071751_10,,n000101/n000101_10,,,,sk090201/sk090201_10,,m000101/m071701_10
ropa,u071751_10_lsa,,f107,u001201/u071751_10,,n000101/n000101_10,,,,sk000901/sk000901_10,,m000101/m071701_10
ropa,u071751_10_lse,,f108,u001201/u071751_10,,n000101/n000101_10,,,,sk000801/sk000801_10,,m000101/m071701_10
ropa,u071751_20,,f105,u001201/u071751_20,,n000101/n000101_10,FFFFFFFF,D45C44FF,,sk000201/sk000201_10,,m000101/m071701_20
ropa,u071751_20_blyR,,f106,u001201/u071751_20,,n000101/n000101_10,,,,sk090201/sk090201_10,,m000101/m071701_20
ropa,u071751_20_lsa,,f107,u001201/u071751_20,,n000101/n000101_10,,,,sk000901/sk000901_10,,m000101/m071701_20
ropa,u071751_20_lse,,f108,u001201/u071751_20,,n000101/n000101_10,,,,sk000801/sk000801_10,,m000101/m071701_20
forma,f371,1,u075301/u075302,,,,,,sk000301/sk000302,,,
ropa,u075301_10,,f371,u075301/u075301_11,,,,,,sk000301/sk000301_10,,
ropa,u075401_10,,f187,u005101/u075401_10,,,,,,sk000301/sk000301_10,,
ropa,u075501_10,,f187,u005101/u075501_10,,,,,,sk000301/sk000301_10,,
ropa,u075601_10,,f187,u005101/u075601_10,,,,,,sk000301/sk000301_10,,
ropa,u080101_10,,f18,u000101/u080101_10,,n000101/n000101_10,FFFFFFFF,2345A9FF,,sk000101/sk000101_10,,m000101/m080101_10
ropa,u080101_10_blyR,,f19,u000101/u080101_10,,n000101/n000101_10,,,,sk090101/sk090101_10,,m000101/m080101_10
ropa,u080101_10_dam,,f20,u000101/u080101_10,,n000101/n000101_10,,,,sk000701/sk000701_10,,m000101/m080101_10
ropa,u080101_10_fld,,f22,u000101/u080101_10,,n000101/n000101_10,,,,sk000101/sk000101_10,,m000101/m080101_10
ropa,u080101_10_slv,,f23,u000101/u080101_10,,n000101/n000101_10,,,,sk000501/sk000501_10,,m000101/m080101_10
ropa,u080101_20,,f18,u000101/u080101_20,,n000101/n000101_10,333987FF,FBFAFFFF,,sk000101/sk000101_10,,m000101/m080101_20
ropa,u080101_20_blyR,,f19,u000101/u080101_20,,n000101/n000101_10,,,,sk090101/sk090101_10,,m000101/m080101_20
ropa,u080101_20_dam,,f20,u000101/u080101_20,,n000101/n000101_10,,,,sk000701/sk000701_10,,m000101/m080101_20
ropa,u080101_20_fld,,f22,u000101/u080101_20,,n000101/n000101_10,,,,sk000101/sk000101_10,,m000101/m080101_20
ropa,u080101_20_slv,,f23,u000101/u080101_20,,n000101/n000101_10,,,,sk000501/sk000501_10,,m000101/m080101_20
ropa,u080151_10,,f33,u000201/u080151_10,,n000101/n000101_10,484349FF,ED6B37FF,,sk000201/sk000201_10,,m000101/m080101_10
ropa,u080151_10_blyR,,f34,u000201/u080151_10,,n000101/n000101_10,,,,sk090201/sk090201_10,,m000101/m080101_10
ropa,u080151_10_lsa,,f35,u000201/u080151_10,,n000101/n000101_10,,,,sk000901/sk000901_10,,m000101/m080101_10
ropa,u080151_10_lse,,f36,u000201/u080151_10,,n000101/n000101_10,,,,sk000801/sk000801_10,,m000101/m080101_10
ropa,u080151_20,,f33,u000201/u080151_20,,n000101/n000101_10,FFFFFFFF,59A90AFF,,sk000201/sk000201_10,,m000101/m080101_20
ropa,u080151_20_blyR,,f34,u000201/u080151_20,,n000101/n000101_10,,,,sk090201/sk090201_10,,m000101/m080101_20
ropa,u080151_20_lsa,,f35,u000201/u080151_20,,n000101/n000101_10,,,,sk000901/sk000901_10,,m000101/m080101_20
ropa,u080151_20_lse,,f36,u000201/u080151_20,,n000101/n000101_10,,,,sk000801/sk000801_10,,m000101/m080101_20
forma,f372,0,u080201/u080201,,n000101/n000101,,,,sk000101/sk000101,,m000101/m000101,
forma,f372,1,u080201/u080202,,n000101/n000102,,,,sk000101/sk000102,,m000101/m000102,
forma,f372,2,u080201/u080203,,n000101/n000103,,,,sk000101/sk000103,,m000101/m000103,
forma,f372,3,u080201/u080204,,n000101/n000104,,,,sk000101/sk000104,,m000101/m000104,
forma,f372,4,u080201/u080205,,n000101/n000105,,,,sk000101/sk000105,,m000101/m000105,
forma,f372,5,u080201/u080206,,n000101/n000106,,,,sk000101/sk000106,,m000101/m000106,
forma,f372,6,u080201/u080207,,n000101/n000107,,,,sk000101/sk000107,,m000101/m000107,
forma,f372,7,u080201/u080208,,n000101/n000108,,,,sk000101/sk000108,,m000101/m000108,
forma,f372,8,u080201/u080206,,n000101/n000106,,,,sk000101/sk000109,,m000101/m000106,
forma,f372,9,u080201/u080207,,n000101/n000107,,,,sk000101/sk000110,,m000101/m000107,
forma,f372,10,u080201/u080203,,n000101/n000103,,,,sk000101/sk000103,,m000101/m000103,
forma,f372,11,u080201/u080204,,n000101/n000104,,,,sk000101/sk000104,,m000101/m000104,
forma,f372,12,u080201/u080207,,n000101/n000107,,,,sk000101/sk000107,,m000101/m000107,
forma,f372,13,u080201/u080207,,n000101/n000107,,,,sk000101/sk000110,,m000101/m000107,
ropa,u080201_10,,f372,u080201/u080201_10,,n000101/n000101_10,FFFFFFFF,DF002CFF,,sk000101/sk000101_10,,m000101/m080201_10
forma,f373,1,u080241/u080242,,n000101/n000102,,,,sk090101/sk090102,,m000101/m000102,
ropa,u080201_10_blyR,,f373,u080201/u080201_10,,n000101/n000101_10,,,,sk090101/sk090101_10,,m000101/m080201_10
forma,f374,6,u980221/u980227,,n000101/n000107,,,,sk000701/sk000707,,m000101/m000107,
ropa,u080201_10_dam,,f374,u080201/u080201_10,,n000101/n000101_10,,,,sk000701/sk000701_10,,m000101/m080201_10
forma,f375,0,u980211/u980211,,n000101/n000101,,,,sk000101/sk000101,,m090151/m090151,
ropa,u080201_10_fld,,f375,u080201/u080201_10,,n000101/n000101_10,,,,sk000101/sk000101_10,,m000101/m080201_10
forma,f376,0,u080211/u080211,,n000101/n000101,,,,sk000501/sk000501,,m000101/m000101,
forma,f376,5,u080211/u080216,,n000101/n000106,,,,sk000501/sk000506,,m000101/m000106,
ropa,u080201_10_slv,,f376,u080201/u080201_10,,n000101/n000101_10,,,,sk000501/sk000501_10,,m000101/m080201_10
ropa,u080201_20,,f372,u080201/u080201_20,,n000101/n000101_10,309545FF,FFFFFFFF,,sk000101/sk000101_10,,m000101/m080201_20
ropa,u080201_20_blyR,,f373,u080201/u080201_20,,n000101/n000101_10,,,,sk090101/sk090101_10,,m000101/m080201_20
ropa,u080201_20_dam,,f374,u080201/u080201_20,,n000101/n000101_10,,,,sk000701/sk000701_10,,m000101/m080201_20
ropa,u080201_20_fld,,f375,u080201/u080201_20,,n000101/n000101_10,,,,sk000101/sk000101_10,,m000101/m080201_20
ropa,u080201_20_slv,,f376,u080201/u080201_20,,n000101/n000101_10,,,,sk000501/sk000501_10,,m000101/m080201_20
forma,f377,0,u080251/u080251,,n000101/n000101,,,,sk000201/sk000201,,m000201/m000201,
forma,f377,1,u080251/u080252,,n000101/n000102,,,,sk000201/sk000202,,m000201/m000202,
forma,f377,2,u080251/u080253,,n000101/n000103,,,,sk000201/sk000203,,m000201/m000203,
forma,f377,3,u080251/u080254,,n000101/n000104,,,,sk000201/sk000204,,m000201/m000204,
forma,f377,4,u080251/u080255,,n000101/n000105,,,,sk000201/sk000205,,m000201/m000205,
forma,f377,5,u080251/u080256,,n000101/n000106,,,,sk000201/sk000206,,m000201/m000206,
forma,f377,6,u080251/u080257,,n000101/n000107,,,,sk000201/sk000207,,m000201/m000207,
forma,f377,7,u080251/u080258,,n000101/n000108,,,,sk000201/sk000208,,m000201/m000208,
forma,f377,8,u080251/u080256,,n000101/n000106,,,,sk000201/sk000209,,m000201/m000206,
forma,f377,9,u080251/u080257,,n000101/n000107,,,,sk000201/sk000210,,m000201/m000207,
forma,f377,10,u080251/u080253,,n000101/n000103,,,,sk000201/sk000203,,m000201/m000203,
forma,f377,11,u080251/u080254,,n000101/n000104,,,,sk000201/sk000204,,m000201/m000204,
forma,f377,12,u080251/u080257,,n000101/n000107,,,,sk000201/sk000207,,m000201/m000207,
forma,f377,13,u080251/u080257,,n000101/n000107,,,,sk000201/sk000210,,m000201/m000207,
ropa,u080251_10,,f377,u080251/u080251_10,,n000101/n000101_10,FFFFFFFF,000000FF,,sk000201/sk000201_10,,m000101/m080201_10
forma,f378,1,u080291/u080292,,n000101/n000102,,,,sk090201/sk090202,,m000201/m000202,
ropa,u080251_10_blyR,,f378,u080251/u080251_10,,n000101/n000101_10,,,,sk090201/sk090201_10,,m000101/m080201_10
forma,f379,0,u980291/u980291,,n000101/n000101,,,,sk000901/sk000901,,m000201/m000201,
ropa,u080251_10_lsa,,f379,u080251/u080251_10,,n000101/n000101_10,,,,sk000901/sk000901_10,,m000101/m080201_10
forma,f380,0,u980281/u980281,,n000101/n000101,,,,sk000801/sk000801,,m000201/m000201,
forma,f380,4,u980281/u980285,,n000101/n000105,,,,sk000801/sk000805,,m000201/m000205,
ropa,u080251_10_lse,,f380,u080251/u080251_10,,n000101/n000101_10,,,,sk000801/sk000801_10,,m000101/m080201_10
ropa,u080251_20,,f377,u080251/u080251_20,,n000101/n000101_10,E28907FF,154279FF,,sk000201/sk000201_10,,m000101/m080201_20
ropa,u080251_20_blyR,,f378,u080251/u080251_20,,n000101/n000101_10,,,,sk090201/sk090201_10,,m000101/m080201_20
ropa,u080251_20_lsa,,f379,u080251/u080251_20,,n000101/n000101_10,,,,sk000901/sk000901_10,,m000101/m080201_20
ropa,u080251_20_lse,,f380,u080251/u080251_20,,n000101/n000101_10,,,,sk000801/sk000801_10,,m000101/m080201_20
ropa,u080301_10,,f100,u001101/u080301_10,,n000101/n000101_10,F0DB42FF,272E62FF,,sk000101/sk000101_10,,m000101/m080301_10
ropa,u080301_10_blyR,,f101,u001101/u080301_10,,n000101/n000101_10,,,,sk090101/sk090101_10,,m000101/m080301_10
ropa,u080301_10_dam,,f102,u001101/u080301_10,,n000101/n000101_10,,,,sk000701/sk000701_10,,m000101/m080301_10
ropa,u080301_10_fld,,f103,u001101/u080301_10,,n000101/n000101_10,,,,sk000101/sk000101_10,,m000101/m080301_10
ropa,u080301_10_slv,,f104,u001101/u080301_10,,n000101/n000101_10,,,,sk000501/sk000501_10,,m000101/m080301_10
ropa,u080301_20,,f100,u001101/u080301_20,,n000101/n000101_10,C1A424FF,F1F5F4FF,,sk000101/sk000101_10,,m000101/m080301_20
ropa,u080301_20_blyR,,f101,u001101/u080301_20,,n000101/n000101_10,,,,sk090101/sk090101_10,,m000101/m080301_20
ropa,u080301_20_dam,,f102,u001101/u080301_20,,n000101/n000101_10,,,,sk000701/sk000701_10,,m000101/m080301_20
ropa,u080301_20_fld,,f103,u001101/u080301_20,,n000101/n000101_10,,,,sk000101/sk000101_10,,m000101/m080301_20
ropa,u080301_20_slv,,f104,u001101/u080301_20,,n000101/n000101_10,,,,sk000501/sk000501_10,,m000101/m080301_20
ropa,u080351_10,,f105,u001201/u080351_10,,n000101/n000101_10,D14D26FF,1C171BFF,,sk000201/sk000201_10,,m000101/m080301_10
ropa,u080351_10_blyR,,f106,u001201/u080351_10,,n000101/n000101_10,,,,sk090201/sk090201_10,,m000101/m080301_10
ropa,u080351_10_lsa,,f107,u001201/u080351_10,,n000101/n000101_10,,,,sk000901/sk000901_10,,m000101/m080301_10
ropa,u080351_10_lse,,f108,u001201/u080351_10,,n000101/n000101_10,,,,sk000801/sk000801_10,,m000101/m080301_10
ropa,u080351_20,,f105,u001201/u080351_20,,n000101/n000101_10,E9C82FFF,3E302FFF,,sk000201/sk000201_10,,m000101/m080301_20
ropa,u080351_20_blyR,,f106,u001201/u080351_20,,n000101/n000101_10,,,,sk090201/sk090201_10,,m000101/m080301_20
ropa,u080351_20_lsa,,f107,u001201/u080351_20,,n000101/n000101_10,,,,sk000901/sk000901_10,,m000101/m080301_20
ropa,u080351_20_lse,,f108,u001201/u080351_20,,n000101/n000101_10,,,,sk000801/sk000801_10,,m000101/m080301_20
ropa,u080401_10,,f47,u002101/u080401_10,,n000101/n000101_10,EEEFDDFF,266074FF,,sk000101/sk000101_10,,m000101/m080401_10
ropa,u080401_10_blyR,,f48,u002101/u080401_10,,n000101/n000101_10,,,,sk090101/sk090101_10,,m000101/m080401_10
ropa,u080401_10_dam,,f49,u002101/u080401_10,,n000101/n000101_10,,,,sk000701/sk000701_10,,m000101/m080401_10
ropa,u080401_10_fld,,f50,u002101/u080401_10,,n000101/n000101_10,,,,sk000101/sk000101_10,,m000101/m080401_10
ropa,u080401_10_slv,,f51,u002101/u080401_10,,n000101/n000101_10,,,,sk000501/sk000501_10,,m000101/m080401_10
ropa,u080401_20,,f47,u002101/u080401_20,,n000101/n000101_10,292059FF,54D6D4FF,,sk000101/sk000101_10,,m000101/m080401_20
ropa,u080401_20_blyR,,f48,u002101/u080401_20,,n000101/n000101_10,,,,sk090101/sk090101_10,,m000101/m080401_20
ropa,u080401_20_dam,,f49,u002101/u080401_20,,n000101/n000101_10,,,,sk000701/sk000701_10,,m000101/m080401_20
ropa,u080401_20_fld,,f50,u002101/u080401_20,,n000101/n000101_10,,,,sk000101/sk000101_10,,m000101/m080401_20
ropa,u080401_20_slv,,f51,u002101/u080401_20,,n000101/n000101_10,,,,sk000501/sk000501_10,,m000101/m080401_20
ropa,u080451_10,,f105,u001201/u080451_10,,n000101/n000101_10,8C6E30FF,D5D243FF,,sk000201/sk000201_10,,m000101/m080401_10
ropa,u080451_10_blyR,,f106,u001201/u080451_10,,n000101/n000101_10,,,,sk090201/sk090201_10,,m000101/m080401_10
ropa,u080451_10_lsa,,f107,u001201/u080451_10,,n000101/n000101_10,,,,sk000901/sk000901_10,,m000101/m080401_10
ropa,u080451_10_lse,,f108,u001201/u080451_10,,n000101/n000101_10,,,,sk000801/sk000801_10,,m000101/m080401_10
ropa,u080451_20,,f105,u001201/u080451_20,,n000101/n000101_10,EEEFDDFF,F79F35FF,,sk000201/sk000201_10,,m000101/m080401_20
ropa,u080451_20_blyR,,f106,u001201/u080451_20,,n000101/n000101_10,,,,sk090201/sk090201_10,,m000101/m080401_20
ropa,u080451_20_lsa,,f107,u001201/u080451_20,,n000101/n000101_10,,,,sk000901/sk000901_10,,m000101/m080401_20
ropa,u080451_20_lse,,f108,u001201/u080451_20,,n000101/n000101_10,,,,sk000801/sk000801_10,,m000101/m080401_20
ropa,u080501_10,,f100,u001101/u080501_10,,n000101/n000101_10,61ABB0FF,000000FF,,sk000101/sk000101_10,,m000101/m080501_10
ropa,u080501_10_blyR,,f101,u001101/u080501_10,,n000101/n000101_10,,,,sk090101/sk090101_10,,m000101/m080501_10
ropa,u080501_10_dam,,f102,u001101/u080501_10,,n000101/n000101_10,,,,sk000701/sk000701_10,,m000101/m080501_10
ropa,u080501_10_fld,,f103,u001101/u080501_10,,n000101/n000101_10,,,,sk000101/sk000101_10,,m000101/m080501_10
ropa,u080501_10_slv,,f104,u001101/u080501_10,,n000101/n000101_10,,,,sk000501/sk000501_10,,m000101/m080501_10
ropa,u080501_20,,f100,u001101/u080501_20,,n000101/n000101_10,2A2220FF,000000FF,,sk000101/sk000101_10,,m000101/m080501_20
ropa,u080501_20_blyR,,f101,u001101/u080501_20,,n000101/n000101_10,,,,sk090101/sk090101_10,,m000101/m080501_20
ropa,u080501_20_dam,,f102,u001101/u080501_20,,n000101/n000101_10,,,,sk000701/sk000701_10,,m000101/m080501_20
ropa,u080501_20_fld,,f103,u001101/u080501_20,,n000101/n000101_10,,,,sk000101/sk000101_10,,m000101/m080501_20
ropa,u080501_20_slv,,f104,u001101/u080501_20,,n000101/n000101_10,,,,sk000501/sk000501_10,,m000101/m080501_20
ropa,u080551_10,,f105,u001201/u080551_10,,n000101/n000101_10,DEEBEAFF,000000FF,,sk000201/sk000201_10,,m000101/m080501_10
ropa,u080551_10_blyR,,f106,u001201/u080551_10,,n000101/n000101_10,,,,sk090201/sk090201_10,,m000101/m080501_10
ropa,u080551_10_lsa,,f107,u001201/u080551_10,,n000101/n000101_10,,,,sk000901/sk000901_10,,m000101/m080501_10
ropa,u080551_10_lse,,f108,u001201/u080551_10,,n000101/n000101_10,,,,sk000801/sk000801_10,,m000101/m080501_10
ropa,u080551_20,,f105,u001201/u080551_20,,n000101/n000101_10,2D2E28FF,000000FF,,sk000201/sk000201_10,,m000101/m080501_20
ropa,u080551_20_blyR,,f106,u001201/u080551_20,,n000101/n000101_10,,,,sk090201/sk090201_10,,m000101/m080501_20
ropa,u080551_20_lsa,,f107,u001201/u080551_20,,n000101/n000101_10,,,,sk000901/sk000901_10,,m000101/m080501_20
ropa,u080551_20_lse,,f108,u001201/u080551_20,,n000101/n000101_10,,,,sk000801/sk000801_10,,m000101/m080501_20
ropa,u080601_10,,f190,u004101/u080601_10,,n000101/n000101_10,3A3A3AFF,E3E3E3FF,,sk000101/sk000101_10,,m000101/m080601_10
ropa,u080601_10_blyR,,f191,u004101/u080601_10,,n000101/n000101_10,,,,sk090101/sk090101_10,,m000101/m080601_10
ropa,u080601_10_dam,,f192,u004101/u080601_10,,n000101/n000101_10,,,,sk000701/sk000701_10,,m000101/m080601_10
ropa,u080601_10_fld,,f193,u004101/u080601_10,,n000101/n000101_10,,,,sk000101/sk000101_10,,m000101/m080601_10
ropa,u080601_10_slv,,f194,u004101/u080601_10,,n000101/n000101_10,,,,sk000501/sk000501_10,,m000101/m080601_10
ropa,u080601_20,,f190,u004101/u080601_20,,n000101/n000101_10,FFFFFFFF,3378A9FF,,sk000101/sk000101_10,,m000101/m080601_10
ropa,u080601_20_blyR,,f191,u004101/u080601_20,,n000101/n000101_10,,,,sk090101/sk090101_10,,m000101/m080601_10
ropa,u080601_20_dam,,f192,u004101/u080601_20,,n000101/n000101_10,,,,sk000701/sk000701_10,,m000101/m080601_10
ropa,u080601_20_fld,,f193,u004101/u080601_20,,n000101/n000101_10,,,,sk000101/sk000101_10,,m000101/m080601_10
ropa,u080601_20_slv,,f194,u004101/u080601_20,,n000101/n000101_10,,,,sk000501/sk000501_10,,m000101/m080601_10
ropa,u080651_10,,f195,u004201/u080651_10,,n000101/n000101_10,FDF4E9FF,000000FF,,sk000201/sk000201_10,,m000101/m080601_10
ropa,u080651_10_blyR,,f196,u004201/u080651_10,,n000101/n000101_10,,,,sk090201/sk090201_10,,m000101/m080601_10
ropa,u080651_10_lsa,,f197,u004201/u080651_10,,n000101/n000101_10,,,,sk000901/sk000901_10,,m000101/m080601_10
ropa,u080651_10_lse,,f198,u004201/u080651_10,,n000101/n000101_10,,,,sk000801/sk000801_10,,m000101/m080601_10
ropa,u080651_20,,f195,u004201/u080651_20,,n000101/n000101_10,FFFFFFFF,000000FF,,sk000201/sk000201_10,,m000101/m080601_10
ropa,u080651_20_blyR,,f196,u004201/u080651_20,,n000101/n000101_10,,,,sk090201/sk090201_10,,m000101/m080601_10
ropa,u080651_20_lsa,,f197,u004201/u080651_20,,n000101/n000101_10,,,,sk000901/sk000901_10,,m000101/m080601_10
ropa,u080651_20_lse,,f198,u004201/u080651_20,,n000101/n000101_10,,,,sk000801/sk000801_10,,m000101/m080601_10
ropa,u080701_10,,f100,u001101/u080701_10,,n000101/n000101_10,F9F6EDFF,222222FF,,sk000101/sk000101_10,,m000101/m080701_10
ropa,u080701_10_blyR,,f101,u001101/u080701_10,,n000101/n000101_10,,,,sk090101/sk090101_10,,m000101/m080701_10
ropa,u080701_10_dam,,f102,u001101/u080701_10,,n000101/n000101_10,,,,sk000701/sk000701_10,,m000101/m080701_10
ropa,u080701_10_fld,,f103,u001101/u080701_10,,n000101/n000101_10,,,,sk000101/sk000101_10,,m000101/m080701_10
ropa,u080701_10_slv,,f104,u001101/u080701_10,,n000101/n000101_10,,,,sk000501/sk000501_10,,m000101/m080701_10
ropa,u080701_20,,f100,u001101/u080701_20,,n000101/n000101_10,83B224FF,03445AFF,,sk000101/sk000101_10,,m000101/m080701_20
ropa,u080701_20_blyR,,f101,u001101/u080701_20,,n000101/n000101_10,,,,sk090101/sk090101_10,,m000101/m080701_20
ropa,u080701_20_dam,,f102,u001101/u080701_20,,n000101/n000101_10,,,,sk000701/sk000701_10,,m000101/m080701_20
ropa,u080701_20_fld,,f103,u001101/u080701_20,,n000101/n000101_10,,,,sk000101/sk000101_10,,m000101/m080701_20
ropa,u080701_20_slv,,f104,u001101/u080701_20,,n000101/n000101_10,,,,sk000501/sk000501_10,,m000101/m080701_20
ropa,u080751_10,,f105,u001201/u080751_10,,n000101/n000101_10,FFFFFFFF,243795FF,,sk000201/sk000201_10,,m000101/m080701_10
ropa,u080751_10_blyR,,f106,u001201/u080751_10,,n000101/n000101_10,,,,sk090201/sk090201_10,,m000101/m080701_10
ropa,u080751_10_lsa,,f107,u001201/u080751_10,,n000101/n000101_10,,,,sk000901/sk000901_10,,m000101/m080701_10
ropa,u080751_10_lse,,f108,u001201/u080751_10,,n000101/n000101_10,,,,sk000801/sk000801_10,,m000101/m080701_10
ropa,u080751_20,,f105,u001201/u080751_20,,n000101/n000101_10,FFFFFFFF,DBA112FF,,sk000201/sk000201_10,,m000101/m080701_20
ropa,u080751_20_blyR,,f106,u001201/u080751_20,,n000101/n000101_10,,,,sk090201/sk090201_10,,m000101/m080701_20
ropa,u080751_20_lsa,,f107,u001201/u080751_20,,n000101/n000101_10,,,,sk000901/sk000901_10,,m000101/m080701_20
ropa,u080751_20_lse,,f108,u001201/u080751_20,,n000101/n000101_10,,,,sk000801/sk000801_10,,m000101/m080701_20
ropa,u080801_10,,f47,u002101/u080801_10,,n000101/n000101_10,DDDFEBFF,6F7075FF,,sk000101/sk000101_10,,m000101/m080801_10
ropa,u080801_10_blyR,,f48,u002101/u080801_10,,n000101/n000101_10,,,,sk090101/sk090101_10,,m000101/m080801_10
ropa,u080801_10_dam,,f49,u002101/u080801_10,,n000101/n000101_10,,,,sk000701/sk000701_10,,m000101/m080801_10
ropa,u080801_10_fld,,f50,u002101/u080801_10,,n000101/n000101_10,,,,sk000101/sk000101_10,,m000101/m080801_10
ropa,u080801_10_slv,,f51,u002101/u080801_10,,n000101/n000101_10,,,,sk000501/sk000501_10,,m000101/m080801_10
ropa,u080801_20,,f47,u002101/u080801_20,,n000101/n000101_10,474284FF,FFFFFFFF,,sk000101/sk000101_10,,m000101/m080801_20
ropa,u080801_20_blyR,,f48,u002101/u080801_20,,n000101/n000101_10,,,,sk090101/sk090101_10,,m000101/m080801_20
ropa,u080801_20_dam,,f49,u002101/u080801_20,,n000101/n000101_10,,,,sk000701/sk000701_10,,m000101/m080801_20
ropa,u080801_20_fld,,f50,u002101/u080801_20,,n000101/n000101_10,,,,sk000101/sk000101_10,,m000101/m080801_20
ropa,u080801_20_slv,,f51,u002101/u080801_20,,n000101/n000101_10,,,,sk000501/sk000501_10,,m000101/m080801_20
ropa,u080851_10,,f88,u002201/u080851_10,,n000101/n000101_10,6588FFFF,0B232FFF,,sk000201/sk000201_10,,m000101/m080801_10
ropa,u080851_10_blyR,,f89,u002201/u080851_10,,n000101/n000101_10,,,,sk090201/sk090201_10,,m000101/m080801_10
ropa,u080851_10_lsa,,f90,u002201/u080851_10,,n000101/n000101_10,,,,sk000901/sk000901_10,,m000101/m080801_10
ropa,u080851_10_lse,,f91,u002201/u080851_10,,n000101/n000101_10,,,,sk000801/sk000801_10,,m000101/m080801_10
ropa,u080851_20,,f88,u002201/u080851_20,,n000101/n000101_10,FFFFFFFF,FFFFFFFF,,sk000201/sk000201_10,,m000101/m080801_20
ropa,u080851_20_blyR,,f89,u002201/u080851_20,,n000101/n000101_10,,,,sk090201/sk090201_10,,m000101/m080801_20
ropa,u080851_20_lsa,,f90,u002201/u080851_20,,n000101/n000101_10,,,,sk000901/sk000901_10,,m000101/m080801_20
ropa,u080851_20_lse,,f91,u002201/u080851_20,,n000101/n000101_10,,,,sk000801/sk000801_10,,m000101/m080801_20
ropa,u080901_10,,f47,u002101/u080901_10,,n000101/n000101_10,324881FF,F0F1F3FF,,sk000101/sk000101_10,,m000101/m080901_10
ropa,u080901_10_blyR,,f48,u002101/u080901_10,,n000101/n000101_10,,,,sk090101/sk090101_10,,m000101/m080901_10
ropa,u080901_10_dam,,f49,u002101/u080901_10,,n000101/n000101_10,,,,sk000701/sk000701_10,,m000101/m080901_10
ropa,u080901_10_fld,,f50,u002101/u080901_10,,n000101/n000101_10,,,,sk000101/sk000101_10,,m000101/m080901_10
ropa,u080901_10_slv,,f51,u002101/u080901_10,,n000101/n000101_10,,,,sk000501/sk000501_10,,m000101/m080901_10
ropa,u080901_20,,f47,u002101/u080901_20,,n000101/n000101_10,EEEEEEFF,4E5C48FF,,sk000101/sk000101_10,,m000101/m080901_20
ropa,u080901_20_blyR,,f48,u002101/u080901_20,,n000101/n000101_10,,,,sk090101/sk090101_10,,m000101/m080901_20
ropa,u080901_20_dam,,f49,u002101/u080901_20,,n000101/n000101_10,,,,sk000701/sk000701_10,,m000101/m080901_20
ropa,u080901_20_fld,,f50,u002101/u080901_20,,n000101/n000101_10,,,,sk000101/sk000101_10,,m000101/m080901_20
ropa,u080901_20_slv,,f51,u002101/u080901_20,,n000101/n000101_10,,,,sk000501/sk000501_10,,m000101/m080901_20
ropa,u080951_10,,f88,u002201/u080951_10,,n000101/n000101_10,BBB7ABFF,431716FF,,sk000201/sk000201_10,,m000101/m080901_10
ropa,u080951_10_blyR,,f89,u002201/u080951_10,,n000101/n000101_10,,,,sk090201/sk090201_10,,m000101/m080901_10
ropa,u080951_10_lsa,,f90,u002201/u080951_10,,n000101/n000101_10,,,,sk000901/sk000901_10,,m000101/m080901_10
ropa,u080951_10_lse,,f91,u002201/u080951_10,,n000101/n000101_10,,,,sk000801/sk000801_10,,m000101/m080901_10
ropa,u080951_20,,f88,u002201/u080951_20,,n000101/n000101_10,A5B1A3FF,3D4015FF,,sk000201/sk000201_10,,m000101/m080901_20
ropa,u080951_20_blyR,,f89,u002201/u080951_20,,n000101/n000101_10,,,,sk090201/sk090201_10,,m000101/m080901_20
ropa,u080951_20_lsa,,f90,u002201/u080951_20,,n000101/n000101_10,,,,sk000901/sk000901_10,,m000101/m080901_20
ropa,u080951_20_lse,,f91,u002201/u080951_20,,n000101/n000101_10,,,,sk000801/sk000801_10,,m000101/m080901_20
ropa,u081001_10,,f47,u002101/u081001_10,,n000101/n000101_10,007136FF,FFDD00FF,,sk000101/sk000101_10,,m000101/m081001_10
ropa,u081001_10_blyR,,f48,u002101/u081001_10,,n000101/n000101_10,,,,sk090101/sk090101_10,,m000101/m081001_10
ropa,u081001_10_dam,,f49,u002101/u081001_10,,n000101/n000101_10,,,,sk000701/sk000701_10,,m000101/m081001_10
ropa,u081001_10_fld,,f50,u002101/u081001_10,,n000101/n000101_10,,,,sk000101/sk000101_10,,m000101/m081001_10
ropa,u081001_10_slv,,f51,u002101/u081001_10,,n000101/n000101_10,,,,sk000501/sk000501_10,,m000101/m081001_10
ropa,u081001_20,,f47,u002101/u081001_20,,n000101/n000101_10,2C2956FF,DA7928FF,,sk000101/sk000101_10,,m000101/m081001_10
ropa,u081001_20_blyR,,f48,u002101/u081001_20,,n000101/n000101_10,,,,sk090101/sk090101_10,,m000101/m081001_10
ropa,u081001_20_dam,,f49,u002101/u081001_20,,n000101/n000101_10,,,,sk000701/sk000701_10,,m000101/m081001_10
ropa,u081001_20_fld,,f50,u002101/u081001_20,,n000101/n000101_10,,,,sk000101/sk000101_10,,m000101/m081001_10
ropa,u081001_20_slv,,f51,u002101/u081001_20,,n000101/n000101_10,,,,sk000501/sk000501_10,,m000101/m081001_10
ropa,u081051_10,,f88,u002201/u081051_10,,n000101/n000101_10,D83645FF,373871FF,,sk000201/sk000201_10,,m000101/m081001_10
ropa,u081051_10_blyR,,f89,u002201/u081051_10,,n000101/n000101_10,,,,sk090201/sk090201_10,,m000101/m081001_10
ropa,u081051_10_lsa,,f90,u002201/u081051_10,,n000101/n000101_10,,,,sk000901/sk000901_10,,m000101/m081001_10
ropa,u081051_10_lse,,f91,u002201/u081051_10,,n000101/n000101_10,,,,sk000801/sk000801_10,,m000101/m081001_10
ropa,u081051_20,,f88,u002201/u081051_20,,n000101/n000101_10,D3D836FF,014552FF,,sk000201/sk000201_10,,m000101/m081001_20
ropa,u081051_20_blyR,,f89,u002201/u081051_20,,n000101/n000101_10,,,,sk090201/sk090201_10,,m000101/m081001_20
ropa,u081051_20_lsa,,f90,u002201/u081051_20,,n000101/n000101_10,,,,sk000901/sk000901_10,,m000101/m081001_20
ropa,u081051_20_lse,,f91,u002201/u081051_20,,n000101/n000101_10,,,,sk000801/sk000801_10,,m000101/m081001_20
ropa,u081101_10,,f100,u001101/u081101_10,,n000101/n000101_10,CAA564FF,507CDDFF,,sk000101/sk081101_10,,m000101/m081101_10
ropa,u081101_10_blyR,,f101,u001101/u081101_10,,n000101/n000101_10,,,,sk000101/sk081101_10,,m000101/m081101_10
ropa,u081101_10_dam,,f102,u001101/u081101_10,,n000101/n000101_10,,,,sk000101/sk081101_10,,m000101/m081101_10
ropa,u081101_10_fld,,f103,u001101/u081101_10,,n000101/n000101_10,,,,sk000101/sk081101_10,,m000101/m081101_10
ropa,u081101_10_slv,,f104,u001101/u081101_10,,n000101/n000101_10,,,,sk000101/sk081101_10,,m000101/m081101_10
ropa,u081101_20,,f100,u001101/u081101_20,,n000101/n000101_10,B18D31FF,61252DFF,,sk000101/sk081101_10,,m000101/m081101_20
ropa,u081101_20_blyR,,f101,u001101/u081101_20,,n000101/n000101_10,,,,sk000101/sk081101_10,,m000101/m081101_20
ropa,u081101_20_dam,,f102,u001101/u081101_20,,n000101/n000101_10,,,,sk000101/sk081101_10,,m000101/m081101_20
ropa,u081101_20_fld,,f103,u001101/u081101_20,,n000101/n000101_10,,,,sk000101/sk081101_10,,m000101/m081101_20
ropa,u081101_20_slv,,f104,u001101/u081101_20,,n000101/n000101_10,,,,sk000101/sk081101_10,,m000101/m081101_20
ropa,u081151_10,,f105,u001201/u081151_10,,n000101/n000101_10,CAA564FF,3A6D43FF,,sk000201/sk000201_10,,m000101/m081101_10
ropa,u081151_10_blyR,,f106,u001201/u081151_10,,n000101/n000101_10,,,,sk090201/sk090201_10,,m000101/m081101_10
ropa,u081151_10_lsa,,f107,u001201/u081151_10,,n000101/n000101_10,,,,sk000901/sk000901_10,,m000101/m081101_10
ropa,u081151_10_lse,,f108,u001201/u081151_10,,n000101/n000101_10,,,,sk000801/sk000801_10,,m000101/m081101_10
ropa,u081151_20,,f105,u001201/u081151_20,,n000101/n000101_10,B18D31FF,61252DFF,,sk000201/sk000201_10,,m000101/m081101_20
ropa,u081151_20_blyR,,f106,u001201/u081151_20,,n000101/n000101_10,,,,sk090201/sk090201_10,,m000101/m081101_20
ropa,u081151_20_lsa,,f107,u001201/u081151_20,,n000101/n000101_10,,,,sk000901/sk000901_10,,m000101/m081101_20
ropa,u081151_20_lse,,f108,u001201/u081151_20,,n000101/n000101_10,,,,sk000801/sk000801_10,,m000101/m081101_20
ropa,u081201_10,,f100,u001101/u081201_10,,n000101/n000101_10,9097FFFF,1F2831FF,,sk000101/sk000101_10,,m000101/m081201_10
ropa,u081201_10_blyR,,f101,u001101/u081201_10,,n000101/n000101_10,,,,sk090101/sk090101_10,,m000101/m081201_10
ropa,u081201_10_dam,,f102,u001101/u081201_10,,n000101/n000101_10,,,,sk000701/sk000701_10,,m000101/m081201_10
ropa,u081201_10_fld,,f103,u001101/u081201_10,,n000101/n000101_10,,,,sk000101/sk000101_10,,m000101/m081201_10
ropa,u081201_10_slv,,f104,u001101/u081201_10,,n000101/n000101_10,,,,sk000501/sk000501_10,,m000101/m081201_10
ropa,u081201_20,,f100,u001101/u081201_20,,n000101/n000101_10,F0F6F4FF,B3C7FCFF,,sk000101/sk000101_10,,m000101/m081201_20
ropa,u081201_20_blyR,,f101,u001101/u081201_20,,n000101/n000101_10,,,,sk090101/sk090101_10,,m000101/m081201_20
ropa,u081201_20_dam,,f102,u001101/u081201_20,,n000101/n000101_10,,,,sk000701/sk000701_10,,m000101/m081201_20
ropa,u081201_20_fld,,f103,u001101/u081201_20,,n000101/n000101_10,,,,sk000101/sk000101_10,,m000101/m081201_20
ropa,u081201_20_slv,,f104,u001101/u081201_20,,n000101/n000101_10,,,,sk000501/sk000501_10,,m000101/m081201_20
ropa,u081251_10,,f105,u001201/u081251_10,,n000101/n000101_10,1F282FFF,6A7787FF,,sk000201/sk000201_10,,m000101/m081201_10
ropa,u081251_10_blyR,,f106,u001201/u081251_10,,n000101/n000101_10,,,,sk090201/sk090201_10,,m000101/m081201_10
ropa,u081251_10_lsa,,f107,u001201/u081251_10,,n000101/n000101_10,,,,sk000901/sk000901_10,,m000101/m081201_10
ropa,u081251_10_lse,,f108,u001201/u081251_10,,n000101/n000101_10,,,,sk000801/sk000801_10,,m000101/m081201_10
ropa,u081251_20,,f105,u001201/u081251_20,,n000101/n000101_10,EBB694FF,0E3B5CFF,,sk000201/sk000201_10,,m000101/m081201_20
ropa,u081251_20_blyR,,f106,u001201/u081251_20,,n000101/n000101_10,,,,sk090201/sk090201_10,,m000101/m081201_20
ropa,u081251_20_lsa,,f107,u001201/u081251_20,,n000101/n000101_10,,,,sk000901/sk000901_10,,m000101/m081201_20
ropa,u081251_20_lse,,f108,u001201/u081251_20,,n000101/n000101_10,,,,sk000801/sk000801_10,,m000101/m081201_20
ropa,u081301_10,,f18,u000101/u081301_10,,n000101/n000101_10,26246EFF,F6EFE5FF,,sk000101/sk000101_10,,m000101/m081301_10
ropa,u081301_10_blyR,,f19,u000101/u081301_10,,n000101/n000101_10,,,,sk090101/sk090101_10,,m000101/m081301_10
ropa,u081301_10_dam,,f20,u000101/u081301_10,,n000101/n000101_10,,,,sk000701/sk000701_10,,m000101/m081301_10
ropa,u081301_10_fld,,f22,u000101/u081301_10,,n000101/n000101_10,,,,sk000101/sk000101_10,,m000101/m081301_10
ropa,u081301_10_slv,,f23,u000101/u081301_10,,n000101/n000101_10,,,,sk000501/sk000501_10,,m000101/m081301_10
ropa,u081301_20,,f18,u000101/u081301_20,,n000101/n000101_10,E2AC3FFF,1B4B79FF,,sk000101/sk000101_10,,m000101/m081301_20
ropa,u081301_20_blyR,,f19,u000101/u081301_20,,n000101/n000101_10,,,,sk090101/sk090101_10,,m000101/m081301_20
ropa,u081301_20_dam,,f20,u000101/u081301_20,,n000101/n000101_10,,,,sk000701/sk000701_10,,m000101/m081301_20
ropa,u081301_20_fld,,f22,u000101/u081301_20,,n000101/n000101_10,,,,sk000101/sk000101_10,,m000101/m081301_20
ropa,u081301_20_slv,,f23,u000101/u081301_20,,n000101/n000101_10,,,,sk000501/sk000501_10,,m000101/m081301_20
ropa,u081351_10,,f33,u000201/u081351_10,,n000101/n000101_10,BE3935FF,29236DFF,,sk000201/sk000201_10,,m000101/m081301_10
ropa,u081351_10_blyR,,f34,u000201/u081351_10,,n000101/n000101_10,,,,sk090201/sk090201_10,,m000101/m081301_10
ropa,u081351_10_lsa,,f35,u000201/u081351_10,,n000101/n000101_10,,,,sk000901/sk000901_10,,m000101/m081301_10
ropa,u081351_10_lse,,f36,u000201/u081351_10,,n000101/n000101_10,,,,sk000801/sk000801_10,,m000101/m081301_10
ropa,u081351_20,,f33,u000201/u081351_20,,n000101/n000101_10,4DABB5FF,FFFFFFFF,,sk000201/sk000201_10,,m000101/m081301_20
ropa,u081351_20_blyR,,f34,u000201/u081351_20,,n000101/n000101_10,,,,sk090201/sk090201_10,,m000101/m081301_20
ropa,u081351_20_lsa,,f35,u000201/u081351_20,,n000101/n000101_10,,,,sk000901/sk000901_10,,m000101/m081301_20
ropa,u081351_20_lse,,f36,u000201/u081351_20,,n000101/n000101_10,,,,sk000801/sk000801_10,,m000101/m081301_20
ropa,u081401_10,,f372,u080201/u081401_10,,n000101/n000101_10,E8C756FF,000000FF,,sk000101/sk000101_10,,m000101/m080401_10
ropa,u081401_10_blyR,,f373,u080201/u081401_10,,n000101/n000101_10,,,,sk090101/sk090101_10,,m000101/m080401_10
ropa,u081401_10_dam,,f374,u080201/u081401_10,,n000101/n000101_10,,,,sk000701/sk000701_10,,m000101/m080401_10
ropa,u081401_10_fld,,f375,u080201/u081401_10,,n000101/n000101_10,,,,sk000101/sk000101_10,,m000101/m080401_10
ropa,u081401_10_slv,,f376,u080201/u081401_10,,n000101/n000101_10,,,,sk000501/sk000501_10,,m000101/m080401_10
ropa,u081401_20,,f372,u080201/u081401_20,,n000101/n000101_10,D80027FF,000000FF,,sk000101/sk000101_10,,m000101/m081401_20
ropa,u081401_20_blyR,,f373,u080201/u081401_20,,n000101/n000101_10,,,,sk090101/sk090101_10,,m000101/m081401_20
ropa,u081401_20_dam,,f374,u080201/u081401_20,,n000101/n000101_10,,,,sk000701/sk000701_10,,m000101/m081401_20
ropa,u081401_20_fld,,f375,u080201/u081401_20,,n000101/n000101_10,,,,sk000101/sk000101_10,,m000101/m081401_20
ropa,u081401_20_slv,,f376,u080201/u081401_20,,n000101/n000101_10,,,,sk000501/sk000501_10,,m000101/m081401_20
ropa,u081451_10,,f377,u080251/u081451_10,,n000101/n000101_10,EEEEEEFF,000000FF,,sk000201/sk000201_10,,m000101/m080401_10
ropa,u081451_10_blyR,,f378,u080251/u081451_10,,n000101/n000101_10,,,,sk090201/sk090201_10,,m000101/m080401_10
ropa,u081451_10_lsa,,f379,u080251/u081451_10,,n000101/n000101_10,,,,sk000901/sk000901_10,,m000101/m080401_10
forma,f381,0,u980281/u980281,,n000101/n000101,,,,sk000801/sk000801,,m000101/m000101,
forma,f381,4,u980281/u980285,,n000101/n000105,,,,sk000801/sk000805,,m000101/m000105,
ropa,u081451_10_lse,,f381,u080251/u081451_10,,n000101/n000101_10,,,,sk000801/sk000801_10,,m000101/m080401_10
ropa,u081451_20,,f377,u080251/u081451_20,,n000101/n000101_10,E5E5E5FF,000000FF,,sk000201/sk000201_10,,m000101/m081401_20
ropa,u081451_20_blyR,,f378,u080251/u081451_20,,n000101/n000101_10,,,,sk090201/sk090201_10,,m000101/m081401_20
ropa,u081451_20_lsa,,f379,u080251/u081451_20,,n000101/n000101_10,,,,sk000901/sk000901_10,,m000101/m081401_20
ropa,u081451_20_lse,,f381,u080251/u081451_20,,n000101/n000101_10,,,,sk000801/sk000801_10,,m000101/m081401_20
ropa,u081501_10,,f100,u001101/u081501_10,,n000101/n000101_10,434343FF,E0E0E0FF,,sk000101/sk000101_10,,m000101/m081501_10
ropa,u081501_10_blyR,,f101,u001101/u081501_10,,n000101/n000101_10,,,,sk090101/sk090101_10,,m000101/m081501_10
ropa,u081501_10_dam,,f102,u001101/u081501_10,,n000101/n000101_10,,,,sk000701/sk000701_10,,m000101/m081501_10
ropa,u081501_10_fld,,f103,u001101/u081501_10,,n000101/n000101_10,,,,sk000101/sk000101_10,,m000101/m081501_10
ropa,u081501_10_slv,,f104,u001101/u081501_10,,n000101/n000101_10,,,,sk000501/sk000501_10,,m000101/m081501_10
ropa,u081501_20,,f100,u001101/u081501_20,,n000101/n000101_10,A0AAFFFF,1A2E6BFF,,sk000101/sk000101_10,,m000101/m081501_10
ropa,u081501_20_blyR,,f101,u001101/u081501_20,,n000101/n000101_10,,,,sk090101/sk090101_10,,m000101/m081501_10
ropa,u081501_20_dam,,f102,u001101/u081501_20,,n000101/n000101_10,,,,sk000701/sk000701_10,,m000101/m081501_10
ropa,u081501_20_fld,,f103,u001101/u081501_20,,n000101/n000101_10,,,,sk000101/sk000101_10,,m000101/m081501_10
ropa,u081501_20_slv,,f104,u001101/u081501_20,,n000101/n000101_10,,,,sk000501/sk000501_10,,m000101/m081501_10
ropa,u081551_10,,f105,u001201/u081551_10,,n000101/n000101_10,FF6D48FF,454851FF,,sk000201/sk000201_10,,m000101/m081501_10
ropa,u081551_10_blyR,,f106,u001201/u081551_10,,n000101/n000101_10,,,,sk090201/sk090201_10,,m000101/m081501_10
ropa,u081551_10_lsa,,f107,u001201/u081551_10,,n000101/n000101_10,,,,sk000901/sk000901_10,,m000101/m081501_10
ropa,u081551_10_lse,,f108,u001201/u081551_10,,n000101/n000101_10,,,,sk000801/sk000801_10,,m000101/m081501_10
ropa,u081551_20,,f105,u001201/u081551_20,,n000101/n000101_10,167E77FF,93F0D3FF,,sk000201/sk000201_10,,m000101/m081501_10
ropa,u081551_20_blyR,,f106,u001201/u081551_20,,n000101/n000101_10,,,,sk090201/sk090201_10,,m000101/m081501_10
ropa,u081551_20_lsa,,f107,u001201/u081551_20,,n000101/n000101_10,,,,sk000901/sk000901_10,,m000101/m081501_10
ropa,u081551_20_lse,,f108,u001201/u081551_20,,n000101/n000101_10,,,,sk000801/sk000801_10,,m000101/m081501_10
ropa,u081601_10,,f100,u001101/u081601_10,,n000101/n000101_10,,,,sk000101/sk000101_10,,m000101/m081101_10
ropa,u081601_10_blyR,,f101,u001101/u081601_10,,n000101/n000101_10,,,,sk090101/sk090101_10,,m000101/m081101_10
ropa,u081601_10_dam,,f102,u001101/u081601_10,,n000101/n000101_10,,,,sk000701/sk000701_10,,m000101/m081101_10
ropa,u081601_10_fld,,f103,u001101/u081601_10,,n000101/n000101_10,,,,sk000101/sk000101_10,,m000101/m081101_10
ropa,u081601_10_slv,,f104,u001101/u081601_10,,n000101/n000101_10,,,,sk000501/sk000501_10,,m000101/m081101_10
ropa,u081601_20,,f100,u001101/u081601_20,,n000101/n000101_10,,,,sk000101/sk000101_10,,m000101/m081101_20
ropa,u081601_20_blyR,,f101,u001101/u081601_20,,n000101/n000101_10,,,,sk090101/sk090101_10,,m000101/m081101_20
ropa,u081601_20_dam,,f102,u001101/u081601_20,,n000101/n000101_10,,,,sk000701/sk000701_10,,m000101/m081101_20
ropa,u081601_20_fld,,f103,u001101/u081601_20,,n000101/n000101_10,,,,sk000101/sk000101_10,,m000101/m081101_20
ropa,u081601_20_slv,,f104,u001101/u081601_20,,n000101/n000101_10,,,,sk000501/sk000501_10,,m000101/m081101_20
ropa,u081651_10,,f105,u001201/u081651_10,,n000101/n000101_10,,,,sk000201/sk000201_10,,m000101/m081101_10
ropa,u081651_10_blyR,,f106,u001201/u081651_10,,n000101/n000101_10,,,,sk090201/sk090201_10,,m000101/m081101_10
ropa,u081651_10_lsa,,f107,u001201/u081651_10,,n000101/n000101_10,,,,sk000901/sk000901_10,,m000101/m081101_10
ropa,u081651_10_lse,,f108,u001201/u081651_10,,n000101/n000101_10,,,,sk000801/sk000801_10,,m000101/m081101_10
ropa,u081651_20,,f105,u001201/u081651_20,,n000101/n000101_10,,,,sk000201/sk000201_10,,m000101/m081101_20
ropa,u081651_20_blyR,,f106,u001201/u081651_20,,n000101/n000101_10,,,,sk090201/sk090201_10,,m000101/m081101_20
ropa,u081651_20_lsa,,f107,u001201/u081651_20,,n000101/n000101_10,,,,sk000901/sk000901_10,,m000101/m081101_20
ropa,u081651_20_lse,,f108,u001201/u081651_20,,n000101/n000101_10,,,,sk000801/sk000801_10,,m000101/m081101_20
forma,f382,1,u085101/u085102,,,,,,,,,
ropa,u085101_10,,f382,u085101/u085101_10,,,,,,,,
ropa,u085201_10,,f187,u005101/u085201_10,,,,,,sk000301/sk000301_10,,
ropa,u087101_10,,f350,u005101/u087101_10,,,,,,sk000301/sk000301_10,,
forma,f383,0,u005501/u005501,,,,,,sk000301/sk000301,,,
forma,f383,1,u005501/u005502,,,,,,sk000301/sk000302,,,
forma,f383,2,u005501/u005503,,,,,,sk000301/sk000303,,,
forma,f383,3,u005501/u005504,,,,,,sk000301/sk000304,,,
forma,f383,4,u005501/u005505,,,,,,sk000301/sk000305,,,
forma,f383,5,u005501/u005506,,,,,,sk000301/sk000306,,,
forma,f383,6,u005501/u005507,,,,,,sk000301/sk000307,,,
forma,f383,7,u005501/u005508,,,,,,sk000301/sk000308,,,
forma,f383,8,u005501/u005506,,,,,,sk000301/sk000309,,,
forma,f383,9,u005501/u005507,,,,,,sk000301/sk000310,,,
forma,f383,10,u005501/u005503,,,,,,sk000301/sk000303,,,
forma,f383,11,u005501/u005504,,,,,,sk000301/sk000304,,,
forma,f383,12,u005501/u005507,,,,,,sk000301/sk000307,,,
forma,f383,13,u005501/u005507,,,,,,sk000301/sk000310,,,
ropa,u087101_10_masf,,f383,u005101/u087101_10,,,,,,sk000301/sk000301_10,,
forma,f384,0,u005201/u005201,,,,,,sk002901/sk002901,,,
forma,f384,1,u005201/u005202,,,,,,sk002901/sk002902,,,
forma,f384,2,u005201/u005203,,,,,,sk002901/sk002903,,,
forma,f384,3,u005201/u005204,,,,,,sk002901/sk002904,,,
forma,f384,4,u005201/u005205,,,,,,sk002901/sk002905,,,
forma,f384,5,u005201/u005206,,,,,,sk002901/sk002906,,,
forma,f384,6,u005201/u005207,,,,,,sk002901/sk002907,,,
forma,f384,7,u005201/u005208,,,,,,sk002901/sk002908,,,
forma,f384,8,u005201/u005206,,,,,,sk002901/sk002909,,,
forma,f384,9,u005201/u005207,,,,,,sk002901/sk002910,,,
forma,f384,10,u005201/u005203,,,,,,sk002901/sk002903,,,
forma,f384,11,u005201/u005204,,,,,,sk002901/sk002904,,,
forma,f384,12,u005201/u005207,,,,,,sk002901/sk002907,,,
forma,f384,13,u005201/u005207,,,,,,sk002901/sk002910,,,
ropa,u087101_10_mtsm,,f384,u005101/u087101_10,,,,,,sk002901/sk002901_10,,
forma,f385,0,u005301/u005301,,,,,,sk000301/sk000301,,,
forma,f385,1,u005301/u005302,,,,,,sk000301/sk000302,,,
forma,f385,2,u005301/u005303,,,,,,sk000301/sk000303,,,
forma,f385,3,u005301/u005304,,,,,,sk000301/sk000304,,,
forma,f385,4,u005301/u005305,,,,,,sk000301/sk000305,,,
forma,f385,5,u005301/u005306,,,,,,sk000301/sk000306,,,
forma,f385,6,u005301/u005307,,,,,,sk000301/sk000307,,,
forma,f385,7,u005301/u005308,,,,,,sk000301/sk000308,,,
forma,f385,8,u005301/u005306,,,,,,sk000301/sk000309,,,
forma,f385,9,u005301/u005307,,,,,,sk000301/sk000310,,,
forma,f385,10,u005301/u005303,,,,,,sk000301/sk000303,,,
forma,f385,11,u005301/u005304,,,,,,sk000301/sk000304,,,
forma,f385,12,u005301/u005307,,,,,,sk000301/sk000307,,,
forma,f385,13,u005301/u005307,,,,,,sk000301/sk000310,,,
ropa,u087101_10_mzsf,,f385,u005101/u087101_10,,,,,,sk000301/sk000301_10,,
ropa,u087101_20_mzsf,,f385,u005101/u087101_20,,,,,,sk000301/sk000301_10,,
forma,f386,0,u11010010/u11010010,,,,,,,,,
ropa,u11010010,,f386,u11010010/u11010010,,,,,,,,
forma,f387,0,u11010011/u11010011,,,,,,,,,
ropa,u11010011,,f387,u11010011/u11010011,,,,,,,,
forma,f388,4,u11010020/u11010020,,,,,,,,,
ropa,u11010020,,f388,u11010020/u11010020,,,,,,,,
forma,f389,4,u11010021/u11010021,,,,,,,,,
ropa,u11010021,,f389,u11010021/u11010021,,,,,,,,
forma,f390,4,u11010030/u11010030,,,,,,,,,
ropa,u11010030,,f390,u11010030/u11010030,,,,,,,,
forma,f391,4,u11010031/u11010031,,,,,,,,,
ropa,u11010031,,f391,u11010031/u11010031_10,,,,,,,,
forma,f392,4,u11010032/u11010032,,n000101/n000105,,,,,,,
ropa,u11010032,,f392,u11010032/u11010032_10,,n000101/n000101_10,,,,,,
ropa,u11010032_51,,f392,u11010032/u11010032_51,,n000101/n000101_10,,,,,,
forma,f393,4,u11010033/u11010033,,,,,,,,,
ropa,u11010033,,f393,u11010033/u11010033,,,,,,,,
forma,f394,7,u11010040/u11010040,,,,,,,,,
ropa,u11010040,,f394,u11010040/u11010040,,,,,,,,
forma,f395,7,u11010041/u11010041,,,,,,,,,
ropa,u11010041,,f395,u11010041/u11010041,,,,,,,,
forma,f396,0,u11010050/u11010050,,,,,,,,,
ropa,u11010050,,f396,u11010050/u11010050,,,,,,,,
forma,f397,0,u11010052/u11010052,,,,,,,,,
ropa,u11010052,,f397,u11010052/u11010052,,,,,,,,
forma,f398,1,u11010060/u11010060,,,,,,,,,
ropa,u11010060,,f398,u11010060/u11010060,,,,,,,,
forma,f399,1,u11010062/u11010062,,,,,,,,,
ropa,u11010062,,f399,u11010062/u11010062,,,,,,,,
forma,f400,9,u11010070/u11010070,,,,,,,,,
ropa,u11010070,,f400,u11010070/u11010070,,,,,,,,
forma,f401,9,u11010071/u11010071,,,,,,,,,
ropa,u11010071,,f401,u11010071/u11010071,,,,,,,,
forma,f402,9,u11010072/u11010072,,,,,,sk000301/sk000310,,,
ropa,u11010072,,f402,u11010072/u11010072,,,,,,sk000301/sk000301_10,,
ropa,u110101_10,,f47,u002101/u110101_10,,n000101/n000101_10,2658B1FF,EBF1FFFF,,sk000101/sk000101_10,,m000101/m110101_10
ropa,u110101_10_blyR,,f48,u002101/u110101_10,,n000101/n000101_10,,,,sk090101/sk090101_10,,m000101/m110101_10
ropa,u110101_10_dam,,f49,u002101/u110101_10,,n000101/n000101_10,,,,sk000701/sk000701_10,,m000101/m110101_10
ropa,u110101_10_fld,,f50,u002101/u110101_10,,n000101/n000101_10,,,,sk000101/sk000101_10,,m000101/m110101_10
ropa,u110101_10_slv,,f51,u002101/u110101_10,,n000101/n000101_10,,,,sk000501/sk000501_10,,m000101/m110101_10
ropa,u110101_20,,f47,u002101/u110101_20,,n000101/n000101_10,EBF1FFFF,0F2D63FF,,sk000101/sk000101_10,,m000101/m110101_20
ropa,u110101_20_blyR,,f48,u002101/u110101_20,,n000101/n000101_10,,,,sk090101/sk090101_10,,m000101/m110101_20
ropa,u110101_20_dam,,f49,u002101/u110101_20,,n000101/n000101_10,,,,sk000701/sk000701_10,,m000101/m110101_20
ropa,u110101_20_fld,,f50,u002101/u110101_20,,n000101/n000101_10,,,,sk000101/sk000101_10,,m000101/m110101_20
ropa,u110101_20_slv,,f51,u002101/u110101_20,,n000101/n000101_10,,,,sk000501/sk000501_10,,m000101/m110101_20
ropa,u110101_50,,f47,u002101/u110101_50,,n000101/n000101_10,,,,sk000101/sk000101_10,,m000101/m110101_10
ropa,u110151_10,,f360,u002301/u110151_10,,n000101/n000101_10,EDF5FFFF,4E46B5FF,,sk000201/sk000201_10,,m000101/m110101_10
ropa,u110151_10_blyR,,f361,u002301/u110151_10,,n000101/n000101_10,,,,sk090201/sk090201_10,,m000101/m110101_10
ropa,u110151_10_lsa,,f362,u002301/u110151_10,,n000101/n000101_10,,,,sk000901/sk000901_10,,m000101/m110101_10
ropa,u110151_10_lse,,f363,u002301/u110151_10,,n000101/n000101_10,,,,sk000801/sk000801_10,,m000101/m110101_10
ropa,u110151_20,,f360,u002301/u110151_20,,n000101/n000101_10,EDF5FFFF,104483FF,,sk000201/sk000201_10,,m000101/m110101_20
ropa,u110151_20_blyR,,f361,u002301/u110151_20,,n000101/n000101_10,,,,sk090201/sk090201_10,,m000101/m110101_20
ropa,u110151_20_lsa,,f362,u002301/u110151_20,,n000101/n000101_10,,,,sk000901/sk000901_10,,m000101/m110101_20
ropa,u110151_20_lse,,f363,u002301/u110151_20,,n000101/n000101_10,,,,sk000801/sk000801_10,,m000101/m110101_20
ropa,u110151_50,,f360,u002301/u110151_50,,n000101/n000101_10,,,,sk000201/sk000201_10,,m000101/m110101_10
forma,f403,0,u000101/u000101,,n000201/n000201,,,,sk000101/sk000101,,m000101/m000101,
forma,f403,1,u000101/u000102,,n000201/n000202,,,,sk000101/sk000102,,m000101/m000102,
forma,f403,2,u000101/u000103,,n000201/n000203,,,,sk000101/sk000103,,m000101/m000103,
forma,f403,3,u000101/u000104,,n000201/n000204,,,,sk000101/sk000104,,m000101/m000104,
forma,f403,4,u000101/u000105,,n000201/n000205,,,,sk000101/sk000105,,m000101/m000105,
forma,f403,5,u000101/u000106,,n000201/n000206,,,,sk000101/sk000106,,m000101/m000106,
forma,f403,6,u000101/u000107,,n000201/n000207,,,,sk000101/sk000107,,m000101/m000107,
forma,f403,7,u000101/u000108,,n000201/n000208,,,,sk000101/sk000108,,m000101/m000108,
forma,f403,8,u000101/u000106,,n000201/n000206,,,,sk000101/sk000109,,m000101/m000106,
forma,f403,9,u000101/u000107,,n000201/n000207,,,,sk000101/sk000110,,m000101/m000107,
forma,f403,10,u000101/u000103,,n000201/n000203,,,,sk000101/sk000103,,m000101/m000103,
forma,f403,11,u000101/u000104,,n000201/n000204,,,,sk000101/sk000104,,m000101/m000104,
forma,f403,12,u000101/u000107,,n000201/n000207,,,,sk000101/sk000107,,m000101/m000107,
forma,f403,13,u000101/u000107,,n000201/n000207,,,,sk000101/sk000110,,m000101/m000107,
ropa,u110201_10,,f403,u000101/u110201_10,,n000201/n000201_10,194A85FF,FFC24DFF,,sk000101/sk000101_10,,m000101/m110201_10
forma,f404,1,u090101/u090102,,n000201/n000202,,,,sk090101/sk090102,,m000101/m000102,
ropa,u110201_10_blyR,,f404,u000101/u110201_10,,n000201/n000201_10,,,,sk090101/sk090101_10,,m000101/m110201_10
forma,f405,6,u090161/u090167,,n000201/n000207,,,,sk000701/sk000707,,m000101/m000107,
ropa,u110201_10_dam,,f405,u000101/u110201_10,,n000201/n000201_10,,,,sk000701/sk000701_10,,m000101/m110201_10
forma,f406,0,u090151/u090151,,n000201/n000201,,,,sk000101/sk000101,,m090151/m090151,
ropa,u110201_10_fld,,f406,u000101/u110201_10,,n000201/n000201_10,,,,sk000101/sk000101_10,,m000101/m110201_10
forma,f407,0,u090141/u090141,,n000201/n000201,,,,sk000501/sk000501,,m000101/m000101,
forma,f407,5,u090141/u090146,,n000201/n000206,,,,sk000501/sk000506,,m000101/m000106,
ropa,u110201_10_slv,,f407,u000101/u110201_10,,n000201/n000201_10,,,,sk000501/sk000501_10,,m000101/m110201_10
ropa,u110201_20,,f403,u000101/u110201_20,,n000201/n000201_10,006083FF,F3EAD9FF,,sk000101/sk000101_10,,m000101/m110201_20
ropa,u110201_20_blyR,,f404,u000101/u110201_20,,n000201/n000201_10,,,,sk090101/sk090101_10,,m000101/m110201_20
ropa,u110201_20_dam,,f405,u000101/u110201_20,,n000201/n000201_10,,,,sk000701/sk000701_10,,m000101/m110201_20
ropa,u110201_20_fld,,f406,u000101/u110201_20,,n000201/n000201_10,,,,sk000101/sk000101_10,,m000101/m110201_20
ropa,u110201_20_slv,,f407,u000101/u110201_20,,n000201/n000201_10,,,,sk000501/sk000501_10,,m000101/m110201_20
ropa,u110201_50,,f403,u000101/u110201_50,,n000201/n000201_10,,,,sk000101/sk000101_10,,m000101/m110201_10
forma,f408,4,u11020500/u11020500,,,,,,,,,
ropa,u11020500,,f408,u11020500/u11020500,,,,,,,,
forma,f409,0,u000201/u000201,,n000201/n000201,,,,sk000201/sk000201,,m000201/m000201,
forma,f409,1,u000201/u000202,,n000201/n000202,,,,sk000201/sk000202,,m000201/m000202,
forma,f409,2,u000201/u000203,,n000201/n000203,,,,sk000201/sk000203,,m000201/m000203,
forma,f409,3,u000201/u000204,,n000201/n000204,,,,sk000201/sk000204,,m000201/m000204,
forma,f409,4,u000201/u000205,,n000201/n000205,,,,sk000201/sk000205,,m000201/m000205,
forma,f409,5,u000201/u000206,,n000201/n000206,,,,sk000201/sk000206,,m000201/m000206,
forma,f409,6,u000201/u000207,,n000201/n000207,,,,sk000201/sk000207,,m000201/m000207,
forma,f409,7,u000201/u000208,,n000201/n000208,,,,sk000201/sk000205,,m000201/m000208,
forma,f409,8,u000201/u000206,,n000201/n000206,,,,sk000201/sk000209,,m000201/m000206,
forma,f409,9,u000201/u000207,,n000201/n000207,,,,sk000201/sk000210,,m000201/m000207,
forma,f409,10,u000201/u000203,,n000201/n000203,,,,sk000201/sk000203,,m000201/m000203,
forma,f409,11,u000201/u000204,,n000201/n000204,,,,sk000201/sk000204,,m000201/m000204,
forma,f409,12,u000201/u000207,,n000201/n000207,,,,sk000201/sk000207,,m000201/m000207,
forma,f409,13,u000201/u000207,,n000201/n000207,,,,sk000201/sk000210,,m000201/m000207,
ropa,u110251_10,,f409,u000201/u110251_10,,n000201/n000201_10,0D5551FF,DA8125FF,,sk000201/sk000201_10,,m000101/m110201_10
forma,f410,1,u090201/u090202,,n000201/n000202,,,,sk090201/sk090202,,m000201/m000202,
ropa,u110251_10_blyR,,f410,u000201/u110251_10,,n000201/n000201_10,,,,sk090201/sk090201_10,,m000101/m110201_10
forma,f411,0,u090281/u090281,,n000201/n000201,,,,sk000901/sk000901,,m000201/m000201,
ropa,u110251_10_lsa,,f411,u000201/u110251_10,,n000201/n000201_10,,,,sk000901/sk000901_10,,m000101/m110201_10
forma,f412,0,u090271/u090271,,n000201/n000201,,,,sk000801/sk000801,,m000201/m000201,
forma,f412,4,u090271/u090275,,n000201/n000205,,,,sk000801/sk000805,,m000201/m000205,
ropa,u110251_10_lse,,f412,u000201/u110251_10,,n000201/n000201_10,,,,sk000801/sk000801_10,,m000101/m110201_10
ropa,u110251_20,,f409,u000201/u110251_20,,n000201/n000201_10,9BAFC7FF,333436FF,,sk000201/sk000201_10,,m000101/m110201_20
ropa,u110251_20_blyR,,f410,u000201/u110251_20,,n000201/n000201_10,,,,sk090201/sk090201_10,,m000101/m110201_20
ropa,u110251_20_lsa,,f411,u000201/u110251_20,,n000201/n000201_10,,,,sk000901/sk000901_10,,m000101/m110201_20
ropa,u110251_20_lse,,f412,u000201/u110251_20,,n000201/n000201_10,,,,sk000801/sk000801_10,,m000101/m110201_20
ropa,u110251_50,,f409,u000201/u110251_50,,n000201/n000201_10,,,,sk000201/sk000201_10,,m000101/m110201_10
forma,f413,7,u11030021/u11030021,,,,,,sk000301/sk000308,,,
ropa,u11030021,,f413,u11030021/u11030021,,,,,,sk000301/sk000301_10,,
ropa,u110301_10,,f403,u000101/u110301_10,,n000201/n000201_10,FEE57EFF,FE7527FF,,sk000101/sk000101_10,,m000101/m110301_10
ropa,u110301_10_blyR,,f404,u000101/u110301_10,,n000201/n000201_10,,,,sk090101/sk090101_10,,m000101/m110301_10
ropa,u110301_10_dam,,f405,u000101/u110301_10,,n000201/n000201_10,,,,sk000701/sk000701_10,,m000101/m110301_10
ropa,u110301_10_fld,,f406,u000101/u110301_10,,n000201/n000201_10,,,,sk000101/sk000101_10,,m000101/m110301_10
ropa,u110301_10_slv,,f407,u000101/u110301_10,,n000201/n000201_10,,,,sk000501/sk000501_10,,m000101/m110301_10
ropa,u110301_20,,f403,u000101/u110301_20,,n000201/n000201_10,2D2D35FF,F8F2F0FF,,sk000101/sk000101_10,,m000101/m110301_20
ropa,u110301_20_blyR,,f404,u000101/u110301_20,,n000201/n000201_10,,,,sk090101/sk090101_10,,m000101/m110301_20
ropa,u110301_20_dam,,f405,u000101/u110301_20,,n000201/n000201_10,,,,sk000701/sk000701_10,,m000101/m110301_20
ropa,u110301_20_fld,,f406,u000101/u110301_20,,n000201/n000201_10,,,,sk000101/sk000101_10,,m000101/m110301_20
ropa,u110301_20_slv,,f407,u000101/u110301_20,,n000201/n000201_10,,,,sk000501/sk000501_10,,m000101/m110301_20
forma,f414,0,u001201/u001201,,n000201/n000201,,,,sk000201/sk000201,,m000201/m000201,
forma,f414,1,u001201/u001202,,n000201/n000202,,,,sk000201/sk000202,,m000201/m000202,
forma,f414,2,u001201/u001203,,n000201/n000203,,,,sk000201/sk000203,,m000201/m000203,
forma,f414,3,u001201/u001204,,n000201/n000204,,,,sk000201/sk000204,,m000201/m000204,
forma,f414,4,u001201/u001205,,n000201/n000205,,,,sk000201/sk000205,,m000201/m000205,
forma,f414,5,u001201/u001206,,n000201/n000206,,,,sk000201/sk000206,,m000201/m000206,
forma,f414,6,u001201/u001207,,n000201/n000207,,,,sk000201/sk000207,,m000201/m000207,
forma,f414,7,u001201/u001208,,n000201/n000208,,,,sk000201/sk000205,,m000201/m000208,
forma,f414,8,u001201/u001206,,n000201/n000206,,,,sk000201/sk000209,,m000201/m000206,
forma,f414,9,u001201/u001207,,n000201/n000207,,,,sk000201/sk000210,,m000201/m000207,
forma,f414,10,u001201/u001203,,n000201/n000203,,,,sk000201/sk000203,,m000201/m000203,
forma,f414,11,u001201/u001204,,n000201/n000204,,,,sk000201/sk000204,,m000201/m000204,
forma,f414,12,u001201/u001207,,n000201/n000207,,,,sk000201/sk000207,,m000201/m000207,
forma,f414,13,u001201/u001207,,n000201/n000207,,,,sk000201/sk000210,,m000201/m000207,
ropa,u110351_10,,f414,u001201/u110351_10,,n000201/n000201_10,20B597FF,303038FF,,sk000201/sk000201_10,,m000101/m110301_10
forma,f415,1,u091201/u091202,,n000201/n000202,,,,sk090201/sk090202,,m000201/m000202,
ropa,u110351_10_blyR,,f415,u001201/u110351_10,,n000201/n000201_10,,,,sk090201/sk090201_10,,m000101/m110301_10
forma,f416,0,u091281/u091281,,n000201/n000201,,,,sk000901/sk000901,,m000201/m000201,
ropa,u110351_10_lsa,,f416,u001201/u110351_10,,n000201/n000201_10,,,,sk000901/sk000901_10,,m000101/m110301_10
forma,f417,0,u091271/u091271,,n000201/n000201,,,,sk000801/sk000801,,m000201/m000201,
forma,f417,4,u091271/u091275,,n000201/n000205,,,,sk000801/sk000805,,m000201/m000205,
ropa,u110351_10_lse,,f417,u001201/u110351_10,,n000201/n000201_10,,,,sk000801/sk000801_10,,m000101/m110301_10
ropa,u110351_20,,f414,u001201/u110351_20,,n000201/n000201_10,EFEFEFFF,563876FF,,sk000201/sk000201_10,,m000101/m110301_20
ropa,u110351_20_blyR,,f415,u001201/u110351_20,,n000201/n000201_10,,,,sk090201/sk090201_10,,m000101/m110301_20
ropa,u110351_20_lsa,,f416,u001201/u110351_20,,n000201/n000201_10,,,,sk000901/sk000901_10,,m000101/m110301_20
ropa,u110351_20_lse,,f417,u001201/u110351_20,,n000201/n000201_10,,,,sk000801/sk000801_10,,m000101/m110301_20
forma,f418,7,u110391/u110391,,n000201/n000208,,,,sk000901/sk000908,,m000201/m000208,
ropa,u110391_10,,f418,u001201/u110351_10,,n000201/n000201_10,,,,sk000901/sk000901_10,,m000101/m110301_10
ropa,u110391_20,,f418,u001201/u110351_20,,n000201/n000201_10,,,,sk000901/sk000901_10,,m000101/m110301_20
forma,f419,0,u11040010/u11040010,,,,,,,,,
ropa,u11040010,,f419,u11040010/u11040010,,,,,,,,
forma,f420,7,u11040020/u11040020,,,,,,,,,
ropa,u11040020,,f420,u11040020/u11040020,,,,,,,,
forma,f421,5,u11040050/u11040050,,,,,,,,,
ropa,u11040050,,f421,u11040050/u11040050,,,,,,,,
forma,f422,7,u11040060/u11040060,,,,,,,,,
ropa,u11040060,,f422,u11040060/u11040060,,,,,,,,
forma,f423,4,u11040070/u11040070,,,,,,,,,
ropa,u11040070,,f423,u11040070/u11040070,,,,,,,,
forma,f424,0,u11040090/u11040090,,,,,,sk002901/sk002901,,,
ropa,u11040090,,f424,u11040090/u11040090,,,,,,sk002901/sk002901_10,,
ropa,u110401_10,,f47,u002101/u110401_10,,n000101/n000101_10,C4C6D5FF,000000FF,,sk000101/sk110401_10,,m000101/m110401_10
ropa,u110401_10_blyR,,f48,u002101/u110401_10,,n000101/n000101_10,,,,sk000101/sk110401_10,,m000101/m110401_10
ropa,u110401_10_dam,,f49,u002101/u110401_10,,n000101/n000101_10,,,,sk000101/sk110401_10,,m000101/m110401_10
ropa,u110401_10_fld,,f50,u002101/u110401_10,,n000101/n000101_10,,,,sk000101/sk110401_10,,m000101/m110401_10
ropa,u110401_10_slv,,f51,u002101/u110401_10,,n000101/n000101_10,,,,sk000101/sk110401_10,,m000101/m110401_10
ropa,u110401_20,,f47,u002101/u110401_20,,n000101/n000101_10,1C1010FF,000000FF,,sk000101/sk110401_10,,m000101/m110401_20
ropa,u110401_20_blyR,,f48,u002101/u110401_20,,n000101/n000101_10,,,,sk000101/sk110401_10,,m000101/m110401_20
ropa,u110401_20_dam,,f49,u002101/u110401_20,,n000101/n000101_10,,,,sk000101/sk110401_10,,m000101/m110401_20
ropa,u110401_20_fld,,f50,u002101/u110401_20,,n000101/n000101_10,,,,sk000101/sk110401_10,,m000101/m110401_20
ropa,u110401_20_slv,,f51,u002101/u110401_20,,n000101/n000101_10,,,,sk000101/sk110401_10,,m000101/m110401_20
ropa,u110451_10,,f88,u002201/u110451_10,,n000101/n000101_10,231A15FF,000000FF,,sk000201/sk110451_10,,m000101/m110401_10
ropa,u110451_10_blyR,,f89,u002201/u110451_10,,n000101/n000101_10,,,,sk000201/sk110451_10,,m000101/m110401_10
ropa,u110451_10_lsa,,f90,u002201/u110451_10,,n000101/n000101_10,,,,sk000201/sk110451_10,,m000101/m110401_10
ropa,u110451_10_lse,,f91,u002201/u110451_10,,n000101/n000101_10,,,,sk000201/sk110451_10,,m000101/m110401_10
ropa,u110451_20,,f88,u002201/u110451_20,,n000101/n000101_10,F3F1E5FF,000000FF,,sk000201/sk110451_10,,m000101/m110401_20
ropa,u110451_20_blyR,,f89,u002201/u110451_20,,n000101/n000101_10,,,,sk000201/sk110451_10,,m000101/m110401_20
ropa,u110451_20_lsa,,f90,u002201/u110451_20,,n000101/n000101_10,,,,sk000201/sk110451_10,,m000101/m110401_20
ropa,u110451_20_lse,,f91,u002201/u110451_20,,n000101/n000101_10,,,,sk000201/sk110451_10,,m000101/m110401_20
ropa,u110501_10,,f42,u000401/u110501_10,,n000101/n000101_10,2C2D32FF,6BDBB3FF,,sk000101/sk000101_10,,m000101/m110501_10
ropa,u110501_10_blyR,,f43,u000401/u110501_10,,n000101/n000101_10,,,,sk090101/sk090101_10,,m000101/m110501_10
ropa,u110501_10_dam,,f44,u000401/u110501_10,,n000101/n000101_10,,,,sk000701/sk000701_10,,m000101/m110501_10
ropa,u110501_10_fld,,f45,u000401/u110501_10,,n000101/n000101_10,,,,sk000101/sk000101_10,,m000101/m110501_10
ropa,u110501_10_slv,,f46,u000401/u110501_10,,n000101/n000101_10,,,,sk000501/sk000501_10,,m000101/m110501_10
ropa,u110501_20,,f42,u000401/u110501_20,,n000101/n000101_10,242B3DFF,FEAD54FF,,sk000101/sk000101_10,,m000101/m110501_20
ropa,u110501_20_blyR,,f43,u000401/u110501_20,,n000101/n000101_10,,,,sk090101/sk090101_10,,m000101/m110501_20
ropa,u110501_20_dam,,f44,u000401/u110501_20,,n000101/n000101_10,,,,sk000701/sk000701_10,,m000101/m110501_20
ropa,u110501_20_fld,,f45,u000401/u110501_20,,n000101/n000101_10,,,,sk000101/sk000101_10,,m000101/m110501_20
ropa,u110501_20_slv,,f46,u000401/u110501_20,,n000101/n000101_10,,,,sk000501/sk000501_10,,m000101/m110501_20
ropa,u110551_10,,f29,u000501/u110551_10,,n000101/n000101_10,DBE7E3FF,24252AFF,,sk000201/sk000201_10,,m000101/m110501_10
ropa,u110551_10_blyR,,f30,u000501/u110551_10,,n000101/n000101_10,,,,sk090201/sk090201_10,,m000101/m110501_10
ropa,u110551_10_lsa,,f31,u000501/u110551_10,,n000101/n000101_10,,,,sk000901/sk000901_10,,m000101/m110501_10
ropa,u110551_10_lse,,f32,u000501/u110551_10,,n000101/n000101_10,,,,sk000801/sk000801_10,,m000101/m110501_10
ropa,u110551_20,,f29,u000501/u110551_20,,n000101/n000101_10,DBE7E3FF,242B3DFF,,sk000201/sk000201_10,,m000101/m110501_20
ropa,u110551_20_blyR,,f30,u000501/u110551_20,,n000101/n000101_10,,,,sk090201/sk090201_10,,m000101/m110501_20
ropa,u110551_20_lsa,,f31,u000501/u110551_20,,n000101/n000101_10,,,,sk000901/sk000901_10,,m000101/m110501_20
ropa,u110551_20_lse,,f32,u000501/u110551_20,,n000101/n000101_10,,,,sk000801/sk000801_10,,m000101/m110501_20
ropa,u110601_10,,f18,u000101/u110601_10,,n000101/n000101_10,262626FF,B51637FF,,sk000101/sk000101_10,,m000101/m110601_10
ropa,u110601_10_blyR,,f19,u000101/u110601_10,,n000101/n000101_10,,,,sk090101/sk090101_10,,m000101/m110601_10
ropa,u110601_10_dam,,f20,u000101/u110601_10,,n000101/n000101_10,,,,sk000701/sk000701_10,,m000101/m110601_10
ropa,u110601_10_fld,,f22,u000101/u110601_10,,n000101/n000101_10,,,,sk000101/sk000101_10,,m000101/m110601_10
ropa,u110601_10_slv,,f23,u000101/u110601_10,,n000101/n000101_10,,,,sk000501/sk000501_10,,m000101/m110601_10
forma,f425,0,u000101/u000101,,n000101/n000101,,,,sk000101/sk000101,,m000101/m000101,
forma,f425,1,u000101/u000102,,n000101/n000102,,,,sk000101/sk000102,,m000101/m000102,
forma,f425,2,u000101/u000103,,n000101/n000103,,,,sk000101/sk000103,,m000101/m000103,
forma,f425,3,u000101/u000104,,n000101/n000104,,,,sk000101/sk000104,,m000101/m000104,
forma,f425,4,u000101/u000105,,n000101/n000105,,,,sk000101/sk000105,,m000101/m000105,
forma,f425,5,u000101/u000106,,n000101/n000106,,,,sk000101/sk000106,,m000101/m000106,
forma,f425,6,u000101/u000107,,n000101/n000107,,,,sk000101/sk000107,,m000101/m000107,
forma,f425,7,u000101/u000105,,n000101/n000108,,,,sk000101/sk000108,,m000101/m000108,
forma,f425,8,u000101/u000106,,n000101/n000106,,,,sk000101/sk000109,,m000101/m000106,
forma,f425,9,u000101/u000107,,n000101/n000107,,,,sk000101/sk000110,,m000101/m000107,
forma,f425,10,u000101/u000103,,n000101/n000103,,,,sk000101/sk000103,,m000101/m000103,
forma,f425,11,u000101/u000104,,n000101/n000104,,,,sk000101/sk000104,,m000101/m000104,
forma,f425,12,u000101/u000107,,n000101/n000107,,,,sk000101/sk000107,,m000101/m000107,
forma,f425,13,u000101/u000107,,n000101/n000107,,,,sk000101/sk000110,,m000101/m000107,
ropa,u110601_20,,f425,u000101/u110601_20,,n000101/n000101_10,242631FF,3878B9FF,,sk000101/sk000101_10,,m000101/m110601_20
ropa,u110601_20_blyR,,f19,u000101/u110601_20,,n000101/n000101_10,,,,sk090101/sk090101_10,,m000101/m110601_20
ropa,u110601_20_dam,,f20,u000101/u110601_20,,n000101/n000101_10,,,,sk000701/sk000701_10,,m000101/m110601_20
ropa,u110601_20_fld,,f22,u000101/u110601_20,,n000101/n000101_10,,,,sk000101/sk000101_10,,m000101/m110601_20
ropa,u110601_20_slv,,f23,u000101/u110601_20,,n000101/n000101_10,,,,sk000501/sk000501_10,,m000101/m110601_20
ropa,u110651_10,,f33,u000201/u110651_10,,n000101/n000101_10,2B2B2BFF,E1E1E1FF,,sk000201/sk000201_10,,m000101/m110601_10
ropa,u110651_10_blyR,,f34,u000201/u110651_10,,n000101/n000101_10,,,,sk090201/sk090201_10,,m000101/m110601_10
ropa,u110651_10_lsa,,f35,u000201/u110651_10,,n000101/n000101_10,,,,sk000901/sk000901_10,,m000101/m110601_10
ropa,u110651_10_lse,,f36,u000201/u110651_10,,n000101/n000101_10,,,,sk000801/sk000801_10,,m000101/m110601_10
forma,f426,0,u000201/u000201,,n000101/n000101,,,,sk000201/sk000201,,m000201/m000201,
forma,f426,1,u000201/u000202,,n000101/n000102,,,,sk000201/sk000202,,m000201/m000202,
forma,f426,2,u000201/u000203,,n000101/n000103,,,,sk000201/sk000203,,m000201/m000203,
forma,f426,3,u000201/u000204,,n000101/n000104,,,,sk000201/sk000204,,m000201/m000204,
forma,f426,4,u000201/u000205,,n000101/n000105,,,,sk000201/sk000205,,m000201/m000205,
forma,f426,5,u000201/u000206,,n000101/n000106,,,,sk000201/sk000206,,m000201/m000206,
forma,f426,6,u000201/u000207,,n000101/n000107,,,,sk000201/sk000207,,m000201/m000207,
forma,f426,7,u000201/u000205,,n000101/n000108,,,,sk000201/sk000205,,m000201/m000208,
forma,f426,8,u000201/u000206,,n000101/n000106,,,,sk000201/sk000209,,m000201/m000206,
forma,f426,9,u000201/u000207,,n000101/n000107,,,,sk000201/sk000210,,m000201/m000207,
forma,f426,10,u000201/u000203,,n000101/n000103,,,,sk000201/sk000203,,m000201/m000203,
forma,f426,11,u000201/u000204,,n000101/n000104,,,,sk000201/sk000204,,m000201/m000204,
forma,f426,12,u000201/u000207,,n000101/n000107,,,,sk000201/sk000207,,m000201/m000207,
forma,f426,13,u000201/u000207,,n000101/n000107,,,,sk000201/sk000210,,m000201/m000207,
ropa,u110651_20,,f426,u000201/u110651_20,,n000101/n000101_10,242631FF,2B683CFF,,sk000201/sk000201_10,,m000101/m110601_20
ropa,u110651_20_blyR,,f34,u000201/u110651_20,,n000101/n000101_10,,,,sk090201/sk090201_10,,m000101/m110601_20
ropa,u110651_20_lsa,,f35,u000201/u110651_20,,n000101/n000101_10,,,,sk000901/sk000901_10,,m000101/m110601_20
ropa,u110651_20_lse,,f36,u000201/u110651_20,,n000101/n000101_10,,,,sk000801/sk000801_10,,m000101/m110601_20
forma,f427,0,u003301/u003301,,n000201/n000201,,,,sk000101/sk000101,,m000101/m000101,
forma,f427,1,u003301/u003302,,n000201/n000202,,,,sk000101/sk000102,,m000101/m000102,
forma,f427,2,u003301/u003303,,n000201/n000203,,,,sk000101/sk000103,,m000101/m000103,
forma,f427,3,u003301/u003304,,n000201/n000204,,,,sk000101/sk000104,,m000101/m000104,
forma,f427,4,u003301/u003305,,n000201/n000205,,,,sk000101/sk000105,,m000101/m000105,
forma,f427,5,u003301/u003306,,n000201/n000206,,,,sk000101/sk000106,,m000101/m000106,
forma,f427,6,u003301/u003307,,n000201/n000207,,,,sk000101/sk000107,,m000101/m000107,
forma,f427,7,u003301/u003308,,n000201/n000208,,,,sk000101/sk000108,,m000101/m000108,
forma,f427,8,u003301/u003306,,n000201/n000206,,,,sk000101/sk000109,,m000101/m000106,
forma,f427,9,u003301/u003307,,n000201/n000207,,,,sk000101/sk000110,,m000101/m000107,
forma,f427,10,u003301/u003303,,n000201/n000203,,,,sk000101/sk000103,,m000101/m000103,
forma,f427,11,u003301/u003304,,n000201/n000204,,,,sk000101/sk000104,,m000101/m000104,
forma,f427,12,u003301/u003307,,n000201/n000207,,,,sk000101/sk000107,,m000101/m000107,
forma,f427,13,u003301/u003307,,n000201/n000207,,,,sk000101/sk000110,,m000101/m000107,
ropa,u110701_10,,f427,u003301/u110701_10,,n000201/n000201_10,B44FC1FF,28292EFF,,sk000101/sk000101_10,,m000101/m110701_10
forma,f428,1,u093301/u093302,,n000201/n000202,,,,sk090101/sk090102,,m000101/m000102,
ropa,u110701_10_blyR,,f428,u003301/u110701_10,,n000201/n000201_10,,,,sk090101/sk090101_10,,m000101/m110701_10
forma,f429,6,u093361/u093367,,n000201/n000207,,,,sk000701/sk000707,,m000101/m000107,
ropa,u110701_10_dam,,f429,u003301/u110701_10,,n000201/n000201_10,,,,sk000701/sk000701_10,,m000101/m110701_10
forma,f430,0,u093351/u093351,,n000201/n000201,,,,sk000101/sk000101,,m090151/m090151,
ropa,u110701_10_fld,,f430,u003301/u110701_10,,n000201/n000201_10,,,,sk000101/sk000101_10,,m000101/m110701_10
forma,f431,0,u093341/u093341,,n000201/n000201,,,,sk000501/sk000501,,m000101/m000101,
forma,f431,5,u093341/u093346,,n000201/n000206,,,,sk000501/sk000506,,m000101/m000106,
ropa,u110701_10_slv,,f431,u003301/u110701_10,,n000201/n000201_10,,,,sk000501/sk000501_10,,m000101/m110701_10
ropa,u110701_20,,f427,u003301/u110701_20,,n000201/n000201_10,252235FF,D9EAFEFF,,sk000101/sk000101_10,,m000101/m110701_20
ropa,u110701_20_blyR,,f428,u003301/u110701_20,,n000201/n000201_10,,,,sk090101/sk090101_10,,m000101/m110701_20
ropa,u110701_20_dam,,f429,u003301/u110701_20,,n000201/n000201_10,,,,sk000701/sk000701_10,,m000101/m110701_20
ropa,u110701_20_fld,,f430,u003301/u110701_20,,n000201/n000201_10,,,,sk000101/sk000101_10,,m000101/m110701_20
ropa,u110701_20_slv,,f431,u003301/u110701_20,,n000201/n000201_10,,,,sk000501/sk000501_10,,m000101/m110701_20
forma,f432,0,u003401/u003401,,n000201/n000201,,,,sk000201/sk000201,,m000201/m000201,
forma,f432,1,u003401/u003402,,n000201/n000202,,,,sk000201/sk000202,,m000201/m000202,
forma,f432,2,u003401/u003403,,n000201/n000203,,,,sk000201/sk000203,,m000201/m000203,
forma,f432,3,u003401/u003404,,n000201/n000204,,,,sk000201/sk000204,,m000201/m000204,
forma,f432,4,u003401/u003405,,n000201/n000205,,,,sk000201/sk000205,,m000201/m000205,
forma,f432,5,u003401/u003406,,n000201/n000206,,,,sk000201/sk000206,,m000201/m000206,
forma,f432,6,u003401/u003407,,n000201/n000207,,,,sk000201/sk000207,,m000201/m000207,
forma,f432,7,u003401/u003408,,n000201/n000208,,,,sk000201/sk000208,,m000201/m000208,
forma,f432,8,u003401/u003406,,n000201/n000206,,,,sk000201/sk000209,,m000201/m000206,
forma,f432,9,u003401/u003407,,n000201/n000207,,,,sk000201/sk000210,,m000201/m000207,
forma,f432,10,u003401/u003403,,n000201/n000203,,,,sk000201/sk000203,,m000201/m000203,
forma,f432,11,u003401/u003404,,n000201/n000204,,,,sk000201/sk000204,,m000201/m000204,
forma,f432,12,u003401/u003407,,n000201/n000207,,,,sk000201/sk000207,,m000201/m000207,
forma,f432,13,u003401/u003407,,n000201/n000207,,,,sk000201/sk000210,,m000201/m000207,
ropa,u110751_10,,f432,u003401/u110751_10,,n000201/n000201_10,28292EFF,999999FF,,sk000201/sk000201_10,,m000101/m110701_10
forma,f433,1,u093401/u093402,,n000201/n000202,,,,sk090201/sk090202,,m000201/m000202,
ropa,u110751_10_blyR,,f433,u003401/u110751_10,,n000201/n000201_10,,,,sk090201/sk090201_10,,m000101/m110701_10
forma,f434,0,u093481/u093481,,n000201/n000201,,,,sk000901/sk000901,,m000201/m000201,
ropa,u110751_10_lsa,,f434,u003401/u110751_10,,n000201/n000201_10,,,,sk000901/sk000901_10,,m000101/m110701_10
forma,f435,0,u093471/u093471,,n000201/n000201,,,,sk000801/sk000801,,m000201/m000201,
forma,f435,4,u093471/u093475,,n000201/n000205,,,,sk000801/sk000805,,m000201/m000205,
ropa,u110751_10_lse,,f435,u003401/u110751_10,,n000201/n000201_10,,,,sk000801/sk000801_10,,m000101/m110701_10
ropa,u110751_20,,f432,u003401/u110751_20,,n000201/n000201_10,252235FF,6F6A26FF,,sk000201/sk000201_10,,m000101/m110701_20
ropa,u110751_20_blyR,,f433,u003401/u110751_20,,n000201/n000201_10,,,,sk090201/sk090201_10,,m000101/m110701_20
ropa,u110751_20_lsa,,f434,u003401/u110751_20,,n000201/n000201_10,,,,sk000901/sk000901_10,,m000101/m110701_20
ropa,u110751_20_lse,,f435,u003401/u110751_20,,n000201/n000201_10,,,,sk000801/sk000801_10,,m000101/m110701_20
forma,f436,0,u000101/u000101,,n050101/n050101,,,,sk000101/sk000101,,m000101/m000101,
forma,f436,1,u000101/u000102,,n050101/n050102,,,,sk000101/sk000102,,m000101/m000102,
forma,f436,2,u000101/u000103,,n050101/n050103,,,,sk000101/sk000103,,m000101/m000103,
forma,f436,3,u000101/u000104,,n050101/n050104,,,,sk000101/sk000104,,m000101/m000104,
forma,f436,4,u000101/u000105,,n050101/n050105,,,,sk000101/sk000105,,m000101/m000105,
forma,f436,5,u000101/u000106,,n050101/n050106,,,,sk000101/sk000106,,m000101/m000106,
forma,f436,6,u000101/u000107,,n050101/n050107,,,,sk000101/sk000107,,m000101/m000107,
forma,f436,7,u000101/u000108,,n050101/n050108,,,,sk000101/sk000108,,m000101/m000108,
forma,f436,8,u000101/u000106,,n050101/n050106,,,,sk000101/sk000109,,m000101/m000106,
forma,f436,9,u000101/u000107,,n050101/n050107,,,,sk000101/sk000110,,m000101/m000107,
forma,f436,10,u000101/u000103,,n050101/n050103,,,,sk000101/sk000103,,m000101/m000103,
forma,f436,11,u000101/u000104,,n050101/n050104,,,,sk000101/sk000104,,m000101/m000104,
forma,f436,12,u000101/u000107,,n050101/n050107,,,,sk000101/sk000107,,m000101/m000107,
forma,f436,13,u000101/u000107,,n050101/n050107,,,,sk000101/sk000110,,m000101/m000107,
ropa,u110801_10,,f436,u000101/u110801_10,,n000101/n000101_10,8E9A96FF,174B3FFF,,sk000101/sk000101_10,,m000101/m110801_10
forma,f437,1,u090101/u090102,,n050101/n050102,,,,sk090101/sk090102,,m000101/m000102,
ropa,u110801_10_blyR,,f437,u000101/u110801_10,,n000101/n000101_10,,,,sk090101/sk090101_10,,m000101/m110801_10
forma,f438,6,u090161/u090167,,n050101/n050107,,,,sk000701/sk000707,,m000101/m000107,
ropa,u110801_10_dam,,f438,u000101/u110801_10,,n000101/n000101_10,,,,sk000701/sk000701_10,,m000101/m110801_10
forma,f439,0,u090151/u090151,,n050101/n050101,,,,sk000101/sk000101,,m090151/m090151,
ropa,u110801_10_fld,,f439,u000101/u110801_10,,n000101/n000101_10,,,,sk000101/sk000101_10,,m000101/m110801_10
forma,f440,0,u090141/u090141,,n050101/n050101,,,,sk000501/sk000501,,m000101/m000101,
forma,f440,5,u090141/u090146,,n050101/n050106,,,,sk000501/sk000506,,m000101/m000106,
ropa,u110801_10_slv,,f440,u000101/u110801_10,,n000101/n000101_10,,,,sk000501/sk000501_10,,m000101/m110801_10
ropa,u110801_20,,f436,u000101/u110801_20,,n000101/n000101_10,AA1302FF,E4E1CEFF,,sk000101/sk000101_10,,m000101/m110801_20
ropa,u110801_20_blyR,,f437,u000101/u110801_20,,n000101/n000101_10,,,,sk090101/sk090101_10,,m000101/m110801_20
ropa,u110801_20_dam,,f438,u000101/u110801_20,,n000101/n000101_10,,,,sk000701/sk000701_10,,m000101/m110801_20
ropa,u110801_20_fld,,f439,u000101/u110801_20,,n000101/n000101_10,,,,sk000101/sk000101_10,,m000101/m110801_20
ropa,u110801_20_slv,,f440,u000101/u110801_20,,n000101/n000101_10,,,,sk000501/sk000501_10,,m000101/m110801_20
forma,f441,0,u003401/u003401,,n050101/n050101,,,,sk000201/sk000201,,m000201/m000201,
forma,f441,1,u003401/u003402,,n050101/n050102,,,,sk000201/sk000202,,m000201/m000202,
forma,f441,2,u003401/u003403,,n050101/n050103,,,,sk000201/sk000203,,m000201/m000203,
forma,f441,3,u003401/u003404,,n050101/n050104,,,,sk000201/sk000204,,m000201/m000204,
forma,f441,4,u003401/u003405,,n050101/n050105,,,,sk000201/sk000205,,m000201/m000205,
forma,f441,5,u003401/u003406,,n050101/n050106,,,,sk000201/sk000206,,m000201/m000206,
forma,f441,6,u003401/u003407,,n050101/n050107,,,,sk000201/sk000207,,m000201/m000207,
forma,f441,7,u003401/u003408,,n050101/n050108,,,,sk000201/sk000208,,m000201/m000208,
forma,f441,8,u003401/u003406,,n050101/n050106,,,,sk000201/sk000209,,m000201/m000206,
forma,f441,9,u003401/u003407,,n050101/n050107,,,,sk000201/sk000210,,m000201/m000207,
forma,f441,10,u003401/u003403,,n050101/n050103,,,,sk000201/sk000203,,m000201/m000203,
forma,f441,11,u003401/u003404,,n050101/n050104,,,,sk000201/sk000204,,m000201/m000204,
forma,f441,12,u003401/u003407,,n050101/n050107,,,,sk000201/sk000207,,m000201/m000207,
forma,f441,13,u003401/u003407,,n050101/n050107,,,,sk000201/sk000210,,m000201/m000207,
ropa,u110851_10,,f441,u003401/u110851_10,,n000101/n000101_10,D5B987FF,2C2324FF,,sk000201/sk000201_10,,m000101/m110801_10
forma,f442,1,u093401/u093402,,n050101/n050102,,,,sk090201/sk090202,,m000201/m000202,
ropa,u110851_10_blyR,,f442,u003401/u110851_10,,n000101/n000101_10,,,,sk090201/sk090201_10,,m000101/m110801_10
forma,f443,0,u093481/u093481,,n050101/n050101,,,,sk000901/sk000901,,m000201/m000201,
ropa,u110851_10_lsa,,f443,u003401/u110851_10,,n000101/n000101_10,,,,sk000901/sk000901_10,,m000101/m110801_10
forma,f444,0,u093471/u093471,,n050101/n050101,,,,sk000801/sk000801,,m000201/m000201,
forma,f444,4,u093471/u093475,,n050101/n050105,,,,sk000801/sk000805,,m000201/m000205,
ropa,u110851_10_lse,,f444,u003401/u110851_10,,n000101/n000101_10,,,,sk000801/sk000801_10,,m000101/m110801_10
ropa,u110851_20,,f441,u003401/u110851_20,,n000101/n000101_10,E4E1CEFF,252525FF,,sk000201/sk000201_10,,m000101/m110801_20
ropa,u110851_20_blyR,,f442,u003401/u110851_20,,n000101/n000101_10,,,,sk090201/sk090201_10,,m000101/m110801_20
ropa,u110851_20_lsa,,f443,u003401/u110851_20,,n000101/n000101_10,,,,sk000901/sk000901_10,,m000101/m110801_20
ropa,u110851_20_lse,,f444,u003401/u110851_20,,n000101/n000101_10,,,,sk000801/sk000801_10,,m000101/m110801_20
ropa,u110901_10,,f18,u000101/u110901_10,,n000101/n000101_10,292929FF,292929FF,,sk000101/sk000101_10,,m000101/m110901_10
ropa,u110901_10_blyR,,f19,u000101/u110901_10,,n000101/n000101_10,,,,sk090101/sk090101_10,,m000101/m110901_10
ropa,u110901_10_dam,,f20,u000101/u110901_10,,n000101/n000101_10,,,,sk000701/sk000701_10,,m000101/m110901_10
ropa,u110901_10_fld,,f22,u000101/u110901_10,,n000101/n000101_10,,,,sk000101/sk000101_10,,m000101/m110901_10
ropa,u110901_10_slv,,f23,u000101/u110901_10,,n000101/n000101_10,,,,sk000501/sk000501_10,,m000101/m110901_10
ropa,u110901_20,,f18,u000101/u110901_20,,n000101/n000101_10,292929FF,292929FF,,sk000101/sk000101_10,,m000101/m110901_20
ropa,u110901_20_blyR,,f19,u000101/u110901_20,,n000101/n000101_10,,,,sk090101/sk090101_10,,m000101/m110901_20
ropa,u110901_20_dam,,f20,u000101/u110901_20,,n000101/n000101_10,,,,sk000701/sk000701_10,,m000101/m110901_20
ropa,u110901_20_fld,,f22,u000101/u110901_20,,n000101/n000101_10,,,,sk000101/sk000101_10,,m000101/m110901_20
ropa,u110901_20_slv,,f23,u000101/u110901_20,,n000101/n000101_10,,,,sk000501/sk000501_10,,m000101/m110901_20
ropa,u110951_10,,f33,u000201/u110951_10,,n000101/n000101_10,292929FF,292929FF,,sk000201/sk000201_10,,m000101/m110901_10
ropa,u110951_10_blyR,,f34,u000201/u110951_10,,n000101/n000101_10,,,,sk090201/sk090201_10,,m000101/m110901_10
ropa,u110951_10_lsa,,f35,u000201/u110951_10,,n000101/n000101_10,,,,sk000901/sk000901_10,,m000101/m110901_10
ropa,u110951_10_lse,,f36,u000201/u110951_10,,n000101/n000101_10,,,,sk000801/sk000801_10,,m000101/m110901_10
ropa,u110951_20,,f33,u000201/u110951_20,,n000101/n000101_10,E9EBEAFF,E9EBEAFF,,sk000201/sk000201_10,,m000101/m110901_20
ropa,u110951_20_blyR,,f34,u000201/u110951_20,,n000101/n000101_10,,,,sk090201/sk090201_10,,m000101/m110901_20
ropa,u110951_20_lsa,,f35,u000201/u110951_20,,n000101/n000101_10,,,,sk000901/sk000901_10,,m000101/m110901_20
ropa,u110951_20_lse,,f36,u000201/u110951_20,,n000101/n000101_10,,,,sk000801/sk000801_10,,m000101/m110901_20
ropa,u111001_10,,f100,u001101/u111001_10,,n000101/n000101_10,E2E2E2FF,E2E2E2FF,,sk000101/sk000101_10,,m000101/m111001_10
ropa,u111001_10_blyR,,f101,u001101/u111001_10,,n000101/n000101_10,,,,sk090101/sk090101_10,,m000101/m111001_10
ropa,u111001_10_dam,,f102,u001101/u111001_10,,n000101/n000101_10,,,,sk000701/sk000701_10,,m000101/m111001_10
ropa,u111001_10_fld,,f103,u001101/u111001_10,,n000101/n000101_10,,,,sk000101/sk000101_10,,m000101/m111001_10
ropa,u111001_10_slv,,f104,u001101/u111001_10,,n000101/n000101_10,,,,sk000501/sk000501_10,,m000101/m111001_10
ropa,u111001_20,,f100,u001101/u111001_20,,n000101/n000101_10,393939FF,393939FF,,sk000101/sk000101_10,,m000101/m111001_20
ropa,u111001_20_blyR,,f101,u001101/u111001_20,,n000101/n000101_10,,,,sk090101/sk090101_10,,m000101/m111001_20
ropa,u111001_20_dam,,f102,u001101/u111001_20,,n000101/n000101_10,,,,sk000701/sk000701_10,,m000101/m111001_20
ropa,u111001_20_fld,,f103,u001101/u111001_20,,n000101/n000101_10,,,,sk000101/sk000101_10,,m000101/m111001_20
ropa,u111001_20_slv,,f104,u001101/u111001_20,,n000101/n000101_10,,,,sk000501/sk000501_10,,m000101/m111001_20
ropa,u111051_10,,f105,u001201/u111051_10,,n000101/n000101_10,E2E2E2FF,E2E2E2FF,,sk000201/sk000201_10,,m000101/m111001_10
ropa,u111051_10_blyR,,f106,u001201/u111051_10,,n000101/n000101_10,,,,sk090201/sk090201_10,,m000101/m111001_10
ropa,u111051_10_lsa,,f107,u001201/u111051_10,,n000101/n000101_10,,,,sk000901/sk000901_10,,m000101/m111001_10
ropa,u111051_10_lse,,f108,u001201/u111051_10,,n000101/n000101_10,,,,sk000801/sk000801_10,,m000101/m111001_10
ropa,u111051_20,,f105,u001201/u111051_20,,n000101/n000101_10,E5DEC4FF,E5DEC4FF,,sk000201/sk000201_10,,m000101/m111001_20
ropa,u111051_20_blyR,,f106,u001201/u111051_20,,n000101/n000101_10,,,,sk090201/sk090201_10,,m000101/m111001_20
ropa,u111051_20_lsa,,f107,u001201/u111051_20,,n000101/n000101_10,,,,sk000901/sk000901_10,,m000101/m111001_20
ropa,u111051_20_lse,,f108,u001201/u111051_20,,n000101/n000101_10,,,,sk000801/sk000801_10,,m000101/m111001_20
forma,f445,0,u111101/u111101,,n111101/n111101,,,,sk000101/sk000101,,m000101/m000101,
forma,f445,1,u111101/u111102,,n111101/n111102,,,,sk000101/sk000102,,m000101/m000102,
forma,f445,2,u111101/u111103,,n111101/n111103,,,,sk000101/sk000103,,m000101/m000103,
forma,f445,3,u111101/u111104,,n111101/n111104,,,,sk000101/sk000104,,m000101/m000104,
forma,f445,4,u111101/u111105,,n111101/n111105,,,,sk000101/sk000105,,m000101/m000105,
forma,f445,5,u111101/u111106,,n111101/n111106,,,,sk000101/sk000106,,m000101/m000106,
forma,f445,6,u111101/u111107,,n111101/n111107,,,,sk000101/sk000107,,m000101/m000107,
forma,f445,7,u111101/u111108,,n111101/n111108,,,,sk000101/sk000108,,m000101/m000108,
forma,f445,8,u111101/u111106,,n111101/n111106,,,,sk000101/sk000109,,m000101/m000106,
forma,f445,9,u111101/u111107,,n111101/n111107,,,,sk000101/sk000110,,m000101/m000107,
forma,f445,10,u111101/u111103,,n111101/n111103,,,,sk000101/sk000103,,m000101/m000103,
forma,f445,11,u111101/u111104,,n111101/n111104,,,,sk000101/sk000104,,m000101/m000104,
forma,f445,12,u111101/u111107,,n111101/n111107,,,,sk000101/sk000107,,m000101/m000107,
forma,f445,13,u111101/u111107,,n111101/n111107,,,,sk000101/sk000110,,m000101/m000107,
ropa,u111101_10,,f445,u111101/u111101_10,,n000101/n000101_10,E6F0EFFF,E6F0EFFF,,sk000101/sk000101_10,,m000101/m111101_10
forma,f446,1,u111141/u111142,,n111101/n111102,,,,sk090101/sk090102,,m000101/m000102,
ropa,u111101_10_blyR,,f446,u111101/u111101_10,,n000101/n000101_10,,,,sk090101/sk090101_10,,m000101/m111101_10
forma,f447,6,u911121/u911127,,n111101/n111107,,,,sk000701/sk000707,,m000101/m000107,
ropa,u111101_10_dam,,f447,u111101/u111101_10,,n000101/n000101_10,,,,sk000701/sk000701_10,,m000101/m111101_10
forma,f448,0,u911111/u911111,,n111101/n111101,,,,sk000101/sk000101,,m090151/m090151,
ropa,u111101_10_fld,,f448,u111101/u111101_10,,n000101/n000101_10,,,,sk000101/sk000101_10,,m000101/m111101_10
forma,f449,0,u111111/u111111,,n111101/n111101,,,,sk000501/sk000501,,m000101/m000101,
forma,f449,5,u111111/u111116,,n111101/n111106,,,,sk000501/sk000506,,m000101/m000106,
ropa,u111101_10_slv,,f449,u111101/u111101_10,,n000101/n000101_10,,,,sk000501/sk000501_10,,m000101/m111101_10
ropa,u111101_20,,f445,u111101/u111101_20,,n000101/n000101_10,292929FF,292929FF,,sk000101/sk000101_10,,m000101/m111101_20
ropa,u111101_20_blyR,,f446,u111101/u111101_20,,n000101/n000101_10,,,,sk090101/sk090101_10,,m000101/m111101_20
ropa,u111101_20_dam,,f447,u111101/u111101_20,,n000101/n000101_10,,,,sk000701/sk000701_10,,m000101/m111101_20
ropa,u111101_20_fld,,f448,u111101/u111101_20,,n000101/n000101_10,,,,sk000101/sk000101_10,,m000101/m111101_20
ropa,u111101_20_slv,,f449,u111101/u111101_20,,n000101/n000101_10,,,,sk000501/sk000501_10,,m000101/m111101_20
forma,f450,0,u111151/u111151,,n111101/n111101,,,,sk000201/sk000201,,m000201/m000201,
forma,f450,1,u111151/u111152,,n111101/n111102,,,,sk000201/sk000202,,m000201/m000202,
forma,f450,2,u111151/u111153,,n111101/n111103,,,,sk000201/sk000203,,m000201/m000203,
forma,f450,3,u111151/u111154,,n111101/n111104,,,,sk000201/sk000204,,m000201/m000204,
forma,f450,4,u111151/u111155,,n111101/n111105,,,,sk000201/sk000205,,m000201/m000205,
forma,f450,5,u111151/u111156,,n111101/n111106,,,,sk000201/sk000206,,m000201/m000206,
forma,f450,6,u111151/u111157,,n111101/n111107,,,,sk000201/sk000207,,m000201/m000207,
forma,f450,7,u111151/u111158,,n111101/n111108,,,,sk000201/sk000208,,m000201/m000208,
forma,f450,8,u111151/u111156,,n111101/n111106,,,,sk000201/sk000209,,m000201/m000206,
forma,f450,9,u111151/u111157,,n111101/n111107,,,,sk000201/sk000210,,m000201/m000207,
forma,f450,10,u111151/u111153,,n111101/n111103,,,,sk000201/sk000203,,m000201/m000203,
forma,f450,11,u111151/u111154,,n111101/n111104,,,,sk000201/sk000204,,m000201/m000204,
forma,f450,12,u111151/u111157,,n111101/n111107,,,,sk000201/sk000207,,m000201/m000207,
forma,f450,13,u111151/u111157,,n111101/n111107,,,,sk000201/sk000210,,m000201/m000207,
ropa,u111151_10,,f450,u111151/u111151_10,,n000101/n000101_10,E6F0EFFF,E6F0EFFF,,sk000201/sk000201_10,,m000101/m111101_10
forma,f451,1,u111191/u111192,,n111101/n111102,,,,sk090201/sk090202,,m000201/m000202,
ropa,u111151_10_blyR,,f451,u111151/u111151_10,,n000101/n000101_10,,,,sk090201/sk090201_10,,m000101/m111101_10
forma,f452,0,u911191/u911191,,n111101/n111101,,,,sk000901/sk000901,,m000201/m000201,
ropa,u111151_10_lsa,,f452,u111151/u111151_10,,n000101/n000101_10,,,,sk000901/sk000901_10,,m000101/m111101_10
forma,f453,0,u911181/u911181,,n111101/n111101,,,,sk000801/sk000801,,m000201/m000201,
forma,f453,4,u911181/u911185,,n111101/n111105,,,,sk000801/sk000805,,m000201/m000205,
ropa,u111151_10_lse,,f453,u111151/u111151_10,,n000101/n000101_10,,,,sk000801/sk000801_10,,m000101/m111101_10
ropa,u111151_20,,f450,u111151/u111151_20,,n000101/n000101_10,EEF0EFFF,EEF0EFFF,,sk000201/sk000201_10,,m000101/m111101_20
ropa,u111151_20_blyR,,f451,u111151/u111151_20,,n000101/n000101_10,,,,sk090201/sk090201_10,,m000101/m111101_20
ropa,u111151_20_lsa,,f452,u111151/u111151_20,,n000101/n000101_10,,,,sk000901/sk000901_10,,m000101/m111101_20
ropa,u111151_20_lse,,f453,u111151/u111151_20,,n000101/n000101_10,,,,sk000801/sk000801_10,,m000101/m111101_20
forma,f454,0,u002101/u002101,,n050101/n050101,,,,sk000101/sk000101,,m000101/m000101,
forma,f454,1,u002101/u002102,,n050101/n050102,,,,sk000101/sk000102,,m000101/m000102,
forma,f454,2,u002101/u002103,,n050101/n050103,,,,sk000101/sk000103,,m000101/m000103,
forma,f454,3,u002101/u002104,,n050101/n050104,,,,sk000101/sk000104,,m000101/m000104,
forma,f454,4,u002101/u002105,,n050101/n050105,,,,sk000101/sk000105,,m000101/m000105,
forma,f454,5,u002101/u002106,,n050101/n050106,,,,sk000101/sk000106,,m000101/m000106,
forma,f454,6,u002101/u002107,,n050101/n050107,,,,sk000101/sk000107,,m000101/m000107,
forma,f454,7,u002101/u002108,,n050101/n050108,,,,sk000101/sk000108,,m000101/m000108,
forma,f454,8,u002101/u002106,,n050101/n050106,,,,sk000101/sk000109,,m000101/m000106,
forma,f454,9,u002101/u002107,,n050101/n050107,,,,sk000101/sk000110,,m000101/m000107,
forma,f454,10,u002101/u002103,,n050101/n050103,,,,sk000101/sk000103,,m000101/m000103,
forma,f454,11,u002101/u002104,,n050101/n050104,,,,sk000101/sk000104,,m000101/m000104,
forma,f454,12,u002101/u002107,,n050101/n050107,,,,sk000101/sk000107,,m000101/m000107,
forma,f454,13,u002101/u002107,,n050101/n050107,,,,sk000101/sk000110,,m000101/m000107,
ropa,u111201_10,,f454,u002101/u111201_10,,n000101/n000101_10,FDF1FFFF,9E3A3AFF,,sk000101/sk000101_10,,m000101/m111201_10
ropa,u111201_10_armcover,,f454,u002101/u111201_10,,n000101/n000101_10,,,,sk000101/sk111201_10,,m000101/m111201_10
forma,f455,1,u092101/u092102,,n050101/n050102,,,,sk090101/sk090102,,m000101/m000102,
ropa,u111201_10_blyR,,f455,u002101/u111201_10,,n000101/n000101_10,,,,sk090101/sk090101_10,,m000101/m111201_10
forma,f456,6,u092161/u092167,,n050101/n050107,,,,sk000701/sk000707,,m000101/m000107,
ropa,u111201_10_dam,,f456,u002101/u111201_10,,n000101/n000101_10,,,,sk000701/sk000701_10,,m000101/m111201_10
forma,f457,0,u092151/u092151,,n050101/n050101,,,,sk000101/sk000101,,m090151/m090151,
ropa,u111201_10_fld,,f457,u002101/u111201_10,,n000101/n000101_10,,,,sk000101/sk000101_10,,m000101/m111201_10
forma,f458,0,u092141/u092141,,n050101/n050101,,,,sk000501/sk000501,,m000101/m000101,
forma,f458,5,u092141/u092146,,n050101/n050106,,,,sk000501/sk000506,,m000101/m000106,
ropa,u111201_10_slv,,f458,u002101/u111201_10,,n000101/n000101_10,,,,sk000501/sk000501_10,,m000101/m111201_10
ropa,u111201_20,,f454,u002101/u111201_20,,n000101/n000101_10,FEF8E0FF,486837FF,,sk000101/sk000101_10,,m000101/m111201_20
forma,f459,0,u002101/u002101,,n050101/n050101,,,,sk000101/sk000101,,m000101/m000101,
forma,f459,1,u002101/u002102,,n050101/n050102,,,,sk000101/sk000102,,m000101/m000102,
forma,f459,2,u002101/u002103,,n050101/n050103,,,,sk000101/sk000103,,m000101/m000103,
forma,f459,3,u002101/u002104,,n050101/n050104,,,,sk000101/sk000104,,m000101/m000104,
forma,f459,4,u002101/u002105,,n050101/n050105,,,,sk000101/sk000105,,m000101/m000105,
forma,f459,5,u002101/u002106,,n050101/n050106,,,,sk000101/sk000106,,m000101/m000106,
forma,f459,6,u002101/u002108,,n050101/n050107,,,,sk000101/sk000107,,m000101/m000107,
forma,f459,7,u002101/u002105,,n050101/n050108,,,,sk000101/sk000108,,m000101/m000108,
forma,f459,8,u002101/u002106,,n050101/n050106,,,,sk000101/sk000109,,m000101/m000106,
forma,f459,9,u002101/u002107,,n050101/n050107,,,,sk000101/sk000110,,m000101/m000107,
forma,f459,10,u002101/u002103,,n050101/n050103,,,,sk000101/sk000103,,m000101/m000103,
forma,f459,11,u002101/u002104,,n050101/n050104,,,,sk000101/sk000104,,m000101/m000104,
forma,f459,12,u002101/u002107,,n050101/n050107,,,,sk000101/sk000107,,m000101/m000107,
forma,f459,13,u002101/u002107,,n050101/n050107,,,,sk000101/sk000110,,m000101/m000107,
ropa,u111201_20_armcover,,f459,u002101/u111201_20,,n000101/n000101_10,,,,sk000101/sk111201_10,,m000101/m111201_20
ropa,u111201_20_blyR,,f455,u002101/u111201_20,,n000101/n000101_10,,,,sk090101/sk090101_10,,m000101/m111201_20
ropa,u111201_20_dam,,f456,u002101/u111201_20,,n000101/n000101_10,,,,sk000701/sk000701_10,,m000101/m111201_20
ropa,u111201_20_fld,,f457,u002101/u111201_20,,n000101/n000101_10,,,,sk000101/sk000101_10,,m000101/m111201_20
ropa,u111201_20_slv,,f458,u002101/u111201_20,,n000101/n000101_10,,,,sk000501/sk000501_10,,m000101/m111201_20
forma,f460,0,u002201/u002201,,n050101/n050101,,,,sk000201/sk000201,,m000201/m000201,
forma,f460,1,u002201/u002202,,n050101/n050102,,,,sk000201/sk000202,,m000201/m000202,
forma,f460,2,u002201/u002203,,n050101/n050103,,,,sk000201/sk000203,,m000201/m000203,
forma,f460,3,u002201/u002204,,n050101/n050104,,,,sk000201/sk000204,,m000201/m000204,
forma,f460,4,u002201/u002205,,n050101/n050105,,,,sk000201/sk000205,,m000201/m000205,
forma,f460,5,u002201/u002206,,n050101/n050106,,,,sk000201/sk000206,,m000201/m000206,
forma,f460,6,u002201/u002207,,n050101/n050107,,,,sk000201/sk000207,,m000201/m000207,
forma,f460,7,u002201/u002208,,n050101/n050108,,,,sk000201/sk000208,,m000201/m000208,
forma,f460,8,u002201/u002206,,n050101/n050106,,,,sk000201/sk000209,,m000201/m000206,
forma,f460,9,u002201/u002207,,n050101/n050107,,,,sk000201/sk000210,,m000201/m000207,
forma,f460,10,u002201/u002203,,n050101/n050103,,,,sk000201/sk000203,,m000201/m000203,
forma,f460,11,u002201/u002204,,n050101/n050104,,,,sk000201/sk000204,,m000201/m000204,
forma,f460,12,u002201/u002207,,n050101/n050107,,,,sk000201/sk000207,,m000201/m000207,
forma,f460,13,u002201/u002207,,n050101/n050107,,,,sk000201/sk000210,,m000201/m000207,
ropa,u111251_10,,f460,u002201/u111251_10,,n000101/n000101_10,EEF0EFFF,C49432FF,,sk000201/sk000201_10,,m000101/m111201_10
forma,f461,1,u092201/u092202,,n050101/n050102,,,,sk090201/sk090202,,m000201/m000202,
ropa,u111251_10_blyR,,f461,u002201/u111251_10,,n000101/n000101_10,,,,sk090201/sk090201_10,,m000101/m111201_10
forma,f462,0,u092281/u092281,,n050101/n050101,,,,sk000901/sk000901,,m000201/m000201,
ropa,u111251_10_lsa,,f462,u002201/u111251_10,,n000101/n000101_10,,,,sk000901/sk000901_10,,m000101/m111201_10
forma,f463,0,u092271/u092271,,n050101/n050101,,,,sk000801/sk000801,,m000201/m000201,
forma,f463,4,u092271/u092275,,n050101/n050105,,,,sk000801/sk000805,,m000201/m000205,
ropa,u111251_10_lse,,f463,u002201/u111251_10,,n000101/n000101_10,,,,sk000801/sk000801_10,,m000101/m111201_10
ropa,u111251_20,,f460,u002201/u111251_20,,n000101/n000101_10,FEF8E0FF,B795D2FF,,sk000201/sk000201_10,,m000101/m111201_20
ropa,u111251_20_blyR,,f461,u002201/u111251_20,,n000101/n000101_10,,,,sk090201/sk090201_10,,m000101/m111201_20
ropa,u111251_20_lsa,,f462,u002201/u111251_20,,n000101/n000101_10,,,,sk000901/sk000901_10,,m000101/m111201_20
ropa,u111251_20_lse,,f463,u002201/u111251_20,,n000101/n000101_10,,,,sk000801/sk000801_10,,m000101/m111201_20
ropa,u111301_10,,f454,u002101/u111301_10,,n000101/n000101_10,C6AA78FF,2E193AFF,,sk000101/sk111301_10,,m000101/m111301_10
ropa,u111301_10_blyR,,f455,u002101/u111301_10,,n000101/n000101_10,,,,sk000101/sk111301_10,,m000101/m111301_10
ropa,u111301_10_dam,,f456,u002101/u111301_10,,n000101/n000101_10,,,,sk000101/sk111301_10,,m000101/m111301_10
ropa,u111301_10_fld,,f457,u002101/u111301_10,,n000101/n000101_10,,,,sk000101/sk111301_10,,m000101/m111301_10
ropa,u111301_10_slv,,f458,u002101/u111301_10,,n000101/n000101_10,,,,sk000101/sk111301_10,,m000101/m111301_10
ropa,u111301_20,,f454,u002101/u111301_20,,n000101/n000101_10,DCD3C4FF,832D30FF,,sk000101/sk111301_10,,m000101/m111301_20
ropa,u111301_20_blyR,,f455,u002101/u111301_20,,n000101/n000101_10,,,,sk000101/sk111301_10,,m000101/m111301_20
ropa,u111301_20_dam,,f456,u002101/u111301_20,,n000101/n000101_10,,,,sk000101/sk111301_10,,m000101/m111301_20
ropa,u111301_20_fld,,f457,u002101/u111301_20,,n000101/n000101_10,,,,sk000101/sk111301_10,,m000101/m111301_20
ropa,u111301_20_slv,,f458,u002101/u111301_20,,n000101/n000101_10,,,,sk000101/sk111301_10,,m000101/m111301_20
ropa,u111351_10,,f460,u002201/u111351_10,,n000101/n000101_10,1B1B25FF,E9EBEAFF,,sk000201/sk000201_10,,m000101/m111301_10
ropa,u111351_10_blyR,,f461,u002201/u111351_10,,n000101/n000101_10,,,,sk090201/sk090201_10,,m000101/m111301_10
ropa,u111351_10_lsa,,f462,u002201/u111351_10,,n000101/n000101_10,,,,sk000901/sk000901_10,,m000101/m111301_10
ropa,u111351_10_lse,,f463,u002201/u111351_10,,n000101/n000101_10,,,,sk000801/sk000801_10,,m000101/m111301_10
ropa,u111351_20,,f460,u002201/u111351_20,,n000101/n000101_10,AFA79AFF,1B1B25FF,,sk000201/sk000201_10,,m000101/m111301_20
ropa,u111351_20_blyR,,f461,u002201/u111351_20,,n000101/n000101_10,,,,sk090201/sk090201_10,,m000101/m111301_20
ropa,u111351_20_lsa,,f462,u002201/u111351_20,,n000101/n000101_10,,,,sk000901/sk000901_10,,m000101/m111301_20
ropa,u111351_20_lse,,f463,u002201/u111351_20,,n000101/n000101_10,,,,sk000801/sk000801_10,,m000101/m111301_20
forma,f464,0,u002101/u002101,,n111401/n111401,,,,sk000101/sk000101,,m000101/m000101,
forma,f464,1,u002101/u002102,,n111401/n111402,,,,sk000101/sk000102,,m000101/m000102,
forma,f464,2,u002101/u002103,,n111401/n111403,,,,sk000101/sk000103,,m000101/m000103,
forma,f464,3,u002101/u002104,,n111401/n111404,,,,sk000101/sk000104,,m000101/m000104,
forma,f464,4,u002101/u002105,,n111401/n111405,,,,sk000101/sk000105,,m000101/m000105,
forma,f464,5,u002101/u002106,,n111401/n111406,,,,sk000101/sk000106,,m000101/m000106,
forma,f464,6,u002101/u002107,,n111401/n111407,,,,sk000101/sk000107,,m000101/m000107,
forma,f464,7,u002101/u002108,,n111401/n111408,,,,sk000101/sk000108,,m000101/m000108,
forma,f464,8,u002101/u002106,,n111401/n111406,,,,sk000101/sk000109,,m000101/m000106,
forma,f464,9,u002101/u002107,,n111401/n111407,,,,sk000101/sk000110,,m000101/m000107,
forma,f464,10,u002101/u002103,,n111401/n111403,,,,sk000101/sk000103,,m000101/m000103,
forma,f464,11,u002101/u002104,,n111401/n111404,,,,sk000101/sk000104,,m000101/m000104,
forma,f464,12,u002101/u002107,,n111401/n111407,,,,sk000101/sk000107,,m000101/m000107,
forma,f464,13,u002101/u002107,,n111401/n111407,,,,sk000101/sk000110,,m000101/m000107,
ropa,u111401_10,,f464,u002101/u111401_10,,n000101/n000101_10,E2E1F1FF,183668FF,,sk000101/sk000101_10,,m000101/m111401_10
forma,f465,1,u092101/u092102,,n111401/n111402,,,,sk090101/sk090102,,m000101/m000102,
ropa,u111401_10_blyR,,f465,u002101/u111401_10,,n000101/n000101_10,,,,sk090101/sk090101_10,,m000101/m111401_10
forma,f466,6,u092161/u092167,,n111401/n111407,,,,sk000701/sk000707,,m000101/m000107,
ropa,u111401_10_dam,,f466,u002101/u111401_10,,n000101/n000101_10,,,,sk000701/sk000701_10,,m000101/m111401_10
forma,f467,0,u092151/u092151,,n111401/n111401,,,,sk000101/sk000101,,m090151/m090151,
ropa,u111401_10_fld,,f467,u002101/u111401_10,,n000101/n000101_10,,,,sk000101/sk000101_10,,m000101/m111401_10
forma,f468,0,u092141/u092141,,n111401/n111401,,,,sk000501/sk000501,,m000101/m000101,
forma,f468,5,u092141/u092146,,n111401/n111406,,,,sk000501/sk000506,,m000101/m000106,
ropa,u111401_10_slv,,f468,u002101/u111401_10,,n000101/n000101_10,,,,sk000501/sk000501_10,,m000101/m111401_10
ropa,u111401_20,,f464,u002101/u111401_20,,n000101/n000101_10,183668FF,D2E043FF,,sk000101/sk000101_10,,m000101/m111401_20
ropa,u111401_20_blyR,,f465,u002101/u111401_20,,n000101/n000101_10,,,,sk090101/sk090101_10,,m000101/m111401_20
ropa,u111401_20_dam,,f466,u002101/u111401_20,,n000101/n000101_10,,,,sk000701/sk000701_10,,m000101/m111401_20
ropa,u111401_20_fld,,f467,u002101/u111401_20,,n000101/n000101_10,,,,sk000101/sk000101_10,,m000101/m111401_20
ropa,u111401_20_slv,,f468,u002101/u111401_20,,n000101/n000101_10,,,,sk000501/sk000501_10,,m000101/m111401_20
forma,f469,0,u002201/u002201,,n111401/n111401,,,,sk000201/sk000201,,m000201/m000201,
forma,f469,1,u002201/u002202,,n111401/n111402,,,,sk000201/sk000202,,m000201/m000202,
forma,f469,2,u002201/u002203,,n111401/n111403,,,,sk000201/sk000203,,m000201/m000203,
forma,f469,3,u002201/u002204,,n111401/n111404,,,,sk000201/sk000204,,m000201/m000204,
forma,f469,4,u002201/u002205,,n111401/n111405,,,,sk000201/sk000205,,m000201/m000205,
forma,f469,5,u002201/u002206,,n111401/n111406,,,,sk000201/sk000206,,m000201/m000206,
forma,f469,6,u002201/u002207,,n111401/n111407,,,,sk000201/sk000207,,m000201/m000207,
forma,f469,7,u002201/u002208,,n111401/n111408,,,,sk000201/sk000208,,m000201/m000208,
forma,f469,8,u002201/u002206,,n111401/n111406,,,,sk000201/sk000209,,m000201/m000206,
forma,f469,9,u002201/u002207,,n111401/n111407,,,,sk000201/sk000210,,m000201/m000207,
forma,f469,10,u002201/u002203,,n111401/n111403,,,,sk000201/sk000203,,m000201/m000203,
forma,f469,11,u002201/u002204,,n111401/n111404,,,,sk000201/sk000204,,m000201/m000204,
forma,f469,12,u002201/u002207,,n111401/n111407,,,,sk000201/sk000207,,m000201/m000207,
forma,f469,13,u002201/u002207,,n111401/n111407,,,,sk000201/sk000210,,m000201/m000207,
ropa,u111451_10,,f469,u002201/u111451_10,,n000101/n000101_10,183668FF,E2E1F1FF,,sk000201/sk000201_10,,m000101/m111401_10
forma,f470,1,u092201/u092202,,n111401/n111402,,,,sk090201/sk090202,,m000201/m000202,
ropa,u111451_10_blyR,,f470,u002201/u111451_10,,n000101/n000101_10,,,,sk090201/sk090201_10,,m000101/m111401_10
forma,f471,0,u092281/u092281,,n111401/n111401,,,,sk000901/sk000901,,m000201/m000201,
ropa,u111451_10_lsa,,f471,u002201/u111451_10,,n000101/n000101_10,,,,sk000901/sk000901_10,,m000101/m111401_10
forma,f472,0,u092271/u092271,,n111401/n111401,,,,sk000801/sk000801,,m000201/m000201,
forma,f472,4,u092271/u092275,,n111401/n111405,,,,sk000801/sk000805,,m000201/m000205,
ropa,u111451_10_lse,,f472,u002201/u111451_10,,n000101/n000101_10,,,,sk000801/sk000801_10,,m000101/m111401_10
ropa,u111451_20,,f469,u002201/u111451_20,,n000101/n000101_10,183368FF,E94E6EFF,,sk000201/sk000201_10,,m000101/m111401_20
ropa,u111451_20_blyR,,f470,u002201/u111451_20,,n000101/n000101_10,,,,sk090201/sk090201_10,,m000101/m111401_20
ropa,u111451_20_lsa,,f471,u002201/u111451_20,,n000101/n000101_10,,,,sk000901/sk000901_10,,m000101/m111401_20
ropa,u111451_20_lse,,f472,u002201/u111451_20,,n000101/n000101_10,,,,sk000801/sk000801_10,,m000101/m111401_20
forma,f473,0,u111501/u111501,,n000101/n000101,,,,sk111501/sk111501,,m111501/m111501,
forma,f473,1,u111501/u111502,,n000101/n000102,,,,sk111501/sk111502,,m111501/m111502,
forma,f473,2,u111501/u111503,,n000101/n000103,,,,sk111501/sk111503,,m111501/m111503,
forma,f473,3,u111501/u111504,,n000101/n000104,,,,sk111501/sk111504,,m111501/m111504,
forma,f473,4,u111501/u111505,,n000101/n000105,,,,sk111501/sk111505,,m111501/m111505,
forma,f473,5,u111501/u111506,,n000101/n000106,,,,sk111501/sk111506,,m111501/m111506,
forma,f473,6,u111501/u111507,,n000101/n000107,,,,sk111501/sk111507,,m111501/m111507,
forma,f473,7,u111501/u111508,,n000101/n000108,,,,sk111501/sk111508,,m111501/m111508,
forma,f473,8,u111501/u111506,,n000101/n000106,,,,sk111501/sk111509,,m111501/m111506,
forma,f473,9,u111501/u111507,,n000101/n000107,,,,sk111501/sk111510,,m111501/m111507,
forma,f473,10,u111501/u111503,,n000101/n000103,,,,sk111501/sk111503,,m111501/m111503,
forma,f473,11,u111501/u111504,,n000101/n000104,,,,sk111501/sk111504,,m111501/m111504,
forma,f473,12,u111501/u111507,,n000101/n000107,,,,sk111501/sk111507,,m111501/m111507,
forma,f473,13,u111501/u111507,,n000101/n000107,,,,sk111501/sk111510,,m111501/m111507,
ropa,u111501_10,,f473,u111501/u111501_10,,n000101/n000101_10,246386FF,E2E2E4FF,,sk111501/sk111501_10,,m011001/m011001_10
forma,f474,6,u911521/u911527,,n000101/n000107,,,,sk111501/sk111507_dam,,m111501/m111507,
ropa,u111501_10_dam,,f474,u111501/u111501_10,,n000101/n000101_10,,,,sk000701/sk000701_10,,m011001/m011001_10
forma,f475,0,u911511/u911511,,n000101/n000101,,,,sk111501/sk111501,,m111501/m111501,
ropa,u111501_10_fld,,f475,u111501/u111501_10,,n000101/n000101_10,,,,sk111501/sk111501_10,,m011001/m011001_10
forma,f476,0,u111511/u111511,,n000101/n000101,,,,sk111501/sk111501,,m111501/m111501,
forma,f476,5,u111511/u111516,,n000101/n000106,,,,sk111501/sk111506,,m111501/m111506,
ropa,u111501_10_slv,,f476,u111501/u111501_10,,n000101/n000101_10,,,,sk111501/sk111501_10,,m011001/m011001_10
ropa,u111501_20,,f473,u111501/u111501_20,,n000101/n000101_10,561A1AFF,62596AFF,,sk111501/sk111501_10,,m011001/m011001_10
ropa,u111501_20_dam,,f474,u111501/u111501_20,,n000101/n000101_10,,,,sk000701/sk000701_10,,m011001/m011001_10
ropa,u111501_20_fld,,f475,u111501/u111501_20,,n000101/n000101_10,,,,sk111501/sk111501_10,,m011001/m011001_10
ropa,u111501_20_slv,,f476,u111501/u111501_20,,n000101/n000101_10,,,,sk111501/sk111501_10,,m011001/m011001_10
forma,f477,0,u111551/u111551,,n000101/n000101,,,,sk000201/sk000201,,m011051/m011051,
forma,f477,1,u111551/u111552,,n000101/n000102,,,,sk000201/sk000202,,m011051/m011052,
forma,f477,2,u111551/u111553,,n000101/n000103,,,,sk000201/sk000203,,m011051/m011053,
forma,f477,3,u111551/u111554,,n000101/n000104,,,,sk000201/sk000204,,m011051/m011054,
forma,f477,4,u111551/u111555,,n000101/n000105,,,,sk000201/sk000205,,m011051/m011055,
forma,f477,5,u111551/u111556,,n000101/n000106,,,,sk000201/sk000206,,m011051/m011056,
forma,f477,6,u111551/u111557,,n000101/n000107,,,,sk000201/sk000207,,m011051/m011057,
forma,f477,7,u111551/u111558,,n000101/n000108,,,,sk000201/sk000208,,m011051/m011058,
forma,f477,8,u111551/u111556,,n000101/n000106,,,,sk000201/sk000209,,m011051/m011056,
forma,f477,9,u111551/u111557,,n000101/n000107,,,,sk000201/sk000210,,m011051/m011057,
forma,f477,10,u111551/u111553,,n000101/n000103,,,,sk000201/sk000203,,m011051/m011053,
forma,f477,11,u111551/u111554,,n000101/n000104,,,,sk000201/sk000204,,m011051/m011054,
forma,f477,12,u111551/u111557,,n000101/n000107,,,,sk000201/sk000207,,m011051/m011057,
forma,f477,13,u111551/u111557,,n000101/n000107,,,,sk000201/sk000210,,m011051/m011057,
ropa,u111551_10,,f477,u111551/u111551_10,,n000101/n000101_10,B3B2B0FF,303131FF,,sk000201/sk000201_10,,m011001/m011001_10
forma,f478,0,u911591/u911591,,n000101/n000101,,,,sk000901/sk000901,,m011051/m011051,
ropa,u111551_10_lsa,,f478,u111551/u111551_10,,n000101/n000101_10,,,,sk000901/sk000901_10,,m011001/m011001_10
forma,f479,0,u911581/u911581,,n000101/n000101,,,,sk000801/sk000801,,m011051/m011051,
forma,f479,4,u911581/u911585,,n000101/n000105,,,,sk000801/sk000805,,m011051/m011055,
ropa,u111551_10_lse,,f479,u111551/u111551_10,,n000101/n000101_10,,,,sk000801/sk000801_10,,m011001/m011001_10
ropa,u111551_20,,f477,u111551/u111551_20,,n000101/n000101_10,E4DBCAFF,422F31FF,,sk000201/sk000201_10,,m011001/m011001_10
ropa,u111551_20_lsa,,f478,u111551/u111551_20,,n000101/n000101_10,,,,sk000901/sk000901_10,,m011001/m011001_10
ropa,u111551_20_lse,,f479,u111551/u111551_20,,n000101/n000101_10,,,,sk000801/sk000801_10,,m011001/m011001_10
forma,f480,0,u001101/u001101,,n111101/n111101,,,,sk000101/sk000101,,m000101/m000101,
forma,f480,1,u001101/u001102,,n111101/n111102,,,,sk000101/sk000102,,m000101/m000102,
forma,f480,2,u001101/u001103,,n111101/n111103,,,,sk000101/sk000103,,m000101/m000103,
forma,f480,3,u001101/u001104,,n111101/n111104,,,,sk000101/sk000104,,m000101/m000104,
forma,f480,4,u001101/u001105,,n111101/n111105,,,,sk000101/sk000105,,m000101/m000105,
forma,f480,5,u001101/u001106,,n111101/n111106,,,,sk000101/sk000106,,m000101/m000106,
forma,f480,6,u001101/u001107,,n111101/n111107,,,,sk000101/sk000107,,m000101/m000107,
forma,f480,7,u001101/u001108,,n111101/n111108,,,,sk000101/sk000108,,m000101/m000108,
forma,f480,8,u001101/u001106,,n111101/n111106,,,,sk000101/sk000109,,m000101/m000106,
forma,f480,9,u001101/u001107,,n111101/n111107,,,,sk000101/sk000110,,m000101/m000107,
forma,f480,10,u001101/u001103,,n111101/n111103,,,,sk000101/sk000103,,m000101/m000103,
forma,f480,11,u001101/u001104,,n111101/n111104,,,,sk000101/sk000104,,m000101/m000104,
forma,f480,12,u001101/u001107,,n111101/n111107,,,,sk000101/sk000107,,m000101/m000107,
forma,f480,13,u001101/u001107,,n111101/n111107,,,,sk000101/sk000110,,m000101/m000107,
ropa,u111601_10,,f480,u001101/u111601_10,,n000101/n000101_10,E3DAE7FF,89495AFF,,sk000101/sk000101_10,,m000101/m111601_10
forma,f481,1,u091101/u091102,,n111101/n111102,,,,sk090101/sk090102,,m000101/m000102,
ropa,u111601_10_blyR,,f481,u001101/u111601_10,,n000101/n000101_10,,,,sk090101/sk090101_10,,m000101/m111601_10
forma,f482,6,u091161/u091167,,n111101/n111107,,,,sk000701/sk000707,,m000101/m000107,
ropa,u111601_10_dam,,f482,u001101/u111601_10,,n000101/n000101_10,,,,sk000701/sk000701_10,,m000101/m111601_10
forma,f483,0,u091151/u091151,,n111101/n111101,,,,sk000101/sk000101,,m090151/m090151,
ropa,u111601_10_fld,,f483,u001101/u111601_10,,n000101/n000101_10,,,,sk000101/sk000101_10,,m000101/m111601_10
forma,f484,0,u091141/u091141,,n111101/n111101,,,,sk000501/sk000501,,m000101/m000101,
forma,f484,5,u091141/u091146,,n111101/n111106,,,,sk000501/sk000506,,m000101/m000106,
ropa,u111601_10_slv,,f484,u001101/u111601_10,,n000101/n000101_10,,,,sk000501/sk000501_10,,m000101/m111601_10
ropa,u111601_20,,f480,u001101/u111601_20,,n000101/n000101_10,3D4550FF,C2C2E8FF,,sk000101/sk000101_10,,m000101/m111601_20
ropa,u111601_20_blyR,,f481,u001101/u111601_20,,n000101/n000101_10,,,,sk090101/sk090101_10,,m000101/m111601_20
ropa,u111601_20_dam,,f482,u001101/u111601_20,,n000101/n000101_10,,,,sk000701/sk000701_10,,m000101/m111601_20
ropa,u111601_20_fld,,f483,u001101/u111601_20,,n000101/n000101_10,,,,sk000101/sk000101_10,,m000101/m111601_20
ropa,u111601_20_slv,,f484,u001101/u111601_20,,n000101/n000101_10,,,,sk000501/sk000501_10,,m000101/m111601_20
forma,f485,0,u001201/u001201,,n111101/n111101,,,,sk000201/sk000201,,m000201/m000201,
forma,f485,1,u001201/u001202,,n111101/n111102,,,,sk000201/sk000202,,m000201/m000202,
forma,f485,2,u001201/u001203,,n111101/n111103,,,,sk000201/sk000203,,m000201/m000203,
forma,f485,3,u001201/u001204,,n111101/n111104,,,,sk000201/sk000204,,m000201/m000204,
forma,f485,4,u001201/u001205,,n111101/n111105,,,,sk000201/sk000205,,m000201/m000205,
forma,f485,5,u001201/u001206,,n111101/n111106,,,,sk000201/sk000206,,m000201/m000206,
forma,f485,6,u001201/u001207,,n111101/n111107,,,,sk000201/sk000207,,m000201/m000207,
forma,f485,7,u001201/u001208,,n111101/n111108,,,,sk000201/sk000208,,m000201/m000208,
forma,f485,8,u001201/u001206,,n111101/n111106,,,,sk000201/sk000209,,m000201/m000206,
forma,f485,9,u001201/u001207,,n111101/n111107,,,,sk000201/sk000210,,m000201/m000207,
forma,f485,10,u001201/u001203,,n111101/n111103,,,,sk000201/sk000203,,m000201/m000203,
forma,f485,11,u001201/u001204,,n111101/n111104,,,,sk000201/sk000204,,m000201/m000204,
forma,f485,12,u001201/u001207,,n111101/n111107,,,,sk000201/sk000207,,m000201/m000207,
forma,f485,13,u001201/u001207,,n111101/n111107,,,,sk000201/sk000210,,m000201/m000207,
ropa,u111651_10,,f485,u001201/u111651_10,,n000101/n000101_10,7D2D50FF,E3D4E7FF,,sk000201/sk000201_10,,m000101/m111601_10
forma,f486,1,u091201/u091202,,n111101/n111102,,,,sk090201/sk090202,,m000201/m000202,
ropa,u111651_10_blyR,,f486,u001201/u111651_10,,n000101/n000101_10,,,,sk090201/sk090201_10,,m000101/m111601_10
forma,f487,0,u091281/u091281,,n111101/n111101,,,,sk000901/sk000901,,m000201/m000201,
ropa,u111651_10_lsa,,f487,u001201/u111651_10,,n000101/n000101_10,,,,sk000901/sk000901_10,,m000101/m111601_10
forma,f488,0,u091271/u091271,,n111101/n111101,,,,sk000801/sk000801,,m000201/m000201,
forma,f488,4,u091271/u091275,,n111101/n111105,,,,sk000801/sk000805,,m000201/m000205,
ropa,u111651_10_lse,,f488,u001201/u111651_10,,n000101/n000101_10,,,,sk000801/sk000801_10,,m000101/m111601_10
ropa,u111651_20,,f485,u001201/u111651_20,,n000101/n000101_10,9CA5E0FF,E3D4E7FF,,sk000201/sk000201_10,,m000101/m111601_20
ropa,u111651_20_blyR,,f486,u001201/u111651_20,,n000101/n000101_10,,,,sk090201/sk090201_10,,m000101/m111601_20
ropa,u111651_20_lsa,,f487,u001201/u111651_20,,n000101/n000101_10,,,,sk000901/sk000901_10,,m000101/m111601_20
ropa,u111651_20_lse,,f488,u001201/u111651_20,,n000101/n000101_10,,,,sk000801/sk000801_10,,m000101/m111601_20
ropa,u111701_10,,f190,u004101/u111701_10,,n000101/n000101_10,573C21FF,E7D7C0FF,,sk000101/sk000101_10,,m000101/m111701_10
ropa,u111701_10_blyR,,f191,u004101/u111701_10,,n000101/n000101_10,,,,sk090101/sk090101_10,,m000101/m111701_10
ropa,u111701_10_dam,,f192,u004101/u111701_10,,n000101/n000101_10,,,,sk000701/sk000701_10,,m000101/m111701_10
ropa,u111701_10_fld,,f193,u004101/u111701_10,,n000101/n000101_10,,,,sk000101/sk000101_10,,m000101/m111701_10
ropa,u111701_10_slv,,f194,u004101/u111701_10,,n000101/n000101_10,,,,sk000501/sk000501_10,,m000101/m111701_10
ropa,u111701_20,,f190,u004101/u111701_20,,n000101/n000101_10,F9F0E9FF,254578FF,,sk000101/sk000101_10,,m000101/m111701_20
ropa,u111701_20_blyR,,f191,u004101/u111701_20,,n000101/n000101_10,,,,sk090101/sk090101_10,,m000101/m111701_20
ropa,u111701_20_dam,,f192,u004101/u111701_20,,n000101/n000101_10,,,,sk000701/sk000701_10,,m000101/m111701_20
ropa,u111701_20_fld,,f193,u004101/u111701_20,,n000101/n000101_10,,,,sk000101/sk000101_10,,m000101/m111701_20
ropa,u111701_20_slv,,f194,u004101/u111701_20,,n000101/n000101_10,,,,sk000501/sk000501_10,,m000101/m111701_20
ropa,u111751_10,,f61,u003201/u111751_10,,n000101/n000101_10,CFC0A3FF,333170FF,,sk000201/sk000201_10,,m000101/m111701_10
ropa,u111751_10_blyR,,f62,u003201/u111751_10,,n000101/n000101_10,,,,sk090201/sk090201_10,,m000101/m111701_10
ropa,u111751_10_lsa,,f63,u003201/u111751_10,,n000101/n000101_10,,,,sk000901/sk000901_10,,m000101/m111701_10
ropa,u111751_10_lse,,f64,u003201/u111751_10,,n000101/n000101_10,,,,sk000801/sk000801_10,,m000101/m111701_10
ropa,u111751_20,,f61,u003201/u111751_20,,n000101/n000101_10,5E5953FF,F9F0E9FF,,sk000201/sk000201_10,,m000101/m111701_20
ropa,u111751_20_blyR,,f62,u003201/u111751_20,,n000101/n000101_10,,,,sk090201/sk090201_10,,m000101/m111701_20
ropa,u111751_20_lsa,,f63,u003201/u111751_20,,n000101/n000101_10,,,,sk000901/sk000901_10,,m000101/m111701_20
ropa,u111751_20_lse,,f64,u003201/u111751_20,,n000101/n000101_10,,,,sk000801/sk000801_10,,m000101/m111701_20
ropa,u111801_10,,f454,u002101/u111801_10,,n000101/n000101_10,FFFFFFFF,0A4361FF,,sk000101/sk111801_10,,m000101/m111801_10
ropa,u111801_10_blyR,,f455,u002101/u111801_10,,n000101/n000101_10,,,,sk000101/sk111801_10,,m000101/m111801_10
ropa,u111801_10_dam,,f456,u002101/u111801_10,,n000101/n000101_10,,,,sk000101/sk111801_10,,m000101/m111801_10
ropa,u111801_10_fld,,f457,u002101/u111801_10,,n000101/n000101_10,,,,sk000101/sk111801_10,,m000101/m111801_10
ropa,u111801_10_slv,,f458,u002101/u111801_10,,n000101/n000101_10,,,,sk000101/sk111801_10,,m000101/m111801_10
ropa,u111801_20,,f454,u002101/u111801_20,,n000101/n000101_10,0A4361FF,F6FEFFFF,,sk000101/sk111801_20,,m000101/m111801_20
ropa,u111801_20_blyR,,f455,u002101/u111801_20,,n000101/n000101_10,,,,sk000101/sk111801_20,,m000101/m111801_20
ropa,u111801_20_dam,,f456,u002101/u111801_20,,n000101/n000101_10,,,,sk000101/sk111801_20,,m000101/m111801_20
ropa,u111801_20_fld,,f457,u002101/u111801_20,,n000101/n000101_10,,,,sk000101/sk111801_20,,m000101/m111801_20
ropa,u111801_20_slv,,f458,u002101/u111801_20,,n000101/n000101_10,,,,sk000101/sk111801_20,,m000101/m111801_20
ropa,u111851_10,,f460,u002201/u111851_10,,n000101/n000101_10,FFFFFFFF,273D4BFF,,sk000201/sk000201_10,,m000101/m111801_10
ropa,u111851_10_blyR,,f461,u002201/u111851_10,,n000101/n000101_10,,,,sk090201/sk090201_10,,m000101/m111801_10
ropa,u111851_10_lsa,,f462,u002201/u111851_10,,n000101/n000101_10,,,,sk000901/sk000901_10,,m000101/m111801_10
ropa,u111851_10_lse,,f463,u002201/u111851_10,,n000101/n000101_10,,,,sk000801/sk000801_10,,m000101/m111801_10
ropa,u111851_20,,f460,u002201/u111851_20,,n000101/n000101_10,0A4361FF,FFFFFFFF,,sk000201/sk000201_10,,m000101/m111801_20
ropa,u111851_20_blyR,,f461,u002201/u111851_20,,n000101/n000101_10,,,,sk090201/sk090201_10,,m000101/m111801_20
ropa,u111851_20_lsa,,f462,u002201/u111851_20,,n000101/n000101_10,,,,sk000901/sk000901_10,,m000101/m111801_20
ropa,u111851_20_lse,,f463,u002201/u111851_20,,n000101/n000101_10,,,,sk000801/sk000801_10,,m000101/m111801_20
ropa,u111901_10,,f436,u000101/u111901_10,,n000101/n000101_10,506476FF,FCFFE2FF,,sk000101/sk111901_10,,m000101/m111901_10
ropa,u111901_10_blyR,,f437,u000101/u111901_10,,n000101/n000101_10,,,,sk000101/sk111901_10,,m000101/m111901_10
ropa,u111901_10_dam,,f438,u000101/u111901_10,,n000101/n000101_10,,,,sk000101/sk111901_10,,m000101/m111901_10
ropa,u111901_10_fld,,f439,u000101/u111901_10,,n000101/n000101_10,,,,sk000101/sk111901_10,,m000101/m111901_10
ropa,u111901_10_slv,,f440,u000101/u111901_10,,n000101/n000101_10,,,,sk000101/sk111901_10,,m000101/m111901_10
ropa,u111901_20,,f436,u000101/u111901_20,,n000101/n000101_10,EFF9FEFF,4C72A4FF,,sk000101/sk111901_10,,m000101/m111901_20
ropa,u111901_20_blyR,,f437,u000101/u111901_20,,n000101/n000101_10,,,,sk000101/sk111901_10,,m000101/m111901_20
ropa,u111901_20_dam,,f438,u000101/u111901_20,,n000101/n000101_10,,,,sk000101/sk111901_10,,m000101/m111901_20
ropa,u111901_20_fld,,f439,u000101/u111901_20,,n000101/n000101_10,,,,sk000101/sk111901_10,,m000101/m111901_20
ropa,u111901_20_slv,,f440,u000101/u111901_20,,n000101/n000101_10,,,,sk000101/sk111901_10,,m000101/m111901_20
forma,f489,0,u000201/u000201,,n050101/n050101,,,,sk000201/sk000201,,m000201/m000201,
forma,f489,1,u000201/u000202,,n050101/n050102,,,,sk000201/sk000202,,m000201/m000202,
forma,f489,2,u000201/u000203,,n050101/n050103,,,,sk000201/sk000203,,m000201/m000203,
forma,f489,3,u000201/u000204,,n050101/n050104,,,,sk000201/sk000204,,m000201/m000204,
forma,f489,4,u000201/u000205,,n050101/n050105,,,,sk000201/sk000205,,m000201/m000205,
forma,f489,5,u000201/u000206,,n050101/n050106,,,,sk000201/sk000206,,m000201/m000206,
forma,f489,6,u000201/u000207,,n050101/n050107,,,,sk000201/sk000207,,m000201/m000207,
forma,f489,7,u000201/u000208,,n050101/n050108,,,,sk000201/sk000208,,m000201/m000208,
forma,f489,8,u000201/u000206,,n050101/n050106,,,,sk000201/sk000209,,m000201/m000206,
forma,f489,9,u000201/u000207,,n050101/n050107,,,,sk000201/sk000210,,m000201/m000207,
forma,f489,10,u000201/u000203,,n050101/n050103,,,,sk000201/sk000203,,m000201/m000203,
forma,f489,11,u000201/u000204,,n050101/n050104,,,,sk000201/sk000204,,m000201/m000204,
forma,f489,12,u000201/u000207,,n050101/n050107,,,,sk000201/sk000207,,m000201/m000207,
forma,f489,13,u000201/u000207,,n050101/n050107,,,,sk000201/sk000210,,m000201/m000207,
ropa,u111951_10,,f489,u000201/u111951_10,,n000101/n000101_10,D3D5BFFF,57563AFF,,sk000201/sk000201_10,,m000101/m111901_10
forma,f490,1,u090201/u090202,,n050101/n050102,,,,sk090201/sk090202,,m000201/m000202,
ropa,u111951_10_blyR,,f490,u000201/u111951_10,,n000101/n000101_10,,,,sk090201/sk090201_10,,m000101/m111901_10
forma,f491,0,u090281/u090281,,n050101/n050101,,,,sk000901/sk000901,,m000201/m000201,
ropa,u111951_10_lsa,,f491,u000201/u111951_10,,n000101/n000101_10,,,,sk000901/sk000901_10,,m000101/m111901_10
forma,f492,0,u090271/u090271,,n050101/n050101,,,,sk000801/sk000801,,m000201/m000201,
forma,f492,4,u090271/u090275,,n050101/n050105,,,,sk000801/sk000805,,m000201/m000205,
ropa,u111951_10_lse,,f492,u000201/u111951_10,,n000101/n000101_10,,,,sk000801/sk000801_10,,m000101/m111901_10
ropa,u111951_20,,f489,u000201/u111951_20,,n000101/n000101_10,AA8CACFF,3C2F43FF,,sk000201/sk000201_10,,m000101/m111901_20
ropa,u111951_20_blyR,,f490,u000201/u111951_20,,n000101/n000101_10,,,,sk090201/sk090201_10,,m000101/m111901_20
ropa,u111951_20_lsa,,f491,u000201/u111951_20,,n000101/n000101_10,,,,sk000901/sk000901_10,,m000101/m111901_20
ropa,u111951_20_lse,,f492,u000201/u111951_20,,n000101/n000101_10,,,,sk000801/sk000801_10,,m000101/m111901_20
ropa,u112001_10,,f436,u000101/u112001_10,,n000101/n000101_10,E6E6E6FF,43A293FF,,sk000101/sk000101_10,,m000101/m112001_10
ropa,u112001_10_blyR,,f437,u000101/u112001_10,,n000101/n000101_10,,,,sk090101/sk090101_10,,m000101/m112001_10
ropa,u112001_10_dam,,f438,u000101/u112001_10,,n000101/n000101_10,,,,sk000701/sk000701_10,,m000101/m112001_10
ropa,u112001_10_fld,,f439,u000101/u112001_10,,n000101/n000101_10,,,,sk000101/sk000101_10,,m000101/m112001_10
ropa,u112001_10_slv,,f440,u000101/u112001_10,,n000101/n000101_10,,,,sk000501/sk000501_10,,m000101/m112001_10
ropa,u112001_20,,f436,u000101/u112001_20,,n000101/n000101_10,5C6F2AFF,C7EF59FF,,sk000101/sk000101_10,,m000101/m112001_20
ropa,u112001_20_blyR,,f437,u000101/u112001_20,,n000101/n000101_10,,,,sk090101/sk090101_10,,m000101/m112001_20
ropa,u112001_20_dam,,f438,u000101/u112001_20,,n000101/n000101_10,,,,sk000701/sk000701_10,,m000101/m112001_20
ropa,u112001_20_fld,,f439,u000101/u112001_20,,n000101/n000101_10,,,,sk000101/sk000101_10,,m000101/m112001_20
ropa,u112001_20_slv,,f440,u000101/u112001_20,,n000101/n000101_10,,,,sk000501/sk000501_10,,m000101/m112001_20
ropa,u112051_10,,f489,u000201/u112051_10,,n000101/n000101_10,3B7A39FF,E6E6E6FF,,sk000201/sk000201_10,,m000101/m112001_10
ropa,u112051_10_blyR,,f490,u000201/u112051_10,,n000101/n000101_10,,,,sk090201/sk090201_10,,m000101/m112001_10
ropa,u112051_10_lsa,,f491,u000201/u112051_10,,n000101/n000101_10,,,,sk000901/sk000901_10,,m000101/m112001_10
ropa,u112051_10_lse,,f492,u000201/u112051_10,,n000101/n000101_10,,,,sk000801/sk000801_10,,m000101/m112001_10
ropa,u112051_20,,f489,u000201/u112051_20,,n000101/n000101_10,42325BFF,ED7B31FF,,sk000201/sk000201_10,,m000101/m112001_20
ropa,u112051_20_blyR,,f490,u000201/u112051_20,,n000101/n000101_10,,,,sk090201/sk090201_10,,m000101/m112001_20
ropa,u112051_20_lsa,,f491,u000201/u112051_20,,n000101/n000101_10,,,,sk000901/sk000901_10,,m000101/m112001_20
ropa,u112051_20_lse,,f492,u000201/u112051_20,,n000101/n000101_10,,,,sk000801/sk000801_10,,m000101/m112001_20
forma,f493,0,u112101/u112101,,n000301/n000301,,,,sk000301/sk000301,,m000101/m000101,
forma,f493,1,u112101/u112102,,n000301/n000302,,,,sk000301/sk000302,,m000101/m000102,
forma,f493,2,u112101/u112103,,n000301/n000303,,,,sk000301/sk000303,,m000101/m000103,
forma,f493,3,u112101/u112104,,n000301/n000304,,,,sk000301/sk000304,,m000101/m000104,
forma,f493,4,u112101/u112105,,n000301/n000305,,,,sk000301/sk000305,,m000101/m000105,
forma,f493,5,u112101/u112106,,n000301/n000306,,,,sk000301/sk000306,,m000101/m000106,
forma,f493,6,u112101/u112107,,n000301/n000307,,,,sk000301/sk000307,,m000101/m000107,
forma,f493,7,u112101/u112108,,n000301/n000308,,,,sk000301/sk000308,,m000101/m000108,
forma,f493,8,u112101/u112106,,n000301/n000306,,,,sk000301/sk000309,,m000101/m000106,
forma,f493,9,u112101/u112107,,n000301/n000307,,,,sk000301/sk000310,,m000101/m000107,
forma,f493,10,u112101/u112103,,n000301/n000303,,,,sk000301/sk000303,,m000101/m000103,
forma,f493,11,u112101/u112104,,n000301/n000304,,,,sk000301/sk000304,,m000101/m000104,
forma,f493,12,u112101/u112107,,n000301/n000307,,,,sk000301/sk000307,,m000101/m000107,
forma,f493,13,u112101/u112107,,n000301/n000307,,,,sk000301/sk000310,,m000101/m000107,
ropa,u112101_10,,f493,u112101/u112101_10,,n000301/n000301_10,E6E2E1FF,4F6FD6FF,,sk000301/sk000301_10,,m000101/m112101_10
forma,f494,1,u112141/u112142,,n000301/n000302,,,,sk090301/sk090302,,m000101/m000102,
ropa,u112101_10_blyR,,f494,u112101/u112101_10,,n000301/n000301_10,,,,sk090301/sk090301_10,,m000101/m112101_10
ropa,u112101_20,,f493,u112101/u112101_20,,n000301/n000301_10,E6E2E1FF,E6E2E1FF,,sk000301/sk000301_10,,m000101/m112101_20
ropa,u112101_20_blyR,,f494,u112101/u112101_20,,n000301/n000301_10,,,,sk090301/sk090301_10,,m000101/m112101_20
forma,f495,0,u112151/u112151,,n000301/n000301,,,,sk000201/sk000201,,m000201/m000201,
forma,f495,1,u112151/u112152,,n000301/n000302,,,,sk000201/sk000202,,m000201/m000202,
forma,f495,2,u112151/u112153,,n000301/n000303,,,,sk000201/sk000203,,m000201/m000203,
forma,f495,3,u112151/u112154,,n000301/n000304,,,,sk000201/sk000204,,m000201/m000204,
forma,f495,4,u112151/u112155,,n000301/n000305,,,,sk000201/sk000205,,m000201/m000205,
forma,f495,5,u112151/u112156,,n000301/n000306,,,,sk000201/sk000206,,m000201/m000206,
forma,f495,6,u112151/u112157,,n000301/n000307,,,,sk000201/sk000207,,m000201/m000207,
forma,f495,7,u112151/u112158,,n000301/n000308,,,,sk000201/sk000208,,m000201/m000208,
forma,f495,8,u112151/u112156,,n000301/n000306,,,,sk000201/sk000209,,m000201/m000206,
forma,f495,9,u112151/u112157,,n000301/n000307,,,,sk000201/sk000210,,m000201/m000207,
forma,f495,10,u112151/u112153,,n000301/n000303,,,,sk000201/sk000203,,m000201/m000203,
forma,f495,11,u112151/u112154,,n000301/n000304,,,,sk000201/sk000204,,m000201/m000204,
forma,f495,12,u112151/u112157,,n000301/n000307,,,,sk000201/sk000207,,m000201/m000207,
forma,f495,13,u112151/u112157,,n000301/n000307,,,,sk000201/sk000210,,m000201/m000207,
ropa,u112151_10,,f495,u112151/u112151_10,,n000301/n000301_10,1C8ED5FF,1C8ED5FF,,sk000201/sk000201_10,,m000101/m112101_10
forma,f496,1,u112191/u112192,,n000301/n000302,,,,sk090201/sk090202,,m000201/m000202,
ropa,u112151_10_blyR,,f496,u112151/u112151_10,,n000301/n000301_10,,,,sk090201/sk090201_10,,m000101/m112101_10
ropa,u112151_20,,f495,u112151/u112151_20,,n000301/n000301_10,F6CF46FF,4F88B5FF,,sk000201/sk000201_10,,m000101/m112101_20
ropa,u112151_20_blyR,,f496,u112151/u112151_20,,n000301/n000301_10,,,,sk090201/sk090201_10,,m000101/m112101_20
forma,f497,0,u112201/u112201,,n000101/n000101,,,,sk000101/sk000101,,m000101/m000101,
forma,f497,1,u112201/u112202,,n000101/n000102,,,,sk000101/sk000102,,m000101/m000102,
forma,f497,2,u112201/u112203,,n000101/n000103,,,,sk000101/sk000103,,m000101/m000103,
forma,f497,3,u112201/u112204,,n000101/n000104,,,,sk000101/sk000104,,m000101/m000104,
forma,f497,4,u112201/u112205,,n000101/n000105,,,,sk000101/sk000105,,m000101/m000105,
forma,f497,5,u112201/u112206,,n000101/n000106,,,,sk000101/sk000106,,m000101/m000106,
forma,f497,6,u112201/u112207,,n000101/n000107,,,,sk000101/sk000107,,m000101/m000107,
forma,f497,7,u112201/u112208,,n000101/n000108,,,,sk000101/sk000108,,m000101/m000108,
forma,f497,8,u112201/u112206,,n000101/n000106,,,,sk000101/sk000109,,m000101/m000106,
forma,f497,9,u112201/u112207,,n000101/n000107,,,,sk000101/sk000110,,m000101/m000107,
forma,f497,10,u112201/u112203,,n000101/n000103,,,,sk000101/sk000103,,m000101/m000103,
forma,f497,11,u112201/u112204,,n000101/n000104,,,,sk000101/sk000104,,m000101/m000104,
forma,f497,12,u112201/u112207,,n000101/n000107,,,,sk000101/sk000107,,m000101/m000107,
forma,f497,13,u112201/u112207,,n000101/n000107,,,,sk000101/sk000110,,m000101/m000107,
ropa,u112201_10,,f497,u112201/u112201_10,,n000101/n000101_10,A11931FF,1B1B1BFF,,sk000101/sk000101_10,,m000101/m112201_10
forma,f498,1,u112241/u112242,,n000101/n000102,,,,sk090101/sk090102,,m000101/m000102,
ropa,u112201_10_blyR,,f498,u112201/u112201_10,,n000101/n000101_10,,,,sk090101/sk090101_10,,m000101/m112201_10
forma,f499,6,u912221/u912227,,n000101/n000107,,,,sk000701/sk000707,,m000101/m000107,
ropa,u112201_10_dam,,f499,u112201/u112201_10,,n000101/n000101_10,,,,sk000701/sk000701_10,,m000101/m112201_10
forma,f500,0,u912211/u912211,,n000101/n000101,,,,sk000101/sk000101,,m090151/m090151,
ropa,u112201_10_fld,,f500,u112201/u112201_10,,n000101/n000101_10,,,,sk000101/sk000101_10,,m000101/m112201_10
forma,f501,0,u112211/u112211,,n000101/n000101,,,,sk000501/sk000501,,m000101/m000101,
forma,f501,5,u112211/u112216,,n000101/n000106,,,,sk000501/sk000506,,m000101/m000106,
ropa,u112201_10_slv,,f501,u112201/u112201_10,,n000101/n000101_10,,,,sk000501/sk000501_10,,m000101/m112201_10
ropa,u112201_20,,f497,u112201/u112201_20,,n000101/n000101_10,212322FF,9895C4FF,,sk000101/sk000101_10,,m000101/m112201_20
ropa,u112201_20_blyR,,f498,u112201/u112201_20,,n000101/n000101_10,,,,sk090101/sk090101_10,,m000101/m112201_20
ropa,u112201_20_dam,,f499,u112201/u112201_20,,n000101/n000101_10,,,,sk000701/sk000701_10,,m000101/m112201_20
ropa,u112201_20_fld,,f500,u112201/u112201_20,,n000101/n000101_10,,,,sk000101/sk000101_10,,m000101/m112201_20
ropa,u112201_20_slv,,f501,u112201/u112201_20,,n000101/n000101_10,,,,sk000501/sk000501_10,,m000101/m112201_20
forma,f502,0,u112251/u112251,,n000101/n000101,,,,sk000201/sk000201,,m000201/m000201,
forma,f502,1,u112251/u112252,,n000101/n000102,,,,sk000201/sk000202,,m000201/m000202,
forma,f502,2,u112251/u112253,,n000101/n000103,,,,sk000201/sk000203,,m000201/m000203,
forma,f502,3,u112251/u112254,,n000101/n000104,,,,sk000201/sk000204,,m000201/m000204,
forma,f502,4,u112251/u112255,,n000101/n000105,,,,sk000201/sk000205,,m000201/m000205,
forma,f502,5,u112251/u112256,,n000101/n000106,,,,sk000201/sk000206,,m000201/m000206,
forma,f502,6,u112251/u112257,,n000101/n000107,,,,sk000201/sk000207,,m000201/m000207,
forma,f502,7,u112251/u112258,,n000101/n000108,,,,sk000201/sk000208,,m000201/m000208,
forma,f502,8,u112251/u112256,,n000101/n000106,,,,sk000201/sk000209,,m000201/m000206,
forma,f502,9,u112251/u112257,,n000101/n000107,,,,sk000201/sk000210,,m000201/m000207,
forma,f502,10,u112251/u112253,,n000101/n000103,,,,sk000201/sk000203,,m000201/m000203,
forma,f502,11,u112251/u112254,,n000101/n000104,,,,sk000201/sk000204,,m000201/m000204,
forma,f502,12,u112251/u112257,,n000101/n000107,,,,sk000201/sk000207,,m000201/m000207,
forma,f502,13,u112251/u112257,,n000101/n000107,,,,sk000201/sk000210,,m000201/m000207,
ropa,u112251_10,,f502,u112251/u112251_10,,n000101/n000101_10,1C1C1CFF,6A6D76FF,,sk000201/sk000201_10,,m000101/m112201_10
forma,f503,1,u112291/u112292,,n000101/n000102,,,,sk090201/sk090202,,m000201/m000202,
ropa,u112251_10_blyR,,f503,u112251/u112251_10,,n000101/n000101_10,,,,sk090201/sk090201_10,,m000101/m112201_10
forma,f504,0,u912291/u912291,,n000101/n000101,,,,sk000901/sk000901,,m000201/m000201,
ropa,u112251_10_lsa,,f504,u112251/u112251_10,,n000101/n000101_10,,,,sk000901/sk000901_10,,m000101/m112201_10
forma,f505,0,u912281/u912281,,n000101/n000101,,,,sk000801/sk000801,,m000201/m000201,
forma,f505,4,u912281/u912285,,n000101/n000105,,,,sk000801/sk000805,,m000201/m000205,
ropa,u112251_10_lse,,f505,u112251/u112251_10,,n000101/n000101_10,,,,sk000801/sk000801_10,,m000101/m112201_10
ropa,u112251_20,,f502,u112251/u112251_20,,n000101/n000101_10,1C1C1CFF,8B3276FF,,sk000201/sk000201_10,,m000101/m112201_20
ropa,u112251_20_blyR,,f503,u112251/u112251_20,,n000101/n000101_10,,,,sk090201/sk090201_10,,m000101/m112201_20
ropa,u112251_20_lsa,,f504,u112251/u112251_20,,n000101/n000101_10,,,,sk000901/sk000901_10,,m000101/m112201_20
ropa,u112251_20_lse,,f505,u112251/u112251_20,,n000101/n000101_10,,,,sk000801/sk000801_10,,m000101/m112201_20
forma,f506,0,u112301/u112301,,n000101/n000101,,,,sk000101/sk000101,,m000101/m000101,
forma,f506,1,u112301/u112302,,n000101/n000102,,,,sk000101/sk000102,,m000101/m000102,
forma,f506,2,u112301/u112303,,n000101/n000103,,,,sk000101/sk000103,,m000101/m000103,
forma,f506,3,u112301/u112304,,n000101/n000104,,,,sk000101/sk000104,,m000101/m000104,
forma,f506,4,u112301/u112305,,n000101/n000105,,,,sk000101/sk000105,,m000101/m000105,
forma,f506,5,u112301/u112306,,n000101/n000106,,,,sk000101/sk000106,,m000101/m000106,
forma,f506,6,u112301/u112307,,n000101/n000107,,,,sk000101/sk000107,,m000101/m000107,
forma,f506,7,u112301/u112308,,n000101/n000108,,,,sk000101/sk000108,,m000101/m000108,
forma,f506,8,u112301/u112306,,n000101/n000106,,,,sk000101/sk000109,,m000101/m000106,
forma,f506,9,u112301/u112307,,n000101/n000107,,,,sk000101/sk000110,,m000101/m000107,
forma,f506,10,u112301/u112303,,n000101/n000103,,,,sk000101/sk000103,,m000101/m000103,
forma,f506,11,u112301/u112304,,n000101/n000104,,,,sk000101/sk000104,,m000101/m000104,
forma,f506,12,u112301/u112307,,n000101/n000107,,,,sk000101/sk000107,,m000101/m000107,
forma,f506,13,u112301/u112307,,n000101/n000107,,,,sk000101/sk000110,,m000101/m000107,
ropa,u112301_10,,f506,u112301/u112301_10,,n000101/n000105_10,F4F8FBFF,2D2D2DFF,,sk000101/sk000101_10,,m000101/m112301_10
forma,f507,6,u912321/u912327,,n000101/n000107,,,,sk000701/sk000707,,m000101/m000107,
ropa,u112301_10_dam,,f507,u112301/u112301_10,,n000101/n000105_10,,,,sk000701/sk000701_10,,m000101/m112301_10
forma,f508,0,u912311/u912311,,n000101/n000101,,,,sk000101/sk000101,,m090151/m090151,
ropa,u112301_10_fld,,f508,u112301/u112301_10,,n000101/n000105_10,,,,sk000101/sk000101_10,,m000101/m112301_10
forma,f509,0,u112311/u112311,,n000101/n000101,,,,sk000501/sk000501,,m000101/m000101,
forma,f509,5,u112311/u112316,,n000101/n000106,,,,sk000501/sk000506,,m000101/m000106,
ropa,u112301_10_slv,,f509,u112301/u112301_10,,n000101/n000105_10,,,,sk000501/sk000501_10,,m000101/m112301_10
ropa,u112301_20,,f506,u112301/u112301_20,,n000101/n000105_10,E7704EFF,162A2BFF,,sk000101/sk000101_10,,m000101/m112301_20
ropa,u112301_20_dam,,f507,u112301/u112301_20,,n000101/n000105_10,,,,sk000701/sk000701_10,,m000101/m112301_20
ropa,u112301_20_fld,,f508,u112301/u112301_20,,n000101/n000105_10,,,,sk000101/sk000101_10,,m000101/m112301_20
ropa,u112301_20_slv,,f509,u112301/u112301_20,,n000101/n000105_10,,,,sk000501/sk000501_10,,m000101/m112301_20
forma,f510,0,u112301/u112301,,n000101/n000101,,,,sk000401/sk000401,,m000101/m000101,
forma,f510,1,u112301/u112302,,n000101/n000102,,,,sk000401/sk000402,,m000101/m000102,
forma,f510,2,u112301/u112303,,n000101/n000103,,,,sk000401/sk000403,,m000101/m000103,
forma,f510,3,u112301/u112304,,n000101/n000104,,,,sk000401/sk000404,,m000101/m000104,
forma,f510,4,u112301/u112305,,n000101/n000105,,,,sk000401/sk000405,,m000101/m000105,
forma,f510,5,u112301/u112306,,n000101/n000106,,,,sk000401/sk000406,,m000101/m000106,
forma,f510,6,u112301/u112307,,n000101/n000107,,,,sk000401/sk000407,,m000101/m000107,
forma,f510,7,u112301/u112308,,n000101/n000108,,,,sk000401/sk000408,,m000101/m000108,
forma,f510,8,u112301/u112306,,n000101/n000106,,,,sk000401/sk000409,,m000101/m000106,
forma,f510,9,u112301/u112307,,n000101/n000107,,,,sk000401/sk000410,,m000101/m000107,
forma,f510,10,u112301/u112303,,n000101/n000103,,,,sk000401/sk000403,,m000101/m000103,
forma,f510,11,u112301/u112304,,n000101/n000104,,,,sk000401/sk000404,,m000101/m000104,
forma,f510,12,u112301/u112307,,n000101/n000107,,,,sk000401/sk000407,,m000101/m000107,
forma,f510,13,u112301/u112307,,n000101/n000107,,,,sk000401/sk000410,,m000101/m000107,
ropa,u112351_10,,f510,u112301/u112301_10,,n000101/n000105_10,F4F8FBFF,2D2D2DFF,,sk000401/sk000401_10,,m000101/m112301_10
forma,f511,6,u912321/u912327,,n000101/n000107,,,,sk002701/sk002707,,m000101/m000107,
ropa,u112351_10_dam,,f511,u112301/u112301_10,,n000101/n000105_10,,,,sk002701/sk002701_10,,m000101/m112301_10
forma,f512,0,u912311/u912311,,n000101/n000101,,,,sk000401/sk000401,,m090151/m090151,
ropa,u112351_10_fld,,f512,u112301/u112301_10,,n000101/n000105_10,,,,sk000401/sk000401_10,,m000101/m112301_10
forma,f513,0,u112311/u112311,,n000101/n000101,,,,sk002501/sk002501,,m000101/m000101,
forma,f513,5,u112311/u112316,,n000101/n000106,,,,sk002501/sk002506,,m000101/m000106,
ropa,u112351_10_slv,,f513,u112301/u112301_10,,n000101/n000105_10,,,,sk002501/sk002501_10,,m000101/m112301_10
ropa,u112351_20,,f510,u112301/u112301_20,,n000101/n000105_10,E7704EFF,162A2BFF,,sk000401/sk000401_10,,m000101/m112301_20
ropa,u112351_20_dam,,f511,u112301/u112301_20,,n000101/n000105_10,,,,sk002701/sk002701_10,,m000101/m112301_20
ropa,u112351_20_fld,,f512,u112301/u112301_20,,n000101/n000105_10,,,,sk000401/sk000401_10,,m000101/m112301_20
ropa,u112351_20_slv,,f513,u112301/u112301_20,,n000101/n000105_10,,,,sk002501/sk002501_10,,m000101/m112301_20
forma,f514,0,u112501/u112501,,n112501/n112501,,,,sk000301/sk000301,,m000201/m000201,
forma,f514,1,u112501/u112502,,n112501/n112502,,,,sk000301/sk000302,,m000201/m000202,
forma,f514,2,u112501/u112503,,n112501/n112503,,,,sk000301/sk000303,,m000201/m000203,
forma,f514,3,u112501/u112504,,n112501/n112504,,,,sk000301/sk000304,,m000201/m000204,
forma,f514,4,u112501/u112505,,n112501/n112505,,,,sk000301/sk000305,,m000201/m000205,
forma,f514,5,u112501/u112506,,n112501/n112506,,,,sk000301/sk000306,,m000201/m000206,
forma,f514,6,u112501/u112507,,n112501/n112507,,,,sk000301/sk000307,,m000201/m000207,
forma,f514,7,u112501/u112508,,n112501/n112508,,,,sk000301/sk000308,,m000201/m000208,
forma,f514,8,u112501/u112506,,n112501/n112506,,,,sk000301/sk000309,,m000201/m000206,
forma,f514,9,u112501/u112507,,n112501/n112507,,,,sk000301/sk000310,,m000201/m000207,
forma,f514,10,u112501/u112503,,n112501/n112503,,,,sk000301/sk000303,,m000201/m000203,
forma,f514,11,u112501/u112504,,n112501/n112504,,,,sk000301/sk000304,,m000201/m000204,
forma,f514,12,u112501/u112507,,n112501/n112507,,,,sk000301/sk000307,,m000201/m000207,
forma,f514,13,u112501/u112507,,n112501/n112507,,,,sk000301/sk000310,,m000201/m000207,
ropa,u112501_10,,f514,u112501/u112501_10,,n112501/n112501_10,F92F5FFF,F92F5FFF,,sk000301/sk000301_10,,m000101/m112501_10
ropa,u112501_20,,f514,u112501/u112501_20,,n112501/n112501_10,0C1057FF,0C1057FF,,sk000301/sk000301_10,,m000101/m112301_20
forma,f515,0,u112501/u112501,,n112501/n112501,,,,sk000201/sk000201,,m000201/m000201,
forma,f515,1,u112501/u112502,,n112501/n112502,,,,sk000201/sk000202,,m000201/m000202,
forma,f515,2,u112501/u112503,,n112501/n112503,,,,sk000201/sk000203,,m000201/m000203,
forma,f515,3,u112501/u112504,,n112501/n112504,,,,sk000201/sk000204,,m000201/m000204,
forma,f515,4,u112501/u112505,,n112501/n112505,,,,sk000201/sk000205,,m000201/m000205,
forma,f515,5,u112501/u112506,,n112501/n112506,,,,sk000201/sk000206,,m000201/m000206,
forma,f515,6,u112501/u112507,,n112501/n112507,,,,sk000201/sk000207,,m000201/m000207,
forma,f515,7,u112501/u112508,,n112501/n112508,,,,sk000201/sk000208,,m000201/m000208,
forma,f515,8,u112501/u112506,,n112501/n112506,,,,sk000201/sk000209,,m000201/m000206,
forma,f515,9,u112501/u112507,,n112501/n112507,,,,sk000201/sk000210,,m000201/m000207,
forma,f515,10,u112501/u112503,,n112501/n112503,,,,sk000201/sk000203,,m000201/m000203,
forma,f515,11,u112501/u112504,,n112501/n112504,,,,sk000201/sk000204,,m000201/m000204,
forma,f515,12,u112501/u112507,,n112501/n112507,,,,sk000201/sk000207,,m000201/m000207,
forma,f515,13,u112501/u112507,,n112501/n112507,,,,sk000201/sk000210,,m000201/m000207,
ropa,u112551_10,,f515,u112501/u112551_10,,n112501/n112501_10,AAAAAAFF,AAAAAAFF,,sk000201/sk000201_10,,m000101/m112501_10
ropa,u112551_20,,f515,u112501/u112551_20,,n112501/n112501_10,48C794FF,48C794FF,,sk000201/sk000201_10,,m000101/m112501_20
forma,f516,2,u000101/u000103,,n111401/n111403,,,,sk000101/sk000103,,,
ropa,u112701_10,,f516,u000101/u112701_10,,n000101/n000101_10,4D7469FF,D8E4E2FF,,sk000101/sk000101_10,,
ropa,u112801_10,,f454,u002101/u112801_10,,n000101/n000101_10,9E0404FF,FFFAECFF,,sk000101/sk112801_10,,m000101/m112801_10
ropa,u112801_10_blyR,,f455,u002101/u112801_10,,n000101/n000101_10,,,,sk000101/sk112801_10,,m000101/m112801_10
ropa,u112801_10_dam,,f456,u002101/u112801_10,,n000101/n000101_10,,,,sk000101/sk112801_10,,m000101/m112801_10
ropa,u112801_10_fld,,f457,u002101/u112801_10,,n000101/n000101_10,,,,sk000101/sk112801_10,,m000101/m112801_10
ropa,u112801_10_slv,,f458,u002101/u112801_10,,n000101/n000101_10,,,,sk000101/sk112801_10,,m000101/m112801_10
ropa,u112851_10,,f460,u002201/u112851_10,,n000101/n000101_10,FFFAECFF,273035FF,,sk000201/sk000201_10,,m000101/m112801_10
ropa,u112851_10_blyR,,f461,u002201/u112851_10,,n000101/n000101_10,,,,sk090201/sk090201_10,,m000101/m112801_10
ropa,u112851_10_lsa,,f462,u002201/u112851_10,,n000101/n000101_10,,,,sk000901/sk000901_10,,m000101/m112801_10
ropa,u112851_10_lse,,f463,u002201/u112851_10,,n000101/n000101_10,,,,sk000801/sk000801_10,,m000101/m112801_10
forma,f517,0,u001401/u001401,,n000101/n000101,,,,sk004101/sk004101,,m000101/m000101,
forma,f517,1,u001401/u001402,,n000101/n000102,,,,sk004101/sk004102,,m000101/m000102,
forma,f517,2,u001401/u001403,,n000101/n000103,,,,sk004101/sk004103,,m000101/m000103,
forma,f517,3,u001401/u001404,,n000101/n000104,,,,sk004101/sk004104,,m000101/m000104,
forma,f517,4,u001401/u001405,,n000101/n000105,,,,sk004101/sk004105,,m000101/m000105,
forma,f517,5,u001401/u001406,,n000101/n000106,,,,sk004101/sk004106,,m000101/m000106,
forma,f517,6,u001401/u001407,,n000101/n000107,,,,sk004101/sk004107,,m000101/m000107,
forma,f517,7,u001401/u001408,,n000101/n000108,,,,sk004101/sk004108,,m000101/m000108,
forma,f517,8,u001401/u001406,,n000101/n000106,,,,sk004101/sk004109,,m000101/m000106,
forma,f517,9,u001401/u001407,,n000101/n000107,,,,sk004101/sk004110,,m000101/m000107,
forma,f517,10,u001401/u001403,,n000101/n000103,,,,sk004101/sk004103,,m000101/m000103,
forma,f517,11,u001401/u001404,,n000101/n000104,,,,sk004101/sk004104,,m000101/m000104,
forma,f517,12,u001401/u001407,,n000101/n000107,,,,sk004101/sk004107,,m000101/m000107,
forma,f517,13,u001401/u001407,,n000101/n000107,,,,sk004101/sk004110,,m000101/m000107,
ropa,u112901_10,,f517,u001401/u112901_10,,n000101/n000101_10,72B8FEFF,1C223CFF,,sk000101/sk112901_10,,m000101/m112901_10
ropa,u112901_20,,f517,u001401/u112901_20,,n000101/n000101_10,72B8FEFF,1C223CFF,,sk000101/sk112901_20,,m000101/m112901_20
forma,f518,0,u001501/u001501,,n000101/n000101,,,,sk000201/sk000201,,m000201/m000201,
forma,f518,1,u001501/u001502,,n000101/n000102,,,,sk000201/sk000202,,m000201/m000202,
forma,f518,2,u001501/u001503,,n000101/n000103,,,,sk000201/sk000203,,m000201/m000203,
forma,f518,3,u001501/u001504,,n000101/n000104,,,,sk000201/sk000204,,m000201/m000204,
forma,f518,4,u001501/u001505,,n000101/n000105,,,,sk000201/sk000205,,m000201/m000205,
forma,f518,5,u001501/u001506,,n000101/n000106,,,,sk000201/sk000206,,m000201/m000206,
forma,f518,6,u001501/u001507,,n000101/n000107,,,,sk000201/sk000207,,m000201/m000207,
forma,f518,7,u001501/u001508,,n000101/n000108,,,,sk000201/sk000208,,m000201/m000208,
forma,f518,8,u001501/u001506,,n000101/n000106,,,,sk000201/sk000209,,m000201/m000206,
forma,f518,9,u001501/u001507,,n000101/n000107,,,,sk000201/sk000210,,m000201/m000207,
forma,f518,10,u001501/u001503,,n000101/n000103,,,,sk000201/sk000203,,m000201/m000203,
forma,f518,11,u001501/u001504,,n000101/n000104,,,,sk000201/sk000204,,m000201/m000204,
forma,f518,12,u001501/u001507,,n000101/n000107,,,,sk000201/sk000207,,m000201/m000207,
forma,f518,13,u001501/u001507,,n000101/n000107,,,,sk000201/sk000210,,m000201/m000207,
ropa,u112951_10,,f518,u001501/u112951_10,,n000101/n000101_10,1C223CFF,9BB2DEFF,,sk000201/sk112951_10,,m000101/m112901_10
ropa,u112951_20,,f518,u001501/u112951_20,,n000101/n000101_10,72B8FEFF,1C223CFF,,sk000201/sk112951_10,,m000101/m112901_20
ropa,u113001_10,,f517,u001401/u113001_10,,n000101/n000101_10,A1F67FFF,1C2641FF,,sk000101/sk112901_10,,m000101/m112901_10
ropa,u113001_20,,f517,u001401/u113001_20,,n000101/n000101_10,A1F67FFF,1C2641FF,,sk000101/sk113001_20,,m000101/m113001_20
ropa,u113051_10,,f518,u001501/u113051_10,,n000101/n000101_10,1C2641FF,A3DA97FF,,sk000201/sk112951_10,,m000101/m112901_10
ropa,u113051_20,,f518,u001501/u113051_20,,n000101/n000101_10,A1F67FFF,1C2641FF,,sk000201/sk112951_10,,m000101/m113001_20
ropa,u113101_10,,f517,u001401/u113101_10,,n000101/n000101_10,F9D952FF,1B2A3DFF,,sk000101/sk112901_10,,m000101/m112901_10
ropa,u113101_20,,f517,u001401/u113101_20,,n000101/n000101_10,F9D952FF,1B2A3DFF,,sk000101/sk113101_20,,m000101/m113101_20
ropa,u113151_10,,f518,u001501/u113151_10,,n000101/n000101_10,1B2A3DFF,D0BD7BFF,,sk000201/sk112951_10,,m000101/m112901_10
ropa,u113151_20,,f518,u001501/u113151_20,,n000101/n000101_10,F9D952FF,1B2A3DFF,,sk000201/sk112951_10,,m000101/m113101_20
ropa,u113201_10,,f517,u001401/u113201_10,,n000101/n000101_10,F85254FF,1C202CFF,,sk000101/sk112901_10,,m000101/m112901_10
ropa,u113201_20,,f517,u001401/u113201_20,,n000101/n000101_10,F85254FF,1C202CFF,,sk000101/sk113201_20,,m000101/m113201_20
ropa,u113251_10,,f518,u001501/u113251_10,,n000101/n000101_10,1C202CFF,D05768FF,,sk000201/sk112951_10,,m000101/m112901_10
ropa,u113251_20,,f518,u001501/u113251_20,,n000101/n000101_10,F85254FF,1C202CFF,,sk000201/sk112951_10,,m000101/m113201_20
ropa,u113301_10,,f100,u001101/u113301_10,,n000101/n000101_10,428E21FF,E3BC21FF,,sk000101/sk000101_10,,m000101/m113301_10
ropa,u113301_10_blyR,,f101,u001101/u113301_10,,n000101/n000101_10,,,,sk090101/sk090101_10,,m000101/m113301_10
ropa,u113301_10_dam,,f102,u001101/u113301_10,,n000101/n000101_10,,,,sk000701/sk000701_10,,m000101/m113301_10
ropa,u113301_10_fld,,f103,u001101/u113301_10,,n000101/n000101_10,,,,sk000101/sk000101_10,,m000101/m113301_10
ropa,u113301_10_slv,,f104,u001101/u113301_10,,n000101/n000101_10,,,,sk000501/sk000501_10,,m000101/m113301_10
ropa,u113301_20,,f100,u001101/u113301_20,,n000101/n000101_10,B29049FF,1D3326FF,,sk000101/sk000101_10,,m000101/m113301_20
ropa,u113301_20_blyR,,f101,u001101/u113301_20,,n000101/n000101_10,,,,sk090101/sk090101_10,,m000101/m113301_20
ropa,u113301_20_dam,,f102,u001101/u113301_20,,n000101/n000101_10,,,,sk000701/sk000701_10,,m000101/m113301_20
ropa,u113301_20_fld,,f103,u001101/u113301_20,,n000101/n000101_10,,,,sk000101/sk000101_10,,m000101/m113301_20
ropa,u113301_20_slv,,f104,u001101/u113301_20,,n000101/n000101_10,,,,sk000501/sk000501_10,,m000101/m113301_20
ropa,u113351_10,,f105,u001201/u113351_10,,n000101/n000101_10,EEF0EFFF,7FCC42FF,,sk000201/sk000201_10,,m000101/m113301_10
ropa,u113351_10_blyR,,f106,u001201/u113351_10,,n000101/n000101_10,,,,sk090201/sk090201_10,,m000101/m113301_10
ropa,u113351_10_lsa,,f107,u001201/u113351_10,,n000101/n000101_10,,,,sk000901/sk000901_10,,m000101/m113301_10
ropa,u113351_10_lse,,f108,u001201/u113351_10,,n000101/n000101_10,,,,sk000801/sk000801_10,,m000101/m113301_10
ropa,u113351_20,,f105,u001201/u113351_20,,n000101/n000101_10,FFD38CFF,A8243CFF,,sk000201/sk000201_10,,m000101/m113351_20
ropa,u113351_20_blyR,,f106,u001201/u113351_20,,n000101/n000101_10,,,,sk090201/sk090201_10,,m000101/m113351_20
ropa,u113351_20_lsa,,f107,u001201/u113351_20,,n000101/n000101_10,,,,sk000901/sk000901_10,,m000101/m113351_20
ropa,u113351_20_lse,,f108,u001201/u113351_20,,n000101/n000101_10,,,,sk000801/sk000801_10,,m000101/m113351_20
forma,f519,6,u11500040/u11500040,,,,,,,,,
ropa,u11500040,,f519,u11500040/u11500040,,,,,,,,
forma,f520,7,u11500061/u11500061,,n11500061/n11500061,,,,,,m000101/m000108,
ropa,u11500061,,f520,u11500061/u11500061,,n000101/n000101_10,,,,,,m000101/m111301_10
forma,f521,1,u11500540/u11500540,,,,,,,,,
ropa,u11500540,,f521,u11500540/u11500540,,,,,,,,
forma,f522,1,u11500870/u11500870,,,,,,,,,
ropa,u11500870,,f522,u11500870/u11500870,,,,,,,,
forma,f523,0,u115101/u115101,,,,,,sk000301/sk000301,,,
forma,f523,1,u115101/u115102,u115101/u115101_11,,,,,sk000301/sk000302,,,
forma,f523,2,u115101/u115103,,,,,,sk000301/sk000303,,,
forma,f523,3,u115101/u115104,,,,,,sk000301/sk000304,,,
forma,f523,4,u115101/u115105,,,,,,sk000301/sk000305,,,
forma,f523,5,u115101/u115106,,,,,,sk000301/sk000306,,,
forma,f523,6,u115101/u115107,,,,,,sk000301/sk000307,,,
forma,f523,7,u115101/u115108,,,,,,sk000301/sk000308,,,
forma,f523,8,u115101/u115106,,,,,,sk000301/sk000309,,,
forma,f523,9,u115101/u115107,,,,,,sk000301/sk000310,,,
forma,f523,10,u115101/u115123,u115101/u115101_11,,,,,sk000301/sk000303,,,
forma,f523,11,u115101/u115124,u115101/u115101_11,,,,,sk000301/sk000304,,,
forma,f523,12,u115101/u115127,u115101/u115101_11,,,,,sk000301/sk000307,,,
forma,f523,13,u115101/u115127,u115101/u115101_11,,,,,sk000301/sk000310,,,
forma,f523,14,u115101/u115125,u115101/u115101_11,,,,,sk000301/sk000305,,,
forma,f523,15,u115101/u115128,u115101/u115101_11,,,,,sk000301/sk000308,,,
forma,f523,16,u115101/u115126,u115101/u115101_11,,,,,sk000301/sk000306,,,
forma,f523,17,u115101/u115126,u115101/u115101_11,,,,,sk000301/sk000309,,,
ropa,u115101_10,,f523,u115101/u115101_10,,,,,,sk000301/sk000301_10,,
forma,f524,0,u115201/u115201,,,,,,sk000301/sk000301,,,
forma,f524,1,u115201/u115202,u115201/u115201_11,,,,,sk000301/sk000302,,,
forma,f524,2,u115201/u115203,,,,,,sk000301/sk000303,,,
forma,f524,3,u115201/u115204,,,,,,sk000301/sk000304,,,
forma,f524,4,u115201/u115205,,,,,,sk000301/sk000305,,,
forma,f524,5,u115201/u115206,,,,,,sk000301/sk000306,,,
forma,f524,6,u115201/u115207,,,,,,sk000301/sk000307,,,
forma,f524,7,u115201/u115208,,,,,,sk000301/sk000308,,,
forma,f524,8,u115201/u115206,,,,,,sk000301/sk000309,,,
forma,f524,9,u115201/u115207,,,,,,sk000301/sk000310,,,
forma,f524,10,u115201/u115223,u115201/u115201_11,,,,,sk000301/sk000303,,,
forma,f524,11,u115201/u115224,u115201/u115201_11,,,,,sk000301/sk000304,,,
ropa,u115111_10,,f524,u115201/u115201_10,,,,,,sk000301/sk000301_10,,
forma,f525,0,u115201/u115201,,,,,,sk000301/sk000301,,,
forma,f525,1,u115201/u115202,u115201/u115201_11,,,,,sk000301/sk000302,,,
forma,f525,2,u115201/u115203,,,,,,sk000301/sk000303,,,
forma,f525,3,u115201/u115204,,,,,,sk000301/sk000304,,,
forma,f525,4,u115201/u115205,,,,,,sk000301/sk000305,,,
forma,f525,5,u115201/u115206,,,,,,sk000301/sk000306,,,
forma,f525,6,u115201/u115207,,,,,,sk000301/sk000307,,,
forma,f525,7,u115201/u115208,,,,,,sk000301/sk000308,,,
forma,f525,8,u115201/u115206,,,,,,sk000301/sk000309,,,
forma,f525,9,u115201/u115207,,,,,,sk000301/sk000310,,,
forma,f525,10,u115201/u115223,u115201/u115201_11,,,,,sk000301/sk000303,,,
forma,f525,11,u115201/u115224,u115201/u115201_11,,,,,sk000301/sk000304,,,
forma,f525,12,u115201/u115227,u115201/u115201_11,,,,,sk000301/sk000307,,,
forma,f525,13,u115201/u115227,u115201/u115201_11,,,,,sk000301/sk000310,,,
forma,f525,14,u115201/u115225,u115201/u115201_11,,,,,sk000301/sk000305,,,
forma,f525,15,u115201/u115228,u115201/u115201_11,,,,,sk000301/sk000308,,,
forma,f525,16,u115201/u115226,u115201/u115201_11,,,,,sk000301/sk000306,,,
forma,f525,17,u115201/u115226,u115201/u115201_11,,,,,sk000301/sk000309,,,
ropa,u115201_10,,f525,u115201/u115201_10,,,,,,sk000301/sk000301_10,,
forma,f526,0,u115301/u115301,,,,,,sk000301/sk000301,,,
forma,f526,1,u115301/u115302,u115301/u115301_11,,,,,sk000301/sk000302,,,
forma,f526,2,u115301/u115303,,,,,,sk000301/sk000303,,,
forma,f526,3,u115301/u115304,,,,,,sk000301/sk000304,,,
forma,f526,4,u115301/u115305,,,,,,sk000301/sk000305,,,
forma,f526,5,u115301/u115306,,,,,,sk000301/sk000306,,,
forma,f526,6,u115301/u115307,,,,,,sk000301/sk000307,,,
forma,f526,7,u115301/u115308,,,,,,sk000301/sk000308,,,
forma,f526,8,u115301/u115306,,,,,,sk000301/sk000309,,,
forma,f526,9,u115301/u115307,,,,,,sk000301/sk000310,,,
forma,f526,10,u115301/u115323,u115301/u115301_11,,,,,sk000301/sk000303,,,
forma,f526,11,u115301/u115324,u115301/u115301_11,,,,,sk000301/sk000304,,,
forma,f526,12,u115301/u115327,u115301/u115301_11,,,,,sk000301/sk000307,,,
forma,f526,13,u115301/u115327,u115301/u115301_11,,,,,sk000301/sk000310,,,
forma,f526,14,u115301/u115325,u115301/u115301_11,,,,,sk000301/sk000305,,,
forma,f526,15,u115301/u115328,u115301/u115301_11,,,,,sk000301/sk000308,,,
forma,f526,16,u115301/u115326,u115301/u115301_11,,,,,sk000301/sk000306,,,
forma,f526,17,u115301/u115326,u115301/u115301_11,,,,,sk000301/sk000309,,,
ropa,u115301_10,,f526,u115301/u115301_10,,,,,,sk000301/sk000301_10,,
forma,f527,0,u115301/u115301,,,,,,sk000301/sk000301,,,
forma,f527,1,u115301/u115302,u115301/u115301_21,,,,,sk000301/sk000302,,,
forma,f527,2,u115301/u115303,,,,,,sk000301/sk000303,,,
forma,f527,3,u115301/u115304,,,,,,sk000301/sk000304,,,
forma,f527,4,u115301/u115305,,,,,,sk000301/sk000305,,,
forma,f527,5,u115301/u115306,,,,,,sk000301/sk000306,,,
forma,f527,6,u115301/u115307,,,,,,sk000301/sk000307,,,
forma,f527,7,u115301/u115308,,,,,,sk000301/sk000308,,,
forma,f527,8,u115301/u115306,,,,,,sk000301/sk000309,,,
forma,f527,9,u115301/u115307,,,,,,sk000301/sk000310,,,
forma,f527,10,u115301/u115323,u115301/u115301_21,,,,,sk000301/sk000303,,,
forma,f527,11,u115301/u115324,u115301/u115301_21,,,,,sk000301/sk000304,,,
forma,f527,12,u115301/u115327,u115301/u115301_21,,,,,sk000301/sk000307,,,
forma,f527,13,u115301/u115327,u115301/u115301_21,,,,,sk000301/sk000310,,,
forma,f527,14,u115301/u115325,u115301/u115301_21,,,,,sk000301/sk000305,,,
forma,f527,15,u115301/u115328,u115301/u115301_21,,,,,sk000301/sk000308,,,
forma,f527,16,u115301/u115326,u115301/u115301_21,,,,,sk000301/sk000306,,,
forma,f527,17,u115301/u115326,u115301/u115301_21,,,,,sk000301/sk000309,,,
ropa,u115301_20,,f527,u115301/u115301_10,,,,,,sk000301/sk000301_10,,
forma,f528,0,u115301/u115301,,,,,,sk000301/sk000301,,,
forma,f528,1,u115301/u115302,u115301/u115301_31,,,,,sk000301/sk000302,,,
forma,f528,2,u115301/u115303,,,,,,sk000301/sk000303,,,
forma,f528,3,u115301/u115304,,,,,,sk000301/sk000304,,,
forma,f528,4,u115301/u115305,,,,,,sk000301/sk000305,,,
forma,f528,5,u115301/u115306,,,,,,sk000301/sk000306,,,
forma,f528,6,u115301/u115307,,,,,,sk000301/sk000307,,,
forma,f528,7,u115301/u115308,,,,,,sk000301/sk000308,,,
forma,f528,8,u115301/u115306,,,,,,sk000301/sk000309,,,
forma,f528,9,u115301/u115307,,,,,,sk000301/sk000310,,,
forma,f528,10,u115301/u115323,u115301/u115301_31,,,,,sk000301/sk000303,,,
forma,f528,11,u115301/u115324,u115301/u115301_31,,,,,sk000301/sk000304,,,
forma,f528,12,u115301/u115327,u115301/u115301_31,,,,,sk000301/sk000307,,,
forma,f528,13,u115301/u115327,u115301/u115301_31,,,,,sk000301/sk000310,,,
forma,f528,14,u115301/u115325,u115301/u115301_31,,,,,sk000301/sk000305,,,
forma,f528,15,u115301/u115328,u115301/u115301_31,,,,,sk000301/sk000308,,,
forma,f528,16,u115301/u115326,u115301/u115301_31,,,,,sk000301/sk000306,,,
forma,f528,17,u115301/u115326,u115301/u115301_31,,,,,sk000301/sk000309,,,
ropa,u115301_30,,f528,u115301/u115301_10,,,,,,sk000301/sk000301_10,,
forma,f529,0,u115401/u115401,,,,,,sk000301/sk000301,,,
forma,f529,1,u115401/u115402,u115401/u115401_11,,,,,sk000301/sk000302,,,
forma,f529,2,u115401/u115403,,,,,,sk000301/sk000303,,,
forma,f529,3,u115401/u115404,,,,,,sk000301/sk000304,,,
forma,f529,4,u115401/u115405,,,,,,sk000301/sk000305,,,
forma,f529,5,u115401/u115406,,,,,,sk000301/sk000306,,,
forma,f529,6,u115401/u115407,,,,,,sk000301/sk000307,,,
forma,f529,7,u115401/u115408,,,,,,sk000301/sk000308,,,
forma,f529,8,u115401/u115406,,,,,,sk000301/sk000309,,,
forma,f529,9,u115401/u115407,,,,,,sk000301/sk000310,,,
forma,f529,10,u115401/u115423,u115401/u115401_11,,,,,sk000301/sk000303,,,
forma,f529,11,u115401/u115424,u115401/u115401_11,,,,,sk000301/sk000304,,,
forma,f529,12,u115401/u115427,u115401/u115401_11,,,,,sk000301/sk000307,,,
forma,f529,13,u115401/u115427,u115401/u115401_11,,,,,sk000301/sk000310,,,
forma,f529,14,u115401/u115425,u115401/u115401_11,,,,,sk000301/sk000305,,,
forma,f529,15,u115401/u115428,u115401/u115401_11,,,,,sk000301/sk000308,,,
forma,f529,16,u115401/u115426,u115401/u115401_11,,,,,sk000301/sk000306,,,
forma,f529,17,u115401/u115426,u115401/u115401_11,,,,,sk000301/sk000309,,,
ropa,u115401_10,,f529,u115401/u115401_10,,,,,,sk000301/sk000301_10,,
forma,f530,0,u115401/u115401,,,,,,sk000301/sk000301,,,
forma,f530,1,u115401/u115402,u115401/u115401_21,,,,,sk000301/sk000302,,,
forma,f530,2,u115401/u115403,,,,,,sk000301/sk000303,,,
forma,f530,3,u115401/u115404,,,,,,sk000301/sk000304,,,
forma,f530,4,u115401/u115405,,,,,,sk000301/sk000305,,,
forma,f530,5,u115401/u115406,,,,,,sk000301/sk000306,,,
forma,f530,6,u115401/u115407,,,,,,sk000301/sk000307,,,
forma,f530,7,u115401/u115408,,,,,,sk000301/sk000308,,,
forma,f530,8,u115401/u115406,,,,,,sk000301/sk000309,,,
forma,f530,9,u115401/u115407,,,,,,sk000301/sk000310,,,
forma,f530,10,u115401/u115423,u115401/u115401_21,,,,,sk000301/sk000303,,,
forma,f530,11,u115401/u115424,u115401/u115401_21,,,,,sk000301/sk000304,,,
forma,f530,12,u115401/u115427,u115401/u115401_21,,,,,sk000301/sk000307,,,
forma,f530,13,u115401/u115427,u115401/u115401_21,,,,,sk000301/sk000310,,,
forma,f530,14,u115401/u115425,u115401/u115401_21,,,,,sk000301/sk000305,,,
forma,f530,15,u115401/u115428,u115401/u115401_21,,,,,sk000301/sk000308,,,
forma,f530,16,u115401/u115426,u115401/u115401_21,,,,,sk000301/sk000306,,,
forma,f530,17,u115401/u115426,u115401/u115401_21,,,,,sk000301/sk000309,,,
ropa,u115401_20,,f530,u115401/u115401_10,,,,,,sk000301/sk000301_10,,
forma,f531,0,u115401/u115401,,,,,,sk000301/sk000301,,,
forma,f531,1,u115401/u115402,u115401/u115401_31,,,,,sk000301/sk000302,,,
forma,f531,2,u115401/u115403,,,,,,sk000301/sk000303,,,
forma,f531,3,u115401/u115404,,,,,,sk000301/sk000304,,,
forma,f531,4,u115401/u115405,,,,,,sk000301/sk000305,,,
forma,f531,5,u115401/u115406,,,,,,sk000301/sk000306,,,
forma,f531,6,u115401/u115407,,,,,,sk000301/sk000307,,,
forma,f531,7,u115401/u115408,,,,,,sk000301/sk000308,,,
forma,f531,8,u115401/u115406,,,,,,sk000301/sk000309,,,
forma,f531,9,u115401/u115407,,,,,,sk000301/sk000310,,,
forma,f531,10,u115401/u115423,u115401/u115401_31,,,,,sk000301/sk000303,,,
forma,f531,11,u115401/u115424,u115401/u115401_31,,,,,sk000301/sk000304,,,
forma,f531,12,u115401/u115427,u115401/u115401_31,,,,,sk000301/sk000307,,,
forma,f531,13,u115401/u115427,u115401/u115401_31,,,,,sk000301/sk000310,,,
forma,f531,14,u115401/u115425,u115401/u115401_31,,,,,sk000301/sk000305,,,
forma,f531,15,u115401/u115428,u115401/u115401_31,,,,,sk000301/sk000308,,,
forma,f531,16,u115401/u115426,u115401/u115401_31,,,,,sk000301/sk000306,,,
forma,f531,17,u115401/u115426,u115401/u115401_31,,,,,sk000301/sk000309,,,
ropa,u115401_30,,f531,u115401/u115401_10,,,,,,sk000301/sk000301_10,,
forma,f532,0,u115601/u115601,,,,,,sk000301/sk000301,,,
forma,f532,1,u115601/u115602,u115601/u115601_11,,,,,sk000301/sk000302,,,
forma,f532,2,u115601/u115603,,,,,,sk000301/sk000303,,,
forma,f532,3,u115601/u115604,,,,,,sk000301/sk000304,,,
forma,f532,4,u115601/u115605,,,,,,sk000301/sk000305,,,
forma,f532,5,u115601/u115606,,,,,,sk000301/sk000306,,,
forma,f532,6,u115601/u115607,,,,,,sk000301/sk000307,,,
forma,f532,7,u115601/u115608,,,,,,sk000301/sk000308,,,
forma,f532,8,u115601/u115606,,,,,,sk000301/sk000309,,,
forma,f532,9,u115601/u115607,,,,,,sk000301/sk000310,,,
forma,f532,10,u115601/u115623,u115601/u115601_11,,,,,sk000301/sk000303,,,
forma,f532,11,u115601/u115624,u115601/u115601_11,,,,,sk000301/sk000304,,,
forma,f532,12,u115601/u115627,u115601/u115601_11,,,,,sk000301/sk000307,,,
forma,f532,13,u115601/u115627,u115601/u115601_11,,,,,sk000301/sk000310,,,
forma,f532,14,u115601/u115625,u115601/u115601_11,,,,,sk000301/sk000305,,,
forma,f532,15,u115601/u115628,u115601/u115601_11,,,,,sk000301/sk000308,,,
forma,f532,16,u115601/u115626,u115601/u115601_11,,,,,sk000301/sk000306,,,
forma,f532,17,u115601/u115626,u115601/u115601_11,,,,,sk000301/sk000309,,,
ropa,u115601_10,,f532,u115601/u115601_10,,,,,,sk000301/sk000301_10,,
forma,f533,0,u115701/u115701,,,,,,sk000301/sk000301,,,
forma,f533,1,u115701/u115702,u115701/u115701_11,,,,,sk000101/sk000102,sk000101/sk000101_10,,
forma,f533,2,u115701/u115703,,,,,,sk000301/sk000303,,,
forma,f533,3,u115701/u115704,,,,,,sk000301/sk000304,,,
forma,f533,4,u115701/u115705,,,,,,sk000301/sk000305,,,
forma,f533,5,u115701/u115706,,,,,,sk000301/sk000306,,,
forma,f533,6,u115701/u115707,,,,,,sk000301/sk000307,,,
forma,f533,7,u115701/u115708,,,,,,sk000301/sk000308,,,
forma,f533,8,u115701/u115706,,,,,,sk000301/sk000309,,,
forma,f533,9,u115701/u115707,,,,,,sk000301/sk000310,,,
forma,f533,10,u115701/u115723,u115701/u115701_11,,,,,sk000101/sk000103,,,
forma,f533,11,u115701/u115724,u115701/u115701_11,,,,,sk000101/sk000104,,,
forma,f533,12,u115701/u115727,u115701/u115701_11,,,,,sk000101/sk000107,,,
forma,f533,13,u115701/u115727,u115701/u115701_11,,,,,sk000101/sk000110,,,
forma,f533,14,u115701/u115725,u115701/u115701_11,,,,,sk000101/sk000105,,,
forma,f533,15,u115701/u115728,u115701/u115701_11,,,,,sk000101/sk000108,,,
forma,f533,16,u115701/u115726,u115701/u115701_11,,,,,sk000101/sk000106,,,
forma,f533,17,u115701/u115726,u115701/u115701_11,,,,,sk000101/sk000109,,,
ropa,u115701_10,,f533,u115701/u115701_10,,,,,,sk000301/sk000301_10,,
forma,f534,6,u115801/u115807,,,,,,sk000301/sk000307,,,
forma,f534,9,u115801/u115807,,,,,,sk000301/sk000310,,,
ropa,u115801_10,,f534,u115801/u115801_10,,,,,,sk000301/sk000301_10,,
forma,f535,5,u115901/u115906,,,,,,sk002901/sk002906,,,
forma,f535,8,u115901/u115906,,,,,,sk002901/sk002909,,,
ropa,u115901_10,,f535,u115901/u115901_10,,,,,,sk002901/sk002901_10,,
forma,f536,0,,,,,,,,,,
forma,f536,1,u116001/u116002,u116001/u116001_11,,,,,sk002901/sk002902,sk002901/sk002901_10,,
forma,f536,2,,,,,,,,,,
forma,f536,3,,,,,,,,,,
forma,f536,4,,,,,,,,,,
forma,f536,5,,,,,,,,,,
forma,f536,6,u116001/u116007,u116001/u116001_10,,,,,sk002901/sk002907,sk002901/sk002901_10,,
forma,f536,7,,,,,,,,,,
forma,f536,8,,,,,,,,,,
forma,f536,9,u116001/u116007,u116001/u116001_10,,,,,sk002901/sk002910,sk002901/sk002901_10,,
ropa,u116001_10,,f536,,,,,,,,,
forma,f537,0,u116101/u116101,,,,,,sk000301/sk000301,,,
forma,f537,1,u116101/u116102,u116101/u116101_11,,,,,sk000301/sk000302,,,
forma,f537,4,u116101/u116105,,,,,,sk000301/sk000305,,,
forma,f537,6,u116101/u116107,,,,,,sk000301/sk000307,,,
forma,f537,7,u116101/u116108,,,,,,sk000301/sk000308,,,
forma,f537,9,u116101/u116107,,,,,,sk000301/sk000310,,,
ropa,u116101_10,,f537,u116101/u116101_10,,,,,,sk000301/sk000301_10,,
forma,f538,0,u116201/u116201,,,,,,sk000301/sk000301,,,
forma,f538,4,u116201/u116205,,,,,,sk000301/sk000305,,,
forma,f538,5,u116201/u116206,,,,,,sk000301/sk000306,,,
forma,f538,6,u116201/u116207,,,,,,sk000301/sk000307,,,
forma,f538,7,u116201/u116208,,,,,,sk000301/sk000308,,,
forma,f538,8,u116201/u116206,,,,,,sk000301/sk000309,,,
forma,f538,9,u116201/u116207,,,,,,sk000301/sk000310,,,
ropa,u116201_10,,f538,u116201/u116201_10,,,,,,sk000301/sk000301_10,,
forma,f539,1,u11700150/u11700150,,,,,,sk000301/sk000302,,,
ropa,u11700150,,f539,u11700150/u11700150,,,,,,sk000301/sk000301_10,,
forma,f540,6,u11700360/u11700360,,,,,,,,,
ropa,u11700360,,f540,u11700360/u11700360,,,,,,,,
forma,f541,0,u11700620/u11700620,,,,,,sk000301/sk000301,,,
ropa,u11700620,,f541,u11700620/u11700620,,,,,,sk000301/sk000301_10,,
forma,f542,0,u11701060/u11701060,,,,,,sk000301/sk000301,,,
ropa,u11701060,,f542,u11701060/u11701060,,,,,,sk000301/sk000301_10,,
forma,f543,7,u11718030/u11718030,,,,,,,,,
ropa,u11718030,,f543,u11718030/u11718030,,,,,,,,
forma,f544,0,u005101/u005101,,,,,,sk000301/sk000301,,,
forma,f544,1,u005101/u005102,,,,,,sk000301/sk000302,,,
forma,f544,2,u005101/u005103,,,,,,sk000301/sk000303,,,
forma,f544,3,u005101/u005104,,,,,,sk000301/sk000304,,,
forma,f544,4,u005101/u005105,,,,,,sk000301/sk000305,,,
forma,f544,5,u005101/u005106,,,,,,sk000301/sk000306,,,
forma,f544,6,u005101/u005107,,,,,,sk000301/sk000307,,,
forma,f544,7,u005101/u005108,,,,,,sk000301/sk000308,,,
forma,f544,8,u005101/u005106,,,,,,sk000301/sk000309,,,
forma,f544,9,u005101/u005107,,,,,,sk000301/sk000310,,,
forma,f544,10,u005101/u005103,,,,,,sk000301/sk000303,,,
forma,f544,11,u005101/u005104,,,,,,sk000301/sk000304,,,
forma,f544,12,u005101/u005107,,,,,,sk000301/sk000307,,,
forma,f544,13,u005101/u005107,,,,,,sk000301/sk000310,,,
forma,f544,14,u005101/u005105,,,,,,sk000301/sk000305,,,
forma,f544,15,u005101/u005108,,,,,,sk000301/sk000308,,,
forma,f544,16,u005101/u005106,,,,,,sk000301/sk000306,,,
forma,f544,17,u005101/u005106,,,,,,sk000301/sk000309,,,
ropa,u117201_10,,f544,u005101/u117201_10,,,,,,sk000301/sk000301_10,,
ropa,u117201_10_kasf,,f187,u005101/u117201_10,,,,,,sk000301/sk000301_10,,
ropa,u117201_10_kasm,,f226,u005101/u117201_10,,,,,,sk002901/sk002901_10,,
ropa,u117201_10_masf,,f383,u005101/u117201_10,,,,,,sk000301/sk000301_10,,
ropa,u117201_10_mtsm,,f384,u005101/u117201_10,,,,,,sk002901/sk002901_10,,
ropa,u117201_10_mzsf,,f385,u005101/u117201_10,,,,,,sk000301/sk000301_10,,
forma,f545,0,u005401/u005401,,,,,,sk002901/sk002901,,,
forma,f545,1,u005401/u005402,,,,,,sk002901/sk002902,,,
forma,f545,2,u005401/u005403,,,,,,sk002901/sk002903,,,
forma,f545,3,u005401/u005404,,,,,,sk002901/sk002904,,,
forma,f545,4,u005401/u005405,,,,,,sk002901/sk002905,,,
forma,f545,5,u005401/u005406,,,,,,sk002901/sk002906,,,
forma,f545,6,u005401/u005407,,,,,,sk002901/sk002907,,,
forma,f545,7,u005401/u005408,,,,,,sk002901/sk002908,,,
forma,f545,8,u005401/u005406,,,,,,sk002901/sk002909,,,
forma,f545,9,u005401/u005407,,,,,,sk002901/sk002910,,,
forma,f545,10,u005401/u005403,,,,,,sk002901/sk002903,,,
forma,f545,11,u005401/u005404,,,,,,sk002901/sk002904,,,
forma,f545,12,u005401/u005407,,,,,,sk002901/sk002907,,,
forma,f545,13,u005401/u005407,,,,,,sk002901/sk002910,,,
ropa,u117201_10_mzsm,,f545,u005101/u117201_10,,,,,,sk002901/sk002901_10,,
ropa,u117201_20_mzsf,,f385,u005101/u117201_20,,,,,,sk000301/sk000301_10,,
forma,f546,0,u001101/u001101,,,,,,sk000101/sk000101,,,
forma,f546,1,u001101/u001102,,,,,,sk000101/sk000102,,,
forma,f546,2,u001101/u001103,,,,,,sk000101/sk000103,,,
forma,f546,3,u001101/u001104,,,,,,sk000101/sk000104,,,
forma,f546,4,u001101/u001105,,,,,,sk000101/sk000105,,,
forma,f546,5,u001101/u001106,,,,,,sk000101/sk000106,,,
forma,f546,6,u001101/u001107,,,,,,sk000101/sk000107,,,
forma,f546,7,u001101/u001108,,,,,,sk000101/sk000108,,,
forma,f546,8,u001101/u001106,,,,,,sk000101/sk000109,,,
forma,f546,9,u001101/u001107,,,,,,sk000101/sk000110,,,
forma,f546,10,u001101/u001103,,,,,,sk000101/sk000103,,,
forma,f546,11,u001101/u001104,,,,,,sk000101/sk000104,,,
forma,f546,12,u001101/u001107,,,,,,sk000101/sk000107,,,
forma,f546,13,u001101/u001107,,,,,,sk000101/sk000110,,,
forma,f546,14,u001101/u001105,,,,,,sk000101/sk000105,,,
forma,f546,15,u001101/u001108,,,,,,sk000101/sk000108,,,
forma,f546,16,u001101/u001106,,,,,,sk000101/sk000106,,,
forma,f546,17,u001101/u001106,,,,,,sk000101/sk000109,,,
ropa,u117301_10,,f546,u001101/u117301_10,,,,,,sk000101/sk000101_10,,
ropa,u117401_10,,f403,u000101/u117401_10,,n000201/n000201_10,129AB4FF,F8F3F0FF,,sk000101/sk000101_10,,m000101/m117401_10
ropa,u117401_10_blyR,,f404,u000101/u117401_10,,n000201/n000201_10,,,,sk090101/sk090101_10,,m000101/m117401_10
ropa,u117401_10_dam,,f405,u000101/u117401_10,,n000201/n000201_10,,,,sk000701/sk000701_10,,m000101/m117401_10
ropa,u117401_10_fld,,f406,u000101/u117401_10,,n000201/n000201_10,,,,sk000101/sk000101_10,,m000101/m117401_10
ropa,u117401_10_slv,,f407,u000101/u117401_10,,n000201/n000201_10,,,,sk000501/sk000501_10,,m000101/m117401_10
ropa,u117401_20,,f403,u000101/u117401_20,,n000201/n000201_10,E35523FF,F8F2F0FF,,sk000101/sk000101_10,,m000101/m117401_20
ropa,u117401_20_blyR,,f404,u000101/u117401_20,,n000201/n000201_10,,,,sk090101/sk090101_10,,m000101/m117401_20
ropa,u117401_20_dam,,f405,u000101/u117401_20,,n000201/n000201_10,,,,sk000701/sk000701_10,,m000101/m117401_20
ropa,u117401_20_fld,,f406,u000101/u117401_20,,n000201/n000201_10,,,,sk000101/sk000101_10,,m000101/m117401_20
ropa,u117401_20_slv,,f407,u000101/u117401_20,,n000201/n000201_10,,,,sk000501/sk000501_10,,m000101/m117401_20
forma,f547,0,u001201/u001201,,n000201/n000201,,,,sk000201/sk000201,,m000201/m000201,
forma,f547,1,u001201/u001202,,n000201/n000202,,,,sk000201/sk000202,,m000201/m000202,
forma,f547,2,u001201/u001203,,n000201/n000203,,,,sk000201/sk000203,,m000201/m000203,
forma,f547,3,u001201/u001204,,n000201/n000204,,,,sk000201/sk000204,,m000201/m000204,
forma,f547,4,u001201/u001205,,n000201/n000205,,,,sk000201/sk000205,,m000201/m000205,
forma,f547,5,u001201/u001206,,n000201/n000206,,,,sk000201/sk000206,,m000201/m000206,
forma,f547,6,u001201/u001207,,n000201/n000207,,,,sk000201/sk000207,,m000201/m000207,
forma,f547,7,u001201/u001208,,n000201/n000208,,,,sk000201/sk000208,,m000201/m000208,
forma,f547,8,u001201/u001206,,n000201/n000206,,,,sk000201/sk000209,,m000201/m000206,
forma,f547,9,u001201/u001207,,n000201/n000207,,,,sk000201/sk000210,,m000201/m000207,
forma,f547,10,u001201/u001203,,n000201/n000203,,,,sk000201/sk000203,,m000201/m000203,
forma,f547,11,u001201/u001204,,n000201/n000204,,,,sk000201/sk000204,,m000201/m000204,
forma,f547,12,u001201/u001207,,n000201/n000207,,,,sk000201/sk000207,,m000201/m000207,
forma,f547,13,u001201/u001207,,n000201/n000207,,,,sk000201/sk000210,,m000201/m000207,
ropa,u117451_10,,f547,u001201/u117451_10,,n000201/n000201_10,2D2D2DFF,98DEEAFF,,sk000201/sk000201_10,,m000101/m117401_10
ropa,u117451_10_blyR,,f415,u001201/u117451_10,,n000201/n000201_10,,,,sk090201/sk090201_10,,m000101/m117401_10
ropa,u117451_10_lsa,,f416,u001201/u117451_10,,n000201/n000201_10,,,,sk000901/sk000901_10,,m000101/m117401_10
ropa,u117451_10_lse,,f417,u001201/u117451_10,,n000201/n000201_10,,,,sk000801/sk000801_10,,m000101/m117401_10
ropa,u117451_20,,f547,u001201/u117451_20,,n000201/n000201_10,2D2D2DFF,FF9340FF,,sk000201/sk000201_10,,m000101/m117401_20
ropa,u117451_20_blyR,,f415,u001201/u117451_20,,n000201/n000201_10,,,,sk090201/sk090201_10,,m000101/m117401_20
ropa,u117451_20_lsa,,f416,u001201/u117451_20,,n000201/n000201_10,,,,sk000901/sk000901_10,,m000101/m117401_20
ropa,u117451_20_lse,,f417,u001201/u117451_20,,n000201/n000201_10,,,,sk000801/sk000801_10,,m000101/m117401_20
forma,f548,6,u117501/u117507,,,,,,sk000301/sk000307,,,
forma,f548,7,u117501/u117508,,,,,,sk000301/sk000308,,,
ropa,u117501_10,,f548,u117501/u117501_10,,,,,,sk000301/sk000301_10,,
forma,f549,0,u117601/u117601,,,,,,,,,
forma,f549,1,u117602/u117602,u117602/u117602_10,,,,,,,,
ropa,u117601,,f549,u117601/u117601_10,,,,,,,,
forma,f550,0,u001101/u001101,,,,,,sk003101/sk003101,,,
ropa,u117701_10,,f550,u001101/u117701_10,,,,,,sk003101/sk003101_10,,
ropa,u117701_20,,f550,u001101/u117701_20,,,,,,sk003101/sk003101_10,,
forma,f551,0,u005101/u005101,,,,,,sk000301/sk000301,,,
forma,f551,1,u005101/u005102,,,,,,sk000301/sk000302,,,
forma,f551,2,u005101/u005103,,,,,,sk000301/sk000303,,,
forma,f551,3,u005101/u005104,,,,,,sk000301/sk000304,,,
forma,f551,4,u005101/u005105,,,,,,sk000301/sk000305,,,
forma,f551,5,u005101/u005106,,,,,,sk000301/sk000306,,,
forma,f551,6,u005101/u005107,,,,,,sk000301/sk000307,,,
forma,f551,7,u005101/u005108,u005101/u117801_18,,,,,sk000301/sk000308,,,
forma,f551,8,u005101/u005106,,,,,,sk000301/sk000309,,,
forma,f551,9,u005101/u005107,,,,,,sk000301/sk000310,,,
forma,f551,10,u005101/u005103,,,,,,sk000301/sk000303,,,
forma,f551,11,u005101/u005104,,,,,,sk000301/sk000304,,,
forma,f551,12,u005101/u005107,,,,,,sk000301/sk000307,,,
forma,f551,13,u005101/u005107,,,,,,sk000301/sk000310,,,
ropa,u117801_10,,f551,u005101/u117801_10,,,,,,sk000301/sk000301_10,,
forma,f552,0,u005601/u005601,,,,,,sk002901/sk002901,,,
forma,f552,1,u005601/u005602,,,,,,sk002901/sk002902,,,
forma,f552,2,u005601/u005603,,,,,,sk002901/sk002903,,,
forma,f552,3,u005601/u005604,,,,,,sk002901/sk002904,,,
forma,f552,4,u005601/u005605,,,,,,sk002901/sk002905,,,
forma,f552,5,u005601/u005606,,,,,,sk002901/sk002906,,,
forma,f552,6,u005601/u005607,,,,,,sk002901/sk002907,,,
forma,f552,7,u005601/u005608,u005101/u117801_18,,,,,sk002901/sk002908,,,
forma,f552,8,u005601/u005606,,,,,,sk002901/sk002909,,,
forma,f552,9,u005601/u005607,,,,,,sk002901/sk002910,,,
forma,f552,10,u005601/u005603,,,,,,sk002901/sk002903,,,
forma,f552,11,u005601/u005604,,,,,,sk002901/sk002904,,,
forma,f552,12,u005601/u005607,,,,,,sk002901/sk002907,,,
forma,f552,13,u005601/u005607,,,,,,sk002901/sk002910,,,
ropa,u117801_10_kasm,,f552,u005101/u117801_10,,,,,,sk002901/sk002901_10,,
forma,f553,0,u005501/u005501,,,,,,sk000301/sk000301,,,
forma,f553,1,u005501/u005502,,,,,,sk000301/sk000302,,,
forma,f553,2,u005501/u005503,,,,,,sk000301/sk000303,,,
forma,f553,3,u005501/u005504,,,,,,sk000301/sk000304,,,
forma,f553,4,u005501/u005505,,,,,,sk000301/sk000305,,,
forma,f553,5,u005501/u005506,,,,,,sk000301/sk000306,,,
forma,f553,6,u005501/u005507,,,,,,sk000301/sk000307,,,
forma,f553,7,u005501/u005508,u005101/u117801_18,,,,,sk000301/sk000308,,,
forma,f553,8,u005501/u005506,,,,,,sk000301/sk000309,,,
forma,f553,9,u005501/u005507,,,,,,sk000301/sk000310,,,
forma,f553,10,u005501/u005503,,,,,,sk000301/sk000303,,,
forma,f553,11,u005501/u005504,,,,,,sk000301/sk000304,,,
forma,f553,12,u005501/u005507,,,,,,sk000301/sk000307,,,
forma,f553,13,u005501/u005507,,,,,,sk000301/sk000310,,,
ropa,u117801_10_masf,,f553,u005101/u117801_10,,,,,,sk000301/sk000301_10,,
forma,f554,0,u005201/u005201,,,,,,sk002901/sk002901,,,
forma,f554,1,u005201/u005202,,,,,,sk002901/sk002902,,,
forma,f554,2,u005201/u005203,,,,,,sk002901/sk002903,,,
forma,f554,3,u005201/u005204,,,,,,sk002901/sk002904,,,
forma,f554,4,u005201/u005205,,,,,,sk002901/sk002905,,,
forma,f554,5,u005201/u005206,,,,,,sk002901/sk002906,,,
forma,f554,6,u005201/u005207,,,,,,sk002901/sk002907,,,
forma,f554,7,u005201/u005208,u005101/u117801_18,,,,,sk002901/sk002908,,,
forma,f554,8,u005201/u005206,,,,,,sk002901/sk002909,,,
forma,f554,9,u005201/u005207,,,,,,sk002901/sk002910,,,
forma,f554,10,u005201/u005203,,,,,,sk002901/sk002903,,,
forma,f554,11,u005201/u005204,,,,,,sk002901/sk002904,,,
forma,f554,12,u005201/u005207,,,,,,sk002901/sk002907,,,
forma,f554,13,u005201/u005207,,,,,,sk002901/sk002910,,,
ropa,u117801_10_mtsm,,f554,u005101/u117801_10,,,,,,sk002901/sk002901_10,,
forma,f555,0,u005301/u005301,,,,,,sk000301/sk000301,,,
forma,f555,1,u005301/u005302,,,,,,sk000301/sk000302,,,
forma,f555,2,u005301/u005303,,,,,,sk000301/sk000303,,,
forma,f555,3,u005301/u005304,,,,,,sk000301/sk000304,,,
forma,f555,4,u005301/u005305,,,,,,sk000301/sk000305,,,
forma,f555,5,u005301/u005306,,,,,,sk000301/sk000306,,,
forma,f555,6,u005301/u005307,,,,,,sk000301/sk000307,,,
forma,f555,7,u005301/u005308,u005101/u117801_18,,,,,sk000301/sk000308,,,
forma,f555,8,u005301/u005306,,,,,,sk000301/sk000309,,,
forma,f555,9,u005301/u005307,,,,,,sk000301/sk000310,,,
forma,f555,10,u005301/u005303,,,,,,sk000301/sk000303,,,
forma,f555,11,u005301/u005304,,,,,,sk000301/sk000304,,,
forma,f555,12,u005301/u005307,,,,,,sk000301/sk000307,,,
forma,f555,13,u005301/u005307,,,,,,sk000301/sk000310,,,
ropa,u117801_10_mzsf,,f555,u005101/u117801_10,,,,,,sk000301/sk000301_10,,
forma,f556,0,u005401/u005401,,,,,,sk002901/sk002901,,,
forma,f556,1,u005401/u005402,,,,,,sk002901/sk002902,,,
forma,f556,2,u005401/u005403,,,,,,sk002901/sk002903,,,
forma,f556,3,u005401/u005404,,,,,,sk002901/sk002904,,,
forma,f556,4,u005401/u005405,,,,,,sk002901/sk002905,,,
forma,f556,5,u005401/u005406,,,,,,sk002901/sk002906,,,
forma,f556,6,u005401/u005407,,,,,,sk002901/sk002907,,,
forma,f556,7,u005401/u005408,u005101/u117801_18,,,,,sk002901/sk002908,,,
forma,f556,8,u005401/u005406,,,,,,sk002901/sk002909,,,
forma,f556,9,u005401/u005407,,,,,,sk002901/sk002910,,,
forma,f556,10,u005401/u005403,,,,,,sk002901/sk002903,,,
forma,f556,11,u005401/u005404,,,,,,sk002901/sk002904,,,
forma,f556,12,u005401/u005407,,,,,,sk002901/sk002907,,,
forma,f556,13,u005401/u005407,,,,,,sk002901/sk002910,,,
ropa,u117801_10_mzsm,,f556,u005101/u117801_10,,,,,,sk002901/sk002901_10,,
ropa,u117801_20_mzsm,,f545,u005101/u117801_20,,,,,,sk002901/sk002901_10,,
ropa,u117901_10,,f350,u005101/u117901_10,,,,,,sk000301/sk000301_10,,
ropa,u117901_10_kasf,,f187,u005101/u117901_10,,,,,,sk000301/sk000301_10,,
ropa,u117901_10_kasm,,f226,u005101/u117901_10,,,,,,sk002901/sk002901_10,,
ropa,u117901_10_masf,,f383,u005101/u117901_10,,,,,,sk000301/sk000301_10,,
ropa,u117901_10_mtsm,,f384,u005101/u117901_10,,,,,,sk002901/sk002901_10,,
ropa,u117901_10_mzsf,,f385,u005101/u117901_10,,,,,,sk000301/sk000301_10,,
ropa,u117901_10_mzsm,,f545,u005101/u117901_10,,,,,,sk002901/sk002901_10,,
ropa,u117901_20_mzsf,,f385,u005101/u117901_20,,,,,,sk000301/sk000301_10,,
ropa,u118101_10,,f350,u005101/u118101_10,,,,,,sk000301/sk000301_10,,
ropa,u118101_10_kasm,,f226,u005101/u118101_10,,,,,,sk002901/sk002901_10,,
ropa,u118101_10_masf,,f383,u005101/u118101_10,,,,,,sk000301/sk000301_10,,
ropa,u118101_10_mtsm,,f384,u005101/u118101_10,,,,,,sk002901/sk002901_10,,
ropa,u118101_10_mzsf,,f385,u005101/u118101_10,,,,,,sk000301/sk000301_10,,
ropa,u118101_10_mzsm,,f545,u005101/u118101_10,,,,,,sk002901/sk002901_10,,
ropa,u118101_20_mzsm,,f545,u005101/u118101_20,,,,,,sk002901/sk002901_10,,
ropa,u118401_10,,f350,u005101/u118401_10,,,,,,sk000301/sk000301_10,,
ropa,u118501_10,,f350,u005101/u118501_10,,,,,,sk000301/sk000301_10,,
ropa,u118601_10,,f350,u005101/u118601_10,,,,,,sk000301/sk000301_10,,
ropa,u118701_10,,f350,u005101/u118701_10,,,,,,sk000301/sk000301_10,,
ropa,u118801_10,,f350,u005101/u118801_10,,,,,,sk000301/sk000301_10,,
ropa,u119001_10,,f350,u005101/u119001_10,,,,,,sk000301/sk000301_10,,
ropa,u119101_10,,f403,u000101/u119101_10,,n000201/n000201_10,1C2B4CFF,4F88EFFF,,sk000101/sk000101_10,,m000101/m119101_10
ropa,u119101_10_blyR,,f404,u000101/u119101_10,,n000201/n000201_10,,,,sk090101/sk090101_10,,m000101/m119101_10
ropa,u119101_10_dam,,f405,u000101/u119101_10,,n000201/n000201_10,,,,sk000701/sk000701_10,,m000101/m119101_10
ropa,u119101_10_fld,,f406,u000101/u119101_10,,n000201/n000201_10,,,,sk000101/sk000101_10,,m000101/m119101_10
ropa,u119101_10_slv,,f407,u000101/u119101_10,,n000201/n000201_10,,,,sk000501/sk000501_10,,m000101/m119101_10
ropa,u119101_20,,f403,u000101/u119101_20,,n000201/n000201_10,2D3D61FF,AEFAD3FF,,sk000101/sk000101_10,,m000101/m119101_20
ropa,u119101_20_blyR,,f404,u000101/u119101_20,,n000201/n000201_10,,,,sk090101/sk090101_10,,m000101/m119101_20
ropa,u119101_20_dam,,f405,u000101/u119101_20,,n000201/n000201_10,,,,sk000701/sk000701_10,,m000101/m119101_20
ropa,u119101_20_fld,,f406,u000101/u119101_20,,n000201/n000201_10,,,,sk000101/sk000101_10,,m000101/m119101_20
ropa,u119101_20_slv,,f407,u000101/u119101_20,,n000201/n000201_10,,,,sk000501/sk000501_10,,m000101/m119101_20
ropa,u119151_10,,f547,u001201/u119151_10,,n000201/n000201_10,F1EFFAFF,2D3D61FF,,sk000201/sk000201_10,,m000101/m119101_10
ropa,u119151_10_blyR,,f415,u001201/u119151_10,,n000201/n000201_10,,,,sk090201/sk090201_10,,m000101/m119101_10
ropa,u119151_10_lsa,,f416,u001201/u119151_10,,n000201/n000201_10,,,,sk000901/sk000901_10,,m000101/m119101_10
ropa,u119151_10_lse,,f417,u001201/u119151_10,,n000201/n000201_10,,,,sk000801/sk000801_10,,m000101/m119101_10
ropa,u119151_20,,f547,u001201/u119151_20,,n000201/n000201_10,F1EFFAFF,2FB3B6FF,,sk000201/sk000201_10,,m000101/m119101_20
ropa,u119151_20_blyR,,f415,u001201/u119151_20,,n000201/n000201_10,,,,sk090201/sk090201_10,,m000101/m119101_20
ropa,u119151_20_lsa,,f416,u001201/u119151_20,,n000201/n000201_10,,,,sk000901/sk000901_10,,m000101/m119101_20
ropa,u119151_20_lse,,f417,u001201/u119151_20,,n000201/n000201_10,,,,sk000801/sk000801_10,,m000101/m119101_20
ropa,u119201_10,,f546,u001101/u119201_10,,,,,,sk000101/sk000101_10,,
ropa,u119301_10,,f350,u005101/u119301_10,,,,,,sk000301/sk000301_10,,
ropa,u119401_10,,f350,u005101/u119401_10,,,,,,sk000301/sk000301_10,,
forma,f557,0,u004401/u004401,,n000101/n000101,,,,sk000301/sk000301,,m000201/m000201,
forma,f557,1,u004401/u004402,,n000101/n000102,,,,sk000301/sk000302,,m000201/m000202,
forma,f557,2,u004401/u004403,,n000101/n000103,,,,sk000301/sk000303,,m000201/m000203,
forma,f557,3,u004401/u004404,,n000101/n000104,,,,sk000301/sk000304,,m000201/m000204,
forma,f557,4,u004401/u004405,,n000101/n000105,,,,sk000301/sk000305,,m000201/m000205,
forma,f557,5,u004401/u004406,,n000101/n000106,,,,sk000301/sk000306,,m000201/m000206,
forma,f557,6,u004401/u004407,,n000101/n000107,,,,sk000301/sk000307,,m000201/m000207,
forma,f557,7,u004401/u004408,,n000101/n000108,,,,sk000301/sk000308,,m000201/m000208,
forma,f557,8,u004401/u004406,,n000101/n000106,,,,sk000301/sk000309,,m000201/m000206,
forma,f557,9,u004401/u004407,,n000101/n000107,,,,sk000301/sk000310,,m000201/m000207,
forma,f557,10,u004401/u004403,,n000101/n000103,,,,sk000301/sk000303,,m000201/m000203,
forma,f557,11,u004401/u004404,,n000101/n000104,,,,sk000301/sk000304,,m000201/m000204,
forma,f557,12,u004401/u004407,,n000101/n000107,,,,sk000301/sk000307,,m000201/m000207,
forma,f557,13,u004401/u004407,,n000101/n000107,,,,sk000301/sk000310,,m000201/m000207,
ropa,u119501_10,,f557,u004401/u119501_10,,n000101/n000101_10,FDF1E5FF,9B512EFF,,sk000301/sk000301_10,,m000101/m119501_10
ropa,u119501_20,,f557,u004401/u119501_20,,n000101/n000101_10,5C4B3BFF,E0CFBFFF,,sk000301/sk000301_10,,m000101/m119501_10
ropa,u119551_10,,f195,u004201/u119551_10,,n000101/n000101_10,F2EDE7FF,BA1420FF,,sk000201/sk000201_10,,m000101/m119501_10
ropa,u119551_20,,f195,u004201/u119551_20,,n000101/n000101_10,F2EDE7FF,1F1F21FF,,sk000201/sk000201_10,,m000101/m119501_10
botas,0003a6d9,0,s021301/s021301,s021301/s020751_10,,,,,,,,
botas,0003a6d9,1,s021301/s021302,s021301/s020751_10,,,,,,,,
botas,0003a6d9,2,s021301/s021303,s021301/s020751_10,,,,,,,,
botas,0003a6d9,3,s021301/s021304,s021301/s020751_10,,,,,,,,
botas,0003a6d9,4,s000001/s000001,s000001/s000001,,,,,,,,
botas,0003a6d9,5,s000001/s000001,s000001/s000001,,,,,,,,
botas,0003a6d9,6,s000001/s000001,s000001/s000001,,,,,,,,
botas,0003a6d9,7,s000001/s000001,s000001/s000001,,,,,,,,
botas,013e2fc4,0,s000101/s000101,s000101/s042251_10,,,,,,,,
botas,013e2fc4,1,s000101/s000102,s000101/s042251_10,,,,,,,,
botas,013e2fc4,2,s000101/s000103,s000101/s042251_10,,,,,,,,
botas,013e2fc4,3,s000101/s000104,s000101/s042251_10,,,,,,,,
botas,015e308b,0,s000201/s000201,s000201/s118301_10,,,,,,,,
botas,015e308b,1,s000201/s000202,s000201/s118301_10,,,,,,,,
botas,015e308b,2,s000201/s000203,s000201/s118301_10,,,,,,,,
botas,015e308b,3,s000201/s000204,s000201/s118301_10,,,,,,,,
botas,01618658,0,s000111/s000111,s000111/s060501_10,,,,,,,,
botas,01618658,1,s000111/s000112,s000111/s060501_10,,,,,,,,
botas,01618658,2,s000111/s000113,s000111/s060501_10,,,,,,,,
botas,01618658,3,s000111/s000114,s000111/s060501_10,,,,,,,,
botas,01daabba,0,s001231/s001231,s001231/s110201_10,,,,,,,,
botas,01daabba,1,s001231/s001232,s001231/s110201_10,,,,,,,,
botas,01daabba,2,s001231/s001233,s001231/s110201_10,,,,,,,,
botas,01daabba,3,s001231/s001234,s001231/s110201_10,,,,,,,,
botas,0266f76f,0,s000201/s000201,s000201/s110351_10,,,,,,,,
botas,0266f76f,1,s000201/s000202,s000201/s110351_10,,,,,,,,
botas,0266f76f,2,s000201/s000203,s000201/s110351_10,,,,,,,,
botas,0266f76f,3,s000201/s000204,s000201/s110351_10,,,,,,,,
botas,03bffa0c,0,s001201/s001201,s001201/s020601_10,,,,,,,,
botas,03bffa0c,1,s001201/s001202,s001201/s020601_10,,,,,,,,
botas,03bffa0c,2,s001201/s001203,s001201/s020601_10,,,,,,,,
botas,03bffa0c,3,s001201/s001204,s001201/s020601_10,,,,,,,,
botas,04492937,0,s000401/s000401,s000401/s030701_10,,,,,,,,
botas,04492937,1,s000401/s000402,s000401/s030701_10,,,,,,,,
botas,04492937,2,s000401/s000403,s000401/s030701_10,,,,,,,,
botas,04492937,3,s000401/s000404,s000401/s030701_10,,,,,,,,
botas,0462eb77,0,s001201/s001201,s001201/s075101_10,,,,,,,,
botas,0462eb77,1,s001201/s001202,s001201/s075101_10,,,,,,,,
botas,0462eb77,2,s001201/s001203,s001201/s075101_10,,,,,,,,
botas,0462eb77,3,s001201/s001204,s001201/s075101_10,,,,,,,,
botas,058adfbd,0,s000201/s000201,s000201/s111951_10,,,,,,,,
botas,058adfbd,1,s000201/s000202,s000201/s111951_10,,,,,,,,
botas,058adfbd,2,s000201/s000203,s000201/s111951_10,,,,,,,,
botas,058adfbd,3,s000201/s000204,s000201/s111951_10,,,,,,,,
botas,0601d4cf,0,e001701/e001701,e001701/e001701_10,,,,,,,,
botas,0601d4cf,2,e001701/e001703,e001701/e001701_10,,,,,,,,
botas,0601d4cf,3,e001701/e001704,e001701/e001701_10,,,,,,,,
botas,06368368,0,s000111/s000111,s000111/s111801_10,,,,,,,,
botas,06368368,1,s000111/s000112,s000111/s111801_10,,,,,,,,
botas,06368368,2,s000111/s000113,s000111/s111801_10,,,,,,,,
botas,06368368,3,s000111/s000114,s000111/s111801_10,,,,,,,,
botas,06975563,0,s000201/s000201,s000201/s070401_10,,,,,,,,
botas,06975563,1,s000201/s000202,s000201/s070401_10,,,,,,,,
botas,06975563,2,s000201/s000203,s000201/s070401_10,,,,,,,,
botas,06975563,3,s000201/s000204,s000201/s070401_10,,,,,,,,
botas,08477a08,0,s000101/s000101,s000101/s032301_10,,,,,,,,
botas,08477a08,1,s000101/s000102,s000101/s032301_10,,,,,,,,
botas,08477a08,2,s000101/s000103,s000101/s032301_10,,,,,,,,
botas,08477a08,3,s000101/s000104,s000101/s032301_10,,,,,,,,
botas,097af315,0,s002201/s002201,s002201/s050601_10,,,,,,,,
botas,097af315,1,s002201/s002202,s002201/s050601_10,,,,,,,,
botas,097af315,2,s002201/s002203,s002201/s050601_10,,,,,,,,
botas,097af315,3,s002201/s002204,s002201/s050601_10,,,,,,,,
botas,09eea4d2,0,s001201/s001201,s001201/s080201_10,,,,,,,,
botas,09eea4d2,1,s001201/s001202,s001201/s080201_10,,,,,,,,
botas,09eea4d2,2,s001201/s001203,s001201/s080201_10,,,,,,,,
botas,09eea4d2,3,s001201/s001204,s001201/s080201_10,,,,,,,,
botas,0a0f87f0,0,e001801/e001801,e001801/e003301_10,,,,,,,,
botas,0a0f87f0,2,e001801/e001803,e001801/e003301_10,,,,,,,,
botas,0a0f87f0,3,e001801/e001804,e001801/e003301_10,,,,,,,,
botas,0a148163,0,s001201/s001201,s001201/s111101_20,,,,,,,,
botas,0a148163,1,s001201/s001202,s001201/s111101_20,,,,,,,,
botas,0a148163,2,s001201/s001203,s001201/s111101_20,,,,,,,,
botas,0a148163,3,s001201/s001204,s001201/s111101_20,,,,,,,,
botas,0ba48f41,0,s000101/s000101,s000101/s010501_10,,,,,,,,
botas,0ba48f41,1,s000101/s000102,s000101/s010501_10,,,,,,,,
botas,0ba48f41,2,s000101/s000103,s000101/s010501_10,,,,,,,,
botas,0ba48f41,3,s000101/s000104,s000101/s010501_10,,,,,,,,
botas,0bfb26dd,0,s001221/s001221,s001221/s032251_10,,,,,,,,
botas,0bfb26dd,1,s001221/s001222,s001221/s032251_10,,,,,,,,
botas,0bfb26dd,2,s001221/s001223,s001221/s032251_10,,,,,,,,
botas,0bfb26dd,3,s001221/s001224,s001221/s032251_10,,,,,,,,
botas,0c3b5f3b,0,s031501/s031501,s031501/s031551_20,,,,,,,,
botas,0c3b5f3b,1,s031501/s031502,s031501/s031551_20,,,,,,,,
botas,0c3b5f3b,2,s031501/s031503,s031501/s031551_20,,,,,,,,
botas,0c3b5f3b,3,s031501/s031504,s031501/s031551_20,,,,,,,,
botas,0c799e3a,0,s001101/s001101,s001101/s045201_10,,,,,,,,
botas,0c799e3a,1,s001101/s001102,s001101/s045201_10,,,,,,,,
botas,0c799e3a,2,s001101/s001103,s001101/s045201_10,,,,,,,,
botas,0c799e3a,3,s001101/s001104,s001101/s045201_10,,,,,,,,
botas,0de3af22,0,e001401/e001401,e001401/e002901_10,,,,,,,,
botas,0de3af22,2,e001401/e001403,e001401/e002901_10,,,,,,,,
botas,0e8c202e,0,s000111/s000111,s000111/s040701_10,,,,,,,,
botas,0e8c202e,1,s000111/s000112,s000111/s040701_10,,,,,,,,
botas,0e8c202e,2,s000111/s000113,s000111/s040701_10,,,,,,,,
botas,0e8c202e,3,s000111/s000114,s000111/s040701_10,,,,,,,,
botas,0f214691,0,s002201/s002201,s002201/s117301_10,,,,,,,,
botas,0f214691,1,s002201/s002202,s002201/s117301_10,,,,,,,,
botas,0f214691,2,s002201/s002203,s002201/s117301_10,,,,,,,,
botas,0f214691,3,s002201/s002204,s002201/s117301_10,,,,,,,,
botas,0f8703ee,0,s000211/s000211,s000211/s031401_20,,,,,,,,
botas,0f8703ee,1,s000211/s000212,s000211/s031401_20,,,,,,,,
botas,0f8703ee,2,s000211/s000213,s000211/s031401_20,,,,,,,,
botas,0f8703ee,3,s000211/s000214,s000211/s031401_20,,,,,,,,
botas,0fc5c2ef,0,s000101/s000101,s000101/s045351_10,,,,,,,,
botas,0fc5c2ef,1,s000101/s000102,s000101/s045351_10,,,,,,,,
botas,0fc5c2ef,2,s000101/s000103,s000101/s045351_10,,,,,,,,
botas,0fc5c2ef,3,s000101/s000104,s000101/s045351_10,,,,,,,,
botas,106c8dfa,0,s000101/s000101,s000101/s047101_10,,,,,,,,
botas,106c8dfa,1,s000101/s000102,s000101/s047101_10,,,,,,,,
botas,106c8dfa,2,s000101/s000103,s000101/s047101_10,,,,,,,,
botas,106c8dfa,3,s000101/s000104,s000101/s047101_10,,,,,,,,
botas,10d1c83d,0,s002201/s002201,s002201/s112101_10,,,,,,,,
botas,10d1c83d,1,s002201/s002202,s002201/s112101_10,,,,,,,,
botas,10d1c83d,2,s002201/s002203,s002201/s112101_10,,,,,,,,
botas,10d1c83d,3,s002201/s002204,s002201/s112101_10,,,,,,,,
botas,117cae82,0,s001101/s001101,s001101/s045501_10,,,,,,,,
botas,117cae82,1,s001101/s001102,s001101/s045501_10,,,,,,,,
botas,117cae82,2,s001101/s001103,s001101/s045501_10,,,,,,,,
botas,117cae82,3,s001101/s001104,s001101/s045501_10,,,,,,,,
botas,12247629,0,s000201/s000201,s000201/s117401_10,,,,,,,,
botas,12247629,1,s000201/s000202,s000201/s117401_10,,,,,,,,
botas,12247629,2,s000201/s000203,s000201/s117401_10,,,,,,,,
botas,12247629,3,s000201/s000204,s000201/s117401_10,,,,,,,,
botas,12c0f257,0,s000101/s000101,s000101/s045451_10,,,,,,,,
botas,12c0f257,1,s000101/s000102,s000101/s045451_10,,,,,,,,
botas,12c0f257,2,s000101/s000103,s000101/s045451_10,,,,,,,,
botas,12c0f257,3,s000101/s000104,s000101/s045451_10,,,,,,,,
botas,12d69cc7,0,s000201/s000201,s000201/s119101_10,,,,,,,,
botas,12d69cc7,1,s000201/s000202,s000201/s119101_10,,,,,,,,
botas,12d69cc7,2,s000201/s000203,s000201/s119101_10,,,,,,,,
botas,12d69cc7,3,s000201/s000204,s000201/s119101_10,,,,,,,,
botas,136d94e8,0,s000201/s000201,s000201/s112051_10,,,,,,,,
botas,136d94e8,1,s000201/s000202,s000201/s112051_10,,,,,,,,
botas,136d94e8,2,s000201/s000203,s000201/s112051_10,,,,,,,,
botas,136d94e8,3,s000201/s000204,s000201/s112051_10,,,,,,,,
botas,147fc3ad,0,s002201/s002201,s002201/s050101_10,,,,,,,,
botas,147fc3ad,1,s002201/s002202,s002201/s050101_10,,,,,,,,
botas,147fc3ad,2,s002201/s002203,s002201/s050101_10,,,,,,,,
botas,147fc3ad,3,s002201/s002204,s002201/s050101_10,,,,,,,,
botas,14eb946a,0,s000201/s000201,s000201/s080501_10,,,,,,,,
botas,14eb946a,1,s000201/s000202,s000201/s080501_10,,,,,,,,
botas,14eb946a,2,s000201/s000203,s000201/s080501_10,,,,,,,,
botas,14eb946a,3,s000201/s000204,s000201/s080501_10,,,,,,,,
botas,156e1b84,0,s000101/s000101,s000101/s030901_20,,,,,,,,
botas,156e1b84,1,s000101/s000102,s000101/s030901_20,,,,,,,,
botas,156e1b84,2,s000101/s000103,s000101/s030901_20,,,,,,,,
botas,156e1b84,3,s000101/s000104,s000101/s030901_20,,,,,,,,
botas,1574e06d,0,s021201/s021201,s021201/s021201_20,,,,,,,,
botas,1574e06d,1,s021201/s021203,s021201/s021201_20,,,,,,,,
botas,1574e06d,2,s021201/s021205,s021201/s021201_20,,,,,,,,
botas,1574e06d,3,s021201/s021206,s021201/s021201_20,,,,,,,,
botas,1574e06d,4,s021201/s021202,s021201/s021201_21,,,,,,,,
botas,1574e06d,5,s021201/s021223,s021201/s021201_21,,,,,,,,
botas,1574e06d,6,s021201/s021225,s021201/s021201_21,,,,,,,,
botas,1574e06d,7,s021201/s021226,s021201/s021201_21,,,,,,,,
botas,16a1bff9,0,s000101/s000101,s000101/s010201_10,,,,,,,,
botas,16a1bff9,1,s000101/s000102,s000101/s010201_10,,,,,,,,
botas,16a1bff9,2,s000101/s000103,s000101/s010201_10,,,,,,,,
botas,16a1bff9,3,s000101/s000104,s000101/s010201_10,,,,,,,,
botas,1711b1db,0,s001231/s001231,s001231/s111601_20,,,,,,,,
botas,1711b1db,1,s001231/s001232,s001231/s111601_20,,,,,,,,
botas,1711b1db,2,s001231/s001233,s001231/s111601_20,,,,,,,,
botas,1711b1db,3,s001231/s001234,s001231/s111601_20,,,,,,,,
botas,17b7f4a4,0,s002201/s002201,s002201/s037101_10,,,,,,,,
botas,17b7f4a4,1,s002201/s002202,s002201/s037101_10,,,,,,,,
botas,17b7f4a4,2,s002201/s002203,s002201/s037101_10,,,,,,,,
botas,17b7f4a4,3,s002201/s002204,s002201/s037101_10,,,,,,,,
botas,1967dbcf,0,s002201/s002201,s002201/s075601_10,,,,,,,,
botas,1967dbcf,1,s002201/s002202,s002201/s075601_10,,,,,,,,
botas,1967dbcf,2,s002201/s002203,s002201/s075601_10,,,,,,,,
botas,1967dbcf,3,s002201/s002204,s002201/s075601_10,,,,,,,,
botas,1af0455a,0,s000101/s000101,s000101/s030101_10,,,,,,,,
botas,1af0455a,1,s000101/s000102,s000101/s030101_10,,,,,,,,
botas,1af0455a,2,s000101/s000103,s000101/s030101_10,,,,,,,,
botas,1af0455a,3,s000101/s000104,s000101/s030101_10,,,,,,,,
botas,1b04e477,0,e001001/e001001,e001001/e001001_10,,,,,,,,
botas,1b04e477,3,e001001/e001004,e001001/e001001_10,,,,,,,,
botas,1b1fe2e4,0,s002201/s002201,s002201/s113201_20,,,,,,,,
botas,1b1fe2e4,1,s002201/s002202,s002201/s113201_20,,,,,,,,
botas,1b1fe2e4,2,s002201/s002203,s002201/s113201_20,,,,,,,,
botas,1b1fe2e4,3,s002201/s002204,s002201/s113201_20,,,,,,,,
botas,1b889e32,0,s061801/s061801,s061801/s061801_10,,,,,,,,
botas,1b889e32,1,s061801/s061802,s061801/s061801_10,,,,,,,,
botas,1b889e32,2,s061801/s061803,s061801/s061801_10,,,,,,,,
botas,1b889e32,3,s061801/s061804,s061801/s061801_10,,,,,,,,
botas,1b9265db,0,s001201/s001201,s001201/s070301_10,,,,,,,,
botas,1b9265db,1,s001201/s001202,s001201/s070301_10,,,,,,,,
botas,1b9265db,2,s001201/s001203,s001201/s070301_10,,,,,,,,
botas,1b9265db,3,s001201/s001204,s001201/s070301_10,,,,,,,,
botas,1c44c32f,0,s020301/s020301,s020301/s020351_10,,,,,,,,
botas,1c44c32f,1,s020301/s020302,s020301/s020351_10,,,,,,,,
botas,1c44c32f,2,s020301/s020303,s020301/s020351_10,,,,,,,,
botas,1c44c32f,3,s020301/s020304,s020301/s020351_10,,,,,,,,
botas,1c64b6e0,0,s000111/s000111,s000111/s060201_10,,,,,,,,
botas,1c64b6e0,1,s000111/s000112,s000111/s060201_10,,,,,,,,
botas,1c64b6e0,2,s000111/s000113,s000111/s060201_10,,,,,,,,
botas,1c64b6e0,3,s000111/s000114,s000111/s060201_10,,,,,,,,
botas,1cdf9b02,0,s001211/s001211,s001211/s110501_10,,,,,,,,
botas,1cdf9b02,1,s001211/s001212,s001211/s110501_10,,,,,,,,
botas,1cdf9b02,2,s001211/s001213,s001211/s110501_10,,,,,,,,
botas,1cdf9b02,3,s001211/s001214,s001211/s110501_10,,,,,,,,
botas,1ebacab4,0,s002201/s002201,s002201/s020101_10,,,,,,,,
botas,1ebacab4,1,s002201/s002202,s002201/s020101_10,,,,,,,,
botas,1ebacab4,2,s002201/s002203,s002201/s020101_10,,,,,,,,
botas,1ebacab4,3,s002201/s002204,s002201/s020101_10,,,,,,,,
botas,1f63c7d7,0,s000201/s000201,s000201/s110451_10,,,,,,,,
botas,1f63c7d7,1,s000201/s000202,s000201/s110451_10,,,,,,,,
botas,1f63c7d7,2,s000201/s000203,s000201/s110451_10,,,,,,,,
botas,1f63c7d7,3,s000201/s000204,s000201/s110451_10,,,,,,,,
botas,1f8743a9,0,s001101/s001101,s001101/s042401_10,,,,,,,,
botas,1f8743a9,1,s001101/s001102,s001101/s042401_10,,,,,,,,
botas,1f8743a9,2,s001101/s001103,s001101/s042401_10,,,,,,,,
botas,1f8743a9,3,s001101/s001104,s001101/s042401_10,,,,,,,,
botas,20e0dfc3,0,s000201/s000201,s000201/s021451_10,,,,,,,,
botas,20e0dfc3,1,s000201/s000202,s000201/s021451_10,,,,,,,,
botas,20e0dfc3,2,s000201/s000203,s000201/s021451_10,,,,,,,,
botas,20e0dfc3,3,s000201/s000204,s000201/s021451_10,,,,,,,,
botas,2139d2a0,0,s001201/s001201,s001201/s111101_10,,,,,,,,
botas,2139d2a0,1,s001201/s001202,s001201/s111101_10,,,,,,,,
botas,2139d2a0,2,s001201/s001203,s001201/s111101_10,,,,,,,,
botas,2139d2a0,3,s001201/s001204,s001201/s111101_10,,,,,,,,
botas,2182ff42,0,s002201/s002201,s002201/s061601_10,,,,,,,,
botas,2182ff42,1,s002201/s002202,s002201/s061601_10,,,,,,,,
botas,2182ff42,2,s002201/s002203,s002201/s061601_10,,,,,,,,
botas,2182ff42,3,s002201/s002204,s002201/s061601_10,,,,,,,,
botas,223c3132,3,s06031520/s06031520,s06031520/s06031520,,,,,,,,
botas,224669cb,0,s05024900/s05024900,s05024900/s05024900,,,,,,,,
botas,235c8316,0,s002201/s002201,s002201/s021501_10,,,,,,,,
botas,235c8316,1,s002201/s002202,s002201/s021501_10,,,,,,,,
botas,235c8316,2,s002201/s002203,s002201/s021501_10,,,,,,,,
botas,235c8316,3,s002201/s002204,s002201/s021501_10,,,,,,,,
botas,2497dd7b,0,s000101/s000101,s000101/s010201_30,,,,,,,,
botas,2497dd7b,1,s000101/s000102,s000101/s010201_30,,,,,,,,
botas,2497dd7b,2,s000101/s000103,s000101/s010201_30,,,,,,,,
botas,2497dd7b,3,s000101/s000104,s000101/s010201_30,,,,,,,,
botas,24a4df57,0,s002201/s002201,s002201/e504901_10,,,,,,,,
botas,24a4df57,1,s002201/s002202,s002201/e504901_10,,,,,,,,
botas,24a4df57,2,s002201/s002203,s002201/e504901_10,,,,,,,,
botas,24a4df57,3,s002201/s002204,s002201/e504901_10,,,,,,,,
botas,24aa502d,0,s000211/s000211,s000211/s031401_10,,,,,,,,
botas,24aa502d,1,s000211/s000212,s000211/s031401_10,,,,,,,,
botas,24aa502d,2,s000211/s000213,s000211/s031401_10,,,,,,,,
botas,24aa502d,3,s000211/s000214,s000211/s031401_10,,,,,,,,
botas,26742c79,0,s001221/s001221,s001221/s071701_10,,,,,,,,
botas,26742c79,1,s001221/s001222,s001221/s071701_10,,,,,,,,
botas,26742c79,2,s001221/s001223,s001221/s071701_10,,,,,,,,
botas,26742c79,3,s001221/s001224,s001221/s071701_10,,,,,,,,
botas,26e2add5,0,e000401/e000401,e000401/e000401_10,,,,,,,,
botas,26e2add5,2,e000401/e000403,e000401/e000401_10,,,,,,,,
botas,290dddc8,0,s000201/s000201,s000201/s081101_10,,,,,,,,
botas,290dddc8,1,s000201/s000202,s000201/s081101_10,,,,,,,,
botas,290dddc8,2,s000201/s000203,s000201/s081101_10,,,,,,,,
botas,290dddc8,3,s000201/s000204,s000201/s081101_10,,,,,,,,
botas,294ba4ac,0,s000201/s000201,s000201/s110351_20,,,,,,,,
botas,294ba4ac,1,s000201/s000202,s000201/s110351_20,,,,,,,,
botas,294ba4ac,2,s000201/s000203,s000201/s110351_20,,,,,,,,
botas,294ba4ac,3,s000201/s000204,s000201/s110351_20,,,,,,,,
botas,29998a0f,0,s001101/s001101,s001101/s051501_10,,,,,,,,
botas,29998a0f,1,s001101/s001102,s001101/s051501_10,,,,,,,,
botas,29998a0f,2,s001101/s001103,s001101/s051501_10,,,,,,,,
botas,29998a0f,3,s001101/s001104,s001101/s051501_10,,,,,,,,
botas,2aecfeea,0,e000501/e000501,e000501/e002001_10,,,,,,,,
botas,2aecfeea,2,e000501/e000503,e000501/e002001_10,,,,,,,,
botas,2af7f879,0,s001231/s001231,s001231/s110201_20,,,,,,,,
botas,2af7f879,1,s001231/s001232,s001231/s110201_20,,,,,,,,
botas,2af7f879,2,s001231/s001233,s001231/s110201_20,,,,,,,,
botas,2af7f879,3,s001231/s001234,s001231/s110201_20,,,,,,,,
botas,2b2ef51a,0,s021301/s021301,s021301/s020751_20,,,,,,,,
botas,2b2ef51a,1,s021301/s021302,s021301/s020751_20,,,,,,,,
botas,2b2ef51a,2,s021301/s021303,s021301/s020751_20,,,,,,,,
botas,2b2ef51a,3,s021301/s021304,s021301/s020751_20,,,,,,,,
botas,2b2ef51a,4,s000001/s000001,s000001/s000001,,,,,,,,
botas,2b2ef51a,5,s000001/s000001,s000001/s000001,,,,,,,,
botas,2b2ef51a,6,s000001/s000001,s000001/s000001,,,,,,,,
botas,2b2ef51a,7,s000001/s000001,s000001/s000001,,,,,,,,
botas,2b2ef51a,3,s001201/s001204,s021301/s020751_20,,,,,,,,
botas,2bc29360,0,s000201/s000201,s000201/s110151_50,,,,,,,,
botas,2bc29360,1,s000201/s000202,s000201/s110151_50,,,,,,,,
botas,2bc29360,2,s000201/s000203,s000201/s110151_50,,,,,,,,
botas,2bc29360,3,s000201/s000204,s000201/s110151_50,,,,,,,,
botas,2d1bd0ab,0,s000111/s000111,s000111/s111801_20,,,,,,,,
botas,2d1bd0ab,1,s000111/s000112,s000111/s111801_20,,,,,,,,
botas,2d1bd0ab,2,s000111/s000113,s000111/s111801_20,,,,,,,,
botas,2d1bd0ab,3,s000111/s000114,s000111/s111801_20,,,,,,,,
botas,2dacd9b2,0,s020301/s020301,s020301/s020351_20,,,,,,,,
botas,2dacd9b2,1,s020301/s020302,s020301/s020351_20,,,,,,,,
botas,2dacd9b2,2,s020301/s020303,s020301/s020351_20,,,,,,,,
botas,2dacd9b2,3,s020301/s020304,s020301/s020351_20,,,,,,,,
botas,2e6f5934,0,s000111/s000111,s000111/s041401_10,,,,,,,,
botas,2e6f5934,1,s000111/s000112,s000111/s041401_10,,,,,,,,
botas,2e6f5934,2,s000111/s000113,s000111/s041401_10,,,,,,,,
botas,2e6f5934,3,s000111/s000114,s000111/s041401_10,,,,,,,,
botas,2e9b0741,0,s06032120/s06032120,s06032120/s06032130_10,,,,,,,,
botas,2ea78c7e,0,s000201/s000201,s000201/s111951_20,,,,,,,,
botas,2ea78c7e,1,s000201/s000202,s000201/s111951_20,,,,,,,,
botas,2ea78c7e,2,s000201/s000203,s000201/s111951_20,,,,,,,,
botas,2ea78c7e,3,s000201/s000204,s000201/s111951_20,,,,,,,,
botas,2f30d565,0,s002201/s002201,s002201/s118501_10,,,,,,,,
botas,2f30d565,1,s002201/s002202,s002201/s118501_10,,,,,,,,
botas,2f30d565,2,s002201/s002203,s002201/s118501_10,,,,,,,,
botas,2f30d565,3,s002201/s002204,s002201/s118501_10,,,,,,,,
botas,3032b127,0,s002201/s002201,s002201/s113201_10,,,,,,,,
botas,3032b127,1,s002201/s002202,s002201/s113201_10,,,,,,,,
botas,3032b127,2,s002201/s002203,s002201/s113201_10,,,,,,,,
botas,3032b127,3,s002201/s002204,s002201/s113201_10,,,,,,,,
botas,3235e5dd,0,s001221/s001221,s001221/s118201_10,,,,,,,,
botas,3235e5dd,1,s001221/s001222,s001221/s118201_10,,,,,,,,
botas,3235e5dd,2,s001221/s001223,s001221/s118201_10,,,,,,,,
botas,3235e5dd,3,s001221/s001224,s001221/s118201_10,,,,,,,,
botas,336a698c,0,s030191/s030191,s030191/s041301_10,,,,,,,,
botas,336a698c,1,s030191/s030192,s030191/s041301_10,,,,,,,,
botas,336a698c,2,s030191/s030193,s030191/s041301_10,,,,,,,,
botas,336a698c,3,s030191/s030194,s030191/s041301_10,,,,,,,,
botas,349cbab7,0,s002201/s002201,s002201/s051201_10,,,,,,,,
botas,349cbab7,1,s002201/s002202,s002201/s051201_10,,,,,,,,
botas,349cbab7,2,s002201/s002203,s002201/s051201_10,,,,,,,,
botas,349cbab7,3,s002201/s002204,s002201/s051201_10,,,,,,,,
botas,35979977,0,s002201/s002201,s002201/s020101_20,,,,,,,,
botas,35979977,1,s002201/s002202,s002201/s020101_20,,,,,,,,
botas,35979977,2,s002201/s002203,s002201/s020101_20,,,,,,,,
botas,35979977,3,s002201/s002204,s002201/s020101_20,,,,,,,,
botas,3642c6e3,0,s000101/s000101,s000101/s011101_10,,,,,,,,
botas,3642c6e3,1,s000101/s000102,s000101/s011101_10,,,,,,,,
botas,3642c6e3,2,s000101/s000103,s000101/s011101_10,,,,,,,,
botas,3642c6e3,3,s000101/s000104,s000101/s011101_10,,,,,,,,
botas,37803600,0,s06032120/s06032120,s06032120/s06032120_10,,,,,,,,
botas,37e9ce52,0,e001201/e001201,e001201/e002701_10,,,,,,,,
botas,37e9ce52,2,e001201/e001203,e001201/e002701_10,,,,,,,,
botas,37f2c8c1,0,s001211/s001211,s001211/s110501_20,,,,,,,,
botas,37f2c8c1,1,s001211/s001212,s001211/s110501_20,,,,,,,,
botas,37f2c8c1,2,s001211/s001213,s001211/s110501_20,,,,,,,,
botas,37f2c8c1,3,s001211/s001214,s001211/s110501_20,,,,,,,,
botas,3840c72b,0,s000201/s000201,s000201/s112051_20,,,,,,,,
botas,3840c72b,1,s000201/s000202,s000201/s112051_20,,,,,,,,
botas,3840c72b,2,s000201/s000203,s000201/s112051_20,,,,,,,,
botas,3840c72b,3,s000201/s000204,s000201/s112051_20,,,,,,,,
botas,39af6095,0,s000101/s000101,s000101/s031301_10,,,,,,,,
botas,39af6095,1,s000101/s000102,s000101/s031301_10,,,,,,,,
botas,39af6095,2,s000101/s000103,s000101/s031301_10,,,,,,,,
botas,39af6095,3,s000101/s000104,s000101/s031301_10,,,,,,,,
botas,39b59b7c,0,s001201/s001201,s001201/s020801_10,,,,,,,,
botas,39b59b7c,1,s001201/s001202,s001201/s020801_10,,,,,,,,
botas,39b59b7c,2,s001201/s001203,s001201/s020801_10,,,,,,,,
botas,39b59b7c,3,s001201/s001204,s001201/s020801_10,,,,,,,,
botas,3a09c7a9,0,s001201/s001201,s001201/s020951_10,,,,,,,,
botas,3a09c7a9,1,s001201/s001202,s001201/s020951_10,,,,,,,,
botas,3a09c7a9,2,s001201/s001203,s001201/s020951_10,,,,,,,,
botas,3a09c7a9,3,s001201/s001204,s001201/s020951_10,,,,,,,,
botas,3ac0e9b2,0,s001231/s001231,s001231/s112801_10,,,,,,,,
botas,3ac0e9b2,1,s001231/s001232,s001231/s112801_10,,,,,,,,
botas,3ac0e9b2,2,s001231/s001233,s001231/s112801_10,,,,,,,,
botas,3ac0e9b2,3,s001231/s001234,s001231/s112801_10,,,,,,,,
botas,3b711cc1,0,s000211/s000211,s000211/s071001_10,,,,,,,,
botas,3b711cc1,1,s000211/s000212,s000211/s071001_10,,,,,,,,
botas,3b711cc1,2,s000211/s000213,s000211/s071001_10,,,,,,,,
botas,3b711cc1,3,s000211/s000214,s000211/s071001_10,,,,,,,,
botas,3c0bb5bf,0,e000401/e000401,e000401/e001901_10,,,,,,,,
botas,3c0bb5bf,2,e000401/e000403,e000401/e001901_10,,,,,,,,
botas,3c3ce218,0,s001231/s001231,s001231/s111601_10,,,,,,,,
botas,3c3ce218,1,s001231/s001232,s001231/s111601_10,,,,,,,,
botas,3c3ce218,2,s001231/s001233,s001231/s111601_10,,,,,,,,
botas,3c3ce218,3,s001231/s001234,s001231/s111601_10,,,,,,,,
botas,3c87cffa,0,s002201/s002201,s002201/s061101_10,,,,,,,,
botas,3c87cffa,1,s002201/s002202,s002201/s061101_10,,,,,,,,
botas,3c87cffa,2,s002201/s002203,s002201/s061101_10,,,,,,,,
botas,3c87cffa,3,s002201/s002204,s002201/s061101_10,,,,,,,,
botas,3de5ef7b,0,s021301/s021301,s021301/s021351_10,,,,,,,,
botas,3de5ef7b,1,s021301/s021302,s021301/s021351_10,,,,,,,,
botas,3de5ef7b,2,s021301/s021303,s021301/s021351_10,,,,,,,,
botas,3de5ef7b,3,s021301/s021304,s021301/s021351_10,,,,,,,,
botas,3e434847,0,s000101/s000101,s000101/s030901_10,,,,,,,,
botas,3e434847,1,s000101/s000102,s000101/s030901_10,,,,,,,,
botas,3e434847,2,s000101/s000103,s000101/s030901_10,,,,,,,,
botas,3e434847,3,s000101/s000104,s000101/s030901_10,,,,,,,,
botas,3e59b3ae,0,s021201/s021201,s021201/s021201_10,,,,,,,,
botas,3e59b3ae,1,s021201/s021203,s021201/s021201_10,,,,,,,,
botas,3e59b3ae,2,s021201/s021205,s021201/s021201_10,,,,,,,,
botas,3e59b3ae,3,s021201/s021206,s021201/s021201_10,,,,,,,,
botas,3e59b3ae,4,s021201/s021202,s021201/s021201_11,,,,,,,,
botas,3e59b3ae,5,s021201/s021223,s021201/s021201_11,,,,,,,,
botas,3e59b3ae,6,s021201/s021225,s021201/s021201_11,,,,,,,,
botas,3e59b3ae,7,s021201/s021226,s021201/s021201_11,,,,,,,,
botas,403008ba,0,s002201/s002201,s002201/s110901_20,,,,,,,,
botas,403008ba,1,s002201/s002202,s002201/s110901_20,,,,,,,,
botas,403008ba,2,s002201/s002203,s002201/s110901_20,,,,,,,,
botas,403008ba,3,s002201/s002204,s002201/s110901_20,,,,,,,,
botas,41a751a1,0,s001231/s001231,s001231/s119551_10,,,,,,,,
botas,41a751a1,1,s001231/s001232,s001231/s119551_10,,,,,,,,
botas,41a751a1,2,s001231/s001233,s001231/s119551_10,,,,,,,,
botas,41a751a1,3,s001231/s001234,s001231/s119551_10,,,,,,,,
botas,41f3fe30,0,s001101/s001101,s001101/s031751_20,,,,,,,,
botas,41f3fe30,1,s001101/s001102,s001101/s031751_20,,,,,,,,
botas,41f3fe30,2,s001101/s001103,s001101/s031751_20,,,,,,,,
botas,41f3fe30,3,s001101/s001104,s001101/s031751_20,,,,,,,,
botas,420d63e4,0,s001101/s001101,s001101/s045151_10,,,,,,,,
botas,420d63e4,1,s001101/s001102,s001101/s045151_10,,,,,,,,
botas,420d63e4,2,s001101/s001103,s001101/s045151_10,,,,,,,,
botas,420d63e4,3,s001101/s001104,s001101/s045151_10,,,,,,,,
botas,421b0d74,0,s002201/s002201,s002201/s119401_10,,,,,,,,
botas,421b0d74,1,s002201/s002202,s002201/s119401_10,,,,,,,,
botas,421b0d74,2,s002201/s002203,s002201/s119401_10,,,,,,,,
botas,421b0d74,3,s002201/s002204,s002201/s119401_10,,,,,,,,
botas,424fa2e5,0,s031601/s031601,s031601/s031601_20,,,,,,,,
botas,424fa2e5,1,s031601/s031602,s031601/s031601_20,,,,,,,,
botas,424fa2e5,2,s031601/s031603,s031601/s031601_20,,,,,,,,
botas,424fa2e5,3,s031601/s031604,s031601/s031601_20,,,,,,,,
botas,43448125,0,s000111/s000111,s000111/s040501_10,,,,,,,,
botas,43448125,1,s000111/s000112,s000111/s040501_10,,,,,,,,
botas,43448125,2,s000111/s000113,s000111/s040501_10,,,,,,,,
botas,43448125,3,s000111/s000114,s000111/s040501_10,,,,,,,,
botas,438c546f,0,s000201/s000201,s000201/s110851_20,,,,,,,,
botas,438c546f,1,s000201/s000202,s000201/s110851_20,,,,,,,,
botas,438c546f,2,s000201/s000203,s000201/s110851_20,,,,,,,,
botas,438c546f,3,s000201/s000204,s000201/s110851_20,,,,,,,,
botas,44607cbd,0,s001211/s001211,s001211/s111251_20,,,,,,,,
botas,44607cbd,1,s001211/s001212,s001211/s111251_20,,,,,,,,
botas,44607cbd,2,s001211/s001213,s001211/s111251_20,,,,,,,,
botas,44607cbd,3,s001211/s001214,s001211/s111251_20,,,,,,,,
botas,44b2521e,0,s002201/s002201,s002201/s050401_10,,,,,,,,
botas,44b2521e,1,s002201/s002202,s002201/s050401_10,,,,,,,,
botas,44b2521e,2,s002201/s002203,s002201/s050401_10,,,,,,,,
botas,44b2521e,3,s002201/s002204,s002201/s050401_10,,,,,,,,
botas,458fdb03,0,s000111/s000111,s000111/s032101_10,,,,,,,,
botas,458fdb03,1,s000111/s000112,s000111/s032101_10,,,,,,,,
botas,458fdb03,2,s000111/s000113,s000111/s032101_10,,,,,,,,
botas,458fdb03,3,s000111/s000114,s000111/s032101_10,,,,,,,,
botas,46052d0b,0,s002201/s002201,s002201/s021651_20,,,,,,,,
botas,46052d0b,1,s002201/s002202,s002201/s021651_20,,,,,,,,
botas,46052d0b,2,s002201/s002203,s002201/s021651_20,,,,,,,,
botas,46052d0b,3,s002201/s002204,s002201/s021651_20,,,,,,,,
botas,466c2e4a,0,s001201/s001201,s001201/s010701_10,,,,,,,,
botas,466c2e4a,1,s001201/s001202,s001201/s010701_10,,,,,,,,
botas,466c2e4a,2,s001201/s001203,s001201/s010701_10,,,,,,,,
botas,466c2e4a,3,s001201/s001204,s001201/s010701_10,,,,,,,,
botas,47c726fb,3,e001601/e001604,e001601/e003101_10,,,,,,,,
botas,48bc0121,0,s002201/s002201,s002201/s052001_10,,,,,,,,
botas,48bc0121,1,s002201/s002202,s002201/s052001_10,,,,,,,,
botas,48bc0121,2,s002201/s002203,s002201/s052001_10,,,,,,,,
botas,48bc0121,3,s002201/s002204,s002201/s052001_10,,,,,,,,
botas,48e3a8bd,0,s000201/s000201,s000201/s070751_10,,,,,,,,
botas,48e3a8bd,1,s000201/s000202,s000201/s070751_10,,,,,,,,
botas,48e3a8bd,2,s000201/s000203,s000201/s070751_10,,,,,,,,
botas,48e3a8bd,3,s000201/s000204,s000201/s070751_10,,,,,,,,
botas,4981883c,0,s001201/s001201,s001201/s030501_10,,,,,,,,
botas,4981883c,1,s001201/s001202,s001201/s030501_10,,,,,,,,
botas,4981883c,2,s001201/s001203,s001201/s030501_10,,,,,,,,
botas,4981883c,3,s001201/s001204,s001201/s030501_10,,,,,,,,
botas,49aa4a7c,0,s003001/s003001,s003001/s075301_11,,,,,,,,
botas,4a49bf35,0,s057501/s057501,s057501/s057501_10,,,,,,,,
botas,4ab47be9,0,s021301/s021301,s021301/s020701_10,,,,,,,,
botas,4ab47be9,1,s021301/s021302,s021301/s020701_10,,,,,,,,
botas,4ab47be9,2,s021301/s021303,s021301/s020701_10,,,,,,,,
botas,4ab47be9,3,s021301/s021304,s021301/s020701_10,,,,,,,,
botas,4adde8f2,0,s003101/s003101,s003101/s087101_10,,,,,,,,
botas,4adde8f2,1,s003101/s003102,s003101/s087101_10,,,,,,,,
botas,4adde8f2,2,s003101/s003103,s003101/s087101_10,,,,,,,,
botas,4adde8f2,3,s003101/s003104,s003101/s087101_10,,,,,,,,
botas,4b5ff468,0,s000111/s000111,s000111/s070601_10,,,,,,,,
botas,4b5ff468,1,s000111/s000112,s000111/s070601_10,,,,,,,,
botas,4b5ff468,2,s000111/s000113,s000111/s070601_10,,,,,,,,
botas,4b5ff468,3,s000111/s000114,s000111/s070601_10,,,,,,,,
botas,4bb85b07,0,s000201/s000201,s000201/s080851_20,,,,,,,,
botas,4bb85b07,1,s000201/s000202,s000201/s080851_20,,,,,,,,
botas,4bb85b07,2,s000201/s000203,s000201/s080851_20,,,,,,,,
botas,4bb85b07,3,s000201/s000204,s000201/s080851_20,,,,,,,,
botas,4bc975c4,0,e001501/e001501,e001501/e001501_10,,,,,,,,
botas,4bc975c4,2,e001501/e001503,e001501/e001501_10,,,,,,,,
botas,4ca92753,0,s002201/s002201,s002201/s060701_10,,,,,,,,
botas,4ca92753,1,s002201/s002202,s002201/s060701_10,,,,,,,,
botas,4ca92753,2,s002201/s002203,s002201/s060701_10,,,,,,,,
botas,4ca92753,3,s002201/s002204,s002201/s060701_10,,,,,,,,
botas,4d4d86e0,0,s003101/s003101,s003101/s049101_10,,,,,,,,
botas,4d4d86e0,1,s003101/s003102,s003101/s049101_10,,,,,,,,
botas,4d4d86e0,2,,s003101/s049101_10,,,,,,,,
botas,4d4d86e0,3,s003101/s003104,s003101/s049101_10,,,,,,,,
botas,4dcb07d2,0,s001201/s001201,s001201/s020551_10,,,,,,,,
botas,4dcb07d2,1,s001201/s001202,s001201/s020551_10,,,,,,,,
botas,4dcb07d2,2,s001201/s001203,s001201/s020551_10,,,,,,,,
botas,4dcb07d2,3,s001201/s001204,s001201/s020551_10,,,,,,,,
botas,4e775b07,0,s001201/s001201,s001201/s020401_10,,,,,,,,
botas,4e775b07,1,s001201/s001202,s001201/s020401_10,,,,,,,,
botas,4e775b07,2,s001201/s001203,s001201/s020401_10,,,,,,,,
botas,4e775b07,3,s001201/s001204,s001201/s020401_10,,,,,,,,
botas,4ec90e27,0,s11010052/s11010052,s11010052/s11010052,,,,,,,,
botas,4eee3ffb,0,s071401/s071401,s071401/s071401_12,,,,,,,,
botas,4eee3ffb,1,s071401/s071402,s071401/s071401_12,,,,,,,,
botas,4eee3ffb,2,s071401/s071403,s071401/s071401_12,,,,,,,,
botas,4eee3ffb,3,s071401/s071404,s071401/s071401_12,,,,,,,,
botas,4f4ad21a,0,s001101/s001101,s001101/s042101_10,,,,,,,,
botas,4f4ad21a,1,s001101/s001102,s001101/s042101_10,,,,,,,,
botas,4f4ad21a,2,s001101/s001103,s001101/s042101_10,,,,,,,,
botas,4f4ad21a,3,s001101/s001104,s001101/s042101_10,,,,,,,,
botas,4fae5664,0,s000201/s000201,s000201/s110151_10,,,,,,,,
botas,4fae5664,1,s000201/s000202,s000201/s110151_10,,,,,,,,
botas,4fae5664,2,s000201/s000203,s000201/s110151_10,,,,,,,,
botas,4fae5664,3,s000201/s000204,s000201/s110151_10,,,,,,,,
botas,50ce376a,0,s001201/s001201,s001201/s020251_10,,,,,,,,
botas,50ce376a,1,s001201/s001202,s001201/s020251_10,,,,,,,,
botas,50ce376a,2,s001201/s001203,s001201/s020251_10,,,,,,,,
botas,50ce376a,3,s001201/s001204,s001201/s020251_10,,,,,,,,
botas,50d4cc83,0,s001211/s001211,s001211/s031951_10,,,,,,,,
botas,50d4cc83,1,s001211/s001212,s001211/s031951_10,,,,,,,,
botas,50d4cc83,2,s001211/s001213,s001211/s031951_10,,,,,,,,
botas,50d4cc83,3,s001211/s001214,s001211/s031951_10,,,,,,,,
botas,51173a09,0,s000201/s000201,s000201/s110701_10,,,,,,,,
botas,51173a09,1,s000201/s000202,s000201/s110701_10,,,,,,,,
botas,51173a09,2,s000201/s000203,s000201/s110701_10,,,,,,,,
botas,51173a09,3,s000201/s000204,s000201/s110701_10,,,,,,,,
botas,51206dae,1,e000801/e000802,e000801/e000801_10,,,,,,,,
botas,52ab66dc,0,s001201/s001201,s001201/s110651_10,,,,,,,,
botas,52ab66dc,1,s001201/s001202,s001201/s110651_10,,,,,,,,
botas,52ab66dc,2,s001201/s001203,s001201/s110651_10,,,,,,,,
botas,52ab66dc,3,s001201/s001204,s001201/s110651_10,,,,,,,,
botas,52ed1fb8,0,s001221/s001221,s001221/s081451_10,,,,,,,,
botas,52ed1fb8,1,s001221/s001222,s001221/s081451_10,,,,,,,,
botas,52ed1fb8,2,s001221/s001223,s001221/s081451_10,,,,,,,,
botas,52ed1fb8,3,s001221/s001224,s001221/s081451_10,,,,,,,,
botas,53726bbf,0,s020301/s020301,s020301/s020301_10,,,,,,,,
botas,53726bbf,1,s020301/s020302,s020301/s020301_10,,,,,,,,
botas,53726bbf,2,s020301/s020303,s020301/s020301_10,,,,,,,,
botas,53726bbf,3,s020301/s020304,s020301/s020301_10,,,,,,,,
botas,53726bbf,4,s000001/s000001,s000001/s000001,,,,,,,,
botas,53726bbf,5,s000001/s000001,s000001/s000001,,,,,,,,
botas,53726bbf,6,s000001/s000001,s000001/s000001,,,,,,,,
botas,53726bbf,7,s000001/s000001,s000001/s000001,,,,,,,,
botas,5484b884,0,s000201/s000201,s000201/s030201_10,,,,,,,,
botas,5484b884,1,s000201/s000202,s000201/s030201_10,,,,,,,,
botas,5484b884,2,s000201/s000203,s000201/s030201_10,,,,,,,,
botas,5484b884,3,s000201/s000204,s000201/s030201_10,,,,,,,,
botas,54af7ac4,0,s002201/s002201,s002201/s075401_10,,,,,,,,
botas,54af7ac4,1,s002201/s002202,s002201/s075401_10,,,,,,,,
botas,54af7ac4,2,s002201/s002203,s002201/s075401_10,,,,,,,,
botas,54af7ac4,3,s002201/s002204,s002201/s075401_10,,,,,,,,
botas,5592f3d9,0,s003101/s003101,s003101/s015101_10,,,,,,,,
botas,5592f3d9,1,s003101/s003102,s003101/s015101_10,,,,,,,,
botas,5592f3d9,2,s003101/s003103,s003101/s015101_10,,,,,,,,
botas,5592f3d9,3,s003101/s003104,s003101/s015101_10,,,,,,,,
botas,5633c791,0,s000201/s000201,s000201/s041051_20,,,,,,,,
botas,5633c791,1,s000201/s000202,s000201/s041051_20,,,,,,,,
botas,5633c791,2,s000201/s000203,s000201/s041051_20,,,,,,,,
botas,5633c791,3,s000201/s000204,s000201/s041051_20,,,,,,,,
botas,565ac4d0,0,s001201/s001201,s001201/s070101_10,,,,,,,,
botas,565ac4d0,1,s001201/s001202,s001201/s070101_10,,,,,,,,
botas,565ac4d0,2,s001201/s001203,s001201/s070101_10,,,,,,,,
botas,565ac4d0,3,s001201/s001204,s001201/s070101_10,,,,,,,,
botas,56cc457c,0,e001201/e001201,e001201/e001201_10,,,,,,,,
botas,56cc457c,2,e001201/e001203,e001201/e001201_10,,,,,,,,
botas,56d743ef,0,s002201/s002201,s002201/s113001_20,,,,,,,,
botas,56d743ef,1,s002201/s002202,s002201/s113001_20,,,,,,,,
botas,56d743ef,2,s002201/s002203,s002201/s113001_20,,,,,,,,
botas,56d743ef,3,s002201/s002204,s002201/s113001_20,,,,,,,,
botas,5738e451,0,s001201/s001201,s001201/s030351_10,,,,,,,,
botas,5738e451,1,s001201/s001202,s001201/s030351_10,,,,,,,,
botas,5738e451,2,s001201/s001203,s001201/s030351_10,,,,,,,,
botas,5738e451,3,s001201/s001204,s001201/s030351_10,,,,,,,,
botas,574c8f8d,0,s057201/s057201,s057201/s057201_10,,,,,,,,
botas,58f2151e,0,s000201/s000201,s000201/s118901_10,,,,,,,,
botas,58f2151e,1,s000201/s000202,s000201/s118901_10,,,,,,,,
botas,58f2151e,2,s000201/s000203,s000201/s118901_10,,,,,,,,
botas,58f2151e,3,s000201/s000204,s000201/s118901_10,,,,,,,,
botas,59233561,0,s000201/s000201,s000201/s080701_10,,,,,,,,
botas,59233561,1,s000201/s000202,s000201/s080701_10,,,,,,,,
botas,59233561,2,s000201/s000203,s000201/s080701_10,,,,,,,,
botas,59233561,3,s000201/s000204,s000201/s080701_10,,,,,,,,
botas,59654c05,0,s001211/s001211,s001211/s111551_20,,,,,,,,
botas,59654c05,1,s001211/s001212,s001211/s111551_20,,,,,,,,
botas,59654c05,2,s001211/s001213,s001211/s111551_20,,,,,,,,
botas,59654c05,3,s001211/s001214,s001211/s111551_20,,,,,,,,
botas,59ad994f,0,s000111/s000111,s000111/s041801_10,,,,,,,,
botas,59ad994f,1,s000111/s000112,s000111/s041801_10,,,,,,,,
botas,59ad994f,2,s000111/s000113,s000111/s041801_10,,,,,,,,
botas,59ad994f,3,s000111/s000114,s000111/s041801_10,,,,,,,,
botas,5a7f55af,0,s003101/s003101,s003101/s037301_10,,,,,,,,
botas,5a7f55af,1,s003101/s003102,s003101/s037301_10,,,,,,,,
botas,5a7f55af,2,s003101/s003103,s003101/s037301_10,,,,,,,,
botas,5a7f55af,3,s003101/s003104,s003101/s037301_10,,,,,,,,
botas,5ad910d0,0,s001211/s001211,s001211/s111401_20,,,,,,,,
botas,5ad910d0,1,s001211/s001212,s001211/s111401_20,,,,,,,,
botas,5ad910d0,2,s001211/s001213,s001211/s111401_20,,,,,,,,
botas,5ad910d0,3,s001211/s001214,s001211/s111401_20,,,,,,,,
botas,5bd68b75,0,s003101/s003101,s003101/s085201_10,,,,,,,,
botas,5bd68b75,1,s003101/s003102,s003101/s085201_10,,,,,,,,
botas,5bd68b75,2,s003101/s003103,s003101/s085201_10,,,,,,,,
botas,5bd68b75,3,s003101/s003104,s003101/s085201_10,,,,,,,,
botas,5cf6ce88,0,s001201/s001201,s001201/s031051_20,,,,,,,,
botas,5cf6ce88,1,s001201/s001202,s001201/s031051_20,,,,,,,,
botas,5cf6ce88,2,s001201/s001203,s001201/s031051_20,,,,,,,,
botas,5cf6ce88,3,s001201/s001204,s001201/s031051_20,,,,,,,,
botas,5d196936,0,s112301/s112301,s112301/s112301_10,,,,,,,,
botas,5d196936,1,s112301/s112302,s112301/s112301_10,,,,,,,,
botas,5d196936,2,s112301/s112303,s112301/s112301_10,,,,,,,,
botas,5d196936,3,s112301/s112304,s112301/s112301_10,,,,,,,,
botas,5d898694,0,s027201/s027201,s027201/s027201_10,,,,,,,,
botas,5d898694,1,s027201/s027202,s027201/s027201_10,,,,,,,,
botas,5d898694,2,s027201/s027203,s027201/s027201_10,,,,,,,,
botas,5e41b19d,0,s000111/s000111,s000111/s040201_10,,,,,,,,
botas,5e41b19d,1,s000111/s000112,s000111/s040201_10,,,,,,,,
botas,5e41b19d,2,s000111/s000113,s000111/s040201_10,,,,,,,,
botas,5e41b19d,3,s000111/s000114,s000111/s040201_10,,,,,,,,
botas,5e5b4a74,0,s002201/s002201,s002201/s051901_10,,,,,,,,
botas,5e5b4a74,1,s002201/s002202,s002201/s051901_10,,,,,,,,
botas,5e5b4a74,2,s002201/s002203,s002201/s051901_10,,,,,,,,
botas,5e5b4a74,3,s002201/s002204,s002201/s051901_10,,,,,,,,
botas,5f1e3dcc,0,s002201/s002201,s002201/s119301_10,,,,,,,,
botas,5f1e3dcc,1,s002201/s002202,s002201/s119301_10,,,,,,,,
botas,5f1e3dcc,2,s002201/s002203,s002201/s119301_10,,,,,,,,
botas,5f1e3dcc,3,s002201/s002204,s002201/s119301_10,,,,,,,,
botas,5f57fac0,0,s003101/s003101,s003101/s067101_10,,,,,,,,
botas,5f57fac0,1,s003101/s003102,s003101/s067101_10,,,,,,,,
botas,5f57fac0,2,s003101/s003103,s003101/s067101_10,,,,,,,,
botas,5f57fac0,3,s003101/s003104,s003101/s067101_10,,,,,,,,
botas,5f684c13,0,s000211/s000211,s000211/e506101_10,,,,,,,,
botas,5f684c13,1,s000211/s000212,s000211/e506101_10,,,,,,,,
botas,5f684c13,2,s000211/s000213,s000211/e506101_10,,,,,,,,
botas,5f684c13,3,s000211/s000214,s000211/e506101_10,,,,,,,,
botas,5fecd722,0,s117601/s117601,s117601/s117601_10,,,,,,,,
botas,6030163a,0,s030171/s030171,s030171/s030171_10,,,,,,,,
botas,62f8746e,0,s002201/s002201,s002201/s118701_10,,,,,,,,
botas,62f8746e,1,s002201/s002202,s002201/s118701_10,,,,,,,,
botas,62f8746e,2,s002201/s002203,s002201/s118701_10,,,,,,,,
botas,62f8746e,3,s002201/s002204,s002201/s118701_10,,,,,,,,
botas,63295411,0,s001201/s001201,s001201/s080901_10,,,,,,,,
botas,63295411,1,s001201/s001202,s001201/s080901_10,,,,,,,,
botas,63295411,2,s001201/s001203,s001201/s080901_10,,,,,,,,
botas,63295411,3,s001201/s001204,s001201/s080901_10,,,,,,,,
botas,63a7f83f,0,s000111/s000111,s000111/s041601_10,,,,,,,,
botas,63a7f83f,1,s000111/s000112,s000111/s041601_10,,,,,,,,
botas,63a7f83f,2,s000111/s000113,s000111/s041601_10,,,,,,,,
botas,63a7f83f,3,s000111/s000114,s000111/s041601_10,,,,,,,,
botas,64512b04,0,s002201/s002201,s002201/s051701_10,,,,,,,,
botas,64512b04,1,s002201/s002202,s002201/s051701_10,,,,,,,,
botas,64512b04,2,s002201/s002203,s002201/s051701_10,,,,,,,,
botas,64512b04,3,s002201/s002204,s002201/s051701_10,,,,,,,,
botas,648305a7,0,s000201/s000201,s000201/s110151_20,,,,,,,,
botas,648305a7,1,s000201/s000202,s000201/s110151_20,,,,,,,,
botas,648305a7,2,s000201/s000203,s000201/s110151_20,,,,,,,,
botas,648305a7,3,s000201/s000204,s000201/s110151_20,,,,,,,,
botas,64c57cc3,0,s000201/s000201,s000201/s081301_10,,,,,,,,
botas,64c57cc3,1,s000201/s000202,s000201/s081301_10,,,,,,,,
botas,64c57cc3,2,s000201/s000203,s000201/s081301_10,,,,,,,,
botas,64c57cc3,3,s000201/s000204,s000201/s081301_10,,,,,,,,
botas,65b66ebe,0,s001231/s001231,s001231/s110201_50,,,,,,,,
botas,65b66ebe,1,s001231/s001232,s001231/s110201_50,,,,,,,,
botas,65b66ebe,2,s001231/s001233,s001231/s110201_50,,,,,,,,
botas,65b66ebe,3,s001231/s001234,s001231/s110201_50,,,,,,,,
botas,65e45de4,4,s11010062/s11010062,s11010062/s11010062,,,,,,,,
botas,65e6b652,0,s002201/s002201,s002201/s117801_10,,,,,,,,
botas,65e6b652,1,s002201/s002202,s002201/s117801_10,,,,,,,,
botas,65e6b652,2,s002201/s002203,s002201/s117801_10,,,,,,,,
botas,65e6b652,3,s002201/s002204,s002201/s117801_10,,,,,,,,
botas,668f5750,0,s000101/s000101,s000101/s011401_10,,,,,,,,
botas,668f5750,1,s000101/s000102,s000101/s011401_10,,,,,,,,
botas,668f5750,2,s000101/s000103,s000101/s011401_10,,,,,,,,
botas,668f5750,3,s000101/s000104,s000101/s011401_10,,,,,,,,
botas,67245fe1,0,e000701/e000701,e000701/e002201_10,,,,,,,,
botas,67245fe1,2,e000701/e000703,e000701/e002201_10,,,,,,,,
botas,688d5698,0,s001231/s001231,s001231/s112551_20,,,,,,,,
botas,688d5698,1,s001231/s001232,s001231/s112551_20,,,,,,,,
botas,688d5698,2,s001231/s001233,s001231/s112551_20,,,,,,,,
botas,688d5698,3,s001231/s001234,s001231/s112551_20,,,,,,,,
botas,68a107ac,0,s000201/s000201,s000201/s110851_10,,,,,,,,
botas,68a107ac,1,s000201/s000202,s000201/s110851_10,,,,,,,,
botas,68a107ac,2,s000201/s000203,s000201/s110851_10,,,,,,,,
botas,68a107ac,3,s000201/s000204,s000201/s110851_10,,,,,,,,
botas,6962f126,0,s031601/s031601,s031601/s031601_10,,,,,,,,
botas,6962f126,1,s031601/s031602,s031601/s031601_10,,,,,,,,
botas,6962f126,2,s031601/s031603,s031601/s031601_10,,,,,,,,
botas,6962f126,3,s031601/s031604,s031601/s031601_10,,,,,,,,
botas,6a8a0262,0,s001231/s001231,s001231/s119551_20,,,,,,,,
botas,6a8a0262,1,s001231/s001232,s001231/s119551_20,,,,,,,,
botas,6a8a0262,2,s001231/s001233,s001231/s119551_20,,,,,,,,
botas,6a8a0262,3,s001231/s001234,s001231/s119551_20,,,,,,,,
botas,6adeadf3,0,s001101/s001101,s001101/s031751_10,,,,,,,,
botas,6adeadf3,1,s001101/s001102,s001101/s031751_10,,,,,,,,
botas,6adeadf3,2,s001101/s001103,s001101/s031751_10,,,,,,,,
botas,6adeadf3,3,s001101/s001104,s001101/s031751_10,,,,,,,,
botas,6b1d5b79,0,s002201/s002201,s002201/s110901_10,,,,,,,,
botas,6b1d5b79,1,s002201/s002202,s002201/s110901_10,,,,,,,,
botas,6b1d5b79,2,s002201/s002203,s002201/s110901_10,,,,,,,,
botas,6b1d5b79,3,s002201/s002204,s002201/s110901_10,,,,,,,,
botas,6b2a0cde,0,e000601/e000601,e000601/e000601_10,,,,,,,,
botas,6b2a0cde,2,e000601/e000603,e000601/e000601_10,,,,,,,,
botas,6c4a5e49,0,s002201/s002201,s002201/s061401_10,,,,,,,,
botas,6c4a5e49,1,s002201/s002202,s002201/s061401_10,,,,,,,,
botas,6c4a5e49,2,s002201/s002203,s002201/s061401_10,,,,,,,,
botas,6c4a5e49,3,s002201/s002204,s002201/s061401_10,,,,,,,,
botas,6cf173ab,0,s001211/s001211,s001211/s111301_10,,,,,,,,
botas,6cf173ab,1,s001211/s001212,s001211/s111301_10,,,,,,,,
botas,6cf173ab,2,s001211/s001213,s001211/s111301_10,,,,,,,,
botas,6cf173ab,3,s001211/s001214,s001211/s111301_10,,,,,,,,
botas,6d287ec8,0,s002201/s002201,s002201/s021651_10,,,,,,,,
botas,6d287ec8,1,s002201/s002202,s002201/s021651_10,,,,,,,,
botas,6d287ec8,2,s002201/s002203,s002201/s021651_10,,,,,,,,
botas,6d287ec8,3,s002201/s002204,s002201/s021651_10,,,,,,,,
botas,6d417d89,0,s001201/s001201,s001201/s010701_20,,,,,,,,
botas,6d417d89,1,s001201/s001202,s001201/s010701_20,,,,,,,,
botas,6d417d89,2,s001201/s001203,s001201/s010701_20,,,,,,,,
botas,6d417d89,3,s001201/s001204,s001201/s010701_20,,,,,,,,
botas,6e94221d,0,s001231/s001231,s001231/s021701_10,,,,,,,,
botas,6e94221d,1,s001231/s001232,s001231/s021701_10,,,,,,,,
botas,6e94221d,2,s001231/s001233,s001231/s021701_10,,,,,,,,
botas,6e94221d,3,s001231/s001234,s001231/s021701_10,,,,,,,,
botas,6f4d2f7e,0,s001211/s001211,s001211/s111251_10,,,,,,,,
botas,6f4d2f7e,1,s001211/s001212,s001211/s111251_10,,,,,,,,
botas,6f4d2f7e,2,s001211/s001213,s001211/s111251_10,,,,,,,,
botas,6f4d2f7e,3,s001211/s001214,s001211/s111251_10,,,,,,,,
botas,6f949937,2,s11010033/s11010033,s11010033/s11010033,,,,,,,,
botas,714f6ef1,0,s002201/s002201,s002201/s061301_10,,,,,,,,
botas,714f6ef1,1,s002201/s002202,s002201/s061301_10,,,,,,,,
botas,714f6ef1,2,s002201/s002203,s002201/s061301_10,,,,,,,,
botas,714f6ef1,3,s002201/s002204,s002201/s061301_10,,,,,,,,
botas,71559518,0,s002201/s002201,s002201/s070801_10,,,,,,,,
botas,71559518,1,s002201/s002202,s002201/s070801_10,,,,,,,,
botas,71559518,2,s002201/s002203,s002201/s070801_10,,,,,,,,
botas,71559518,3,s002201/s002204,s002201/s070801_10,,,,,,,,
botas,71f44313,0,s001211/s001211,s001211/s111401_10,,,,,,,,
botas,71f44313,1,s001211/s001212,s001211/s111401_10,,,,,,,,
botas,71f44313,2,s001211/s001213,s001211/s111401_10,,,,,,,,
botas,71f44313,3,s001211/s001214,s001211/s111401_10,,,,,,,,
botas,720e66a2,0,s000201/s000201,s000201/s080701_20,,,,,,,,
botas,720e66a2,1,s000201/s000202,s000201/s080701_20,,,,,,,,
botas,720e66a2,2,s000201/s000203,s000201/s080701_20,,,,,,,,
botas,720e66a2,3,s000201/s000204,s000201/s080701_20,,,,,,,,
botas,72481fc6,0,s001211/s001211,s001211/s111551_10,,,,,,,,
botas,72481fc6,1,s001211/s001212,s001211/s111551_10,,,,,,,,
botas,72481fc6,2,s001211/s001213,s001211/s111551_10,,,,,,,,
botas,72481fc6,3,s001211/s001214,s001211/s111551_10,,,,,,,,
botas,72e9c9cd,0,s000201/s000201,s000201/s070951_10,,,,,,,,
botas,72e9c9cd,1,s000201/s000202,s000201/s070951_10,,,,,,,,
botas,72e9c9cd,2,s000201/s000203,s000201/s070951_10,,,,,,,,
botas,72e9c9cd,3,s000201/s000204,s000201/s070951_10,,,,,,,,
botas,7467c19e,0,s001201/s001201,s001201/s031101_10,,,,,,,,
botas,7467c19e,1,s001201/s001202,s001201/s031101_10,,,,,,,,
botas,7467c19e,2,s001201/s001203,s001201/s031101_10,,,,,,,,
botas,7467c19e,3,s001201/s001204,s001201/s031101_10,,,,,,,,
botas,76343af5,0,s112301/s112301,s112301/s112301_10,,,,,,,,
botas,76343af5,1,s112301/s112302,s112301/s112301_10,,,,,,,,
botas,76343af5,2,s112301/s112303,s112301/s112301_10,,,,,,,,
botas,76343af5,3,s112301/s112304,s112301/s112301_10,,,,,,,,
botas,76a34623,0,s002201/s002201,s002201/s060901_10,,,,,,,,
botas,76a34623,1,s002201/s002202,s002201/s060901_10,,,,,,,,
botas,76a34623,2,s002201/s002203,s002201/s060901_10,,,,,,,,
botas,76a34623,3,s002201/s002204,s002201/s060901_10,,,,,,,,
botas,77db9d4b,0,s001201/s001201,s001201/s031051_10,,,,,,,,
botas,77db9d4b,1,s001201/s001202,s001201/s031051_10,,,,,,,,
botas,77db9d4b,2,s001201/s001203,s001201/s031051_10,,,,,,,,
botas,77db9d4b,3,s001201/s001204,s001201/s031051_10,,,,,,,,
botas,785f387c,0,s020301/s020301,s020301/s020301_20,,,,,,,,
botas,785f387c,1,s020301/s020302,s020301/s020301_20,,,,,,,,
botas,785f387c,2,s020301/s020303,s020301/s020301_20,,,,,,,,
botas,785f387c,3,s020301/s020304,s020301/s020301_20,,,,,,,,
botas,785f387c,4,s000001/s000001,s000001/s000001,,,,,,,,
botas,785f387c,5,s000001/s000001,s000001/s000001,,,,,,,,
botas,785f387c,6,s000001/s000001,s000001/s000001,,,,,,,,
botas,785f387c,7,s000001/s000001,s000001/s000001,,,,,,,,
botas,7986351f,0,s001201/s001201,s001201/s110651_20,,,,,,,,
botas,7986351f,1,s001201/s001202,s001201/s110651_20,,,,,,,,
botas,7986351f,2,s001201/s001203,s001201/s110651_20,,,,,,,,
botas,7986351f,3,s001201/s001204,s001201/s110651_20,,,,,,,,
botas,79c04c7b,0,s001221/s001221,s001221/s081401_10,,,,,,,,
botas,79c04c7b,1,s001221/s001222,s001221/s081401_10,,,,,,,,
botas,79c04c7b,2,s001221/s001223,s001221/s081401_10,,,,,,,,
botas,79c04c7b,3,s001221/s001224,s001221/s081401_10,,,,,,,,
botas,7a216f59,0,e001001/e001001,e001001/e002501_10,,,,,,,,
botas,7a216f59,3,e001001/e001004,e001001/e002501_10,,,,,,,,
botas,7a3a69ca,0,s000201/s000201,s000201/s110701_20,,,,,,,,
botas,7a3a69ca,1,s000201/s000202,s000201/s110701_20,,,,,,,,
botas,7a3a69ca,2,s000201/s000203,s000201/s110701_20,,,,,,,,
botas,7a3a69ca,3,s000201/s000204,s000201/s110701_20,,,,,,,,
botas,7b5c6174,0,s021301/s021301,s021301/s020701_20,,,,,,,,
botas,7b5c6174,1,s021301/s021302,s021301/s020701_20,,,,,,,,
botas,7b5c6174,2,s021301/s021303,s021301/s020701_20,,,,,,,,
botas,7b5c6174,3,s021301/s021304,s021301/s020701_20,,,,,,,,
botas,7b8a67e8,0,s000301/s000301,s000301/s011301_10,,,,,,,,
botas,7b8a67e8,1,s000301/s000302,s000301/s011301_10,,,,,,,,
botas,7b8a67e8,2,s000301/s000303,s000301/s011301_10,,,,,,,,
botas,7b8a67e8,3,s000301/s000304,s000301/s011301_10,,,,,,,,
botas,7c15b792,0,s001201/s001201,s001201/s030351_20,,,,,,,,
botas,7c15b792,1,s001201/s001202,s001201/s030351_20,,,,,,,,
botas,7c15b792,2,s001201/s001203,s001201/s030351_20,,,,,,,,
botas,7c15b792,3,s001201/s001204,s001201/s030351_20,,,,,,,,
botas,7c664f3a,0,s000101/s000101,s000101/s010901_10,,,,,,,,
botas,7c664f3a,1,s000101/s000102,s000101/s010901_10,,,,,,,,
botas,7c664f3a,2,s000101/s000103,s000101/s010901_10,,,,,,,,
botas,7c664f3a,3,s000101/s000104,s000101/s010901_10,,,,,,,,
botas,7d1e9452,0,s000201/s000201,s000201/s041051_10,,,,,,,,
botas,7d1e9452,1,s000201/s000202,s000201/s041051_10,,,,,,,,
botas,7d1e9452,2,s000201/s000203,s000201/s041051_10,,,,,,,,
botas,7d1e9452,3,s000201/s000204,s000201/s041051_10,,,,,,,,
botas,7dfa102c,0,s002201/s002201,s002201/s113001_10,,,,,,,,
botas,7dfa102c,1,s002201/s002202,s002201/s113001_10,,,,,,,,
botas,7dfa102c,2,s002201/s002203,s002201/s113001_10,,,,,,,,
botas,7dfa102c,3,s002201/s002204,s002201/s113001_10,,,,,,,,
botas,7ea2c887,0,s001101/s001101,s001101/s041101_10,,,,,,,,
botas,7ea2c887,1,s001101/s001102,s001101/s041101_10,,,,,,,,
botas,7ea2c887,2,s001101/s001103,s001101/s041101_10,,,,,,,,
botas,7ea2c887,3,s001101/s001104,s001101/s041101_10,,,,,,,,
botas,800327cd,0,s000201/s000201,s000201/s070701_10,,,,,,,,
botas,800327cd,1,s000201/s000202,s000201/s070701_10,,,,,,,,
botas,800327cd,2,s000201/s000203,s000201/s070701_10,,,,,,,,
botas,800327cd,3,s000201/s000204,s000201/s070701_10,,,,,,,,
botas,8095a661,0,e001401/e001401,e001401/e001401_10,,,,,,,,
botas,8095a661,2,e001401/e001403,e001401/e001401_10,,,,,,,,
botas,81156c90,0,s057401/s057401,s057401/s057401_10,,,,,,,,
botas,81156c90,1,s057401/s057402,s057401/s057401_10,,,,,,,,
botas,81156c90,2,s057401/s057403,s057401/s057401_10,,,,,,,,
botas,82dd5b99,0,s000211/s000211,s000211/s030401_10,,,,,,,,
botas,82dd5b99,1,s000211/s000212,s000211/s030401_10,,,,,,,,
botas,82dd5b99,2,s000211/s000213,s000211/s030401_10,,,,,,,,
botas,82dd5b99,3,s000211/s000214,s000211/s030401_10,,,,,,,,
botas,830bd0df,0,s11020010/s11020010,s11020010/s11020010,,,,,,,,
botas,841601bf,0,s001101/s001101,s001101/s042001_10,,,,,,,,
botas,841601bf,1,s001101/s001102,s001101/s042001_10,,,,,,,,
botas,841601bf,2,s001101/s001103,s001101/s042001_10,,,,,,,,
botas,841601bf,3,s001101/s001104,s001101/s042001_10,,,,,,,,
botas,852b88a2,0,s001201/s001201,s001201/s020501_10,,,,,,,,
botas,852b88a2,1,s001201/s001202,s001201/s020501_10,,,,,,,,
botas,852b88a2,2,s001201/s001203,s001201/s020501_10,,,,,,,,
botas,852b88a2,3,s001201/s001204,s001201/s020501_10,,,,,,,,
botas,85428be3,0,s000101/s000101,s000101/s011451_20,,,,,,,,
botas,85428be3,1,s000101/s000102,s000101/s011451_20,,,,,,,,
botas,85428be3,2,s000101/s000103,s000101/s011451_20,,,,,,,,
botas,85428be3,3,s000101/s000104,s000101/s011451_20,,,,,,,,
botas,8697d477,0,s001201/s001201,s001201/s020451_10,,,,,,,,
botas,8697d477,1,s001201/s001202,s001201/s020451_10,,,,,,,,
botas,8697d477,2,s001201/s001203,s001201/s020451_10,,,,,,,,
botas,8697d477,3,s001201/s001204,s001201/s020451_10,,,,,,,,
botas,874ed914,0,s000201/s000201,s000201/s110101_10,,,,,,,,
botas,874ed914,1,s000201/s000202,s000201/s110101_10,,,,,,,,
botas,874ed914,2,s000201/s000203,s000201/s110101_10,,,,,,,,
botas,874ed914,3,s000201/s000204,s000201/s110101_10,,,,,,,,
botas,87aa5d6a,0,s001101/s001101,s001101/s042151_10,,,,,,,,
botas,87aa5d6a,1,s001101/s001102,s001101/s042151_10,,,,,,,,
botas,87aa5d6a,2,s001101/s001103,s001101/s042151_10,,,,,,,,
botas,87aa5d6a,3,s001101/s001104,s001101/s042151_10,,,,,,,,
botas,87f5f4f6,0,s000111/s000111,s000111/s060601_10,,,,,,,,
botas,87f5f4f6,1,s000111/s000112,s000111/s060601_10,,,,,,,,
botas,87f5f4f6,2,s000111/s000113,s000111/s060601_10,,,,,,,,
botas,87f5f4f6,3,s000111/s000114,s000111/s060601_10,,,,,,,,
botas,88185280,0,s000111/s000111,s000111/s040401_10,,,,,,,,
botas,88185280,1,s000111/s000112,s000111/s040401_10,,,,,,,,
botas,88185280,2,s000111/s000113,s000111/s040401_10,,,,,,,,
botas,88185280,3,s000111/s000114,s000111/s040401_10,,,,,,,,
botas,88d087ca,0,s002201/s002201,s002201/s110951_20,,,,,,,,
botas,88d087ca,1,s002201/s002202,s002201/s110951_20,,,,,,,,
botas,88d087ca,2,s002201/s002203,s002201/s110951_20,,,,,,,,
botas,88d087ca,3,s002201/s002204,s002201/s110951_20,,,,,,,,
botas,89137140,0,s001101/s001101,s001101/s031701_20,,,,,,,,
botas,89137140,1,s001101/s001102,s001101/s031701_20,,,,,,,,
botas,89137140,2,s001101/s001103,s001101/s031701_20,,,,,,,,
botas,89137140,3,s001101/s001104,s001101/s031701_20,,,,,,,,
botas,8947ded1,0,s001231/s001231,s001231/s119501_10,,,,,,,,
botas,8947ded1,1,s001231/s001232,s001231/s119501_10,,,,,,,,
botas,8947ded1,2,s001231/s001233,s001231/s119501_10,,,,,,,,
botas,8947ded1,3,s001231/s001234,s001231/s119501_10,,,,,,,,
botas,8aaf2d95,0,s031601/s031601,s031601/s031651_20,,,,,,,,
botas,8aaf2d95,1,s031601/s031602,s031601/s031651_20,,,,,,,,
botas,8aaf2d95,2,s031601/s031603,s031601/s031651_20,,,,,,,,
botas,8aaf2d95,3,s031601/s031604,s031601/s031651_20,,,,,,,,
botas,8aedec94,0,s001101/s001101,s001101/s045101_10,,,,,,,,
botas,8aedec94,1,s001101/s001102,s001101/s045101_10,,,,,,,,
botas,8aedec94,2,s001101/s001103,s001101/s045101_10,,,,,,,,
botas,8aedec94,3,s001101/s001104,s001101/s045101_10,,,,,,,,
botas,8b408a2b,0,s001231/s001231,s001231/s112501_10,,,,,,,,
botas,8b408a2b,1,s001231/s001232,s001231/s112501_10,,,,,,,,
botas,8b408a2b,2,s001231/s001233,s001231/s112501_10,,,,,,,,
botas,8b408a2b,3,s001231/s001234,s001231/s112501_10,,,,,,,,
botas,8b6cdb1f,0,s000201/s000201,s000201/s110801_20,,,,,,,,
botas,8b6cdb1f,1,s000201/s000202,s000201/s110801_20,,,,,,,,
botas,8b6cdb1f,2,s000201/s000203,s000201/s110801_20,,,,,,,,
botas,8b6cdb1f,3,s000201/s000204,s000201/s110801_20,,,,,,,,
botas,8bea3cc8,0,s11010060/s11010060,s11010060/s11010060,,,,,,,,
botas,8c80f3cd,0,s001211/s001211,s001211/s111201_20,,,,,,,,
botas,8c80f3cd,1,s001211/s001212,s001211/s111201_20,,,,,,,,
botas,8c80f3cd,2,s001211/s001213,s001211/s111201_20,,,,,,,,
botas,8c80f3cd,3,s001211/s001214,s001211/s111201_20,,,,,,,,
botas,8d30fdef,0,s000101/s000101,s000101/s010601_10,,,,,,,,
botas,8d30fdef,1,s000101/s000102,s000101/s010601_10,,,,,,,,
botas,8d30fdef,2,s000101/s000103,s000101/s010601_10,,,,,,,,
botas,8d30fdef,3,s000101/s000104,s000101/s010601_10,,,,,,,,
botas,8f7ad67c,0,s001201/s001201,s001201/s080101_10,,,,,,,,
botas,8f7ad67c,1,s001201/s001202,s001201/s080101_10,,,,,,,,
botas,8f7ad67c,2,s001201/s001203,s001201/s080101_10,,,,,,,,
botas,8f7ad67c,3,s001201/s001204,s001201/s080101_10,,,,,,,,
botas,9035cd57,0,s000101/s000101,s000101/s010101_10,,,,,,,,
botas,9035cd57,1,s000101/s000102,s000101/s010101_10,,,,,,,,
botas,9035cd57,2,s000101/s000103,s000101/s010101_10,,,,,,,,
botas,9035cd57,3,s000101/s000104,s000101/s010101_10,,,,,,,,
botas,9123860a,0,s003101/s003101,s003101/s037201_10,,,,,,,,
botas,9123860a,1,s003101/s003102,s003101/s037201_10,,,,,,,,
botas,9123860a,2,s003101/s003103,s003101/s037201_10,,,,,,,,
botas,9123860a,3,s003101/s003104,s003101/s037201_10,,,,,,,,
botas,914d163f,0,s000111/s000111,s000111/s041851_10,,,,,,,,
botas,914d163f,1,s000111/s000112,s000111/s041851_10,,,,,,,,
botas,914d163f,2,s000111/s000113,s000111/s041851_10,,,,,,,,
botas,914d163f,3,s000111/s000114,s000111/s041851_10,,,,,,,,
botas,9185c375,0,s001211/s001211,s001211/s111501_20,,,,,,,,
botas,9185c375,1,s001211/s001212,s001211/s111501_20,,,,,,,,
botas,9185c375,2,s001211/s001213,s001211/s111501_20,,,,,,,,
botas,9185c375,3,s001211/s001214,s001211/s111501_20,,,,,,,,
botas,91c3ba11,0,s000201/s000201,s000201/s080751_10,,,,,,,,
botas,91c3ba11,1,s000201/s000202,s000201/s080751_10,,,,,,,,
botas,91c3ba11,2,s000201/s000203,s000201/s080751_10,,,,,,,,
botas,91c3ba11,3,s000201/s000204,s000201/s080751_10,,,,,,,,
botas,927fe6c4,0,s000201/s000201,s000201/s080601_10,,,,,,,,
botas,927fe6c4,1,s000201/s000202,s000201/s080601_10,,,,,,,,
botas,927fe6c4,2,s000201/s000203,s000201/s080601_10,,,,,,,,
botas,927fe6c4,3,s000201/s000204,s000201/s080601_10,,,,,,,,
botas,92ebb103,0,s002201/s002201,s002201/s050201_10,,,,,,,,
botas,92ebb103,1,s002201/s002202,s002201/s050201_10,,,,,,,,
botas,92ebb103,2,s002201/s002203,s002201/s050201_10,,,,,,,,
botas,92ebb103,3,s002201/s002204,s002201/s050201_10,,,,,,,,
botas,92f10d89,3,s11010070/s11010070,s11010070/s11010070,,,,,,,,
botas,92f14aea,0,s000111/s000111,s000111/s041901_10,,,,,,,,
botas,92f14aea,1,s000111/s000112,s000111/s041901_10,,,,,,,,
botas,92f14aea,2,s000111/s000113,s000111/s041901_10,,,,,,,,
botas,92f14aea,3,s000111/s000114,s000111/s041901_10,,,,,,,,
botas,93aec6bb,0,s002201/s002201,s002201/s118801_10,,,,,,,,
botas,93aec6bb,1,s002201/s002202,s002201/s118801_10,,,,,,,,
botas,93aec6bb,2,s002201/s002203,s002201/s118801_10,,,,,,,,
botas,93aec6bb,3,s002201/s002204,s002201/s118801_10,,,,,,,,
botas,941641f8,0,s001201/s001201,s001201/s031001_20,,,,,,,,
botas,941641f8,1,s001201/s001202,s001201/s031001_20,,,,,,,,
botas,941641f8,2,s001201/s001203,s001201/s031001_20,,,,,,,,
botas,941641f8,3,s001201/s001204,s001201/s031001_20,,,,,,,,
botas,9442ee69,0,s002201/s002201,s002201/s119201_10,,,,,,,,
botas,9442ee69,1,s002201/s002202,s002201/s119201_10,,,,,,,,
botas,9442ee69,2,s002201/s002203,s002201/s119201_10,,,,,,,,
botas,9442ee69,3,s002201/s002204,s002201/s119201_10,,,,,,,,
botas,94b00487,0,s117701/s117701,s117701/s117701_10,,,,,,,,
botas,950799d1,0,s002201/s002201,s002201/s051801_10,,,,,,,,
botas,950799d1,1,s002201/s002202,s002201/s051801_10,,,,,,,,
botas,950799d1,2,s002201/s002203,s002201/s051801_10,,,,,,,,
botas,950799d1,3,s002201/s002204,s002201/s051801_10,,,,,,,,
botas,951d6238,0,s000101/s000101,s000101/s040301_10,,,,,,,,
botas,951d6238,1,s000101/s000102,s000101/s040301_10,,,,,,,,
botas,951d6238,2,s000101/s000103,s000101/s040301_10,,,,,,,,
botas,951d6238,3,s000101/s000104,s000101/s040301_10,,,,,,,,
botas,9645ba93,0,s002201/s002201,s002201/s112201_10,,,,,,,,
botas,9645ba93,1,s002201/s002202,s002201/s112201_10,,,,,,,,
botas,9645ba93,2,s002201/s002203,s002201/s112201_10,,,,,,,,
botas,9645ba93,3,s002201/s002204,s002201/s112201_10,,,,,,,,
botas,96a13eed,0,s000111/s000111,s000111/s040251_10,,,,,,,,
botas,96a13eed,1,s000111/s000112,s000111/s040251_10,,,,,,,,
botas,96a13eed,2,s000111/s000113,s000111/s040251_10,,,,,,,,
botas,96a13eed,3,s000111/s000114,s000111/s040251_10,,,,,,,,
botas,97e8dc2c,0,s001101/s001101,s001101/s045601_10,,,,,,,,
botas,97e8dc2c,1,s001101/s001102,s001101/s045601_10,,,,,,,,
botas,97e8dc2c,2,s001101/s001103,s001101/s045601_10,,,,,,,,
botas,97e8dc2c,3,s001101/s001104,s001101/s045601_10,,,,,,,,
botas,982eb81a,0,s001201/s001201,s001201/s020201_10,,,,,,,,
botas,982eb81a,1,s001201/s001202,s001201/s020201_10,,,,,,,,
botas,982eb81a,2,s001201/s001203,s001201/s020201_10,,,,,,,,
botas,982eb81a,3,s001201/s001204,s001201/s020201_10,,,,,,,,
botas,983443f3,0,s001211/s001211,s001211/s031901_10,,,,,,,,
botas,983443f3,1,s001211/s001212,s001211/s031901_10,,,,,,,,
botas,983443f3,2,s001211/s001213,s001211/s031901_10,,,,,,,,
botas,983443f3,3,s001211/s001214,s001211/s031901_10,,,,,,,,
botas,983acc89,0,s001211/s001211,s001211/e504401_10,,,,,,,,
botas,983acc89,1,s001211/s001212,s001211/e504401_10,,,,,,,,
botas,983acc89,2,s001211/s001213,s001211/e504401_10,,,,,,,,
botas,983acc89,3,s001211/s001214,s001211/e504401_10,,,,,,,,
botas,9881c95a,2,s11010021/s11010021,s11010021/s11010021,,,,,,,,
botas,98be57b8,0,s115601/s115601,s115601/s115301_10,,,,,,,,
botas,98be57b8,1,s115601/s115602,s115601/s115301_10,,,,,,,,
botas,98be57b8,2,s115601/s115603,s115601/s115301_10,,,,,,,,
botas,98be57b8,3,s115601/s115604,s115601/s115301_10,,,,,,,,
botas,98be57b8,4,s115611/s115611,s115611/s115311_10,,,,,,,,
botas,98be57b8,5,s115611/s115612,s115611/s115311_10,,,,,,,,
botas,98be57b8,6,s115611/s115613,s115611/s115311_10,,,,,,,,
botas,98be57b8,7,s115611/s115614,s115611/s115311_10,,,,,,,,
botas,9a4be9ac,0,s001201/s001201,s001201/s110601_10,,,,,,,,
botas,9a4be9ac,1,s001201/s001202,s001201/s110601_10,,,,,,,,
botas,9a4be9ac,2,s001201/s001203,s001201/s110601_10,,,,,,,,
botas,9a4be9ac,3,s001201/s001204,s001201/s110601_10,,,,,,,,
botas,9a7cbe0b,1,e000901/e000902,e000901/e000901_10,,,,,,,,
botas,9af0c44e,0,s000111/s000111,s000111/s060101_10,,,,,,,,
botas,9af0c44e,1,s000111/s000112,s000111/s060101_10,,,,,,,,
botas,9af0c44e,2,s000111/s000113,s000111/s060101_10,,,,,,,,
botas,9af0c44e,3,s000111/s000114,s000111/s060101_10,,,,,,,,
botas,9b92e4cf,0,s020301/s020301,s020301/s020351_10,,,,,,,,
botas,9b92e4cf,1,s020301/s020302,s020301/s020351_10,,,,,,,,
botas,9b92e4cf,2,s020301/s020303,s020301/s020351_10,,,,,,,,
botas,9b92e4cf,3,s020301/s020304,s020301/s020351_10,,,,,,,,
botas,9b92e4cf,4,s000001/s000001,s000001/s000001,,,,,,,,
botas,9b92e4cf,5,s000001/s000001,s000001/s000001,,,,,,,,
botas,9b92e4cf,6,s000001/s000001,s000001/s000001,,,,,,,,
botas,9b92e4cf,7,s000001/s000001,s000001/s000001,,,,,,,,
botas,9be68f13,0,s003101/s003101,s003101/s047201_10,,,,,,,,
botas,9be68f13,1,s003101/s003102,s003101/s047201_10,,,,,,,,
botas,9be68f13,2,s003101/s003103,s003101/s047201_10,,,,,,,,
botas,9be68f13,3,s003101/s003104,s003101/s047201_10,,,,,,,,
botas,9c105c28,0,s057301/s057301,s057301/s057301_10,,,,,,,,
botas,9c6437f4,0,s000201/s000201,s000201/s030201_10,,,,,,,,
botas,9c6437f4,1,s000201/s000202,s000201/s030201_10,,,,,,,,
botas,9c6437f4,2,s000201/s000203,s000201/s030201_10,,,,,,,,
botas,9c6437f4,3,s000201/s000204,s000201/s030201_10,,,,,,,,
botas,9cdb2375,2,s11020500/s11020500,s11020500/s11020500,,,,,,,,
botas,9d05f37c,0,s000201/s000201,s000201/s118301_50,,,,,,,,
botas,9d75aa30,0,s021301/s021301,s021301/s020751_20,,,,,,,,
botas,9d75aa30,1,s021301/s021302,s021301/s020751_20,,,,,,,,
botas,9d75aa30,2,s021301/s021303,s021301/s020751_20,,,,,,,,
botas,9d75aa30,3,s021301/s021304,s021301/s020751_20,,,,,,,,
botas,9d8b904a,0,s002201/s002201,s002201/s113101_20,,,,,,,,
botas,9d8b904a,1,s002201/s002202,s002201/s113101_20,,,,,,,,
botas,9d8b904a,2,s002201/s002203,s002201/s113101_20,,,,,,,,
botas,9d8b904a,3,s002201/s002204,s002201/s113101_20,,,,,,,,
botas,9d9096d9,0,e001301/e001301,e001301/e001301_10,,,,,,,,
botas,9d9096d9,2,e001301/e001303,e001301/e001301_10,,,,,,,,
botas,9fc290c8,0,s001101/s001101,s001101/s021801_10,,,,,,,,
botas,9fc290c8,1,s001101/s001102,s001101/s021801_10,,,,,,,,
botas,9fc290c8,2,s001101/s001103,s001101/s021801_10,,,,,,,,
botas,9fc290c8,3,s001101/s001104,s001101/s021801_10,,,,,,,,
botas,9fd86b21,0,s001201/s001201,s001201/s030301_10,,,,,,,,
botas,9fd86b21,1,s001201/s001202,s001201/s030301_10,,,,,,,,
botas,9fd86b21,2,s001201/s001203,s001201/s030301_10,,,,,,,,
botas,9fd86b21,3,s001201/s001204,s001201/s030301_10,,,,,,,,
botas,9ff3a961,0,s002201/s002201,s002201/s075501_10,,,,,,,,
botas,9ff3a961,1,s002201/s002202,s002201/s075501_10,,,,,,,,
botas,9ff3a961,2,s002201/s002203,s002201/s075501_10,,,,,,,,
botas,9ff3a961,3,s002201/s002204,s002201/s075501_10,,,,,,,,
botas,a04188dc,0,s000201/s000201,s000201/s110801_10,,,,,,,,
botas,a04188dc,1,s000201/s000202,s000201/s110801_10,,,,,,,,
botas,a04188dc,2,s000201/s000203,s000201/s110801_10,,,,,,,,
botas,a04188dc,3,s000201/s000204,s000201/s110801_10,,,,,,,,
botas,a06dd9e8,0,s001231/s001231,s001231/s112501_20,,,,,,,,
botas,a06dd9e8,1,s001231/s001232,s001231/s112501_20,,,,,,,,
botas,a06dd9e8,2,s001231/s001233,s001231/s112501_20,,,,,,,,
botas,a06dd9e8,3,s001231/s001234,s001231/s112501_20,,,,,,,,
botas,a076df7b,0,e000701/e000701,e000701/e000701_10,,,,,,,,
botas,a076df7b,2,e000701/e000703,e000701/e000701_10,,,,,,,,
botas,a0c76f0b,0,s11010050/s11010050,s11010050/s11010050,,,,,,,,
botas,a0e05ed7,0,s071401/s071401,s071401/s071401_10,,,,,,,,
botas,a0e05ed7,1,s071401/s071402,s071401/s071401_10,,,,,,,,
botas,a0e05ed7,2,s071401/s071403,s071401/s071401_10,,,,,,,,
botas,a0e05ed7,3,s071401/s071404,s071401/s071401_10,,,,,,,,
botas,a1827e56,0,s031601/s031601,s031601/s031651_10,,,,,,,,
botas,a1827e56,1,s031601/s031602,s031601/s031651_10,,,,,,,,
botas,a1827e56,2,s031601/s031603,s031601/s031651_10,,,,,,,,
botas,a1827e56,3,s031601/s031604,s031601/s031651_10,,,,,,,,
botas,a23e2283,0,s001101/s001101,s001101/s031701_10,,,,,,,,
botas,a23e2283,1,s001101/s001102,s001101/s031701_10,,,,,,,,
botas,a23e2283,2,s001101/s001103,s001101/s031701_10,,,,,,,,
botas,a23e2283,3,s001101/s001104,s001101/s031701_10,,,,,,,,
botas,a26a8d12,0,s001231/s001231,s001231/s119501_20,,,,,,,,
botas,a26a8d12,1,s001231/s001232,s001231/s119501_20,,,,,,,,
botas,a26a8d12,2,s001231/s001233,s001231/s119501_20,,,,,,,,
botas,a26a8d12,3,s001231/s001234,s001231/s119501_20,,,,,,,,
botas,a3fdd409,0,s002201/s002201,s002201/s110951_10,,,,,,,,
botas,a3fdd409,1,s002201/s002202,s002201/s110951_10,,,,,,,,
botas,a3fdd409,2,s002201/s002203,s002201/s110951_10,,,,,,,,
botas,a3fdd409,3,s002201/s002204,s002201/s110951_10,,,,,,,,
botas,a5c8f1b8,0,s002201/s002201,s002201/s021601_10,,,,,,,,
botas,a5c8f1b8,1,s002201/s002202,s002201/s021601_10,,,,,,,,
botas,a5c8f1b8,2,s002201/s002203,s002201/s021601_10,,,,,,,,
botas,a5c8f1b8,3,s002201/s002204,s002201/s021601_10,,,,,,,,
botas,a7168dec,0,s002201/s002201,s002201/s061501_10,,,,,,,,
botas,a7168dec,1,s002201/s002202,s002201/s061501_10,,,,,,,,
botas,a7168dec,2,s002201/s002203,s002201/s061501_10,,,,,,,,
botas,a7168dec,3,s002201/s002204,s002201/s061501_10,,,,,,,,
botas,a7ada00e,0,s001211/s001211,s001211/s111201_10,,,,,,,,
botas,a7ada00e,1,s001211/s001212,s001211/s111201_10,,,,,,,,
botas,a7ada00e,2,s001211/s001213,s001211/s111201_10,,,,,,,,
botas,a7ada00e,3,s001211/s001214,s001211/s111201_10,,,,,,,,
botas,a87587b4,0,s000201/s000201,s000201/s080801_10,,,,,,,,
botas,a87587b4,1,s000201/s000202,s000201/s080801_10,,,,,,,,
botas,a87587b4,2,s000201/s000203,s000201/s080801_10,,,,,,,,
botas,a87587b4,3,s000201/s000204,s000201/s080801_10,,,,,,,,
botas,a8fb2b9a,0,s041701/s041701,s041701/s041701_10,,,,,,,,
botas,a8fb2b9a,1,s041701/s041702,s041701/s041701_10,,,,,,,,
botas,a8fb2b9a,2,s041701/s041703,s041701/s041701_10,,,,,,,,
botas,a8fb2b9a,3,s041701/s041704,s041701/s041701_10,,,,,,,,
botas,a9a4a7cb,0,s002201/s002201,s002201/s118601_10,,,,,,,,
botas,a9a4a7cb,1,s002201/s002202,s002201/s118601_10,,,,,,,,
botas,a9a4a7cb,2,s002201/s002203,s002201/s118601_10,,,,,,,,
botas,a9a4a7cb,3,s002201/s002204,s002201/s118601_10,,,,,,,,
botas,aa383f53,0,s057401/s057401,s057401/s057401_20,,,,,,,,
botas,aa383f53,1,s057401/s057402,s057401/s057401_20,,,,,,,,
botas,aa383f53,2,s057401/s057403,s057401/s057401_20,,,,,,,,
botas,ac638ad7,0,s000201/s000201,s000201/s110101_20,,,,,,,,
botas,ac638ad7,1,s000201/s000202,s000201/s110101_20,,,,,,,,
botas,ac638ad7,2,s000201/s000203,s000201/s110101_20,,,,,,,,
botas,ac638ad7,3,s000201/s000204,s000201/s110101_20,,,,,,,,
botas,ac788c44,1,e000801/e000802,e000801/e002301_10,,,,,,,,
botas,ac9db0ad,0,s021301/s021301,s021301/s020751_10,,,,,,,,
botas,ac9db0ad,1,s021301/s021302,s021301/s020751_10,,,,,,,,
botas,ac9db0ad,2,s021301/s021303,s021301/s020751_10,,,,,,,,
botas,ac9db0ad,3,s021301/s021304,s021301/s020751_10,,,,,,,,
botas,ad56e1ce,0,s001231/s001231,s001231/s110251_50,,,,,,,,
botas,ad56e1ce,1,s001231/s001232,s001231/s110251_50,,,,,,,,
botas,ad56e1ce,2,s001231/s001233,s001231/s110251_50,,,,,,,,
botas,ad56e1ce,3,s001231/s001234,s001231/s110251_50,,,,,,,,
botas,ae6fd820,0,s000101/s000101,s000101/s011451_10,,,,,,,,
botas,ae6fd820,1,s000101/s000102,s000101/s011451_10,,,,,,,,
botas,ae6fd820,2,s000101/s000103,s000101/s011451_10,,,,,,,,
botas,ae6fd820,3,s000101/s000104,s000101/s011451_10,,,,,,,,
botas,aeba65f7,0,s002201/s002201,s002201/s117901_10,,,,,,,,
botas,aeba65f7,1,s002201/s002202,s002201/s117901_10,,,,,,,,
botas,aeba65f7,2,s002201/s002203,s002201/s117901_10,,,,,,,,
botas,aeba65f7,3,s002201/s002204,s002201/s117901_10,,,,,,,,
botas,af0df8a1,0,s002201/s002201,s002201/s051601_10,,,,,,,,
botas,af0df8a1,1,s002201/s002202,s002201/s051601_10,,,,,,,,
botas,af0df8a1,2,s002201/s002203,s002201/s051601_10,,,,,,,,
botas,af0df8a1,3,s002201/s002204,s002201/s051601_10,,,,,,,,
botas,af99af66,0,s000201/s000201,s000201/s081201_10,,,,,,,,
botas,af99af66,1,s000201/s000202,s000201/s081201_10,,,,,,,,
botas,af99af66,2,s000201/s000203,s000201/s081201_10,,,,,,,,
botas,af99af66,3,s000201/s000204,s000201/s081201_10,,,,,,,,
botas,b0bfb70c,0,s020301/s020301,s020301/s020351_20,,,,,,,,
botas,b0bfb70c,1,s020301/s020302,s020301/s020351_20,,,,,,,,
botas,b0bfb70c,2,s020301/s020303,s020301/s020351_20,,,,,,,,
botas,b0bfb70c,3,s020301/s020304,s020301/s020351_20,,,,,,,,
botas,b0bfb70c,4,s000001/s000001,s000001/s000001,,,,,,,,
botas,b0bfb70c,5,s000001/s000001,s000001/s000001,,,,,,,,
botas,b0bfb70c,6,s000001/s000001,s000001/s000001,,,,,,,,
botas,b0bfb70c,7,s000001/s000001,s000001/s000001,,,,,,,,
botas,b0bfb70c,3,s001201/s001204,s020301/s020351_20,,,,,,,,
botas,b0d6b44d,0,s000101/s000101,s000101/s011201_10,,,,,,,,
botas,b0d6b44d,1,s000101/s000102,s000101/s011201_10,,,,,,,,
botas,b0d6b44d,2,s000101/s000103,s000101/s011201_10,,,,,,,,
botas,b0d6b44d,3,s000101/s000104,s000101/s011201_10,,,,,,,,
botas,b166ba6f,0,s001201/s001201,s001201/s110601_20,,,,,,,,
botas,b166ba6f,1,s001201/s001202,s001201/s110601_20,,,,,,,,
botas,b166ba6f,2,s001201/s001203,s001201/s110601_20,,,,,,,,
botas,b166ba6f,3,s001201/s001204,s001201/s110601_20,,,,,,,,
botas,b17dbcfc,1,e000901/e000902,e000901/e002401_10,,,,,,,,
botas,b208c819,0,s002201/s002201,s002201/s051101_10,,,,,,,,
botas,b208c819,1,s002201/s002202,s002201/s051101_10,,,,,,,,
botas,b208c819,2,s002201/s002203,s002201/s051101_10,,,,,,,,
botas,b208c819,3,s002201/s002204,s002201/s051101_10,,,,,,,,
botas,b29c9fde,0,s000411/s000411,s000411/s081501_10,,,,,,,,
botas,b29c9fde,1,s000411/s000412,s000411/s081501_10,,,,,,,,
botas,b29c9fde,2,s000411/s000413,s000411/s081501_10,,,,,,,,
botas,b29c9fde,3,s000411/s000414,s000411/s081501_10,,,,,,,,
botas,b3ac9a99,0,s11010011/s11010011,s11010011/s11010011,,,,,,,,
botas,b4a19773,0,s002201/s002201,s002201/s118101_10,,,,,,,,
botas,b4a19773,1,s002201/s002202,s002201/s118101_10,,,,,,,,
botas,b4a19773,2,s002201/s002203,s002201/s118101_10,,,,,,,,
botas,b4a19773,3,s002201/s002204,s002201/s118101_10,,,,,,,,
botas,b4efc30b,0,s001101/s001101,s001101/s021801_20,,,,,,,,
botas,b4efc30b,1,s001101/s001102,s001101/s021801_20,,,,,,,,
botas,b4efc30b,2,s001101/s001103,s001101/s021801_20,,,,,,,,
botas,b4efc30b,3,s001101/s001104,s001101/s021801_20,,,,,,,,
botas,b5fe1b22,0,s000201/s000201,s000201/s041001_10,,,,,,,,
botas,b5fe1b22,1,s000201/s000202,s000201/s041001_10,,,,,,,,
botas,b5fe1b22,2,s000201/s000203,s000201/s041001_10,,,,,,,,
botas,b5fe1b22,3,s000201/s000204,s000201/s041001_10,,,,,,,,
botas,b6a6c389,0,s002201/s002201,s002201/s113101_10,,,,,,,,
botas,b6a6c389,1,s002201/s002202,s002201/s113101_10,,,,,,,,
botas,b6a6c389,2,s002201/s002203,s002201/s113101_10,,,,,,,,
botas,b6a6c389,3,s002201/s002204,s002201/s113101_10,,,,,,,,
botas,b73a9c9f,0,s000101/s000101,s000101/s010801_10,,,,,,,,
botas,b73a9c9f,1,s000101/s000102,s000101/s010801_10,,,,,,,,
botas,b73a9c9f,2,s000101/s000103,s000101/s010801_10,,,,,,,,
botas,b73a9c9f,3,s000101/s000104,s000101/s010801_10,,,,,,,,
botas,b73d0feb,0,s057301/s057301,s057301/s057301_20,,,,,,,,
botas,b9b51a68,0,s002201/s002201,s002201/s070851_10,,,,,,,,
botas,b9b51a68,1,s002201/s002202,s002201/s070851_10,,,,,,,,
botas,b9b51a68,2,s002201/s002203,s002201/s070851_10,,,,,,,,
botas,b9b51a68,3,s002201/s002204,s002201/s070851_10,,,,,,,,
botas,b9dc5e4a,2,s11010040/s11010040,s11010040/s11010040,,,,,,,,
botas,ba0946bd,0,s000201/s000201,s000201/s070901_10,,,,,,,,
botas,ba0946bd,1,s000201/s000202,s000201/s070901_10,,,,,,,,
botas,ba0946bd,2,s000201/s000203,s000201/s070901_10,,,,,,,,
botas,ba0946bd,3,s000201/s000204,s000201/s070901_10,,,,,,,,
botas,ba13bd54,0,s061201/s061201,s061201/s061201_10,,,,,,,,
botas,ba13bd54,1,s061201/s061202,s061201/s061201_10,,,,,,,,
botas,ba13bd54,2,s061201/s061203,s061201/s061201_10,,,,,,,,
botas,ba13bd54,3,s061201/s061204,s061201/s061201_10,,,,,,,,
botas,baa890b6,0,s001211/s001211,s001211/s111501_10,,,,,,,,
botas,baa890b6,1,s001211/s001212,s001211/s111501_10,,,,,,,,
botas,baa890b6,2,s001211/s001213,s001211/s111501_10,,,,,,,,
botas,baa890b6,3,s001211/s001214,s001211/s111501_10,,,,,,,,
botas,bd8c6d2e,0,s000111/s000111,s000111/s040251_20,,,,,,,,
botas,bd8c6d2e,1,s000111/s000112,s000111/s040251_20,,,,,,,,
botas,bd8c6d2e,2,s000111/s000113,s000111/s040251_20,,,,,,,,
botas,bd8c6d2e,3,s000111/s000114,s000111/s040251_20,,,,,,,,
botas,bdff9586,0,s002201/s002201,s002201/s060801_10,,,,,,,,
botas,bdff9586,1,s002201/s002202,s002201/s060801_10,,,,,,,,
botas,bdff9586,2,s002201/s002203,s002201/s060801_10,,,,,,,,
botas,bdff9586,3,s002201/s002204,s002201/s060801_10,,,,,,,,
botas,bf3b123b,0,s001201/s001201,s001201/s031001_10,,,,,,,,
botas,bf3b123b,1,s001201/s001202,s001201/s031001_10,,,,,,,,
botas,bf3b123b,2,s001201/s001203,s001201/s031001_10,,,,,,,,
botas,bf3b123b,3,s001201/s001204,s001201/s031001_10,,,,,,,,
botas,bf6f811b,0,s000001/s000001,s000001/s000001,,,,,,,,
botas,bf6f811b,1,s000001/s000001,s000001/s000001,,,,,,,,
botas,bf6f811b,2,s000001/s000001,s000001/s000001,,,,,,,,
botas,bf6f811b,3,s000001/s000001,s000001/s000001,,,,,,,,
botas,c0f85ce4,0,s000101/s000101,s000101/s010401_10,,,,,,,,
botas,c0f85ce4,1,s000101/s000102,s000101/s010401_10,,,,,,,,
botas,c0f85ce4,2,s000101/s000103,s000101/s010401_10,,,,,,,,
botas,c0f85ce4,3,s000101/s000104,s000101/s010401_10,,,,,,,,
botas,c1535455,0,e001701/e001701,e001701/e003201_10,,,,,,,,
botas,c1535455,2,e001701/e001703,e001701/e003201_10,,,,,,,,
botas,c1535455,3,e001701/e001704,e001701/e003201_10,,,,,,,,
botas,c20de2f0,0,s003101/s003101,s003101/s015101_10,,,,,,,,
botas,c20de2f0,1,s003101/s003102,s003101/s015101_10,,,,,,,,
botas,c20de2f0,2,s003101/s003103,s003101/s015101_10,,,,,,,,
botas,c20de2f0,3,s003101/s003104,s003101/s015101_10,,,,,,,,
botas,c20de2f0,4,s015102/s015102,s015102/s015102_11,,,,,,,,
botas,c22620b0,0,s001101/s001101,s001101/s050701_10,,,,,,,,
botas,c22620b0,1,s001101/s001102,s001101/s050701_10,,,,,,,,
botas,c22620b0,2,s001101/s001103,s001101/s050701_10,,,,,,,,
botas,c22620b0,3,s001101/s001104,s001101/s050701_10,,,,,,,,
botas,c2b27777,0,s000201/s000201,s000201/s080301_10,,,,,,,,
botas,c2b27777,1,s000201/s000202,s000201/s080301_10,,,,,,,,
botas,c2b27777,2,s000201/s000203,s000201/s080301_10,,,,,,,,
botas,c2b27777,3,s000201/s000204,s000201/s080301_10,,,,,,,,
botas,c2f40e13,0,s001201/s001201,s001201/s111151_20,,,,,,,,
botas,c2f40e13,1,s001201/s001202,s001201/s111151_20,,,,,,,,
botas,c2f40e13,2,s001201/s001203,s001201/s111151_20,,,,,,,,
botas,c2f40e13,3,s001201/s001204,s001201/s111151_20,,,,,,,,
botas,c31ba9ad,0,s001221/s001221,s001221/s032201_10,,,,,,,,
botas,c31ba9ad,1,s001221/s001222,s001221/s032201_10,,,,,,,,
botas,c31ba9ad,2,s001221/s001223,s001221/s032201_10,,,,,,,,
botas,c31ba9ad,3,s001221/s001224,s001221/s032201_10,,,,,,,,
botas,c47d9534,0,s002201/s002201,s002201/s117201_10,,,,,,,,
botas,c47d9534,1,s002201/s002202,s002201/s117201_10,,,,,,,,
botas,c47d9534,2,s002201/s002203,s002201/s117201_10,,,,,,,,
botas,c47d9534,3,s002201/s002204,s002201/s117201_10,,,,,,,,
botas,c499114a,0,s001101/s001101,s001101/s045251_10,,,,,,,,
botas,c499114a,1,s001101/s001102,s001101/s045251_10,,,,,,,,
botas,c499114a,2,s001101/s001103,s001101/s045251_10,,,,,,,,
botas,c499114a,3,s001101/s001104,s001101/s045251_10,,,,,,,,
botas,c4abaa0f,0,s11010010/s11010010,s11010010/s11010010,,,,,,,,
botas,c4dbd04b,0,s031501/s031501,s031501/s031501_20,,,,,,,,
botas,c4dbd04b,1,s031501/s031502,s031501/s031501_20,,,,,,,,
botas,c4dbd04b,2,s031501/s031503,s031501/s031501_20,,,,,,,,
botas,c4dbd04b,3,s031501/s031504,s031501/s031501_20,,,,,,,,
botas,c4f90e05,0,s000211/s000211,s000211/e506501_10,,,,,,,,
botas,c4f90e05,1,s000211/s000212,s000211/e506501_10,,,,,,,,
botas,c4f90e05,2,s000211/s000213,s000211/e506501_10,,,,,,,,
botas,c4f90e05,3,s000211/s000214,s000211/e506501_10,,,,,,,,
botas,c5d0f38b,0,s001201/s001201,s001201/s040601_10,,,,,,,,
botas,c5d0f38b,1,s001201/s001202,s001201/s040601_10,,,,,,,,
botas,c5d0f38b,2,s001201/s001203,s001201/s040601_10,,,,,,,,
botas,c5d0f38b,3,s001201/s001204,s001201/s040601_10,,,,,,,,
botas,c6882b20,1,s001231/s001232,s001231/s112701_10,,,,,,,,
botas,c6bf7c87,0,e001301/e001301,e001301/e002801_10,,,,,,,,
botas,c6bf7c87,2,e001301/e001303,e001301/e002801_10,,,,,,,,
botas,c7254d9f,0,s000101/s000101,s000101/s045301_10,,,,,,,,
botas,c7254d9f,1,s000101/s000102,s000101/s045301_10,,,,,,,,
botas,c7254d9f,2,s000101/s000103,s000101/s045301_10,,,,,,,,
botas,c7254d9f,3,s000101/s000104,s000101/s045301_10,,,,,,,,
botas,c7678c9e,0,s000211/s000211,s000211/s031451_20,,,,,,,,
botas,c7678c9e,1,s000211/s000212,s000211/s031451_20,,,,,,,,
botas,c7678c9e,2,s000211/s000213,s000211/s031451_20,,,,,,,,
botas,c7678c9e,3,s000211/s000214,s000211/s031451_20,,,,,,,,
botas,c873c60b,0,s115601/s115601,s115601/s115601_10,,,,,,,,
botas,c873c60b,1,s115601/s115602,s115601/s115601_10,,,,,,,,
botas,c873c60b,2,s115601/s115603,s115601/s115601_10,,,,,,,,
botas,c873c60b,3,s115601/s115604,s115601/s115601_10,,,,,,,,
botas,c873c60b,4,s115611/s115611,s115611/s115611_10,,,,,,,,
botas,c873c60b,5,s115611/s115612,s115611/s115611_10,,,,,,,,
botas,c873c60b,6,s115611/s115613,s115611/s115611_10,,,,,,,,
botas,c873c60b,7,s115611/s115614,s115611/s115611_10,,,,,,,,
botas,c8e329a9,0,s021301/s021301,s021301/s020701_10,,,,,,,,
botas,c8e329a9,1,s021301/s021302,s021301/s020701_10,,,,,,,,
botas,c8e329a9,2,s021301/s021303,s021301/s020701_10,,,,,,,,
botas,c8e329a9,3,s021301/s021304,s021301/s020701_10,,,,,,,,
botas,c8e329a9,4,s000001/s000001,s000001/s000001,,,,,,,,
botas,c8e329a9,5,s000001/s000001,s000001/s000001,,,,,,,,
botas,c8e329a9,6,s000001/s000001,s000001/s000001,,,,,,,,
botas,c8e329a9,7,s000001/s000001,s000001/s000001,,,,,,,,
botas,c8f75d3a,0,s001211/s001211,s001211/e504101_10,,,,,,,,
botas,c8f75d3a,1,s001211/s001212,s001211/e504101_10,,,,,,,,
botas,c8f75d3a,2,s001211/s001213,s001211/e504101_10,,,,,,,,
botas,c8f75d3a,3,s001211/s001214,s001211/e504101_10,,,,,,,,
botas,c93a24ca,0,s001231/s001231,s001231/s110251_10,,,,,,,,
botas,c93a24ca,1,s001231/s001232,s001231/s110251_10,,,,,,,,
botas,c93a24ca,2,s001231/s001233,s001231/s110251_10,,,,,,,,
botas,c93a24ca,3,s001231/s001234,s001231/s110251_10,,,,,,,,
botas,c9dea0b4,0,s000101/s000101,s000101/s042201_10,,,,,,,,
botas,c9dea0b4,1,s000101/s000102,s000101/s042201_10,,,,,,,,
botas,c9dea0b4,2,s000101/s000103,s000101/s042201_10,,,,,,,,
botas,c9dea0b4,3,s000101/s000104,s000101/s042201_10,,,,,,,,
botas,ca02e32e,0,s000211/s000211,s000211/e501401_10,,,,,,,,
botas,ca02e32e,1,s000211/s000212,s000211/e501401_10,,,,,,,,
botas,ca02e32e,2,s000211/s000213,s000211/e501401_10,,,,,,,,
botas,ca02e32e,3,s000211/s000214,s000211/e501401_10,,,,,,,,
botas,ca3d55fd,0,s000111/s000111,s000111/s060401_10,,,,,,,,
botas,ca3d55fd,1,s000111/s000112,s000111/s060401_10,,,,,,,,
botas,ca3d55fd,2,s000111/s000113,s000111/s060401_10,,,,,,,,
botas,ca3d55fd,3,s000111/s000114,s000111/s060401_10,,,,,,,,
botas,ca86781f,0,s000201/s000201,s000201/s110301_10,,,,,,,,
botas,ca86781f,1,s000201/s000202,s000201/s110301_10,,,,,,,,
botas,ca86781f,2,s000201/s000203,s000201/s110301_10,,,,,,,,
botas,ca86781f,3,s000201/s000204,s000201/s110301_10,,,,,,,,
botas,cb5f757c,0,s001201/s001201,s001201/s020651_10,,,,,,,,
botas,cb5f757c,1,s001201/s001202,s001201/s020651_10,,,,,,,,
botas,cb5f757c,2,s001201/s001203,s001201/s020651_10,,,,,,,,
botas,cb5f757c,3,s001201/s001204,s001201/s020651_10,,,,,,,,
botas,cb8512f6,0,s020301/s020301,s020301/s020301_20,,,,,,,,
botas,cb8512f6,1,s020301/s020302,s020301/s020301_20,,,,,,,,
botas,cb8512f6,2,s020301/s020303,s020301/s020301_20,,,,,,,,
botas,cb8512f6,3,s020301/s020304,s020301/s020301_20,,,,,,,,
botas,ccddcd9b,0,s057601/s057601,s057601/s057601_10,,,,,,,,
botas,cd5d076a,3,e001601/e001604,e001601/e001601_10,,,,,,,,
botas,cd6a50cd,0,s000201/s000201,s000201/s111901_10,,,,,,,,
botas,cd6a50cd,1,s000201/s000202,s000201/s111901_10,,,,,,,,
botas,cd6a50cd,2,s000201/s000203,s000201/s111901_10,,,,,,,,
botas,cd6a50cd,3,s000201/s000204,s000201/s111901_10,,,,,,,,
botas,cdcb86c6,0,s000201/s000201,s000201/s070501_10,,,,,,,,
botas,cdcb86c6,1,s000201/s000202,s000201/s070501_10,,,,,,,,
botas,cdcb86c6,2,s000201/s000203,s000201/s070501_10,,,,,,,,
botas,cdcb86c6,3,s000201/s000204,s000201/s070501_10,,,,,,,,
botas,cedb6edc,2,s11010041/s11010041,s11010041/s11010041,,,,,,,,
botas,cf15fa92,0,s001101/s001101,s001101/s030601_10,,,,,,,,
botas,cf15fa92,1,s001101/s001102,s001101/s030601_10,,,,,,,,
botas,cf15fa92,2,s001101/s001103,s001101/s030601_10,,,,,,,,
botas,cf15fa92,3,s001101/s001104,s001101/s030601_10,,,,,,,,
botas,cf2877c4,0,s011001/s011001,s011001/s011001_30,,,,,,,,
botas,cf2877c4,1,s011001/s011002,s011001/s011001_30,,,,,,,,
botas,cf2877c4,2,s011001/s011003,s011001/s011001_30,,,,,,,,
botas,cf2877c4,3,s011001/s011004,s011001/s011001_30,,,,,,,,
botas,d0433141,0,s001231/s001231,s001231/s113301_20,,,,,,,,
botas,d0433141,1,s001231/s001232,s001231/s113301_20,,,,,,,,
botas,d0433141,2,s001231/s001233,s001231/s113301_20,,,,,,,,
botas,d0433141,3,s001231/s001234,s001231/s113301_20,,,,,,,,
botas,d05837d2,0,e001101/e001101,e001101/e001101_10,,,,,,,,
botas,d05837d2,1,e001101/e001102,e001101/e001101_10,,,,,,,,
botas,d0ceb67e,0,s001201/s001201,s001201/s070201_10,,,,,,,,
botas,d0ceb67e,1,s001201/s001202,s001201/s070201_10,,,,,,,,
botas,d0ceb67e,2,s001201/s001203,s001201/s070201_10,,,,,,,,
botas,d0ceb67e,3,s001201/s001204,s001201/s070201_10,,,,,,,,
botas,d0d44d97,0,s061901/s061901,s061901/s061901_10,,,,,,,,
botas,d0d44d97,1,s061901/s061902,s061901/s061901_10,,,,,,,,
botas,d0d44d97,2,s061901/s061903,s061901/s061901_10,,,,,,,,
botas,d0d44d97,3,s061901/s061904,s061901/s061901_10,,,,,,,,
botas,d17a9624,0,,s000101/s010101_10,,,,,,,,
botas,d1d8fd23,0,s057101/s057101,s057101/s057101_10,,,,,,,,
botas,d210ca2a,0,s000101/s000101,s000101/s030101_10,,,,,,,,
botas,d210ca2a,1,s000101/s000102,s000101/s030101_10,,,,,,,,
botas,d210ca2a,2,s000101/s000103,s000101/s030101_10,,,,,,,,
botas,d210ca2a,3,s000101/s000104,s000101/s030101_10,,,,,,,,
botas,d2ba24a2,4,s11500540/s11500540,s11500540/s11500540,,,,,,,,
botas,d3068177,0,s017201/s017201,s017201/s017201_10,,,,,,,,
botas,d43f1472,0,s001211/s001211,s001211/s110551_10,,,,,,,,
botas,d43f1472,1,s001211/s001212,s001211/s110551_10,,,,,,,,
botas,d43f1472,2,s001211/s001213,s001211/s110551_10,,,,,,,,
botas,d43f1472,3,s001211/s001214,s001211/s110551_10,,,,,,,,
botas,d576f6b3,0,s115101/s115101,s115101/s115101_10,,,,,,,,
botas,d576f6b3,1,s115101/s115102,s115101/s115101_10,,,,,,,,
botas,d576f6b3,2,s115101/s115103,s115101/s115101_10,,,,,,,,
botas,d576f6b3,3,s115101/s115104,s115101/s115101_10,,,,,,,,
botas,d576f6b3,4,s115111/s115111,s115111/s115111_10,,,,,,,,
botas,d576f6b3,5,s115111/s115112,s115111/s115111_10,,,,,,,,
botas,d576f6b3,6,s115111/s115113,s115111/s115111_10,,,,,,,,
botas,d576f6b3,7,s115111/s115114,s115111/s115111_10,,,,,,,,
botas,d65a45c4,0,s000001/s000001,s000001/s000001,,,,,,,,
botas,d65a45c4,1,s000001/s000001,s000001/s000001,,,,,,,,
botas,d65a45c4,2,s000001/s000001,s000001/s000001,,,,,,,,
botas,d65a45c4,3,s000001/s000001,s000001/s000001,,,,,,,,
botas,d7386545,0,s000111/s000111,s000111/s060301_10,,,,,,,,
botas,d7386545,1,s000111/s000112,s000111/s060301_10,,,,,,,,
botas,d7386545,2,s000111/s000113,s000111/s060301_10,,,,,,,,
botas,d7386545,3,s000111/s000114,s000111/s060301_10,,,,,,,,
botas,d767ccd9,0,s001101/s001101,s001101/s042451_10,,,,,,,,
botas,d767ccd9,1,s001101/s001102,s001101/s042451_10,,,,,,,,
botas,d767ccd9,2,s001101/s001103,s001101/s042451_10,,,,,,,,
botas,d767ccd9,3,s001101/s001104,s001101/s042451_10,,,,,,,,
botas,d78348a7,0,s000201/s000201,s000201/s110401_10,,,,,,,,
botas,d78348a7,1,s000201/s000202,s000201/s110401_10,,,,,,,,
botas,d78348a7,2,s000201/s000203,s000201/s110401_10,,,,,,,,
botas,d78348a7,3,s000201/s000204,s000201/s110401_10,,,,,,,,
botas,d7af1993,0,s002201/s002201,s002201/s112901_20,,,,,,,,
botas,d7af1993,1,s002201/s002202,s002201/s112901_20,,,,,,,,
botas,d7af1993,2,s002201/s002203,s002201/s112901_20,,,,,,,,
botas,d7af1993,3,s002201/s002204,s002201/s112901_20,,,,,,,,
botas,d7e76e41,0,s071401/s071401,s071401/s071401_11,,,,,,,,
botas,d7e76e41,1,s071401/s071402,s071401/s071401_11,,,,,,,,
botas,d7e76e41,2,s071401/s071403,s071401/s071401_11,,,,,,,,
botas,d7e76e41,3,s071401/s071404,s071401/s071401_11,,,,,,,,
botas,d8d5c333,0,s000101/s000101,s000101/s040101_10,,,,,,,,
botas,d8d5c333,1,s000101/s000102,s000101/s040101_10,,,,,,,,
botas,d8d5c333,2,s000101/s000103,s000101/s040101_10,,,,,,,,
botas,d8d5c333,3,s000101/s000104,s000101/s040101_10,,,,,,,,
botas,d98a4f62,0,s002201/s002201,s002201/s119001_10,,,,,,,,
botas,d98a4f62,1,s002201/s002202,s002201/s119001_10,,,,,,,,
botas,d98a4f62,2,s002201/s002203,s002201/s119001_10,,,,,,,,
botas,d98a4f62,3,s002201/s002204,s002201/s119001_10,,,,,,,,
botas,d99c21f2,0,s001101/s001101,s001101/s045551_10,,,,,,,,
botas,d99c21f2,1,s001101/s001102,s001101/s045551_10,,,,,,,,
botas,d99c21f2,2,s001101/s001103,s001101/s045551_10,,,,,,,,
botas,d99c21f2,3,s001101/s001104,s001101/s045551_10,,,,,,,,
botas,d9c3886e,0,s003101/s003101,s003101/s067101_10,,,,,,,,
botas,d9c3886e,1,s003101/s003102,s003101/s067101_10,,,,,,,,
botas,d9c3886e,2,s003101/s003103,s003101/s067101_10,,,,,,,,
botas,d9c3886e,3,s003101/s003104,s003101/s067101_10,,,,,,,,
botas,da207d27,0,s000101/s000101,s000101/s045401_10,,,,,,,,
botas,da207d27,1,s000101/s000102,s000101/s045401_10,,,,,,,,
botas,da207d27,2,s000101/s000103,s000101/s045401_10,,,,,,,,
botas,da207d27,3,s000101/s000104,s000101/s045401_10,,,,,,,,
botas,db1df43a,0,s003101/s003101,s003101/s027101_10,,,,,,,,
botas,db1df43a,1,s003101/s003102,s003101/s027101_10,,,,,,,,
botas,db1df43a,2,s003101/s003103,s003101/s027101_10,,,,,,,,
botas,db1df43a,3,s003101/s003104,s003101/s027101_10,,,,,,,,
botas,db8d1b98,0,s000201/s000201,s000201/s112001_10,,,,,,,,
botas,db8d1b98,1,s000201/s000202,s000201/s112001_10,,,,,,,,
botas,db8d1b98,2,s000201/s000203,s000201/s112001_10,,,,,,,,
botas,db8d1b98,3,s000201/s000204,s000201/s112001_10,,,,,,,,
botas,dc4d627e,0,s000201/s000201,s000201/s111701_20,,,,,,,,
botas,dc4d627e,1,s000201/s000202,s000201/s111701_20,,,,,,,,
botas,dc4d627e,2,s000201/s000203,s000201/s111701_20,,,,,,,,
botas,dc4d627e,3,s000201/s000204,s000201/s111701_20,,,,,,,,
botas,dd42f9db,0,s003101/s003101,s003101/s085101_10,,,,,,,,
botas,dd946f1d,0,s021251/s021251,s021251/s021251_20,,,,,,,,
botas,dd946f1d,1,s021251/s021252,s021251/s021251_20,,,,,,,,
botas,dd946f1d,2,s021251/s021253,s021251/s021251_20,,,,,,,,
botas,dd946f1d,3,s021251/s021254,s021251/s021251_20,,,,,,,,
botas,ddfd6c5c,0,s000101/s000101,s000101/s010301_10,,,,,,,,
botas,ddfd6c5c,1,s000101/s000102,s000101/s010301_10,,,,,,,,
botas,ddfd6c5c,2,s000101/s000103,s000101/s010301_10,,,,,,,,
botas,ddfd6c5c,3,s000101/s000104,s000101/s010301_10,,,,,,,,
botas,de413089,0,s000101/s000101,s000101/s010251_10,,,,,,,,
botas,de413089,1,s000101/s000102,s000101/s010251_10,,,,,,,,
botas,de413089,2,s000101/s000103,s000101/s010251_10,,,,,,,,
botas,de413089,3,s000101/s000104,s000101/s010251_10,,,,,,,,
botas,dfb747cf,0,s000201/s000201,s000201/s080401_10,,,,,,,,
botas,dfb747cf,1,s000201/s000202,s000201/s080401_10,,,,,,,,
botas,dfb747cf,2,s000201/s000203,s000201/s080401_10,,,,,,,,
botas,dfb747cf,3,s000201/s000204,s000201/s080401_10,,,,,,,,
botas,dff13eab,0,s001231/s001231,s001231/s111651_20,,,,,,,,
botas,dff13eab,1,s001231/s001232,s001231/s111651_20,,,,,,,,
botas,dff13eab,2,s001231/s001233,s001231/s111651_20,,,,,,,,
botas,dff13eab,3,s001231/s001234,s001231/s111651_20,,,,,,,,
botas,e026a8a8,0,s030191/s030191,s030191/s030191_10,,,,,,,,
botas,e1ab2bdc,0,s000201/s000201,s000201/s110301_20,,,,,,,,
botas,e1ab2bdc,1,s000201/s000202,s000201/s110301_20,,,,,,,,
botas,e1ab2bdc,2,s000201/s000203,s000201/s110301_20,,,,,,,,
botas,e1ab2bdc,3,s000201/s000204,s000201/s110301_20,,,,,,,,
botas,e1b02d4f,0,e000601/e000601,e000601/e002101_10,,,,,,,,
botas,e1b02d4f,2,e000601/e000603,e000601/e002101_10,,,,,,,,
botas,e2177709,0,s001231/s001231,s001231/s110251_20,,,,,,,,
botas,e2177709,1,s001231/s001232,s001231/s110251_20,,,,,,,,
botas,e2177709,2,s001231/s001233,s001231/s110251_20,,,,,,,,
botas,e2177709,3,s001231/s001234,s001231/s110251_20,,,,,,,,
botas,e2510e6d,0,s000201/s000201,s000201/s081001_10,,,,,,,,
botas,e2510e6d,1,s000201/s000202,s000201/s081001_10,,,,,,,,
botas,e2510e6d,2,s000201/s000203,s000201/s081001_10,,,,,,,,
botas,e2510e6d,3,s000201/s000204,s000201/s081001_10,,,,,,,,
botas,e2c559aa,0,s000101/s000101,s000101/s051401_10,,,,,,,,
botas,e2c559aa,1,s000101/s000102,s000101/s051401_10,,,,,,,,
botas,e2c559aa,2,s000101/s000103,s000101/s051401_10,,,,,,,,
botas,e2c559aa,3,s000101/s000104,s000101/s051401_10,,,,,,,,
botas,e3221c10,0,s000201/s000201,s000201/s110101_50,,,,,,,,
botas,e3221c10,1,s000201/s000202,s000201/s110101_50,,,,,,,,
botas,e3221c10,2,s000201/s000203,s000201/s110101_50,,,,,,,,
botas,e3221c10,3,s000201/s000204,s000201/s110101_50,,,,,,,,
botas,e3ce7a6a,0,s021301/s021301,s021301/s020701_20,,,,,,,,
botas,e3ce7a6a,1,s021301/s021302,s021301/s020701_20,,,,,,,,
botas,e3ce7a6a,2,s021301/s021303,s021301/s020701_20,,,,,,,,
botas,e3ce7a6a,3,s021301/s021304,s021301/s020701_20,,,,,,,,
botas,e3ce7a6a,4,s000001/s000001,s000001/s000001,,,,,,,,
botas,e3ce7a6a,5,s000001/s000001,s000001/s000001,,,,,,,,
botas,e3ce7a6a,6,s000001/s000001,s000001/s000001,,,,,,,,
botas,e3ce7a6a,7,s000001/s000001,s000001/s000001,,,,,,,,
botas,e46c06c0,0,s002201/s002201,s002201/s118401_10,,,,,,,,
botas,e46c06c0,1,s002201/s002202,s002201/s118401_10,,,,,,,,
botas,e46c06c0,2,s002201/s002203,s002201/s118401_10,,,,,,,,
botas,e46c06c0,3,s002201/s002204,s002201/s118401_10,,,,,,,,
botas,e5338a91,0,s041501/s041501,s041501/s041501_10,,,,,,,,
botas,e5338a91,1,s041501/s041502,s041501/s041501_10,,,,,,,,
botas,e5338a91,2,s041501/s041503,s041501/s041501_10,,,,,,,,
botas,e5338a91,3,s041501/s041504,s041501/s041501_10,,,,,,,,
botas,e5f63d1f,3,s11010071/s11010071,s11010071/s11010071,,,,,,,,
botas,e647030e,0,s000201/s000201,s000201/s111901_20,,,,,,,,
botas,e647030e,1,s000201/s000202,s000201/s111901_20,,,,,,,,
botas,e647030e,2,s000201/s000203,s000201/s111901_20,,,,,,,,
botas,e647030e,3,s000201/s000204,s000201/s111901_20,,,,,,,,
botas,e6efc90b,0,s002201/s002201,s002201/e502301_10,,,,,,,,
botas,e6efc90b,1,s002201/s002202,s002201/e502301_10,,,,,,,,
botas,e6efc90b,2,s002201/s002203,s002201/e502301_10,,,,,,,,
botas,e6efc90b,3,s002201/s002204,s002201/e502301_10,,,,,,,,
botas,e80050b3,0,s000201/s000201,s000201/s021401_10,,,,,,,,
botas,e80050b3,1,s000201/s000202,s000201/s021401_10,,,,,,,,
botas,e80050b3,2,s000201/s000203,s000201/s021401_10,,,,,,,,
botas,e80050b3,3,s000201/s000204,s000201/s021401_10,,,,,,,,
botas,e836fa6e,0,s001221/s001221,s001221/s032201_20,,,,,,,,
botas,e836fa6e,1,s001221/s001222,s001221/s032201_20,,,,,,,,
botas,e836fa6e,2,s001221/s001223,s001221/s032201_20,,,,,,,,
botas,e836fa6e,3,s001221/s001224,s001221/s032201_20,,,,,,,,
botas,e920b133,0,s003001/s003001,s003001/s015101_10,,,,,,,,
botas,e920b133,4,s015102/s015102,s015102/s015102_10,,,,,,,,
botas,e9d95dd0,0,s001201/s001201,s001201/s111151_10,,,,,,,,
botas,e9d95dd0,1,s001201/s001202,s001201/s111151_10,,,,,,,,
botas,e9d95dd0,2,s001201/s001203,s001201/s111151_10,,,,,,,,
botas,e9d95dd0,3,s001201/s001204,s001201/s111151_10,,,,,,,,
botas,ea650105,0,s001211/s001211,s001211/s111001_10,,,,,,,,
botas,ea650105,1,s001211/s001212,s001211/s111001_10,,,,,,,,
botas,ea650105,2,s001211/s001213,s001211/s111001_10,,,,,,,,
botas,ea650105,3,s001211/s001214,s001211/s111001_10,,,,,,,,
botas,eade2ce7,0,s002201/s002201,s002201/s061701_10,,,,,,,,
botas,eade2ce7,1,s002201/s002202,s002201/s061701_10,,,,,,,,
botas,eade2ce7,2,s002201/s002203,s002201/s061701_10,,,,,,,,
botas,eade2ce7,3,s002201/s002204,s002201/s061701_10,,,,,,,,
botas,ebbc0c66,0,s002201/s002201,s002201/s021551_10,,,,,,,,
botas,ebbc0c66,1,s002201/s002202,s002201/s021551_10,,,,,,,,
botas,ebbc0c66,2,s002201/s002203,s002201/s021551_10,,,,,,,,
botas,ebbc0c66,3,s002201/s002204,s002201/s021551_10,,,,,,,,
botas,ec4adf5d,0,s000211/s000211,s000211/s031451_10,,,,,,,,
botas,ec4adf5d,1,s000211/s000212,s000211/s031451_10,,,,,,,,
botas,ec4adf5d,2,s000211/s000213,s000211/s031451_10,,,,,,,,
botas,ec4adf5d,3,s000211/s000214,s000211/s031451_10,,,,,,,,
botas,ed28ffdc,0,s001221/s001221,s001221/s071601_10,,,,,,,,
botas,ed28ffdc,1,s001221/s001222,s001221/s071601_10,,,,,,,,
botas,ed28ffdc,2,s001221/s001223,s001221/s071601_10,,,,,,,,
botas,ed28ffdc,3,s001221/s001224,s001221/s071601_10,,,,,,,,
botas,edbe7e70,0,e000501/e000501,e000501/e000501_10,,,,,,,,
botas,edbe7e70,2,e000501/e000503,e000501/e000501_10,,,,,,,,
botas,ef70e39a,0,s030111/s030111,s030111/s030111_10,,,,,,,,
botas,ef86f9cc,2,s11010020/s11010020,s11010020/s11010020,,,,,,,,
botas,eff68388,0,s031501/s031501,s031501/s031501_10,,,,,,,,
botas,eff68388,1,s031501/s031502,s031501/s031501_10,,,,,,,,
botas,eff68388,2,s031501/s031503,s031501/s031501_10,,,,,,,,
botas,eff68388,3,s031501/s031504,s031501/s031501_10,,,,,,,,
botas,f02dcf64,0,s000201/s000201,s000201/s071101_10,,,,,,,,
botas,f02dcf64,1,s000201/s000202,s000201/s071101_10,,,,,,,,
botas,f02dcf64,2,s000201/s000203,s000201/s071101_10,,,,,,,,
botas,f02dcf64,3,s000201/s000204,s000201/s071101_10,,,,,,,,
botas,f0a0485b,0,s000201/s000201,s000201/s112001_20,,,,,,,,
botas,f0a0485b,1,s000201/s000202,s000201/s112001_20,,,,,,,,
botas,f0a0485b,2,s000201/s000203,s000201/s112001_20,,,,,,,,
botas,f0a0485b,3,s000201/s000204,s000201/s112001_20,,,,,,,,
botas,f14fe432,4,s11500870/s11500870,s11500870/s11500870,,,,,,,,
botas,f14fefe5,0,s000101/s000101,s000101/s031351_10,,,,,,,,
botas,f14fefe5,1,s000101/s000102,s000101/s031351_10,,,,,,,,
botas,f14fefe5,2,s000101/s000103,s000101/s031351_10,,,,,,,,
botas,f14fefe5,3,s000101/s000104,s000101/s031351_10,,,,,,,,
botas,f155140c,0,s001201/s001201,s001201/s020851_10,,,,,,,,
botas,f155140c,1,s001201/s001202,s001201/s020851_10,,,,,,,,
botas,f155140c,2,s001201/s001203,s001201/s020851_10,,,,,,,,
botas,f155140c,3,s001201/s001204,s001201/s020851_10,,,,,,,,
botas,f2d00b63,0,s051391/s051391,s051391/s051391_10,,,,,,,,
botas,f2d00b63,3,s051391/s051394,s051391/s051391_10,,,,,,,,
botas,f2e948d9,0,s001201/s001201,s001201/s020901_10,,,,,,,,
botas,f2e948d9,1,s001201/s001202,s001201/s020901_10,,,,,,,,
botas,f2e948d9,2,s001201/s001203,s001201/s020901_10,,,,,,,,
botas,f2e948d9,3,s001201/s001204,s001201/s020901_10,,,,,,,,
botas,f2f3b330,0,s000411/s000411,s000411/s031201_10,,,,,,,,
botas,f2f3b330,1,s000411/s000412,s000411/s031201_10,,,,,,,,
botas,f2f3b330,2,s000411/s000413,s000411/s031201_10,,,,,,,,
botas,f2f3b330,3,s000411/s000414,s000411/s031201_10,,,,,,,,
botas,f39193b1,0,s000211/s000211,s000211/s071051_10,,,,,,,,
botas,f39193b1,1,s000211/s000212,s000211/s071051_10,,,,,,,,
botas,f39193b1,2,s000211/s000213,s000211/s071051_10,,,,,,,,
botas,f39193b1,3,s000211/s000214,s000211/s071051_10,,,,,,,,
botas,f4dc6d68,0,s001231/s001231,s001231/s111651_10,,,,,,,,
botas,f4dc6d68,1,s001231/s001232,s001231/s111651_10,,,,,,,,
botas,f4dc6d68,2,s001231/s001233,s001231/s111651_10,,,,,,,,
botas,f4dc6d68,3,s001231/s001234,s001231/s111651_10,,,,,,,,
botas,f505600b,0,s021301/s021301,s021301/s021301_10,,,,,,,,
botas,f505600b,1,s021301/s021302,s021301/s021301_10,,,,,,,,
botas,f505600b,2,s021301/s021303,s021301/s021301_10,,,,,,,,
botas,f505600b,3,s021301/s021304,s021301/s021301_10,,,,,,,,
botas,f51f9be2,0,s000101/s000101,s000101/s030801_10,,,,,,,,
botas,f51f9be2,1,s000101/s000102,s000101/s030801_10,,,,,,,,
botas,f51f9be2,2,s000101/s000103,s000101/s030801_10,,,,,,,,
botas,f51f9be2,3,s000101/s000104,s000101/s030801_10,,,,,,,,
botas,f69dc88d,2,s11010030/s11010030,s11010030/s11010030,,,,,,,,
botas,f6b93cde,0,s021251/s021251,s021251/s021251_10,,,,,,,,
botas,f6b93cde,1,s021251/s021252,s021251/s021251_10,,,,,,,,
botas,f6b93cde,2,s021251/s021253,s021251/s021251_10,,,,,,,,
botas,f6b93cde,3,s021251/s021254,s021251/s021251_10,,,,,,,,
botas,f757661a,0,e001801/e001801,e001801/e001801_10,,,,,,,,
botas,f757661a,2,e001801/e001803,e001801/e001801_10,,,,,,,,
botas,f757661a,3,e001801/e001804,e001801/e001801_10,,,,,,,,
botas,f76031bd,0,s000201/s000201,s000201/s111701_10,,,,,,,,
botas,f76031bd,1,s000201/s000202,s000201/s111701_10,,,,,,,,
botas,f76031bd,2,s000201/s000203,s000201/s111701_10,,,,,,,,
botas,f76031bd,3,s000201/s000204,s000201/s111701_10,,,,,,,,
botas,f82c41c0,0,s002201/s002201,s002201/s050901_10,,,,,,,,
botas,f82c41c0,1,s002201/s002202,s002201/s050901_10,,,,,,,,
botas,f82c41c0,2,s002201/s002203,s002201/s050901_10,,,,,,,,
botas,f82c41c0,3,s002201/s002204,s002201/s050901_10,,,,,,,,
botas,f836ba29,0,s001101/s001101,s001101/s041201_10,,,,,,,,
botas,f836ba29,1,s001101/s001102,s001101/s041201_10,,,,,,,,
botas,f836ba29,2,s001101/s001103,s001101/s041201_10,,,,,,,,
botas,f836ba29,3,s001101/s001104,s001101/s041201_10,,,,,,,,
botas,f91dbc84,0,s117211/s117211,s117211/s117211_10,,,,,,,,
botas,f91dbc84,1,s117211/s117212,s117211/s117211_10,,,,,,,,
botas,f91dbc84,2,s117211/s117213,s117211/s117211_10,,,,,,,,
botas,f91dbc84,3,s117211/s117214,s117211/s117211_10,,,,,,,,
botas,fa6d086b,0,s020301/s020301,s020301/s020301_10,,,,,,,,
botas,fa6d086b,1,s020301/s020302,s020301/s020301_10,,,,,,,,
botas,fa6d086b,2,s020301/s020303,s020301/s020301_10,,,,,,,,
botas,fa6d086b,3,s020301/s020304,s020301/s020301_10,,,,,,,,
botas,fb306c63,0,s06031720/s06031720,s06031720/s06031720,,,,,,,,
botas,fb6e6282,0,s001231/s001231,s001231/s113301_10,,,,,,,,
botas,fb6e6282,1,s001231/s001232,s001231/s113301_10,,,,,,,,
botas,fb6e6282,2,s001231/s001233,s001231/s113301_10,,,,,,,,
botas,fb6e6282,3,s001231/s001234,s001231/s113301_10,,,,,,,,
botas,fb8ae6fc,0,s030191/s030191,s030191/s041351_10,,,,,,,,
botas,fb8ae6fc,1,s030191/s030192,s030191/s041351_10,,,,,,,,
botas,fb8ae6fc,2,s030191/s030193,s030191/s041351_10,,,,,,,,
botas,fb8ae6fc,3,s030191/s030194,s030191/s041351_10,,,,,,,,
botas,fc824a50,0,s002201/s002201,s002201/s112901_10,,,,,,,,
botas,fc824a50,1,s002201/s002202,s002201/s112901_10,,,,,,,,
botas,fc824a50,2,s002201/s002203,s002201/s112901_10,,,,,,,,
botas,fc824a50,3,s002201/s002204,s002201/s112901_10,,,,,,,,
botas,fcb51df7,0,e001101/e001101,e001101/e002601_10,,,,,,,,
botas,fcb51df7,1,e001101/e001102,e001101/e002601_10,,,,,,,,
botas,fd1e1546,0,s011001/s011001,s011001/s011001_10,,,,,,,,
botas,fd1e1546,1,s011001/s011002,s011001/s011001_10,,,,,,,,
botas,fd1e1546,2,s011001/s011003,s011001/s011001_10,,,,,,,,
botas,fd1e1546,3,s011001/s011004,s011001/s011001_10,,,,,,,,
botas,fd771607,0,s000001/s000001,s000001/s000001,,,,,,,,
botas,fd771607,1,s000001/s000001,s000001/s000001,,,,,,,,
botas,fd771607,2,s000001/s000001,s000001/s000001,,,,,,,,
botas,fd771607,3,s000001/s000001,s000001/s000001,,,,,,,,
botas,ff1247b1,0,s001211/s001211,s001211/s110551_20,,,,,,,,
botas,ff1247b1,1,s001211/s001212,s001211/s110551_20,,,,,,,,
botas,ff1247b1,2,s001211/s001213,s001211/s110551_20,,,,,,,,
botas,ff1247b1,3,s001211/s001214,s001211/s110551_20,,,,,,,,
botas,ffc06912,0,s002201/s002201,s002201/s051301_10,,,,,,,,
botas,ffc06912,1,s002201/s002202,s002201/s051301_10,,,,,,,,
botas,ffc06912,2,s002201/s002203,s002201/s051301_10,,,,,,,,
botas,ffc06912,3,s002201/s002204,s002201/s051301_10,,,,,,,,
botas,ffda92fb,0,s000111/s000111,s000111/s040801_10,,,,,,,,
botas,ffda92fb,1,s000111/s000112,s000111/s040801_10,,,,,,,,
botas,ffda92fb,2,s000111/s000113,s000111/s040801_10,,,,,,,,
botas,ffda92fb,3,s000111/s000114,s000111/s040801_10,,,,,,,,
guantes,002a78a6,0,g000201/g000201,g000201/g041401_10,,,,,,,,
guantes,002a78a6,1,g000201/g000202,g000201/g041401_10,,,,,,,,
guantes,002a78a6,2,g000201/g000203,g000201/g041401_10,,,,,,,,
guantes,002a78a6,3,g000201/g000204,g000201/g041401_10,,,,,,,,
guantes,01215b66,0,g000201/g000201,g000201/g030701_20,,,,,,,,
guantes,01215b66,1,g000201/g000202,g000201/g030701_20,,,,,,,,
guantes,01215b66,2,g000201/g000203,g000201/g030701_20,,,,,,,,
guantes,01215b66,3,g000201/g000204,g000201/g030701_20,,,,,,,,
guantes,035ef139,0,g000201/g000201,g000201/g111801_20,,,,,,,,
guantes,035ef139,1,g000201/g000202,g000201/g111801_20,,,,,,,,
guantes,035ef139,2,g000201/g000203,g000201/g111801_20,,,,,,,,
guantes,035ef139,3,g000201/g000204,g000201/g111801_20,,,,,,,,
guantes,03ff2732,0,g000301/g000301,g000301/g070401_20,,,,,,,,
guantes,03ff2732,1,g000301/g000302,g000301/g070401_20,,,,,,,,
guantes,03ff2732,2,g000301/g000303,g000301/g070401_20,,,,,,,,
guantes,03ff2732,3,g000301/g000304,g000301/g070401_20,,,,,,,,
guantes,04b2d9eb,0,g000201/g000201,g000201/g110201_20,,,,,,,,
guantes,04b2d9eb,1,g000201/g000202,g000201/g110201_20,,,,,,,,
guantes,04b2d9eb,2,g000201/g000203,g000201/g110201_20,,,,,,,,
guantes,04b2d9eb,3,g000201/g000204,g000201/g110201_20,,,,,,,,
guantes,06d7885d,0,g000201/g000201,g000201/g020601_20,,,,,,,,
guantes,06d7885d,1,g000201/g000202,g000201/g020601_20,,,,,,,,
guantes,06d7885d,2,g000201/g000203,g000201/g020601_20,,,,,,,,
guantes,06d7885d,3,g000201/g000204,g000201/g020601_20,,,,,,,,
guantes,0748fc5a,0,g000201/g000201,g000201/g081101_10,,,,,,,,
guantes,0748fc5a,1,g000201/g000202,g000201/g081101_10,,,,,,,,
guantes,0748fc5a,2,g000201/g000203,g000201/g081101_10,,,,,,,,
guantes,0748fc5a,3,g000201/g000204,g000201/g081101_10,,,,,,,,
guantes,07dcab9d,0,g000201/g000201,g000201/g051501_10,,,,,,,,
guantes,07dcab9d,1,g000201/g000202,g000201/g051501_10,,,,,,,,
guantes,07dcab9d,2,g000201/g000203,g000201/g051501_10,,,,,,,,
guantes,07dcab9d,3,g000201/g000204,g000201/g051501_10,,,,,,,,
guantes,08310deb,0,g000401/g000401,g000401/g071701_10,,,,,,,,
guantes,08310deb,1,g000401/g000402,g000401/g071701_10,,,,,,,,
guantes,08310deb,2,g000401/g000403,g000401/g071701_10,,,,,,,,
guantes,08310deb,3,g000401/g000404,g000401/g071701_10,,,,,,,,
guantes,0911ec6b,0,g000201/g000201,g000201/g045201_20,,,,,,,,
guantes,0911ec6b,1,g000201/g000202,g000201/g045201_20,,,,,,,,
guantes,0911ec6b,2,g000201/g000203,g000201/g045201_20,,,,,,,,
guantes,0911ec6b,3,g000201/g000204,g000201/g045201_20,,,,,,,,
guantes,0aef71bf,0,g000201/g000201,g000201/g031401_10,,,,,,,,
guantes,0aef71bf,1,g000201/g000202,g000201/g031401_10,,,,,,,,
guantes,0aef71bf,2,g000201/g000203,g000201/g031401_10,,,,,,,,
guantes,0aef71bf,3,g000201/g000204,g000201/g031401_10,,,,,,,,
guantes,0be4527f,0,g000201/g000201,g000201/g040701_20,,,,,,,,
guantes,0be4527f,1,g000201/g000202,g000201/g040701_20,,,,,,,,
guantes,0be4527f,2,g000201/g000203,g000201/g040701_20,,,,,,,,
guantes,0be4527f,3,g000201/g000204,g000201/g040701_20,,,,,,,,
guantes,0c86d683,0,g000301/g000301,g000301/g080201_20,,,,,,,,
guantes,0c86d683,1,g000301/g000302,g000301/g080201_20,,,,,,,,
guantes,0c86d683,2,g000301/g000303,g000301/g080201_20,,,,,,,,
guantes,0c86d683,3,g000301/g000304,g000301/g080201_20,,,,,,,,
guantes,0d19a284,0,g000201/g000201,g000201/g021501_10,,,,,,,,
guantes,0d19a284,1,g000201/g000202,g000201/g021501_10,,,,,,,,
guantes,0d19a284,2,g000201/g000203,g000201/g021501_10,,,,,,,,
guantes,0d19a284,3,g000201/g000204,g000201/g021501_10,,,,,,,,
guantes,0d2f0859,0,g000201/g000201,g000201/g032301_20,,,,,,,,
guantes,0d2f0859,1,g000201/g000202,g000201/g032301_20,,,,,,,,
guantes,0d2f0859,2,g000201/g000203,g000201/g032301_20,,,,,,,,
guantes,0d2f0859,3,g000201/g000204,g000201/g032301_20,,,,,,,,
guantes,0eccfd10,0,g000201/g000201,g000201/g010501_20,,,,,,,,
guantes,0eccfd10,1,g000201/g000202,g000201/g010501_20,,,,,,,,
guantes,0eccfd10,2,g000201/g000203,g000201/g010501_20,,,,,,,,
guantes,0eccfd10,3,g000201/g000204,g000201/g010501_20,,,,,,,,
guantes,0f7cf332,0,g000201/g000201,g000201/g111101_10,,,,,,,,
guantes,0f7cf332,1,g000201/g000202,g000201/g111101_10,,,,,,,,
guantes,0f7cf332,2,g000201/g000203,g000201/g111101_10,,,,,,,,
guantes,0f7cf332,3,g000201/g000204,g000201/g111101_10,,,,,,,,
guantes,0fc7ded0,0,g000301/g000301,g000301/g061601_10,,,,,,,,
guantes,0fc7ded0,1,g000301/g000302,g000301/g061601_10,,,,,,,,
guantes,0fc7ded0,2,g000301/g000303,g000301/g061601_10,,,,,,,,
guantes,0fc7ded0,3,g000301/g000304,g000301/g061601_10,,,,,,,,
guantes,100669d5,0,g000201/g000201,g000201/g030901_10,,,,,,,,
guantes,100669d5,1,g000201/g000202,g000201/g030901_10,,,,,,,,
guantes,100669d5,2,g000201/g000203,g000201/g030901_10,,,,,,,,
guantes,100669d5,3,g000201/g000204,g000201/g030901_10,,,,,,,,
guantes,101c923c,0,g000201/g000201,g000201/g021201_10,,,,,,,,
guantes,101c923c,1,g000201/g000202,g000201/g021201_10,,,,,,,,
guantes,101c923c,2,g000201/g000203,g000201/g021201_10,,,,,,,,
guantes,101c923c,3,g000201/g000204,g000201/g021201_10,,,,,,,,
guantes,1183e63b,0,g000201/g000201,g000201/g080501_20,,,,,,,,
guantes,1183e63b,1,g000201/g000202,g000201/g080501_20,,,,,,,,
guantes,1183e63b,2,g000201/g000203,g000201/g080501_20,,,,,,,,
guantes,1183e63b,3,g000201/g000204,g000201/g080501_20,,,,,,,,
guantes,1279c38a,0,g000201/g000201,g000201/g111601_10,,,,,,,,
guantes,1279c38a,1,g000201/g000202,g000201/g111601_10,,,,,,,,
guantes,1279c38a,2,g000201/g000203,g000201/g111601_10,,,,,,,,
guantes,1279c38a,3,g000201/g000204,g000201/g111601_10,,,,,,,,
guantes,12c2ee68,0,g000301/g000301,g000301/g061101_10,,,,,,,,
guantes,12c2ee68,1,g000301/g000302,g000301/g061101_10,,,,,,,,
guantes,12c2ee68,2,g000301/g000303,g000301/g061101_10,,,,,,,,
guantes,12c2ee68,3,g000301/g000304,g000301/g061101_10,,,,,,,,
guantes,13c9cda8,0,g000201/g000201,g000201/g010201_20,,,,,,,,
guantes,13c9cda8,1,g000201/g000202,g000201/g010201_20,,,,,,,,
guantes,13c9cda8,2,g000201/g000203,g000201/g010201_20,,,,,,,,
guantes,13c9cda8,3,g000201/g000204,g000201/g010201_20,,,,,,,,
guantes,1414dcd3,0,g000201/g000201,g000201/g045501_20,,,,,,,,
guantes,1414dcd3,1,g000201/g000202,g000201/g045501_20,,,,,,,,
guantes,1414dcd3,2,g000201/g000203,g000201/g045501_20,,,,,,,,
guantes,1414dcd3,3,g000201/g000204,g000201/g045501_20,,,,,,,,
guantes,15343d53,0,g000201/g000201,g000201/g071001_10,,,,,,,,
guantes,15343d53,1,g000201/g000202,g000201/g071001_10,,,,,,,,
guantes,15343d53,2,g000201/g000203,g000201/g071001_10,,,,,,,,
guantes,15343d53,3,g000201/g000204,g000201/g071001_10,,,,,,,,
guantes,15b9ba6c,0,g112101/g112101,g112101/g112101_20,,,,,,,,
guantes,15b9ba6c,1,g112101/g112102,g112101/g112101_20,,,,,,,,
guantes,15b9ba6c,2,g112101/g112103,g112101/g112101_20,,,,,,,,
guantes,15b9ba6c,3,g112101/g112104,g112101/g112101_20,,,,,,,,
guantes,174c0478,0,g000201/g000201,g000201/g117401_20,,,,,,,,
guantes,174c0478,1,g000201/g000202,g000201/g117401_20,,,,,,,,
guantes,174c0478,2,g000201/g000203,g000201/g117401_20,,,,,,,,
guantes,174c0478,3,g000201/g000204,g000201/g117401_20,,,,,,,,
guantes,17beee96,0,g000201/g000201,g000201/g119101_20,,,,,,,,
guantes,17beee96,1,g000201/g000202,g000201/g119101_20,,,,,,,,
guantes,17beee96,2,g000201/g000203,g000201/g119101_20,,,,,,,,
guantes,17beee96,3,g000201/g000204,g000201/g119101_20,,,,,,,,
guantes,17ea4107,0,g000201/g000201,g000201/g031301_10,,,,,,,,
guantes,17ea4107,1,g000201/g000202,g000201/g031301_10,,,,,,,,
guantes,17ea4107,2,g000201/g000203,g000201/g031301_10,,,,,,,,
guantes,17ea4107,3,g000201/g000204,g000201/g031301_10,,,,,,,,
guantes,17f0baee,0,g000201/g000201,g000201/g020801_10,,,,,,,,
guantes,17f0baee,1,g000201/g000202,g000201/g020801_10,,,,,,,,
guantes,17f0baee,2,g000201/g000203,g000201/g020801_10,,,,,,,,
guantes,17f0baee,3,g000201/g000204,g000201/g020801_10,,,,,,,,
guantes,1807e771,0,g000201/g000201,g000201/g011101_10,,,,,,,,
guantes,1807e771,1,g000201/g000202,g000201/g011101_10,,,,,,,,
guantes,1807e771,2,g000201/g000203,g000201/g011101_10,,,,,,,,
guantes,1807e771,3,g000201/g000204,g000201/g011101_10,,,,,,,,
guantes,199bb867,0,g000201/g000201,g000201/g112801_10,,,,,,,,
guantes,199bb867,1,g000201/g000202,g000201/g112801_10,,,,,,,,
guantes,199bb867,2,g000201/g000203,g000201/g112801_10,,,,,,,,
guantes,199bb867,3,g000201/g000204,g000201/g112801_10,,,,,,,,
guantes,19b7e953,0,g000201/g000201,g000201/g110501_20,,,,,,,,
guantes,19b7e953,1,g000201/g000202,g000201/g110501_20,,,,,,,,
guantes,19b7e953,2,g000201/g000203,g000201/g110501_20,,,,,,,,
guantes,19b7e953,3,g000201/g000204,g000201/g110501_20,,,,,,,,
guantes,1ac360cc,0,g000201/g000201,g000201/g040901_10,,,,,,,,
guantes,1ac360cc,1,g000201/g000202,g000201/g040901_10,,,,,,,,
guantes,1ac360cc,2,g000201/g000203,g000201/g040901_10,,,,,,,,
guantes,1ac360cc,3,g000201/g000204,g000201/g040901_10,,,,,,,,
guantes,1ad99b25,0,g000401/g000401,g000401/g051201_10,,,,,,,,
guantes,1ad99b25,1,g000401/g000402,g000401/g051201_10,,,,,,,,
guantes,1ad99b25,2,g000401/g000403,g000401/g051201_10,,,,,,,,
guantes,1ad99b25,3,g000401/g000404,g000401/g051201_10,,,,,,,,
guantes,1aef31f8,0,g000201/g000201,g000201/g042401_20,,,,,,,,
guantes,1aef31f8,1,g000201/g000202,g000201/g042401_20,,,,,,,,
guantes,1aef31f8,2,g000201/g000203,g000201/g042401_20,,,,,,,,
guantes,1aef31f8,3,g000201/g000204,g000201/g042401_20,,,,,,,,
guantes,1bd2b8e5,0,g000201/g000201,g000201/g020101_20,,,,,,,,
guantes,1bd2b8e5,1,g000201/g000202,g000201/g020101_20,,,,,,,,
guantes,1bd2b8e5,2,g000201/g000203,g000201/g020101_20,,,,,,,,
guantes,1bd2b8e5,3,g000201/g000204,g000201/g020101_20,,,,,,,,
guantes,1d2f481e,0,g000201/g000201,g000201/g041301_10,,,,,,,,
guantes,1d2f481e,1,g000201/g000202,g000201/g041301_10,,,,,,,,
guantes,1d2f481e,2,g000201/g000203,g000201/g041301_10,,,,,,,,
guantes,1d2f481e,3,g000201/g000204,g000201/g041301_10,,,,,,,,
guantes,1e7790b5,0,g000201/g000201,g000201/g113201_10,,,,,,,,
guantes,1e7790b5,1,g000201/g000202,g000201/g113201_10,,,,,,,,
guantes,1e7790b5,2,g000201/g000203,g000201/g113201_10,,,,,,,,
guantes,1e7790b5,3,g000201/g000204,g000201/g113201_10,,,,,,,,
guantes,1efa178a,0,g000201/g000201,g000201/g070301_20,,,,,,,,
guantes,1efa178a,1,g000201/g000202,g000201/g070301_20,,,,,,,,
guantes,1efa178a,2,g000201/g000203,g000201/g070301_20,,,,,,,,
guantes,1efa178a,3,g000201/g000204,g000201/g070301_20,,,,,,,,
guantes,20c901bc,0,g000201/g000201,g000201/g040701_10,,,,,,,,
guantes,20c901bc,1,g000201/g000202,g000201/g040701_10,,,,,,,,
guantes,20c901bc,2,g000201/g000203,g000201/g040701_10,,,,,,,,
guantes,20c901bc,3,g000201/g000204,g000201/g040701_10,,,,,,,,
guantes,21c2227c,0,g000201/g000201,g000201/g031401_20,,,,,,,,
guantes,21c2227c,1,g000201/g000202,g000201/g031401_20,,,,,,,,
guantes,21c2227c,2,g000201/g000203,g000201/g031401_20,,,,,,,,
guantes,21c2227c,3,g000201/g000204,g000201/g031401_20,,,,,,,,
guantes,223cbfa8,0,g000201/g000201,g000201/g045201_10,,,,,,,,
guantes,223cbfa8,1,g000201/g000202,g000201/g045201_10,,,,,,,,
guantes,223cbfa8,2,g000201/g000203,g000201/g045201_10,,,,,,,,
guantes,223cbfa8,3,g000201/g000204,g000201/g045201_10,,,,,,,,
guantes,231c5e28,0,g000401/g000401,g000401/g071701_20,,,,,,,,
guantes,231c5e28,1,g000401/g000402,g000401/g071701_20,,,,,,,,
guantes,231c5e28,2,g000401/g000403,g000401/g071701_20,,,,,,,,
guantes,231c5e28,3,g000401/g000404,g000401/g071701_20,,,,,,,,
guantes,2451a0f1,0,g000201/g000201,g000201/g111101_20,,,,,,,,
guantes,2451a0f1,1,g000201/g000202,g000201/g111101_20,,,,,,,,
guantes,2451a0f1,2,g000201/g000203,g000201/g111101_20,,,,,,,,
guantes,2451a0f1,3,g000201/g000204,g000201/g111101_20,,,,,,,,
guantes,25e1aed3,0,g000201/g000201,g000201/g010501_10,,,,,,,,
guantes,25e1aed3,1,g000201/g000202,g000201/g010501_10,,,,,,,,
guantes,25e1aed3,2,g000201/g000203,g000201/g010501_10,,,,,,,,
guantes,25e1aed3,3,g000201/g000204,g000201/g010501_10,,,,,,,,
guantes,26025b9a,0,g000201/g000201,g000201/g032301_10,,,,,,,,
guantes,26025b9a,1,g000201/g000202,g000201/g032301_10,,,,,,,,
guantes,26025b9a,2,g000201/g000203,g000201/g032301_10,,,,,,,,
guantes,26025b9a,3,g000201/g000204,g000201/g032301_10,,,,,,,,
guantes,273fd287,0,g000301/g000301,g000301/g050601_10,,,,,,,,
guantes,273fd287,1,g000301/g000302,g000301/g050601_10,,,,,,,,
guantes,273fd287,2,g000301/g000303,g000301/g050601_10,,,,,,,,
guantes,273fd287,3,g000301/g000304,g000301/g050601_10,,,,,,,,
guantes,27ab8540,0,g000301/g000301,g000301/g080201_10,,,,,,,,
guantes,27ab8540,1,g000301/g000302,g000301/g080201_10,,,,,,,,
guantes,27ab8540,2,g000301/g000303,g000301/g080201_10,,,,,,,,
guantes,27ab8540,3,g000301/g000304,g000301/g080201_10,,,,,,,,
guantes,2873a2fa,0,g000201/g000201,g000201/g111801_10,,,,,,,,
guantes,2873a2fa,1,g000201/g000202,g000201/g111801_10,,,,,,,,
guantes,2873a2fa,2,g000201/g000203,g000201/g111801_10,,,,,,,,
guantes,2873a2fa,3,g000201/g000204,g000201/g111801_10,,,,,,,,
guantes,28d274f1,0,g000301/g000301,g000301/g070401_10,,,,,,,,
guantes,28d274f1,1,g000301/g000302,g000301/g070401_10,,,,,,,,
guantes,28d274f1,2,g000301/g000303,g000301/g070401_10,,,,,,,,
guantes,28d274f1,3,g000301/g000304,g000301/g070401_10,,,,,,,,
guantes,2a0c08a5,0,g000201/g000201,g000201/g030701_10,,,,,,,,
guantes,2a0c08a5,1,g000201/g000202,g000201/g030701_10,,,,,,,,
guantes,2a0c08a5,2,g000201/g000203,g000201/g030701_10,,,,,,,,
guantes,2a0c08a5,3,g000201/g000204,g000201/g030701_10,,,,,,,,
guantes,2b072b65,0,g000201/g000201,g000201/g041401_20,,,,,,,,
guantes,2b072b65,1,g000201/g000202,g000201/g041401_20,,,,,,,,
guantes,2b072b65,2,g000201/g000203,g000201/g041401_20,,,,,,,,
guantes,2b072b65,3,g000201/g000204,g000201/g041401_20,,,,,,,,
guantes,2c65af99,0,g000201/g000201,g000201/g081101_20,,,,,,,,
guantes,2c65af99,1,g000201/g000202,g000201/g081101_20,,,,,,,,
guantes,2c65af99,2,g000201/g000203,g000201/g081101_20,,,,,,,,
guantes,2c65af99,3,g000201/g000204,g000201/g081101_20,,,,,,,,
guantes,2cfe39c6,0,g000001/g000001,g000001/g000001,,,,,,,,
guantes,2cfe39c6,1,g000001/g000001,g000001/g000001,,,,,,,,
guantes,2cfe39c6,2,g000001/g000001,g000001/g000001,,,,,,,,
guantes,2cfe39c6,3,g000001/g000001,g000001/g000001,,,,,,,,
guantes,2dfadb9e,0,g000201/g000201,g000201/g020601_10,,,,,,,,
guantes,2dfadb9e,1,g000201/g000202,g000201/g020601_10,,,,,,,,
guantes,2dfadb9e,2,g000201/g000203,g000201/g020601_10,,,,,,,,
guantes,2dfadb9e,3,g000201/g000204,g000201/g020601_10,,,,,,,,
guantes,2f24a7ca,0,g000201/g000201,g000201/g060501_10,,,,,,,,
guantes,2f24a7ca,1,g000201/g000202,g000201/g060501_10,,,,,,,,
guantes,2f24a7ca,2,g000201/g000203,g000201/g060501_10,,,,,,,,
guantes,2f24a7ca,3,g000201/g000204,g000201/g060501_10,,,,,,,,
guantes,2f9f8a28,0,g000201/g000201,g000201/g110201_10,,,,,,,,
guantes,2f9f8a28,1,g000201/g000202,g000201/g110201_10,,,,,,,,
guantes,2f9f8a28,2,g000201/g000203,g000201/g110201_10,,,,,,,,
guantes,2f9f8a28,3,g000201/g000204,g000201/g110201_10,,,,,,,,
guantes,30ffeb26,0,g000201/g000201,g000201/g020101_10,,,,,,,,
guantes,30ffeb26,1,g000201/g000202,g000201/g020101_10,,,,,,,,
guantes,30ffeb26,2,g000201/g000203,g000201/g020101_10,,,,,,,,
guantes,30ffeb26,3,g000201/g000204,g000201/g020101_10,,,,,,,,
guantes,31c2623b,0,g000201/g000201,g000201/g042401_10,,,,,,,,
guantes,31c2623b,1,g000201/g000202,g000201/g042401_10,,,,,,,,
guantes,31c2623b,2,g000201/g000203,g000201/g042401_10,,,,,,,,
guantes,31c2623b,3,g000201/g000204,g000201/g042401_10,,,,,,,,
guantes,31ee330f,0,g000201/g000201,g000201/g040901_20,,,,,,,,
guantes,31ee330f,1,g000201/g000202,g000201/g040901_20,,,,,,,,
guantes,31ee330f,2,g000201/g000203,g000201/g040901_20,,,,,,,,
guantes,31ee330f,3,g000201/g000204,g000201/g040901_20,,,,,,,,
guantes,32219772,0,g000401/g000401,g000401/g060201_10,,,,,,,,
guantes,32219772,1,g000401/g000402,g000401/g060201_10,,,,,,,,
guantes,32219772,2,g000401/g000403,g000401/g060201_10,,,,,,,,
guantes,32219772,3,g000401/g000404,g000401/g060201_10,,,,,,,,
guantes,329aba90,0,g000201/g000201,g000201/g110501_10,,,,,,,,
guantes,329aba90,1,g000201/g000202,g000201/g110501_10,,,,,,,,
guantes,329aba90,2,g000201/g000203,g000201/g110501_10,,,,,,,,
guantes,329aba90,3,g000201/g000204,g000201/g110501_10,,,,,,,,
guantes,332ab4b2,0,g000201/g000201,g000201/g011101_20,,,,,,,,
guantes,332ab4b2,1,g000201/g000202,g000201/g011101_20,,,,,,,,
guantes,332ab4b2,2,g000201/g000203,g000201/g011101_20,,,,,,,,
guantes,332ab4b2,3,g000201/g000204,g000201/g011101_20,,,,,,,,
guantes,35cdbfa0,0,g000301/g000301,g000301/g061801_10,,,,,,,,
guantes,35cdbfa0,1,g000301/g000302,g000301/g061801_10,,,,,,,,
guantes,35cdbfa0,2,g000301/g000303,g000301/g061801_10,,,,,,,,
guantes,35cdbfa0,3,g000301/g000304,g000301/g061801_10,,,,,,,,
guantes,35d74449,0,g000201/g000201,g000201/g070301_10,,,,,,,,
guantes,35d74449,1,g000201/g000202,g000201/g070301_10,,,,,,,,
guantes,35d74449,2,g000201/g000203,g000201/g070301_10,,,,,,,,
guantes,35d74449,3,g000201/g000204,g000201/g070301_10,,,,,,,,
guantes,38e49e6b,0,g000201/g000201,g000201/g010201_10,,,,,,,,
guantes,38e49e6b,1,g000201/g000202,g000201/g010201_10,,,,,,,,
guantes,38e49e6b,2,g000201/g000203,g000201/g010201_10,,,,,,,,
guantes,38e49e6b,3,g000201/g000204,g000201/g010201_10,,,,,,,,
guantes,39549049,0,g000201/g000201,g000201/g111601_20,,,,,,,,
guantes,39549049,1,g000201/g000202,g000201/g111601_20,,,,,,,,
guantes,39549049,2,g000201/g000203,g000201/g111601_20,,,,,,,,
guantes,39549049,3,g000201/g000204,g000201/g111601_20,,,,,,,,
guantes,3a3ae23f,0,g000301/g000301,g000301/g050101_10,,,,,,,,
guantes,3a3ae23f,1,g000301/g000302,g000301/g050101_10,,,,,,,,
guantes,3a3ae23f,2,g000301/g000303,g000301/g050101_10,,,,,,,,
guantes,3a3ae23f,3,g000301/g000304,g000301/g050101_10,,,,,,,,
guantes,3aaeb5f8,0,g000201/g000201,g000201/g080501_10,,,,,,,,
guantes,3aaeb5f8,1,g000201/g000202,g000201/g080501_10,,,,,,,,
guantes,3aaeb5f8,2,g000201/g000203,g000201/g080501_10,,,,,,,,
guantes,3aaeb5f8,3,g000201/g000204,g000201/g080501_10,,,,,,,,
guantes,3b2b3a16,0,g000201/g000201,g000201/g030901_20,,,,,,,,
guantes,3b2b3a16,1,g000201/g000202,g000201/g030901_20,,,,,,,,
guantes,3b2b3a16,2,g000201/g000203,g000201/g030901_20,,,,,,,,
guantes,3b2b3a16,3,g000201/g000204,g000201/g030901_20,,,,,,,,
guantes,3b31c1ff,0,g000201/g000201,g000201/g021201_20,,,,,,,,
guantes,3b31c1ff,1,g000201/g000202,g000201/g021201_20,,,,,,,,
guantes,3b31c1ff,2,g000201/g000203,g000201/g021201_20,,,,,,,,
guantes,3b31c1ff,3,g000201/g000204,g000201/g021201_20,,,,,,,,
guantes,3c6157bb,0,g000201/g000201,g000201/g117401_10,,,,,,,,
guantes,3c6157bb,1,g000201/g000202,g000201/g117401_10,,,,,,,,
guantes,3c6157bb,2,g000201/g000203,g000201/g117401_10,,,,,,,,
guantes,3c6157bb,3,g000201/g000204,g000201/g117401_10,,,,,,,,
guantes,3c93bd55,0,g000201/g000201,g000201/g119101_10,,,,,,,,
guantes,3c93bd55,1,g000201/g000202,g000201/g119101_10,,,,,,,,
guantes,3c93bd55,2,g000201/g000203,g000201/g119101_10,,,,,,,,
guantes,3c93bd55,3,g000201/g000204,g000201/g119101_10,,,,,,,,
guantes,3cc712c4,0,g000201/g000201,g000201/g031301_20,,,,,,,,
guantes,3cc712c4,1,g000201/g000202,g000201/g031301_20,,,,,,,,
guantes,3cc712c4,2,g000201/g000203,g000201/g031301_20,,,,,,,,
guantes,3cc712c4,3,g000201/g000204,g000201/g031301_20,,,,,,,,
guantes,3cdde92d,0,g000201/g000201,g000201/g020801_20,,,,,,,,
guantes,3cdde92d,1,g000201/g000202,g000201/g020801_20,,,,,,,,
guantes,3cdde92d,2,g000201/g000203,g000201/g020801_20,,,,,,,,
guantes,3cdde92d,3,g000201/g000204,g000201/g020801_20,,,,,,,,
guantes,3e196e90,0,g000201/g000201,g000201/g071001_20,,,,,,,,
guantes,3e196e90,1,g000201/g000202,g000201/g071001_20,,,,,,,,
guantes,3e196e90,2,g000201/g000203,g000201/g071001_20,,,,,,,,
guantes,3e196e90,3,g000201/g000204,g000201/g071001_20,,,,,,,,
guantes,3e94e9af,0,g112101/g112101,g112101/g112101_10,,,,,,,,
guantes,3e94e9af,1,g112101/g112102,g112101/g112101_10,,,,,,,,
guantes,3e94e9af,2,g112101/g112103,g112101/g112101_10,,,,,,,,
guantes,3e94e9af,3,g112101/g112104,g112101/g112101_10,,,,,,,,
guantes,3f398f10,0,g000201/g000201,g000201/g045501_10,,,,,,,,
guantes,3f398f10,1,g000201/g000202,g000201/g045501_10,,,,,,,,
guantes,3f398f10,2,g000201/g000203,g000201/g045501_10,,,,,,,,
guantes,3f398f10,3,g000201/g000204,g000201/g045501_10,,,,,,,,
guantes,40d1038f,0,g000301/g000301,g000301/g021701_10,,,,,,,,
guantes,40d1038f,1,g000301/g000302,g000301/g021701_10,,,,,,,,
guantes,40d1038f,2,g000301/g000303,g000301/g021701_10,,,,,,,,
guantes,40d1038f,3,g000301/g000304,g000301/g021701_10,,,,,,,,
guantes,40e7a952,0,g000301/g000301,g000301/g032101_20,,,,,,,,
guantes,40e7a952,1,g000301/g000302,g000301/g032101_20,,,,,,,,
guantes,40e7a952,2,g000301/g000303,g000301/g032101_20,,,,,,,,
guantes,40e7a952,3,g000301/g000304,g000301/g032101_20,,,,,,,,
guantes,420f7fdb,0,g000301/g000301,g000301/g061401_10,,,,,,,,
guantes,420f7fdb,1,g000301/g000302,g000301/g061401_10,,,,,,,,
guantes,420f7fdb,2,g000301/g000303,g000301/g061401_10,,,,,,,,
guantes,420f7fdb,3,g000301/g000304,g000301/g061401_10,,,,,,,,
guantes,42b45239,0,g000201/g000201,g000201/g111301_10,,,,,,,,
guantes,42b45239,1,g000201/g000202,g000201/g111301_10,,,,,,,,
guantes,42b45239,2,g000201/g000203,g000201/g111301_10,,,,,,,,
guantes,42b45239,3,g000201/g000204,g000201/g111301_10,,,,,,,,
guantes,43045c1b,0,g000401/g000401,g000401/g010701_20,,,,,,,,
guantes,43045c1b,1,g000401/g000402,g000401/g010701_20,,,,,,,,
guantes,43045c1b,2,g000401/g000403,g000401/g010701_20,,,,,,,,
guantes,43045c1b,3,g000401/g000404,g000401/g010701_20,,,,,,,,
guantes,45587aeb,0,g000201/g000201,g000201/g110901_10,,,,,,,,
guantes,45587aeb,1,g000201/g000202,g000201/g110901_10,,,,,,,,
guantes,45587aeb,2,g000201/g000203,g000201/g110901_10,,,,,,,,
guantes,45587aeb,3,g000201/g000204,g000201/g110901_10,,,,,,,,
guantes,462cf374,0,g000401/g000401,g000401/g040501_20,,,,,,,,
guantes,462cf374,1,g000401/g000402,g000401/g040501_20,,,,,,,,
guantes,462cf374,2,g000401/g000403,g000401/g040501_20,,,,,,,,
guantes,462cf374,3,g000401/g000404,g000401/g040501_20,,,,,,,,
guantes,4727d0b4,0,g000301/g000301,g000301/g031601_10,,,,,,,,
guantes,4727d0b4,1,g000301/g000302,g000301/g031601_10,,,,,,,,
guantes,4727d0b4,2,g000301/g000303,g000301/g031601_10,,,,,,,,
guantes,4727d0b4,3,g000301/g000304,g000301/g031601_10,,,,,,,,
guantes,48ca76c2,0,g000201/g000201,g000201/g011401_10,,,,,,,,
guantes,48ca76c2,1,g000201/g000202,g000201/g011401_10,,,,,,,,
guantes,48ca76c2,2,g000201/g000203,g000201/g011401_10,,,,,,,,
guantes,48ca76c2,3,g000201/g000204,g000201/g011401_10,,,,,,,,
guantes,4a140a96,0,g000401/g000401,g000401/g051701_10,,,,,,,,
guantes,4a140a96,1,g000401/g000402,g000401/g051701_10,,,,,,,,
guantes,4a140a96,2,g000401/g000403,g000401/g051701_10,,,,,,,,
guantes,4a140a96,3,g000401/g000404,g000401/g051701_10,,,,,,,,
guantes,4a22a04b,0,g000201/g000201,g000201/g042101_20,,,,,,,,
guantes,4a22a04b,1,g000201/g000202,g000201/g042101_20,,,,,,,,
guantes,4a22a04b,2,g000201/g000203,g000201/g042101_20,,,,,,,,
guantes,4a22a04b,3,g000201/g000204,g000201/g042101_20,,,,,,,,
guantes,4a805d51,0,g000201/g000201,g000201/g081301_10,,,,,,,,
guantes,4a805d51,1,g000201/g000202,g000201/g081301_10,,,,,,,,
guantes,4a805d51,2,g000201/g000203,g000201/g081301_10,,,,,,,,
guantes,4a805d51,3,g000201/g000204,g000201/g081301_10,,,,,,,,
guantes,4b1f2956,0,g000201/g000201,g000201/g020401_20,,,,,,,,
guantes,4b1f2956,1,g000201/g000202,g000201/g020401_20,,,,,,,,
guantes,4b1f2956,2,g000201/g000203,g000201/g020401_20,,,,,,,,
guantes,4b1f2956,3,g000201/g000204,g000201/g020401_20,,,,,,,,
guantes,4bf34f2c,0,g000201/g000201,g000201/g110201_50,,,,,,,,
guantes,4bf34f2c,1,g000201/g000202,g000201/g110201_50,,,,,,,,
guantes,4bf34f2c,2,g000201/g000203,g000201/g110201_50,,,,,,,,
guantes,4bf34f2c,3,g000201/g000204,g000201/g110201_50,,,,,,,,
guantes,4ce9fa6d,0,g000201/g000201,g000201/g030501_20,,,,,,,,
guantes,4ce9fa6d,1,g000201/g000202,g000201/g030501_20,,,,,,,,
guantes,4ce9fa6d,2,g000201/g000203,g000201/g030501_20,,,,,,,,
guantes,4ce9fa6d,3,g000201/g000204,g000201/g030501_20,,,,,,,,
guantes,4d6c7583,0,g000201/g000201,g000201/g080901_10,,,,,,,,
guantes,4d6c7583,1,g000201/g000202,g000201/g080901_10,,,,,,,,
guantes,4d6c7583,2,g000201/g000203,g000201/g080901_10,,,,,,,,
guantes,4d6c7583,3,g000201/g000204,g000201/g080901_10,,,,,,,,
guantes,4de2d9ad,0,g000301/g000301,g000301/g041601_10,,,,,,,,
guantes,4de2d9ad,1,g000301/g000302,g000301/g041601_10,,,,,,,,
guantes,4de2d9ad,2,g000301/g000303,g000301/g041601_10,,,,,,,,
guantes,4de2d9ad,3,g000301/g000304,g000301/g041601_10,,,,,,,,
guantes,50e7e915,0,g000201/g000201,g000201/g041101_10,,,,,,,,
guantes,50e7e915,1,g000201/g000202,g000201/g041101_10,,,,,,,,
guantes,50e7e915,2,g000201/g000203,g000201/g041101_10,,,,,,,,
guantes,50e7e915,3,g000201/g000204,g000201/g041101_10,,,,,,,,
guantes,51eccad5,0,g000201/g000201,g000201/g030201_20,,,,,,,,
guantes,51eccad5,1,g000201/g000202,g000201/g030201_20,,,,,,,,
guantes,51eccad5,2,g000201/g000203,g000201/g030201_20,,,,,,,,
guantes,51eccad5,3,g000201/g000204,g000201/g030201_20,,,,,,,,
guantes,52236ea8,0,g000201/g000201,g000201/g010901_10,,,,,,,,
guantes,52236ea8,1,g000201/g000202,g000201/g010901_10,,,,,,,,
guantes,52236ea8,2,g000201/g000203,g000201/g010901_10,,,,,,,,
guantes,52236ea8,3,g000201/g000204,g000201/g010901_10,,,,,,,,
guantes,5332b681,0,g000201/g000201,g000201/g070101_20,,,,,,,,
guantes,5332b681,1,g000201/g000202,g000201/g070101_20,,,,,,,,
guantes,5332b681,2,g000201/g000203,g000201/g070101_20,,,,,,,,
guantes,5332b681,3,g000201/g000204,g000201/g070101_20,,,,,,,,
guantes,53bf31be,0,g000201/g000201,g000201/g113001_10,,,,,,,,
guantes,53bf31be,1,g000201/g000202,g000201/g113001_10,,,,,,,,
guantes,53bf31be,2,g000201/g000203,g000201/g113001_10,,,,,,,,
guantes,53bf31be,3,g000201/g000204,g000201/g113001_10,,,,,,,,
guantes,547f4858,0,g000201/g000201,g000201/g110701_20,,,,,,,,
guantes,547f4858,1,g000201/g000202,g000201/g110701_20,,,,,,,,
guantes,547f4858,2,g000201/g000203,g000201/g110701_20,,,,,,,,
guantes,547f4858,3,g000201/g000204,g000201/g110701_20,,,,,,,,
guantes,55cf467a,0,g000201/g000201,g000201/g011301_10,,,,,,,,
guantes,55cf467a,1,g000201/g000202,g000201/g011301_10,,,,,,,,
guantes,55cf467a,2,g000201/g000203,g000201/g011301_10,,,,,,,,
guantes,55cf467a,3,g000201/g000204,g000201/g011301_10,,,,,,,,
guantes,57856de9,0,g000201/g000201,g000201/g081401_10,,,,,,,,
guantes,57856de9,1,g000201/g000202,g000201/g081401_10,,,,,,,,
guantes,57856de9,2,g000201/g000203,g000201/g081401_10,,,,,,,,
guantes,57856de9,3,g000201/g000204,g000201/g081401_10,,,,,,,,
guantes,58e667b1,0,g000401/g000401,g000401/g060901_10,,,,,,,,
guantes,58e667b1,1,g000401/g000402,g000401/g060901_10,,,,,,,,
guantes,58e667b1,2,g000401/g000403,g000401/g060901_10,,,,,,,,
guantes,58e667b1,3,g000401/g000404,g000401/g060901_10,,,,,,,,
guantes,58fc9c58,0,g000401/g000401,g000401/g071201_10,,,,,,,,
guantes,58fc9c58,1,g000401/g000402,g000401/g071201_10,,,,,,,,
guantes,58fc9c58,2,g000401/g000403,g000401/g071201_10,,,,,,,,
guantes,58fc9c58,3,g000401/g000404,g000401/g071201_10,,,,,,,,
guantes,5a22e00c,0,g000201/g000201,g000201/g031101_10,,,,,,,,
guantes,5a22e00c,1,g000201/g000202,g000201/g031101_10,,,,,,,,
guantes,5a22e00c,2,g000201/g000203,g000201/g031101_10,,,,,,,,
guantes,5a22e00c,3,g000201/g000204,g000201/g031101_10,,,,,,,,
guantes,5b29c3cc,0,g000201/g000201,g000201/g040201_20,,,,,,,,
guantes,5b29c3cc,1,g000201/g000202,g000201/g040201_20,,,,,,,,
guantes,5b29c3cc,2,g000201/g000203,g000201/g040201_20,,,,,,,,
guantes,5b29c3cc,3,g000201/g000204,g000201/g040201_20,,,,,,,,
guantes,5c4b4730,0,g000201/g000201,g000201/g080701_20,,,,,,,,
guantes,5c4b4730,1,g000201/g000202,g000201/g080701_20,,,,,,,,
guantes,5c4b4730,2,g000201/g000203,g000201/g080701_20,,,,,,,,
guantes,5c4b4730,3,g000201/g000204,g000201/g080701_20,,,,,,,,
guantes,5cc5eb1e,0,g000401/g000401,g000401/g041801_20,,,,,,,,
guantes,5cc5eb1e,1,g000401/g000402,g000401/g041801_20,,,,,,,,
guantes,5cc5eb1e,2,g000401/g000403,g000401/g041801_20,,,,,,,,
guantes,5cc5eb1e,3,g000401/g000404,g000401/g041801_20,,,,,,,,
guantes,5f0a4f63,0,g000301/g000301,g000301/g061301_10,,,,,,,,
guantes,5f0a4f63,1,g000301/g000302,g000301/g061301_10,,,,,,,,
guantes,5f0a4f63,2,g000301/g000303,g000301/g061301_10,,,,,,,,
guantes,5f0a4f63,3,g000301/g000304,g000301/g061301_10,,,,,,,,
guantes,5f10b48a,0,g000401/g000401,g000401/g070801_10,,,,,,,,
guantes,5f10b48a,1,g000401/g000402,g000401/g070801_10,,,,,,,,
guantes,5f10b48a,2,g000401/g000403,g000401/g070801_10,,,,,,,,
guantes,5f10b48a,3,g000401/g000404,g000401/g070801_10,,,,,,,,
guantes,5fb16281,0,g000201/g000201,g000201/g111401_10,,,,,,,,
guantes,5fb16281,1,g000201/g000202,g000201/g111401_10,,,,,,,,
guantes,5fb16281,2,g000201/g000203,g000201/g111401_10,,,,,,,,
guantes,5fb16281,3,g000201/g000204,g000201/g111401_10,,,,,,,,
guantes,60327a95,0,g000201/g000201,g000201/g020401_10,,,,,,,,
guantes,60327a95,1,g000201/g000202,g000201/g020401_10,,,,,,,,
guantes,60327a95,2,g000201/g000203,g000201/g020401_10,,,,,,,,
guantes,60327a95,3,g000201/g000204,g000201/g020401_10,,,,,,,,
guantes,610ff388,0,g000201/g000201,g000201/g042101_10,,,,,,,,
guantes,610ff388,1,g000201/g000202,g000201/g042101_10,,,,,,,,
guantes,610ff388,2,g000201/g000203,g000201/g042101_10,,,,,,,,
guantes,610ff388,3,g000201/g000204,g000201/g042101_10,,,,,,,,
guantes,61ad0e92,0,g000201/g000201,g000201/g081301_20,,,,,,,,
guantes,61ad0e92,1,g000201/g000202,g000201/g081301_20,,,,,,,,
guantes,61ad0e92,2,g000201/g000203,g000201/g081301_20,,,,,,,,
guantes,61ad0e92,3,g000201/g000204,g000201/g081301_20,,,,,,,,
guantes,62ec06c1,0,g000401/g000401,g000401/g060701_10,,,,,,,,
guantes,62ec06c1,1,g000401/g000402,g000401/g060701_10,,,,,,,,
guantes,62ec06c1,2,g000401/g000403,g000401/g060701_10,,,,,,,,
guantes,62ec06c1,3,g000401/g000404,g000401/g060701_10,,,,,,,,
guantes,63e72501,0,g000201/g000201,g000201/g011401_20,,,,,,,,
guantes,63e72501,1,g000201/g000202,g000201/g011401_20,,,,,,,,
guantes,63e72501,2,g000201/g000203,g000201/g011401_20,,,,,,,,
guantes,63e72501,3,g000201/g000204,g000201/g011401_20,,,,,,,,
guantes,651ad5fa,0,g000301/g000301,g000301/g070601_10,,,,,,,,
guantes,651ad5fa,1,g000301/g000302,g000301/g070601_10,,,,,,,,
guantes,651ad5fa,2,g000301/g000303,g000301/g070601_10,,,,,,,,
guantes,651ad5fa,3,g000301/g000304,g000301/g070601_10,,,,,,,,
guantes,65b30f6b,0,g000201/g000201,g000201/g081401_30,,,,,,,,
guantes,65b30f6b,1,g000201/g000202,g000201/g081401_30,,,,,,,,
guantes,65b30f6b,2,g000201/g000203,g000201/g081401_30,,,,,,,,
guantes,65b30f6b,3,g000201/g000204,g000201/g081401_30,,,,,,,,
guantes,67c4a9ae,0,g000201/g000201,g000201/g030501_10,,,,,,,,
guantes,67c4a9ae,1,g000201/g000202,g000201/g030501_10,,,,,,,,
guantes,67c4a9ae,2,g000201/g000203,g000201/g030501_10,,,,,,,,
guantes,67c4a9ae,3,g000201/g000204,g000201/g030501_10,,,,,,,,
guantes,68290fd8,0,g000401/g000401,g000401/g010701_10,,,,,,,,
guantes,68290fd8,1,g000401/g000402,g000401/g010701_10,,,,,,,,
guantes,68290fd8,2,g000401/g000403,g000401/g010701_10,,,,,,,,
guantes,68290fd8,3,g000401/g000404,g000401/g010701_10,,,,,,,,
guantes,699901fa,0,g000201/g000201,g000201/g111301_20,,,,,,,,
guantes,699901fa,1,g000201/g000202,g000201/g111301_20,,,,,,,,
guantes,699901fa,2,g000201/g000203,g000201/g111301_20,,,,,,,,
guantes,699901fa,3,g000201/g000204,g000201/g111301_20,,,,,,,,
guantes,6af7738c,0,g000401/g000401,g000401/g050401_10,,,,,,,,
guantes,6af7738c,1,g000401/g000402,g000401/g050401_10,,,,,,,,
guantes,6af7738c,2,g000401/g000403,g000401/g050401_10,,,,,,,,
guantes,6af7738c,3,g000401/g000404,g000401/g050401_10,,,,,,,,
guantes,6bcafa91,0,g000301/g000301,g000301/g032101_10,,,,,,,,
guantes,6bcafa91,1,g000301/g000302,g000301/g032101_10,,,,,,,,
guantes,6bcafa91,2,g000301/g000303,g000301/g032101_10,,,,,,,,
guantes,6bcafa91,3,g000301/g000304,g000301/g032101_10,,,,,,,,
guantes,6bfc504c,0,g000301/g000301,g000301/g021701_20,,,,,,,,
guantes,6bfc504c,1,g000301/g000302,g000301/g021701_20,,,,,,,,
guantes,6bfc504c,2,g000301/g000303,g000301/g021701_20,,,,,,,,
guantes,6bfc504c,3,g000301/g000304,g000301/g021701_20,,,,,,,,
guantes,6c0a8377,0,g000301/g000301,g000301/g031601_20,,,,,,,,
guantes,6c0a8377,1,g000301/g000302,g000301/g031601_20,,,,,,,,
guantes,6c0a8377,2,g000301/g000303,g000301/g031601_20,,,,,,,,
guantes,6c0a8377,3,g000301/g000304,g000301/g031601_20,,,,,,,,
guantes,6d01a0b7,0,g000401/g000401,g000401/g040501_10,,,,,,,,
guantes,6d01a0b7,1,g000401/g000402,g000401/g040501_10,,,,,,,,
guantes,6d01a0b7,2,g000401/g000403,g000401/g040501_10,,,,,,,,
guantes,6d01a0b7,3,g000401/g000404,g000401/g040501_10,,,,,,,,
guantes,6e752928,0,g000201/g000201,g000201/g110901_20,,,,,,,,
guantes,6e752928,1,g000201/g000202,g000201/g110901_20,,,,,,,,
guantes,6e752928,2,g000201/g000203,g000201/g110901_20,,,,,,,,
guantes,6e752928,3,g000201/g000204,g000201/g110901_20,,,,,,,,
guantes,7004900f,0,g000201/g000201,g000201/g040201_10,,,,,,,,
guantes,7004900f,1,g000201/g000202,g000201/g040201_10,,,,,,,,
guantes,7004900f,2,g000201/g000203,g000201/g040201_10,,,,,,,,
guantes,7004900f,3,g000201/g000204,g000201/g040201_10,,,,,,,,
guantes,701e6be6,0,g000401/g000401,g000401/g051901_10,,,,,,,,
guantes,701e6be6,1,g000401/g000402,g000401/g051901_10,,,,,,,,
guantes,701e6be6,2,g000401/g000403,g000401/g051901_10,,,,,,,,
guantes,701e6be6,3,g000401/g000404,g000401/g051901_10,,,,,,,,
guantes,710fb3cf,0,g000201/g000201,g000201/g031101_20,,,,,,,,
guantes,710fb3cf,1,g000201/g000202,g000201/g031101_20,,,,,,,,
guantes,710fb3cf,2,g000201/g000203,g000201/g031101_20,,,,,,,,
guantes,710fb3cf,3,g000201/g000204,g000201/g031101_20,,,,,,,,
guantes,735c48a4,0,g000401/g000401,g000401/g112301_10,,,,,,,,
guantes,735c48a4,1,g000401/g000402,g000401/g112301_10,,,,,,,,
guantes,735c48a4,2,g000401/g000403,g000401/g112301_10,,,,,,,,
guantes,735c48a4,3,g000401/g000404,g000401/g112301_10,,,,,,,,
guantes,73d1cf9b,0,g000401/g000401,g000401/g071201_20,,,,,,,,
guantes,73d1cf9b,1,g000401/g000402,g000401/g071201_20,,,,,,,,
guantes,73d1cf9b,2,g000401/g000403,g000401/g071201_20,,,,,,,,
guantes,73d1cf9b,3,g000401/g000404,g000401/g071201_20,,,,,,,,
guantes,743de749,0,g000401/g000401,g000401/g070801_20,,,,,,,,
guantes,743de749,1,g000401/g000402,g000401/g070801_20,,,,,,,,
guantes,743de749,2,g000401/g000403,g000401/g070801_20,,,,,,,,
guantes,743de749,3,g000401/g000404,g000401/g070801_20,,,,,,,,
guantes,749c3142,0,g000201/g000201,g000201/g111401_20,,,,,,,,
guantes,749c3142,1,g000201/g000202,g000201/g111401_20,,,,,,,,
guantes,749c3142,2,g000201/g000203,g000201/g111401_20,,,,,,,,
guantes,749c3142,3,g000201/g000204,g000201/g111401_20,,,,,,,,
guantes,776614f3,0,g000201/g000201,g000201/g080701_10,,,,,,,,
guantes,776614f3,1,g000201/g000202,g000201/g080701_10,,,,,,,,
guantes,776614f3,2,g000201/g000203,g000201/g080701_10,,,,,,,,
guantes,776614f3,3,g000201/g000204,g000201/g080701_10,,,,,,,,
guantes,77e8b8dd,0,g000401/g000401,g000401/g041801_10,,,,,,,,
guantes,77e8b8dd,1,g000401/g000402,g000401/g041801_10,,,,,,,,
guantes,77e8b8dd,2,g000401/g000403,g000401/g041801_10,,,,,,,,
guantes,77e8b8dd,3,g000401/g000404,g000401/g041801_10,,,,,,,,
guantes,781fe542,0,g000201/g000201,g000201/g070101_10,,,,,,,,
guantes,781fe542,1,g000201/g000202,g000201/g070101_10,,,,,,,,
guantes,781fe542,2,g000201/g000203,g000201/g070101_10,,,,,,,,
guantes,781fe542,3,g000201/g000204,g000201/g070101_10,,,,,,,,
guantes,790e3d6b,0,g000201/g000201,g000201/g010901_20,,,,,,,,
guantes,790e3d6b,1,g000201/g000202,g000201/g010901_20,,,,,,,,
guantes,790e3d6b,2,g000201/g000203,g000201/g010901_20,,,,,,,,
guantes,790e3d6b,3,g000201/g000204,g000201/g010901_20,,,,,,,,
guantes,7ac19916,0,g000201/g000201,g000201/g030201_10,,,,,,,,
guantes,7ac19916,1,g000201/g000202,g000201/g030201_10,,,,,,,,
guantes,7ac19916,2,g000201/g000203,g000201/g030201_10,,,,,,,,
guantes,7ac19916,3,g000201/g000204,g000201/g030201_10,,,,,,,,
guantes,7bcabad6,0,g000201/g000201,g000201/g041101_20,,,,,,,,
guantes,7bcabad6,1,g000201/g000202,g000201/g041101_20,,,,,,,,
guantes,7bcabad6,2,g000201/g000203,g000201/g041101_20,,,,,,,,
guantes,7bcabad6,3,g000201/g000204,g000201/g041101_20,,,,,,,,
guantes,7ca83e2a,0,g000201/g000201,g000201/g081401_20,,,,,,,,
guantes,7ca83e2a,1,g000201/g000202,g000201/g081401_20,,,,,,,,
guantes,7ca83e2a,2,g000201/g000203,g000201/g081401_20,,,,,,,,
guantes,7ca83e2a,3,g000201/g000204,g000201/g081401_20,,,,,,,,
guantes,7ee215b9,0,g000201/g000201,g000201/g011301_20,,,,,,,,
guantes,7ee215b9,1,g000201/g000202,g000201/g011301_20,,,,,,,,
guantes,7ee215b9,2,g000201/g000203,g000201/g011301_20,,,,,,,,
guantes,7ee215b9,3,g000201/g000204,g000201/g011301_20,,,,,,,,
guantes,7f521b9b,0,g000201/g000201,g000201/g110701_10,,,,,,,,
guantes,7f521b9b,1,g000201/g000202,g000201/g110701_10,,,,,,,,
guantes,7f521b9b,2,g000201/g000203,g000201/g110701_10,,,,,,,,
guantes,7f521b9b,3,g000201/g000204,g000201/g110701_10,,,,,,,,
guantes,8043faf3,0,g000201/g000201,g000201/g020501_20,,,,,,,,
guantes,8043faf3,1,g000201/g000202,g000201/g020501_20,,,,,,,,
guantes,8043faf3,2,g000201/g000203,g000201/g020501_20,,,,,,,,
guantes,8043faf3,3,g000201/g000204,g000201/g020501_20,,,,,,,,
guantes,8148d933,0,g000401/g000401,g000401/g051601_10,,,,,,,,
guantes,8148d933,1,g000401/g000402,g000401/g051601_10,,,,,,,,
guantes,8148d933,2,g000401/g000403,g000401/g051601_10,,,,,,,,
guantes,8148d933,3,g000401/g000404,g000401/g051601_10,,,,,,,,
guantes,817e73ee,0,g000201/g000201,g000201/g042001_20,,,,,,,,
guantes,817e73ee,1,g000201/g000202,g000201/g042001_20,,,,,,,,
guantes,817e73ee,2,g000201/g000203,g000201/g042001_20,,,,,,,,
guantes,817e73ee,3,g000201/g000204,g000201/g042001_20,,,,,,,,
guantes,81dc8ef4,0,g000201/g000201,g000201/g081201_10,,,,,,,,
guantes,81dc8ef4,1,g000201/g000202,g000201/g081201_10,,,,,,,,
guantes,81dc8ef4,2,g000201/g000203,g000201/g081201_10,,,,,,,,
guantes,81dc8ef4,3,g000201/g000204,g000201/g081201_10,,,,,,,,
guantes,8226ab45,0,g000201/g000201,g000201/g110101_20,,,,,,,,
guantes,8226ab45,1,g000201/g000202,g000201/g110101_20,,,,,,,,
guantes,8226ab45,2,g000201/g000203,g000201/g110101_20,,,,,,,,
guantes,8226ab45,3,g000201/g000204,g000201/g110101_20,,,,,,,,
guantes,856b559c,0,g000201/g000201,g000201/g070701_20,,,,,,,,
guantes,856b559c,1,g000201/g000202,g000201/g070701_20,,,,,,,,
guantes,856b559c,2,g000201/g000203,g000201/g070701_20,,,,,,,,
guantes,856b559c,3,g000201/g000204,g000201/g070701_20,,,,,,,,
guantes,8630a626,0,g000201/g000201,g000201/g080801_10,,,,,,,,
guantes,8630a626,1,g000201/g000202,g000201/g080801_10,,,,,,,,
guantes,8630a626,2,g000201/g000203,g000201/g080801_10,,,,,,,,
guantes,8630a626,3,g000201/g000204,g000201/g080801_10,,,,,,,,
guantes,86be0a08,0,g000201/g000201,g000201/g041701_10,,,,,,,,
guantes,86be0a08,1,g000201/g000202,g000201/g041701_10,,,,,,,,
guantes,86be0a08,2,g000201/g000203,g000201/g041701_10,,,,,,,,
guantes,86be0a08,3,g000201/g000204,g000201/g041701_10,,,,,,,,
guantes,87b529c8,0,g000201/g000201,g000201/g030401_20,,,,,,,,
guantes,87b529c8,1,g000201/g000202,g000201/g030401_20,,,,,,,,
guantes,87b529c8,2,g000201/g000203,g000201/g030401_20,,,,,,,,
guantes,87b529c8,3,g000201/g000204,g000201/g030401_20,,,,,,,,
guantes,88588fbe,0,g000201/g000201,g000201/g010601_20,,,,,,,,
guantes,88588fbe,1,g000201/g000202,g000201/g010601_20,,,,,,,,
guantes,88588fbe,2,g000201/g000203,g000201/g010601_20,,,,,,,,
guantes,88588fbe,3,g000201/g000204,g000201/g010601_20,,,,,,,,
guantes,8953ac7e,0,g000301/g000301,g000301/g061501_10,,,,,,,,
guantes,8953ac7e,1,g000301/g000302,g000301/g061501_10,,,,,,,,
guantes,8953ac7e,2,g000301/g000303,g000301/g061501_10,,,,,,,,
guantes,8953ac7e,3,g000301/g000304,g000301/g061501_10,,,,,,,,
guantes,89e8819c,0,g000201/g000201,g000201/g111201_10,,,,,,,,
guantes,89e8819c,1,g000201/g000202,g000201/g111201_10,,,,,,,,
guantes,89e8819c,2,g000201/g000203,g000201/g111201_10,,,,,,,,
guantes,89e8819c,3,g000201/g000204,g000201/g111201_10,,,,,,,,
guantes,8a12a42d,0,g000201/g000201,g000201/g080101_20,,,,,,,,
guantes,8a12a42d,1,g000201/g000202,g000201/g080101_20,,,,,,,,
guantes,8a12a42d,2,g000201/g000203,g000201/g080101_20,,,,,,,,
guantes,8a12a42d,3,g000201/g000204,g000201/g080101_20,,,,,,,,
guantes,8b8dd02a,0,g000201/g000201,g000201/g021601_10,,,,,,,,
guantes,8b8dd02a,1,g000201/g000202,g000201/g021601_10,,,,,,,,
guantes,8b8dd02a,2,g000201/g000203,g000201/g021601_10,,,,,,,,
guantes,8b8dd02a,3,g000201/g000204,g000201/g021601_10,,,,,,,,
guantes,8c2fac80,0,g000201/g000201,g000201/g119501_20,,,,,,,,
guantes,8c2fac80,1,g000201/g000202,g000201/g119501_20,,,,,,,,
guantes,8c2fac80,2,g000201/g000203,g000201/g119501_20,,,,,,,,
guantes,8c2fac80,3,g000201/g000204,g000201/g119501_20,,,,,,,,
guantes,8c468e47,0,g000201/g000201,g000201/g010101_30,,,,,,,,
guantes,8c7b0311,0,g000401/g000401,g000401/g031701_10,,,,,,,,
guantes,8c7b0311,1,g000401/g000402,g000401/g031701_10,,,,,,,,
guantes,8c7b0311,2,g000401/g000403,g000401/g031701_10,,,,,,,,
guantes,8c7b0311,3,g000401/g000404,g000401/g031701_10,,,,,,,,
guantes,8d7020d1,0,g000201/g000201,g000201/g040401_20,,,,,,,,
guantes,8d7020d1,1,g000201/g000202,g000201/g040401_20,,,,,,,,
guantes,8d7020d1,2,g000201/g000203,g000201/g040401_20,,,,,,,,
guantes,8d7020d1,3,g000201/g000204,g000201/g040401_20,,,,,,,,
guantes,8e04a94e,0,g000201/g000201,g000201/g110801_10,,,,,,,,
guantes,8e04a94e,1,g000201/g000202,g000201/g110801_10,,,,,,,,
guantes,8e04a94e,2,g000201/g000203,g000201/g110801_10,,,,,,,,
guantes,8e04a94e,3,g000201/g000204,g000201/g110801_10,,,,,,,,
guantes,8e28f87a,0,g000401/g000401,g000401/g112501_20,,,,,,,,
guantes,8e28f87a,1,g000401/g000402,g000401/g112501_20,,,,,,,,
guantes,8e28f87a,2,g000401/g000403,g000401/g112501_20,,,,,,,,
guantes,8e28f87a,3,g000401/g000404,g000401/g112501_20,,,,,,,,
guantes,8f859ec5,0,g000201/g000201,g000201/g045101_20,,,,,,,,
guantes,8f859ec5,1,g000201/g000202,g000201/g045101_20,,,,,,,,
guantes,8f859ec5,2,g000201/g000203,g000201/g045101_20,,,,,,,,
guantes,8f859ec5,3,g000201/g000204,g000201/g045101_20,,,,,,,,
guantes,90751069,0,g000401/g000401,g000401/g040301_20,,,,,,,,
guantes,90751069,1,g000401/g000402,g000401/g040301_20,,,,,,,,
guantes,90751069,2,g000401/g000403,g000401/g040301_20,,,,,,,,
guantes,90751069,3,g000401/g000404,g000401/g040301_20,,,,,,,,
guantes,917e33a9,0,g000301/g000301,g000301/g031001_10,,,,,,,,
guantes,917e33a9,1,g000301/g000302,g000301/g031001_10,,,,,,,,
guantes,917e33a9,2,g000301/g000303,g000301/g031001_10,,,,,,,,
guantes,917e33a9,3,g000301/g000304,g000301/g031001_10,,,,,,,,
guantes,9280ae7d,0,g000401/g000401,g000401/g045601_20,,,,,,,,
guantes,9280ae7d,1,g000401/g000402,g000401/g045601_20,,,,,,,,
guantes,9280ae7d,2,g000401/g000403,g000401/g045601_20,,,,,,,,
guantes,9280ae7d,3,g000401/g000404,g000401/g045601_20,,,,,,,,
guantes,9309956c,0,g000201/g000201,g000201/g080101_30,,,,,,,,
guantes,9309956c,1,g000201/g000202,g000201/g080101_30,,,,,,,,
guantes,9309956c,2,g000201/g000203,g000201/g080101_30,,,,,,,,
guantes,9309956c,3,g000201/g000204,g000201/g080101_30,,,,,,,,
guantes,93bab414,0,g000301/g000301,g000301/g031001_10,,,,,,,,
guantes,93bab414,1,g000301/g000302,g000301/g031001_10,,,,,,,,
guantes,93bab414,2,g000301/g000303,g000301/g031001_10,,,,,,,,
guantes,93bab414,3,g000301/g000304,g000301/g031001_10,,,,,,,,
guantes,944c672f,0,g000201/g000201,g000201/g070901_10,,,,,,,,
guantes,944c672f,1,g000201/g000202,g000201/g070901_10,,,,,,,,
guantes,944c672f,2,g000201/g000203,g000201/g070901_10,,,,,,,,
guantes,944c672f,3,g000201/g000204,g000201/g070901_10,,,,,,,,
guantes,94569cc6,0,g000301/g000301,g000301/g061201_10,,,,,,,,
guantes,94569cc6,1,g000301/g000302,g000301/g061201_10,,,,,,,,
guantes,94569cc6,2,g000301/g000303,g000301/g061201_10,,,,,,,,
guantes,94569cc6,3,g000301/g000304,g000301/g061201_10,,,,,,,,
guantes,94edb124,0,g000201/g000201,g000201/g111501_10,,,,,,,,
guantes,94edb124,1,g000201/g000202,g000201/g111501_10,,,,,,,,
guantes,94edb124,2,g000201/g000203,g000201/g111501_10,,,,,,,,
guantes,94edb124,3,g000201/g000204,g000201/g111501_10,,,,,,,,
guantes,955dbf06,0,g000201/g000201,g000201/g010101_20,,,,,,,,
guantes,955dbf06,1,g000201/g000202,g000201/g010101_20,,,,,,,,
guantes,955dbf06,2,g000201/g000203,g000201/g010101_20,,,,,,,,
guantes,955dbf06,3,g000201/g000204,g000201/g010101_20,,,,,,,,
guantes,97179495,0,g000401/g000401,g000401/g080601_20,,,,,,,,
guantes,97179495,1,g000401/g000402,g000401/g080601_20,,,,,,,,
guantes,97179495,2,g000401/g000403,g000401/g080601_20,,,,,,,,
guantes,97179495,3,g000401/g000404,g000401/g080601_20,,,,,,,,
guantes,979938bb,0,g000201/g000201,g000201/g041901_20,,,,,,,,
guantes,979938bb,1,g000201/g000202,g000201/g041901_20,,,,,,,,
guantes,979938bb,2,g000201/g000203,g000201/g041901_20,,,,,,,,
guantes,979938bb,3,g000201/g000204,g000201/g041901_20,,,,,,,,
guantes,98e3e21b,0,g000201/g000201,g000201/g113101_10,,,,,,,,
guantes,98e3e21b,1,g000201/g000202,g000201/g113101_10,,,,,,,,
guantes,98e3e21b,2,g000201/g000203,g000201/g113101_10,,,,,,,,
guantes,98e3e21b,3,g000201/g000204,g000201/g113101_10,,,,,,,,
guantes,997fbd0d,0,g000201/g000201,g000201/g010801_10,,,,,,,,
guantes,997fbd0d,1,g000201/g000202,g000201/g010801_10,,,,,,,,
guantes,997fbd0d,2,g000201/g000203,g000201/g010801_10,,,,,,,,
guantes,997fbd0d,3,g000201/g000204,g000201/g010801_10,,,,,,,,
guantes,9aaae299,0,g000401/g000401,g000401/g021801_20,,,,,,,,
guantes,9aaae299,1,g000401/g000402,g000401/g021801_20,,,,,,,,
guantes,9aaae299,2,g000401/g000403,g000401/g021801_20,,,,,,,,
guantes,9aaae299,3,g000401/g000404,g000401/g021801_20,,,,,,,,
guantes,9bbb3ab0,0,g000201/g000201,g000201/g041001_10,,,,,,,,
guantes,9bbb3ab0,1,g000201/g000202,g000201/g041001_10,,,,,,,,
guantes,9bbb3ab0,2,g000201/g000203,g000201/g041001_10,,,,,,,,
guantes,9bbb3ab0,3,g000201/g000204,g000201/g041001_10,,,,,,,,
guantes,9c4de98b,0,g051101/g051101,g051101/g051101_10,,,,,,,,
guantes,9c4de98b,1,g051101/g051102,g051101/g051101_10,,,,,,,,
guantes,9c4de98b,2,g051101/g051103,g051101/g051101_10,,,,,,,,
guantes,9c4de98b,3,g051101/g051104,g051101/g051101_10,,,,,,,,
guantes,9cd9be4c,0,g000201/g000201,g000201/g081501_10,,,,,,,,
guantes,9cd9be4c,1,g000201/g000202,g000201/g081501_10,,,,,,,,
guantes,9cd9be4c,2,g000201/g000203,g000201/g081501_10,,,,,,,,
guantes,9cd9be4c,3,g000201/g000204,g000201/g081501_10,,,,,,,,
guantes,9d46ca4b,0,g000201/g000201,g000201/g020201_20,,,,,,,,
guantes,9d46ca4b,1,g000201/g000202,g000201/g020201_20,,,,,,,,
guantes,9d46ca4b,2,g000201/g000203,g000201/g020201_20,,,,,,,,
guantes,9d46ca4b,3,g000201/g000204,g000201/g020201_20,,,,,,,,
guantes,9e9395df,0,g000201/g000201,g000201/g011201_10,,,,,,,,
guantes,9e9395df,1,g000201/g000202,g000201/g011201_10,,,,,,,,
guantes,9e9395df,2,g000201/g000203,g000201/g011201_10,,,,,,,,
guantes,9e9395df,3,g000201/g000204,g000201/g011201_10,,,,,,,,
guantes,9f239bfd,0,g000201/g000201,g000201/g110601_20,,,,,,,,
guantes,9f239bfd,1,g000201/g000202,g000201/g110601_20,,,,,,,,
guantes,9f239bfd,2,g000201/g000203,g000201/g110601_20,,,,,,,,
guantes,9f239bfd,3,g000201/g000204,g000201/g110601_20,,,,,,,,
guantes,a0a083e9,0,g000201/g000201,g000201/g021601_20,,,,,,,,
guantes,a0a083e9,1,g000201/g000202,g000201/g021601_20,,,,,,,,
guantes,a0a083e9,2,g000201/g000203,g000201/g021601_20,,,,,,,,
guantes,a0a083e9,3,g000201/g000204,g000201/g021601_20,,,,,,,,
guantes,a13ff7ee,0,g000201/g000201,g000201/g080101_10,,,,,,,,
guantes,a13ff7ee,1,g000201/g000202,g000201/g080101_10,,,,,,,,
guantes,a13ff7ee,2,g000201/g000203,g000201/g080101_10,,,,,,,,
guantes,a13ff7ee,3,g000201/g000204,g000201/g080101_10,,,,,,,,
guantes,a27effbd,0,g000301/g000301,g000301/g061501_10,,,,,,,,
guantes,a27effbd,1,g000301/g000302,g000301/g061501_10,,,,,,,,
guantes,a27effbd,2,g000301/g000303,g000301/g061501_10,,,,,,,,
guantes,a27effbd,3,g000301/g000304,g000301/g061501_10,,,,,,,,
guantes,a2c5d25f,0,g000201/g000201,g000201/g111201_20,,,,,,,,
guantes,a2c5d25f,1,g000201/g000202,g000201/g111201_20,,,,,,,,
guantes,a2c5d25f,2,g000201/g000203,g000201/g111201_20,,,,,,,,
guantes,a2c5d25f,3,g000201/g000204,g000201/g111201_20,,,,,,,,
guantes,a375dc7d,0,g000201/g000201,g000201/g010601_10,,,,,,,,
guantes,a375dc7d,1,g000201/g000202,g000201/g010601_10,,,,,,,,
guantes,a375dc7d,2,g000201/g000203,g000201/g010601_10,,,,,,,,
guantes,a375dc7d,3,g000201/g000204,g000201/g010601_10,,,,,,,,
guantes,a4a8cd06,0,g000201/g000201,g000201/g045101_10,,,,,,,,
guantes,a4a8cd06,1,g000201/g000202,g000201/g045101_10,,,,,,,,
guantes,a4a8cd06,2,g000201/g000203,g000201/g045101_10,,,,,,,,
guantes,a4a8cd06,3,g000201/g000204,g000201/g045101_10,,,,,,,,
guantes,a505abb9,0,g000401/g000401,g000401/g112501_10,,,,,,,,
guantes,a505abb9,1,g000401/g000402,g000401/g112501_10,,,,,,,,
guantes,a505abb9,2,g000401/g000403,g000401/g112501_10,,,,,,,,
guantes,a505abb9,3,g000401/g000404,g000401/g112501_10,,,,,,,,
guantes,a529fa8d,0,g000201/g000201,g000201/g110801_20,,,,,,,,
guantes,a529fa8d,1,g000201/g000202,g000201/g110801_20,,,,,,,,
guantes,a529fa8d,2,g000201/g000203,g000201/g110801_20,,,,,,,,
guantes,a529fa8d,3,g000201/g000204,g000201/g110801_20,,,,,,,,
guantes,a65d7312,0,g000201/g000201,g000201/g040401_10,,,,,,,,
guantes,a65d7312,1,g000201/g000202,g000201/g040401_10,,,,,,,,
guantes,a65d7312,2,g000201/g000203,g000201/g040401_10,,,,,,,,
guantes,a65d7312,3,g000201/g000204,g000201/g040401_10,,,,,,,,
guantes,a702ff43,0,g000201/g000201,g000201/g119501_10,,,,,,,,
guantes,a702ff43,1,g000201/g000202,g000201/g119501_10,,,,,,,,
guantes,a702ff43,2,g000201/g000203,g000201/g119501_10,,,,,,,,
guantes,a702ff43,3,g000201/g000204,g000201/g119501_10,,,,,,,,
guantes,a75650d2,0,g000401/g000401,g000401/g031701_20,,,,,,,,
guantes,a75650d2,1,g000401/g000402,g000401/g031701_20,,,,,,,,
guantes,a75650d2,2,g000401/g000403,g000401/g031701_20,,,,,,,,
guantes,a75650d2,3,g000401/g000404,g000401/g031701_20,,,,,,,,
guantes,a90bf886,0,g000201/g000201,g000201/g110101_10,,,,,,,,
guantes,a90bf886,1,g000201/g000202,g000201/g110101_10,,,,,,,,
guantes,a90bf886,2,g000201/g000203,g000201/g110101_10,,,,,,,,
guantes,a90bf886,3,g000201/g000204,g000201/g110101_10,,,,,,,,
guantes,a9b0d564,0,g000401/g000401,g000401/g060601_10,,,,,,,,
guantes,a9b0d564,1,g000401/g000402,g000401/g060601_10,,,,,,,,
guantes,a9b0d564,2,g000401/g000403,g000401/g060601_10,,,,,,,,
guantes,a9b0d564,3,g000401/g000404,g000401/g060601_10,,,,,,,,
guantes,aa53202d,0,g000201/g000201,g000201/g042001_10,,,,,,,,
guantes,aa53202d,1,g000201/g000202,g000201/g042001_10,,,,,,,,
guantes,aa53202d,2,g000201/g000203,g000201/g042001_10,,,,,,,,
guantes,aa53202d,3,g000201/g000204,g000201/g042001_10,,,,,,,,
guantes,aaf1dd37,0,g000201/g000201,g000201/g081201_20,,,,,,,,
guantes,aaf1dd37,1,g000201/g000202,g000201/g081201_20,,,,,,,,
guantes,aaf1dd37,2,g000201/g000203,g000201/g081201_20,,,,,,,,
guantes,aaf1dd37,3,g000201/g000204,g000201/g081201_20,,,,,,,,
guantes,ab6ea930,0,g000201/g000201,g000201/g020501_10,,,,,,,,
guantes,ab6ea930,1,g000201/g000202,g000201/g020501_10,,,,,,,,
guantes,ab6ea930,2,g000201/g000203,g000201/g020501_10,,,,,,,,
guantes,ab6ea930,3,g000201/g000204,g000201/g020501_10,,,,,,,,
guantes,ac987a0b,0,g000201/g000201,g000201/g030401_10,,,,,,,,
guantes,ac987a0b,1,g000201/g000202,g000201/g030401_10,,,,,,,,
guantes,ac987a0b,2,g000201/g000203,g000201/g030401_10,,,,,,,,
guantes,ac987a0b,3,g000201/g000204,g000201/g030401_10,,,,,,,,
guantes,ad1df5e5,0,g000201/g000201,g000201/g080801_20,,,,,,,,
guantes,ad1df5e5,1,g000201/g000202,g000201/g080801_20,,,,,,,,
guantes,ad1df5e5,2,g000201/g000203,g000201/g080801_20,,,,,,,,
guantes,ad1df5e5,3,g000201/g000204,g000201/g080801_20,,,,,,,,
guantes,ad9359cb,0,g000201/g000201,g000201/g041701_20,,,,,,,,
guantes,ad9359cb,1,g000201/g000202,g000201/g041701_20,,,,,,,,
guantes,ad9359cb,2,g000201/g000203,g000201/g041701_20,,,,,,,,
guantes,ad9359cb,3,g000201/g000204,g000201/g041701_20,,,,,,,,
guantes,ae46065f,0,g000201/g000201,g000201/g070701_10,,,,,,,,
guantes,ae46065f,1,g000201/g000202,g000201/g070701_10,,,,,,,,
guantes,ae46065f,2,g000201/g000203,g000201/g070701_10,,,,,,,,
guantes,ae46065f,3,g000201/g000204,g000201/g070701_10,,,,,,,,
guantes,b0966973,0,g000201/g000201,g000201/g041001_20,,,,,,,,
guantes,b0966973,1,g000201/g000202,g000201/g041001_20,,,,,,,,
guantes,b0966973,2,g000201/g000203,g000201/g041001_20,,,,,,,,
guantes,b0966973,3,g000201/g000204,g000201/g041001_20,,,,,,,,
guantes,b187b15a,0,g000401/g000401,g000401/g021801_10,,,,,,,,
guantes,b187b15a,1,g000401/g000402,g000401/g021801_10,,,,,,,,
guantes,b187b15a,2,g000401/g000403,g000401/g021801_10,,,,,,,,
guantes,b187b15a,3,g000401/g000404,g000401/g021801_10,,,,,,,,
guantes,b19d4ab3,0,g000201/g000201,g000201/g030301_10,,,,,,,,
guantes,b19d4ab3,1,g000201/g000202,g000201/g030301_10,,,,,,,,
guantes,b19d4ab3,2,g000201/g000203,g000201/g030301_10,,,,,,,,
guantes,b19d4ab3,3,g000201/g000204,g000201/g030301_10,,,,,,,,
guantes,b252eece,0,g000201/g000201,g000201/g010801_20,,,,,,,,
guantes,b252eece,1,g000201/g000202,g000201/g010801_20,,,,,,,,
guantes,b252eece,2,g000201/g000203,g000201/g010801_20,,,,,,,,
guantes,b252eece,3,g000201/g000204,g000201/g010801_20,,,,,,,,
guantes,b40ec83e,0,g000201/g000201,g000201/g110601_10,,,,,,,,
guantes,b40ec83e,1,g000201/g000202,g000201/g110601_10,,,,,,,,
guantes,b40ec83e,2,g000201/g000203,g000201/g110601_10,,,,,,,,
guantes,b40ec83e,3,g000201/g000204,g000201/g110601_10,,,,,,,,
guantes,b4b5e5dc,0,g000401/g000401,g000401/g060101_10,,,,,,,,
guantes,b4b5e5dc,1,g000401/g000402,g000401/g060101_10,,,,,,,,
guantes,b4b5e5dc,2,g000401/g000403,g000401/g060101_10,,,,,,,,
guantes,b4b5e5dc,3,g000401/g000404,g000401/g060101_10,,,,,,,,
guantes,b5bec61c,0,g000201/g000201,g000201/g011201_20,,,,,,,,
guantes,b5bec61c,1,g000201/g000202,g000201/g011201_20,,,,,,,,
guantes,b5bec61c,2,g000201/g000203,g000201/g011201_20,,,,,,,,
guantes,b5bec61c,3,g000201/g000204,g000201/g011201_20,,,,,,,,
guantes,b66b9988,0,g000201/g000201,g000201/g020201_10,,,,,,,,
guantes,b66b9988,1,g000201/g000202,g000201/g020201_10,,,,,,,,
guantes,b66b9988,2,g000201/g000203,g000201/g020201_10,,,,,,,,
guantes,b66b9988,3,g000201/g000204,g000201/g020201_10,,,,,,,,
guantes,b6716261,0,g000201/g000201,g000201/g031901_10,,,,,,,,
guantes,b6716261,1,g000201/g000202,g000201/g031901_10,,,,,,,,
guantes,b6716261,2,g000201/g000203,g000201/g031901_10,,,,,,,,
guantes,b6716261,3,g000201/g000204,g000201/g031901_10,,,,,,,,
guantes,b7f4ed8f,0,g000201/g000201,g000201/g081501_20,,,,,,,,
guantes,b7f4ed8f,1,g000201/g000202,g000201/g081501_20,,,,,,,,
guantes,b7f4ed8f,2,g000201/g000203,g000201/g081501_20,,,,,,,,
guantes,b7f4ed8f,3,g000201/g000204,g000201/g081501_20,,,,,,,,
guantes,b8009b01,0,g000301/g000301,g000301/g112201_10,,,,,,,,
guantes,b8009b01,1,g000301/g000302,g000301/g112201_10,,,,,,,,
guantes,b8009b01,2,g000301/g000303,g000301/g112201_10,,,,,,,,
guantes,b8009b01,3,g000301/g000304,g000301/g112201_10,,,,,,,,
guantes,b9adfdbe,0,g000401/g000401,g000401/g045601_10,,,,,,,,
guantes,b9adfdbe,1,g000401/g000402,g000401/g045601_10,,,,,,,,
guantes,b9adfdbe,2,g000401/g000403,g000401/g045601_10,,,,,,,,
guantes,b9adfdbe,3,g000401/g000404,g000401/g045601_10,,,,,,,,
guantes,ba53606a,0,g000301/g000301,g000301/g031001_20,,,,,,,,
guantes,ba53606a,1,g000301/g000302,g000301/g031001_20,,,,,,,,
guantes,ba53606a,2,g000301/g000303,g000301/g031001_20,,,,,,,,
guantes,ba53606a,3,g000301/g000304,g000301/g031001_20,,,,,,,,
guantes,bb42b843,0,g000401/g000401,g000401/g051801_10,,,,,,,,
guantes,bb42b843,1,g000401/g000402,g000401/g051801_10,,,,,,,,
guantes,bb42b843,2,g000401/g000403,g000401/g051801_10,,,,,,,,
guantes,bb42b843,3,g000401/g000404,g000401/g051801_10,,,,,,,,
guantes,bb5843aa,0,g000401/g000401,g000401/g040301_10,,,,,,,,
guantes,bb5843aa,1,g000401/g000402,g000401/g040301_10,,,,,,,,
guantes,bb5843aa,2,g000401/g000403,g000401/g040301_10,,,,,,,,
guantes,bb5843aa,3,g000401/g000404,g000401/g040301_10,,,,,,,,
guantes,bc3ac756,0,g000401/g000401,g000401/g080601_10,,,,,,,,
guantes,bc3ac756,1,g000401/g000402,g000401/g080601_10,,,,,,,,
guantes,bc3ac756,2,g000401/g000403,g000401/g080601_10,,,,,,,,
guantes,bc3ac756,3,g000401/g000404,g000401/g080601_10,,,,,,,,
guantes,bcae9091,0,g000401/g000401,g000401/g050201_10,,,,,,,,
guantes,bcae9091,1,g000401/g000402,g000401/g050201_10,,,,,,,,
guantes,bcae9091,2,g000401/g000403,g000401/g050201_10,,,,,,,,
guantes,bcae9091,3,g000401/g000404,g000401/g050201_10,,,,,,,,
guantes,bcb46b78,0,g000201/g000201,g000201/g041901_10,,,,,,,,
guantes,bcb46b78,1,g000201/g000202,g000201/g041901_10,,,,,,,,
guantes,bcb46b78,2,g000201/g000203,g000201/g041901_10,,,,,,,,
guantes,bcb46b78,3,g000201/g000204,g000201/g041901_10,,,,,,,,
guantes,be70ecc5,0,g000201/g000201,g000201/g010101_10,,,,,,,,
guantes,be70ecc5,1,g000201/g000202,g000201/g010101_10,,,,,,,,
guantes,be70ecc5,2,g000201/g000203,g000201/g010101_10,,,,,,,,
guantes,be70ecc5,3,g000201/g000204,g000201/g010101_10,,,,,,,,
guantes,bf6134ec,0,g000201/g000201,g000201/g070901_20,,,,,,,,
guantes,bf6134ec,1,g000201/g000202,g000201/g070901_20,,,,,,,,
guantes,bf6134ec,2,g000201/g000203,g000201/g070901_20,,,,,,,,
guantes,bf6134ec,3,g000201/g000204,g000201/g070901_20,,,,,,,,
guantes,bfc0e2e7,0,g000201/g000201,g000201/g111501_20,,,,,,,,
guantes,bfc0e2e7,1,g000201/g000202,g000201/g111501_20,,,,,,,,
guantes,bfc0e2e7,2,g000201/g000203,g000201/g111501_20,,,,,,,,
guantes,bfc0e2e7,3,g000201/g000204,g000201/g111501_20,,,,,,,,
guantes,c08e2b07,0,g000201/g000201,g000201/g053001_10,,,,,,,,
guantes,c08e2b07,1,g000201/g000202,g000201/g053001_10,,,,,,,,
guantes,c08e2b07,2,g000201/g000203,g000201/g053001_10,,,,,,,,
guantes,c08e2b07,3,g000201/g000204,g000201/g053001_10,,,,,,,,
guantes,c0b881da,0,g000201/g000201,g000201/g040601_20,,,,,,,,
guantes,c0b881da,1,g000201/g000202,g000201/g040601_20,,,,,,,,
guantes,c0b881da,2,g000201/g000203,g000201/g040601_20,,,,,,,,
guantes,c0b881da,3,g000201/g000204,g000201/g040601_20,,,,,,,,
guantes,c1b3a21a,0,g031501/g031501,g031501/g031501_10,,,,,,,,
guantes,c1b3a21a,1,g031501/g031502,g031501/g031501_10,,,,,,,,
guantes,c1b3a21a,2,g031501/g031503,g031501/g031501_10,,,,,,,,
guantes,c1b3a21a,3,g031501/g031504,g031501/g031501_10,,,,,,,,
guantes,c24d3fce,0,g000201/g000201,g000201/g045301_20,,,,,,,,
guantes,c24d3fce,1,g000201/g000202,g000201/g045301_20,,,,,,,,
guantes,c24d3fce,2,g000201/g000203,g000201/g045301_20,,,,,,,,
guantes,c24d3fce,3,g000201/g000204,g000201/g045301_20,,,,,,,,
guantes,c3071880,0,g000201/g000201,g000201/g010101_40,,,,,,,,
guantes,c36dde4e,0,g000401/g000401,g000401/g071601_10,,,,,,,,
guantes,c36dde4e,1,g000401/g000402,g000401/g071601_10,,,,,,,,
guantes,c36dde4e,2,g000401/g000403,g000401/g071601_10,,,,,,,,
guantes,c36dde4e,3,g000401/g000404,g000401/g071601_10,,,,,,,,
guantes,c4202097,0,g000201/g000201,g000201/g111001_10,,,,,,,,
guantes,c4202097,1,g000201/g000202,g000201/g111001_10,,,,,,,,
guantes,c4202097,2,g000201/g000203,g000201/g111001_10,,,,,,,,
guantes,c4202097,3,g000201/g000204,g000201/g111001_10,,,,,,,,
guantes,c49b0d75,0,g000201/g000201,g000201/g061701_10,,,,,,,,
guantes,c49b0d75,1,g000201/g000202,g000201/g061701_10,,,,,,,,
guantes,c49b0d75,2,g000201/g000203,g000201/g061701_10,,,,,,,,
guantes,c49b0d75,3,g000201/g000204,g000201/g061701_10,,,,,,,,
guantes,c5902eb5,0,g000201/g000201,g000201/g010401_20,,,,,,,,
guantes,c5902eb5,1,g000201/g000202,g000201/g010401_20,,,,,,,,
guantes,c5902eb5,2,g000201/g000203,g000201/g010401_20,,,,,,,,
guantes,c5902eb5,3,g000201/g000204,g000201/g010401_20,,,,,,,,
guantes,c6457121,0,g000201/g000201,g000201/g021401_10,,,,,,,,
guantes,c6457121,1,g000201/g000202,g000201/g021401_10,,,,,,,,
guantes,c6457121,2,g000201/g000203,g000201/g021401_10,,,,,,,,
guantes,c6457121,3,g000201/g000204,g000201/g021401_10,,,,,,,,
guantes,c673dbfc,0,g000301/g000301,g000301/g032201_20,,,,,,,,
guantes,c673dbfc,1,g000301/g000302,g000301/g032201_20,,,,,,,,
guantes,c673dbfc,2,g000301/g000303,g000301/g032201_20,,,,,,,,
guantes,c673dbfc,3,g000301/g000304,g000301/g032201_20,,,,,,,,
guantes,c7da0526,0,g000201/g000201,g000201/g080301_20,,,,,,,,
guantes,c7da0526,1,g000201/g000202,g000201/g080301_20,,,,,,,,
guantes,c7da0526,2,g000201/g000203,g000201/g080301_20,,,,,,,,
guantes,c7da0526,3,g000201/g000204,g000201/g080301_20,,,,,,,,
guantes,c802229c,0,g000201/g000201,g000201/g111901_20,,,,,,,,
guantes,c802229c,1,g000201/g000202,g000201/g111901_20,,,,,,,,
guantes,c802229c,2,g000201/g000203,g000201/g111901_20,,,,,,,,
guantes,c802229c,3,g000201/g000204,g000201/g111901_20,,,,,,,,
guantes,c8a3f497,0,g000301/g000301,g000301/g070501_20,,,,,,,,
guantes,c8a3f497,1,g000301/g000302,g000301/g070501_20,,,,,,,,
guantes,c8a3f497,2,g000301/g000303,g000301/g070501_20,,,,,,,,
guantes,c8a3f497,3,g000301/g000304,g000301/g070501_20,,,,,,,,
guantes,ca7d88c3,0,g000201/g000201,g000201/g030601_20,,,,,,,,
guantes,ca7d88c3,1,g000201/g000202,g000201/g030601_20,,,,,,,,
guantes,ca7d88c3,2,g000201/g000203,g000201/g030601_20,,,,,,,,
guantes,ca7d88c3,3,g000201/g000204,g000201/g030601_20,,,,,,,,
guantes,cb76ab03,0,g000201/g000201,g000201/g041501_10,,,,,,,,
guantes,cb76ab03,1,g000201/g000202,g000201/g041501_10,,,,,,,,
guantes,cb76ab03,2,g000201/g000203,g000201/g041501_10,,,,,,,,
guantes,cb76ab03,3,g000201/g000204,g000201/g041501_10,,,,,,,,
guantes,cc142fff,0,g000201/g000201,g000201/g081001_10,,,,,,,,
guantes,cc142fff,1,g000201/g000202,g000201/g081001_10,,,,,,,,
guantes,cc142fff,2,g000201/g000203,g000201/g081001_10,,,,,,,,
guantes,cc142fff,3,g000201/g000204,g000201/g081001_10,,,,,,,,
guantes,cc807838,0,g000401/g000401,g000401/g051401_10,,,,,,,,
guantes,cc807838,1,g000401/g000402,g000401/g051401_10,,,,,,,,
guantes,cc807838,2,g000401/g000403,g000401/g051401_10,,,,,,,,
guantes,cc807838,3,g000401/g000404,g000401/g051401_10,,,,,,,,
guantes,ccb6d2e5,0,g000201/g000201,g000201/g042201_20,,,,,,,,
guantes,ccb6d2e5,1,g000201/g000202,g000201/g042201_20,,,,,,,,
guantes,ccb6d2e5,2,g000201/g000203,g000201/g042201_20,,,,,,,,
guantes,ccb6d2e5,3,g000201/g000204,g000201/g042201_20,,,,,,,,
guantes,cd673d82,0,g000201/g000201,g000201/g110101_50,,,,,,,,
guantes,cd673d82,1,g000201/g000202,g000201/g110101_50,,,,,,,,
guantes,cd673d82,2,g000201/g000203,g000201/g110101_50,,,,,,,,
guantes,cd673d82,3,g000201/g000204,g000201/g110101_50,,,,,,,,
guantes,cfee0a4e,0,g000201/g000201,g000201/g110301_20,,,,,,,,
guantes,cfee0a4e,1,g000201/g000202,g000201/g110301_20,,,,,,,,
guantes,cfee0a4e,2,g000201/g000203,g000201/g110301_20,,,,,,,,
guantes,cfee0a4e,3,g000201/g000204,g000201/g110301_20,,,,,,,,
guantes,d1854880,0,g000201/g000201,g000201/g051301_10,,,,,,,,
guantes,d1854880,1,g000201/g000202,g000201/g051301_10,,,,,,,,
guantes,d1854880,2,g000201/g000203,g000201/g051301_10,,,,,,,,
guantes,d1854880,3,g000201/g000204,g000201/g051301_10,,,,,,,,
guantes,d19fb369,0,g000201/g000201,g000201/g040801_10,,,,,,,,
guantes,d19fb369,1,g000201/g000202,g000201/g040801_10,,,,,,,,
guantes,d19fb369,2,g000201/g000203,g000201/g040801_10,,,,,,,,
guantes,d19fb369,3,g000201/g000204,g000201/g040801_10,,,,,,,,
guantes,d2c76bc2,0,g000201/g000201,g000201/g112901_10,,,,,,,,
guantes,d2c76bc2,1,g000201/g000202,g000201/g112901_10,,,,,,,,
guantes,d2c76bc2,2,g000201/g000203,g000201/g112901_10,,,,,,,,
guantes,d2c76bc2,3,g000201/g000204,g000201/g112901_10,,,,,,,,
guantes,d2eb3af6,0,g000201/g000201,g000201/g110401_20,,,,,,,,
guantes,d2eb3af6,1,g000201/g000202,g000201/g110401_20,,,,,,,,
guantes,d2eb3af6,2,g000201/g000203,g000201/g110401_20,,,,,,,,
guantes,d2eb3af6,3,g000201/g000204,g000201/g110401_20,,,,,,,,
guantes,d35b34d4,0,g000201/g000201,g000201/g011001_10,,,,,,,,
guantes,d35b34d4,1,g000201/g000202,g000201/g011001_10,,,,,,,,
guantes,d35b34d4,2,g000201/g000203,g000201/g011001_10,,,,,,,,
guantes,d35b34d4,3,g000201/g000204,g000201/g011001_10,,,,,,,,
guantes,d52b4310,0,g000201/g000201,g000201/g113301_10,,,,,,,,
guantes,d52b4310,1,g000201/g000202,g000201/g113301_10,,,,,,,,
guantes,d52b4310,2,g000201/g000203,g000201/g113301_10,,,,,,,,
guantes,d52b4310,3,g000201/g000204,g000201/g113301_10,,,,,,,,
guantes,d5a6c42f,0,g000201/g000201,g000201/g070201_20,,,,,,,,
guantes,d5a6c42f,1,g000201/g000202,g000201/g070201_20,,,,,,,,
guantes,d5a6c42f,2,g000201/g000203,g000201/g070201_20,,,,,,,,
guantes,d5a6c42f,3,g000201/g000204,g000201/g070201_20,,,,,,,,
guantes,d6696052,0,g000401/g000401,g000401/g050901_10,,,,,,,,
guantes,d6696052,1,g000401/g000402,g000401/g050901_10,,,,,,,,
guantes,d6696052,2,g000401/g000403,g000401/g050901_10,,,,,,,,
guantes,d6696052,3,g000401/g000404,g000401/g050901_10,,,,,,,,
guantes,d6739bbb,0,g000201/g000201,g000201/g041201_10,,,,,,,,
guantes,d6739bbb,1,g000201/g000202,g000201/g041201_10,,,,,,,,
guantes,d6739bbb,2,g000201/g000203,g000201/g041201_10,,,,,,,,
guantes,d6739bbb,3,g000201/g000204,g000201/g041201_10,,,,,,,,
guantes,d778b87b,0,g000201/g000201,g000201/g030101_20,,,,,,,,
guantes,d778b87b,1,g000201/g000202,g000201/g030101_20,,,,,,,,
guantes,d778b87b,2,g000201/g000203,g000201/g030101_20,,,,,,,,
guantes,d778b87b,3,g000201/g000204,g000201/g030101_20,,,,,,,,
guantes,d8951e0d,0,g000201/g000201,g000201/g010301_20,,,,,,,,
guantes,d8951e0d,1,g000201/g000202,g000201/g010301_20,,,,,,,,
guantes,d8951e0d,2,g000201/g000203,g000201/g010301_20,,,,,,,,
guantes,d8951e0d,3,g000201/g000204,g000201/g010301_20,,,,,,,,
guantes,d925102f,0,g000201/g000201,g000201/g111701_10,,,,,,,,
guantes,d925102f,1,g000201/g000202,g000201/g111701_10,,,,,,,,
guantes,d925102f,2,g000201/g000203,g000201/g111701_10,,,,,,,,
guantes,d925102f,3,g000201/g000204,g000201/g111701_10,,,,,,,,
guantes,da1c29c1,0,g000201/g000201,g000201/g010101_50,,,,,,,,
guantes,da1c29c1,1,g000201/g000202,g000201/g010101_50,,,,,,,,
guantes,da1c29c1,2,g000201/g000203,g000201/g010101_50,,,,,,,,
guantes,da1c29c1,3,g000201/g000204,g000201/g010101_50,,,,,,,,
guantes,db404199,0,g000401/g000401,g000401/g021301_10,,,,,,,,
guantes,db404199,1,g000401/g000402,g000401/g021301_10,,,,,,,,
guantes,db404199,2,g000401/g000403,g000401/g021301_10,,,,,,,,
guantes,db404199,3,g000401/g000404,g000401/g021301_10,,,,,,,,
guantes,db5aba70,0,g000201/g000201,g000201/g030801_10,,,,,,,,
guantes,db5aba70,1,g000201/g000202,g000201/g030801_10,,,,,,,,
guantes,db5aba70,2,g000201/g000203,g000201/g030801_10,,,,,,,,
guantes,db5aba70,3,g000201/g000204,g000201/g030801_10,,,,,,,,
guantes,dcac694b,0,g000201/g000201,g000201/g020901_10,,,,,,,,
guantes,dcac694b,1,g000201/g000202,g000201/g020901_10,,,,,,,,
guantes,dcac694b,2,g000201/g000203,g000201/g020901_10,,,,,,,,
guantes,dcac694b,3,g000201/g000204,g000201/g020901_10,,,,,,,,
guantes,dcb692a2,0,g000201/g000201,g000201/g031201_10,,,,,,,,
guantes,dcb692a2,1,g000201/g000202,g000201/g031201_10,,,,,,,,
guantes,dcb692a2,2,g000201/g000203,g000201/g031201_10,,,,,,,,
guantes,dcb692a2,3,g000201/g000204,g000201/g031201_10,,,,,,,,
guantes,ddbdb162,0,g000201/g000201,g000201/g040101_20,,,,,,,,
guantes,ddbdb162,1,g000201/g000202,g000201/g040101_20,,,,,,,,
guantes,ddbdb162,2,g000201/g000203,g000201/g040101_20,,,,,,,,
guantes,ddbdb162,3,g000201/g000204,g000201/g040101_20,,,,,,,,
guantes,de68eef6,0,g000201/g000201,g000201/g071101_10,,,,,,,,
guantes,de68eef6,1,g000201/g000202,g000201/g071101_10,,,,,,,,
guantes,de68eef6,2,g000201/g000203,g000201/g071101_10,,,,,,,,
guantes,de68eef6,3,g000201/g000204,g000201/g071101_10,,,,,,,,
guantes,dee569c9,0,g000201/g000201,g000201/g112001_20,,,,,,,,
guantes,dee569c9,1,g000201/g000202,g000201/g112001_20,,,,,,,,
guantes,dee569c9,2,g000201/g000203,g000201/g112001_20,,,,,,,,
guantes,dee569c9,3,g000201/g000204,g000201/g112001_20,,,,,,,,
guantes,df480f76,0,g000201/g000201,g000201/g045401_20,,,,,,,,
guantes,df480f76,1,g000201/g000202,g000201/g045401_20,,,,,,,,
guantes,df480f76,2,g000201/g000203,g000201/g045401_20,,,,,,,,
guantes,df480f76,3,g000201/g000204,g000201/g045401_20,,,,,,,,
guantes,e05bf8c0,0,g000201/g000201,g000201/g041501_20,,,,,,,,
guantes,e05bf8c0,1,g000201/g000202,g000201/g041501_20,,,,,,,,
guantes,e05bf8c0,2,g000201/g000203,g000201/g041501_20,,,,,,,,
guantes,e05bf8c0,3,g000201/g000204,g000201/g041501_20,,,,,,,,
guantes,e150db00,0,g000201/g000201,g000201/g030601_10,,,,,,,,
guantes,e150db00,1,g000201/g000202,g000201/g030601_10,,,,,,,,
guantes,e150db00,2,g000201/g000203,g000201/g030601_10,,,,,,,,
guantes,e150db00,3,g000201/g000204,g000201/g030601_10,,,,,,,,
guantes,e32f715f,0,g000201/g000201,g000201/g111901_10,,,,,,,,
guantes,e32f715f,1,g000201/g000202,g000201/g111901_10,,,,,,,,
guantes,e32f715f,2,g000201/g000203,g000201/g111901_10,,,,,,,,
guantes,e32f715f,3,g000201/g000204,g000201/g111901_10,,,,,,,,
guantes,e38ea754,0,g000301/g000301,g000301/g070501_10,,,,,,,,
guantes,e38ea754,1,g000301/g000302,g000301/g070501_10,,,,,,,,
guantes,e38ea754,2,g000301/g000303,g000301/g070501_10,,,,,,,,
guantes,e38ea754,3,g000301/g000304,g000301/g070501_10,,,,,,,,
guantes,e478746f,0,g000401/g000401,g000401/g060401_10,,,,,,,,
guantes,e478746f,1,g000401/g000402,g000401/g060401_10,,,,,,,,
guantes,e478746f,2,g000401/g000403,g000401/g060401_10,,,,,,,,
guantes,e478746f,3,g000401/g000404,g000401/g060401_10,,,,,,,,
guantes,e4c3598d,0,g000201/g000201,g000201/g110301_10,,,,,,,,
guantes,e4c3598d,1,g000201/g000202,g000201/g110301_10,,,,,,,,
guantes,e4c3598d,2,g000201/g000203,g000201/g110301_10,,,,,,,,
guantes,e4c3598d,3,g000201/g000204,g000201/g110301_10,,,,,,,,
guantes,e7397c3c,0,g000201/g000201,g000201/g081001_20,,,,,,,,
guantes,e7397c3c,1,g000201/g000202,g000201/g081001_20,,,,,,,,
guantes,e7397c3c,2,g000201/g000203,g000201/g081001_20,,,,,,,,
guantes,e7397c3c,3,g000201/g000204,g000201/g081001_20,,,,,,,,
guantes,e79b8126,0,g000201/g000201,g000201/g042201_10,,,,,,,,
guantes,e79b8126,1,g000201/g000202,g000201/g042201_10,,,,,,,,
guantes,e79b8126,2,g000201/g000203,g000201/g042201_10,,,,,,,,
guantes,e79b8126,3,g000201/g000204,g000201/g042201_10,,,,,,,,
guantes,e9606c0d,0,g000201/g000201,g000201/g045301_10,,,,,,,,
guantes,e9606c0d,1,g000201/g000202,g000201/g045301_10,,,,,,,,
guantes,e9606c0d,2,g000201/g000203,g000201/g045301_10,,,,,,,,
guantes,e9606c0d,3,g000201/g000204,g000201/g045301_10,,,,,,,,
guantes,ea9ef1d9,0,g031501/g031501,g031501/g031501_20,,,,,,,,
guantes,ea9ef1d9,1,g031501/g031502,g031501/g031501_20,,,,,,,,
guantes,ea9ef1d9,2,g031501/g031503,g031501/g031501_20,,,,,,,,
guantes,ea9ef1d9,3,g031501/g031504,g031501/g031501_20,,,,,,,,
guantes,eb95d219,0,g000201/g000201,g000201/g040601_10,,,,,,,,
guantes,eb95d219,1,g000201/g000202,g000201/g040601_10,,,,,,,,
guantes,eb95d219,2,g000201/g000203,g000201/g040601_10,,,,,,,,
guantes,eb95d219,3,g000201/g000204,g000201/g040601_10,,,,,,,,
guantes,ec630122,0,g000301/g000301,g000301/g050701_10,,,,,,,,
guantes,ec630122,1,g000301/g000302,g000301/g050701_10,,,,,,,,
guantes,ec630122,2,g000301/g000303,g000301/g050701_10,,,,,,,,
guantes,ec630122,3,g000301/g000304,g000301/g050701_10,,,,,,,,
guantes,ecf756e5,0,g000201/g000201,g000201/g080301_10,,,,,,,,
guantes,ecf756e5,1,g000201/g000202,g000201/g080301_10,,,,,,,,
guantes,ecf756e5,2,g000201/g000203,g000201/g080301_10,,,,,,,,
guantes,ecf756e5,3,g000201/g000204,g000201/g080301_10,,,,,,,,
guantes,ed5e883f,0,g000301/g000301,g000301/g032201_10,,,,,,,,
guantes,ed5e883f,1,g000301/g000302,g000301/g032201_10,,,,,,,,
guantes,ed5e883f,2,g000301/g000303,g000301/g032201_10,,,,,,,,
guantes,ed5e883f,3,g000301/g000304,g000301/g032201_10,,,,,,,,
guantes,eebd7d76,0,g000201/g000201,g000201/g010401_10,,,,,,,,
guantes,eebd7d76,1,g000201/g000202,g000201/g010401_10,,,,,,,,
guantes,eebd7d76,2,g000201/g000203,g000201/g010401_10,,,,,,,,
guantes,eebd7d76,3,g000201/g000204,g000201/g010401_10,,,,,,,,
guantes,ef0d7354,0,g000201/g000201,g000201/g111001_20,,,,,,,,
guantes,ef0d7354,1,g000201/g000202,g000201/g111001_20,,,,,,,,
guantes,ef0d7354,2,g000201/g000203,g000201/g111001_20,,,,,,,,
guantes,ef0d7354,3,g000201/g000204,g000201/g111001_20,,,,,,,,
guantes,f06d125a,0,g000401/g000401,g000401/g021301_20,,,,,,,,
guantes,f06d125a,1,g000401/g000402,g000401/g021301_20,,,,,,,,
guantes,f06d125a,2,g000401/g000403,g000401/g021301_20,,,,,,,,
guantes,f06d125a,3,g000401/g000404,g000401/g021301_20,,,,,,,,
guantes,f077e9b3,0,g000201/g000201,g000201/g030801_20,,,,,,,,
guantes,f077e9b3,1,g000201/g000202,g000201/g030801_20,,,,,,,,
guantes,f077e9b3,2,g000201/g000203,g000201/g030801_20,,,,,,,,
guantes,f077e9b3,3,g000201/g000204,g000201/g030801_20,,,,,,,,
guantes,f1317a02,0,g000201/g000201,g000201/g010101_60,,,,,,,,
guantes,f1317a02,1,g000201/g000202,g000201/g010101_60,,,,,,,,
guantes,f1317a02,2,g000201/g000203,g000201/g010101_60,,,,,,,,
guantes,f1317a02,3,g000201/g000204,g000201/g010101_60,,,,,,,,
guantes,f1f2665d,0,g000201/g000201,g000201/g080401_10,,,,,,,,
guantes,f1f2665d,1,g000201/g000202,g000201/g080401_10,,,,,,,,
guantes,f1f2665d,2,g000201/g000203,g000201/g080401_10,,,,,,,,
guantes,f1f2665d,3,g000201/g000204,g000201/g080401_10,,,,,,,,
guantes,f20843ec,0,g000201/g000201,g000201/g111701_20,,,,,,,,
guantes,f20843ec,1,g000201/g000202,g000201/g111701_20,,,,,,,,
guantes,f20843ec,2,g000201/g000203,g000201/g111701_20,,,,,,,,
guantes,f20843ec,3,g000201/g000204,g000201/g111701_20,,,,,,,,
guantes,f3b84dce,0,g000201/g000201,g000201/g010301_10,,,,,,,,
guantes,f3b84dce,1,g000201/g000202,g000201/g010301_10,,,,,,,,
guantes,f3b84dce,2,g000201/g000203,g000201/g010301_10,,,,,,,,
guantes,f3b84dce,3,g000201/g000204,g000201/g010301_10,,,,,,,,
guantes,f4655cb5,0,g000201/g000201,g000201/g045401_10,,,,,,,,
guantes,f4655cb5,1,g000201/g000202,g000201/g045401_10,,,,,,,,
guantes,f4655cb5,2,g000201/g000203,g000201/g045401_10,,,,,,,,
guantes,f4655cb5,3,g000201/g000204,g000201/g045401_10,,,,,,,,
guantes,f545bd35,0,g000201/g000201,g000201/g071101_20,,,,,,,,
guantes,f545bd35,1,g000201/g000202,g000201/g071101_20,,,,,,,,
guantes,f545bd35,2,g000201/g000203,g000201/g071101_20,,,,,,,,
guantes,f545bd35,3,g000201/g000204,g000201/g071101_20,,,,,,,,
guantes,f5c83a0a,0,g000201/g000201,g000201/g112001_10,,,,,,,,
guantes,f5c83a0a,1,g000201/g000202,g000201/g112001_10,,,,,,,,
guantes,f5c83a0a,2,g000201/g000203,g000201/g112001_10,,,,,,,,
guantes,f5c83a0a,3,g000201/g000204,g000201/g112001_10,,,,,,,,
guantes,f690e2a1,0,g000201/g000201,g000201/g040101_10,,,,,,,,
guantes,f690e2a1,1,g000201/g000202,g000201/g040101_10,,,,,,,,
guantes,f690e2a1,2,g000201/g000203,g000201/g040101_10,,,,,,,,
guantes,f690e2a1,3,g000201/g000204,g000201/g040101_10,,,,,,,,
guantes,f7813a88,0,g000201/g000201,g000201/g020901_20,,,,,,,,
guantes,f7813a88,1,g000201/g000202,g000201/g020901_20,,,,,,,,
guantes,f7813a88,2,g000201/g000203,g000201/g020901_20,,,,,,,,
guantes,f7813a88,3,g000201/g000204,g000201/g020901_20,,,,,,,,
guantes,f79bc161,0,g000201/g000201,g000201/g031201_20,,,,,,,,
guantes,f79bc161,1,g000201/g000202,g000201/g031201_20,,,,,,,,
guantes,f79bc161,2,g000201/g000203,g000201/g031201_20,,,,,,,,
guantes,f79bc161,3,g000201/g000204,g000201/g031201_20,,,,,,,,
guantes,f8766717,0,g000201/g000201,g000201/g011001_20,,,,,,,,
guantes,f8766717,1,g000201/g000202,g000201/g011001_20,,,,,,,,
guantes,f8766717,2,g000201/g000203,g000201/g011001_20,,,,,,,,
guantes,f8766717,3,g000201/g000204,g000201/g011001_20,,,,,,,,
guantes,f97d44d7,0,g000401/g000401,g000401/g060301_10,,,,,,,,
guantes,f97d44d7,1,g000401/g000402,g000401/g060301_10,,,,,,,,
guantes,f97d44d7,2,g000401/g000403,g000401/g060301_10,,,,,,,,
guantes,f97d44d7,3,g000401/g000404,g000401/g060301_10,,,,,,,,
guantes,f9c66935,0,g000201/g000201,g000201/g110401_10,,,,,,,,
guantes,f9c66935,1,g000201/g000202,g000201/g110401_10,,,,,,,,
guantes,f9c66935,2,g000201/g000203,g000201/g110401_10,,,,,,,,
guantes,f9c66935,3,g000201/g000204,g000201/g110401_10,,,,,,,,
guantes,fab2e0aa,0,g000201/g000201,g000201/g040801_20,,,,,,,,
guantes,fab2e0aa,1,g000201/g000202,g000201/g040801_20,,,,,,,,
guantes,fab2e0aa,2,g000201/g000203,g000201/g040801_20,,,,,,,,
guantes,fab2e0aa,3,g000201/g000204,g000201/g040801_20,,,,,,,,
guantes,fc55ebb8,0,g000201/g000201,g000201/g030101_10,,,,,,,,
guantes,fc55ebb8,1,g000201/g000202,g000201/g030101_10,,,,,,,,
guantes,fc55ebb8,2,g000201/g000203,g000201/g030101_10,,,,,,,,
guantes,fc55ebb8,3,g000201/g000204,g000201/g030101_10,,,,,,,,
guantes,fd5ec878,0,g000201/g000201,g000201/g041201_20,,,,,,,,
guantes,fd5ec878,1,g000201/g000202,g000201/g041201_20,,,,,,,,
guantes,fd5ec878,2,g000201/g000203,g000201/g041201_20,,,,,,,,
guantes,fd5ec878,3,g000201/g000204,g000201/g041201_20,,,,,,,,
guantes,fe0610d3,0,g000201/g000201,g000201/g113301_20,,,,,,,,
guantes,fe0610d3,1,g000201/g000202,g000201/g113301_20,,,,,,,,
guantes,fe0610d3,2,g000201/g000203,g000201/g113301_20,,,,,,,,
guantes,fe0610d3,3,g000201/g000204,g000201/g113301_20,,,,,,,,
guantes,fe8b97ec,0,g000201/g000201,g000201/g070201_10,,,,,,,,
guantes,fe8b97ec,1,g000201/g000202,g000201/g070201_10,,,,,,,,
guantes,fe8b97ec,2,g000201/g000203,g000201/g070201_10,,,,,,,,
guantes,fe8b97ec,3,g000201/g000204,g000201/g070201_10,,,,,,,,
guantes,fe916c05,0,g061901/g061901,g061901/g061901_10,,,,,,,,
guantes,fe916c05,1,g061901/g061902,g061901/g061901_10,,,,,,,,
guantes,fe916c05,2,g061901/g061903,g061901/g061901_10,,,,,,,,
guantes,fe916c05,3,g061901/g061904,g061901/g061901_10,,,,,,,,
cuerpo,0,0,c000101/c000101.g4sk,0,,,,,,,,
cuerpo,1,4,c000101/c000101.g4sk,1,,,,,,,,
cuerpo,2,1,c000201/c000201.g4sk,2,,,,,,,,
cuerpo,3,1,c000201/c000201.g4sk,3,,,,,,,,
cuerpo,4,2,c000301/c000301.g4sk,4,,,,,,,,
cuerpo,5,3,c000401/c000401.g4sk,5,,,,,,,,
cuerpo,6,3,c000401/c000401.g4sk,6,,,,,,,,
cuerpo,7,2,c000301/c000301.g4sk,7,,,,,,,,
cuerpo,8,3,c000401/c000401.g4sk,5,,,,,,,,
cuerpo,9,3,c000401/c000401.g4sk,6,,,,,,,,
cuerpo,10,5,c000201/c000201.g4sk,2,,,,,,,,
cuerpo,11,5,c000201/c000201.g4sk,3,,,,,,,,
cuerpo,12,7,c000401/c000401.g4sk,6,,,,,,,,
cuerpo,13,7,c000401/c000401.g4sk,6,,,,,,,,
cuerpo,14,6,c000301/c000301.g4sk,4,,,,,,,,
cuerpo,15,6,c000301/c000301.g4sk,7,,,,,,,,
cuerpo,16,7,c000401/c000401.g4sk,5,,,,,,,,
cuerpo,17,7,c000401/c000401.g4sk,5,,,,,,,,
