# Las pasivas fijas de cada Idolo y Diamante, leidas de sus tableros (NOTAS O-162, O-163).
# origen propio = tablero del personaje; basara = un tablero por arquetipo elegible (orden 0 = el de serie).
# pasiva_id como en la partida. Se ensenan las del tronco y las de la rama elegida, por casilla.
# Lo genera herramientas/construir_pasivas_fijas.py.
identidad,nombre,rareza,origen,arquetipo,orden,tramo,casilla,nivel,pasiva_id
46071079,Acker Reese,7,propio,,0,tronco,1,0,1CAA9DE4
46071079,Acker Reese,7,propio,,0,tronco,3,0,CBAB818A
46071079,Acker Reese,7,propio,,0,tronco,7,0,CBAB818A
46071079,Acker Reese,7,propio,,0,tronco,11,0,CF6EEDEE
46071079,Acker Reese,7,propio,,0,tronco,14,0,595EEA99
C1A7351A,Acker Reese,5,propio,,0,tronco,1,0,A1D62C9A
C1A7351A,Acker Reese,5,propio,,0,tronco,3,0,CC86396D
C1A7351A,Acker Reese,5,propio,,0,tronco,7,0,A1D62C9A
C1A7351A,Acker Reese,5,propio,,0,tronco,11,0,47B73F79
C1A7351A,Acker Reese,5,propio,,0,tronco,14,0,72125C90
E86F81E8,Acker Reese,6,propio,,0,tronco,1,0,1CAA9DE4
E86F81E8,Acker Reese,6,propio,,0,tronco,3,0,CBAB818A
E86F81E8,Acker Reese,6,propio,,0,tronco,7,0,CBAB818A
E86F81E8,Acker Reese,6,propio,,0,tronco,11,0,C99ABCE7
E86F81E8,Acker Reese,6,propio,,0,tronco,14,0,186FF180
F38BEA43,Acker Reese,8,basara,3,0,tronco,1,0,16D4E13E
F38BEA43,Acker Reese,8,basara,3,0,tronco,3,0,13E09DFC
F38BEA43,Acker Reese,8,basara,3,0,rama1,8,0,94734F73
F38BEA43,Acker Reese,8,basara,3,0,rama1,12,0,47B73F79
F38BEA43,Acker Reese,8,basara,3,0,rama1,15,0,72125C90
F38BEA43,Acker Reese,8,basara,3,0,rama2,18,0,94734F73
F38BEA43,Acker Reese,8,basara,3,0,rama2,22,0,47B73F79
F38BEA43,Acker Reese,8,basara,3,0,rama2,25,0,72125C90
F38BEA43,Acker Reese,8,basara,1,1,tronco,1,0,16D4E13E
F38BEA43,Acker Reese,8,basara,1,1,tronco,3,0,13E09DFC
F38BEA43,Acker Reese,8,basara,1,1,rama1,8,0,94734F73
F38BEA43,Acker Reese,8,basara,1,1,rama1,12,0,CF6EEDEE
F38BEA43,Acker Reese,8,basara,1,1,rama1,15,0,595EEA99
F38BEA43,Acker Reese,8,basara,1,1,rama2,18,0,94734F73
F38BEA43,Acker Reese,8,basara,1,1,rama2,22,0,CF6EEDEE
F38BEA43,Acker Reese,8,basara,1,1,rama2,25,0,595EEA99
F38BEA43,Acker Reese,8,basara,4,2,tronco,1,0,16D4E13E
F38BEA43,Acker Reese,8,basara,4,2,tronco,3,0,13E09DFC
F38BEA43,Acker Reese,8,basara,4,2,rama1,8,0,94734F73
F38BEA43,Acker Reese,8,basara,4,2,rama1,12,0,41436E70
F38BEA43,Acker Reese,8,basara,4,2,rama1,15,0,32FAAE67
F38BEA43,Acker Reese,8,basara,4,2,rama2,18,0,94734F73
F38BEA43,Acker Reese,8,basara,4,2,rama2,22,0,41436E70
F38BEA43,Acker Reese,8,basara,4,2,rama2,25,0,32FAAE67
F38BEA43,Acker Reese,8,basara,2,3,tronco,1,0,16D4E13E
F38BEA43,Acker Reese,8,basara,2,3,tronco,3,0,13E09DFC
F38BEA43,Acker Reese,8,basara,2,3,rama1,8,0,94734F73
F38BEA43,Acker Reese,8,basara,2,3,rama1,12,0,186FF180
F38BEA43,Acker Reese,8,basara,2,3,rama1,15,0,C99ABCE7
F38BEA43,Acker Reese,8,basara,2,3,rama2,18,0,94734F73
F38BEA43,Acker Reese,8,basara,2,3,rama2,22,0,C99ABCE7
F38BEA43,Acker Reese,8,basara,2,3,rama2,25,0,186FF180
F38BEA43,Acker Reese,8,basara,0,4,tronco,1,0,16D4E13E
F38BEA43,Acker Reese,8,basara,0,4,tronco,3,0,13E09DFC
F38BEA43,Acker Reese,8,basara,0,4,rama1,8,0,94734F73
F38BEA43,Acker Reese,8,basara,0,4,rama1,12,0,84E41252
F38BEA43,Acker Reese,8,basara,0,4,rama1,15,0,B14171BB
F38BEA43,Acker Reese,8,basara,0,4,rama2,18,0,94734F73
F38BEA43,Acker Reese,8,basara,0,4,rama2,22,0,84E41252
F38BEA43,Acker Reese,8,basara,0,4,rama2,25,0,B14171BB
F38BEA43,Acker Reese,8,basara,5,5,tronco,1,0,FD4F28EE
F38BEA43,Acker Reese,8,basara,5,5,tronco,3,0,2097421C
F38BEA43,Acker Reese,8,basara,5,5,rama1,8,0,F9235A84
F38BEA43,Acker Reese,8,basara,5,5,rama1,12,0,9642721E
F38BEA43,Acker Reese,8,basara,5,5,rama1,15,0,4C2BAEB7
F38BEA43,Acker Reese,8,basara,5,5,rama2,18,0,F9235A84
F38BEA43,Acker Reese,8,basara,5,5,rama2,22,0,9642721E
F38BEA43,Acker Reese,8,basara,5,5,rama2,25,0,4C2BAEB7
4CA0D52D,Aiden Froste,7,propio,,0,tronco,1,0,F9235A84
4CA0D52D,Aiden Froste,7,propio,,0,tronco,3,0,F9235A84
4CA0D52D,Aiden Froste,7,propio,,0,tronco,7,0,1CAA9DE4
4CA0D52D,Aiden Froste,7,propio,,0,tronco,11,0,84E41252
4CA0D52D,Aiden Froste,7,propio,,0,tronco,14,0,B14171BB
CB00F04E,Aiden Froste,5,propio,,0,tronco,1,0,1CAA9DE4
CB00F04E,Aiden Froste,5,propio,,0,tronco,3,0,CBAB818A
CB00F04E,Aiden Froste,5,propio,,0,tronco,7,0,1CAA9DE4
CB00F04E,Aiden Froste,5,propio,,0,tronco,11,0,41436E70
CB00F04E,Aiden Froste,5,propio,,0,tronco,14,0,32FAAE67
F92C2F17,Aiden Froste,8,basara,3,0,tronco,1,0,1AF12A5C
F92C2F17,Aiden Froste,8,basara,3,0,tronco,3,0,16D4E13E
F92C2F17,Aiden Froste,8,basara,3,0,rama1,8,0,CBAB818A
F92C2F17,Aiden Froste,8,basara,3,0,rama1,12,0,47B73F79
F92C2F17,Aiden Froste,8,basara,3,0,rama1,15,0,72125C90
F92C2F17,Aiden Froste,8,basara,3,0,rama2,18,0,CBAB818A
F92C2F17,Aiden Froste,8,basara,3,0,rama2,22,0,47B73F79
F92C2F17,Aiden Froste,8,basara,3,0,rama2,25,0,72125C90
F92C2F17,Aiden Froste,8,basara,1,1,tronco,1,0,1AF12A5C
F92C2F17,Aiden Froste,8,basara,1,1,tronco,3,0,16D4E13E
F92C2F17,Aiden Froste,8,basara,1,1,rama1,8,0,CBAB818A
F92C2F17,Aiden Froste,8,basara,1,1,rama1,12,0,CF6EEDEE
F92C2F17,Aiden Froste,8,basara,1,1,rama1,15,0,595EEA99
F92C2F17,Aiden Froste,8,basara,1,1,rama2,18,0,CBAB818A
F92C2F17,Aiden Froste,8,basara,1,1,rama2,22,0,CF6EEDEE
F92C2F17,Aiden Froste,8,basara,1,1,rama2,25,0,595EEA99
F92C2F17,Aiden Froste,8,basara,4,2,tronco,1,0,1AF12A5C
F92C2F17,Aiden Froste,8,basara,4,2,tronco,3,0,16D4E13E
F92C2F17,Aiden Froste,8,basara,4,2,rama1,8,0,CBAB818A
F92C2F17,Aiden Froste,8,basara,4,2,rama1,12,0,41436E70
F92C2F17,Aiden Froste,8,basara,4,2,rama1,15,0,32FAAE67
F92C2F17,Aiden Froste,8,basara,4,2,rama2,18,0,CBAB818A
F92C2F17,Aiden Froste,8,basara,4,2,rama2,22,0,41436E70
F92C2F17,Aiden Froste,8,basara,4,2,rama2,25,0,32FAAE67
F92C2F17,Aiden Froste,8,basara,2,3,tronco,1,0,1AF12A5C
F92C2F17,Aiden Froste,8,basara,2,3,tronco,3,0,16D4E13E
F92C2F17,Aiden Froste,8,basara,2,3,rama1,8,0,CBAB818A
F92C2F17,Aiden Froste,8,basara,2,3,rama1,12,0,186FF180
F92C2F17,Aiden Froste,8,basara,2,3,rama1,15,0,C99ABCE7
F92C2F17,Aiden Froste,8,basara,2,3,rama2,18,0,CBAB818A
F92C2F17,Aiden Froste,8,basara,2,3,rama2,22,0,186FF180
F92C2F17,Aiden Froste,8,basara,2,3,rama2,25,0,C99ABCE7
F92C2F17,Aiden Froste,8,basara,0,4,tronco,1,0,1AF12A5C
F92C2F17,Aiden Froste,8,basara,0,4,tronco,3,0,16D4E13E
F92C2F17,Aiden Froste,8,basara,0,4,rama1,8,0,CBAB818A
F92C2F17,Aiden Froste,8,basara,0,4,rama1,12,0,84E41252
F92C2F17,Aiden Froste,8,basara,0,4,rama1,15,0,B14171BB
F92C2F17,Aiden Froste,8,basara,0,4,rama2,18,0,CBAB818A
F92C2F17,Aiden Froste,8,basara,0,4,rama2,22,0,84E41252
F92C2F17,Aiden Froste,8,basara,0,4,rama2,25,0,B14171BB
F92C2F17,Aiden Froste,8,basara,5,5,tronco,1,0,16D4E13E
F92C2F17,Aiden Froste,8,basara,5,5,tronco,3,0,13E09DFC
F92C2F17,Aiden Froste,8,basara,5,5,rama1,8,0,94734F73
F92C2F17,Aiden Froste,8,basara,5,5,rama1,12,0,9642721E
F92C2F17,Aiden Froste,8,basara,5,5,rama1,15,0,4C2BAEB7
F92C2F17,Aiden Froste,8,basara,5,5,rama2,18,0,94734F73
F92C2F17,Aiden Froste,8,basara,5,5,rama2,22,0,9642721E
F92C2F17,Aiden Froste,8,basara,5,5,rama2,25,0,4C2BAEB7
1665D364,Alexander Allegrov,5,propio,,0,tronco,1,0,1CAA9DE4
1665D364,Alexander Allegrov,5,propio,,0,tronco,3,0,E8A7749E
1665D364,Alexander Allegrov,5,propio,,0,tronco,7,0,E8A7749E
1665D364,Alexander Allegrov,5,propio,,0,tronco,11,0,EFBECA29
1665D364,Alexander Allegrov,5,propio,,0,tronco,14,0,72125C90
24490C3D,Alexander Allegrov,8,basara,3,0,tronco,1,0,16D4E13E
24490C3D,Alexander Allegrov,8,basara,3,0,tronco,3,0,1CAA9DE4
24490C3D,Alexander Allegrov,8,basara,3,0,rama1,8,0,B812419D
24490C3D,Alexander Allegrov,8,basara,3,0,rama1,12,0,47B73F79
24490C3D,Alexander Allegrov,8,basara,3,0,rama1,15,0,72125C90
24490C3D,Alexander Allegrov,8,basara,3,0,rama2,18,0,B812419D
24490C3D,Alexander Allegrov,8,basara,3,0,rama2,22,0,47B73F79
24490C3D,Alexander Allegrov,8,basara,3,0,rama2,25,0,72125C90
24490C3D,Alexander Allegrov,8,basara,1,1,tronco,1,0,16D4E13E
24490C3D,Alexander Allegrov,8,basara,1,1,tronco,3,0,1CAA9DE4
24490C3D,Alexander Allegrov,8,basara,1,1,rama1,8,0,B812419D
24490C3D,Alexander Allegrov,8,basara,1,1,rama1,12,0,CF6EEDEE
24490C3D,Alexander Allegrov,8,basara,1,1,rama1,15,0,595EEA99
24490C3D,Alexander Allegrov,8,basara,1,1,rama2,18,0,B812419D
24490C3D,Alexander Allegrov,8,basara,1,1,rama2,22,0,CF6EEDEE
24490C3D,Alexander Allegrov,8,basara,1,1,rama2,25,0,595EEA99
24490C3D,Alexander Allegrov,8,basara,4,2,tronco,1,0,16D4E13E
24490C3D,Alexander Allegrov,8,basara,4,2,tronco,3,0,1CAA9DE4
24490C3D,Alexander Allegrov,8,basara,4,2,rama1,8,0,B812419D
24490C3D,Alexander Allegrov,8,basara,4,2,rama1,12,0,41436E70
24490C3D,Alexander Allegrov,8,basara,4,2,rama1,15,0,32FAAE67
24490C3D,Alexander Allegrov,8,basara,4,2,rama2,18,0,B812419D
24490C3D,Alexander Allegrov,8,basara,4,2,rama2,22,0,41436E70
24490C3D,Alexander Allegrov,8,basara,4,2,rama2,25,0,32FAAE67
24490C3D,Alexander Allegrov,8,basara,2,3,tronco,1,0,16D4E13E
24490C3D,Alexander Allegrov,8,basara,2,3,tronco,3,0,1CAA9DE4
24490C3D,Alexander Allegrov,8,basara,2,3,rama1,8,0,B812419D
24490C3D,Alexander Allegrov,8,basara,2,3,rama1,12,0,186FF180
24490C3D,Alexander Allegrov,8,basara,2,3,rama1,15,0,C99ABCE7
24490C3D,Alexander Allegrov,8,basara,2,3,rama2,18,0,B812419D
24490C3D,Alexander Allegrov,8,basara,2,3,rama2,22,0,186FF180
24490C3D,Alexander Allegrov,8,basara,2,3,rama2,25,0,C99ABCE7
24490C3D,Alexander Allegrov,8,basara,0,4,tronco,1,0,16D4E13E
24490C3D,Alexander Allegrov,8,basara,0,4,tronco,3,0,1CAA9DE4
24490C3D,Alexander Allegrov,8,basara,0,4,rama1,8,0,B812419D
24490C3D,Alexander Allegrov,8,basara,0,4,rama1,12,0,84E41252
24490C3D,Alexander Allegrov,8,basara,0,4,rama1,15,0,B14171BB
24490C3D,Alexander Allegrov,8,basara,0,4,rama2,18,0,B812419D
24490C3D,Alexander Allegrov,8,basara,0,4,rama2,22,0,84E41252
24490C3D,Alexander Allegrov,8,basara,0,4,rama2,25,0,B14171BB
24490C3D,Alexander Allegrov,8,basara,5,5,tronco,1,0,2097421C
24490C3D,Alexander Allegrov,8,basara,5,5,tronco,3,0,A1D62C9A
24490C3D,Alexander Allegrov,8,basara,5,5,rama1,8,0,90BE2221
24490C3D,Alexander Allegrov,8,basara,5,5,rama1,12,0,9642721E
24490C3D,Alexander Allegrov,8,basara,5,5,rama1,15,0,4C2BAEB7
24490C3D,Alexander Allegrov,8,basara,5,5,rama2,18,0,90BE2221
24490C3D,Alexander Allegrov,8,basara,5,5,rama2,22,0,9642721E
24490C3D,Alexander Allegrov,8,basara,5,5,rama2,25,0,4C2BAEB7
91C5F607,Alexander Allegrov,7,propio,,0,tronco,1,0,1CAA9DE4
91C5F607,Alexander Allegrov,7,propio,,0,tronco,3,0,E8A7749E
91C5F607,Alexander Allegrov,7,propio,,0,tronco,7,0,E8A7749E
91C5F607,Alexander Allegrov,7,propio,,0,tronco,11,0,55EFC3B0
91C5F607,Alexander Allegrov,7,propio,,0,tronco,14,0,C3DFC4C7
1FB2701F,Alfa,7,propio,,0,tronco,1,0,E9B407A5
1FB2701F,Alfa,7,propio,,0,tronco,3,0,D542546A
1FB2701F,Alfa,7,propio,,0,tronco,7,0,1CAA9DE4
1FB2701F,Alfa,7,propio,,0,tronco,11,0,CF6EEDEE
1FB2701F,Alfa,7,propio,,0,tronco,14,0,595EEA99
2D9EAF46,Alfa,8,basara,3,0,tronco,1,0,F5D99E99
2D9EAF46,Alfa,8,basara,3,0,tronco,3,0,1CAA9DE4
2D9EAF46,Alfa,8,basara,3,0,rama1,8,0,F9235A84
2D9EAF46,Alfa,8,basara,3,0,rama1,12,0,47B73F79
2D9EAF46,Alfa,8,basara,3,0,rama1,15,0,72125C90
2D9EAF46,Alfa,8,basara,3,0,rama2,18,0,F9235A84
2D9EAF46,Alfa,8,basara,3,0,rama2,22,0,47B73F79
2D9EAF46,Alfa,8,basara,3,0,rama2,25,0,72125C90
2D9EAF46,Alfa,8,basara,1,1,tronco,1,0,F5D99E99
2D9EAF46,Alfa,8,basara,1,1,tronco,3,0,1CAA9DE4
2D9EAF46,Alfa,8,basara,1,1,rama1,8,0,F9235A84
2D9EAF46,Alfa,8,basara,1,1,rama1,12,0,CF6EEDEE
2D9EAF46,Alfa,8,basara,1,1,rama1,15,0,595EEA99
2D9EAF46,Alfa,8,basara,1,1,rama2,18,0,F9235A84
2D9EAF46,Alfa,8,basara,1,1,rama2,22,0,CF6EEDEE
2D9EAF46,Alfa,8,basara,1,1,rama2,25,0,595EEA99
2D9EAF46,Alfa,8,basara,4,2,tronco,1,0,F5D99E99
2D9EAF46,Alfa,8,basara,4,2,tronco,3,0,1CAA9DE4
2D9EAF46,Alfa,8,basara,4,2,rama1,8,0,F9235A84
2D9EAF46,Alfa,8,basara,4,2,rama1,12,0,41436E70
2D9EAF46,Alfa,8,basara,4,2,rama1,15,0,32FAAE67
2D9EAF46,Alfa,8,basara,4,2,rama2,18,0,F9235A84
2D9EAF46,Alfa,8,basara,4,2,rama2,22,0,41436E70
2D9EAF46,Alfa,8,basara,4,2,rama2,25,0,32FAAE67
2D9EAF46,Alfa,8,basara,2,3,tronco,1,0,F5D99E99
2D9EAF46,Alfa,8,basara,2,3,tronco,3,0,1CAA9DE4
2D9EAF46,Alfa,8,basara,2,3,rama1,8,0,F9235A84
2D9EAF46,Alfa,8,basara,2,3,rama1,12,0,186FF180
2D9EAF46,Alfa,8,basara,2,3,rama1,15,0,C99ABCE7
2D9EAF46,Alfa,8,basara,2,3,rama2,18,0,F9235A84
2D9EAF46,Alfa,8,basara,2,3,rama2,22,0,186FF180
2D9EAF46,Alfa,8,basara,2,3,rama2,25,0,C99ABCE7
2D9EAF46,Alfa,8,basara,0,4,tronco,1,0,F5D99E99
2D9EAF46,Alfa,8,basara,0,4,tronco,3,0,1CAA9DE4
2D9EAF46,Alfa,8,basara,0,4,rama1,8,0,F9235A84
2D9EAF46,Alfa,8,basara,0,4,rama1,12,0,84E41252
2D9EAF46,Alfa,8,basara,0,4,rama1,15,0,B14171BB
2D9EAF46,Alfa,8,basara,0,4,rama2,18,0,F9235A84
2D9EAF46,Alfa,8,basara,0,4,rama2,22,0,84E41252
2D9EAF46,Alfa,8,basara,0,4,rama2,25,0,B14171BB
2D9EAF46,Alfa,8,basara,5,5,tronco,1,0,F5D99E99
2D9EAF46,Alfa,8,basara,5,5,tronco,3,0,1CAA9DE4
2D9EAF46,Alfa,8,basara,5,5,rama1,8,0,F9235A84
2D9EAF46,Alfa,8,basara,5,5,rama1,12,0,9642721E
2D9EAF46,Alfa,8,basara,5,5,rama1,15,0,4C2BAEB7
2D9EAF46,Alfa,8,basara,5,5,rama2,18,0,F9235A84
2D9EAF46,Alfa,8,basara,5,5,rama2,22,0,9642721E
2D9EAF46,Alfa,8,basara,5,5,rama2,25,0,4C2BAEB7
2D9EAF46,Alfa,8,propio,,0,tronco,1,0,9321DA68
2D9EAF46,Alfa,8,propio,,0,tronco,3,0,E0981A7F
2D9EAF46,Alfa,8,propio,,0,rama1,8,0,C642F034
2D9EAF46,Alfa,8,propio,,0,rama1,12,0,E5849FF5
2D9EAF46,Alfa,8,propio,,0,rama1,15,0,58F82E8B
2D9EAF46,Alfa,8,propio,,0,rama2,18,0,6ED45544
2D9EAF46,Alfa,8,propio,,0,rama2,22,0,E5849FF5
2D9EAF46,Alfa,8,propio,,0,rama2,25,0,58F82E8B
367AC4ED,Alfa,6,propio,,0,tronco,1,0,E9B407A5
367AC4ED,Alfa,6,propio,,0,tronco,3,0,D542546A
367AC4ED,Alfa,6,propio,,0,tronco,7,0,1CAA9DE4
367AC4ED,Alfa,6,propio,,0,tronco,11,0,9642721E
367AC4ED,Alfa,6,propio,,0,tronco,14,0,4C2BAEB7
64D90B98,Alix La Fontaine,6,propio,,0,tronco,1,0,2097421C
64D90B98,Alix La Fontaine,6,propio,,0,tronco,3,0,2801F46B
64D90B98,Alix La Fontaine,6,propio,,0,tronco,7,0,2801F46B
64D90B98,Alix La Fontaine,6,propio,,0,tronco,11,0,9642721E
64D90B98,Alix La Fontaine,6,propio,,0,tronco,14,0,4C2BAEB7
7F3D6033,Alix La Fontaine,8,basara,3,0,tronco,1,0,2801F46B
7F3D6033,Alix La Fontaine,8,basara,3,0,tronco,3,0,FD4F28EE
7F3D6033,Alix La Fontaine,8,basara,3,0,rama1,8,0,2097421C
7F3D6033,Alix La Fontaine,8,basara,3,0,rama1,12,0,47B73F79
7F3D6033,Alix La Fontaine,8,basara,3,0,rama1,15,0,72125C90
7F3D6033,Alix La Fontaine,8,basara,3,0,rama2,18,0,2097421C
7F3D6033,Alix La Fontaine,8,basara,3,0,rama2,22,0,47B73F79
7F3D6033,Alix La Fontaine,8,basara,3,0,rama2,25,0,72125C90
7F3D6033,Alix La Fontaine,8,basara,1,1,tronco,1,0,2801F46B
7F3D6033,Alix La Fontaine,8,basara,1,1,tronco,3,0,FD4F28EE
7F3D6033,Alix La Fontaine,8,basara,1,1,rama1,8,0,2097421C
7F3D6033,Alix La Fontaine,8,basara,1,1,rama1,12,0,CF6EEDEE
7F3D6033,Alix La Fontaine,8,basara,1,1,rama1,15,0,595EEA99
7F3D6033,Alix La Fontaine,8,basara,1,1,rama2,18,0,2097421C
7F3D6033,Alix La Fontaine,8,basara,1,1,rama2,22,0,CF6EEDEE
7F3D6033,Alix La Fontaine,8,basara,1,1,rama2,25,0,595EEA99
7F3D6033,Alix La Fontaine,8,basara,4,2,tronco,1,0,2801F46B
7F3D6033,Alix La Fontaine,8,basara,4,2,tronco,3,0,FD4F28EE
7F3D6033,Alix La Fontaine,8,basara,4,2,rama1,8,0,2097421C
7F3D6033,Alix La Fontaine,8,basara,4,2,rama1,12,0,41436E70
7F3D6033,Alix La Fontaine,8,basara,4,2,rama1,15,0,32FAAE67
7F3D6033,Alix La Fontaine,8,basara,4,2,rama2,18,0,2097421C
7F3D6033,Alix La Fontaine,8,basara,4,2,rama2,22,0,41436E70
7F3D6033,Alix La Fontaine,8,basara,4,2,rama2,25,0,32FAAE67
7F3D6033,Alix La Fontaine,8,basara,2,3,tronco,1,0,2801F46B
7F3D6033,Alix La Fontaine,8,basara,2,3,tronco,3,0,FD4F28EE
7F3D6033,Alix La Fontaine,8,basara,2,3,rama1,8,0,2097421C
7F3D6033,Alix La Fontaine,8,basara,2,3,rama1,12,0,186FF180
7F3D6033,Alix La Fontaine,8,basara,2,3,rama1,15,0,C99ABCE7
7F3D6033,Alix La Fontaine,8,basara,2,3,rama2,18,0,2097421C
7F3D6033,Alix La Fontaine,8,basara,2,3,rama2,22,0,186FF180
7F3D6033,Alix La Fontaine,8,basara,2,3,rama2,25,0,C99ABCE7
7F3D6033,Alix La Fontaine,8,basara,0,4,tronco,1,0,2801F46B
7F3D6033,Alix La Fontaine,8,basara,0,4,tronco,3,0,FD4F28EE
7F3D6033,Alix La Fontaine,8,basara,0,4,rama1,8,0,2097421C
7F3D6033,Alix La Fontaine,8,basara,0,4,rama1,12,0,84E41252
7F3D6033,Alix La Fontaine,8,basara,0,4,rama1,15,0,B14171BB
7F3D6033,Alix La Fontaine,8,basara,0,4,rama2,18,0,2097421C
7F3D6033,Alix La Fontaine,8,basara,0,4,rama2,22,0,84E41252
7F3D6033,Alix La Fontaine,8,basara,0,4,rama2,25,0,B14171BB
7F3D6033,Alix La Fontaine,8,basara,5,5,tronco,1,0,1AF12A5C
7F3D6033,Alix La Fontaine,8,basara,5,5,tronco,3,0,16D4E13E
7F3D6033,Alix La Fontaine,8,basara,5,5,rama1,8,0,CBAB818A
7F3D6033,Alix La Fontaine,8,basara,5,5,rama1,12,0,9642721E
7F3D6033,Alix La Fontaine,8,basara,5,5,rama1,15,0,4C2BAEB7
7F3D6033,Alix La Fontaine,8,basara,5,5,rama2,18,0,CBAB818A
7F3D6033,Alix La Fontaine,8,basara,5,5,rama2,22,0,9642721E
7F3D6033,Alix La Fontaine,8,basara,5,5,rama2,25,0,4C2BAEB7
CAB19A09,Alix La Fontaine,7,propio,,0,tronco,1,0,2097421C
CAB19A09,Alix La Fontaine,7,propio,,0,tronco,3,0,90BE2221
CAB19A09,Alix La Fontaine,7,propio,,0,tronco,7,0,90BE2221
CAB19A09,Alix La Fontaine,7,propio,,0,tronco,11,0,84E41252
CAB19A09,Alix La Fontaine,7,propio,,0,tronco,14,0,B14171BB
47D313A5,Archer Hawkins,8,basara,3,0,tronco,1,0,16D4E13E
47D313A5,Archer Hawkins,8,basara,3,0,tronco,3,0,13E09DFC
47D313A5,Archer Hawkins,8,basara,3,0,rama1,8,0,94734F73
47D313A5,Archer Hawkins,8,basara,3,0,rama1,12,0,47B73F79
47D313A5,Archer Hawkins,8,basara,3,0,rama1,15,0,72125C90
47D313A5,Archer Hawkins,8,basara,3,0,rama2,18,0,94734F73
47D313A5,Archer Hawkins,8,basara,3,0,rama2,22,0,47B73F79
47D313A5,Archer Hawkins,8,basara,3,0,rama2,25,0,72125C90
47D313A5,Archer Hawkins,8,basara,1,1,tronco,1,0,16D4E13E
47D313A5,Archer Hawkins,8,basara,1,1,tronco,3,0,13E09DFC
47D313A5,Archer Hawkins,8,basara,1,1,rama1,8,0,94734F73
47D313A5,Archer Hawkins,8,basara,1,1,rama1,12,0,CF6EEDEE
47D313A5,Archer Hawkins,8,basara,1,1,rama1,15,0,595EEA99
47D313A5,Archer Hawkins,8,basara,1,1,rama2,18,0,94734F73
47D313A5,Archer Hawkins,8,basara,1,1,rama2,22,0,CF6EEDEE
47D313A5,Archer Hawkins,8,basara,1,1,rama2,25,0,595EEA99
47D313A5,Archer Hawkins,8,basara,4,2,tronco,1,0,16D4E13E
47D313A5,Archer Hawkins,8,basara,4,2,tronco,3,0,13E09DFC
47D313A5,Archer Hawkins,8,basara,4,2,rama1,8,0,94734F73
47D313A5,Archer Hawkins,8,basara,4,2,rama1,12,0,41436E70
47D313A5,Archer Hawkins,8,basara,4,2,rama1,15,0,32FAAE67
47D313A5,Archer Hawkins,8,basara,4,2,rama2,18,0,94734F73
47D313A5,Archer Hawkins,8,basara,4,2,rama2,22,0,41436E70
47D313A5,Archer Hawkins,8,basara,4,2,rama2,25,0,32FAAE67
47D313A5,Archer Hawkins,8,basara,2,3,tronco,1,0,16D4E13E
47D313A5,Archer Hawkins,8,basara,2,3,tronco,3,0,13E09DFC
47D313A5,Archer Hawkins,8,basara,2,3,rama1,8,0,94734F73
47D313A5,Archer Hawkins,8,basara,2,3,rama1,12,0,186FF180
47D313A5,Archer Hawkins,8,basara,2,3,rama1,15,0,C99ABCE7
47D313A5,Archer Hawkins,8,basara,2,3,rama2,18,0,94734F73
47D313A5,Archer Hawkins,8,basara,2,3,rama2,22,0,C99ABCE7
47D313A5,Archer Hawkins,8,basara,2,3,rama2,25,0,186FF180
47D313A5,Archer Hawkins,8,basara,0,4,tronco,1,0,16D4E13E
47D313A5,Archer Hawkins,8,basara,0,4,tronco,3,0,13E09DFC
47D313A5,Archer Hawkins,8,basara,0,4,rama1,8,0,94734F73
47D313A5,Archer Hawkins,8,basara,0,4,rama1,12,0,84E41252
47D313A5,Archer Hawkins,8,basara,0,4,rama1,15,0,B14171BB
47D313A5,Archer Hawkins,8,basara,0,4,rama2,18,0,94734F73
47D313A5,Archer Hawkins,8,basara,0,4,rama2,22,0,84E41252
47D313A5,Archer Hawkins,8,basara,0,4,rama2,25,0,B14171BB
47D313A5,Archer Hawkins,8,basara,5,5,tronco,1,0,CC86396D
47D313A5,Archer Hawkins,8,basara,5,5,tronco,3,0,F9235A84
47D313A5,Archer Hawkins,8,basara,5,5,rama1,8,0,A1D62C9A
47D313A5,Archer Hawkins,8,basara,5,5,rama1,12,0,9642721E
47D313A5,Archer Hawkins,8,basara,5,5,rama1,15,0,4C2BAEB7
47D313A5,Archer Hawkins,8,basara,5,5,rama2,18,0,A1D62C9A
47D313A5,Archer Hawkins,8,basara,5,5,rama2,22,0,9642721E
47D313A5,Archer Hawkins,8,basara,5,5,rama2,25,0,4C2BAEB7
47D313A5,Archer Hawkins,8,propio,,0,tronco,1,0,9321DA68
47D313A5,Archer Hawkins,8,propio,,0,tronco,3,0,E0981A7F
47D313A5,Archer Hawkins,8,propio,,0,rama1,8,0,C642F034
47D313A5,Archer Hawkins,8,propio,,0,rama1,12,0,E5849FF5
47D313A5,Archer Hawkins,8,propio,,0,rama1,15,0,58F82E8B
47D313A5,Archer Hawkins,8,propio,,0,rama2,18,0,6ED45544
47D313A5,Archer Hawkins,8,propio,,0,rama2,22,0,E5849FF5
47D313A5,Archer Hawkins,8,propio,,0,rama2,25,0,58F82E8B
5C37780E,Archer Hawkins,5,propio,,0,tronco,1,0,A1D62C9A
5C37780E,Archer Hawkins,5,propio,,0,tronco,3,0,16D4E13E
5C37780E,Archer Hawkins,5,propio,,0,tronco,7,0,16D4E13E
5C37780E,Archer Hawkins,5,propio,,0,tronco,11,0,41436E70
5C37780E,Archer Hawkins,5,propio,,0,tronco,14,0,32FAAE67
75FFCCFC,Archer Hawkins,7,propio,,0,tronco,1,0,A1D62C9A
75FFCCFC,Archer Hawkins,7,propio,,0,tronco,3,0,16D4E13E
75FFCCFC,Archer Hawkins,7,propio,,0,tronco,7,0,16D4E13E
75FFCCFC,Archer Hawkins,7,propio,,0,tronco,11,0,84E41252
75FFCCFC,Archer Hawkins,7,propio,,0,tronco,14,0,B14171BB
0502906E,Arculus Orbes,6,propio,,0,tronco,1,0,1CAA9DE4
0502906E,Arculus Orbes,6,propio,,0,tronco,3,0,FD4F28EE
0502906E,Arculus Orbes,6,propio,,0,tronco,7,0,E9B407A5
0502906E,Arculus Orbes,6,propio,,0,tronco,11,0,C99ABCE7
0502906E,Arculus Orbes,6,propio,,0,tronco,14,0,186FF180
2CCA249C,Arculus Orbes,7,propio,,0,tronco,1,0,1CAA9DE4
2CCA249C,Arculus Orbes,7,propio,,0,tronco,3,0,FD4F28EE
2CCA249C,Arculus Orbes,7,propio,,0,tronco,7,0,E9B407A5
2CCA249C,Arculus Orbes,7,propio,,0,tronco,11,0,CF6EEDEE
2CCA249C,Arculus Orbes,7,propio,,0,tronco,14,0,595EEA99
372E4F37,Arculus Orbes,8,basara,3,0,tronco,1,0,F5D99E99
372E4F37,Arculus Orbes,8,basara,3,0,tronco,3,0,1CAA9DE4
372E4F37,Arculus Orbes,8,basara,3,0,rama1,8,0,F9235A84
372E4F37,Arculus Orbes,8,basara,3,0,rama1,12,0,47B73F79
372E4F37,Arculus Orbes,8,basara,3,0,rama1,15,0,72125C90
372E4F37,Arculus Orbes,8,basara,3,0,rama2,18,0,F9235A84
372E4F37,Arculus Orbes,8,basara,3,0,rama2,22,0,47B73F79
372E4F37,Arculus Orbes,8,basara,3,0,rama2,25,0,72125C90
372E4F37,Arculus Orbes,8,basara,1,1,tronco,1,0,F5D99E99
372E4F37,Arculus Orbes,8,basara,1,1,tronco,3,0,1CAA9DE4
372E4F37,Arculus Orbes,8,basara,1,1,rama1,8,0,F9235A84
372E4F37,Arculus Orbes,8,basara,1,1,rama1,12,0,CF6EEDEE
372E4F37,Arculus Orbes,8,basara,1,1,rama1,15,0,595EEA99
372E4F37,Arculus Orbes,8,basara,1,1,rama2,18,0,F9235A84
372E4F37,Arculus Orbes,8,basara,1,1,rama2,22,0,CF6EEDEE
372E4F37,Arculus Orbes,8,basara,1,1,rama2,25,0,595EEA99
372E4F37,Arculus Orbes,8,basara,4,2,tronco,1,0,F5D99E99
372E4F37,Arculus Orbes,8,basara,4,2,tronco,3,0,1CAA9DE4
372E4F37,Arculus Orbes,8,basara,4,2,rama1,8,0,F9235A84
372E4F37,Arculus Orbes,8,basara,4,2,rama1,12,0,41436E70
372E4F37,Arculus Orbes,8,basara,4,2,rama1,15,0,32FAAE67
372E4F37,Arculus Orbes,8,basara,4,2,rama2,18,0,F9235A84
372E4F37,Arculus Orbes,8,basara,4,2,rama2,22,0,41436E70
372E4F37,Arculus Orbes,8,basara,4,2,rama2,25,0,32FAAE67
372E4F37,Arculus Orbes,8,basara,2,3,tronco,1,0,F5D99E99
372E4F37,Arculus Orbes,8,basara,2,3,tronco,3,0,1CAA9DE4
372E4F37,Arculus Orbes,8,basara,2,3,rama1,8,0,F9235A84
372E4F37,Arculus Orbes,8,basara,2,3,rama1,12,0,186FF180
372E4F37,Arculus Orbes,8,basara,2,3,rama1,15,0,C99ABCE7
372E4F37,Arculus Orbes,8,basara,2,3,rama2,18,0,F9235A84
372E4F37,Arculus Orbes,8,basara,2,3,rama2,22,0,186FF180
372E4F37,Arculus Orbes,8,basara,2,3,rama2,25,0,C99ABCE7
372E4F37,Arculus Orbes,8,basara,0,4,tronco,1,0,F5D99E99
372E4F37,Arculus Orbes,8,basara,0,4,tronco,3,0,1CAA9DE4
372E4F37,Arculus Orbes,8,basara,0,4,rama1,8,0,F9235A84
372E4F37,Arculus Orbes,8,basara,0,4,rama1,12,0,84E41252
372E4F37,Arculus Orbes,8,basara,0,4,rama1,15,0,B14171BB
372E4F37,Arculus Orbes,8,basara,0,4,rama2,18,0,F9235A84
372E4F37,Arculus Orbes,8,basara,0,4,rama2,22,0,84E41252
372E4F37,Arculus Orbes,8,basara,0,4,rama2,25,0,B14171BB
372E4F37,Arculus Orbes,8,basara,5,5,tronco,1,0,F5D99E99
372E4F37,Arculus Orbes,8,basara,5,5,tronco,3,0,1CAA9DE4
372E4F37,Arculus Orbes,8,basara,5,5,rama1,8,0,F9235A84
372E4F37,Arculus Orbes,8,basara,5,5,rama1,12,0,9642721E
372E4F37,Arculus Orbes,8,basara,5,5,rama1,15,0,4C2BAEB7
372E4F37,Arculus Orbes,8,basara,5,5,rama2,18,0,F9235A84
372E4F37,Arculus Orbes,8,basara,5,5,rama2,22,0,9642721E
372E4F37,Arculus Orbes,8,basara,5,5,rama2,25,0,4C2BAEB7
0D176028,Arion Sherwind,6,propio,,0,tronco,1,0,1CAA9DE4
0D176028,Arion Sherwind,6,propio,,0,tronco,3,0,E9B407A5
0D176028,Arion Sherwind,6,propio,,0,tronco,7,0,E8A7749E
0D176028,Arion Sherwind,6,propio,,0,tronco,11,0,C99ABCE7
0D176028,Arion Sherwind,6,propio,,0,tronco,14,0,186FF180
24DFD4DA,Arion Sherwind,7,propio,,0,tronco,1,0,1CAA9DE4
24DFD4DA,Arion Sherwind,7,propio,,0,tronco,3,0,E9B407A5
24DFD4DA,Arion Sherwind,7,propio,,0,tronco,7,0,E8A7749E
24DFD4DA,Arion Sherwind,7,propio,,0,tronco,11,0,CF6EEDEE
24DFD4DA,Arion Sherwind,7,propio,,0,tronco,14,0,595EEA99
3F3BBF71,Arion Sherwind,8,basara,3,0,tronco,1,0,16D4E13E
3F3BBF71,Arion Sherwind,8,basara,3,0,tronco,3,0,1CAA9DE4
3F3BBF71,Arion Sherwind,8,basara,3,0,rama1,8,0,B812419D
3F3BBF71,Arion Sherwind,8,basara,3,0,rama1,12,0,47B73F79
3F3BBF71,Arion Sherwind,8,basara,3,0,rama1,15,0,72125C90
3F3BBF71,Arion Sherwind,8,basara,3,0,rama2,18,0,B812419D
3F3BBF71,Arion Sherwind,8,basara,3,0,rama2,22,0,47B73F79
3F3BBF71,Arion Sherwind,8,basara,3,0,rama2,25,0,72125C90
3F3BBF71,Arion Sherwind,8,basara,1,1,tronco,1,0,16D4E13E
3F3BBF71,Arion Sherwind,8,basara,1,1,tronco,3,0,1CAA9DE4
3F3BBF71,Arion Sherwind,8,basara,1,1,rama1,8,0,B812419D
3F3BBF71,Arion Sherwind,8,basara,1,1,rama1,12,0,CF6EEDEE
3F3BBF71,Arion Sherwind,8,basara,1,1,rama1,15,0,595EEA99
3F3BBF71,Arion Sherwind,8,basara,1,1,rama2,18,0,B812419D
3F3BBF71,Arion Sherwind,8,basara,1,1,rama2,22,0,CF6EEDEE
3F3BBF71,Arion Sherwind,8,basara,1,1,rama2,25,0,595EEA99
3F3BBF71,Arion Sherwind,8,basara,4,2,tronco,1,0,16D4E13E
3F3BBF71,Arion Sherwind,8,basara,4,2,tronco,3,0,1CAA9DE4
3F3BBF71,Arion Sherwind,8,basara,4,2,rama1,8,0,B812419D
3F3BBF71,Arion Sherwind,8,basara,4,2,rama1,12,0,41436E70
3F3BBF71,Arion Sherwind,8,basara,4,2,rama1,15,0,32FAAE67
3F3BBF71,Arion Sherwind,8,basara,4,2,rama2,18,0,B812419D
3F3BBF71,Arion Sherwind,8,basara,4,2,rama2,22,0,41436E70
3F3BBF71,Arion Sherwind,8,basara,4,2,rama2,25,0,32FAAE67
3F3BBF71,Arion Sherwind,8,basara,2,3,tronco,1,0,16D4E13E
3F3BBF71,Arion Sherwind,8,basara,2,3,tronco,3,0,1CAA9DE4
3F3BBF71,Arion Sherwind,8,basara,2,3,rama1,8,0,B812419D
3F3BBF71,Arion Sherwind,8,basara,2,3,rama1,12,0,186FF180
3F3BBF71,Arion Sherwind,8,basara,2,3,rama1,15,0,C99ABCE7
3F3BBF71,Arion Sherwind,8,basara,2,3,rama2,18,0,B812419D
3F3BBF71,Arion Sherwind,8,basara,2,3,rama2,22,0,186FF180
3F3BBF71,Arion Sherwind,8,basara,2,3,rama2,25,0,C99ABCE7
3F3BBF71,Arion Sherwind,8,basara,0,4,tronco,1,0,16D4E13E
3F3BBF71,Arion Sherwind,8,basara,0,4,tronco,3,0,1CAA9DE4
3F3BBF71,Arion Sherwind,8,basara,0,4,rama1,8,0,B812419D
3F3BBF71,Arion Sherwind,8,basara,0,4,rama1,12,0,84E41252
3F3BBF71,Arion Sherwind,8,basara,0,4,rama1,15,0,B14171BB
3F3BBF71,Arion Sherwind,8,basara,0,4,rama2,18,0,B812419D
3F3BBF71,Arion Sherwind,8,basara,0,4,rama2,22,0,84E41252
3F3BBF71,Arion Sherwind,8,basara,0,4,rama2,25,0,B14171BB
3F3BBF71,Arion Sherwind,8,basara,5,5,tronco,1,0,16D4E13E
3F3BBF71,Arion Sherwind,8,basara,5,5,tronco,3,0,1CAA9DE4
3F3BBF71,Arion Sherwind,8,basara,5,5,rama1,8,0,B812419D
3F3BBF71,Arion Sherwind,8,basara,5,5,rama1,12,0,9642721E
3F3BBF71,Arion Sherwind,8,basara,5,5,rama1,15,0,4C2BAEB7
3F3BBF71,Arion Sherwind,8,basara,5,5,rama2,18,0,B812419D
3F3BBF71,Arion Sherwind,8,basara,5,5,rama2,22,0,9642721E
3F3BBF71,Arion Sherwind,8,basara,5,5,rama2,25,0,4C2BAEB7
3F3BBF71,Arion Sherwind,8,propio,,0,tronco,1,0,9321DA68
3F3BBF71,Arion Sherwind,8,propio,,0,tronco,3,0,E0981A7F
3F3BBF71,Arion Sherwind,8,propio,,0,rama1,8,0,C642F034
3F3BBF71,Arion Sherwind,8,propio,,0,rama1,12,0,E5849FF5
3F3BBF71,Arion Sherwind,8,propio,,0,rama1,15,0,58F82E8B
3F3BBF71,Arion Sherwind,8,propio,,0,rama2,18,0,6ED45544
3F3BBF71,Arion Sherwind,8,propio,,0,rama2,22,0,E5849FF5
3F3BBF71,Arion Sherwind,8,propio,,0,rama2,25,0,58F82E8B
5ED29F3F,Austin Hobbes,7,propio,,0,tronco,1,0,1CAA9DE4
5ED29F3F,Austin Hobbes,7,propio,,0,tronco,3,0,F9235A84
5ED29F3F,Austin Hobbes,7,propio,,0,tronco,7,0,E9B407A5
5ED29F3F,Austin Hobbes,7,propio,,0,tronco,11,0,CF6EEDEE
5ED29F3F,Austin Hobbes,7,propio,,0,tronco,14,0,595EEA99
6CFE4066,Austin Hobbes,8,basara,3,0,tronco,1,0,F5D99E99
6CFE4066,Austin Hobbes,8,basara,3,0,tronco,3,0,1CAA9DE4
6CFE4066,Austin Hobbes,8,basara,3,0,rama1,8,0,F9235A84
6CFE4066,Austin Hobbes,8,basara,3,0,rama1,12,0,47B73F79
6CFE4066,Austin Hobbes,8,basara,3,0,rama1,15,0,72125C90
6CFE4066,Austin Hobbes,8,basara,3,0,rama2,18,0,F9235A84
6CFE4066,Austin Hobbes,8,basara,3,0,rama2,22,0,47B73F79
6CFE4066,Austin Hobbes,8,basara,3,0,rama2,25,0,72125C90
6CFE4066,Austin Hobbes,8,basara,1,1,tronco,1,0,F5D99E99
6CFE4066,Austin Hobbes,8,basara,1,1,tronco,3,0,1CAA9DE4
6CFE4066,Austin Hobbes,8,basara,1,1,rama1,8,0,F9235A84
6CFE4066,Austin Hobbes,8,basara,1,1,rama1,12,0,CF6EEDEE
6CFE4066,Austin Hobbes,8,basara,1,1,rama1,15,0,595EEA99
6CFE4066,Austin Hobbes,8,basara,1,1,rama2,18,0,F9235A84
6CFE4066,Austin Hobbes,8,basara,1,1,rama2,22,0,CF6EEDEE
6CFE4066,Austin Hobbes,8,basara,1,1,rama2,25,0,595EEA99
6CFE4066,Austin Hobbes,8,basara,4,2,tronco,1,0,F5D99E99
6CFE4066,Austin Hobbes,8,basara,4,2,tronco,3,0,1CAA9DE4
6CFE4066,Austin Hobbes,8,basara,4,2,rama1,8,0,F9235A84
6CFE4066,Austin Hobbes,8,basara,4,2,rama1,12,0,41436E70
6CFE4066,Austin Hobbes,8,basara,4,2,rama1,15,0,32FAAE67
6CFE4066,Austin Hobbes,8,basara,4,2,rama2,18,0,F9235A84
6CFE4066,Austin Hobbes,8,basara,4,2,rama2,22,0,41436E70
6CFE4066,Austin Hobbes,8,basara,4,2,rama2,25,0,32FAAE67
6CFE4066,Austin Hobbes,8,basara,2,3,tronco,1,0,F5D99E99
6CFE4066,Austin Hobbes,8,basara,2,3,tronco,3,0,1CAA9DE4
6CFE4066,Austin Hobbes,8,basara,2,3,rama1,8,0,F9235A84
6CFE4066,Austin Hobbes,8,basara,2,3,rama1,12,0,186FF180
6CFE4066,Austin Hobbes,8,basara,2,3,rama1,15,0,C99ABCE7
6CFE4066,Austin Hobbes,8,basara,2,3,rama2,18,0,F9235A84
6CFE4066,Austin Hobbes,8,basara,2,3,rama2,22,0,186FF180
6CFE4066,Austin Hobbes,8,basara,2,3,rama2,25,0,C99ABCE7
6CFE4066,Austin Hobbes,8,basara,0,4,tronco,1,0,F5D99E99
6CFE4066,Austin Hobbes,8,basara,0,4,tronco,3,0,1CAA9DE4
6CFE4066,Austin Hobbes,8,basara,0,4,rama1,8,0,F9235A84
6CFE4066,Austin Hobbes,8,basara,0,4,rama1,12,0,84E41252
6CFE4066,Austin Hobbes,8,basara,0,4,rama1,15,0,B14171BB
6CFE4066,Austin Hobbes,8,basara,0,4,rama2,18,0,F9235A84
6CFE4066,Austin Hobbes,8,basara,0,4,rama2,22,0,84E41252
6CFE4066,Austin Hobbes,8,basara,0,4,rama2,25,0,B14171BB
6CFE4066,Austin Hobbes,8,basara,5,5,tronco,1,0,16D4E13E
6CFE4066,Austin Hobbes,8,basara,5,5,tronco,3,0,1CAA9DE4
6CFE4066,Austin Hobbes,8,basara,5,5,rama1,8,0,B812419D
6CFE4066,Austin Hobbes,8,basara,5,5,rama1,12,0,9642721E
6CFE4066,Austin Hobbes,8,basara,5,5,rama1,15,0,4C2BAEB7
6CFE4066,Austin Hobbes,8,basara,5,5,rama2,18,0,B812419D
6CFE4066,Austin Hobbes,8,basara,5,5,rama2,22,0,9642721E
6CFE4066,Austin Hobbes,8,basara,5,5,rama2,25,0,4C2BAEB7
6CFE4066,Austin Hobbes,8,propio,,0,tronco,1,0,9321DA68
6CFE4066,Austin Hobbes,8,propio,,0,tronco,3,0,E0981A7F
6CFE4066,Austin Hobbes,8,propio,,0,rama1,8,0,C642F034
6CFE4066,Austin Hobbes,8,propio,,0,rama1,12,0,E5849FF5
6CFE4066,Austin Hobbes,8,propio,,0,rama1,15,0,58F82E8B
6CFE4066,Austin Hobbes,8,propio,,0,rama2,18,0,6ED45544
6CFE4066,Austin Hobbes,8,propio,,0,rama2,22,0,E5849FF5
6CFE4066,Austin Hobbes,8,propio,,0,rama2,25,0,58F82E8B
771A2BCD,Austin Hobbes,5,propio,,0,tronco,1,0,1CAA9DE4
771A2BCD,Austin Hobbes,5,propio,,0,tronco,3,0,F9235A84
771A2BCD,Austin Hobbes,5,propio,,0,tronco,7,0,E9B407A5
771A2BCD,Austin Hobbes,5,propio,,0,tronco,11,0,47B73F79
771A2BCD,Austin Hobbes,5,propio,,0,tronco,14,0,72125C90
9634AFB0,Axel Blaze,6,propio,,0,tronco,1,0,1CAA9DE4
9634AFB0,Axel Blaze,6,propio,,0,tronco,3,0,F9235A84
9634AFB0,Axel Blaze,6,propio,,0,tronco,7,0,1CAA9DE4
9634AFB0,Axel Blaze,6,propio,,0,tronco,11,0,9642721E
9634AFB0,Axel Blaze,6,propio,,0,tronco,14,0,4C2BAEB7
A41870E9,Axel Blaze,8,propio,,0,tronco,1,0,9321DA68
A41870E9,Axel Blaze,8,propio,,0,tronco,3,0,E0981A7F
A41870E9,Axel Blaze,8,propio,,0,rama1,8,0,C642F034
A41870E9,Axel Blaze,8,propio,,0,rama1,12,0,E5849FF5
A41870E9,Axel Blaze,8,propio,,0,rama1,15,0,58F82E8B
A41870E9,Axel Blaze,8,propio,,0,rama2,18,0,6ED45544
A41870E9,Axel Blaze,8,propio,,0,rama2,22,0,E5849FF5
A41870E9,Axel Blaze,8,propio,,0,rama2,25,0,58F82E8B
BFFC1B42,Axel Blaze,7,propio,,0,tronco,1,0,1CAA9DE4
BFFC1B42,Axel Blaze,7,propio,,0,tronco,3,0,F9235A84
BFFC1B42,Axel Blaze,7,propio,,0,tronco,7,0,1CAA9DE4
BFFC1B42,Axel Blaze,7,propio,,0,tronco,11,0,CF6EEDEE
BFFC1B42,Axel Blaze,7,propio,,0,tronco,14,0,595EEA99
D1B08725,Bai Long,7,propio,,0,tronco,1,0,1CAA9DE4
D1B08725,Bai Long,7,propio,,0,tronco,3,0,CBAB818A
D1B08725,Bai Long,7,propio,,0,tronco,7,0,1CAA9DE4
D1B08725,Bai Long,7,propio,,0,tronco,11,0,84E41252
D1B08725,Bai Long,7,propio,,0,tronco,14,0,B14171BB
E39C587C,Bai Long,8,basara,3,0,tronco,1,0,F5D99E99
E39C587C,Bai Long,8,basara,3,0,tronco,3,0,1CAA9DE4
E39C587C,Bai Long,8,basara,3,0,rama1,8,0,F9235A84
E39C587C,Bai Long,8,basara,3,0,rama1,12,0,47B73F79
E39C587C,Bai Long,8,basara,3,0,rama1,15,0,72125C90
E39C587C,Bai Long,8,basara,3,0,rama2,18,0,F9235A84
E39C587C,Bai Long,8,basara,3,0,rama2,22,0,47B73F79
E39C587C,Bai Long,8,basara,3,0,rama2,25,0,72125C90
E39C587C,Bai Long,8,basara,1,1,tronco,1,0,F5D99E99
E39C587C,Bai Long,8,basara,1,1,tronco,3,0,1CAA9DE4
E39C587C,Bai Long,8,basara,1,1,rama1,8,0,F9235A84
E39C587C,Bai Long,8,basara,1,1,rama1,12,0,CF6EEDEE
E39C587C,Bai Long,8,basara,1,1,rama1,15,0,595EEA99
E39C587C,Bai Long,8,basara,1,1,rama2,18,0,F9235A84
E39C587C,Bai Long,8,basara,1,1,rama2,22,0,CF6EEDEE
E39C587C,Bai Long,8,basara,1,1,rama2,25,0,595EEA99
E39C587C,Bai Long,8,basara,4,2,tronco,1,0,F5D99E99
E39C587C,Bai Long,8,basara,4,2,tronco,3,0,1CAA9DE4
E39C587C,Bai Long,8,basara,4,2,rama1,8,0,F9235A84
E39C587C,Bai Long,8,basara,4,2,rama1,12,0,41436E70
E39C587C,Bai Long,8,basara,4,2,rama1,15,0,32FAAE67
E39C587C,Bai Long,8,basara,4,2,rama2,18,0,F9235A84
E39C587C,Bai Long,8,basara,4,2,rama2,22,0,41436E70
E39C587C,Bai Long,8,basara,4,2,rama2,25,0,32FAAE67
E39C587C,Bai Long,8,basara,2,3,tronco,1,0,F5D99E99
E39C587C,Bai Long,8,basara,2,3,tronco,3,0,1CAA9DE4
E39C587C,Bai Long,8,basara,2,3,rama1,8,0,F9235A84
E39C587C,Bai Long,8,basara,2,3,rama1,12,0,186FF180
E39C587C,Bai Long,8,basara,2,3,rama1,15,0,C99ABCE7
E39C587C,Bai Long,8,basara,2,3,rama2,18,0,F9235A84
E39C587C,Bai Long,8,basara,2,3,rama2,22,0,186FF180
E39C587C,Bai Long,8,basara,2,3,rama2,25,0,C99ABCE7
E39C587C,Bai Long,8,basara,0,4,tronco,1,0,F5D99E99
E39C587C,Bai Long,8,basara,0,4,tronco,3,0,1CAA9DE4
E39C587C,Bai Long,8,basara,0,4,rama1,8,0,F9235A84
E39C587C,Bai Long,8,basara,0,4,rama1,12,0,84E41252
E39C587C,Bai Long,8,basara,0,4,rama1,15,0,B14171BB
E39C587C,Bai Long,8,basara,0,4,rama2,18,0,F9235A84
E39C587C,Bai Long,8,basara,0,4,rama2,22,0,84E41252
E39C587C,Bai Long,8,basara,0,4,rama2,25,0,B14171BB
E39C587C,Bai Long,8,basara,5,5,tronco,1,0,F5D99E99
E39C587C,Bai Long,8,basara,5,5,tronco,3,0,1CAA9DE4
E39C587C,Bai Long,8,basara,5,5,rama1,8,0,F9235A84
E39C587C,Bai Long,8,basara,5,5,rama1,12,0,9642721E
E39C587C,Bai Long,8,basara,5,5,rama1,15,0,4C2BAEB7
E39C587C,Bai Long,8,basara,5,5,rama2,18,0,F9235A84
E39C587C,Bai Long,8,basara,5,5,rama2,22,0,9642721E
E39C587C,Bai Long,8,basara,5,5,rama2,25,0,4C2BAEB7
E39C587C,Bai Long,8,propio,,0,tronco,1,0,9321DA68
E39C587C,Bai Long,8,propio,,0,tronco,3,0,E0981A7F
E39C587C,Bai Long,8,propio,,0,rama1,8,0,C642F034
E39C587C,Bai Long,8,propio,,0,rama1,12,0,E5849FF5
E39C587C,Bai Long,8,propio,,0,rama1,15,0,58F82E8B
E39C587C,Bai Long,8,propio,,0,rama2,18,0,6ED45544
E39C587C,Bai Long,8,propio,,0,rama2,22,0,E5849FF5
E39C587C,Bai Long,8,propio,,0,rama2,25,0,58F82E8B
F87833D7,Bai Long,5,propio,,0,tronco,1,0,1CAA9DE4
F87833D7,Bai Long,5,propio,,0,tronco,3,0,CBAB818A
F87833D7,Bai Long,5,propio,,0,tronco,7,0,1CAA9DE4
F87833D7,Bai Long,5,propio,,0,tronco,11,0,41436E70
F87833D7,Bai Long,5,propio,,0,tronco,14,0,32FAAE67
8033C66B,Bash Lancer,5,propio,,0,tronco,1,0,1CAA9DE4
8033C66B,Bash Lancer,5,propio,,0,tronco,3,0,1AF12A5C
8033C66B,Bash Lancer,5,propio,,0,tronco,7,0,1CAA9DE4
8033C66B,Bash Lancer,5,propio,,0,tronco,11,0,41436E70
8033C66B,Bash Lancer,5,propio,,0,tronco,14,0,32FAAE67
A9FB7299,Bash Lancer,7,propio,,0,tronco,1,0,1CAA9DE4
A9FB7299,Bash Lancer,7,propio,,0,tronco,3,0,1AF12A5C
A9FB7299,Bash Lancer,7,propio,,0,tronco,7,0,1CAA9DE4
A9FB7299,Bash Lancer,7,propio,,0,tronco,11,0,CF6EEDEE
A9FB7299,Bash Lancer,7,propio,,0,tronco,14,0,595EEA99
B21F1932,Bash Lancer,8,basara,3,0,tronco,1,0,F5D99E99
B21F1932,Bash Lancer,8,basara,3,0,tronco,3,0,1CAA9DE4
B21F1932,Bash Lancer,8,basara,3,0,rama1,8,0,F9235A84
B21F1932,Bash Lancer,8,basara,3,0,rama1,12,0,47B73F79
B21F1932,Bash Lancer,8,basara,3,0,rama1,15,0,72125C90
B21F1932,Bash Lancer,8,basara,3,0,rama2,18,0,F9235A84
B21F1932,Bash Lancer,8,basara,3,0,rama2,22,0,47B73F79
B21F1932,Bash Lancer,8,basara,3,0,rama2,25,0,72125C90
B21F1932,Bash Lancer,8,basara,1,1,tronco,1,0,F5D99E99
B21F1932,Bash Lancer,8,basara,1,1,tronco,3,0,1CAA9DE4
B21F1932,Bash Lancer,8,basara,1,1,rama1,8,0,F9235A84
B21F1932,Bash Lancer,8,basara,1,1,rama1,12,0,CF6EEDEE
B21F1932,Bash Lancer,8,basara,1,1,rama1,15,0,595EEA99
B21F1932,Bash Lancer,8,basara,1,1,rama2,18,0,F9235A84
B21F1932,Bash Lancer,8,basara,1,1,rama2,22,0,CF6EEDEE
B21F1932,Bash Lancer,8,basara,1,1,rama2,25,0,595EEA99
B21F1932,Bash Lancer,8,basara,4,2,tronco,1,0,F5D99E99
B21F1932,Bash Lancer,8,basara,4,2,tronco,3,0,1CAA9DE4
B21F1932,Bash Lancer,8,basara,4,2,rama1,8,0,F9235A84
B21F1932,Bash Lancer,8,basara,4,2,rama1,12,0,41436E70
B21F1932,Bash Lancer,8,basara,4,2,rama1,15,0,32FAAE67
B21F1932,Bash Lancer,8,basara,4,2,rama2,18,0,F9235A84
B21F1932,Bash Lancer,8,basara,4,2,rama2,22,0,41436E70
B21F1932,Bash Lancer,8,basara,4,2,rama2,25,0,32FAAE67
B21F1932,Bash Lancer,8,basara,2,3,tronco,1,0,F5D99E99
B21F1932,Bash Lancer,8,basara,2,3,tronco,3,0,1CAA9DE4
B21F1932,Bash Lancer,8,basara,2,3,rama1,8,0,F9235A84
B21F1932,Bash Lancer,8,basara,2,3,rama1,12,0,186FF180
B21F1932,Bash Lancer,8,basara,2,3,rama1,15,0,C99ABCE7
B21F1932,Bash Lancer,8,basara,2,3,rama2,18,0,F9235A84
B21F1932,Bash Lancer,8,basara,2,3,rama2,22,0,186FF180
B21F1932,Bash Lancer,8,basara,2,3,rama2,25,0,C99ABCE7
B21F1932,Bash Lancer,8,basara,0,4,tronco,1,0,F5D99E99
B21F1932,Bash Lancer,8,basara,0,4,tronco,3,0,1CAA9DE4
B21F1932,Bash Lancer,8,basara,0,4,rama1,8,0,F9235A84
B21F1932,Bash Lancer,8,basara,0,4,rama1,12,0,84E41252
B21F1932,Bash Lancer,8,basara,0,4,rama1,15,0,B14171BB
B21F1932,Bash Lancer,8,basara,0,4,rama2,18,0,F9235A84
B21F1932,Bash Lancer,8,basara,0,4,rama2,22,0,84E41252
B21F1932,Bash Lancer,8,basara,0,4,rama2,25,0,B14171BB
B21F1932,Bash Lancer,8,basara,5,5,tronco,1,0,F5D99E99
B21F1932,Bash Lancer,8,basara,5,5,tronco,3,0,1CAA9DE4
B21F1932,Bash Lancer,8,basara,5,5,rama1,8,0,F9235A84
B21F1932,Bash Lancer,8,basara,5,5,rama1,12,0,9642721E
B21F1932,Bash Lancer,8,basara,5,5,rama1,15,0,4C2BAEB7
B21F1932,Bash Lancer,8,basara,5,5,rama2,18,0,F9235A84
B21F1932,Bash Lancer,8,basara,5,5,rama2,22,0,9642721E
B21F1932,Bash Lancer,8,basara,5,5,rama2,25,0,4C2BAEB7
B21F1932,Bash Lancer,8,propio,,0,tronco,1,0,9321DA68
B21F1932,Bash Lancer,8,propio,,0,tronco,3,0,E0981A7F
B21F1932,Bash Lancer,8,propio,,0,rama1,8,0,C642F034
B21F1932,Bash Lancer,8,propio,,0,rama1,12,0,E5849FF5
B21F1932,Bash Lancer,8,propio,,0,rama1,15,0,58F82E8B
B21F1932,Bash Lancer,8,propio,,0,rama2,18,0,6ED45544
B21F1932,Bash Lancer,8,propio,,0,rama2,22,0,E5849FF5
B21F1932,Bash Lancer,8,propio,,0,rama2,25,0,58F82E8B
260F257E,Basile Hardy,8,basara,3,0,tronco,1,0,F5D99E99
260F257E,Basile Hardy,8,basara,3,0,tronco,3,0,1CAA9DE4
260F257E,Basile Hardy,8,basara,3,0,rama1,8,0,F9235A84
260F257E,Basile Hardy,8,basara,3,0,rama1,12,0,47B73F79
260F257E,Basile Hardy,8,basara,3,0,rama1,15,0,72125C90
260F257E,Basile Hardy,8,basara,3,0,rama2,18,0,F9235A84
260F257E,Basile Hardy,8,basara,3,0,rama2,22,0,47B73F79
260F257E,Basile Hardy,8,basara,3,0,rama2,25,0,72125C90
260F257E,Basile Hardy,8,basara,1,1,tronco,1,0,F5D99E99
260F257E,Basile Hardy,8,basara,1,1,tronco,3,0,1CAA9DE4
260F257E,Basile Hardy,8,basara,1,1,rama1,8,0,F9235A84
260F257E,Basile Hardy,8,basara,1,1,rama1,12,0,CF6EEDEE
260F257E,Basile Hardy,8,basara,1,1,rama1,15,0,595EEA99
260F257E,Basile Hardy,8,basara,1,1,rama2,18,0,F9235A84
260F257E,Basile Hardy,8,basara,1,1,rama2,22,0,CF6EEDEE
260F257E,Basile Hardy,8,basara,1,1,rama2,25,0,595EEA99
260F257E,Basile Hardy,8,basara,4,2,tronco,1,0,F5D99E99
260F257E,Basile Hardy,8,basara,4,2,tronco,3,0,1CAA9DE4
260F257E,Basile Hardy,8,basara,4,2,rama1,8,0,F9235A84
260F257E,Basile Hardy,8,basara,4,2,rama1,12,0,41436E70
260F257E,Basile Hardy,8,basara,4,2,rama1,15,0,32FAAE67
260F257E,Basile Hardy,8,basara,4,2,rama2,18,0,F9235A84
260F257E,Basile Hardy,8,basara,4,2,rama2,22,0,41436E70
260F257E,Basile Hardy,8,basara,4,2,rama2,25,0,32FAAE67
260F257E,Basile Hardy,8,basara,2,3,tronco,1,0,F5D99E99
260F257E,Basile Hardy,8,basara,2,3,tronco,3,0,1CAA9DE4
260F257E,Basile Hardy,8,basara,2,3,rama1,8,0,F9235A84
260F257E,Basile Hardy,8,basara,2,3,rama1,12,0,186FF180
260F257E,Basile Hardy,8,basara,2,3,rama1,15,0,C99ABCE7
260F257E,Basile Hardy,8,basara,2,3,rama2,18,0,F9235A84
260F257E,Basile Hardy,8,basara,2,3,rama2,22,0,186FF180
260F257E,Basile Hardy,8,basara,2,3,rama2,25,0,C99ABCE7
260F257E,Basile Hardy,8,basara,0,4,tronco,1,0,F5D99E99
260F257E,Basile Hardy,8,basara,0,4,tronco,3,0,1CAA9DE4
260F257E,Basile Hardy,8,basara,0,4,rama1,8,0,F9235A84
260F257E,Basile Hardy,8,basara,0,4,rama1,12,0,84E41252
260F257E,Basile Hardy,8,basara,0,4,rama1,15,0,B14171BB
260F257E,Basile Hardy,8,basara,0,4,rama2,18,0,F9235A84
260F257E,Basile Hardy,8,basara,0,4,rama2,22,0,84E41252
260F257E,Basile Hardy,8,basara,0,4,rama2,25,0,B14171BB
3DEB4ED5,Basile Hardy,6,propio,,0,tronco,1,0,1CAA9DE4
3DEB4ED5,Basile Hardy,6,propio,,0,tronco,3,0,F9235A84
3DEB4ED5,Basile Hardy,6,propio,,0,tronco,7,0,1CAA9DE4
3DEB4ED5,Basile Hardy,6,propio,,0,tronco,11,0,9642721E
3DEB4ED5,Basile Hardy,6,propio,,0,tronco,14,0,4C2BAEB7
9383DF44,Basile Hardy,7,propio,,0,tronco,1,0,1CAA9DE4
9383DF44,Basile Hardy,7,propio,,0,tronco,3,0,F9235A84
9383DF44,Basile Hardy,7,propio,,0,tronco,7,0,1CAA9DE4
9383DF44,Basile Hardy,7,propio,,0,tronco,11,0,798ECD5E
9383DF44,Basile Hardy,7,propio,,0,tronco,14,0,595EEA99
4B619D06,Bellatrix,6,propio,,0,tronco,1,0,E8A7749E
4B619D06,Bellatrix,6,propio,,0,tronco,3,0,16D4E13E
4B619D06,Bellatrix,6,propio,,0,tronco,7,0,1CAA9DE4
4B619D06,Bellatrix,6,propio,,0,tronco,11,0,9642721E
4B619D06,Bellatrix,6,propio,,0,tronco,14,0,4C2BAEB7
5085F6AD,Bellatrix,8,basara,3,0,tronco,1,0,16D4E13E
5085F6AD,Bellatrix,8,basara,3,0,tronco,3,0,1CAA9DE4
5085F6AD,Bellatrix,8,basara,3,0,rama1,8,0,B812419D
5085F6AD,Bellatrix,8,basara,3,0,rama1,12,0,47B73F79
5085F6AD,Bellatrix,8,basara,3,0,rama1,15,0,72125C90
5085F6AD,Bellatrix,8,basara,3,0,rama2,18,0,B812419D
5085F6AD,Bellatrix,8,basara,3,0,rama2,22,0,47B73F79
5085F6AD,Bellatrix,8,basara,3,0,rama2,25,0,72125C90
5085F6AD,Bellatrix,8,basara,1,1,tronco,1,0,16D4E13E
5085F6AD,Bellatrix,8,basara,1,1,tronco,3,0,1CAA9DE4
5085F6AD,Bellatrix,8,basara,1,1,rama1,8,0,B812419D
5085F6AD,Bellatrix,8,basara,1,1,rama1,12,0,CF6EEDEE
5085F6AD,Bellatrix,8,basara,1,1,rama1,15,0,595EEA99
5085F6AD,Bellatrix,8,basara,1,1,rama2,18,0,B812419D
5085F6AD,Bellatrix,8,basara,1,1,rama2,22,0,CF6EEDEE
5085F6AD,Bellatrix,8,basara,1,1,rama2,25,0,595EEA99
5085F6AD,Bellatrix,8,basara,4,2,tronco,1,0,16D4E13E
5085F6AD,Bellatrix,8,basara,4,2,tronco,3,0,1CAA9DE4
5085F6AD,Bellatrix,8,basara,4,2,rama1,8,0,B812419D
5085F6AD,Bellatrix,8,basara,4,2,rama1,12,0,41436E70
5085F6AD,Bellatrix,8,basara,4,2,rama1,15,0,32FAAE67
5085F6AD,Bellatrix,8,basara,4,2,rama2,18,0,B812419D
5085F6AD,Bellatrix,8,basara,4,2,rama2,22,0,41436E70
5085F6AD,Bellatrix,8,basara,4,2,rama2,25,0,32FAAE67
5085F6AD,Bellatrix,8,basara,2,3,tronco,1,0,16D4E13E
5085F6AD,Bellatrix,8,basara,2,3,tronco,3,0,1CAA9DE4
5085F6AD,Bellatrix,8,basara,2,3,rama1,8,0,B812419D
5085F6AD,Bellatrix,8,basara,2,3,rama1,12,0,186FF180
5085F6AD,Bellatrix,8,basara,2,3,rama1,15,0,C99ABCE7
5085F6AD,Bellatrix,8,basara,2,3,rama2,18,0,B812419D
5085F6AD,Bellatrix,8,basara,2,3,rama2,22,0,186FF180
5085F6AD,Bellatrix,8,basara,2,3,rama2,25,0,C99ABCE7
5085F6AD,Bellatrix,8,basara,0,4,tronco,1,0,16D4E13E
5085F6AD,Bellatrix,8,basara,0,4,tronco,3,0,1CAA9DE4
5085F6AD,Bellatrix,8,basara,0,4,rama1,8,0,B812419D
5085F6AD,Bellatrix,8,basara,0,4,rama1,12,0,84E41252
5085F6AD,Bellatrix,8,basara,0,4,rama1,15,0,B14171BB
5085F6AD,Bellatrix,8,basara,0,4,rama2,18,0,B812419D
5085F6AD,Bellatrix,8,basara,0,4,rama2,22,0,84E41252
5085F6AD,Bellatrix,8,basara,0,4,rama2,25,0,B14171BB
5085F6AD,Bellatrix,8,basara,5,5,tronco,1,0,90BE2221
5085F6AD,Bellatrix,8,basara,5,5,tronco,3,0,13E09DFC
5085F6AD,Bellatrix,8,basara,5,5,rama1,8,0,2097421C
5085F6AD,Bellatrix,8,basara,5,5,rama1,12,0,9642721E
5085F6AD,Bellatrix,8,basara,5,5,rama1,15,0,4C2BAEB7
5085F6AD,Bellatrix,8,basara,5,5,rama2,18,0,2097421C
5085F6AD,Bellatrix,8,basara,5,5,rama2,22,0,9642721E
5085F6AD,Bellatrix,8,basara,5,5,rama2,25,0,4C2BAEB7
62A929F4,Bellatrix,5,propio,,0,tronco,1,0,1CAA9DE4
62A929F4,Bellatrix,5,propio,,0,tronco,3,0,E8A7749E
62A929F4,Bellatrix,5,propio,,0,tronco,7,0,E8A7749E
62A929F4,Bellatrix,5,propio,,0,tronco,11,0,47B73F79
62A929F4,Bellatrix,5,propio,,0,tronco,14,0,72125C90
1C36A471,Beta,5,propio,,0,tronco,1,0,CBAB818A
1C36A471,Beta,5,propio,,0,tronco,3,0,CBAB818A
1C36A471,Beta,5,propio,,0,tronco,7,0,1CAA9DE4
1C36A471,Beta,5,propio,,0,tronco,11,0,47B73F79
1C36A471,Beta,5,propio,,0,tronco,14,0,72125C90
2E1A7B28,Beta,8,basara,3,0,tronco,1,0,F5D99E99
2E1A7B28,Beta,8,basara,3,0,tronco,3,0,1CAA9DE4
2E1A7B28,Beta,8,basara,3,0,rama1,8,0,F9235A84
2E1A7B28,Beta,8,basara,3,0,rama1,12,0,47B73F79
2E1A7B28,Beta,8,basara,3,0,rama1,15,0,72125C90
2E1A7B28,Beta,8,basara,3,0,rama2,18,0,F9235A84
2E1A7B28,Beta,8,basara,3,0,rama2,22,0,47B73F79
2E1A7B28,Beta,8,basara,3,0,rama2,25,0,72125C90
2E1A7B28,Beta,8,basara,1,1,tronco,1,0,F5D99E99
2E1A7B28,Beta,8,basara,1,1,tronco,3,0,1CAA9DE4
2E1A7B28,Beta,8,basara,1,1,rama1,8,0,F9235A84
2E1A7B28,Beta,8,basara,1,1,rama1,12,0,CF6EEDEE
2E1A7B28,Beta,8,basara,1,1,rama1,15,0,595EEA99
2E1A7B28,Beta,8,basara,1,1,rama2,18,0,F9235A84
2E1A7B28,Beta,8,basara,1,1,rama2,22,0,CF6EEDEE
2E1A7B28,Beta,8,basara,1,1,rama2,25,0,595EEA99
2E1A7B28,Beta,8,basara,4,2,tronco,1,0,F5D99E99
2E1A7B28,Beta,8,basara,4,2,tronco,3,0,1CAA9DE4
2E1A7B28,Beta,8,basara,4,2,rama1,8,0,F9235A84
2E1A7B28,Beta,8,basara,4,2,rama1,12,0,41436E70
2E1A7B28,Beta,8,basara,4,2,rama1,15,0,32FAAE67
2E1A7B28,Beta,8,basara,4,2,rama2,18,0,F9235A84
2E1A7B28,Beta,8,basara,4,2,rama2,22,0,41436E70
2E1A7B28,Beta,8,basara,4,2,rama2,25,0,32FAAE67
2E1A7B28,Beta,8,basara,2,3,tronco,1,0,F5D99E99
2E1A7B28,Beta,8,basara,2,3,tronco,3,0,1CAA9DE4
2E1A7B28,Beta,8,basara,2,3,rama1,8,0,F9235A84
2E1A7B28,Beta,8,basara,2,3,rama1,12,0,186FF180
2E1A7B28,Beta,8,basara,2,3,rama1,15,0,C99ABCE7
2E1A7B28,Beta,8,basara,2,3,rama2,18,0,F9235A84
2E1A7B28,Beta,8,basara,2,3,rama2,22,0,186FF180
2E1A7B28,Beta,8,basara,2,3,rama2,25,0,C99ABCE7
2E1A7B28,Beta,8,basara,0,4,tronco,1,0,F5D99E99
2E1A7B28,Beta,8,basara,0,4,tronco,3,0,1CAA9DE4
2E1A7B28,Beta,8,basara,0,4,rama1,8,0,F9235A84
2E1A7B28,Beta,8,basara,0,4,rama1,12,0,84E41252
2E1A7B28,Beta,8,basara,0,4,rama1,15,0,B14171BB
2E1A7B28,Beta,8,basara,0,4,rama2,18,0,F9235A84
2E1A7B28,Beta,8,basara,0,4,rama2,22,0,84E41252
2E1A7B28,Beta,8,basara,0,4,rama2,25,0,B14171BB
2E1A7B28,Beta,8,basara,5,5,tronco,1,0,F5D99E99
2E1A7B28,Beta,8,basara,5,5,tronco,3,0,1CAA9DE4
2E1A7B28,Beta,8,basara,5,5,rama1,8,0,F9235A84
2E1A7B28,Beta,8,basara,5,5,rama1,12,0,9642721E
2E1A7B28,Beta,8,basara,5,5,rama1,15,0,4C2BAEB7
2E1A7B28,Beta,8,basara,5,5,rama2,18,0,F9235A84
2E1A7B28,Beta,8,basara,5,5,rama2,22,0,9642721E
2E1A7B28,Beta,8,basara,5,5,rama2,25,0,4C2BAEB7
2E1A7B28,Beta,8,propio,,0,tronco,1,0,9321DA68
2E1A7B28,Beta,8,propio,,0,tronco,3,0,E0981A7F
2E1A7B28,Beta,8,propio,,0,rama1,8,0,C642F034
2E1A7B28,Beta,8,propio,,0,rama1,12,0,E5849FF5
2E1A7B28,Beta,8,propio,,0,rama1,15,0,58F82E8B
2E1A7B28,Beta,8,propio,,0,rama2,18,0,6ED45544
2E1A7B28,Beta,8,propio,,0,rama2,22,0,E5849FF5
2E1A7B28,Beta,8,propio,,0,rama2,25,0,58F82E8B
35FE1083,Beta,7,propio,,0,tronco,1,0,CBAB818A
35FE1083,Beta,7,propio,,0,tronco,3,0,CBAB818A
35FE1083,Beta,7,propio,,0,tronco,7,0,1CAA9DE4
35FE1083,Beta,7,propio,,0,tronco,11,0,84E41252
35FE1083,Beta,7,propio,,0,tronco,14,0,B14171BB
540A8E2B,Briar Bloomhurst,7,propio,,0,tronco,1,0,1CAA9DE4
540A8E2B,Briar Bloomhurst,7,propio,,0,tronco,3,0,CBAB818A
540A8E2B,Briar Bloomhurst,7,propio,,0,tronco,7,0,CBAB818A
540A8E2B,Briar Bloomhurst,7,propio,,0,tronco,11,0,CF6EEDEE
540A8E2B,Briar Bloomhurst,7,propio,,0,tronco,14,0,595EEA99
66265172,Briar Bloomhurst,8,basara,3,0,tronco,1,0,1AF12A5C
66265172,Briar Bloomhurst,8,basara,3,0,tronco,3,0,16D4E13E
66265172,Briar Bloomhurst,8,basara,3,0,rama1,8,0,CBAB818A
66265172,Briar Bloomhurst,8,basara,3,0,rama1,12,0,47B73F79
66265172,Briar Bloomhurst,8,basara,3,0,rama1,15,0,72125C90
66265172,Briar Bloomhurst,8,basara,3,0,rama2,18,0,CBAB818A
66265172,Briar Bloomhurst,8,basara,3,0,rama2,22,0,47B73F79
66265172,Briar Bloomhurst,8,basara,3,0,rama2,25,0,72125C90
66265172,Briar Bloomhurst,8,basara,1,1,tronco,1,0,1AF12A5C
66265172,Briar Bloomhurst,8,basara,1,1,tronco,3,0,16D4E13E
66265172,Briar Bloomhurst,8,basara,1,1,rama1,8,0,CBAB818A
66265172,Briar Bloomhurst,8,basara,1,1,rama1,12,0,CF6EEDEE
66265172,Briar Bloomhurst,8,basara,1,1,rama1,15,0,595EEA99
66265172,Briar Bloomhurst,8,basara,1,1,rama2,18,0,CBAB818A
66265172,Briar Bloomhurst,8,basara,1,1,rama2,22,0,CF6EEDEE
66265172,Briar Bloomhurst,8,basara,1,1,rama2,25,0,595EEA99
66265172,Briar Bloomhurst,8,basara,4,2,tronco,1,0,1AF12A5C
66265172,Briar Bloomhurst,8,basara,4,2,tronco,3,0,16D4E13E
66265172,Briar Bloomhurst,8,basara,4,2,rama1,8,0,CBAB818A
66265172,Briar Bloomhurst,8,basara,4,2,rama1,12,0,41436E70
66265172,Briar Bloomhurst,8,basara,4,2,rama1,15,0,32FAAE67
66265172,Briar Bloomhurst,8,basara,4,2,rama2,18,0,CBAB818A
66265172,Briar Bloomhurst,8,basara,4,2,rama2,22,0,41436E70
66265172,Briar Bloomhurst,8,basara,4,2,rama2,25,0,32FAAE67
66265172,Briar Bloomhurst,8,basara,2,3,tronco,1,0,1AF12A5C
66265172,Briar Bloomhurst,8,basara,2,3,tronco,3,0,16D4E13E
66265172,Briar Bloomhurst,8,basara,2,3,rama1,8,0,CBAB818A
66265172,Briar Bloomhurst,8,basara,2,3,rama1,12,0,186FF180
66265172,Briar Bloomhurst,8,basara,2,3,rama1,15,0,C99ABCE7
66265172,Briar Bloomhurst,8,basara,2,3,rama2,18,0,CBAB818A
66265172,Briar Bloomhurst,8,basara,2,3,rama2,22,0,186FF180
66265172,Briar Bloomhurst,8,basara,2,3,rama2,25,0,C99ABCE7
66265172,Briar Bloomhurst,8,basara,0,4,tronco,1,0,1AF12A5C
66265172,Briar Bloomhurst,8,basara,0,4,tronco,3,0,16D4E13E
66265172,Briar Bloomhurst,8,basara,0,4,rama1,8,0,CBAB818A
66265172,Briar Bloomhurst,8,basara,0,4,rama1,12,0,84E41252
66265172,Briar Bloomhurst,8,basara,0,4,rama1,15,0,B14171BB
66265172,Briar Bloomhurst,8,basara,0,4,rama2,18,0,CBAB818A
66265172,Briar Bloomhurst,8,basara,0,4,rama2,22,0,84E41252
66265172,Briar Bloomhurst,8,basara,0,4,rama2,25,0,B14171BB
66265172,Briar Bloomhurst,8,basara,5,5,tronco,1,0,16D4E13E
66265172,Briar Bloomhurst,8,basara,5,5,tronco,3,0,1CAA9DE4
66265172,Briar Bloomhurst,8,basara,5,5,rama1,8,0,B812419D
66265172,Briar Bloomhurst,8,basara,5,5,rama1,12,0,9642721E
66265172,Briar Bloomhurst,8,basara,5,5,rama1,15,0,4C2BAEB7
66265172,Briar Bloomhurst,8,basara,5,5,rama2,18,0,B812419D
66265172,Briar Bloomhurst,8,basara,5,5,rama2,22,0,9642721E
66265172,Briar Bloomhurst,8,basara,5,5,rama2,25,0,4C2BAEB7
66265172,Briar Bloomhurst,8,propio,,0,tronco,1,0,9321DA68
66265172,Briar Bloomhurst,8,propio,,0,tronco,3,0,E0981A7F
66265172,Briar Bloomhurst,8,propio,,0,rama1,8,0,C642F034
66265172,Briar Bloomhurst,8,propio,,0,rama1,12,0,E5849FF5
66265172,Briar Bloomhurst,8,propio,,0,rama1,15,0,58F82E8B
66265172,Briar Bloomhurst,8,propio,,0,rama2,18,0,6ED45544
66265172,Briar Bloomhurst,8,propio,,0,rama2,22,0,E5849FF5
66265172,Briar Bloomhurst,8,propio,,0,rama2,25,0,58F82E8B
7DC23AD9,Briar Bloomhurst,6,propio,,0,tronco,1,0,1CAA9DE4
7DC23AD9,Briar Bloomhurst,6,propio,,0,tronco,3,0,CBAB818A
7DC23AD9,Briar Bloomhurst,6,propio,,0,tronco,7,0,CBAB818A
7DC23AD9,Briar Bloomhurst,6,propio,,0,tronco,11,0,C99ABCE7
7DC23AD9,Briar Bloomhurst,6,propio,,0,tronco,14,0,186FF180
43AB265F,Buddy Fury,7,propio,,0,tronco,1,0,1CAA9DE4
43AB265F,Buddy Fury,7,propio,,0,tronco,3,0,D542546A
43AB265F,Buddy Fury,7,propio,,0,tronco,7,0,D542546A
43AB265F,Buddy Fury,7,propio,,0,tronco,11,0,CF6EEDEE
43AB265F,Buddy Fury,7,propio,,0,tronco,14,0,595EEA99
6A6392AD,Buddy Fury,5,propio,,0,tronco,1,0,E9B407A5
6A6392AD,Buddy Fury,5,propio,,0,tronco,3,0,B812419D
6A6392AD,Buddy Fury,5,propio,,0,tronco,7,0,B812419D
6A6392AD,Buddy Fury,5,propio,,0,tronco,11,0,41436E70
6A6392AD,Buddy Fury,5,propio,,0,tronco,14,0,32FAAE67
7187F906,Buddy Fury,8,basara,3,0,tronco,1,0,16D4E13E
7187F906,Buddy Fury,8,basara,3,0,tronco,3,0,CC86396D
7187F906,Buddy Fury,8,basara,3,0,rama1,8,0,D542546A
7187F906,Buddy Fury,8,basara,3,0,rama1,12,0,47B73F79
7187F906,Buddy Fury,8,basara,3,0,rama1,15,0,72125C90
7187F906,Buddy Fury,8,basara,3,0,rama2,18,0,D542546A
7187F906,Buddy Fury,8,basara,3,0,rama2,22,0,47B73F79
7187F906,Buddy Fury,8,basara,3,0,rama2,25,0,72125C90
7187F906,Buddy Fury,8,basara,1,1,tronco,1,0,16D4E13E
7187F906,Buddy Fury,8,basara,1,1,tronco,3,0,CC86396D
7187F906,Buddy Fury,8,basara,1,1,rama1,8,0,D542546A
7187F906,Buddy Fury,8,basara,1,1,rama1,12,0,CF6EEDEE
7187F906,Buddy Fury,8,basara,1,1,rama1,15,0,595EEA99
7187F906,Buddy Fury,8,basara,1,1,rama2,18,0,D542546A
7187F906,Buddy Fury,8,basara,1,1,rama2,22,0,CF6EEDEE
7187F906,Buddy Fury,8,basara,1,1,rama2,25,0,595EEA99
7187F906,Buddy Fury,8,basara,4,2,tronco,1,0,16D4E13E
7187F906,Buddy Fury,8,basara,4,2,tronco,3,0,CC86396D
7187F906,Buddy Fury,8,basara,4,2,rama1,8,0,D542546A
7187F906,Buddy Fury,8,basara,4,2,rama1,12,0,41436E70
7187F906,Buddy Fury,8,basara,4,2,rama1,15,0,32FAAE67
7187F906,Buddy Fury,8,basara,4,2,rama2,18,0,D542546A
7187F906,Buddy Fury,8,basara,4,2,rama2,22,0,41436E70
7187F906,Buddy Fury,8,basara,4,2,rama2,25,0,32FAAE67
7187F906,Buddy Fury,8,basara,2,3,tronco,1,0,16D4E13E
7187F906,Buddy Fury,8,basara,2,3,tronco,3,0,CC86396D
7187F906,Buddy Fury,8,basara,2,3,rama1,8,0,D542546A
7187F906,Buddy Fury,8,basara,2,3,rama1,12,0,186FF180
7187F906,Buddy Fury,8,basara,2,3,rama1,15,0,C99ABCE7
7187F906,Buddy Fury,8,basara,2,3,rama2,18,0,D542546A
7187F906,Buddy Fury,8,basara,2,3,rama2,22,0,186FF180
7187F906,Buddy Fury,8,basara,2,3,rama2,25,0,C99ABCE7
7187F906,Buddy Fury,8,basara,0,4,tronco,1,0,16D4E13E
7187F906,Buddy Fury,8,basara,0,4,tronco,3,0,CC86396D
7187F906,Buddy Fury,8,basara,0,4,rama1,8,0,D542546A
7187F906,Buddy Fury,8,basara,0,4,rama1,12,0,84E41252
7187F906,Buddy Fury,8,basara,0,4,rama1,15,0,B14171BB
7187F906,Buddy Fury,8,basara,0,4,rama2,18,0,D542546A
7187F906,Buddy Fury,8,basara,0,4,rama2,22,0,84E41252
7187F906,Buddy Fury,8,basara,0,4,rama2,25,0,B14171BB
7187F906,Buddy Fury,8,basara,5,5,tronco,1,0,16D4E13E
7187F906,Buddy Fury,8,basara,5,5,tronco,3,0,CC86396D
7187F906,Buddy Fury,8,basara,5,5,rama1,8,0,D542546A
7187F906,Buddy Fury,8,basara,5,5,rama1,12,0,9642721E
7187F906,Buddy Fury,8,basara,5,5,rama1,15,0,4C2BAEB7
7187F906,Buddy Fury,8,basara,5,5,rama2,18,0,D542546A
7187F906,Buddy Fury,8,basara,5,5,rama2,22,0,9642721E
7187F906,Buddy Fury,8,basara,5,5,rama2,25,0,4C2BAEB7
C95E9877,Buddy Fury,7,propio,,0,tronco,1,0,1CAA9DE4
C95E9877,Buddy Fury,7,propio,,0,tronco,3,0,D542546A
C95E9877,Buddy Fury,7,propio,,0,tronco,7,0,D542546A
C95E9877,Buddy Fury,7,propio,,0,tronco,11,0,CF6EEDEE
C95E9877,Buddy Fury,7,propio,,0,tronco,14,0,595EEA99
E0962C85,Buddy Fury,5,propio,,0,tronco,1,0,E9B407A5
E0962C85,Buddy Fury,5,propio,,0,tronco,3,0,B812419D
E0962C85,Buddy Fury,5,propio,,0,tronco,7,0,B812419D
E0962C85,Buddy Fury,5,propio,,0,tronco,11,0,41436E70
E0962C85,Buddy Fury,5,propio,,0,tronco,14,0,32FAAE67
FB72472E,Buddy Fury,8,basara,3,0,tronco,1,0,16D4E13E
FB72472E,Buddy Fury,8,basara,3,0,tronco,3,0,CC86396D
FB72472E,Buddy Fury,8,basara,3,0,rama1,8,0,D542546A
FB72472E,Buddy Fury,8,basara,3,0,rama1,12,0,47B73F79
FB72472E,Buddy Fury,8,basara,3,0,rama1,15,0,72125C90
FB72472E,Buddy Fury,8,basara,3,0,rama2,18,0,D542546A
FB72472E,Buddy Fury,8,basara,3,0,rama2,22,0,47B73F79
FB72472E,Buddy Fury,8,basara,3,0,rama2,25,0,72125C90
FB72472E,Buddy Fury,8,basara,1,1,tronco,1,0,16D4E13E
FB72472E,Buddy Fury,8,basara,1,1,tronco,3,0,CC86396D
FB72472E,Buddy Fury,8,basara,1,1,rama1,8,0,D542546A
FB72472E,Buddy Fury,8,basara,1,1,rama1,12,0,CF6EEDEE
FB72472E,Buddy Fury,8,basara,1,1,rama1,15,0,595EEA99
FB72472E,Buddy Fury,8,basara,1,1,rama2,18,0,D542546A
FB72472E,Buddy Fury,8,basara,1,1,rama2,22,0,CF6EEDEE
FB72472E,Buddy Fury,8,basara,1,1,rama2,25,0,595EEA99
FB72472E,Buddy Fury,8,basara,4,2,tronco,1,0,16D4E13E
FB72472E,Buddy Fury,8,basara,4,2,tronco,3,0,CC86396D
FB72472E,Buddy Fury,8,basara,4,2,rama1,8,0,D542546A
FB72472E,Buddy Fury,8,basara,4,2,rama1,12,0,41436E70
FB72472E,Buddy Fury,8,basara,4,2,rama1,15,0,32FAAE67
FB72472E,Buddy Fury,8,basara,4,2,rama2,18,0,D542546A
FB72472E,Buddy Fury,8,basara,4,2,rama2,22,0,41436E70
FB72472E,Buddy Fury,8,basara,4,2,rama2,25,0,32FAAE67
FB72472E,Buddy Fury,8,basara,2,3,tronco,1,0,16D4E13E
FB72472E,Buddy Fury,8,basara,2,3,tronco,3,0,CC86396D
FB72472E,Buddy Fury,8,basara,2,3,rama1,8,0,D542546A
FB72472E,Buddy Fury,8,basara,2,3,rama1,12,0,186FF180
FB72472E,Buddy Fury,8,basara,2,3,rama1,15,0,C99ABCE7
FB72472E,Buddy Fury,8,basara,2,3,rama2,18,0,D542546A
FB72472E,Buddy Fury,8,basara,2,3,rama2,22,0,186FF180
FB72472E,Buddy Fury,8,basara,2,3,rama2,25,0,C99ABCE7
FB72472E,Buddy Fury,8,basara,0,4,tronco,1,0,16D4E13E
FB72472E,Buddy Fury,8,basara,0,4,tronco,3,0,CC86396D
FB72472E,Buddy Fury,8,basara,0,4,rama1,8,0,D542546A
FB72472E,Buddy Fury,8,basara,0,4,rama1,12,0,84E41252
FB72472E,Buddy Fury,8,basara,0,4,rama1,15,0,B14171BB
FB72472E,Buddy Fury,8,basara,0,4,rama2,18,0,D542546A
FB72472E,Buddy Fury,8,basara,0,4,rama2,22,0,84E41252
FB72472E,Buddy Fury,8,basara,0,4,rama2,25,0,B14171BB
FB72472E,Buddy Fury,8,basara,5,5,tronco,1,0,16D4E13E
FB72472E,Buddy Fury,8,basara,5,5,tronco,3,0,CC86396D
FB72472E,Buddy Fury,8,basara,5,5,rama1,8,0,D542546A
FB72472E,Buddy Fury,8,basara,5,5,rama1,12,0,9642721E
FB72472E,Buddy Fury,8,basara,5,5,rama1,15,0,4C2BAEB7
FB72472E,Buddy Fury,8,basara,5,5,rama2,18,0,D542546A
FB72472E,Buddy Fury,8,basara,5,5,rama2,22,0,9642721E
FB72472E,Buddy Fury,8,basara,5,5,rama2,25,0,4C2BAEB7
09532D9F,Byron Love,5,propio,,0,tronco,1,0,1CAA9DE4
09532D9F,Byron Love,5,propio,,0,tronco,3,0,E8A7749E
09532D9F,Byron Love,5,propio,,0,tronco,7,0,E8A7749E
09532D9F,Byron Love,5,propio,,0,tronco,11,0,47B73F79
09532D9F,Byron Love,5,propio,,0,tronco,14,0,72125C90
12B74634,Byron Love,8,basara,3,0,tronco,1,0,16D4E13E
12B74634,Byron Love,8,basara,3,0,tronco,3,0,1CAA9DE4
12B74634,Byron Love,8,basara,3,0,rama1,8,0,B812419D
12B74634,Byron Love,8,basara,3,0,rama1,12,0,47B73F79
12B74634,Byron Love,8,basara,3,0,rama1,15,0,72125C90
12B74634,Byron Love,8,basara,3,0,rama2,18,0,B812419D
12B74634,Byron Love,8,basara,3,0,rama2,22,0,47B73F79
12B74634,Byron Love,8,basara,3,0,rama2,25,0,72125C90
12B74634,Byron Love,8,basara,1,1,tronco,1,0,16D4E13E
12B74634,Byron Love,8,basara,1,1,tronco,3,0,1CAA9DE4
12B74634,Byron Love,8,basara,1,1,rama1,8,0,B812419D
12B74634,Byron Love,8,basara,1,1,rama1,12,0,CF6EEDEE
12B74634,Byron Love,8,basara,1,1,rama1,15,0,595EEA99
12B74634,Byron Love,8,basara,1,1,rama2,18,0,B812419D
12B74634,Byron Love,8,basara,1,1,rama2,22,0,CF6EEDEE
12B74634,Byron Love,8,basara,1,1,rama2,25,0,595EEA99
12B74634,Byron Love,8,basara,4,2,tronco,1,0,16D4E13E
12B74634,Byron Love,8,basara,4,2,tronco,3,0,1CAA9DE4
12B74634,Byron Love,8,basara,4,2,rama1,8,0,B812419D
12B74634,Byron Love,8,basara,4,2,rama1,12,0,41436E70
12B74634,Byron Love,8,basara,4,2,rama1,15,0,32FAAE67
12B74634,Byron Love,8,basara,4,2,rama2,18,0,B812419D
12B74634,Byron Love,8,basara,4,2,rama2,22,0,41436E70
12B74634,Byron Love,8,basara,4,2,rama2,25,0,32FAAE67
12B74634,Byron Love,8,basara,2,3,tronco,1,0,16D4E13E
12B74634,Byron Love,8,basara,2,3,tronco,3,0,1CAA9DE4
12B74634,Byron Love,8,basara,2,3,rama1,8,0,B812419D
12B74634,Byron Love,8,basara,2,3,rama1,12,0,186FF180
12B74634,Byron Love,8,basara,2,3,rama1,15,0,C99ABCE7
12B74634,Byron Love,8,basara,2,3,rama2,18,0,B812419D
12B74634,Byron Love,8,basara,2,3,rama2,22,0,186FF180
12B74634,Byron Love,8,basara,2,3,rama2,25,0,C99ABCE7
12B74634,Byron Love,8,basara,0,4,tronco,1,0,16D4E13E
12B74634,Byron Love,8,basara,0,4,tronco,3,0,1CAA9DE4
12B74634,Byron Love,8,basara,0,4,rama1,8,0,B812419D
12B74634,Byron Love,8,basara,0,4,rama1,12,0,84E41252
12B74634,Byron Love,8,basara,0,4,rama1,15,0,B14171BB
12B74634,Byron Love,8,basara,0,4,rama2,18,0,B812419D
12B74634,Byron Love,8,basara,0,4,rama2,22,0,84E41252
12B74634,Byron Love,8,basara,0,4,rama2,25,0,B14171BB
12B74634,Byron Love,8,basara,5,5,tronco,1,0,16D4E13E
12B74634,Byron Love,8,basara,5,5,tronco,3,0,1CAA9DE4
12B74634,Byron Love,8,basara,5,5,rama1,8,0,B812419D
12B74634,Byron Love,8,basara,5,5,rama1,12,0,9642721E
12B74634,Byron Love,8,basara,5,5,rama1,15,0,4C2BAEB7
12B74634,Byron Love,8,basara,5,5,rama2,18,0,B812419D
12B74634,Byron Love,8,basara,5,5,rama2,22,0,9642721E
12B74634,Byron Love,8,basara,5,5,rama2,25,0,4C2BAEB7
12B74634,Byron Love,8,propio,,0,tronco,1,0,9321DA68
12B74634,Byron Love,8,propio,,0,tronco,3,0,E0981A7F
12B74634,Byron Love,8,propio,,0,rama1,8,0,C642F034
12B74634,Byron Love,8,propio,,0,rama1,12,0,E5849FF5
12B74634,Byron Love,8,propio,,0,rama1,15,0,58F82E8B
12B74634,Byron Love,8,propio,,0,rama2,18,0,6ED45544
12B74634,Byron Love,8,propio,,0,rama2,22,0,E5849FF5
12B74634,Byron Love,8,propio,,0,rama2,25,0,58F82E8B
209B996D,Byron Love,7,propio,,0,tronco,1,0,1CAA9DE4
209B996D,Byron Love,7,propio,,0,tronco,3,0,E8A7749E
209B996D,Byron Love,7,propio,,0,tronco,7,0,E8A7749E
209B996D,Byron Love,7,propio,,0,tronco,11,0,84E41252
209B996D,Byron Love,7,propio,,0,tronco,14,0,B14171BB
00B5CE9C,Cade Shelby,7,propio,,0,tronco,1,0,94734F73
00B5CE9C,Cade Shelby,7,propio,,0,tronco,3,0,94734F73
00B5CE9C,Cade Shelby,7,propio,,0,tronco,7,0,16D4E13E
00B5CE9C,Cade Shelby,7,propio,,0,tronco,11,0,CF6EEDEE
00B5CE9C,Cade Shelby,7,propio,,0,tronco,14,0,595EEA99
1B51A537,Cade Shelby,8,basara,3,0,tronco,1,0,16D4E13E
1B51A537,Cade Shelby,8,basara,3,0,tronco,3,0,13E09DFC
1B51A537,Cade Shelby,8,basara,3,0,rama1,8,0,94734F73
1B51A537,Cade Shelby,8,basara,3,0,rama1,12,0,47B73F79
1B51A537,Cade Shelby,8,basara,3,0,rama1,15,0,72125C90
1B51A537,Cade Shelby,8,basara,3,0,rama2,18,0,94734F73
1B51A537,Cade Shelby,8,basara,3,0,rama2,22,0,47B73F79
1B51A537,Cade Shelby,8,basara,3,0,rama2,25,0,72125C90
1B51A537,Cade Shelby,8,basara,1,1,tronco,1,0,16D4E13E
1B51A537,Cade Shelby,8,basara,1,1,tronco,3,0,13E09DFC
1B51A537,Cade Shelby,8,basara,1,1,rama1,8,0,94734F73
1B51A537,Cade Shelby,8,basara,1,1,rama1,12,0,CF6EEDEE
1B51A537,Cade Shelby,8,basara,1,1,rama1,15,0,595EEA99
1B51A537,Cade Shelby,8,basara,1,1,rama2,18,0,94734F73
1B51A537,Cade Shelby,8,basara,1,1,rama2,22,0,CF6EEDEE
1B51A537,Cade Shelby,8,basara,1,1,rama2,25,0,595EEA99
1B51A537,Cade Shelby,8,basara,4,2,tronco,1,0,16D4E13E
1B51A537,Cade Shelby,8,basara,4,2,tronco,3,0,13E09DFC
1B51A537,Cade Shelby,8,basara,4,2,rama1,8,0,94734F73
1B51A537,Cade Shelby,8,basara,4,2,rama1,12,0,41436E70
1B51A537,Cade Shelby,8,basara,4,2,rama1,15,0,32FAAE67
1B51A537,Cade Shelby,8,basara,4,2,rama2,18,0,94734F73
1B51A537,Cade Shelby,8,basara,4,2,rama2,22,0,41436E70
1B51A537,Cade Shelby,8,basara,4,2,rama2,25,0,32FAAE67
1B51A537,Cade Shelby,8,basara,2,3,tronco,1,0,16D4E13E
1B51A537,Cade Shelby,8,basara,2,3,tronco,3,0,13E09DFC
1B51A537,Cade Shelby,8,basara,2,3,rama1,8,0,94734F73
1B51A537,Cade Shelby,8,basara,2,3,rama1,12,0,186FF180
1B51A537,Cade Shelby,8,basara,2,3,rama1,15,0,C99ABCE7
1B51A537,Cade Shelby,8,basara,2,3,rama2,18,0,94734F73
1B51A537,Cade Shelby,8,basara,2,3,rama2,22,0,C99ABCE7
1B51A537,Cade Shelby,8,basara,2,3,rama2,25,0,186FF180
1B51A537,Cade Shelby,8,basara,0,4,tronco,1,0,16D4E13E
1B51A537,Cade Shelby,8,basara,0,4,tronco,3,0,13E09DFC
1B51A537,Cade Shelby,8,basara,0,4,rama1,8,0,94734F73
1B51A537,Cade Shelby,8,basara,0,4,rama1,12,0,84E41252
1B51A537,Cade Shelby,8,basara,0,4,rama1,15,0,B14171BB
1B51A537,Cade Shelby,8,basara,0,4,rama2,18,0,94734F73
1B51A537,Cade Shelby,8,basara,0,4,rama2,22,0,84E41252
1B51A537,Cade Shelby,8,basara,0,4,rama2,25,0,B14171BB
1B51A537,Cade Shelby,8,basara,5,5,tronco,1,0,2801F46B
1B51A537,Cade Shelby,8,basara,5,5,tronco,3,0,FD4F28EE
1B51A537,Cade Shelby,8,basara,5,5,rama1,8,0,2097421C
1B51A537,Cade Shelby,8,basara,5,5,rama1,12,0,9642721E
1B51A537,Cade Shelby,8,basara,5,5,rama1,15,0,4C2BAEB7
1B51A537,Cade Shelby,8,basara,5,5,rama2,18,0,2097421C
1B51A537,Cade Shelby,8,basara,5,5,rama2,22,0,9642721E
1B51A537,Cade Shelby,8,basara,5,5,rama2,25,0,4C2BAEB7
AEDD5F0D,Cade Shelby,6,propio,,0,tronco,1,0,94734F73
AEDD5F0D,Cade Shelby,6,propio,,0,tronco,3,0,94734F73
AEDD5F0D,Cade Shelby,6,propio,,0,tronco,7,0,16D4E13E
AEDD5F0D,Cade Shelby,6,propio,,0,tronco,11,0,C99ABCE7
AEDD5F0D,Cade Shelby,6,propio,,0,tronco,14,0,186FF180
08928562,Caleb Stonewall,8,basara,3,0,tronco,1,0,16D4E13E
08928562,Caleb Stonewall,8,basara,3,0,tronco,3,0,1CAA9DE4
08928562,Caleb Stonewall,8,basara,3,0,rama1,8,0,B812419D
08928562,Caleb Stonewall,8,basara,3,0,rama1,12,0,47B73F79
08928562,Caleb Stonewall,8,basara,3,0,rama1,15,0,72125C90
08928562,Caleb Stonewall,8,basara,3,0,rama2,18,0,B812419D
08928562,Caleb Stonewall,8,basara,3,0,rama2,22,0,47B73F79
08928562,Caleb Stonewall,8,basara,3,0,rama2,25,0,72125C90
08928562,Caleb Stonewall,8,basara,1,1,tronco,1,0,16D4E13E
08928562,Caleb Stonewall,8,basara,1,1,tronco,3,0,1CAA9DE4
08928562,Caleb Stonewall,8,basara,1,1,rama1,8,0,B812419D
08928562,Caleb Stonewall,8,basara,1,1,rama1,12,0,CF6EEDEE
08928562,Caleb Stonewall,8,basara,1,1,rama1,15,0,595EEA99
08928562,Caleb Stonewall,8,basara,1,1,rama2,18,0,B812419D
08928562,Caleb Stonewall,8,basara,1,1,rama2,22,0,CF6EEDEE
08928562,Caleb Stonewall,8,basara,1,1,rama2,25,0,595EEA99
08928562,Caleb Stonewall,8,basara,4,2,tronco,1,0,16D4E13E
08928562,Caleb Stonewall,8,basara,4,2,tronco,3,0,1CAA9DE4
08928562,Caleb Stonewall,8,basara,4,2,rama1,8,0,B812419D
08928562,Caleb Stonewall,8,basara,4,2,rama1,12,0,41436E70
08928562,Caleb Stonewall,8,basara,4,2,rama1,15,0,32FAAE67
08928562,Caleb Stonewall,8,basara,4,2,rama2,18,0,B812419D
08928562,Caleb Stonewall,8,basara,4,2,rama2,22,0,41436E70
08928562,Caleb Stonewall,8,basara,4,2,rama2,25,0,32FAAE67
08928562,Caleb Stonewall,8,basara,2,3,tronco,1,0,16D4E13E
08928562,Caleb Stonewall,8,basara,2,3,tronco,3,0,1CAA9DE4
08928562,Caleb Stonewall,8,basara,2,3,rama1,8,0,B812419D
08928562,Caleb Stonewall,8,basara,2,3,rama1,12,0,186FF180
08928562,Caleb Stonewall,8,basara,2,3,rama1,15,0,C99ABCE7
08928562,Caleb Stonewall,8,basara,2,3,rama2,18,0,B812419D
08928562,Caleb Stonewall,8,basara,2,3,rama2,22,0,186FF180
08928562,Caleb Stonewall,8,basara,2,3,rama2,25,0,C99ABCE7
08928562,Caleb Stonewall,8,basara,0,4,tronco,1,0,16D4E13E
08928562,Caleb Stonewall,8,basara,0,4,tronco,3,0,1CAA9DE4
08928562,Caleb Stonewall,8,basara,0,4,rama1,8,0,B812419D
08928562,Caleb Stonewall,8,basara,0,4,rama1,12,0,84E41252
08928562,Caleb Stonewall,8,basara,0,4,rama1,15,0,B14171BB
08928562,Caleb Stonewall,8,basara,0,4,rama2,18,0,B812419D
08928562,Caleb Stonewall,8,basara,0,4,rama2,22,0,84E41252
08928562,Caleb Stonewall,8,basara,0,4,rama2,25,0,B14171BB
08928562,Caleb Stonewall,8,basara,5,5,tronco,1,0,16D4E13E
08928562,Caleb Stonewall,8,basara,5,5,tronco,3,0,1CAA9DE4
08928562,Caleb Stonewall,8,basara,5,5,rama1,8,0,B812419D
08928562,Caleb Stonewall,8,basara,5,5,rama1,12,0,9642721E
08928562,Caleb Stonewall,8,basara,5,5,rama1,15,0,4C2BAEB7
08928562,Caleb Stonewall,8,basara,5,5,rama2,18,0,B812419D
08928562,Caleb Stonewall,8,basara,5,5,rama2,22,0,9642721E
08928562,Caleb Stonewall,8,basara,5,5,rama2,25,0,4C2BAEB7
08928562,Caleb Stonewall,8,propio,,0,tronco,1,0,9321DA68
08928562,Caleb Stonewall,8,propio,,0,tronco,3,0,E0981A7F
08928562,Caleb Stonewall,8,propio,,0,rama1,8,0,C642F034
08928562,Caleb Stonewall,8,propio,,0,rama1,12,0,E5849FF5
08928562,Caleb Stonewall,8,propio,,0,rama1,15,0,58F82E8B
08928562,Caleb Stonewall,8,propio,,0,rama2,18,0,6ED45544
08928562,Caleb Stonewall,8,propio,,0,rama2,22,0,E5849FF5
08928562,Caleb Stonewall,8,propio,,0,rama2,25,0,58F82E8B
1376EEC9,Caleb Stonewall,7,propio,,0,tronco,1,0,E9B407A5
1376EEC9,Caleb Stonewall,7,propio,,0,tronco,3,0,B812419D
1376EEC9,Caleb Stonewall,7,propio,,0,tronco,7,0,B812419D
1376EEC9,Caleb Stonewall,7,propio,,0,tronco,11,0,84E41252
1376EEC9,Caleb Stonewall,7,propio,,0,tronco,14,0,B14171BB
3ABE5A3B,Caleb Stonewall,5,propio,,0,tronco,1,0,E9B407A5
3ABE5A3B,Caleb Stonewall,5,propio,,0,tronco,3,0,B812419D
3ABE5A3B,Caleb Stonewall,5,propio,,0,tronco,7,0,B812419D
3ABE5A3B,Caleb Stonewall,5,propio,,0,tronco,11,0,41436E70
3ABE5A3B,Caleb Stonewall,5,propio,,0,tronco,14,0,32FAAE67
1B4B18EC,Cedric Freud,6,propio,,0,tronco,1,0,1CAA9DE4
1B4B18EC,Cedric Freud,6,propio,,0,tronco,3,0,D542546A
1B4B18EC,Cedric Freud,6,propio,,0,tronco,7,0,D542546A
1B4B18EC,Cedric Freud,6,propio,,0,tronco,11,0,C99ABCE7
1B4B18EC,Cedric Freud,6,propio,,0,tronco,14,0,186FF180
2967C7B5,Cedric Freud,8,basara,3,0,tronco,1,0,16D4E13E
2967C7B5,Cedric Freud,8,basara,3,0,tronco,3,0,1CAA9DE4
2967C7B5,Cedric Freud,8,basara,3,0,rama1,8,0,B812419D
2967C7B5,Cedric Freud,8,basara,3,0,rama1,12,0,47B73F79
2967C7B5,Cedric Freud,8,basara,3,0,rama1,15,0,72125C90
2967C7B5,Cedric Freud,8,basara,3,0,rama2,18,0,B812419D
2967C7B5,Cedric Freud,8,basara,3,0,rama2,22,0,47B73F79
2967C7B5,Cedric Freud,8,basara,3,0,rama2,25,0,72125C90
2967C7B5,Cedric Freud,8,basara,1,1,tronco,1,0,16D4E13E
2967C7B5,Cedric Freud,8,basara,1,1,tronco,3,0,1CAA9DE4
2967C7B5,Cedric Freud,8,basara,1,1,rama1,8,0,B812419D
2967C7B5,Cedric Freud,8,basara,1,1,rama1,12,0,CF6EEDEE
2967C7B5,Cedric Freud,8,basara,1,1,rama1,15,0,595EEA99
2967C7B5,Cedric Freud,8,basara,1,1,rama2,18,0,B812419D
2967C7B5,Cedric Freud,8,basara,1,1,rama2,22,0,CF6EEDEE
2967C7B5,Cedric Freud,8,basara,1,1,rama2,25,0,595EEA99
2967C7B5,Cedric Freud,8,basara,4,2,tronco,1,0,16D4E13E
2967C7B5,Cedric Freud,8,basara,4,2,tronco,3,0,1CAA9DE4
2967C7B5,Cedric Freud,8,basara,4,2,rama1,8,0,B812419D
2967C7B5,Cedric Freud,8,basara,4,2,rama1,12,0,41436E70
2967C7B5,Cedric Freud,8,basara,4,2,rama1,15,0,32FAAE67
2967C7B5,Cedric Freud,8,basara,4,2,rama2,18,0,B812419D
2967C7B5,Cedric Freud,8,basara,4,2,rama2,22,0,41436E70
2967C7B5,Cedric Freud,8,basara,4,2,rama2,25,0,32FAAE67
2967C7B5,Cedric Freud,8,basara,2,3,tronco,1,0,16D4E13E
2967C7B5,Cedric Freud,8,basara,2,3,tronco,3,0,1CAA9DE4
2967C7B5,Cedric Freud,8,basara,2,3,rama1,8,0,B812419D
2967C7B5,Cedric Freud,8,basara,2,3,rama1,12,0,186FF180
2967C7B5,Cedric Freud,8,basara,2,3,rama1,15,0,C99ABCE7
2967C7B5,Cedric Freud,8,basara,2,3,rama2,18,0,B812419D
2967C7B5,Cedric Freud,8,basara,2,3,rama2,22,0,186FF180
2967C7B5,Cedric Freud,8,basara,2,3,rama2,25,0,C99ABCE7
2967C7B5,Cedric Freud,8,basara,0,4,tronco,1,0,16D4E13E
2967C7B5,Cedric Freud,8,basara,0,4,tronco,3,0,1CAA9DE4
2967C7B5,Cedric Freud,8,basara,0,4,rama1,8,0,B812419D
2967C7B5,Cedric Freud,8,basara,0,4,rama1,12,0,84E41252
2967C7B5,Cedric Freud,8,basara,0,4,rama1,15,0,B14171BB
2967C7B5,Cedric Freud,8,basara,0,4,rama2,18,0,B812419D
2967C7B5,Cedric Freud,8,basara,0,4,rama2,22,0,84E41252
2967C7B5,Cedric Freud,8,basara,0,4,rama2,25,0,B14171BB
2967C7B5,Cedric Freud,8,basara,5,5,tronco,1,0,16D4E13E
2967C7B5,Cedric Freud,8,basara,5,5,tronco,3,0,CC86396D
2967C7B5,Cedric Freud,8,basara,5,5,rama1,8,0,D542546A
2967C7B5,Cedric Freud,8,basara,5,5,rama1,12,0,9642721E
2967C7B5,Cedric Freud,8,basara,5,5,rama1,15,0,4C2BAEB7
2967C7B5,Cedric Freud,8,basara,5,5,rama2,18,0,D542546A
2967C7B5,Cedric Freud,8,basara,5,5,rama2,22,0,9642721E
2967C7B5,Cedric Freud,8,basara,5,5,rama2,25,0,4C2BAEB7
3283AC1E,Cedric Freud,5,propio,,0,tronco,1,0,E8A7749E
3283AC1E,Cedric Freud,5,propio,,0,tronco,3,0,13E09DFC
3283AC1E,Cedric Freud,5,propio,,0,tronco,7,0,357F1E6C
3283AC1E,Cedric Freud,5,propio,,0,tronco,11,0,47B73F79
3283AC1E,Cedric Freud,5,propio,,0,tronco,14,0,72125C90
06864400,Circulus Corona,5,propio,,0,tronco,1,0,CBAB818A
06864400,Circulus Corona,5,propio,,0,tronco,3,0,CBAB818A
06864400,Circulus Corona,5,propio,,0,tronco,7,0,1CAA9DE4
06864400,Circulus Corona,5,propio,,0,tronco,11,0,47B73F79
06864400,Circulus Corona,5,propio,,0,tronco,14,0,72125C90
2F4EF0F2,Circulus Corona,6,propio,,0,tronco,1,0,1CAA9DE4
2F4EF0F2,Circulus Corona,6,propio,,0,tronco,3,0,F9235A84
2F4EF0F2,Circulus Corona,6,propio,,0,tronco,7,0,1CAA9DE4
2F4EF0F2,Circulus Corona,6,propio,,0,tronco,11,0,9642721E
2F4EF0F2,Circulus Corona,6,propio,,0,tronco,14,0,4C2BAEB7
34AA9B59,Circulus Corona,8,basara,3,0,tronco,1,0,F5D99E99
34AA9B59,Circulus Corona,8,basara,3,0,tronco,3,0,1CAA9DE4
34AA9B59,Circulus Corona,8,basara,3,0,rama1,8,0,F9235A84
34AA9B59,Circulus Corona,8,basara,3,0,rama1,12,0,47B73F79
34AA9B59,Circulus Corona,8,basara,3,0,rama1,15,0,72125C90
34AA9B59,Circulus Corona,8,basara,3,0,rama2,18,0,F9235A84
34AA9B59,Circulus Corona,8,basara,3,0,rama2,22,0,47B73F79
34AA9B59,Circulus Corona,8,basara,3,0,rama2,25,0,72125C90
34AA9B59,Circulus Corona,8,basara,1,1,tronco,1,0,F5D99E99
34AA9B59,Circulus Corona,8,basara,1,1,tronco,3,0,1CAA9DE4
34AA9B59,Circulus Corona,8,basara,1,1,rama1,8,0,F9235A84
34AA9B59,Circulus Corona,8,basara,1,1,rama1,12,0,CF6EEDEE
34AA9B59,Circulus Corona,8,basara,1,1,rama1,15,0,595EEA99
34AA9B59,Circulus Corona,8,basara,1,1,rama2,18,0,F9235A84
34AA9B59,Circulus Corona,8,basara,1,1,rama2,22,0,CF6EEDEE
34AA9B59,Circulus Corona,8,basara,1,1,rama2,25,0,595EEA99
34AA9B59,Circulus Corona,8,basara,4,2,tronco,1,0,F5D99E99
34AA9B59,Circulus Corona,8,basara,4,2,tronco,3,0,1CAA9DE4
34AA9B59,Circulus Corona,8,basara,4,2,rama1,8,0,F9235A84
34AA9B59,Circulus Corona,8,basara,4,2,rama1,12,0,41436E70
34AA9B59,Circulus Corona,8,basara,4,2,rama1,15,0,32FAAE67
34AA9B59,Circulus Corona,8,basara,4,2,rama2,18,0,F9235A84
34AA9B59,Circulus Corona,8,basara,4,2,rama2,22,0,41436E70
34AA9B59,Circulus Corona,8,basara,4,2,rama2,25,0,32FAAE67
34AA9B59,Circulus Corona,8,basara,2,3,tronco,1,0,F5D99E99
34AA9B59,Circulus Corona,8,basara,2,3,tronco,3,0,1CAA9DE4
34AA9B59,Circulus Corona,8,basara,2,3,rama1,8,0,F9235A84
34AA9B59,Circulus Corona,8,basara,2,3,rama1,12,0,186FF180
34AA9B59,Circulus Corona,8,basara,2,3,rama1,15,0,C99ABCE7
34AA9B59,Circulus Corona,8,basara,2,3,rama2,18,0,F9235A84
34AA9B59,Circulus Corona,8,basara,2,3,rama2,22,0,186FF180
34AA9B59,Circulus Corona,8,basara,2,3,rama2,25,0,C99ABCE7
34AA9B59,Circulus Corona,8,basara,0,4,tronco,1,0,F5D99E99
34AA9B59,Circulus Corona,8,basara,0,4,tronco,3,0,1CAA9DE4
34AA9B59,Circulus Corona,8,basara,0,4,rama1,8,0,F9235A84
34AA9B59,Circulus Corona,8,basara,0,4,rama1,12,0,84E41252
34AA9B59,Circulus Corona,8,basara,0,4,rama1,15,0,B14171BB
34AA9B59,Circulus Corona,8,basara,0,4,rama2,18,0,F9235A84
34AA9B59,Circulus Corona,8,basara,0,4,rama2,22,0,84E41252
34AA9B59,Circulus Corona,8,basara,0,4,rama2,25,0,B14171BB
34AA9B59,Circulus Corona,8,basara,5,5,tronco,1,0,F5D99E99
34AA9B59,Circulus Corona,8,basara,5,5,tronco,3,0,1CAA9DE4
34AA9B59,Circulus Corona,8,basara,5,5,rama1,8,0,F9235A84
34AA9B59,Circulus Corona,8,basara,5,5,rama1,12,0,9642721E
34AA9B59,Circulus Corona,8,basara,5,5,rama1,15,0,4C2BAEB7
34AA9B59,Circulus Corona,8,basara,5,5,rama2,18,0,F9235A84
34AA9B59,Circulus Corona,8,basara,5,5,rama2,22,0,9642721E
34AA9B59,Circulus Corona,8,basara,5,5,rama2,25,0,4C2BAEB7
D963436D,Darren LaChance,7,propio,,0,tronco,1,0,2097421C
D963436D,Darren LaChance,7,propio,,0,tronco,3,0,2801F46B
D963436D,Darren LaChance,7,propio,,0,tronco,7,0,2801F46B
D963436D,Darren LaChance,7,propio,,0,tronco,11,0,CF6EEDEE
D963436D,Darren LaChance,7,propio,,0,tronco,14,0,595EEA99
EB4F9C34,Darren LaChance,8,basara,3,0,tronco,1,0,90BE2221
EB4F9C34,Darren LaChance,8,basara,3,0,tronco,3,0,13E09DFC
EB4F9C34,Darren LaChance,8,basara,3,0,rama1,8,0,2097421C
EB4F9C34,Darren LaChance,8,basara,3,0,rama1,12,0,47B73F79
EB4F9C34,Darren LaChance,8,basara,3,0,rama1,15,0,72125C90
EB4F9C34,Darren LaChance,8,basara,3,0,rama2,18,0,2097421C
EB4F9C34,Darren LaChance,8,basara,3,0,rama2,22,0,47B73F79
EB4F9C34,Darren LaChance,8,basara,3,0,rama2,25,0,72125C90
EB4F9C34,Darren LaChance,8,basara,1,1,tronco,1,0,90BE2221
EB4F9C34,Darren LaChance,8,basara,1,1,tronco,3,0,13E09DFC
EB4F9C34,Darren LaChance,8,basara,1,1,rama1,8,0,2097421C
EB4F9C34,Darren LaChance,8,basara,1,1,rama1,12,0,CF6EEDEE
EB4F9C34,Darren LaChance,8,basara,1,1,rama1,15,0,595EEA99
EB4F9C34,Darren LaChance,8,basara,1,1,rama2,18,0,2097421C
EB4F9C34,Darren LaChance,8,basara,1,1,rama2,22,0,CF6EEDEE
EB4F9C34,Darren LaChance,8,basara,1,1,rama2,25,0,595EEA99
EB4F9C34,Darren LaChance,8,basara,4,2,tronco,1,0,90BE2221
EB4F9C34,Darren LaChance,8,basara,4,2,tronco,3,0,13E09DFC
EB4F9C34,Darren LaChance,8,basara,4,2,rama1,8,0,2097421C
EB4F9C34,Darren LaChance,8,basara,4,2,rama1,12,0,41436E70
EB4F9C34,Darren LaChance,8,basara,4,2,rama1,15,0,32FAAE67
EB4F9C34,Darren LaChance,8,basara,4,2,rama2,18,0,2097421C
EB4F9C34,Darren LaChance,8,basara,4,2,rama2,22,0,41436E70
EB4F9C34,Darren LaChance,8,basara,4,2,rama2,25,0,32FAAE67
EB4F9C34,Darren LaChance,8,basara,2,3,tronco,1,0,90BE2221
EB4F9C34,Darren LaChance,8,basara,2,3,tronco,3,0,13E09DFC
EB4F9C34,Darren LaChance,8,basara,2,3,rama1,8,0,2097421C
EB4F9C34,Darren LaChance,8,basara,2,3,rama1,12,0,186FF180
EB4F9C34,Darren LaChance,8,basara,2,3,rama1,15,0,C99ABCE7
EB4F9C34,Darren LaChance,8,basara,2,3,rama2,18,0,2097421C
EB4F9C34,Darren LaChance,8,basara,2,3,rama2,22,0,186FF180
EB4F9C34,Darren LaChance,8,basara,2,3,rama2,25,0,C99ABCE7
EB4F9C34,Darren LaChance,8,basara,0,4,tronco,1,0,90BE2221
EB4F9C34,Darren LaChance,8,basara,0,4,tronco,3,0,13E09DFC
EB4F9C34,Darren LaChance,8,basara,0,4,rama1,8,0,2097421C
EB4F9C34,Darren LaChance,8,basara,0,4,rama1,12,0,84E41252
EB4F9C34,Darren LaChance,8,basara,0,4,rama1,15,0,B14171BB
EB4F9C34,Darren LaChance,8,basara,0,4,rama2,18,0,2097421C
EB4F9C34,Darren LaChance,8,basara,0,4,rama2,22,0,84E41252
EB4F9C34,Darren LaChance,8,basara,0,4,rama2,25,0,B14171BB
EB4F9C34,Darren LaChance,8,basara,5,5,tronco,1,0,2801F46B
EB4F9C34,Darren LaChance,8,basara,5,5,tronco,3,0,FD4F28EE
EB4F9C34,Darren LaChance,8,basara,5,5,rama1,8,0,2097421C
EB4F9C34,Darren LaChance,8,basara,5,5,rama1,12,0,9642721E
EB4F9C34,Darren LaChance,8,basara,5,5,rama1,15,0,4C2BAEB7
EB4F9C34,Darren LaChance,8,basara,5,5,rama2,18,0,2097421C
EB4F9C34,Darren LaChance,8,basara,5,5,rama2,22,0,9642721E
EB4F9C34,Darren LaChance,8,basara,5,5,rama2,25,0,4C2BAEB7
EB4F9C34,Darren LaChance,8,propio,,0,tronco,1,0,9321DA68
EB4F9C34,Darren LaChance,8,propio,,0,tronco,3,0,E0981A7F
EB4F9C34,Darren LaChance,8,propio,,0,rama1,8,0,C642F034
EB4F9C34,Darren LaChance,8,propio,,0,rama1,12,0,E5849FF5
EB4F9C34,Darren LaChance,8,propio,,0,rama1,15,0,58F82E8B
EB4F9C34,Darren LaChance,8,propio,,0,rama2,18,0,6ED45544
EB4F9C34,Darren LaChance,8,propio,,0,rama2,22,0,E5849FF5
EB4F9C34,Darren LaChance,8,propio,,0,rama2,25,0,58F82E8B
F0ABF79F,Darren LaChance,5,propio,,0,tronco,1,0,2097421C
F0ABF79F,Darren LaChance,5,propio,,0,tronco,3,0,2801F46B
F0ABF79F,Darren LaChance,5,propio,,0,tronco,7,0,2801F46B
F0ABF79F,Darren LaChance,5,propio,,0,tronco,11,0,47B73F79
F0ABF79F,Darren LaChance,5,propio,,0,tronco,14,0,72125C90
4CD1D169,Dvalin,8,basara,3,0,tronco,1,0,2801F46B
4CD1D169,Dvalin,8,basara,3,0,tronco,3,0,FD4F28EE
4CD1D169,Dvalin,8,basara,3,0,rama1,8,0,2097421C
4CD1D169,Dvalin,8,basara,3,0,rama1,12,0,47B73F79
4CD1D169,Dvalin,8,basara,3,0,rama1,15,0,72125C90
4CD1D169,Dvalin,8,basara,3,0,rama2,18,0,2097421C
4CD1D169,Dvalin,8,basara,3,0,rama2,22,0,47B73F79
4CD1D169,Dvalin,8,basara,3,0,rama2,25,0,72125C90
4CD1D169,Dvalin,8,basara,1,1,tronco,1,0,2801F46B
4CD1D169,Dvalin,8,basara,1,1,tronco,3,0,FD4F28EE
4CD1D169,Dvalin,8,basara,1,1,rama1,8,0,2097421C
4CD1D169,Dvalin,8,basara,1,1,rama1,12,0,CF6EEDEE
4CD1D169,Dvalin,8,basara,1,1,rama1,15,0,595EEA99
4CD1D169,Dvalin,8,basara,1,1,rama2,18,0,2097421C
4CD1D169,Dvalin,8,basara,1,1,rama2,22,0,CF6EEDEE
4CD1D169,Dvalin,8,basara,1,1,rama2,25,0,595EEA99
4CD1D169,Dvalin,8,basara,4,2,tronco,1,0,2801F46B
4CD1D169,Dvalin,8,basara,4,2,tronco,3,0,FD4F28EE
4CD1D169,Dvalin,8,basara,4,2,rama1,8,0,2097421C
4CD1D169,Dvalin,8,basara,4,2,rama1,12,0,41436E70
4CD1D169,Dvalin,8,basara,4,2,rama1,15,0,32FAAE67
4CD1D169,Dvalin,8,basara,4,2,rama2,18,0,2097421C
4CD1D169,Dvalin,8,basara,4,2,rama2,22,0,41436E70
4CD1D169,Dvalin,8,basara,4,2,rama2,25,0,32FAAE67
4CD1D169,Dvalin,8,basara,2,3,tronco,1,0,2801F46B
4CD1D169,Dvalin,8,basara,2,3,tronco,3,0,FD4F28EE
4CD1D169,Dvalin,8,basara,2,3,rama1,8,0,2097421C
4CD1D169,Dvalin,8,basara,2,3,rama1,12,0,186FF180
4CD1D169,Dvalin,8,basara,2,3,rama1,15,0,C99ABCE7
4CD1D169,Dvalin,8,basara,2,3,rama2,18,0,2097421C
4CD1D169,Dvalin,8,basara,2,3,rama2,22,0,186FF180
4CD1D169,Dvalin,8,basara,2,3,rama2,25,0,C99ABCE7
4CD1D169,Dvalin,8,basara,0,4,tronco,1,0,2801F46B
4CD1D169,Dvalin,8,basara,0,4,tronco,3,0,FD4F28EE
4CD1D169,Dvalin,8,basara,0,4,rama1,8,0,2097421C
4CD1D169,Dvalin,8,basara,0,4,rama1,12,0,84E41252
4CD1D169,Dvalin,8,basara,0,4,rama1,15,0,B14171BB
4CD1D169,Dvalin,8,basara,0,4,rama2,18,0,2097421C
4CD1D169,Dvalin,8,basara,0,4,rama2,22,0,84E41252
4CD1D169,Dvalin,8,basara,0,4,rama2,25,0,B14171BB
4CD1D169,Dvalin,8,basara,5,5,tronco,1,0,90BE2221
4CD1D169,Dvalin,8,basara,5,5,tronco,3,0,13E09DFC
4CD1D169,Dvalin,8,basara,5,5,rama1,8,0,2097421C
4CD1D169,Dvalin,8,basara,5,5,rama1,12,0,9642721E
4CD1D169,Dvalin,8,basara,5,5,rama1,15,0,4C2BAEB7
4CD1D169,Dvalin,8,basara,5,5,rama2,18,0,2097421C
4CD1D169,Dvalin,8,basara,5,5,rama2,22,0,9642721E
4CD1D169,Dvalin,8,basara,5,5,rama2,25,0,4C2BAEB7
4CD1D169,Dvalin,8,propio,,0,tronco,1,0,9321DA68
4CD1D169,Dvalin,8,propio,,0,tronco,3,0,E0981A7F
4CD1D169,Dvalin,8,propio,,0,rama1,8,0,C642F034
4CD1D169,Dvalin,8,propio,,0,rama1,12,0,E5849FF5
4CD1D169,Dvalin,8,propio,,0,rama1,15,0,58F82E8B
4CD1D169,Dvalin,8,propio,,0,rama2,18,0,6ED45544
4CD1D169,Dvalin,8,propio,,0,rama2,22,0,E5849FF5
4CD1D169,Dvalin,8,propio,,0,rama2,25,0,58F82E8B
5735BAC2,Dvalin,7,propio,,0,tronco,1,0,2097421C
5735BAC2,Dvalin,7,propio,,0,tronco,3,0,90BE2221
5735BAC2,Dvalin,7,propio,,0,tronco,7,0,90BE2221
5735BAC2,Dvalin,7,propio,,0,tronco,11,0,84E41252
5735BAC2,Dvalin,7,propio,,0,tronco,14,0,B14171BB
7EFD0E30,Dvalin,5,propio,,0,tronco,1,0,2097421C
7EFD0E30,Dvalin,5,propio,,0,tronco,3,0,90BE2221
7EFD0E30,Dvalin,5,propio,,0,tronco,7,0,90BE2221
7EFD0E30,Dvalin,5,propio,,0,tronco,11,0,47B73F79
7EFD0E30,Dvalin,5,propio,,0,tronco,14,0,72125C90
CCC5B975,Dvalin,5,propio,,0,tronco,1,0,2097421C
CCC5B975,Dvalin,5,propio,,0,tronco,3,0,90BE2221
CCC5B975,Dvalin,5,propio,,0,tronco,7,0,90BE2221
CCC5B975,Dvalin,5,propio,,0,tronco,11,0,47B73F79
CCC5B975,Dvalin,5,propio,,0,tronco,14,0,72125C90
E50D0D87,Dvalin,7,propio,,0,tronco,1,0,2097421C
E50D0D87,Dvalin,7,propio,,0,tronco,3,0,90BE2221
E50D0D87,Dvalin,7,propio,,0,tronco,7,0,90BE2221
E50D0D87,Dvalin,7,propio,,0,tronco,11,0,84E41252
E50D0D87,Dvalin,7,propio,,0,tronco,14,0,B14171BB
FEE9662C,Dvalin,8,propio,,0,tronco,1,0,9321DA68
FEE9662C,Dvalin,8,propio,,0,tronco,3,0,E0981A7F
FEE9662C,Dvalin,8,propio,,0,rama1,8,0,C642F034
FEE9662C,Dvalin,8,propio,,0,rama1,12,0,E5849FF5
FEE9662C,Dvalin,8,propio,,0,rama1,15,0,58F82E8B
FEE9662C,Dvalin,8,propio,,0,rama2,18,0,6ED45544
FEE9662C,Dvalin,8,propio,,0,rama2,22,0,E5849FF5
FEE9662C,Dvalin,8,propio,,0,rama2,25,0,58F82E8B
105DB7FF,Elliot Ember,7,propio,,0,tronco,1,0,1CAA9DE4
105DB7FF,Elliot Ember,7,propio,,0,tronco,3,0,F9235A84
105DB7FF,Elliot Ember,7,propio,,0,tronco,7,0,CBAB818A
105DB7FF,Elliot Ember,7,propio,,0,tronco,11,0,84E41252
105DB7FF,Elliot Ember,7,propio,,0,tronco,14,0,B14171BB
97FD929C,Elliot Ember,5,propio,,0,tronco,1,0,8A9A9A93
97FD929C,Elliot Ember,5,propio,,0,tronco,3,0,8A9A9A93
97FD929C,Elliot Ember,5,propio,,0,tronco,7,0,1CAA9DE4
97FD929C,Elliot Ember,5,propio,,0,tronco,11,0,41436E70
97FD929C,Elliot Ember,5,propio,,0,tronco,14,0,32FAAE67
A5D14DC5,Elliot Ember,8,basara,3,0,tronco,1,0,1AF12A5C
A5D14DC5,Elliot Ember,8,basara,3,0,tronco,3,0,16D4E13E
A5D14DC5,Elliot Ember,8,basara,3,0,rama1,8,0,CBAB818A
A5D14DC5,Elliot Ember,8,basara,3,0,rama1,12,0,47B73F79
A5D14DC5,Elliot Ember,8,basara,3,0,rama1,15,0,72125C90
A5D14DC5,Elliot Ember,8,basara,3,0,rama2,18,0,CBAB818A
A5D14DC5,Elliot Ember,8,basara,3,0,rama2,22,0,47B73F79
A5D14DC5,Elliot Ember,8,basara,3,0,rama2,25,0,72125C90
A5D14DC5,Elliot Ember,8,basara,1,1,tronco,1,0,1AF12A5C
A5D14DC5,Elliot Ember,8,basara,1,1,tronco,3,0,16D4E13E
A5D14DC5,Elliot Ember,8,basara,1,1,rama1,8,0,CBAB818A
A5D14DC5,Elliot Ember,8,basara,1,1,rama1,12,0,CF6EEDEE
A5D14DC5,Elliot Ember,8,basara,1,1,rama1,15,0,595EEA99
A5D14DC5,Elliot Ember,8,basara,1,1,rama2,18,0,CBAB818A
A5D14DC5,Elliot Ember,8,basara,1,1,rama2,22,0,CF6EEDEE
A5D14DC5,Elliot Ember,8,basara,1,1,rama2,25,0,595EEA99
A5D14DC5,Elliot Ember,8,basara,4,2,tronco,1,0,1AF12A5C
A5D14DC5,Elliot Ember,8,basara,4,2,tronco,3,0,16D4E13E
A5D14DC5,Elliot Ember,8,basara,4,2,rama1,8,0,CBAB818A
A5D14DC5,Elliot Ember,8,basara,4,2,rama1,12,0,41436E70
A5D14DC5,Elliot Ember,8,basara,4,2,rama1,15,0,32FAAE67
A5D14DC5,Elliot Ember,8,basara,4,2,rama2,18,0,CBAB818A
A5D14DC5,Elliot Ember,8,basara,4,2,rama2,22,0,41436E70
A5D14DC5,Elliot Ember,8,basara,4,2,rama2,25,0,32FAAE67
A5D14DC5,Elliot Ember,8,basara,2,3,tronco,1,0,1AF12A5C
A5D14DC5,Elliot Ember,8,basara,2,3,tronco,3,0,16D4E13E
A5D14DC5,Elliot Ember,8,basara,2,3,rama1,8,0,CBAB818A
A5D14DC5,Elliot Ember,8,basara,2,3,rama1,12,0,186FF180
A5D14DC5,Elliot Ember,8,basara,2,3,rama1,15,0,C99ABCE7
A5D14DC5,Elliot Ember,8,basara,2,3,rama2,18,0,CBAB818A
A5D14DC5,Elliot Ember,8,basara,2,3,rama2,22,0,186FF180
A5D14DC5,Elliot Ember,8,basara,2,3,rama2,25,0,C99ABCE7
A5D14DC5,Elliot Ember,8,basara,0,4,tronco,1,0,1AF12A5C
A5D14DC5,Elliot Ember,8,basara,0,4,tronco,3,0,16D4E13E
A5D14DC5,Elliot Ember,8,basara,0,4,rama1,8,0,CBAB818A
A5D14DC5,Elliot Ember,8,basara,0,4,rama1,12,0,84E41252
A5D14DC5,Elliot Ember,8,basara,0,4,rama1,15,0,B14171BB
A5D14DC5,Elliot Ember,8,basara,0,4,rama2,18,0,CBAB818A
A5D14DC5,Elliot Ember,8,basara,0,4,rama2,22,0,84E41252
A5D14DC5,Elliot Ember,8,basara,0,4,rama2,25,0,B14171BB
A5D14DC5,Elliot Ember,8,basara,5,5,tronco,1,0,1AF12A5C
A5D14DC5,Elliot Ember,8,basara,5,5,tronco,3,0,16D4E13E
A5D14DC5,Elliot Ember,8,basara,5,5,rama1,8,0,CBAB818A
A5D14DC5,Elliot Ember,8,basara,5,5,rama1,12,0,9642721E
A5D14DC5,Elliot Ember,8,basara,5,5,rama1,15,0,4C2BAEB7
A5D14DC5,Elliot Ember,8,basara,5,5,rama2,18,0,CBAB818A
A5D14DC5,Elliot Ember,8,basara,5,5,rama2,22,0,9642721E
A5D14DC5,Elliot Ember,8,basara,5,5,rama2,25,0,4C2BAEB7
8E7039A0,Erik Eagle,8,basara,3,0,tronco,1,0,16D4E13E
8E7039A0,Erik Eagle,8,basara,3,0,tronco,3,0,1CAA9DE4
8E7039A0,Erik Eagle,8,basara,3,0,rama1,8,0,B812419D
8E7039A0,Erik Eagle,8,basara,3,0,rama1,12,0,47B73F79
8E7039A0,Erik Eagle,8,basara,3,0,rama1,15,0,72125C90
8E7039A0,Erik Eagle,8,basara,3,0,rama2,18,0,B812419D
8E7039A0,Erik Eagle,8,basara,3,0,rama2,22,0,47B73F79
8E7039A0,Erik Eagle,8,basara,3,0,rama2,25,0,72125C90
8E7039A0,Erik Eagle,8,basara,1,1,tronco,1,0,16D4E13E
8E7039A0,Erik Eagle,8,basara,1,1,tronco,3,0,1CAA9DE4
8E7039A0,Erik Eagle,8,basara,1,1,rama1,8,0,B812419D
8E7039A0,Erik Eagle,8,basara,1,1,rama1,12,0,CF6EEDEE
8E7039A0,Erik Eagle,8,basara,1,1,rama1,15,0,595EEA99
8E7039A0,Erik Eagle,8,basara,1,1,rama2,18,0,B812419D
8E7039A0,Erik Eagle,8,basara,1,1,rama2,22,0,CF6EEDEE
8E7039A0,Erik Eagle,8,basara,1,1,rama2,25,0,595EEA99
8E7039A0,Erik Eagle,8,basara,4,2,tronco,1,0,16D4E13E
8E7039A0,Erik Eagle,8,basara,4,2,tronco,3,0,1CAA9DE4
8E7039A0,Erik Eagle,8,basara,4,2,rama1,8,0,B812419D
8E7039A0,Erik Eagle,8,basara,4,2,rama1,12,0,41436E70
8E7039A0,Erik Eagle,8,basara,4,2,rama1,15,0,32FAAE67
8E7039A0,Erik Eagle,8,basara,4,2,rama2,18,0,B812419D
8E7039A0,Erik Eagle,8,basara,4,2,rama2,22,0,41436E70
8E7039A0,Erik Eagle,8,basara,4,2,rama2,25,0,32FAAE67
8E7039A0,Erik Eagle,8,basara,2,3,tronco,1,0,16D4E13E
8E7039A0,Erik Eagle,8,basara,2,3,tronco,3,0,1CAA9DE4
8E7039A0,Erik Eagle,8,basara,2,3,rama1,8,0,B812419D
8E7039A0,Erik Eagle,8,basara,2,3,rama1,12,0,186FF180
8E7039A0,Erik Eagle,8,basara,2,3,rama1,15,0,C99ABCE7
8E7039A0,Erik Eagle,8,basara,2,3,rama2,18,0,B812419D
8E7039A0,Erik Eagle,8,basara,2,3,rama2,22,0,186FF180
8E7039A0,Erik Eagle,8,basara,2,3,rama2,25,0,C99ABCE7
8E7039A0,Erik Eagle,8,basara,0,4,tronco,1,0,16D4E13E
8E7039A0,Erik Eagle,8,basara,0,4,tronco,3,0,1CAA9DE4
8E7039A0,Erik Eagle,8,basara,0,4,rama1,8,0,B812419D
8E7039A0,Erik Eagle,8,basara,0,4,rama1,12,0,84E41252
8E7039A0,Erik Eagle,8,basara,0,4,rama1,15,0,B14171BB
8E7039A0,Erik Eagle,8,basara,0,4,rama2,18,0,B812419D
8E7039A0,Erik Eagle,8,basara,0,4,rama2,22,0,84E41252
8E7039A0,Erik Eagle,8,basara,0,4,rama2,25,0,B14171BB
8E7039A0,Erik Eagle,8,basara,5,5,tronco,1,0,16D4E13E
8E7039A0,Erik Eagle,8,basara,5,5,tronco,3,0,1CAA9DE4
8E7039A0,Erik Eagle,8,basara,5,5,rama1,8,0,B812419D
8E7039A0,Erik Eagle,8,basara,5,5,rama1,12,0,9642721E
8E7039A0,Erik Eagle,8,basara,5,5,rama1,15,0,4C2BAEB7
8E7039A0,Erik Eagle,8,basara,5,5,rama2,18,0,B812419D
8E7039A0,Erik Eagle,8,basara,5,5,rama2,22,0,9642721E
8E7039A0,Erik Eagle,8,basara,5,5,rama2,25,0,4C2BAEB7
8E7039A0,Erik Eagle,8,propio,,0,tronco,1,0,9321DA68
8E7039A0,Erik Eagle,8,propio,,0,tronco,3,0,E0981A7F
8E7039A0,Erik Eagle,8,propio,,0,rama1,8,0,C642F034
8E7039A0,Erik Eagle,8,propio,,0,rama1,12,0,E5849FF5
8E7039A0,Erik Eagle,8,propio,,0,rama1,15,0,58F82E8B
8E7039A0,Erik Eagle,8,propio,,0,rama2,18,0,6ED45544
8E7039A0,Erik Eagle,8,propio,,0,rama2,22,0,E5849FF5
8E7039A0,Erik Eagle,8,propio,,0,rama2,25,0,58F82E8B
9594520B,Erik Eagle,7,propio,,0,tronco,1,0,1CAA9DE4
9594520B,Erik Eagle,7,propio,,0,tronco,3,0,D542546A
9594520B,Erik Eagle,7,propio,,0,tronco,7,0,D542546A
9594520B,Erik Eagle,7,propio,,0,tronco,11,0,CF6EEDEE
9594520B,Erik Eagle,7,propio,,0,tronco,14,0,595EEA99
BC5CE6F9,Erik Eagle,6,propio,,0,tronco,1,0,1CAA9DE4
BC5CE6F9,Erik Eagle,6,propio,,0,tronco,3,0,D542546A
BC5CE6F9,Erik Eagle,6,propio,,0,tronco,7,0,D542546A
BC5CE6F9,Erik Eagle,6,propio,,0,tronco,11,0,C99ABCE7
BC5CE6F9,Erik Eagle,6,propio,,0,tronco,14,0,186FF180
CBBB7F46,Falco Flashman,5,propio,,0,tronco,1,0,8A9A9A93
CBBB7F46,Falco Flashman,5,propio,,0,tronco,3,0,8A9A9A93
CBBB7F46,Falco Flashman,5,propio,,0,tronco,7,0,1CAA9DE4
CBBB7F46,Falco Flashman,5,propio,,0,tronco,11,0,41436E70
CBBB7F46,Falco Flashman,5,propio,,0,tronco,14,0,32FAAE67
D05F14ED,Falco Flashman,8,basara,3,0,tronco,1,0,F5D99E99
D05F14ED,Falco Flashman,8,basara,3,0,tronco,3,0,1CAA9DE4
D05F14ED,Falco Flashman,8,basara,3,0,rama1,8,0,F9235A84
D05F14ED,Falco Flashman,8,basara,3,0,rama1,12,0,47B73F79
D05F14ED,Falco Flashman,8,basara,3,0,rama1,15,0,72125C90
D05F14ED,Falco Flashman,8,basara,3,0,rama2,18,0,F9235A84
D05F14ED,Falco Flashman,8,basara,3,0,rama2,22,0,47B73F79
D05F14ED,Falco Flashman,8,basara,3,0,rama2,25,0,72125C90
D05F14ED,Falco Flashman,8,basara,1,1,tronco,1,0,F5D99E99
D05F14ED,Falco Flashman,8,basara,1,1,tronco,3,0,1CAA9DE4
D05F14ED,Falco Flashman,8,basara,1,1,rama1,8,0,F9235A84
D05F14ED,Falco Flashman,8,basara,1,1,rama1,12,0,CF6EEDEE
D05F14ED,Falco Flashman,8,basara,1,1,rama1,15,0,595EEA99
D05F14ED,Falco Flashman,8,basara,1,1,rama2,18,0,F9235A84
D05F14ED,Falco Flashman,8,basara,1,1,rama2,22,0,CF6EEDEE
D05F14ED,Falco Flashman,8,basara,1,1,rama2,25,0,595EEA99
D05F14ED,Falco Flashman,8,basara,4,2,tronco,1,0,F5D99E99
D05F14ED,Falco Flashman,8,basara,4,2,tronco,3,0,1CAA9DE4
D05F14ED,Falco Flashman,8,basara,4,2,rama1,8,0,F9235A84
D05F14ED,Falco Flashman,8,basara,4,2,rama1,12,0,41436E70
D05F14ED,Falco Flashman,8,basara,4,2,rama1,15,0,32FAAE67
D05F14ED,Falco Flashman,8,basara,4,2,rama2,18,0,F9235A84
D05F14ED,Falco Flashman,8,basara,4,2,rama2,22,0,41436E70
D05F14ED,Falco Flashman,8,basara,4,2,rama2,25,0,32FAAE67
D05F14ED,Falco Flashman,8,basara,2,3,tronco,1,0,F5D99E99
D05F14ED,Falco Flashman,8,basara,2,3,tronco,3,0,1CAA9DE4
D05F14ED,Falco Flashman,8,basara,2,3,rama1,8,0,F9235A84
D05F14ED,Falco Flashman,8,basara,2,3,rama1,12,0,186FF180
D05F14ED,Falco Flashman,8,basara,2,3,rama1,15,0,C99ABCE7
D05F14ED,Falco Flashman,8,basara,2,3,rama2,18,0,F9235A84
D05F14ED,Falco Flashman,8,basara,2,3,rama2,22,0,186FF180
D05F14ED,Falco Flashman,8,basara,2,3,rama2,25,0,C99ABCE7
D05F14ED,Falco Flashman,8,basara,0,4,tronco,1,0,F5D99E99
D05F14ED,Falco Flashman,8,basara,0,4,tronco,3,0,1CAA9DE4
D05F14ED,Falco Flashman,8,basara,0,4,rama1,8,0,F9235A84
D05F14ED,Falco Flashman,8,basara,0,4,rama1,12,0,84E41252
D05F14ED,Falco Flashman,8,basara,0,4,rama1,15,0,B14171BB
D05F14ED,Falco Flashman,8,basara,0,4,rama2,18,0,F9235A84
D05F14ED,Falco Flashman,8,basara,0,4,rama2,22,0,84E41252
D05F14ED,Falco Flashman,8,basara,0,4,rama2,25,0,B14171BB
D05F14ED,Falco Flashman,8,basara,5,5,tronco,1,0,F5D99E99
D05F14ED,Falco Flashman,8,basara,5,5,tronco,3,0,1CAA9DE4
D05F14ED,Falco Flashman,8,basara,5,5,rama1,8,0,F9235A84
D05F14ED,Falco Flashman,8,basara,5,5,rama1,12,0,9642721E
D05F14ED,Falco Flashman,8,basara,5,5,rama1,15,0,4C2BAEB7
D05F14ED,Falco Flashman,8,basara,5,5,rama2,18,0,F9235A84
D05F14ED,Falco Flashman,8,basara,5,5,rama2,22,0,9642721E
D05F14ED,Falco Flashman,8,basara,5,5,rama2,25,0,4C2BAEB7
E273CBB4,Falco Flashman,7,propio,,0,tronco,1,0,E9B407A5
E273CBB4,Falco Flashman,7,propio,,0,tronco,3,0,D542546A
E273CBB4,Falco Flashman,7,propio,,0,tronco,7,0,1CAA9DE4
E273CBB4,Falco Flashman,7,propio,,0,tronco,11,0,CF6EEDEE
E273CBB4,Falco Flashman,7,propio,,0,tronco,14,0,595EEA99
01A0E982,Fei Rune,6,propio,,0,tronco,1,0,F9235A84
01A0E982,Fei Rune,6,propio,,0,tronco,3,0,F9235A84
01A0E982,Fei Rune,6,propio,,0,tronco,7,0,1CAA9DE4
01A0E982,Fei Rune,6,propio,,0,tronco,11,0,FC3FDF0E
01A0E982,Fei Rune,6,propio,,0,tronco,14,0,186FF180
28685D70,Fei Rune,7,propio,,0,tronco,1,0,F9235A84
28685D70,Fei Rune,7,propio,,0,tronco,3,0,F9235A84
28685D70,Fei Rune,7,propio,,0,tronco,7,0,1CAA9DE4
28685D70,Fei Rune,7,propio,,0,tronco,11,0,84E41252
28685D70,Fei Rune,7,propio,,0,tronco,14,0,B14171BB
338C36DB,Fei Rune,8,basara,3,0,tronco,1,0,F5D99E99
338C36DB,Fei Rune,8,basara,3,0,tronco,3,0,1CAA9DE4
338C36DB,Fei Rune,8,basara,3,0,rama1,8,0,F9235A84
338C36DB,Fei Rune,8,basara,3,0,rama1,12,0,47B73F79
338C36DB,Fei Rune,8,basara,3,0,rama1,15,0,72125C90
338C36DB,Fei Rune,8,basara,3,0,rama2,18,0,F9235A84
338C36DB,Fei Rune,8,basara,3,0,rama2,22,0,47B73F79
338C36DB,Fei Rune,8,basara,3,0,rama2,25,0,72125C90
338C36DB,Fei Rune,8,basara,1,1,tronco,1,0,F5D99E99
338C36DB,Fei Rune,8,basara,1,1,tronco,3,0,1CAA9DE4
338C36DB,Fei Rune,8,basara,1,1,rama1,8,0,F9235A84
338C36DB,Fei Rune,8,basara,1,1,rama1,12,0,CF6EEDEE
338C36DB,Fei Rune,8,basara,1,1,rama1,15,0,595EEA99
338C36DB,Fei Rune,8,basara,1,1,rama2,18,0,F9235A84
338C36DB,Fei Rune,8,basara,1,1,rama2,22,0,CF6EEDEE
338C36DB,Fei Rune,8,basara,1,1,rama2,25,0,595EEA99
338C36DB,Fei Rune,8,basara,4,2,tronco,1,0,F5D99E99
338C36DB,Fei Rune,8,basara,4,2,tronco,3,0,1CAA9DE4
338C36DB,Fei Rune,8,basara,4,2,rama1,8,0,F9235A84
338C36DB,Fei Rune,8,basara,4,2,rama1,12,0,41436E70
338C36DB,Fei Rune,8,basara,4,2,rama1,15,0,32FAAE67
338C36DB,Fei Rune,8,basara,4,2,rama2,18,0,F9235A84
338C36DB,Fei Rune,8,basara,4,2,rama2,22,0,41436E70
338C36DB,Fei Rune,8,basara,4,2,rama2,25,0,32FAAE67
338C36DB,Fei Rune,8,basara,2,3,tronco,1,0,F5D99E99
338C36DB,Fei Rune,8,basara,2,3,tronco,3,0,1CAA9DE4
338C36DB,Fei Rune,8,basara,2,3,rama1,8,0,F9235A84
338C36DB,Fei Rune,8,basara,2,3,rama1,12,0,186FF180
338C36DB,Fei Rune,8,basara,2,3,rama1,15,0,C99ABCE7
338C36DB,Fei Rune,8,basara,2,3,rama2,18,0,F9235A84
338C36DB,Fei Rune,8,basara,2,3,rama2,22,0,186FF180
338C36DB,Fei Rune,8,basara,2,3,rama2,25,0,C99ABCE7
338C36DB,Fei Rune,8,basara,0,4,tronco,1,0,F5D99E99
338C36DB,Fei Rune,8,basara,0,4,tronco,3,0,1CAA9DE4
338C36DB,Fei Rune,8,basara,0,4,rama1,8,0,F9235A84
338C36DB,Fei Rune,8,basara,0,4,rama1,12,0,84E41252
338C36DB,Fei Rune,8,basara,0,4,rama1,15,0,B14171BB
338C36DB,Fei Rune,8,basara,0,4,rama2,18,0,F9235A84
338C36DB,Fei Rune,8,basara,0,4,rama2,22,0,84E41252
338C36DB,Fei Rune,8,basara,0,4,rama2,25,0,B14171BB
338C36DB,Fei Rune,8,basara,5,5,tronco,1,0,F5D99E99
338C36DB,Fei Rune,8,basara,5,5,tronco,3,0,1CAA9DE4
338C36DB,Fei Rune,8,basara,5,5,rama1,8,0,F9235A84
338C36DB,Fei Rune,8,basara,5,5,rama1,12,0,9642721E
338C36DB,Fei Rune,8,basara,5,5,rama1,15,0,4C2BAEB7
338C36DB,Fei Rune,8,basara,5,5,rama2,18,0,F9235A84
338C36DB,Fei Rune,8,basara,5,5,rama2,22,0,9642721E
338C36DB,Fei Rune,8,basara,5,5,rama2,25,0,4C2BAEB7
338C36DB,Fei Rune,8,propio,,0,tronco,1,0,9321DA68
338C36DB,Fei Rune,8,propio,,0,tronco,3,0,E0981A7F
338C36DB,Fei Rune,8,propio,,0,rama1,8,0,C642F034
338C36DB,Fei Rune,8,propio,,0,rama1,12,0,E5849FF5
338C36DB,Fei Rune,8,propio,,0,rama1,15,0,58F82E8B
338C36DB,Fei Rune,8,propio,,0,rama2,18,0,6ED45544
338C36DB,Fei Rune,8,propio,,0,rama2,22,0,E5849FF5
338C36DB,Fei Rune,8,propio,,0,rama2,25,0,58F82E8B
C72B0D11,Gabriel García,7,propio,,0,tronco,1,0,94734F73
C72B0D11,Gabriel García,7,propio,,0,tronco,3,0,94734F73
C72B0D11,Gabriel García,7,propio,,0,tronco,7,0,16D4E13E
C72B0D11,Gabriel García,7,propio,,0,tronco,11,0,CF6EEDEE
C72B0D11,Gabriel García,7,propio,,0,tronco,14,0,595EEA99
DCCF66BA,Gabriel García,8,basara,3,0,tronco,1,0,16D4E13E
DCCF66BA,Gabriel García,8,basara,3,0,tronco,3,0,13E09DFC
DCCF66BA,Gabriel García,8,basara,3,0,rama1,8,0,94734F73
DCCF66BA,Gabriel García,8,basara,3,0,rama1,12,0,47B73F79
DCCF66BA,Gabriel García,8,basara,3,0,rama1,15,0,72125C90
DCCF66BA,Gabriel García,8,basara,3,0,rama2,18,0,94734F73
DCCF66BA,Gabriel García,8,basara,3,0,rama2,22,0,47B73F79
DCCF66BA,Gabriel García,8,basara,3,0,rama2,25,0,72125C90
DCCF66BA,Gabriel García,8,basara,1,1,tronco,1,0,16D4E13E
DCCF66BA,Gabriel García,8,basara,1,1,tronco,3,0,13E09DFC
DCCF66BA,Gabriel García,8,basara,1,1,rama1,8,0,94734F73
DCCF66BA,Gabriel García,8,basara,1,1,rama1,12,0,CF6EEDEE
DCCF66BA,Gabriel García,8,basara,1,1,rama1,15,0,595EEA99
DCCF66BA,Gabriel García,8,basara,1,1,rama2,18,0,94734F73
DCCF66BA,Gabriel García,8,basara,1,1,rama2,22,0,CF6EEDEE
DCCF66BA,Gabriel García,8,basara,1,1,rama2,25,0,595EEA99
DCCF66BA,Gabriel García,8,basara,4,2,tronco,1,0,16D4E13E
DCCF66BA,Gabriel García,8,basara,4,2,tronco,3,0,13E09DFC
DCCF66BA,Gabriel García,8,basara,4,2,rama1,8,0,94734F73
DCCF66BA,Gabriel García,8,basara,4,2,rama1,12,0,41436E70
DCCF66BA,Gabriel García,8,basara,4,2,rama1,15,0,32FAAE67
DCCF66BA,Gabriel García,8,basara,4,2,rama2,18,0,94734F73
DCCF66BA,Gabriel García,8,basara,4,2,rama2,22,0,41436E70
DCCF66BA,Gabriel García,8,basara,4,2,rama2,25,0,32FAAE67
DCCF66BA,Gabriel García,8,basara,2,3,tronco,1,0,16D4E13E
DCCF66BA,Gabriel García,8,basara,2,3,tronco,3,0,13E09DFC
DCCF66BA,Gabriel García,8,basara,2,3,rama1,8,0,94734F73
DCCF66BA,Gabriel García,8,basara,2,3,rama1,12,0,186FF180
DCCF66BA,Gabriel García,8,basara,2,3,rama1,15,0,C99ABCE7
DCCF66BA,Gabriel García,8,basara,2,3,rama2,18,0,94734F73
DCCF66BA,Gabriel García,8,basara,2,3,rama2,22,0,C99ABCE7
DCCF66BA,Gabriel García,8,basara,2,3,rama2,25,0,186FF180
DCCF66BA,Gabriel García,8,basara,0,4,tronco,1,0,16D4E13E
DCCF66BA,Gabriel García,8,basara,0,4,tronco,3,0,13E09DFC
DCCF66BA,Gabriel García,8,basara,0,4,rama1,8,0,94734F73
DCCF66BA,Gabriel García,8,basara,0,4,rama1,12,0,84E41252
DCCF66BA,Gabriel García,8,basara,0,4,rama1,15,0,B14171BB
DCCF66BA,Gabriel García,8,basara,0,4,rama2,18,0,94734F73
DCCF66BA,Gabriel García,8,basara,0,4,rama2,22,0,84E41252
DCCF66BA,Gabriel García,8,basara,0,4,rama2,25,0,B14171BB
DCCF66BA,Gabriel García,8,basara,5,5,tronco,1,0,2801F46B
DCCF66BA,Gabriel García,8,basara,5,5,tronco,3,0,FD4F28EE
DCCF66BA,Gabriel García,8,basara,5,5,rama1,8,0,2097421C
DCCF66BA,Gabriel García,8,basara,5,5,rama1,12,0,9642721E
DCCF66BA,Gabriel García,8,basara,5,5,rama1,15,0,4C2BAEB7
DCCF66BA,Gabriel García,8,basara,5,5,rama2,18,0,2097421C
DCCF66BA,Gabriel García,8,basara,5,5,rama2,22,0,9642721E
DCCF66BA,Gabriel García,8,basara,5,5,rama2,25,0,4C2BAEB7
DCCF66BA,Gabriel García,8,propio,,0,tronco,1,0,9321DA68
DCCF66BA,Gabriel García,8,propio,,0,tronco,3,0,E0981A7F
DCCF66BA,Gabriel García,8,propio,,0,rama1,8,0,C642F034
DCCF66BA,Gabriel García,8,propio,,0,rama1,12,0,E5849FF5
DCCF66BA,Gabriel García,8,propio,,0,rama1,15,0,58F82E8B
DCCF66BA,Gabriel García,8,propio,,0,rama2,18,0,6ED45544
DCCF66BA,Gabriel García,8,propio,,0,rama2,22,0,E5849FF5
DCCF66BA,Gabriel García,8,propio,,0,rama2,25,0,58F82E8B
EEE3B9E3,Gabriel García,6,propio,,0,tronco,1,0,94734F73
EEE3B9E3,Gabriel García,6,propio,,0,tronco,3,0,94734F73
EEE3B9E3,Gabriel García,6,propio,,0,tronco,7,0,16D4E13E
EEE3B9E3,Gabriel García,6,propio,,0,tronco,11,0,C99ABCE7
EEE3B9E3,Gabriel García,6,propio,,0,tronco,14,0,186FF180
176AE34C,Gamma,5,propio,,0,tronco,1,0,1CAA9DE4
176AE34C,Gamma,5,propio,,0,tronco,3,0,FD4F28EE
176AE34C,Gamma,5,propio,,0,tronco,7,0,E9B407A5
176AE34C,Gamma,5,propio,,0,tronco,11,0,41436E70
176AE34C,Gamma,5,propio,,0,tronco,14,0,32FAAE67
25463C15,Gamma,8,basara,3,0,tronco,1,0,F5D99E99
25463C15,Gamma,8,basara,3,0,tronco,3,0,1CAA9DE4
25463C15,Gamma,8,basara,3,0,rama1,8,0,F9235A84
25463C15,Gamma,8,basara,3,0,rama1,12,0,47B73F79
25463C15,Gamma,8,basara,3,0,rama1,15,0,72125C90
25463C15,Gamma,8,basara,3,0,rama2,18,0,F9235A84
25463C15,Gamma,8,basara,3,0,rama2,22,0,47B73F79
25463C15,Gamma,8,basara,3,0,rama2,25,0,72125C90
25463C15,Gamma,8,basara,1,1,tronco,1,0,F5D99E99
25463C15,Gamma,8,basara,1,1,tronco,3,0,1CAA9DE4
25463C15,Gamma,8,basara,1,1,rama1,8,0,F9235A84
25463C15,Gamma,8,basara,1,1,rama1,12,0,CF6EEDEE
25463C15,Gamma,8,basara,1,1,rama1,15,0,595EEA99
25463C15,Gamma,8,basara,1,1,rama2,18,0,F9235A84
25463C15,Gamma,8,basara,1,1,rama2,22,0,CF6EEDEE
25463C15,Gamma,8,basara,1,1,rama2,25,0,595EEA99
25463C15,Gamma,8,basara,4,2,tronco,1,0,F5D99E99
25463C15,Gamma,8,basara,4,2,tronco,3,0,1CAA9DE4
25463C15,Gamma,8,basara,4,2,rama1,8,0,F9235A84
25463C15,Gamma,8,basara,4,2,rama1,12,0,41436E70
25463C15,Gamma,8,basara,4,2,rama1,15,0,32FAAE67
25463C15,Gamma,8,basara,4,2,rama2,18,0,F9235A84
25463C15,Gamma,8,basara,4,2,rama2,22,0,41436E70
25463C15,Gamma,8,basara,4,2,rama2,25,0,32FAAE67
25463C15,Gamma,8,basara,2,3,tronco,1,0,F5D99E99
25463C15,Gamma,8,basara,2,3,tronco,3,0,1CAA9DE4
25463C15,Gamma,8,basara,2,3,rama1,8,0,F9235A84
25463C15,Gamma,8,basara,2,3,rama1,12,0,186FF180
25463C15,Gamma,8,basara,2,3,rama1,15,0,C99ABCE7
25463C15,Gamma,8,basara,2,3,rama2,18,0,F9235A84
25463C15,Gamma,8,basara,2,3,rama2,22,0,186FF180
25463C15,Gamma,8,basara,2,3,rama2,25,0,C99ABCE7
25463C15,Gamma,8,basara,0,4,tronco,1,0,F5D99E99
25463C15,Gamma,8,basara,0,4,tronco,3,0,1CAA9DE4
25463C15,Gamma,8,basara,0,4,rama1,8,0,F9235A84
25463C15,Gamma,8,basara,0,4,rama1,12,0,84E41252
25463C15,Gamma,8,basara,0,4,rama1,15,0,B14171BB
25463C15,Gamma,8,basara,0,4,rama2,18,0,F9235A84
25463C15,Gamma,8,basara,0,4,rama2,22,0,84E41252
25463C15,Gamma,8,basara,0,4,rama2,25,0,B14171BB
25463C15,Gamma,8,basara,5,5,tronco,1,0,F5D99E99
25463C15,Gamma,8,basara,5,5,tronco,3,0,1CAA9DE4
25463C15,Gamma,8,basara,5,5,rama1,8,0,F9235A84
25463C15,Gamma,8,basara,5,5,rama1,12,0,9642721E
25463C15,Gamma,8,basara,5,5,rama1,15,0,4C2BAEB7
25463C15,Gamma,8,basara,5,5,rama2,18,0,F9235A84
25463C15,Gamma,8,basara,5,5,rama2,22,0,9642721E
25463C15,Gamma,8,basara,5,5,rama2,25,0,4C2BAEB7
25463C15,Gamma,8,propio,,0,tronco,1,0,9321DA68
25463C15,Gamma,8,propio,,0,tronco,3,0,E0981A7F
25463C15,Gamma,8,propio,,0,rama1,8,0,C642F034
25463C15,Gamma,8,propio,,0,rama1,12,0,E5849FF5
25463C15,Gamma,8,propio,,0,rama1,15,0,58F82E8B
25463C15,Gamma,8,propio,,0,rama2,18,0,6ED45544
25463C15,Gamma,8,propio,,0,rama2,22,0,E5849FF5
25463C15,Gamma,8,propio,,0,rama2,25,0,58F82E8B
3EA257BE,Gamma,6,propio,,0,tronco,1,0,1CAA9DE4
3EA257BE,Gamma,6,propio,,0,tronco,3,0,FD4F28EE
3EA257BE,Gamma,6,propio,,0,tronco,7,0,E9B407A5
3EA257BE,Gamma,6,propio,,0,tronco,11,0,C99ABCE7
3EA257BE,Gamma,6,propio,,0,tronco,14,0,186FF180
951770A6,Gandares Baran,6,propio,,0,tronco,1,0,1CAA9DE4
951770A6,Gandares Baran,6,propio,,0,tronco,3,0,D542546A
951770A6,Gandares Baran,6,propio,,0,tronco,7,0,1CAA9DE4
951770A6,Gandares Baran,6,propio,,0,tronco,11,0,C99ABCE7
951770A6,Gandares Baran,6,propio,,0,tronco,14,0,186FF180
A73BAFFF,Gandares Baran,8,basara,3,0,tronco,1,0,F5D99E99
A73BAFFF,Gandares Baran,8,basara,3,0,tronco,3,0,1CAA9DE4
A73BAFFF,Gandares Baran,8,basara,3,0,rama1,8,0,F9235A84
A73BAFFF,Gandares Baran,8,basara,3,0,rama1,12,0,47B73F79
A73BAFFF,Gandares Baran,8,basara,3,0,rama1,15,0,72125C90
A73BAFFF,Gandares Baran,8,basara,3,0,rama2,18,0,F9235A84
A73BAFFF,Gandares Baran,8,basara,3,0,rama2,22,0,47B73F79
A73BAFFF,Gandares Baran,8,basara,3,0,rama2,25,0,72125C90
A73BAFFF,Gandares Baran,8,basara,1,1,tronco,1,0,F5D99E99
A73BAFFF,Gandares Baran,8,basara,1,1,tronco,3,0,1CAA9DE4
A73BAFFF,Gandares Baran,8,basara,1,1,rama1,8,0,F9235A84
A73BAFFF,Gandares Baran,8,basara,1,1,rama1,12,0,CF6EEDEE
A73BAFFF,Gandares Baran,8,basara,1,1,rama1,15,0,595EEA99
A73BAFFF,Gandares Baran,8,basara,1,1,rama2,18,0,F9235A84
A73BAFFF,Gandares Baran,8,basara,1,1,rama2,22,0,CF6EEDEE
A73BAFFF,Gandares Baran,8,basara,1,1,rama2,25,0,595EEA99
A73BAFFF,Gandares Baran,8,basara,4,2,tronco,1,0,F5D99E99
A73BAFFF,Gandares Baran,8,basara,4,2,tronco,3,0,1CAA9DE4
A73BAFFF,Gandares Baran,8,basara,4,2,rama1,8,0,F9235A84
A73BAFFF,Gandares Baran,8,basara,4,2,rama1,12,0,41436E70
A73BAFFF,Gandares Baran,8,basara,4,2,rama1,15,0,32FAAE67
A73BAFFF,Gandares Baran,8,basara,4,2,rama2,18,0,F9235A84
A73BAFFF,Gandares Baran,8,basara,4,2,rama2,22,0,41436E70
A73BAFFF,Gandares Baran,8,basara,4,2,rama2,25,0,32FAAE67
A73BAFFF,Gandares Baran,8,basara,2,3,tronco,1,0,F5D99E99
A73BAFFF,Gandares Baran,8,basara,2,3,tronco,3,0,1CAA9DE4
A73BAFFF,Gandares Baran,8,basara,2,3,rama1,8,0,F9235A84
A73BAFFF,Gandares Baran,8,basara,2,3,rama1,12,0,186FF180
A73BAFFF,Gandares Baran,8,basara,2,3,rama1,15,0,C99ABCE7
A73BAFFF,Gandares Baran,8,basara,2,3,rama2,18,0,F9235A84
A73BAFFF,Gandares Baran,8,basara,2,3,rama2,22,0,186FF180
A73BAFFF,Gandares Baran,8,basara,2,3,rama2,25,0,C99ABCE7
A73BAFFF,Gandares Baran,8,basara,0,4,tronco,1,0,F5D99E99
A73BAFFF,Gandares Baran,8,basara,0,4,tronco,3,0,1CAA9DE4
A73BAFFF,Gandares Baran,8,basara,0,4,rama1,8,0,F9235A84
A73BAFFF,Gandares Baran,8,basara,0,4,rama1,12,0,84E41252
A73BAFFF,Gandares Baran,8,basara,0,4,rama1,15,0,B14171BB
A73BAFFF,Gandares Baran,8,basara,0,4,rama2,18,0,F9235A84
A73BAFFF,Gandares Baran,8,basara,0,4,rama2,22,0,84E41252
A73BAFFF,Gandares Baran,8,basara,0,4,rama2,25,0,B14171BB
A73BAFFF,Gandares Baran,8,basara,5,5,tronco,1,0,16D4E13E
A73BAFFF,Gandares Baran,8,basara,5,5,tronco,3,0,1CAA9DE4
A73BAFFF,Gandares Baran,8,basara,5,5,rama1,8,0,B812419D
A73BAFFF,Gandares Baran,8,basara,5,5,rama1,12,0,9642721E
A73BAFFF,Gandares Baran,8,basara,5,5,rama1,15,0,4C2BAEB7
A73BAFFF,Gandares Baran,8,basara,5,5,rama2,18,0,B812419D
A73BAFFF,Gandares Baran,8,basara,5,5,rama2,22,0,9642721E
A73BAFFF,Gandares Baran,8,basara,5,5,rama2,25,0,4C2BAEB7
BCDFC454,Gandares Baran,5,propio,,0,tronco,1,0,CBAB818A
BCDFC454,Gandares Baran,5,propio,,0,tronco,3,0,CBAB818A
BCDFC454,Gandares Baran,5,propio,,0,tronco,7,0,1CAA9DE4
BCDFC454,Gandares Baran,5,propio,,0,tronco,11,0,47B73F79
BCDFC454,Gandares Baran,5,propio,,0,tronco,14,0,72125C90
030F668B,Gazelle,7,propio,,0,tronco,1,0,1CAA9DE4
030F668B,Gazelle,7,propio,,0,tronco,3,0,CBAB818A
030F668B,Gazelle,7,propio,,0,tronco,7,0,1CAA9DE4
030F668B,Gazelle,7,propio,,0,tronco,11,0,84E41252
030F668B,Gazelle,7,propio,,0,tronco,14,0,B14171BB
2AC7D279,Gazelle,6,propio,,0,tronco,1,0,1CAA9DE4
2AC7D279,Gazelle,6,propio,,0,tronco,3,0,E9B407A5
2AC7D279,Gazelle,6,propio,,0,tronco,7,0,1CAA9DE4
2AC7D279,Gazelle,6,propio,,0,tronco,11,0,C99ABCE7
2AC7D279,Gazelle,6,propio,,0,tronco,14,0,186FF180
3123B9D2,Gazelle,8,basara,3,0,tronco,1,0,F5D99E99
3123B9D2,Gazelle,8,basara,3,0,tronco,3,0,1CAA9DE4
3123B9D2,Gazelle,8,basara,3,0,rama1,8,0,F9235A84
3123B9D2,Gazelle,8,basara,3,0,rama1,12,0,47B73F79
3123B9D2,Gazelle,8,basara,3,0,rama1,15,0,72125C90
3123B9D2,Gazelle,8,basara,3,0,rama2,18,0,F9235A84
3123B9D2,Gazelle,8,basara,3,0,rama2,22,0,47B73F79
3123B9D2,Gazelle,8,basara,3,0,rama2,25,0,72125C90
3123B9D2,Gazelle,8,basara,1,1,tronco,1,0,F5D99E99
3123B9D2,Gazelle,8,basara,1,1,tronco,3,0,1CAA9DE4
3123B9D2,Gazelle,8,basara,1,1,rama1,8,0,F9235A84
3123B9D2,Gazelle,8,basara,1,1,rama1,12,0,CF6EEDEE
3123B9D2,Gazelle,8,basara,1,1,rama1,15,0,595EEA99
3123B9D2,Gazelle,8,basara,1,1,rama2,18,0,F9235A84
3123B9D2,Gazelle,8,basara,1,1,rama2,22,0,CF6EEDEE
3123B9D2,Gazelle,8,basara,1,1,rama2,25,0,595EEA99
3123B9D2,Gazelle,8,basara,4,2,tronco,1,0,F5D99E99
3123B9D2,Gazelle,8,basara,4,2,tronco,3,0,1CAA9DE4
3123B9D2,Gazelle,8,basara,4,2,rama1,8,0,F9235A84
3123B9D2,Gazelle,8,basara,4,2,rama1,12,0,41436E70
3123B9D2,Gazelle,8,basara,4,2,rama1,15,0,32FAAE67
3123B9D2,Gazelle,8,basara,4,2,rama2,18,0,F9235A84
3123B9D2,Gazelle,8,basara,4,2,rama2,22,0,41436E70
3123B9D2,Gazelle,8,basara,4,2,rama2,25,0,32FAAE67
3123B9D2,Gazelle,8,basara,2,3,tronco,1,0,F5D99E99
3123B9D2,Gazelle,8,basara,2,3,tronco,3,0,1CAA9DE4
3123B9D2,Gazelle,8,basara,2,3,rama1,8,0,F9235A84
3123B9D2,Gazelle,8,basara,2,3,rama1,12,0,186FF180
3123B9D2,Gazelle,8,basara,2,3,rama1,15,0,C99ABCE7
3123B9D2,Gazelle,8,basara,2,3,rama2,18,0,F9235A84
3123B9D2,Gazelle,8,basara,2,3,rama2,22,0,186FF180
3123B9D2,Gazelle,8,basara,2,3,rama2,25,0,C99ABCE7
3123B9D2,Gazelle,8,basara,0,4,tronco,1,0,F5D99E99
3123B9D2,Gazelle,8,basara,0,4,tronco,3,0,1CAA9DE4
3123B9D2,Gazelle,8,basara,0,4,rama1,8,0,F9235A84
3123B9D2,Gazelle,8,basara,0,4,rama1,12,0,84E41252
3123B9D2,Gazelle,8,basara,0,4,rama1,15,0,B14171BB
3123B9D2,Gazelle,8,basara,0,4,rama2,18,0,F9235A84
3123B9D2,Gazelle,8,basara,0,4,rama2,22,0,84E41252
3123B9D2,Gazelle,8,basara,0,4,rama2,25,0,B14171BB
3123B9D2,Gazelle,8,basara,5,5,tronco,1,0,F5D99E99
3123B9D2,Gazelle,8,basara,5,5,tronco,3,0,1CAA9DE4
3123B9D2,Gazelle,8,basara,5,5,rama1,8,0,F9235A84
3123B9D2,Gazelle,8,basara,5,5,rama1,12,0,9642721E
3123B9D2,Gazelle,8,basara,5,5,rama1,15,0,4C2BAEB7
3123B9D2,Gazelle,8,basara,5,5,rama2,18,0,F9235A84
3123B9D2,Gazelle,8,basara,5,5,rama2,22,0,9642721E
3123B9D2,Gazelle,8,basara,5,5,rama2,25,0,4C2BAEB7
4EFBC29E,Goldie Lemmon,8,basara,3,0,tronco,1,0,CC86396D
4EFBC29E,Goldie Lemmon,8,basara,3,0,tronco,3,0,F9235A84
4EFBC29E,Goldie Lemmon,8,basara,3,0,rama1,8,0,A1D62C9A
4EFBC29E,Goldie Lemmon,8,basara,3,0,rama1,12,0,47B73F79
4EFBC29E,Goldie Lemmon,8,basara,3,0,rama1,15,0,72125C90
4EFBC29E,Goldie Lemmon,8,basara,3,0,rama2,18,0,A1D62C9A
4EFBC29E,Goldie Lemmon,8,basara,3,0,rama2,22,0,47B73F79
4EFBC29E,Goldie Lemmon,8,basara,3,0,rama2,25,0,72125C90
4EFBC29E,Goldie Lemmon,8,basara,1,1,tronco,1,0,CC86396D
4EFBC29E,Goldie Lemmon,8,basara,1,1,tronco,3,0,F9235A84
4EFBC29E,Goldie Lemmon,8,basara,1,1,rama1,8,0,A1D62C9A
4EFBC29E,Goldie Lemmon,8,basara,1,1,rama1,12,0,CF6EEDEE
4EFBC29E,Goldie Lemmon,8,basara,1,1,rama1,15,0,595EEA99
4EFBC29E,Goldie Lemmon,8,basara,1,1,rama2,18,0,A1D62C9A
4EFBC29E,Goldie Lemmon,8,basara,1,1,rama2,22,0,CF6EEDEE
4EFBC29E,Goldie Lemmon,8,basara,1,1,rama2,25,0,595EEA99
4EFBC29E,Goldie Lemmon,8,basara,4,2,tronco,1,0,CC86396D
4EFBC29E,Goldie Lemmon,8,basara,4,2,tronco,3,0,F9235A84
4EFBC29E,Goldie Lemmon,8,basara,4,2,rama1,8,0,A1D62C9A
4EFBC29E,Goldie Lemmon,8,basara,4,2,rama1,12,0,41436E70
4EFBC29E,Goldie Lemmon,8,basara,4,2,rama1,15,0,32FAAE67
4EFBC29E,Goldie Lemmon,8,basara,4,2,rama2,18,0,A1D62C9A
4EFBC29E,Goldie Lemmon,8,basara,4,2,rama2,22,0,41436E70
4EFBC29E,Goldie Lemmon,8,basara,4,2,rama2,25,0,32FAAE67
4EFBC29E,Goldie Lemmon,8,basara,2,3,tronco,1,0,CC86396D
4EFBC29E,Goldie Lemmon,8,basara,2,3,tronco,3,0,F9235A84
4EFBC29E,Goldie Lemmon,8,basara,2,3,rama1,8,0,A1D62C9A
4EFBC29E,Goldie Lemmon,8,basara,2,3,rama1,12,0,186FF180
4EFBC29E,Goldie Lemmon,8,basara,2,3,rama1,15,0,C99ABCE7
4EFBC29E,Goldie Lemmon,8,basara,2,3,rama2,18,0,A1D62C9A
4EFBC29E,Goldie Lemmon,8,basara,2,3,rama2,22,0,186FF180
4EFBC29E,Goldie Lemmon,8,basara,2,3,rama2,25,0,C99ABCE7
4EFBC29E,Goldie Lemmon,8,basara,0,4,tronco,1,0,CC86396D
4EFBC29E,Goldie Lemmon,8,basara,0,4,tronco,3,0,F9235A84
4EFBC29E,Goldie Lemmon,8,basara,0,4,rama1,8,0,A1D62C9A
4EFBC29E,Goldie Lemmon,8,basara,0,4,rama1,12,0,84E41252
4EFBC29E,Goldie Lemmon,8,basara,0,4,rama1,15,0,B14171BB
4EFBC29E,Goldie Lemmon,8,basara,0,4,rama2,18,0,A1D62C9A
4EFBC29E,Goldie Lemmon,8,basara,0,4,rama2,22,0,84E41252
4EFBC29E,Goldie Lemmon,8,basara,0,4,rama2,25,0,B14171BB
4EFBC29E,Goldie Lemmon,8,basara,5,5,tronco,1,0,16D4E13E
4EFBC29E,Goldie Lemmon,8,basara,5,5,tronco,3,0,13E09DFC
4EFBC29E,Goldie Lemmon,8,basara,5,5,rama1,8,0,94734F73
4EFBC29E,Goldie Lemmon,8,basara,5,5,rama1,12,0,9642721E
4EFBC29E,Goldie Lemmon,8,basara,5,5,rama1,15,0,4C2BAEB7
4EFBC29E,Goldie Lemmon,8,basara,5,5,rama2,18,0,94734F73
4EFBC29E,Goldie Lemmon,8,basara,5,5,rama2,22,0,9642721E
4EFBC29E,Goldie Lemmon,8,basara,5,5,rama2,25,0,4C2BAEB7
4EFBC29E,Goldie Lemmon,8,propio,,0,tronco,1,0,9321DA68
4EFBC29E,Goldie Lemmon,8,propio,,0,tronco,3,0,E0981A7F
4EFBC29E,Goldie Lemmon,8,propio,,0,rama1,8,0,C642F034
4EFBC29E,Goldie Lemmon,8,propio,,0,rama1,12,0,E5849FF5
4EFBC29E,Goldie Lemmon,8,propio,,0,rama1,15,0,58F82E8B
4EFBC29E,Goldie Lemmon,8,propio,,0,rama2,18,0,6ED45544
4EFBC29E,Goldie Lemmon,8,propio,,0,rama2,22,0,E5849FF5
4EFBC29E,Goldie Lemmon,8,propio,,0,rama2,25,0,58F82E8B
551FA935,Goldie Lemmon,6,propio,,0,tronco,1,0,CC86396D
551FA935,Goldie Lemmon,6,propio,,0,tronco,3,0,CC86396D
551FA935,Goldie Lemmon,6,propio,,0,tronco,7,0,F9235A84
551FA935,Goldie Lemmon,6,propio,,0,tronco,11,0,C99ABCE7
551FA935,Goldie Lemmon,6,propio,,0,tronco,14,0,186FF180
7CD71DC7,Goldie Lemmon,5,propio,,0,tronco,1,0,CC86396D
7CD71DC7,Goldie Lemmon,5,propio,,0,tronco,3,0,CC86396D
7CD71DC7,Goldie Lemmon,5,propio,,0,tronco,7,0,F9235A84
7CD71DC7,Goldie Lemmon,5,propio,,0,tronco,11,0,47B73F79
7CD71DC7,Goldie Lemmon,5,propio,,0,tronco,14,0,72125C90
0AAB7861,Harper Evans,8,basara,3,0,tronco,1,0,FD4F28EE
0AAB7861,Harper Evans,8,basara,3,0,tronco,3,0,2097421C
0AAB7861,Harper Evans,8,basara,3,0,rama1,8,0,F9235A84
0AAB7861,Harper Evans,8,basara,3,0,rama1,12,0,47B73F79
0AAB7861,Harper Evans,8,basara,3,0,rama1,15,0,72125C90
0AAB7861,Harper Evans,8,basara,3,0,rama2,18,0,F9235A84
0AAB7861,Harper Evans,8,basara,3,0,rama2,22,0,47B73F79
0AAB7861,Harper Evans,8,basara,3,0,rama2,25,0,72125C90
0AAB7861,Harper Evans,8,basara,1,1,tronco,1,0,FD4F28EE
0AAB7861,Harper Evans,8,basara,1,1,tronco,3,0,2097421C
0AAB7861,Harper Evans,8,basara,1,1,rama1,8,0,F9235A84
0AAB7861,Harper Evans,8,basara,1,1,rama1,12,0,CF6EEDEE
0AAB7861,Harper Evans,8,basara,1,1,rama1,15,0,595EEA99
0AAB7861,Harper Evans,8,basara,1,1,rama2,18,0,F9235A84
0AAB7861,Harper Evans,8,basara,1,1,rama2,22,0,CF6EEDEE
0AAB7861,Harper Evans,8,basara,1,1,rama2,25,0,595EEA99
0AAB7861,Harper Evans,8,basara,4,2,tronco,1,0,FD4F28EE
0AAB7861,Harper Evans,8,basara,4,2,tronco,3,0,2097421C
0AAB7861,Harper Evans,8,basara,4,2,rama1,8,0,F9235A84
0AAB7861,Harper Evans,8,basara,4,2,rama1,12,0,41436E70
0AAB7861,Harper Evans,8,basara,4,2,rama1,15,0,32FAAE67
0AAB7861,Harper Evans,8,basara,4,2,rama2,18,0,F9235A84
0AAB7861,Harper Evans,8,basara,4,2,rama2,22,0,41436E70
0AAB7861,Harper Evans,8,basara,4,2,rama2,25,0,32FAAE67
0AAB7861,Harper Evans,8,basara,2,3,tronco,1,0,FD4F28EE
0AAB7861,Harper Evans,8,basara,2,3,tronco,3,0,2097421C
0AAB7861,Harper Evans,8,basara,2,3,rama1,8,0,F9235A84
0AAB7861,Harper Evans,8,basara,2,3,rama1,12,0,186FF180
0AAB7861,Harper Evans,8,basara,2,3,rama1,15,0,C99ABCE7
0AAB7861,Harper Evans,8,basara,2,3,rama2,18,0,F9235A84
0AAB7861,Harper Evans,8,basara,2,3,rama2,22,0,186FF180
0AAB7861,Harper Evans,8,basara,2,3,rama2,25,0,C99ABCE7
0AAB7861,Harper Evans,8,basara,0,4,tronco,1,0,FD4F28EE
0AAB7861,Harper Evans,8,basara,0,4,tronco,3,0,2097421C
0AAB7861,Harper Evans,8,basara,0,4,rama1,8,0,F9235A84
0AAB7861,Harper Evans,8,basara,0,4,rama1,12,0,84E41252
0AAB7861,Harper Evans,8,basara,0,4,rama1,15,0,B14171BB
0AAB7861,Harper Evans,8,basara,0,4,rama2,18,0,F9235A84
0AAB7861,Harper Evans,8,basara,0,4,rama2,22,0,84E41252
0AAB7861,Harper Evans,8,basara,0,4,rama2,25,0,B14171BB
0AAB7861,Harper Evans,8,basara,5,5,tronco,1,0,1AF12A5C
0AAB7861,Harper Evans,8,basara,5,5,tronco,3,0,16D4E13E
0AAB7861,Harper Evans,8,basara,5,5,rama1,8,0,CBAB818A
0AAB7861,Harper Evans,8,basara,5,5,rama1,12,0,9642721E
0AAB7861,Harper Evans,8,basara,5,5,rama1,15,0,4C2BAEB7
0AAB7861,Harper Evans,8,basara,5,5,rama2,18,0,CBAB818A
0AAB7861,Harper Evans,8,basara,5,5,rama2,22,0,9642721E
0AAB7861,Harper Evans,8,basara,5,5,rama2,25,0,4C2BAEB7
0AAB7861,Harper Evans,8,propio,,0,tronco,1,0,9321DA68
0AAB7861,Harper Evans,8,propio,,0,tronco,3,0,E0981A7F
0AAB7861,Harper Evans,8,propio,,0,rama1,8,0,C642F034
0AAB7861,Harper Evans,8,propio,,0,rama1,12,0,E5849FF5
0AAB7861,Harper Evans,8,propio,,0,rama1,15,0,58F82E8B
0AAB7861,Harper Evans,8,propio,,0,rama2,18,0,6ED45544
0AAB7861,Harper Evans,8,propio,,0,rama2,22,0,E5849FF5
0AAB7861,Harper Evans,8,propio,,0,rama2,25,0,58F82E8B
114F13CA,Harper Evans,5,propio,,0,tronco,1,0,F9235A84
114F13CA,Harper Evans,5,propio,,0,tronco,3,0,F9235A84
114F13CA,Harper Evans,5,propio,,0,tronco,7,0,1CAA9DE4
114F13CA,Harper Evans,5,propio,,0,tronco,11,0,47B73F79
114F13CA,Harper Evans,5,propio,,0,tronco,14,0,72125C90
3887A738,Harper Evans,7,propio,,0,tronco,1,0,F9235A84
3887A738,Harper Evans,7,propio,,0,tronco,3,0,F9235A84
3887A738,Harper Evans,7,propio,,0,tronco,7,0,1CAA9DE4
3887A738,Harper Evans,7,propio,,0,tronco,11,0,84E41252
3887A738,Harper Evans,7,propio,,0,tronco,14,0,B14171BB
2D3D9E4F,Heath Moore,7,propio,,0,tronco,1,0,E9B407A5
2D3D9E4F,Heath Moore,7,propio,,0,tronco,3,0,D542546A
2D3D9E4F,Heath Moore,7,propio,,0,tronco,7,0,1CAA9DE4
2D3D9E4F,Heath Moore,7,propio,,0,tronco,11,0,CF6EEDEE
2D3D9E4F,Heath Moore,7,propio,,0,tronco,14,0,595EEA99
98B16475,Heath Moore,8,basara,3,0,tronco,1,0,1AF12A5C
98B16475,Heath Moore,8,basara,3,0,tronco,3,0,16D4E13E
98B16475,Heath Moore,8,basara,3,0,rama1,8,0,CBAB818A
98B16475,Heath Moore,8,basara,3,0,rama1,12,0,47B73F79
98B16475,Heath Moore,8,basara,3,0,rama1,15,0,72125C90
98B16475,Heath Moore,8,basara,3,0,rama2,18,0,CBAB818A
98B16475,Heath Moore,8,basara,3,0,rama2,22,0,47B73F79
98B16475,Heath Moore,8,basara,3,0,rama2,25,0,72125C90
98B16475,Heath Moore,8,basara,1,1,tronco,1,0,1AF12A5C
98B16475,Heath Moore,8,basara,1,1,tronco,3,0,16D4E13E
98B16475,Heath Moore,8,basara,1,1,rama1,8,0,CBAB818A
98B16475,Heath Moore,8,basara,1,1,rama1,12,0,CF6EEDEE
98B16475,Heath Moore,8,basara,1,1,rama1,15,0,595EEA99
98B16475,Heath Moore,8,basara,1,1,rama2,18,0,CBAB818A
98B16475,Heath Moore,8,basara,1,1,rama2,22,0,CF6EEDEE
98B16475,Heath Moore,8,basara,1,1,rama2,25,0,595EEA99
98B16475,Heath Moore,8,basara,4,2,tronco,1,0,1AF12A5C
98B16475,Heath Moore,8,basara,4,2,tronco,3,0,16D4E13E
98B16475,Heath Moore,8,basara,4,2,rama1,8,0,CBAB818A
98B16475,Heath Moore,8,basara,4,2,rama1,12,0,41436E70
98B16475,Heath Moore,8,basara,4,2,rama1,15,0,32FAAE67
98B16475,Heath Moore,8,basara,4,2,rama2,18,0,CBAB818A
98B16475,Heath Moore,8,basara,4,2,rama2,22,0,41436E70
98B16475,Heath Moore,8,basara,4,2,rama2,25,0,32FAAE67
98B16475,Heath Moore,8,basara,2,3,tronco,1,0,1AF12A5C
98B16475,Heath Moore,8,basara,2,3,tronco,3,0,16D4E13E
98B16475,Heath Moore,8,basara,2,3,rama1,8,0,CBAB818A
98B16475,Heath Moore,8,basara,2,3,rama1,12,0,186FF180
98B16475,Heath Moore,8,basara,2,3,rama1,15,0,C99ABCE7
98B16475,Heath Moore,8,basara,2,3,rama2,18,0,CBAB818A
98B16475,Heath Moore,8,basara,2,3,rama2,22,0,186FF180
98B16475,Heath Moore,8,basara,2,3,rama2,25,0,C99ABCE7
98B16475,Heath Moore,8,basara,0,4,tronco,1,0,1AF12A5C
98B16475,Heath Moore,8,basara,0,4,tronco,3,0,16D4E13E
98B16475,Heath Moore,8,basara,0,4,rama1,8,0,CBAB818A
98B16475,Heath Moore,8,basara,0,4,rama1,12,0,84E41252
98B16475,Heath Moore,8,basara,0,4,rama1,15,0,B14171BB
98B16475,Heath Moore,8,basara,0,4,rama2,18,0,CBAB818A
98B16475,Heath Moore,8,basara,0,4,rama2,22,0,84E41252
98B16475,Heath Moore,8,basara,0,4,rama2,25,0,B14171BB
98B16475,Heath Moore,8,basara,5,5,tronco,1,0,F5D99E99
98B16475,Heath Moore,8,basara,5,5,tronco,3,0,1CAA9DE4
98B16475,Heath Moore,8,basara,5,5,rama1,8,0,F9235A84
98B16475,Heath Moore,8,basara,5,5,rama1,12,0,9642721E
98B16475,Heath Moore,8,basara,5,5,rama1,15,0,4C2BAEB7
98B16475,Heath Moore,8,basara,5,5,rama2,18,0,F9235A84
98B16475,Heath Moore,8,basara,5,5,rama2,22,0,9642721E
98B16475,Heath Moore,8,basara,5,5,rama2,25,0,4C2BAEB7
AA9DBB2C,Heath Moore,5,propio,,0,tronco,1,0,8A9A9A93
AA9DBB2C,Heath Moore,5,propio,,0,tronco,3,0,8A9A9A93
AA9DBB2C,Heath Moore,5,propio,,0,tronco,7,0,1CAA9DE4
AA9DBB2C,Heath Moore,5,propio,,0,tronco,11,0,41436E70
AA9DBB2C,Heath Moore,5,propio,,0,tronco,14,0,32FAAE67
C5735C83,Hector Helio,8,basara,3,0,tronco,1,0,90BE2221
C5735C83,Hector Helio,8,basara,3,0,tronco,3,0,13E09DFC
C5735C83,Hector Helio,8,basara,3,0,rama1,8,0,2097421C
C5735C83,Hector Helio,8,basara,3,0,rama1,12,0,47B73F79
C5735C83,Hector Helio,8,basara,3,0,rama1,15,0,72125C90
C5735C83,Hector Helio,8,basara,3,0,rama2,18,0,2097421C
C5735C83,Hector Helio,8,basara,3,0,rama2,22,0,47B73F79
C5735C83,Hector Helio,8,basara,3,0,rama2,25,0,72125C90
C5735C83,Hector Helio,8,basara,1,1,tronco,1,0,90BE2221
C5735C83,Hector Helio,8,basara,1,1,tronco,3,0,13E09DFC
C5735C83,Hector Helio,8,basara,1,1,rama1,8,0,2097421C
C5735C83,Hector Helio,8,basara,1,1,rama1,12,0,CF6EEDEE
C5735C83,Hector Helio,8,basara,1,1,rama1,15,0,595EEA99
C5735C83,Hector Helio,8,basara,1,1,rama2,18,0,2097421C
C5735C83,Hector Helio,8,basara,1,1,rama2,22,0,CF6EEDEE
C5735C83,Hector Helio,8,basara,1,1,rama2,25,0,595EEA99
C5735C83,Hector Helio,8,basara,4,2,tronco,1,0,90BE2221
C5735C83,Hector Helio,8,basara,4,2,tronco,3,0,13E09DFC
C5735C83,Hector Helio,8,basara,4,2,rama1,8,0,2097421C
C5735C83,Hector Helio,8,basara,4,2,rama1,12,0,41436E70
C5735C83,Hector Helio,8,basara,4,2,rama1,15,0,32FAAE67
C5735C83,Hector Helio,8,basara,4,2,rama2,18,0,2097421C
C5735C83,Hector Helio,8,basara,4,2,rama2,22,0,41436E70
C5735C83,Hector Helio,8,basara,4,2,rama2,25,0,32FAAE67
C5735C83,Hector Helio,8,basara,2,3,tronco,1,0,90BE2221
C5735C83,Hector Helio,8,basara,2,3,tronco,3,0,13E09DFC
C5735C83,Hector Helio,8,basara,2,3,rama1,8,0,2097421C
C5735C83,Hector Helio,8,basara,2,3,rama1,12,0,186FF180
C5735C83,Hector Helio,8,basara,2,3,rama1,15,0,C99ABCE7
C5735C83,Hector Helio,8,basara,2,3,rama2,18,0,2097421C
C5735C83,Hector Helio,8,basara,2,3,rama2,22,0,186FF180
C5735C83,Hector Helio,8,basara,2,3,rama2,25,0,C99ABCE7
C5735C83,Hector Helio,8,basara,0,4,tronco,1,0,90BE2221
C5735C83,Hector Helio,8,basara,0,4,tronco,3,0,13E09DFC
C5735C83,Hector Helio,8,basara,0,4,rama1,8,0,2097421C
C5735C83,Hector Helio,8,basara,0,4,rama1,12,0,84E41252
C5735C83,Hector Helio,8,basara,0,4,rama1,15,0,B14171BB
C5735C83,Hector Helio,8,basara,0,4,rama2,18,0,2097421C
C5735C83,Hector Helio,8,basara,0,4,rama2,22,0,84E41252
C5735C83,Hector Helio,8,basara,0,4,rama2,25,0,B14171BB
C5735C83,Hector Helio,8,basara,5,5,tronco,1,0,90BE2221
C5735C83,Hector Helio,8,basara,5,5,tronco,3,0,13E09DFC
C5735C83,Hector Helio,8,basara,5,5,rama1,8,0,2097421C
C5735C83,Hector Helio,8,basara,5,5,rama1,12,0,9642721E
C5735C83,Hector Helio,8,basara,5,5,rama1,15,0,4C2BAEB7
C5735C83,Hector Helio,8,basara,5,5,rama2,18,0,2097421C
C5735C83,Hector Helio,8,basara,5,5,rama2,22,0,9642721E
C5735C83,Hector Helio,8,basara,5,5,rama2,25,0,4C2BAEB7
C5735C83,Hector Helio,8,propio,,0,tronco,1,0,9321DA68
C5735C83,Hector Helio,8,propio,,0,tronco,3,0,E0981A7F
C5735C83,Hector Helio,8,propio,,0,rama1,8,0,C642F034
C5735C83,Hector Helio,8,propio,,0,rama1,12,0,E5849FF5
C5735C83,Hector Helio,8,propio,,0,rama1,15,0,58F82E8B
C5735C83,Hector Helio,8,propio,,0,rama2,18,0,6ED45544
C5735C83,Hector Helio,8,propio,,0,rama2,22,0,E5849FF5
C5735C83,Hector Helio,8,propio,,0,rama2,25,0,58F82E8B
DE973728,Hector Helio,6,propio,,0,tronco,1,0,2097421C
DE973728,Hector Helio,6,propio,,0,tronco,3,0,2097421C
DE973728,Hector Helio,6,propio,,0,tronco,7,0,2801F46B
DE973728,Hector Helio,6,propio,,0,tronco,11,0,9642721E
DE973728,Hector Helio,6,propio,,0,tronco,14,0,4C2BAEB7
F75F83DA,Hector Helio,7,propio,,0,tronco,1,0,2097421C
F75F83DA,Hector Helio,7,propio,,0,tronco,3,0,2097421C
F75F83DA,Hector Helio,7,propio,,0,tronco,7,0,2801F46B
F75F83DA,Hector Helio,7,propio,,0,tronco,11,0,CF6EEDEE
F75F83DA,Hector Helio,7,propio,,0,tronco,14,0,595EEA99
05FC0170,Hurley Kane,8,basara,3,0,tronco,1,0,16D4E13E
05FC0170,Hurley Kane,8,basara,3,0,tronco,3,0,1CAA9DE4
05FC0170,Hurley Kane,8,basara,3,0,rama1,8,0,B812419D
05FC0170,Hurley Kane,8,basara,3,0,rama1,12,0,47B73F79
05FC0170,Hurley Kane,8,basara,3,0,rama1,15,0,72125C90
05FC0170,Hurley Kane,8,basara,3,0,rama2,18,0,B812419D
05FC0170,Hurley Kane,8,basara,3,0,rama2,22,0,47B73F79
05FC0170,Hurley Kane,8,basara,3,0,rama2,25,0,72125C90
05FC0170,Hurley Kane,8,basara,1,1,tronco,1,0,16D4E13E
05FC0170,Hurley Kane,8,basara,1,1,tronco,3,0,1CAA9DE4
05FC0170,Hurley Kane,8,basara,1,1,rama1,8,0,B812419D
05FC0170,Hurley Kane,8,basara,1,1,rama1,12,0,CF6EEDEE
05FC0170,Hurley Kane,8,basara,1,1,rama1,15,0,595EEA99
05FC0170,Hurley Kane,8,basara,1,1,rama2,18,0,B812419D
05FC0170,Hurley Kane,8,basara,1,1,rama2,22,0,CF6EEDEE
05FC0170,Hurley Kane,8,basara,1,1,rama2,25,0,595EEA99
05FC0170,Hurley Kane,8,basara,4,2,tronco,1,0,16D4E13E
05FC0170,Hurley Kane,8,basara,4,2,tronco,3,0,1CAA9DE4
05FC0170,Hurley Kane,8,basara,4,2,rama1,8,0,B812419D
05FC0170,Hurley Kane,8,basara,4,2,rama1,12,0,41436E70
05FC0170,Hurley Kane,8,basara,4,2,rama1,15,0,32FAAE67
05FC0170,Hurley Kane,8,basara,4,2,rama2,18,0,B812419D
05FC0170,Hurley Kane,8,basara,4,2,rama2,22,0,41436E70
05FC0170,Hurley Kane,8,basara,4,2,rama2,25,0,32FAAE67
05FC0170,Hurley Kane,8,basara,2,3,tronco,1,0,16D4E13E
05FC0170,Hurley Kane,8,basara,2,3,tronco,3,0,1CAA9DE4
05FC0170,Hurley Kane,8,basara,2,3,rama1,8,0,B812419D
05FC0170,Hurley Kane,8,basara,2,3,rama1,12,0,186FF180
05FC0170,Hurley Kane,8,basara,2,3,rama1,15,0,C99ABCE7
05FC0170,Hurley Kane,8,basara,2,3,rama2,18,0,B812419D
05FC0170,Hurley Kane,8,basara,2,3,rama2,22,0,186FF180
05FC0170,Hurley Kane,8,basara,2,3,rama2,25,0,C99ABCE7
05FC0170,Hurley Kane,8,basara,0,4,tronco,1,0,16D4E13E
05FC0170,Hurley Kane,8,basara,0,4,tronco,3,0,1CAA9DE4
05FC0170,Hurley Kane,8,basara,0,4,rama1,8,0,B812419D
05FC0170,Hurley Kane,8,basara,0,4,rama1,12,0,84E41252
05FC0170,Hurley Kane,8,basara,0,4,rama1,15,0,B14171BB
05FC0170,Hurley Kane,8,basara,0,4,rama2,18,0,B812419D
05FC0170,Hurley Kane,8,basara,0,4,rama2,22,0,84E41252
05FC0170,Hurley Kane,8,basara,0,4,rama2,25,0,B14171BB
05FC0170,Hurley Kane,8,basara,5,5,tronco,1,0,90BE2221
05FC0170,Hurley Kane,8,basara,5,5,tronco,3,0,13E09DFC
05FC0170,Hurley Kane,8,basara,5,5,rama1,8,0,2097421C
05FC0170,Hurley Kane,8,basara,5,5,rama1,12,0,9642721E
05FC0170,Hurley Kane,8,basara,5,5,rama1,15,0,4C2BAEB7
05FC0170,Hurley Kane,8,basara,5,5,rama2,18,0,2097421C
05FC0170,Hurley Kane,8,basara,5,5,rama2,22,0,9642721E
05FC0170,Hurley Kane,8,basara,5,5,rama2,25,0,4C2BAEB7
05FC0170,Hurley Kane,8,propio,,0,tronco,1,0,9321DA68
05FC0170,Hurley Kane,8,propio,,0,tronco,3,0,E0981A7F
05FC0170,Hurley Kane,8,propio,,0,rama1,8,0,C642F034
05FC0170,Hurley Kane,8,propio,,0,rama1,12,0,E5849FF5
05FC0170,Hurley Kane,8,propio,,0,rama1,15,0,58F82E8B
05FC0170,Hurley Kane,8,propio,,0,rama2,18,0,6ED45544
05FC0170,Hurley Kane,8,propio,,0,rama2,22,0,E5849FF5
05FC0170,Hurley Kane,8,propio,,0,rama2,25,0,58F82E8B
1E186ADB,Hurley Kane,6,propio,,0,tronco,1,0,A1D62C9A
1E186ADB,Hurley Kane,6,propio,,0,tronco,3,0,CC86396D
1E186ADB,Hurley Kane,6,propio,,0,tronco,7,0,A1D62C9A
1E186ADB,Hurley Kane,6,propio,,0,tronco,11,0,C99ABCE7
1E186ADB,Hurley Kane,6,propio,,0,tronco,14,0,186FF180
37D0DE29,Hurley Kane,5,propio,,0,tronco,1,0,A1D62C9A
37D0DE29,Hurley Kane,5,propio,,0,tronco,3,0,CC86396D
37D0DE29,Hurley Kane,5,propio,,0,tronco,7,0,A1D62C9A
37D0DE29,Hurley Kane,5,propio,,0,tronco,11,0,47B73F79
37D0DE29,Hurley Kane,5,propio,,0,tronco,14,0,72125C90
8EF7491D,Jack Wallside,8,basara,3,0,tronco,1,0,16D4E13E
8EF7491D,Jack Wallside,8,basara,3,0,tronco,3,0,13E09DFC
8EF7491D,Jack Wallside,8,basara,3,0,rama1,8,0,94734F73
8EF7491D,Jack Wallside,8,basara,3,0,rama1,12,0,47B73F79
8EF7491D,Jack Wallside,8,basara,3,0,rama1,15,0,72125C90
8EF7491D,Jack Wallside,8,basara,3,0,rama2,18,0,94734F73
8EF7491D,Jack Wallside,8,basara,3,0,rama2,22,0,47B73F79
8EF7491D,Jack Wallside,8,basara,3,0,rama2,25,0,72125C90
8EF7491D,Jack Wallside,8,basara,1,1,tronco,1,0,16D4E13E
8EF7491D,Jack Wallside,8,basara,1,1,tronco,3,0,13E09DFC
8EF7491D,Jack Wallside,8,basara,1,1,rama1,8,0,94734F73
8EF7491D,Jack Wallside,8,basara,1,1,rama1,12,0,CF6EEDEE
8EF7491D,Jack Wallside,8,basara,1,1,rama1,15,0,595EEA99
8EF7491D,Jack Wallside,8,basara,1,1,rama2,18,0,94734F73
8EF7491D,Jack Wallside,8,basara,1,1,rama2,22,0,CF6EEDEE
8EF7491D,Jack Wallside,8,basara,1,1,rama2,25,0,595EEA99
8EF7491D,Jack Wallside,8,basara,4,2,tronco,1,0,16D4E13E
8EF7491D,Jack Wallside,8,basara,4,2,tronco,3,0,13E09DFC
8EF7491D,Jack Wallside,8,basara,4,2,rama1,8,0,94734F73
8EF7491D,Jack Wallside,8,basara,4,2,rama1,12,0,41436E70
8EF7491D,Jack Wallside,8,basara,4,2,rama1,15,0,32FAAE67
8EF7491D,Jack Wallside,8,basara,4,2,rama2,18,0,94734F73
8EF7491D,Jack Wallside,8,basara,4,2,rama2,22,0,41436E70
8EF7491D,Jack Wallside,8,basara,4,2,rama2,25,0,32FAAE67
8EF7491D,Jack Wallside,8,basara,2,3,tronco,1,0,16D4E13E
8EF7491D,Jack Wallside,8,basara,2,3,tronco,3,0,13E09DFC
8EF7491D,Jack Wallside,8,basara,2,3,rama1,8,0,94734F73
8EF7491D,Jack Wallside,8,basara,2,3,rama1,12,0,186FF180
8EF7491D,Jack Wallside,8,basara,2,3,rama1,15,0,C99ABCE7
8EF7491D,Jack Wallside,8,basara,2,3,rama2,18,0,94734F73
8EF7491D,Jack Wallside,8,basara,2,3,rama2,22,0,C99ABCE7
8EF7491D,Jack Wallside,8,basara,2,3,rama2,25,0,186FF180
8EF7491D,Jack Wallside,8,basara,0,4,tronco,1,0,16D4E13E
8EF7491D,Jack Wallside,8,basara,0,4,tronco,3,0,13E09DFC
8EF7491D,Jack Wallside,8,basara,0,4,rama1,8,0,94734F73
8EF7491D,Jack Wallside,8,basara,0,4,rama1,12,0,84E41252
8EF7491D,Jack Wallside,8,basara,0,4,rama1,15,0,B14171BB
8EF7491D,Jack Wallside,8,basara,0,4,rama2,18,0,94734F73
8EF7491D,Jack Wallside,8,basara,0,4,rama2,22,0,84E41252
8EF7491D,Jack Wallside,8,basara,0,4,rama2,25,0,B14171BB
8EF7491D,Jack Wallside,8,basara,5,5,tronco,1,0,16D4E13E
8EF7491D,Jack Wallside,8,basara,5,5,tronco,3,0,13E09DFC
8EF7491D,Jack Wallside,8,basara,5,5,rama1,8,0,94734F73
8EF7491D,Jack Wallside,8,basara,5,5,rama1,12,0,9642721E
8EF7491D,Jack Wallside,8,basara,5,5,rama1,15,0,4C2BAEB7
8EF7491D,Jack Wallside,8,basara,5,5,rama2,18,0,94734F73
8EF7491D,Jack Wallside,8,basara,5,5,rama2,22,0,9642721E
8EF7491D,Jack Wallside,8,basara,5,5,rama2,25,0,4C2BAEB7
8EF7491D,Jack Wallside,8,propio,,0,tronco,1,0,9321DA68
8EF7491D,Jack Wallside,8,propio,,0,tronco,3,0,E0981A7F
8EF7491D,Jack Wallside,8,propio,,0,rama1,8,0,C642F034
8EF7491D,Jack Wallside,8,propio,,0,rama1,12,0,E5849FF5
8EF7491D,Jack Wallside,8,propio,,0,rama1,15,0,58F82E8B
8EF7491D,Jack Wallside,8,propio,,0,rama2,18,0,6ED45544
8EF7491D,Jack Wallside,8,propio,,0,rama2,22,0,E5849FF5
8EF7491D,Jack Wallside,8,propio,,0,rama2,25,0,58F82E8B
951322B6,Jack Wallside,7,propio,,0,tronco,1,0,A1D62C9A
951322B6,Jack Wallside,7,propio,,0,tronco,3,0,CC86396D
951322B6,Jack Wallside,7,propio,,0,tronco,7,0,94734F73
951322B6,Jack Wallside,7,propio,,0,tronco,11,0,84E41252
951322B6,Jack Wallside,7,propio,,0,tronco,14,0,B14171BB
BCDB9644,Jack Wallside,6,propio,,0,tronco,1,0,A1D62C9A
BCDB9644,Jack Wallside,6,propio,,0,tronco,3,0,CC86396D
BCDB9644,Jack Wallside,6,propio,,0,tronco,7,0,94734F73
BCDB9644,Jack Wallside,6,propio,,0,tronco,11,0,9642721E
BCDB9644,Jack Wallside,6,propio,,0,tronco,14,0,4C2BAEB7
06644770,Jade Beor,7,propio,,0,tronco,1,0,1CAA9DE4
06644770,Jade Beor,7,propio,,0,tronco,3,0,CBAB818A
06644770,Jade Beor,7,propio,,0,tronco,7,0,CBAB818A
06644770,Jade Beor,7,propio,,0,tronco,11,0,595EEA99
06644770,Jade Beor,7,propio,,0,tronco,14,0,798ECD5E
A80CD6E1,Jade Beor,6,propio,,0,tronco,1,0,1CAA9DE4
A80CD6E1,Jade Beor,6,propio,,0,tronco,3,0,CBAB818A
A80CD6E1,Jade Beor,6,propio,,0,tronco,7,0,CBAB818A
A80CD6E1,Jade Beor,6,propio,,0,tronco,11,0,F67AA72E
A80CD6E1,Jade Beor,6,propio,,0,tronco,14,0,DA1BA9C0
B3E8BD4A,Jade Beor,8,basara,3,0,tronco,1,0,F5D99E99
B3E8BD4A,Jade Beor,8,basara,3,0,tronco,3,0,1CAA9DE4
B3E8BD4A,Jade Beor,8,basara,3,0,rama1,8,0,F9235A84
B3E8BD4A,Jade Beor,8,basara,3,0,rama1,12,0,47B73F79
B3E8BD4A,Jade Beor,8,basara,3,0,rama1,15,0,72125C90
B3E8BD4A,Jade Beor,8,basara,3,0,rama2,18,0,F9235A84
B3E8BD4A,Jade Beor,8,basara,3,0,rama2,22,0,47B73F79
B3E8BD4A,Jade Beor,8,basara,3,0,rama2,25,0,72125C90
B3E8BD4A,Jade Beor,8,basara,1,1,tronco,1,0,F5D99E99
B3E8BD4A,Jade Beor,8,basara,1,1,tronco,3,0,1CAA9DE4
B3E8BD4A,Jade Beor,8,basara,1,1,rama1,8,0,F9235A84
B3E8BD4A,Jade Beor,8,basara,1,1,rama1,12,0,CF6EEDEE
B3E8BD4A,Jade Beor,8,basara,1,1,rama1,15,0,595EEA99
B3E8BD4A,Jade Beor,8,basara,1,1,rama2,18,0,F9235A84
B3E8BD4A,Jade Beor,8,basara,1,1,rama2,22,0,CF6EEDEE
B3E8BD4A,Jade Beor,8,basara,1,1,rama2,25,0,595EEA99
B3E8BD4A,Jade Beor,8,basara,4,2,tronco,1,0,F5D99E99
B3E8BD4A,Jade Beor,8,basara,4,2,tronco,3,0,1CAA9DE4
B3E8BD4A,Jade Beor,8,basara,4,2,rama1,8,0,F9235A84
B3E8BD4A,Jade Beor,8,basara,4,2,rama1,12,0,41436E70
B3E8BD4A,Jade Beor,8,basara,4,2,rama1,15,0,32FAAE67
B3E8BD4A,Jade Beor,8,basara,4,2,rama2,18,0,F9235A84
B3E8BD4A,Jade Beor,8,basara,4,2,rama2,22,0,41436E70
B3E8BD4A,Jade Beor,8,basara,4,2,rama2,25,0,32FAAE67
B3E8BD4A,Jade Beor,8,basara,2,3,tronco,1,0,F5D99E99
B3E8BD4A,Jade Beor,8,basara,2,3,tronco,3,0,1CAA9DE4
B3E8BD4A,Jade Beor,8,basara,2,3,rama1,8,0,F9235A84
B3E8BD4A,Jade Beor,8,basara,2,3,rama1,12,0,186FF180
B3E8BD4A,Jade Beor,8,basara,2,3,rama1,15,0,C99ABCE7
B3E8BD4A,Jade Beor,8,basara,2,3,rama2,18,0,F9235A84
B3E8BD4A,Jade Beor,8,basara,2,3,rama2,22,0,186FF180
B3E8BD4A,Jade Beor,8,basara,2,3,rama2,25,0,C99ABCE7
B3E8BD4A,Jade Beor,8,basara,0,4,tronco,1,0,F5D99E99
B3E8BD4A,Jade Beor,8,basara,0,4,tronco,3,0,1CAA9DE4
B3E8BD4A,Jade Beor,8,basara,0,4,rama1,8,0,F9235A84
B3E8BD4A,Jade Beor,8,basara,0,4,rama1,12,0,84E41252
B3E8BD4A,Jade Beor,8,basara,0,4,rama1,15,0,B14171BB
B3E8BD4A,Jade Beor,8,basara,0,4,rama2,18,0,F9235A84
B3E8BD4A,Jade Beor,8,basara,0,4,rama2,22,0,84E41252
B3E8BD4A,Jade Beor,8,basara,0,4,rama2,25,0,B14171BB
B3E8BD4A,Jade Beor,8,basara,5,5,tronco,1,0,16D4E13E
B3E8BD4A,Jade Beor,8,basara,5,5,tronco,3,0,1CAA9DE4
B3E8BD4A,Jade Beor,8,basara,5,5,rama1,8,0,B812419D
B3E8BD4A,Jade Beor,8,basara,5,5,rama1,12,0,9642721E
B3E8BD4A,Jade Beor,8,basara,5,5,rama1,15,0,4C2BAEB7
B3E8BD4A,Jade Beor,8,basara,5,5,rama2,18,0,B812419D
B3E8BD4A,Jade Beor,8,basara,5,5,rama2,22,0,9642721E
B3E8BD4A,Jade Beor,8,basara,5,5,rama2,25,0,4C2BAEB7
4C6835DA,Janus,5,propio,,0,tronco,1,0,1CAA9DE4
4C6835DA,Janus,5,propio,,0,tronco,3,0,E9B407A5
4C6835DA,Janus,5,propio,,0,tronco,7,0,E9B407A5
4C6835DA,Janus,5,propio,,0,tronco,11,0,41436E70
4C6835DA,Janus,5,propio,,0,tronco,14,0,32FAAE67
578C5E71,Janus,8,basara,3,0,tronco,1,0,16D4E13E
578C5E71,Janus,8,basara,3,0,tronco,3,0,1CAA9DE4
578C5E71,Janus,8,basara,3,0,rama1,8,0,B812419D
578C5E71,Janus,8,basara,3,0,rama1,12,0,47B73F79
578C5E71,Janus,8,basara,3,0,rama1,15,0,72125C90
578C5E71,Janus,8,basara,3,0,rama2,18,0,B812419D
578C5E71,Janus,8,basara,3,0,rama2,22,0,47B73F79
578C5E71,Janus,8,basara,3,0,rama2,25,0,72125C90
578C5E71,Janus,8,basara,1,1,tronco,1,0,16D4E13E
578C5E71,Janus,8,basara,1,1,tronco,3,0,1CAA9DE4
578C5E71,Janus,8,basara,1,1,rama1,8,0,B812419D
578C5E71,Janus,8,basara,1,1,rama1,12,0,CF6EEDEE
578C5E71,Janus,8,basara,1,1,rama1,15,0,595EEA99
578C5E71,Janus,8,basara,1,1,rama2,18,0,B812419D
578C5E71,Janus,8,basara,1,1,rama2,22,0,CF6EEDEE
578C5E71,Janus,8,basara,1,1,rama2,25,0,595EEA99
578C5E71,Janus,8,basara,4,2,tronco,1,0,16D4E13E
578C5E71,Janus,8,basara,4,2,tronco,3,0,1CAA9DE4
578C5E71,Janus,8,basara,4,2,rama1,8,0,B812419D
578C5E71,Janus,8,basara,4,2,rama1,12,0,41436E70
578C5E71,Janus,8,basara,4,2,rama1,15,0,32FAAE67
578C5E71,Janus,8,basara,4,2,rama2,18,0,B812419D
578C5E71,Janus,8,basara,4,2,rama2,22,0,41436E70
578C5E71,Janus,8,basara,4,2,rama2,25,0,32FAAE67
578C5E71,Janus,8,basara,2,3,tronco,1,0,16D4E13E
578C5E71,Janus,8,basara,2,3,tronco,3,0,1CAA9DE4
578C5E71,Janus,8,basara,2,3,rama1,8,0,B812419D
578C5E71,Janus,8,basara,2,3,rama1,12,0,186FF180
578C5E71,Janus,8,basara,2,3,rama1,15,0,C99ABCE7
578C5E71,Janus,8,basara,2,3,rama2,18,0,B812419D
578C5E71,Janus,8,basara,2,3,rama2,22,0,186FF180
578C5E71,Janus,8,basara,2,3,rama2,25,0,C99ABCE7
578C5E71,Janus,8,basara,0,4,tronco,1,0,16D4E13E
578C5E71,Janus,8,basara,0,4,tronco,3,0,1CAA9DE4
578C5E71,Janus,8,basara,0,4,rama1,8,0,B812419D
578C5E71,Janus,8,basara,0,4,rama1,12,0,84E41252
578C5E71,Janus,8,basara,0,4,rama1,15,0,B14171BB
578C5E71,Janus,8,basara,0,4,rama2,18,0,B812419D
578C5E71,Janus,8,basara,0,4,rama2,22,0,84E41252
578C5E71,Janus,8,basara,0,4,rama2,25,0,B14171BB
578C5E71,Janus,8,basara,5,5,tronco,1,0,16D4E13E
578C5E71,Janus,8,basara,5,5,tronco,3,0,CC86396D
578C5E71,Janus,8,basara,5,5,rama1,8,0,D542546A
578C5E71,Janus,8,basara,5,5,rama1,12,0,9642721E
578C5E71,Janus,8,basara,5,5,rama1,15,0,4C2BAEB7
578C5E71,Janus,8,basara,5,5,rama2,18,0,D542546A
578C5E71,Janus,8,basara,5,5,rama2,22,0,9642721E
578C5E71,Janus,8,basara,5,5,rama2,25,0,4C2BAEB7
578C5E71,Janus,8,propio,,0,tronco,1,0,9321DA68
578C5E71,Janus,8,propio,,0,tronco,3,0,E0981A7F
578C5E71,Janus,8,propio,,0,rama1,8,0,C642F034
578C5E71,Janus,8,propio,,0,rama1,12,0,E5849FF5
578C5E71,Janus,8,propio,,0,rama1,15,0,58F82E8B
578C5E71,Janus,8,propio,,0,rama2,18,0,6ED45544
578C5E71,Janus,8,propio,,0,rama2,22,0,E5849FF5
578C5E71,Janus,8,propio,,0,rama2,25,0,58F82E8B
65A08128,Janus,6,propio,,0,tronco,1,0,1CAA9DE4
65A08128,Janus,6,propio,,0,tronco,3,0,E9B407A5
65A08128,Janus,6,propio,,0,tronco,7,0,E9B407A5
65A08128,Janus,6,propio,,0,tronco,11,0,C99ABCE7
65A08128,Janus,6,propio,,0,tronco,14,0,186FF180
8A95C13C,Jean-Pierre Lapin,8,basara,3,0,tronco,1,0,2097421C
8A95C13C,Jean-Pierre Lapin,8,basara,3,0,tronco,3,0,A1D62C9A
8A95C13C,Jean-Pierre Lapin,8,basara,3,0,rama1,8,0,90BE2221
8A95C13C,Jean-Pierre Lapin,8,basara,3,0,rama1,12,0,47B73F79
8A95C13C,Jean-Pierre Lapin,8,basara,3,0,rama1,15,0,72125C90
8A95C13C,Jean-Pierre Lapin,8,basara,3,0,rama2,18,0,90BE2221
8A95C13C,Jean-Pierre Lapin,8,basara,3,0,rama2,22,0,47B73F79
8A95C13C,Jean-Pierre Lapin,8,basara,3,0,rama2,25,0,72125C90
8A95C13C,Jean-Pierre Lapin,8,basara,1,1,tronco,1,0,2097421C
8A95C13C,Jean-Pierre Lapin,8,basara,1,1,tronco,3,0,A1D62C9A
8A95C13C,Jean-Pierre Lapin,8,basara,1,1,rama1,8,0,90BE2221
8A95C13C,Jean-Pierre Lapin,8,basara,1,1,rama1,12,0,CF6EEDEE
8A95C13C,Jean-Pierre Lapin,8,basara,1,1,rama1,15,0,595EEA99
8A95C13C,Jean-Pierre Lapin,8,basara,1,1,rama2,18,0,90BE2221
8A95C13C,Jean-Pierre Lapin,8,basara,1,1,rama2,22,0,CF6EEDEE
8A95C13C,Jean-Pierre Lapin,8,basara,1,1,rama2,25,0,595EEA99
8A95C13C,Jean-Pierre Lapin,8,basara,4,2,tronco,1,0,2097421C
8A95C13C,Jean-Pierre Lapin,8,basara,4,2,tronco,3,0,A1D62C9A
8A95C13C,Jean-Pierre Lapin,8,basara,4,2,rama1,8,0,90BE2221
8A95C13C,Jean-Pierre Lapin,8,basara,4,2,rama1,12,0,41436E70
8A95C13C,Jean-Pierre Lapin,8,basara,4,2,rama1,15,0,32FAAE67
8A95C13C,Jean-Pierre Lapin,8,basara,4,2,rama2,18,0,90BE2221
8A95C13C,Jean-Pierre Lapin,8,basara,4,2,rama2,22,0,41436E70
8A95C13C,Jean-Pierre Lapin,8,basara,4,2,rama2,25,0,32FAAE67
8A95C13C,Jean-Pierre Lapin,8,basara,2,3,tronco,1,0,2097421C
8A95C13C,Jean-Pierre Lapin,8,basara,2,3,tronco,3,0,A1D62C9A
8A95C13C,Jean-Pierre Lapin,8,basara,2,3,rama1,8,0,90BE2221
8A95C13C,Jean-Pierre Lapin,8,basara,2,3,rama1,12,0,186FF180
8A95C13C,Jean-Pierre Lapin,8,basara,2,3,rama1,15,0,C99ABCE7
8A95C13C,Jean-Pierre Lapin,8,basara,2,3,rama2,18,0,90BE2221
8A95C13C,Jean-Pierre Lapin,8,basara,2,3,rama2,22,0,186FF180
8A95C13C,Jean-Pierre Lapin,8,basara,2,3,rama2,25,0,C99ABCE7
8A95C13C,Jean-Pierre Lapin,8,basara,0,4,tronco,1,0,2097421C
8A95C13C,Jean-Pierre Lapin,8,basara,0,4,tronco,3,0,A1D62C9A
8A95C13C,Jean-Pierre Lapin,8,basara,0,4,rama1,8,0,90BE2221
8A95C13C,Jean-Pierre Lapin,8,basara,0,4,rama1,12,0,84E41252
8A95C13C,Jean-Pierre Lapin,8,basara,0,4,rama1,15,0,B14171BB
8A95C13C,Jean-Pierre Lapin,8,basara,0,4,rama2,18,0,90BE2221
8A95C13C,Jean-Pierre Lapin,8,basara,0,4,rama2,22,0,84E41252
8A95C13C,Jean-Pierre Lapin,8,basara,0,4,rama2,25,0,B14171BB
8A95C13C,Jean-Pierre Lapin,8,basara,5,5,tronco,1,0,F5D99E99
8A95C13C,Jean-Pierre Lapin,8,basara,5,5,tronco,3,0,1CAA9DE4
8A95C13C,Jean-Pierre Lapin,8,basara,5,5,rama1,8,0,F9235A84
8A95C13C,Jean-Pierre Lapin,8,basara,5,5,rama1,12,0,9642721E
8A95C13C,Jean-Pierre Lapin,8,basara,5,5,rama1,15,0,4C2BAEB7
8A95C13C,Jean-Pierre Lapin,8,basara,5,5,rama2,18,0,F9235A84
8A95C13C,Jean-Pierre Lapin,8,basara,5,5,rama2,22,0,9642721E
8A95C13C,Jean-Pierre Lapin,8,basara,5,5,rama2,25,0,4C2BAEB7
8A95C13C,Jean-Pierre Lapin,8,propio,,0,tronco,1,0,9321DA68
8A95C13C,Jean-Pierre Lapin,8,propio,,0,tronco,3,0,E0981A7F
8A95C13C,Jean-Pierre Lapin,8,propio,,0,rama1,8,0,C642F034
8A95C13C,Jean-Pierre Lapin,8,propio,,0,rama1,12,0,E5849FF5
8A95C13C,Jean-Pierre Lapin,8,propio,,0,rama1,15,0,58F82E8B
8A95C13C,Jean-Pierre Lapin,8,propio,,0,rama2,18,0,6ED45544
8A95C13C,Jean-Pierre Lapin,8,propio,,0,rama2,22,0,E5849FF5
8A95C13C,Jean-Pierre Lapin,8,propio,,0,rama2,25,0,58F82E8B
9171AA97,Jean-Pierre Lapin,5,propio,,0,tronco,1,0,2801F46B
9171AA97,Jean-Pierre Lapin,5,propio,,0,tronco,3,0,90BE2221
9171AA97,Jean-Pierre Lapin,5,propio,,0,tronco,7,0,90BE2221
9171AA97,Jean-Pierre Lapin,5,propio,,0,tronco,11,0,CF6EEDEE
9171AA97,Jean-Pierre Lapin,5,propio,,0,tronco,14,0,595EEA99
B8B91E65,Jean-Pierre Lapin,6,propio,,0,tronco,1,0,2801F46B
B8B91E65,Jean-Pierre Lapin,6,propio,,0,tronco,3,0,90BE2221
B8B91E65,Jean-Pierre Lapin,6,propio,,0,tronco,7,0,90BE2221
B8B91E65,Jean-Pierre Lapin,6,propio,,0,tronco,11,0,C99ABCE7
B8B91E65,Jean-Pierre Lapin,6,propio,,0,tronco,14,0,186FF180
6EC011E4,Jimmy Wongfu,8,basara,3,0,tronco,1,0,16D4E13E
6EC011E4,Jimmy Wongfu,8,basara,3,0,tronco,3,0,CC86396D
6EC011E4,Jimmy Wongfu,8,basara,3,0,rama1,8,0,D542546A
6EC011E4,Jimmy Wongfu,8,basara,3,0,rama1,12,0,47B73F79
6EC011E4,Jimmy Wongfu,8,basara,3,0,rama1,15,0,72125C90
6EC011E4,Jimmy Wongfu,8,basara,3,0,rama2,18,0,D542546A
6EC011E4,Jimmy Wongfu,8,basara,3,0,rama2,22,0,47B73F79
6EC011E4,Jimmy Wongfu,8,basara,3,0,rama2,25,0,72125C90
6EC011E4,Jimmy Wongfu,8,basara,1,1,tronco,1,0,16D4E13E
6EC011E4,Jimmy Wongfu,8,basara,1,1,tronco,3,0,CC86396D
6EC011E4,Jimmy Wongfu,8,basara,1,1,rama1,8,0,D542546A
6EC011E4,Jimmy Wongfu,8,basara,1,1,rama1,12,0,CF6EEDEE
6EC011E4,Jimmy Wongfu,8,basara,1,1,rama1,15,0,595EEA99
6EC011E4,Jimmy Wongfu,8,basara,1,1,rama2,18,0,D542546A
6EC011E4,Jimmy Wongfu,8,basara,1,1,rama2,22,0,CF6EEDEE
6EC011E4,Jimmy Wongfu,8,basara,1,1,rama2,25,0,595EEA99
6EC011E4,Jimmy Wongfu,8,basara,4,2,tronco,1,0,16D4E13E
6EC011E4,Jimmy Wongfu,8,basara,4,2,tronco,3,0,CC86396D
6EC011E4,Jimmy Wongfu,8,basara,4,2,rama1,8,0,D542546A
6EC011E4,Jimmy Wongfu,8,basara,4,2,rama1,12,0,41436E70
6EC011E4,Jimmy Wongfu,8,basara,4,2,rama1,15,0,32FAAE67
6EC011E4,Jimmy Wongfu,8,basara,4,2,rama2,18,0,D542546A
6EC011E4,Jimmy Wongfu,8,basara,4,2,rama2,22,0,41436E70
6EC011E4,Jimmy Wongfu,8,basara,4,2,rama2,25,0,32FAAE67
6EC011E4,Jimmy Wongfu,8,basara,2,3,tronco,1,0,16D4E13E
6EC011E4,Jimmy Wongfu,8,basara,2,3,tronco,3,0,CC86396D
6EC011E4,Jimmy Wongfu,8,basara,2,3,rama1,8,0,D542546A
6EC011E4,Jimmy Wongfu,8,basara,2,3,rama1,12,0,186FF180
6EC011E4,Jimmy Wongfu,8,basara,2,3,rama1,15,0,C99ABCE7
6EC011E4,Jimmy Wongfu,8,basara,2,3,rama2,18,0,D542546A
6EC011E4,Jimmy Wongfu,8,basara,2,3,rama2,22,0,186FF180
6EC011E4,Jimmy Wongfu,8,basara,2,3,rama2,25,0,C99ABCE7
6EC011E4,Jimmy Wongfu,8,basara,0,4,tronco,1,0,16D4E13E
6EC011E4,Jimmy Wongfu,8,basara,0,4,tronco,3,0,CC86396D
6EC011E4,Jimmy Wongfu,8,basara,0,4,rama1,8,0,D542546A
6EC011E4,Jimmy Wongfu,8,basara,0,4,rama1,12,0,84E41252
6EC011E4,Jimmy Wongfu,8,basara,0,4,rama1,15,0,B14171BB
6EC011E4,Jimmy Wongfu,8,basara,0,4,rama2,18,0,D542546A
6EC011E4,Jimmy Wongfu,8,basara,0,4,rama2,22,0,84E41252
6EC011E4,Jimmy Wongfu,8,basara,0,4,rama2,25,0,B14171BB
6EC011E4,Jimmy Wongfu,8,basara,5,5,tronco,1,0,F5D99E99
6EC011E4,Jimmy Wongfu,8,basara,5,5,tronco,3,0,1CAA9DE4
6EC011E4,Jimmy Wongfu,8,basara,5,5,rama1,8,0,F9235A84
6EC011E4,Jimmy Wongfu,8,basara,5,5,rama1,12,0,9642721E
6EC011E4,Jimmy Wongfu,8,basara,5,5,rama1,15,0,4C2BAEB7
6EC011E4,Jimmy Wongfu,8,basara,5,5,rama2,18,0,F9235A84
6EC011E4,Jimmy Wongfu,8,basara,5,5,rama2,22,0,9642721E
6EC011E4,Jimmy Wongfu,8,basara,5,5,rama2,25,0,4C2BAEB7
75247A4F,Jimmy Wongfu,6,propio,,0,tronco,1,0,1CAA9DE4
75247A4F,Jimmy Wongfu,6,propio,,0,tronco,3,0,D542546A
75247A4F,Jimmy Wongfu,6,propio,,0,tronco,7,0,D542546A
75247A4F,Jimmy Wongfu,6,propio,,0,tronco,11,0,DA1BA9C0
75247A4F,Jimmy Wongfu,6,propio,,0,tronco,14,0,186FF180
DB4CEBDE,Jimmy Wongfu,7,propio,,0,tronco,1,0,1CAA9DE4
DB4CEBDE,Jimmy Wongfu,7,propio,,0,tronco,3,0,D542546A
DB4CEBDE,Jimmy Wongfu,7,propio,,0,tronco,7,0,D542546A
DB4CEBDE,Jimmy Wongfu,7,propio,,0,tronco,11,0,CF6EEDEE
DB4CEBDE,Jimmy Wongfu,7,propio,,0,tronco,14,0,595EEA99
8D6920A8,Joseph King,7,propio,,0,tronco,1,0,2801F46B
8D6920A8,Joseph King,7,propio,,0,tronco,3,0,2801F46B
8D6920A8,Joseph King,7,propio,,0,tronco,7,0,90BE2221
8D6920A8,Joseph King,7,propio,,0,tronco,11,0,84E41252
8D6920A8,Joseph King,7,propio,,0,tronco,14,0,B14171BB
A4A1945A,Joseph King,5,propio,,0,tronco,1,0,2801F46B
A4A1945A,Joseph King,5,propio,,0,tronco,3,0,2801F46B
A4A1945A,Joseph King,5,propio,,0,tronco,7,0,90BE2221
A4A1945A,Joseph King,5,propio,,0,tronco,11,0,CF6EEDEE
A4A1945A,Joseph King,5,propio,,0,tronco,14,0,595EEA99
BF45FFF1,Joseph King,8,basara,3,0,tronco,1,0,90BE2221
BF45FFF1,Joseph King,8,basara,3,0,tronco,3,0,13E09DFC
BF45FFF1,Joseph King,8,basara,3,0,rama1,8,0,2097421C
BF45FFF1,Joseph King,8,basara,3,0,rama1,12,0,47B73F79
BF45FFF1,Joseph King,8,basara,3,0,rama1,15,0,72125C90
BF45FFF1,Joseph King,8,basara,3,0,rama2,18,0,2097421C
BF45FFF1,Joseph King,8,basara,3,0,rama2,22,0,47B73F79
BF45FFF1,Joseph King,8,basara,3,0,rama2,25,0,72125C90
BF45FFF1,Joseph King,8,basara,1,1,tronco,1,0,90BE2221
BF45FFF1,Joseph King,8,basara,1,1,tronco,3,0,13E09DFC
BF45FFF1,Joseph King,8,basara,1,1,rama1,8,0,2097421C
BF45FFF1,Joseph King,8,basara,1,1,rama1,12,0,CF6EEDEE
BF45FFF1,Joseph King,8,basara,1,1,rama1,15,0,595EEA99
BF45FFF1,Joseph King,8,basara,1,1,rama2,18,0,2097421C
BF45FFF1,Joseph King,8,basara,1,1,rama2,22,0,CF6EEDEE
BF45FFF1,Joseph King,8,basara,1,1,rama2,25,0,595EEA99
BF45FFF1,Joseph King,8,basara,4,2,tronco,1,0,90BE2221
BF45FFF1,Joseph King,8,basara,4,2,tronco,3,0,13E09DFC
BF45FFF1,Joseph King,8,basara,4,2,rama1,8,0,2097421C
BF45FFF1,Joseph King,8,basara,4,2,rama1,12,0,41436E70
BF45FFF1,Joseph King,8,basara,4,2,rama1,15,0,32FAAE67
BF45FFF1,Joseph King,8,basara,4,2,rama2,18,0,2097421C
BF45FFF1,Joseph King,8,basara,4,2,rama2,22,0,41436E70
BF45FFF1,Joseph King,8,basara,4,2,rama2,25,0,32FAAE67
BF45FFF1,Joseph King,8,basara,2,3,tronco,1,0,90BE2221
BF45FFF1,Joseph King,8,basara,2,3,tronco,3,0,13E09DFC
BF45FFF1,Joseph King,8,basara,2,3,rama1,8,0,2097421C
BF45FFF1,Joseph King,8,basara,2,3,rama1,12,0,186FF180
BF45FFF1,Joseph King,8,basara,2,3,rama1,15,0,C99ABCE7
BF45FFF1,Joseph King,8,basara,2,3,rama2,18,0,2097421C
BF45FFF1,Joseph King,8,basara,2,3,rama2,22,0,186FF180
BF45FFF1,Joseph King,8,basara,2,3,rama2,25,0,C99ABCE7
BF45FFF1,Joseph King,8,basara,0,4,tronco,1,0,90BE2221
BF45FFF1,Joseph King,8,basara,0,4,tronco,3,0,13E09DFC
BF45FFF1,Joseph King,8,basara,0,4,rama1,8,0,2097421C
BF45FFF1,Joseph King,8,basara,0,4,rama1,12,0,84E41252
BF45FFF1,Joseph King,8,basara,0,4,rama1,15,0,B14171BB
BF45FFF1,Joseph King,8,basara,0,4,rama2,18,0,2097421C
BF45FFF1,Joseph King,8,basara,0,4,rama2,22,0,84E41252
BF45FFF1,Joseph King,8,basara,0,4,rama2,25,0,B14171BB
BF45FFF1,Joseph King,8,basara,5,5,tronco,1,0,F5D99E99
BF45FFF1,Joseph King,8,basara,5,5,tronco,3,0,1CAA9DE4
BF45FFF1,Joseph King,8,basara,5,5,rama1,8,0,F9235A84
BF45FFF1,Joseph King,8,basara,5,5,rama1,12,0,9642721E
BF45FFF1,Joseph King,8,basara,5,5,rama1,15,0,4C2BAEB7
BF45FFF1,Joseph King,8,basara,5,5,rama2,18,0,F9235A84
BF45FFF1,Joseph King,8,basara,5,5,rama2,22,0,9642721E
BF45FFF1,Joseph King,8,basara,5,5,rama2,25,0,4C2BAEB7
BF45FFF1,Joseph King,8,propio,,0,tronco,1,0,9321DA68
BF45FFF1,Joseph King,8,propio,,0,tronco,3,0,E0981A7F
BF45FFF1,Joseph King,8,propio,,0,rama1,8,0,C642F034
BF45FFF1,Joseph King,8,propio,,0,rama1,12,0,E5849FF5
BF45FFF1,Joseph King,8,propio,,0,rama1,15,0,58F82E8B
BF45FFF1,Joseph King,8,propio,,0,rama2,18,0,6ED45544
BF45FFF1,Joseph King,8,propio,,0,rama2,22,0,E5849FF5
BF45FFF1,Joseph King,8,propio,,0,rama2,25,0,58F82E8B
95B07BDE,Jude Sharp,6,propio,,0,tronco,1,0,E8A7749E
95B07BDE,Jude Sharp,6,propio,,0,tronco,3,0,16D4E13E
95B07BDE,Jude Sharp,6,propio,,0,tronco,7,0,1CAA9DE4
95B07BDE,Jude Sharp,6,propio,,0,tronco,11,0,9642721E
95B07BDE,Jude Sharp,6,propio,,0,tronco,14,0,4C2BAEB7
A79CA487,Jude Sharp,8,basara,3,0,tronco,1,0,16D4E13E
A79CA487,Jude Sharp,8,basara,3,0,tronco,3,0,1CAA9DE4
A79CA487,Jude Sharp,8,basara,3,0,rama1,8,0,B812419D
A79CA487,Jude Sharp,8,basara,3,0,rama1,12,0,47B73F79
A79CA487,Jude Sharp,8,basara,3,0,rama1,15,0,72125C90
A79CA487,Jude Sharp,8,basara,3,0,rama2,18,0,B812419D
A79CA487,Jude Sharp,8,basara,3,0,rama2,22,0,47B73F79
A79CA487,Jude Sharp,8,basara,3,0,rama2,25,0,72125C90
A79CA487,Jude Sharp,8,basara,1,1,tronco,1,0,16D4E13E
A79CA487,Jude Sharp,8,basara,1,1,tronco,3,0,1CAA9DE4
A79CA487,Jude Sharp,8,basara,1,1,rama1,8,0,B812419D
A79CA487,Jude Sharp,8,basara,1,1,rama1,12,0,CF6EEDEE
A79CA487,Jude Sharp,8,basara,1,1,rama1,15,0,595EEA99
A79CA487,Jude Sharp,8,basara,1,1,rama2,18,0,B812419D
A79CA487,Jude Sharp,8,basara,1,1,rama2,22,0,CF6EEDEE
A79CA487,Jude Sharp,8,basara,1,1,rama2,25,0,595EEA99
A79CA487,Jude Sharp,8,basara,4,2,tronco,1,0,16D4E13E
A79CA487,Jude Sharp,8,basara,4,2,tronco,3,0,1CAA9DE4
A79CA487,Jude Sharp,8,basara,4,2,rama1,8,0,B812419D
A79CA487,Jude Sharp,8,basara,4,2,rama1,12,0,41436E70
A79CA487,Jude Sharp,8,basara,4,2,rama1,15,0,32FAAE67
A79CA487,Jude Sharp,8,basara,4,2,rama2,18,0,B812419D
A79CA487,Jude Sharp,8,basara,4,2,rama2,22,0,41436E70
A79CA487,Jude Sharp,8,basara,4,2,rama2,25,0,32FAAE67
A79CA487,Jude Sharp,8,basara,2,3,tronco,1,0,16D4E13E
A79CA487,Jude Sharp,8,basara,2,3,tronco,3,0,1CAA9DE4
A79CA487,Jude Sharp,8,basara,2,3,rama1,8,0,B812419D
A79CA487,Jude Sharp,8,basara,2,3,rama1,12,0,186FF180
A79CA487,Jude Sharp,8,basara,2,3,rama1,15,0,C99ABCE7
A79CA487,Jude Sharp,8,basara,2,3,rama2,18,0,B812419D
A79CA487,Jude Sharp,8,basara,2,3,rama2,22,0,186FF180
A79CA487,Jude Sharp,8,basara,2,3,rama2,25,0,C99ABCE7
A79CA487,Jude Sharp,8,basara,0,4,tronco,1,0,16D4E13E
A79CA487,Jude Sharp,8,basara,0,4,tronco,3,0,1CAA9DE4
A79CA487,Jude Sharp,8,basara,0,4,rama1,8,0,B812419D
A79CA487,Jude Sharp,8,basara,0,4,rama1,12,0,84E41252
A79CA487,Jude Sharp,8,basara,0,4,rama1,15,0,B14171BB
A79CA487,Jude Sharp,8,basara,0,4,rama2,18,0,B812419D
A79CA487,Jude Sharp,8,basara,0,4,rama2,22,0,84E41252
A79CA487,Jude Sharp,8,basara,0,4,rama2,25,0,B14171BB
A79CA487,Jude Sharp,8,basara,5,5,tronco,1,0,16D4E13E
A79CA487,Jude Sharp,8,basara,5,5,tronco,3,0,1CAA9DE4
A79CA487,Jude Sharp,8,basara,5,5,rama1,8,0,B812419D
A79CA487,Jude Sharp,8,basara,5,5,rama1,12,0,9642721E
A79CA487,Jude Sharp,8,basara,5,5,rama1,15,0,4C2BAEB7
A79CA487,Jude Sharp,8,basara,5,5,rama2,18,0,B812419D
A79CA487,Jude Sharp,8,basara,5,5,rama2,22,0,9642721E
A79CA487,Jude Sharp,8,basara,5,5,rama2,25,0,4C2BAEB7
A79CA487,Jude Sharp,8,propio,,0,tronco,1,0,9321DA68
A79CA487,Jude Sharp,8,propio,,0,tronco,3,0,E0981A7F
A79CA487,Jude Sharp,8,propio,,0,rama1,8,0,C642F034
A79CA487,Jude Sharp,8,propio,,0,rama1,12,0,E5849FF5
A79CA487,Jude Sharp,8,propio,,0,rama1,15,0,58F82E8B
A79CA487,Jude Sharp,8,propio,,0,rama2,18,0,6ED45544
A79CA487,Jude Sharp,8,propio,,0,rama2,22,0,E5849FF5
A79CA487,Jude Sharp,8,propio,,0,rama2,25,0,58F82E8B
BC78CF2C,Jude Sharp,5,propio,,0,tronco,1,0,E8A7749E
BC78CF2C,Jude Sharp,5,propio,,0,tronco,3,0,16D4E13E
BC78CF2C,Jude Sharp,5,propio,,0,tronco,7,0,1CAA9DE4
BC78CF2C,Jude Sharp,5,propio,,0,tronco,11,0,41436E70
BC78CF2C,Jude Sharp,5,propio,,0,tronco,14,0,32FAAE67
0D38CB66,Lucas Star,5,propio,,0,tronco,1,0,1CAA9DE4
0D38CB66,Lucas Star,5,propio,,0,tronco,3,0,E9B407A5
0D38CB66,Lucas Star,5,propio,,0,tronco,7,0,E8A7749E
0D38CB66,Lucas Star,5,propio,,0,tronco,11,0,EFBECA29
0D38CB66,Lucas Star,5,propio,,0,tronco,14,0,72125C90
24F07F94,Lucas Star,6,propio,,0,tronco,1,0,1CAA9DE4
24F07F94,Lucas Star,6,propio,,0,tronco,3,0,E9B407A5
24F07F94,Lucas Star,6,propio,,0,tronco,7,0,E8A7749E
24F07F94,Lucas Star,6,propio,,0,tronco,11,0,F67AA72E
24F07F94,Lucas Star,6,propio,,0,tronco,14,0,DA1BA9C0
3F14143F,Lucas Star,8,basara,3,0,tronco,1,0,16D4E13E
3F14143F,Lucas Star,8,basara,3,0,tronco,3,0,1CAA9DE4
3F14143F,Lucas Star,8,basara,3,0,rama1,8,0,B812419D
3F14143F,Lucas Star,8,basara,3,0,rama1,12,0,47B73F79
3F14143F,Lucas Star,8,basara,3,0,rama1,15,0,72125C90
3F14143F,Lucas Star,8,basara,3,0,rama2,18,0,B812419D
3F14143F,Lucas Star,8,basara,3,0,rama2,22,0,47B73F79
3F14143F,Lucas Star,8,basara,3,0,rama2,25,0,72125C90
3F14143F,Lucas Star,8,basara,1,1,tronco,1,0,16D4E13E
3F14143F,Lucas Star,8,basara,1,1,tronco,3,0,1CAA9DE4
3F14143F,Lucas Star,8,basara,1,1,rama1,8,0,B812419D
3F14143F,Lucas Star,8,basara,1,1,rama1,12,0,CF6EEDEE
3F14143F,Lucas Star,8,basara,1,1,rama1,15,0,595EEA99
3F14143F,Lucas Star,8,basara,1,1,rama2,18,0,B812419D
3F14143F,Lucas Star,8,basara,1,1,rama2,22,0,CF6EEDEE
3F14143F,Lucas Star,8,basara,1,1,rama2,25,0,595EEA99
3F14143F,Lucas Star,8,basara,4,2,tronco,1,0,16D4E13E
3F14143F,Lucas Star,8,basara,4,2,tronco,3,0,1CAA9DE4
3F14143F,Lucas Star,8,basara,4,2,rama1,8,0,B812419D
3F14143F,Lucas Star,8,basara,4,2,rama1,12,0,41436E70
3F14143F,Lucas Star,8,basara,4,2,rama1,15,0,32FAAE67
3F14143F,Lucas Star,8,basara,4,2,rama2,18,0,B812419D
3F14143F,Lucas Star,8,basara,4,2,rama2,22,0,41436E70
3F14143F,Lucas Star,8,basara,4,2,rama2,25,0,32FAAE67
3F14143F,Lucas Star,8,basara,2,3,tronco,1,0,16D4E13E
3F14143F,Lucas Star,8,basara,2,3,tronco,3,0,1CAA9DE4
3F14143F,Lucas Star,8,basara,2,3,rama1,8,0,B812419D
3F14143F,Lucas Star,8,basara,2,3,rama1,12,0,186FF180
3F14143F,Lucas Star,8,basara,2,3,rama1,15,0,C99ABCE7
3F14143F,Lucas Star,8,basara,2,3,rama2,18,0,B812419D
3F14143F,Lucas Star,8,basara,2,3,rama2,22,0,186FF180
3F14143F,Lucas Star,8,basara,2,3,rama2,25,0,C99ABCE7
3F14143F,Lucas Star,8,basara,0,4,tronco,1,0,16D4E13E
3F14143F,Lucas Star,8,basara,0,4,tronco,3,0,1CAA9DE4
3F14143F,Lucas Star,8,basara,0,4,rama1,8,0,B812419D
3F14143F,Lucas Star,8,basara,0,4,rama1,12,0,84E41252
3F14143F,Lucas Star,8,basara,0,4,rama1,15,0,B14171BB
3F14143F,Lucas Star,8,basara,0,4,rama2,18,0,B812419D
3F14143F,Lucas Star,8,basara,0,4,rama2,22,0,84E41252
3F14143F,Lucas Star,8,basara,0,4,rama2,25,0,B14171BB
3F14143F,Lucas Star,8,basara,5,5,tronco,1,0,16D4E13E
3F14143F,Lucas Star,8,basara,5,5,tronco,3,0,1CAA9DE4
3F14143F,Lucas Star,8,basara,5,5,rama1,8,0,B812419D
3F14143F,Lucas Star,8,basara,5,5,rama1,12,0,9642721E
3F14143F,Lucas Star,8,basara,5,5,rama1,15,0,4C2BAEB7
3F14143F,Lucas Star,8,basara,5,5,rama2,18,0,B812419D
3F14143F,Lucas Star,8,basara,5,5,rama2,22,0,9642721E
3F14143F,Lucas Star,8,basara,5,5,rama2,25,0,4C2BAEB7
8EEDF4C6,Mark Evans,6,propio,,0,tronco,1,0,2097421C
8EEDF4C6,Mark Evans,6,propio,,0,tronco,3,0,2801F46B
8EEDF4C6,Mark Evans,6,propio,,0,tronco,7,0,2801F46B
8EEDF4C6,Mark Evans,6,propio,,0,tronco,11,0,9642721E
8EEDF4C6,Mark Evans,6,propio,,0,tronco,14,0,4C2BAEB7
A7254034,Mark Evans,7,propio,,0,tronco,1,0,2097421C
A7254034,Mark Evans,7,propio,,0,tronco,3,0,2801F46B
A7254034,Mark Evans,7,propio,,0,tronco,7,0,2801F46B
A7254034,Mark Evans,7,propio,,0,tronco,11,0,CF6EEDEE
A7254034,Mark Evans,7,propio,,0,tronco,14,0,595EEA99
BCC12B9F,Mark Evans,8,basara,3,0,tronco,1,0,2801F46B
BCC12B9F,Mark Evans,8,basara,3,0,tronco,3,0,FD4F28EE
BCC12B9F,Mark Evans,8,basara,3,0,rama1,8,0,2097421C
BCC12B9F,Mark Evans,8,basara,3,0,rama1,12,0,47B73F79
BCC12B9F,Mark Evans,8,basara,3,0,rama1,15,0,72125C90
BCC12B9F,Mark Evans,8,basara,3,0,rama2,18,0,2097421C
BCC12B9F,Mark Evans,8,basara,3,0,rama2,22,0,47B73F79
BCC12B9F,Mark Evans,8,basara,3,0,rama2,25,0,72125C90
BCC12B9F,Mark Evans,8,basara,1,1,tronco,1,0,2801F46B
BCC12B9F,Mark Evans,8,basara,1,1,tronco,3,0,FD4F28EE
BCC12B9F,Mark Evans,8,basara,1,1,rama1,8,0,2097421C
BCC12B9F,Mark Evans,8,basara,1,1,rama1,12,0,CF6EEDEE
BCC12B9F,Mark Evans,8,basara,1,1,rama1,15,0,595EEA99
BCC12B9F,Mark Evans,8,basara,1,1,rama2,18,0,2097421C
BCC12B9F,Mark Evans,8,basara,1,1,rama2,22,0,CF6EEDEE
BCC12B9F,Mark Evans,8,basara,1,1,rama2,25,0,595EEA99
BCC12B9F,Mark Evans,8,basara,4,2,tronco,1,0,2801F46B
BCC12B9F,Mark Evans,8,basara,4,2,tronco,3,0,FD4F28EE
BCC12B9F,Mark Evans,8,basara,4,2,rama1,8,0,2097421C
BCC12B9F,Mark Evans,8,basara,4,2,rama1,12,0,41436E70
BCC12B9F,Mark Evans,8,basara,4,2,rama1,15,0,32FAAE67
BCC12B9F,Mark Evans,8,basara,4,2,rama2,18,0,2097421C
BCC12B9F,Mark Evans,8,basara,4,2,rama2,22,0,41436E70
BCC12B9F,Mark Evans,8,basara,4,2,rama2,25,0,32FAAE67
BCC12B9F,Mark Evans,8,basara,2,3,tronco,1,0,2801F46B
BCC12B9F,Mark Evans,8,basara,2,3,tronco,3,0,FD4F28EE
BCC12B9F,Mark Evans,8,basara,2,3,rama1,8,0,2097421C
BCC12B9F,Mark Evans,8,basara,2,3,rama1,12,0,186FF180
BCC12B9F,Mark Evans,8,basara,2,3,rama1,15,0,C99ABCE7
BCC12B9F,Mark Evans,8,basara,2,3,rama2,18,0,2097421C
BCC12B9F,Mark Evans,8,basara,2,3,rama2,22,0,186FF180
BCC12B9F,Mark Evans,8,basara,2,3,rama2,25,0,C99ABCE7
BCC12B9F,Mark Evans,8,basara,0,4,tronco,1,0,2801F46B
BCC12B9F,Mark Evans,8,basara,0,4,tronco,3,0,FD4F28EE
BCC12B9F,Mark Evans,8,basara,0,4,rama1,8,0,2097421C
BCC12B9F,Mark Evans,8,basara,0,4,rama1,12,0,84E41252
BCC12B9F,Mark Evans,8,basara,0,4,rama1,15,0,B14171BB
BCC12B9F,Mark Evans,8,basara,0,4,rama2,18,0,2097421C
BCC12B9F,Mark Evans,8,basara,0,4,rama2,22,0,84E41252
BCC12B9F,Mark Evans,8,basara,0,4,rama2,25,0,B14171BB
BCC12B9F,Mark Evans,8,basara,5,5,tronco,1,0,90BE2221
BCC12B9F,Mark Evans,8,basara,5,5,tronco,3,0,13E09DFC
BCC12B9F,Mark Evans,8,basara,5,5,rama1,8,0,2097421C
BCC12B9F,Mark Evans,8,basara,5,5,rama1,12,0,9642721E
BCC12B9F,Mark Evans,8,basara,5,5,rama1,15,0,4C2BAEB7
BCC12B9F,Mark Evans,8,basara,5,5,rama2,18,0,2097421C
BCC12B9F,Mark Evans,8,basara,5,5,rama2,22,0,9642721E
BCC12B9F,Mark Evans,8,basara,5,5,rama2,25,0,4C2BAEB7
BCC12B9F,Mark Evans,8,propio,,0,tronco,1,0,9321DA68
BCC12B9F,Mark Evans,8,propio,,0,tronco,3,0,E0981A7F
BCC12B9F,Mark Evans,8,propio,,0,rama1,8,0,C642F034
BCC12B9F,Mark Evans,8,propio,,0,rama1,12,0,E5849FF5
BCC12B9F,Mark Evans,8,propio,,0,rama1,15,0,58F82E8B
BCC12B9F,Mark Evans,8,propio,,0,rama2,18,0,6ED45544
BCC12B9F,Mark Evans,8,propio,,0,rama2,22,0,E5849FF5
BCC12B9F,Mark Evans,8,propio,,0,rama2,25,0,58F82E8B
8C0813F7,Nathan Swift,5,propio,,0,tronco,1,0,A1D62C9A
8C0813F7,Nathan Swift,5,propio,,0,tronco,3,0,A1D62C9A
8C0813F7,Nathan Swift,5,propio,,0,tronco,7,0,F9235A84
8C0813F7,Nathan Swift,5,propio,,0,tronco,11,0,41436E70
8C0813F7,Nathan Swift,5,propio,,0,tronco,14,0,32FAAE67
97EC785C,Nathan Swift,8,basara,3,0,tronco,1,0,16D4E13E
97EC785C,Nathan Swift,8,basara,3,0,tronco,3,0,13E09DFC
97EC785C,Nathan Swift,8,basara,3,0,rama1,8,0,94734F73
97EC785C,Nathan Swift,8,basara,3,0,rama1,12,0,47B73F79
97EC785C,Nathan Swift,8,basara,3,0,rama1,15,0,72125C90
97EC785C,Nathan Swift,8,basara,3,0,rama2,18,0,94734F73
97EC785C,Nathan Swift,8,basara,3,0,rama2,22,0,47B73F79
97EC785C,Nathan Swift,8,basara,3,0,rama2,25,0,72125C90
97EC785C,Nathan Swift,8,basara,1,1,tronco,1,0,16D4E13E
97EC785C,Nathan Swift,8,basara,1,1,tronco,3,0,13E09DFC
97EC785C,Nathan Swift,8,basara,1,1,rama1,8,0,94734F73
97EC785C,Nathan Swift,8,basara,1,1,rama1,12,0,CF6EEDEE
97EC785C,Nathan Swift,8,basara,1,1,rama1,15,0,595EEA99
97EC785C,Nathan Swift,8,basara,1,1,rama2,18,0,94734F73
97EC785C,Nathan Swift,8,basara,1,1,rama2,22,0,CF6EEDEE
97EC785C,Nathan Swift,8,basara,1,1,rama2,25,0,595EEA99
97EC785C,Nathan Swift,8,basara,4,2,tronco,1,0,16D4E13E
97EC785C,Nathan Swift,8,basara,4,2,tronco,3,0,13E09DFC
97EC785C,Nathan Swift,8,basara,4,2,rama1,8,0,94734F73
97EC785C,Nathan Swift,8,basara,4,2,rama1,12,0,41436E70
97EC785C,Nathan Swift,8,basara,4,2,rama1,15,0,32FAAE67
97EC785C,Nathan Swift,8,basara,4,2,rama2,18,0,94734F73
97EC785C,Nathan Swift,8,basara,4,2,rama2,22,0,41436E70
97EC785C,Nathan Swift,8,basara,4,2,rama2,25,0,32FAAE67
97EC785C,Nathan Swift,8,basara,2,3,tronco,1,0,16D4E13E
97EC785C,Nathan Swift,8,basara,2,3,tronco,3,0,13E09DFC
97EC785C,Nathan Swift,8,basara,2,3,rama1,8,0,94734F73
97EC785C,Nathan Swift,8,basara,2,3,rama1,12,0,186FF180
97EC785C,Nathan Swift,8,basara,2,3,rama1,15,0,C99ABCE7
97EC785C,Nathan Swift,8,basara,2,3,rama2,18,0,94734F73
97EC785C,Nathan Swift,8,basara,2,3,rama2,22,0,C99ABCE7
97EC785C,Nathan Swift,8,basara,2,3,rama2,25,0,186FF180
97EC785C,Nathan Swift,8,basara,0,4,tronco,1,0,16D4E13E
97EC785C,Nathan Swift,8,basara,0,4,tronco,3,0,13E09DFC
97EC785C,Nathan Swift,8,basara,0,4,rama1,8,0,94734F73
97EC785C,Nathan Swift,8,basara,0,4,rama1,12,0,84E41252
97EC785C,Nathan Swift,8,basara,0,4,rama1,15,0,B14171BB
97EC785C,Nathan Swift,8,basara,0,4,rama2,18,0,94734F73
97EC785C,Nathan Swift,8,basara,0,4,rama2,22,0,84E41252
97EC785C,Nathan Swift,8,basara,0,4,rama2,25,0,B14171BB
97EC785C,Nathan Swift,8,basara,5,5,tronco,1,0,16D4E13E
97EC785C,Nathan Swift,8,basara,5,5,tronco,3,0,13E09DFC
97EC785C,Nathan Swift,8,basara,5,5,rama1,8,0,94734F73
97EC785C,Nathan Swift,8,basara,5,5,rama1,12,0,9642721E
97EC785C,Nathan Swift,8,basara,5,5,rama1,15,0,4C2BAEB7
97EC785C,Nathan Swift,8,basara,5,5,rama2,18,0,94734F73
97EC785C,Nathan Swift,8,basara,5,5,rama2,22,0,9642721E
97EC785C,Nathan Swift,8,basara,5,5,rama2,25,0,4C2BAEB7
97EC785C,Nathan Swift,8,propio,,0,tronco,1,0,9321DA68
97EC785C,Nathan Swift,8,propio,,0,tronco,3,0,E0981A7F
97EC785C,Nathan Swift,8,propio,,0,rama1,8,0,C642F034
97EC785C,Nathan Swift,8,propio,,0,rama1,12,0,E5849FF5
97EC785C,Nathan Swift,8,propio,,0,rama1,15,0,58F82E8B
97EC785C,Nathan Swift,8,propio,,0,rama2,18,0,6ED45544
97EC785C,Nathan Swift,8,propio,,0,rama2,22,0,E5849FF5
97EC785C,Nathan Swift,8,propio,,0,rama2,25,0,58F82E8B
A5C0A705,Nathan Swift,6,propio,,0,tronco,1,0,A1D62C9A
A5C0A705,Nathan Swift,6,propio,,0,tronco,3,0,A1D62C9A
A5C0A705,Nathan Swift,6,propio,,0,tronco,7,0,F9235A84
A5C0A705,Nathan Swift,6,propio,,0,tronco,11,0,9642721E
A5C0A705,Nathan Swift,6,propio,,0,tronco,14,0,4C2BAEB7
2C2F3A7A,Nikas Himmelstein,7,propio,,0,tronco,1,0,1CAA9DE4
2C2F3A7A,Nikas Himmelstein,7,propio,,0,tronco,3,0,F9235A84
2C2F3A7A,Nikas Himmelstein,7,propio,,0,tronco,7,0,CBAB818A
2C2F3A7A,Nikas Himmelstein,7,propio,,0,tronco,11,0,84E41252
2C2F3A7A,Nikas Himmelstein,7,propio,,0,tronco,14,0,B14171BB
37CB51D1,Nikas Himmelstein,8,basara,3,0,tronco,1,0,1AF12A5C
37CB51D1,Nikas Himmelstein,8,basara,3,0,tronco,3,0,16D4E13E
37CB51D1,Nikas Himmelstein,8,basara,3,0,rama1,8,0,CBAB818A
37CB51D1,Nikas Himmelstein,8,basara,3,0,rama1,12,0,47B73F79
37CB51D1,Nikas Himmelstein,8,basara,3,0,rama1,15,0,72125C90
37CB51D1,Nikas Himmelstein,8,basara,3,0,rama2,18,0,CBAB818A
37CB51D1,Nikas Himmelstein,8,basara,3,0,rama2,22,0,47B73F79
37CB51D1,Nikas Himmelstein,8,basara,3,0,rama2,25,0,72125C90
37CB51D1,Nikas Himmelstein,8,basara,1,1,tronco,1,0,1AF12A5C
37CB51D1,Nikas Himmelstein,8,basara,1,1,tronco,3,0,16D4E13E
37CB51D1,Nikas Himmelstein,8,basara,1,1,rama1,8,0,CBAB818A
37CB51D1,Nikas Himmelstein,8,basara,1,1,rama1,12,0,CF6EEDEE
37CB51D1,Nikas Himmelstein,8,basara,1,1,rama1,15,0,595EEA99
37CB51D1,Nikas Himmelstein,8,basara,1,1,rama2,18,0,CBAB818A
37CB51D1,Nikas Himmelstein,8,basara,1,1,rama2,22,0,CF6EEDEE
37CB51D1,Nikas Himmelstein,8,basara,1,1,rama2,25,0,595EEA99
37CB51D1,Nikas Himmelstein,8,basara,4,2,tronco,1,0,1AF12A5C
37CB51D1,Nikas Himmelstein,8,basara,4,2,tronco,3,0,16D4E13E
37CB51D1,Nikas Himmelstein,8,basara,4,2,rama1,8,0,CBAB818A
37CB51D1,Nikas Himmelstein,8,basara,4,2,rama1,12,0,41436E70
37CB51D1,Nikas Himmelstein,8,basara,4,2,rama1,15,0,32FAAE67
37CB51D1,Nikas Himmelstein,8,basara,4,2,rama2,18,0,CBAB818A
37CB51D1,Nikas Himmelstein,8,basara,4,2,rama2,22,0,41436E70
37CB51D1,Nikas Himmelstein,8,basara,4,2,rama2,25,0,32FAAE67
37CB51D1,Nikas Himmelstein,8,basara,2,3,tronco,1,0,1AF12A5C
37CB51D1,Nikas Himmelstein,8,basara,2,3,tronco,3,0,16D4E13E
37CB51D1,Nikas Himmelstein,8,basara,2,3,rama1,8,0,CBAB818A
37CB51D1,Nikas Himmelstein,8,basara,2,3,rama1,12,0,186FF180
37CB51D1,Nikas Himmelstein,8,basara,2,3,rama1,15,0,C99ABCE7
37CB51D1,Nikas Himmelstein,8,basara,2,3,rama2,18,0,CBAB818A
37CB51D1,Nikas Himmelstein,8,basara,2,3,rama2,22,0,186FF180
37CB51D1,Nikas Himmelstein,8,basara,2,3,rama2,25,0,C99ABCE7
37CB51D1,Nikas Himmelstein,8,basara,0,4,tronco,1,0,1AF12A5C
37CB51D1,Nikas Himmelstein,8,basara,0,4,tronco,3,0,16D4E13E
37CB51D1,Nikas Himmelstein,8,basara,0,4,rama1,8,0,CBAB818A
37CB51D1,Nikas Himmelstein,8,basara,0,4,rama1,12,0,84E41252
37CB51D1,Nikas Himmelstein,8,basara,0,4,rama1,15,0,B14171BB
37CB51D1,Nikas Himmelstein,8,basara,0,4,rama2,18,0,CBAB818A
37CB51D1,Nikas Himmelstein,8,basara,0,4,rama2,22,0,84E41252
37CB51D1,Nikas Himmelstein,8,basara,0,4,rama2,25,0,B14171BB
37CB51D1,Nikas Himmelstein,8,basara,5,5,tronco,1,0,16D4E13E
37CB51D1,Nikas Himmelstein,8,basara,5,5,tronco,3,0,CC86396D
37CB51D1,Nikas Himmelstein,8,basara,5,5,rama1,8,0,D542546A
37CB51D1,Nikas Himmelstein,8,basara,5,5,rama1,12,0,9642721E
37CB51D1,Nikas Himmelstein,8,basara,5,5,rama1,15,0,4C2BAEB7
37CB51D1,Nikas Himmelstein,8,basara,5,5,rama2,18,0,D542546A
37CB51D1,Nikas Himmelstein,8,basara,5,5,rama2,22,0,9642721E
37CB51D1,Nikas Himmelstein,8,basara,5,5,rama2,25,0,4C2BAEB7
8247ABEB,Nikas Himmelstein,6,propio,,0,tronco,1,0,1CAA9DE4
8247ABEB,Nikas Himmelstein,6,propio,,0,tronco,3,0,F9235A84
8247ABEB,Nikas Himmelstein,6,propio,,0,tronco,7,0,1CAA9DE4
8247ABEB,Nikas Himmelstein,6,propio,,0,tronco,11,0,9642721E
8247ABEB,Nikas Himmelstein,6,propio,,0,tronco,14,0,4C2BAEB7
8205AD84,Ozrock Boldar,8,basara,3,0,tronco,1,0,F5D99E99
8205AD84,Ozrock Boldar,8,basara,3,0,tronco,3,0,1CAA9DE4
8205AD84,Ozrock Boldar,8,basara,3,0,rama1,8,0,F9235A84
8205AD84,Ozrock Boldar,8,basara,3,0,rama1,12,0,47B73F79
8205AD84,Ozrock Boldar,8,basara,3,0,rama1,15,0,72125C90
8205AD84,Ozrock Boldar,8,basara,3,0,rama2,18,0,F9235A84
8205AD84,Ozrock Boldar,8,basara,3,0,rama2,22,0,47B73F79
8205AD84,Ozrock Boldar,8,basara,3,0,rama2,25,0,72125C90
8205AD84,Ozrock Boldar,8,basara,1,1,tronco,1,0,F5D99E99
8205AD84,Ozrock Boldar,8,basara,1,1,tronco,3,0,1CAA9DE4
8205AD84,Ozrock Boldar,8,basara,1,1,rama1,8,0,F9235A84
8205AD84,Ozrock Boldar,8,basara,1,1,rama1,12,0,CF6EEDEE
8205AD84,Ozrock Boldar,8,basara,1,1,rama1,15,0,595EEA99
8205AD84,Ozrock Boldar,8,basara,1,1,rama2,18,0,F9235A84
8205AD84,Ozrock Boldar,8,basara,1,1,rama2,22,0,CF6EEDEE
8205AD84,Ozrock Boldar,8,basara,1,1,rama2,25,0,595EEA99
8205AD84,Ozrock Boldar,8,basara,4,2,tronco,1,0,F5D99E99
8205AD84,Ozrock Boldar,8,basara,4,2,tronco,3,0,1CAA9DE4
8205AD84,Ozrock Boldar,8,basara,4,2,rama1,8,0,F9235A84
8205AD84,Ozrock Boldar,8,basara,4,2,rama1,12,0,41436E70
8205AD84,Ozrock Boldar,8,basara,4,2,rama1,15,0,32FAAE67
8205AD84,Ozrock Boldar,8,basara,4,2,rama2,18,0,F9235A84
8205AD84,Ozrock Boldar,8,basara,4,2,rama2,22,0,41436E70
8205AD84,Ozrock Boldar,8,basara,4,2,rama2,25,0,32FAAE67
8205AD84,Ozrock Boldar,8,basara,2,3,tronco,1,0,F5D99E99
8205AD84,Ozrock Boldar,8,basara,2,3,tronco,3,0,1CAA9DE4
8205AD84,Ozrock Boldar,8,basara,2,3,rama1,8,0,F9235A84
8205AD84,Ozrock Boldar,8,basara,2,3,rama1,12,0,186FF180
8205AD84,Ozrock Boldar,8,basara,2,3,rama1,15,0,C99ABCE7
8205AD84,Ozrock Boldar,8,basara,2,3,rama2,18,0,F9235A84
8205AD84,Ozrock Boldar,8,basara,2,3,rama2,22,0,186FF180
8205AD84,Ozrock Boldar,8,basara,2,3,rama2,25,0,C99ABCE7
8205AD84,Ozrock Boldar,8,basara,0,4,tronco,1,0,F5D99E99
8205AD84,Ozrock Boldar,8,basara,0,4,tronco,3,0,1CAA9DE4
8205AD84,Ozrock Boldar,8,basara,0,4,rama1,8,0,F9235A84
8205AD84,Ozrock Boldar,8,basara,0,4,rama1,12,0,84E41252
8205AD84,Ozrock Boldar,8,basara,0,4,rama1,15,0,B14171BB
8205AD84,Ozrock Boldar,8,basara,0,4,rama2,18,0,F9235A84
8205AD84,Ozrock Boldar,8,basara,0,4,rama2,22,0,84E41252
8205AD84,Ozrock Boldar,8,basara,0,4,rama2,25,0,B14171BB
8205AD84,Ozrock Boldar,8,basara,5,5,tronco,1,0,F5D99E99
8205AD84,Ozrock Boldar,8,basara,5,5,tronco,3,0,1CAA9DE4
8205AD84,Ozrock Boldar,8,basara,5,5,rama1,8,0,F9235A84
8205AD84,Ozrock Boldar,8,basara,5,5,rama1,12,0,9642721E
8205AD84,Ozrock Boldar,8,basara,5,5,rama1,15,0,4C2BAEB7
8205AD84,Ozrock Boldar,8,basara,5,5,rama2,18,0,F9235A84
8205AD84,Ozrock Boldar,8,basara,5,5,rama2,22,0,9642721E
8205AD84,Ozrock Boldar,8,basara,5,5,rama2,25,0,4C2BAEB7
99E1C62F,Ozrock Boldar,7,propio,,0,tronco,1,0,1CAA9DE4
99E1C62F,Ozrock Boldar,7,propio,,0,tronco,3,0,F9235A84
99E1C62F,Ozrock Boldar,7,propio,,0,tronco,7,0,CBAB818A
99E1C62F,Ozrock Boldar,7,propio,,0,tronco,11,0,84E41252
99E1C62F,Ozrock Boldar,7,propio,,0,tronco,14,0,B14171BB
B02972DD,Ozrock Boldar,5,propio,,0,tronco,1,0,8A9A9A93
B02972DD,Ozrock Boldar,5,propio,,0,tronco,3,0,8A9A9A93
B02972DD,Ozrock Boldar,5,propio,,0,tronco,7,0,1CAA9DE4
B02972DD,Ozrock Boldar,5,propio,,0,tronco,11,0,41436E70
B02972DD,Ozrock Boldar,5,propio,,0,tronco,14,0,32FAAE67
C81600C7,Paolo Bianchi,8,basara,3,0,tronco,1,0,F5D99E99
C81600C7,Paolo Bianchi,8,basara,3,0,tronco,3,0,1CAA9DE4
C81600C7,Paolo Bianchi,8,basara,3,0,rama1,8,0,F9235A84
C81600C7,Paolo Bianchi,8,basara,3,0,rama1,12,0,47B73F79
C81600C7,Paolo Bianchi,8,basara,3,0,rama1,15,0,72125C90
C81600C7,Paolo Bianchi,8,basara,3,0,rama2,18,0,F9235A84
C81600C7,Paolo Bianchi,8,basara,3,0,rama2,22,0,47B73F79
C81600C7,Paolo Bianchi,8,basara,3,0,rama2,25,0,72125C90
C81600C7,Paolo Bianchi,8,basara,1,1,tronco,1,0,F5D99E99
C81600C7,Paolo Bianchi,8,basara,1,1,tronco,3,0,1CAA9DE4
C81600C7,Paolo Bianchi,8,basara,1,1,rama1,8,0,F9235A84
C81600C7,Paolo Bianchi,8,basara,1,1,rama1,12,0,CF6EEDEE
C81600C7,Paolo Bianchi,8,basara,1,1,rama1,15,0,595EEA99
C81600C7,Paolo Bianchi,8,basara,1,1,rama2,18,0,F9235A84
C81600C7,Paolo Bianchi,8,basara,1,1,rama2,22,0,CF6EEDEE
C81600C7,Paolo Bianchi,8,basara,1,1,rama2,25,0,595EEA99
C81600C7,Paolo Bianchi,8,basara,4,2,tronco,1,0,F5D99E99
C81600C7,Paolo Bianchi,8,basara,4,2,tronco,3,0,1CAA9DE4
C81600C7,Paolo Bianchi,8,basara,4,2,rama1,8,0,F9235A84
C81600C7,Paolo Bianchi,8,basara,4,2,rama1,12,0,41436E70
C81600C7,Paolo Bianchi,8,basara,4,2,rama1,15,0,32FAAE67
C81600C7,Paolo Bianchi,8,basara,4,2,rama2,18,0,F9235A84
C81600C7,Paolo Bianchi,8,basara,4,2,rama2,22,0,41436E70
C81600C7,Paolo Bianchi,8,basara,4,2,rama2,25,0,32FAAE67
C81600C7,Paolo Bianchi,8,basara,2,3,tronco,1,0,F5D99E99
C81600C7,Paolo Bianchi,8,basara,2,3,tronco,3,0,1CAA9DE4
C81600C7,Paolo Bianchi,8,basara,2,3,rama1,8,0,F9235A84
C81600C7,Paolo Bianchi,8,basara,2,3,rama1,12,0,186FF180
C81600C7,Paolo Bianchi,8,basara,2,3,rama1,15,0,C99ABCE7
C81600C7,Paolo Bianchi,8,basara,2,3,rama2,18,0,F9235A84
C81600C7,Paolo Bianchi,8,basara,2,3,rama2,22,0,186FF180
C81600C7,Paolo Bianchi,8,basara,2,3,rama2,25,0,C99ABCE7
C81600C7,Paolo Bianchi,8,basara,0,4,tronco,1,0,F5D99E99
C81600C7,Paolo Bianchi,8,basara,0,4,tronco,3,0,1CAA9DE4
C81600C7,Paolo Bianchi,8,basara,0,4,rama1,8,0,F9235A84
C81600C7,Paolo Bianchi,8,basara,0,4,rama1,12,0,84E41252
C81600C7,Paolo Bianchi,8,basara,0,4,rama1,15,0,B14171BB
C81600C7,Paolo Bianchi,8,basara,0,4,rama2,18,0,F9235A84
C81600C7,Paolo Bianchi,8,basara,0,4,rama2,22,0,84E41252
C81600C7,Paolo Bianchi,8,basara,0,4,rama2,25,0,B14171BB
C81600C7,Paolo Bianchi,8,basara,5,5,tronco,1,0,F5D99E99
C81600C7,Paolo Bianchi,8,basara,5,5,tronco,3,0,1CAA9DE4
C81600C7,Paolo Bianchi,8,basara,5,5,rama1,8,0,F9235A84
C81600C7,Paolo Bianchi,8,basara,5,5,rama1,12,0,9642721E
C81600C7,Paolo Bianchi,8,basara,5,5,rama1,15,0,4C2BAEB7
C81600C7,Paolo Bianchi,8,basara,5,5,rama2,18,0,F9235A84
C81600C7,Paolo Bianchi,8,basara,5,5,rama2,22,0,9642721E
C81600C7,Paolo Bianchi,8,basara,5,5,rama2,25,0,4C2BAEB7
C81600C7,Paolo Bianchi,8,propio,,0,tronco,1,0,9321DA68
C81600C7,Paolo Bianchi,8,propio,,0,tronco,3,0,E0981A7F
C81600C7,Paolo Bianchi,8,propio,,0,rama1,8,0,C642F034
C81600C7,Paolo Bianchi,8,propio,,0,rama1,12,0,E5849FF5
C81600C7,Paolo Bianchi,8,propio,,0,rama1,15,0,58F82E8B
C81600C7,Paolo Bianchi,8,propio,,0,rama2,18,0,6ED45544
C81600C7,Paolo Bianchi,8,propio,,0,rama2,22,0,E5849FF5
C81600C7,Paolo Bianchi,8,propio,,0,rama2,25,0,58F82E8B
D3F26B6C,Paolo Bianchi,6,propio,,0,tronco,1,0,8A9A9A93
D3F26B6C,Paolo Bianchi,6,propio,,0,tronco,3,0,E9B407A5
D3F26B6C,Paolo Bianchi,6,propio,,0,tronco,7,0,1CAA9DE4
D3F26B6C,Paolo Bianchi,6,propio,,0,tronco,11,0,9642721E
D3F26B6C,Paolo Bianchi,6,propio,,0,tronco,14,0,4C2BAEB7
FA3ADF9E,Paolo Bianchi,5,propio,,0,tronco,1,0,8A9A9A93
FA3ADF9E,Paolo Bianchi,5,propio,,0,tronco,3,0,E9B407A5
FA3ADF9E,Paolo Bianchi,5,propio,,0,tronco,7,0,1CAA9DE4
FA3ADF9E,Paolo Bianchi,5,propio,,0,tronco,11,0,47B73F79
FA3ADF9E,Paolo Bianchi,5,propio,,0,tronco,14,0,72125C90
D4B76E4B,Plink Powai,5,propio,,0,tronco,1,0,1CAA9DE4
D4B76E4B,Plink Powai,5,propio,,0,tronco,3,0,E8A7749E
D4B76E4B,Plink Powai,5,propio,,0,tronco,7,0,E8A7749E
D4B76E4B,Plink Powai,5,propio,,0,tronco,11,0,47B73F79
D4B76E4B,Plink Powai,5,propio,,0,tronco,14,0,72125C90
E69BB112,Plink Powai,8,basara,3,0,tronco,1,0,16D4E13E
E69BB112,Plink Powai,8,basara,3,0,tronco,3,0,CC86396D
E69BB112,Plink Powai,8,basara,3,0,rama1,8,0,D542546A
E69BB112,Plink Powai,8,basara,3,0,rama1,12,0,47B73F79
E69BB112,Plink Powai,8,basara,3,0,rama1,15,0,72125C90
E69BB112,Plink Powai,8,basara,3,0,rama2,18,0,D542546A
E69BB112,Plink Powai,8,basara,3,0,rama2,22,0,47B73F79
E69BB112,Plink Powai,8,basara,3,0,rama2,25,0,72125C90
E69BB112,Plink Powai,8,basara,1,1,tronco,1,0,16D4E13E
E69BB112,Plink Powai,8,basara,1,1,tronco,3,0,CC86396D
E69BB112,Plink Powai,8,basara,1,1,rama1,8,0,D542546A
E69BB112,Plink Powai,8,basara,1,1,rama1,12,0,CF6EEDEE
E69BB112,Plink Powai,8,basara,1,1,rama1,15,0,595EEA99
E69BB112,Plink Powai,8,basara,1,1,rama2,18,0,D542546A
E69BB112,Plink Powai,8,basara,1,1,rama2,22,0,CF6EEDEE
E69BB112,Plink Powai,8,basara,1,1,rama2,25,0,595EEA99
E69BB112,Plink Powai,8,basara,4,2,tronco,1,0,16D4E13E
E69BB112,Plink Powai,8,basara,4,2,tronco,3,0,CC86396D
E69BB112,Plink Powai,8,basara,4,2,rama1,8,0,D542546A
E69BB112,Plink Powai,8,basara,4,2,rama1,12,0,41436E70
E69BB112,Plink Powai,8,basara,4,2,rama1,15,0,32FAAE67
E69BB112,Plink Powai,8,basara,4,2,rama2,18,0,D542546A
E69BB112,Plink Powai,8,basara,4,2,rama2,22,0,41436E70
E69BB112,Plink Powai,8,basara,4,2,rama2,25,0,32FAAE67
E69BB112,Plink Powai,8,basara,2,3,tronco,1,0,16D4E13E
E69BB112,Plink Powai,8,basara,2,3,tronco,3,0,CC86396D
E69BB112,Plink Powai,8,basara,2,3,rama1,8,0,D542546A
E69BB112,Plink Powai,8,basara,2,3,rama1,12,0,186FF180
E69BB112,Plink Powai,8,basara,2,3,rama1,15,0,C99ABCE7
E69BB112,Plink Powai,8,basara,2,3,rama2,18,0,D542546A
E69BB112,Plink Powai,8,basara,2,3,rama2,22,0,186FF180
E69BB112,Plink Powai,8,basara,2,3,rama2,25,0,C99ABCE7
E69BB112,Plink Powai,8,basara,0,4,tronco,1,0,16D4E13E
E69BB112,Plink Powai,8,basara,0,4,tronco,3,0,CC86396D
E69BB112,Plink Powai,8,basara,0,4,rama1,8,0,D542546A
E69BB112,Plink Powai,8,basara,0,4,rama1,12,0,84E41252
E69BB112,Plink Powai,8,basara,0,4,rama1,15,0,B14171BB
E69BB112,Plink Powai,8,basara,0,4,rama2,18,0,D542546A
E69BB112,Plink Powai,8,basara,0,4,rama2,22,0,84E41252
E69BB112,Plink Powai,8,basara,0,4,rama2,25,0,B14171BB
E69BB112,Plink Powai,8,basara,5,5,tronco,1,0,16D4E13E
E69BB112,Plink Powai,8,basara,5,5,tronco,3,0,1CAA9DE4
E69BB112,Plink Powai,8,basara,5,5,rama1,8,0,B812419D
E69BB112,Plink Powai,8,basara,5,5,rama1,12,0,9642721E
E69BB112,Plink Powai,8,basara,5,5,rama1,15,0,4C2BAEB7
E69BB112,Plink Powai,8,basara,5,5,rama2,18,0,B812419D
E69BB112,Plink Powai,8,basara,5,5,rama2,22,0,9642721E
E69BB112,Plink Powai,8,basara,5,5,rama2,25,0,4C2BAEB7
FD7FDAB9,Plink Powai,6,propio,,0,tronco,1,0,1CAA9DE4
FD7FDAB9,Plink Powai,6,propio,,0,tronco,3,0,E9B407A5
FD7FDAB9,Plink Powai,6,propio,,0,tronco,7,0,E9B407A5
FD7FDAB9,Plink Powai,6,propio,,0,tronco,11,0,C99ABCE7
FD7FDAB9,Plink Powai,6,propio,,0,tronco,14,0,186FF180
CDE4A0E1,Quentin Cinquedea,7,propio,,0,tronco,1,0,2801F46B
CDE4A0E1,Quentin Cinquedea,7,propio,,0,tronco,3,0,2801F46B
CDE4A0E1,Quentin Cinquedea,7,propio,,0,tronco,7,0,2801F46B
CDE4A0E1,Quentin Cinquedea,7,propio,,0,tronco,11,0,CF6EEDEE
CDE4A0E1,Quentin Cinquedea,7,propio,,0,tronco,14,0,595EEA99
E42C1413,Quentin Cinquedea,5,propio,,0,tronco,1,0,2801F46B
E42C1413,Quentin Cinquedea,5,propio,,0,tronco,3,0,2801F46B
E42C1413,Quentin Cinquedea,5,propio,,0,tronco,7,0,2801F46B
E42C1413,Quentin Cinquedea,5,propio,,0,tronco,11,0,CF6EEDEE
E42C1413,Quentin Cinquedea,5,propio,,0,tronco,14,0,595EEA99
FFC87FB8,Quentin Cinquedea,8,basara,3,0,tronco,1,0,90BE2221
FFC87FB8,Quentin Cinquedea,8,basara,3,0,tronco,3,0,13E09DFC
FFC87FB8,Quentin Cinquedea,8,basara,3,0,rama1,8,0,2097421C
FFC87FB8,Quentin Cinquedea,8,basara,3,0,rama1,12,0,47B73F79
FFC87FB8,Quentin Cinquedea,8,basara,3,0,rama1,15,0,72125C90
FFC87FB8,Quentin Cinquedea,8,basara,3,0,rama2,18,0,2097421C
FFC87FB8,Quentin Cinquedea,8,basara,3,0,rama2,22,0,47B73F79
FFC87FB8,Quentin Cinquedea,8,basara,3,0,rama2,25,0,72125C90
FFC87FB8,Quentin Cinquedea,8,basara,1,1,tronco,1,0,90BE2221
FFC87FB8,Quentin Cinquedea,8,basara,1,1,tronco,3,0,13E09DFC
FFC87FB8,Quentin Cinquedea,8,basara,1,1,rama1,8,0,2097421C
FFC87FB8,Quentin Cinquedea,8,basara,1,1,rama1,12,0,CF6EEDEE
FFC87FB8,Quentin Cinquedea,8,basara,1,1,rama1,15,0,595EEA99
FFC87FB8,Quentin Cinquedea,8,basara,1,1,rama2,18,0,2097421C
FFC87FB8,Quentin Cinquedea,8,basara,1,1,rama2,22,0,CF6EEDEE
FFC87FB8,Quentin Cinquedea,8,basara,1,1,rama2,25,0,595EEA99
FFC87FB8,Quentin Cinquedea,8,basara,4,2,tronco,1,0,90BE2221
FFC87FB8,Quentin Cinquedea,8,basara,4,2,tronco,3,0,13E09DFC
FFC87FB8,Quentin Cinquedea,8,basara,4,2,rama1,8,0,2097421C
FFC87FB8,Quentin Cinquedea,8,basara,4,2,rama1,12,0,41436E70
FFC87FB8,Quentin Cinquedea,8,basara,4,2,rama1,15,0,32FAAE67
FFC87FB8,Quentin Cinquedea,8,basara,4,2,rama2,18,0,2097421C
FFC87FB8,Quentin Cinquedea,8,basara,4,2,rama2,22,0,41436E70
FFC87FB8,Quentin Cinquedea,8,basara,4,2,rama2,25,0,32FAAE67
FFC87FB8,Quentin Cinquedea,8,basara,2,3,tronco,1,0,90BE2221
FFC87FB8,Quentin Cinquedea,8,basara,2,3,tronco,3,0,13E09DFC
FFC87FB8,Quentin Cinquedea,8,basara,2,3,rama1,8,0,2097421C
FFC87FB8,Quentin Cinquedea,8,basara,2,3,rama1,12,0,186FF180
FFC87FB8,Quentin Cinquedea,8,basara,2,3,rama1,15,0,C99ABCE7
FFC87FB8,Quentin Cinquedea,8,basara,2,3,rama2,18,0,2097421C
FFC87FB8,Quentin Cinquedea,8,basara,2,3,rama2,22,0,186FF180
FFC87FB8,Quentin Cinquedea,8,basara,2,3,rama2,25,0,C99ABCE7
FFC87FB8,Quentin Cinquedea,8,basara,0,4,tronco,1,0,90BE2221
FFC87FB8,Quentin Cinquedea,8,basara,0,4,tronco,3,0,13E09DFC
FFC87FB8,Quentin Cinquedea,8,basara,0,4,rama1,8,0,2097421C
FFC87FB8,Quentin Cinquedea,8,basara,0,4,rama1,12,0,84E41252
FFC87FB8,Quentin Cinquedea,8,basara,0,4,rama1,15,0,B14171BB
FFC87FB8,Quentin Cinquedea,8,basara,0,4,rama2,18,0,2097421C
FFC87FB8,Quentin Cinquedea,8,basara,0,4,rama2,22,0,84E41252
FFC87FB8,Quentin Cinquedea,8,basara,0,4,rama2,25,0,B14171BB
FFC87FB8,Quentin Cinquedea,8,basara,5,5,tronco,1,0,2097421C
FFC87FB8,Quentin Cinquedea,8,basara,5,5,tronco,3,0,A1D62C9A
FFC87FB8,Quentin Cinquedea,8,basara,5,5,rama1,8,0,90BE2221
FFC87FB8,Quentin Cinquedea,8,basara,5,5,rama1,12,0,9642721E
FFC87FB8,Quentin Cinquedea,8,basara,5,5,rama1,15,0,4C2BAEB7
FFC87FB8,Quentin Cinquedea,8,basara,5,5,rama2,18,0,90BE2221
FFC87FB8,Quentin Cinquedea,8,basara,5,5,rama2,22,0,9642721E
FFC87FB8,Quentin Cinquedea,8,basara,5,5,rama2,25,0,4C2BAEB7
FFC87FB8,Quentin Cinquedea,8,propio,,0,tronco,1,0,9321DA68
FFC87FB8,Quentin Cinquedea,8,propio,,0,tronco,3,0,E0981A7F
FFC87FB8,Quentin Cinquedea,8,propio,,0,rama1,8,0,C642F034
FFC87FB8,Quentin Cinquedea,8,propio,,0,rama1,12,0,E5849FF5
FFC87FB8,Quentin Cinquedea,8,propio,,0,rama1,15,0,58F82E8B
FFC87FB8,Quentin Cinquedea,8,propio,,0,rama2,18,0,6ED45544
FFC87FB8,Quentin Cinquedea,8,propio,,0,rama2,22,0,E5849FF5
FFC87FB8,Quentin Cinquedea,8,propio,,0,rama2,25,0,58F82E8B
024A9476,Raika Shinohara,8,basara,3,0,tronco,1,0,FD4F28EE
024A9476,Raika Shinohara,8,basara,3,0,tronco,3,0,2097421C
024A9476,Raika Shinohara,8,basara,3,0,rama1,8,0,F9235A84
024A9476,Raika Shinohara,8,basara,3,0,rama1,12,0,47B73F79
024A9476,Raika Shinohara,8,basara,3,0,rama1,15,0,72125C90
024A9476,Raika Shinohara,8,basara,3,0,rama2,18,0,F9235A84
024A9476,Raika Shinohara,8,basara,3,0,rama2,22,0,47B73F79
024A9476,Raika Shinohara,8,basara,3,0,rama2,25,0,72125C90
024A9476,Raika Shinohara,8,basara,1,1,tronco,1,0,FD4F28EE
024A9476,Raika Shinohara,8,basara,1,1,tronco,3,0,2097421C
024A9476,Raika Shinohara,8,basara,1,1,rama1,8,0,F9235A84
024A9476,Raika Shinohara,8,basara,1,1,rama1,12,0,CF6EEDEE
024A9476,Raika Shinohara,8,basara,1,1,rama1,15,0,595EEA99
024A9476,Raika Shinohara,8,basara,1,1,rama2,18,0,F9235A84
024A9476,Raika Shinohara,8,basara,1,1,rama2,22,0,CF6EEDEE
024A9476,Raika Shinohara,8,basara,1,1,rama2,25,0,595EEA99
024A9476,Raika Shinohara,8,basara,4,2,tronco,1,0,FD4F28EE
024A9476,Raika Shinohara,8,basara,4,2,tronco,3,0,2097421C
024A9476,Raika Shinohara,8,basara,4,2,rama1,8,0,F9235A84
024A9476,Raika Shinohara,8,basara,4,2,rama1,12,0,41436E70
024A9476,Raika Shinohara,8,basara,4,2,rama1,15,0,32FAAE67
024A9476,Raika Shinohara,8,basara,4,2,rama2,18,0,F9235A84
024A9476,Raika Shinohara,8,basara,4,2,rama2,22,0,41436E70
024A9476,Raika Shinohara,8,basara,4,2,rama2,25,0,32FAAE67
024A9476,Raika Shinohara,8,basara,2,3,tronco,1,0,FD4F28EE
024A9476,Raika Shinohara,8,basara,2,3,tronco,3,0,2097421C
024A9476,Raika Shinohara,8,basara,2,3,rama1,8,0,F9235A84
024A9476,Raika Shinohara,8,basara,2,3,rama1,12,0,186FF180
024A9476,Raika Shinohara,8,basara,2,3,rama1,15,0,C99ABCE7
024A9476,Raika Shinohara,8,basara,2,3,rama2,18,0,F9235A84
024A9476,Raika Shinohara,8,basara,2,3,rama2,22,0,186FF180
024A9476,Raika Shinohara,8,basara,2,3,rama2,25,0,C99ABCE7
024A9476,Raika Shinohara,8,basara,0,4,tronco,1,0,FD4F28EE
024A9476,Raika Shinohara,8,basara,0,4,tronco,3,0,2097421C
024A9476,Raika Shinohara,8,basara,0,4,rama1,8,0,F9235A84
024A9476,Raika Shinohara,8,basara,0,4,rama1,12,0,84E41252
024A9476,Raika Shinohara,8,basara,0,4,rama1,15,0,B14171BB
024A9476,Raika Shinohara,8,basara,0,4,rama2,18,0,F9235A84
024A9476,Raika Shinohara,8,basara,0,4,rama2,22,0,84E41252
024A9476,Raika Shinohara,8,basara,0,4,rama2,25,0,B14171BB
024A9476,Raika Shinohara,8,basara,5,5,tronco,1,0,16D4E13E
024A9476,Raika Shinohara,8,basara,5,5,tronco,3,0,1CAA9DE4
024A9476,Raika Shinohara,8,basara,5,5,rama1,8,0,B812419D
024A9476,Raika Shinohara,8,basara,5,5,rama1,12,0,9642721E
024A9476,Raika Shinohara,8,basara,5,5,rama1,15,0,4C2BAEB7
024A9476,Raika Shinohara,8,basara,5,5,rama2,18,0,B812419D
024A9476,Raika Shinohara,8,basara,5,5,rama2,22,0,9642721E
024A9476,Raika Shinohara,8,basara,5,5,rama2,25,0,4C2BAEB7
30664B2F,Raika Shinohara,7,propio,,0,tronco,1,0,1CAA9DE4
30664B2F,Raika Shinohara,7,propio,,0,tronco,3,0,CBAB818A
30664B2F,Raika Shinohara,7,propio,,0,tronco,7,0,CBAB818A
30664B2F,Raika Shinohara,7,propio,,0,tronco,11,0,CF6EEDEE
30664B2F,Raika Shinohara,7,propio,,0,tronco,14,0,595EEA99
B7C66E4C,Raika Shinohara,5,propio,,0,tronco,1,0,CBAB818A
B7C66E4C,Raika Shinohara,5,propio,,0,tronco,3,0,CBAB818A
B7C66E4C,Raika Shinohara,5,propio,,0,tronco,7,0,1CAA9DE4
B7C66E4C,Raika Shinohara,5,propio,,0,tronco,11,0,47B73F79
B7C66E4C,Raika Shinohara,5,propio,,0,tronco,14,0,72125C90
140C5169,Riccardo Di Rigo,6,propio,,0,tronco,1,0,E8A7749E
140C5169,Riccardo Di Rigo,6,propio,,0,tronco,3,0,13E09DFC
140C5169,Riccardo Di Rigo,6,propio,,0,tronco,7,0,357F1E6C
140C5169,Riccardo Di Rigo,6,propio,,0,tronco,11,0,9642721E
140C5169,Riccardo Di Rigo,6,propio,,0,tronco,14,0,4C2BAEB7
26208E30,Riccardo Di Rigo,8,basara,3,0,tronco,1,0,16D4E13E
26208E30,Riccardo Di Rigo,8,basara,3,0,tronco,3,0,CC86396D
26208E30,Riccardo Di Rigo,8,basara,3,0,rama1,8,0,D542546A
26208E30,Riccardo Di Rigo,8,basara,3,0,rama1,12,0,47B73F79
26208E30,Riccardo Di Rigo,8,basara,3,0,rama1,15,0,72125C90
26208E30,Riccardo Di Rigo,8,basara,3,0,rama2,18,0,D542546A
26208E30,Riccardo Di Rigo,8,basara,3,0,rama2,22,0,47B73F79
26208E30,Riccardo Di Rigo,8,basara,3,0,rama2,25,0,72125C90
26208E30,Riccardo Di Rigo,8,basara,1,1,tronco,1,0,16D4E13E
26208E30,Riccardo Di Rigo,8,basara,1,1,tronco,3,0,CC86396D
26208E30,Riccardo Di Rigo,8,basara,1,1,rama1,8,0,D542546A
26208E30,Riccardo Di Rigo,8,basara,1,1,rama1,12,0,CF6EEDEE
26208E30,Riccardo Di Rigo,8,basara,1,1,rama1,15,0,595EEA99
26208E30,Riccardo Di Rigo,8,basara,1,1,rama2,18,0,D542546A
26208E30,Riccardo Di Rigo,8,basara,1,1,rama2,22,0,CF6EEDEE
26208E30,Riccardo Di Rigo,8,basara,1,1,rama2,25,0,595EEA99
26208E30,Riccardo Di Rigo,8,basara,4,2,tronco,1,0,16D4E13E
26208E30,Riccardo Di Rigo,8,basara,4,2,tronco,3,0,CC86396D
26208E30,Riccardo Di Rigo,8,basara,4,2,rama1,8,0,D542546A
26208E30,Riccardo Di Rigo,8,basara,4,2,rama1,12,0,41436E70
26208E30,Riccardo Di Rigo,8,basara,4,2,rama1,15,0,32FAAE67
26208E30,Riccardo Di Rigo,8,basara,4,2,rama2,18,0,D542546A
26208E30,Riccardo Di Rigo,8,basara,4,2,rama2,22,0,41436E70
26208E30,Riccardo Di Rigo,8,basara,4,2,rama2,25,0,32FAAE67
26208E30,Riccardo Di Rigo,8,basara,2,3,tronco,1,0,16D4E13E
26208E30,Riccardo Di Rigo,8,basara,2,3,tronco,3,0,CC86396D
26208E30,Riccardo Di Rigo,8,basara,2,3,rama1,8,0,D542546A
26208E30,Riccardo Di Rigo,8,basara,2,3,rama1,12,0,186FF180
26208E30,Riccardo Di Rigo,8,basara,2,3,rama1,15,0,C99ABCE7
26208E30,Riccardo Di Rigo,8,basara,2,3,rama2,18,0,D542546A
26208E30,Riccardo Di Rigo,8,basara,2,3,rama2,22,0,186FF180
26208E30,Riccardo Di Rigo,8,basara,2,3,rama2,25,0,C99ABCE7
26208E30,Riccardo Di Rigo,8,basara,0,4,tronco,1,0,16D4E13E
26208E30,Riccardo Di Rigo,8,basara,0,4,tronco,3,0,CC86396D
26208E30,Riccardo Di Rigo,8,basara,0,4,rama1,8,0,D542546A
26208E30,Riccardo Di Rigo,8,basara,0,4,rama1,12,0,84E41252
26208E30,Riccardo Di Rigo,8,basara,0,4,rama1,15,0,B14171BB
26208E30,Riccardo Di Rigo,8,basara,0,4,rama2,18,0,D542546A
26208E30,Riccardo Di Rigo,8,basara,0,4,rama2,22,0,84E41252
26208E30,Riccardo Di Rigo,8,basara,0,4,rama2,25,0,B14171BB
26208E30,Riccardo Di Rigo,8,basara,5,5,tronco,1,0,16D4E13E
26208E30,Riccardo Di Rigo,8,basara,5,5,tronco,3,0,13E09DFC
26208E30,Riccardo Di Rigo,8,basara,5,5,rama1,8,0,94734F73
26208E30,Riccardo Di Rigo,8,basara,5,5,rama1,12,0,9642721E
26208E30,Riccardo Di Rigo,8,basara,5,5,rama1,15,0,4C2BAEB7
26208E30,Riccardo Di Rigo,8,basara,5,5,rama2,18,0,94734F73
26208E30,Riccardo Di Rigo,8,basara,5,5,rama2,22,0,9642721E
26208E30,Riccardo Di Rigo,8,basara,5,5,rama2,25,0,4C2BAEB7
26208E30,Riccardo Di Rigo,8,propio,,0,tronco,1,0,9321DA68
26208E30,Riccardo Di Rigo,8,propio,,0,tronco,3,0,E0981A7F
26208E30,Riccardo Di Rigo,8,propio,,0,rama1,8,0,C642F034
26208E30,Riccardo Di Rigo,8,propio,,0,rama1,12,0,E5849FF5
26208E30,Riccardo Di Rigo,8,propio,,0,rama1,15,0,58F82E8B
26208E30,Riccardo Di Rigo,8,propio,,0,rama2,18,0,6ED45544
26208E30,Riccardo Di Rigo,8,propio,,0,rama2,22,0,E5849FF5
26208E30,Riccardo Di Rigo,8,propio,,0,rama2,25,0,58F82E8B
3DC4E59B,Riccardo Di Rigo,5,propio,,0,tronco,1,0,E8A7749E
3DC4E59B,Riccardo Di Rigo,5,propio,,0,tronco,3,0,13E09DFC
3DC4E59B,Riccardo Di Rigo,5,propio,,0,tronco,7,0,357F1E6C
3DC4E59B,Riccardo Di Rigo,5,propio,,0,tronco,11,0,47B73F79
3DC4E59B,Riccardo Di Rigo,5,propio,,0,tronco,14,0,72125C90
9A3492BB,Rondula Flehl,5,propio,,0,tronco,1,0,E9B407A5
9A3492BB,Rondula Flehl,5,propio,,0,tronco,3,0,B812419D
9A3492BB,Rondula Flehl,5,propio,,0,tronco,7,0,B812419D
9A3492BB,Rondula Flehl,5,propio,,0,tronco,11,0,41436E70
9A3492BB,Rondula Flehl,5,propio,,0,tronco,14,0,32FAAE67
A8184DE2,Rondula Flehl,8,basara,3,0,tronco,1,0,16D4E13E
A8184DE2,Rondula Flehl,8,basara,3,0,tronco,3,0,1CAA9DE4
A8184DE2,Rondula Flehl,8,basara,3,0,rama1,8,0,B812419D
A8184DE2,Rondula Flehl,8,basara,3,0,rama1,12,0,47B73F79
A8184DE2,Rondula Flehl,8,basara,3,0,rama1,15,0,72125C90
A8184DE2,Rondula Flehl,8,basara,3,0,rama2,18,0,B812419D
A8184DE2,Rondula Flehl,8,basara,3,0,rama2,22,0,47B73F79
A8184DE2,Rondula Flehl,8,basara,3,0,rama2,25,0,72125C90
A8184DE2,Rondula Flehl,8,basara,1,1,tronco,1,0,16D4E13E
A8184DE2,Rondula Flehl,8,basara,1,1,tronco,3,0,1CAA9DE4
A8184DE2,Rondula Flehl,8,basara,1,1,rama1,8,0,B812419D
A8184DE2,Rondula Flehl,8,basara,1,1,rama1,12,0,CF6EEDEE
A8184DE2,Rondula Flehl,8,basara,1,1,rama1,15,0,595EEA99
A8184DE2,Rondula Flehl,8,basara,1,1,rama2,18,0,B812419D
A8184DE2,Rondula Flehl,8,basara,1,1,rama2,22,0,CF6EEDEE
A8184DE2,Rondula Flehl,8,basara,1,1,rama2,25,0,595EEA99
A8184DE2,Rondula Flehl,8,basara,4,2,tronco,1,0,16D4E13E
A8184DE2,Rondula Flehl,8,basara,4,2,tronco,3,0,1CAA9DE4
A8184DE2,Rondula Flehl,8,basara,4,2,rama1,8,0,B812419D
A8184DE2,Rondula Flehl,8,basara,4,2,rama1,12,0,41436E70
A8184DE2,Rondula Flehl,8,basara,4,2,rama1,15,0,32FAAE67
A8184DE2,Rondula Flehl,8,basara,4,2,rama2,18,0,B812419D
A8184DE2,Rondula Flehl,8,basara,4,2,rama2,22,0,41436E70
A8184DE2,Rondula Flehl,8,basara,4,2,rama2,25,0,32FAAE67
A8184DE2,Rondula Flehl,8,basara,2,3,tronco,1,0,16D4E13E
A8184DE2,Rondula Flehl,8,basara,2,3,tronco,3,0,1CAA9DE4
A8184DE2,Rondula Flehl,8,basara,2,3,rama1,8,0,B812419D
A8184DE2,Rondula Flehl,8,basara,2,3,rama1,12,0,186FF180
A8184DE2,Rondula Flehl,8,basara,2,3,rama1,15,0,C99ABCE7
A8184DE2,Rondula Flehl,8,basara,2,3,rama2,18,0,B812419D
A8184DE2,Rondula Flehl,8,basara,2,3,rama2,22,0,186FF180
A8184DE2,Rondula Flehl,8,basara,2,3,rama2,25,0,C99ABCE7
A8184DE2,Rondula Flehl,8,basara,0,4,tronco,1,0,16D4E13E
A8184DE2,Rondula Flehl,8,basara,0,4,tronco,3,0,1CAA9DE4
A8184DE2,Rondula Flehl,8,basara,0,4,rama1,8,0,B812419D
A8184DE2,Rondula Flehl,8,basara,0,4,rama1,12,0,84E41252
A8184DE2,Rondula Flehl,8,basara,0,4,rama1,15,0,B14171BB
A8184DE2,Rondula Flehl,8,basara,0,4,rama2,18,0,B812419D
A8184DE2,Rondula Flehl,8,basara,0,4,rama2,22,0,84E41252
A8184DE2,Rondula Flehl,8,basara,0,4,rama2,25,0,B14171BB
A8184DE2,Rondula Flehl,8,basara,5,5,tronco,1,0,F5D99E99
A8184DE2,Rondula Flehl,8,basara,5,5,tronco,3,0,1CAA9DE4
A8184DE2,Rondula Flehl,8,basara,5,5,rama1,8,0,F9235A84
A8184DE2,Rondula Flehl,8,basara,5,5,rama1,12,0,9642721E
A8184DE2,Rondula Flehl,8,basara,5,5,rama1,15,0,4C2BAEB7
A8184DE2,Rondula Flehl,8,basara,5,5,rama2,18,0,F9235A84
A8184DE2,Rondula Flehl,8,basara,5,5,rama2,22,0,9642721E
A8184DE2,Rondula Flehl,8,basara,5,5,rama2,25,0,4C2BAEB7
B3FC2649,Rondula Flehl,7,propio,,0,tronco,1,0,E9B407A5
B3FC2649,Rondula Flehl,7,propio,,0,tronco,3,0,B812419D
B3FC2649,Rondula Flehl,7,propio,,0,tronco,7,0,B812419D
B3FC2649,Rondula Flehl,7,propio,,0,tronco,11,0,84E41252
B3FC2649,Rondula Flehl,7,propio,,0,tronco,14,0,B14171BB
8C0C41E7,Ruger Baran,7,propio,,0,tronco,1,0,F9235A84
8C0C41E7,Ruger Baran,7,propio,,0,tronco,3,0,F9235A84
8C0C41E7,Ruger Baran,7,propio,,0,tronco,7,0,1CAA9DE4
8C0C41E7,Ruger Baran,7,propio,,0,tronco,11,0,84E41252
8C0C41E7,Ruger Baran,7,propio,,0,tronco,14,0,B14171BB
A5C4F515,Ruger Baran,5,propio,,0,tronco,1,0,1CAA9DE4
A5C4F515,Ruger Baran,5,propio,,0,tronco,3,0,CBAB818A
A5C4F515,Ruger Baran,5,propio,,0,tronco,7,0,1CAA9DE4
A5C4F515,Ruger Baran,5,propio,,0,tronco,11,0,41436E70
A5C4F515,Ruger Baran,5,propio,,0,tronco,14,0,32FAAE67
BE209EBE,Ruger Baran,8,basara,3,0,tronco,1,0,F5D99E99
BE209EBE,Ruger Baran,8,basara,3,0,tronco,3,0,1CAA9DE4
BE209EBE,Ruger Baran,8,basara,3,0,rama1,8,0,F9235A84
BE209EBE,Ruger Baran,8,basara,3,0,rama1,12,0,47B73F79
BE209EBE,Ruger Baran,8,basara,3,0,rama1,15,0,72125C90
BE209EBE,Ruger Baran,8,basara,3,0,rama2,18,0,F9235A84
BE209EBE,Ruger Baran,8,basara,3,0,rama2,22,0,47B73F79
BE209EBE,Ruger Baran,8,basara,3,0,rama2,25,0,72125C90
BE209EBE,Ruger Baran,8,basara,1,1,tronco,1,0,F5D99E99
BE209EBE,Ruger Baran,8,basara,1,1,tronco,3,0,1CAA9DE4
BE209EBE,Ruger Baran,8,basara,1,1,rama1,8,0,F9235A84
BE209EBE,Ruger Baran,8,basara,1,1,rama1,12,0,CF6EEDEE
BE209EBE,Ruger Baran,8,basara,1,1,rama1,15,0,595EEA99
BE209EBE,Ruger Baran,8,basara,1,1,rama2,18,0,F9235A84
BE209EBE,Ruger Baran,8,basara,1,1,rama2,22,0,CF6EEDEE
BE209EBE,Ruger Baran,8,basara,1,1,rama2,25,0,595EEA99
BE209EBE,Ruger Baran,8,basara,4,2,tronco,1,0,F5D99E99
BE209EBE,Ruger Baran,8,basara,4,2,tronco,3,0,1CAA9DE4
BE209EBE,Ruger Baran,8,basara,4,2,rama1,8,0,F9235A84
BE209EBE,Ruger Baran,8,basara,4,2,rama1,12,0,41436E70
BE209EBE,Ruger Baran,8,basara,4,2,rama1,15,0,32FAAE67
BE209EBE,Ruger Baran,8,basara,4,2,rama2,18,0,F9235A84
BE209EBE,Ruger Baran,8,basara,4,2,rama2,22,0,41436E70
BE209EBE,Ruger Baran,8,basara,4,2,rama2,25,0,32FAAE67
BE209EBE,Ruger Baran,8,basara,2,3,tronco,1,0,F5D99E99
BE209EBE,Ruger Baran,8,basara,2,3,tronco,3,0,1CAA9DE4
BE209EBE,Ruger Baran,8,basara,2,3,rama1,8,0,F9235A84
BE209EBE,Ruger Baran,8,basara,2,3,rama1,12,0,186FF180
BE209EBE,Ruger Baran,8,basara,2,3,rama1,15,0,C99ABCE7
BE209EBE,Ruger Baran,8,basara,2,3,rama2,18,0,F9235A84
BE209EBE,Ruger Baran,8,basara,2,3,rama2,22,0,186FF180
BE209EBE,Ruger Baran,8,basara,2,3,rama2,25,0,C99ABCE7
BE209EBE,Ruger Baran,8,basara,0,4,tronco,1,0,F5D99E99
BE209EBE,Ruger Baran,8,basara,0,4,tronco,3,0,1CAA9DE4
BE209EBE,Ruger Baran,8,basara,0,4,rama1,8,0,F9235A84
BE209EBE,Ruger Baran,8,basara,0,4,rama1,12,0,84E41252
BE209EBE,Ruger Baran,8,basara,0,4,rama1,15,0,B14171BB
BE209EBE,Ruger Baran,8,basara,0,4,rama2,18,0,F9235A84
BE209EBE,Ruger Baran,8,basara,0,4,rama2,22,0,84E41252
BE209EBE,Ruger Baran,8,basara,0,4,rama2,25,0,B14171BB
BE209EBE,Ruger Baran,8,basara,5,5,tronco,1,0,F5D99E99
BE209EBE,Ruger Baran,8,basara,5,5,tronco,3,0,1CAA9DE4
BE209EBE,Ruger Baran,8,basara,5,5,rama1,8,0,F9235A84
BE209EBE,Ruger Baran,8,basara,5,5,rama1,12,0,9642721E
BE209EBE,Ruger Baran,8,basara,5,5,rama1,15,0,4C2BAEB7
BE209EBE,Ruger Baran,8,basara,5,5,rama2,18,0,F9235A84
BE209EBE,Ruger Baran,8,basara,5,5,rama2,22,0,9642721E
BE209EBE,Ruger Baran,8,basara,5,5,rama2,25,0,4C2BAEB7
DCD5DB61,Samguk Han,7,propio,,0,tronco,1,0,2097421C
DCD5DB61,Samguk Han,7,propio,,0,tronco,3,0,2097421C
DCD5DB61,Samguk Han,7,propio,,0,tronco,7,0,90BE2221
DCD5DB61,Samguk Han,7,propio,,0,tronco,11,0,84E41252
DCD5DB61,Samguk Han,7,propio,,0,tronco,14,0,B14171BB
EEF90438,Samguk Han,8,basara,3,0,tronco,1,0,90BE2221
EEF90438,Samguk Han,8,basara,3,0,tronco,3,0,13E09DFC
EEF90438,Samguk Han,8,basara,3,0,rama1,8,0,2097421C
EEF90438,Samguk Han,8,basara,3,0,rama1,12,0,47B73F79
EEF90438,Samguk Han,8,basara,3,0,rama1,15,0,72125C90
EEF90438,Samguk Han,8,basara,3,0,rama2,18,0,2097421C
EEF90438,Samguk Han,8,basara,3,0,rama2,22,0,47B73F79
EEF90438,Samguk Han,8,basara,3,0,rama2,25,0,72125C90
EEF90438,Samguk Han,8,basara,1,1,tronco,1,0,90BE2221
EEF90438,Samguk Han,8,basara,1,1,tronco,3,0,13E09DFC
EEF90438,Samguk Han,8,basara,1,1,rama1,8,0,2097421C
EEF90438,Samguk Han,8,basara,1,1,rama1,12,0,CF6EEDEE
EEF90438,Samguk Han,8,basara,1,1,rama1,15,0,595EEA99
EEF90438,Samguk Han,8,basara,1,1,rama2,18,0,2097421C
EEF90438,Samguk Han,8,basara,1,1,rama2,22,0,CF6EEDEE
EEF90438,Samguk Han,8,basara,1,1,rama2,25,0,595EEA99
EEF90438,Samguk Han,8,basara,4,2,tronco,1,0,90BE2221
EEF90438,Samguk Han,8,basara,4,2,tronco,3,0,13E09DFC
EEF90438,Samguk Han,8,basara,4,2,rama1,8,0,2097421C
EEF90438,Samguk Han,8,basara,4,2,rama1,12,0,41436E70
EEF90438,Samguk Han,8,basara,4,2,rama1,15,0,32FAAE67
EEF90438,Samguk Han,8,basara,4,2,rama2,18,0,2097421C
EEF90438,Samguk Han,8,basara,4,2,rama2,22,0,41436E70
EEF90438,Samguk Han,8,basara,4,2,rama2,25,0,32FAAE67
EEF90438,Samguk Han,8,basara,2,3,tronco,1,0,90BE2221
EEF90438,Samguk Han,8,basara,2,3,tronco,3,0,13E09DFC
EEF90438,Samguk Han,8,basara,2,3,rama1,8,0,2097421C
EEF90438,Samguk Han,8,basara,2,3,rama1,12,0,186FF180
EEF90438,Samguk Han,8,basara,2,3,rama1,15,0,C99ABCE7
EEF90438,Samguk Han,8,basara,2,3,rama2,18,0,2097421C
EEF90438,Samguk Han,8,basara,2,3,rama2,22,0,186FF180
EEF90438,Samguk Han,8,basara,2,3,rama2,25,0,C99ABCE7
EEF90438,Samguk Han,8,basara,0,4,tronco,1,0,90BE2221
EEF90438,Samguk Han,8,basara,0,4,tronco,3,0,13E09DFC
EEF90438,Samguk Han,8,basara,0,4,rama1,8,0,2097421C
EEF90438,Samguk Han,8,basara,0,4,rama1,12,0,84E41252
EEF90438,Samguk Han,8,basara,0,4,rama1,15,0,B14171BB
EEF90438,Samguk Han,8,basara,0,4,rama2,18,0,2097421C
EEF90438,Samguk Han,8,basara,0,4,rama2,22,0,84E41252
EEF90438,Samguk Han,8,basara,0,4,rama2,25,0,B14171BB
EEF90438,Samguk Han,8,basara,5,5,tronco,1,0,90BE2221
EEF90438,Samguk Han,8,basara,5,5,tronco,3,0,13E09DFC
EEF90438,Samguk Han,8,basara,5,5,rama1,8,0,2097421C
EEF90438,Samguk Han,8,basara,5,5,rama1,12,0,9642721E
EEF90438,Samguk Han,8,basara,5,5,rama1,15,0,4C2BAEB7
EEF90438,Samguk Han,8,basara,5,5,rama2,18,0,2097421C
EEF90438,Samguk Han,8,basara,5,5,rama2,22,0,9642721E
EEF90438,Samguk Han,8,basara,5,5,rama2,25,0,4C2BAEB7
EEF90438,Samguk Han,8,propio,,0,tronco,1,0,9321DA68
EEF90438,Samguk Han,8,propio,,0,tronco,3,0,E0981A7F
EEF90438,Samguk Han,8,propio,,0,rama1,8,0,C642F034
EEF90438,Samguk Han,8,propio,,0,rama1,12,0,E5849FF5
EEF90438,Samguk Han,8,propio,,0,rama1,15,0,58F82E8B
EEF90438,Samguk Han,8,propio,,0,rama2,18,0,6ED45544
EEF90438,Samguk Han,8,propio,,0,rama2,22,0,E5849FF5
EEF90438,Samguk Han,8,propio,,0,rama2,25,0,58F82E8B
F51D6F93,Samguk Han,6,propio,,0,tronco,1,0,2097421C
F51D6F93,Samguk Han,6,propio,,0,tronco,3,0,2097421C
F51D6F93,Samguk Han,6,propio,,0,tronco,7,0,90BE2221
F51D6F93,Samguk Han,6,propio,,0,tronco,11,0,C99ABCE7
F51D6F93,Samguk Han,6,propio,,0,tronco,14,0,186FF180
58E6B88E,Sandra Fischer,5,propio,,0,tronco,1,0,2097421C
58E6B88E,Sandra Fischer,5,propio,,0,tronco,3,0,2097421C
58E6B88E,Sandra Fischer,5,propio,,0,tronco,7,0,2801F46B
58E6B88E,Sandra Fischer,5,propio,,0,tronco,11,0,EFBECA29
58E6B88E,Sandra Fischer,5,propio,,0,tronco,14,0,72125C90
6ACA67D7,Sandra Fischer,8,basara,3,0,tronco,1,0,2097421C
6ACA67D7,Sandra Fischer,8,basara,3,0,tronco,3,0,A1D62C9A
6ACA67D7,Sandra Fischer,8,basara,3,0,rama1,8,0,90BE2221
6ACA67D7,Sandra Fischer,8,basara,3,0,rama1,12,0,47B73F79
6ACA67D7,Sandra Fischer,8,basara,3,0,rama1,15,0,72125C90
6ACA67D7,Sandra Fischer,8,basara,3,0,rama2,18,0,90BE2221
6ACA67D7,Sandra Fischer,8,basara,3,0,rama2,22,0,47B73F79
6ACA67D7,Sandra Fischer,8,basara,3,0,rama2,25,0,72125C90
6ACA67D7,Sandra Fischer,8,basara,1,1,tronco,1,0,2097421C
6ACA67D7,Sandra Fischer,8,basara,1,1,tronco,3,0,A1D62C9A
6ACA67D7,Sandra Fischer,8,basara,1,1,rama1,8,0,90BE2221
6ACA67D7,Sandra Fischer,8,basara,1,1,rama1,12,0,CF6EEDEE
6ACA67D7,Sandra Fischer,8,basara,1,1,rama1,15,0,595EEA99
6ACA67D7,Sandra Fischer,8,basara,1,1,rama2,18,0,90BE2221
6ACA67D7,Sandra Fischer,8,basara,1,1,rama2,22,0,CF6EEDEE
6ACA67D7,Sandra Fischer,8,basara,1,1,rama2,25,0,595EEA99
6ACA67D7,Sandra Fischer,8,basara,4,2,tronco,1,0,2097421C
6ACA67D7,Sandra Fischer,8,basara,4,2,tronco,3,0,A1D62C9A
6ACA67D7,Sandra Fischer,8,basara,4,2,rama1,8,0,90BE2221
6ACA67D7,Sandra Fischer,8,basara,4,2,rama1,12,0,41436E70
6ACA67D7,Sandra Fischer,8,basara,4,2,rama1,15,0,32FAAE67
6ACA67D7,Sandra Fischer,8,basara,4,2,rama2,18,0,90BE2221
6ACA67D7,Sandra Fischer,8,basara,4,2,rama2,22,0,41436E70
6ACA67D7,Sandra Fischer,8,basara,4,2,rama2,25,0,32FAAE67
6ACA67D7,Sandra Fischer,8,basara,2,3,tronco,1,0,2097421C
6ACA67D7,Sandra Fischer,8,basara,2,3,tronco,3,0,A1D62C9A
6ACA67D7,Sandra Fischer,8,basara,2,3,rama1,8,0,90BE2221
6ACA67D7,Sandra Fischer,8,basara,2,3,rama1,12,0,186FF180
6ACA67D7,Sandra Fischer,8,basara,2,3,rama1,15,0,C99ABCE7
6ACA67D7,Sandra Fischer,8,basara,2,3,rama2,18,0,90BE2221
6ACA67D7,Sandra Fischer,8,basara,2,3,rama2,22,0,186FF180
6ACA67D7,Sandra Fischer,8,basara,2,3,rama2,25,0,C99ABCE7
6ACA67D7,Sandra Fischer,8,basara,0,4,tronco,1,0,2097421C
6ACA67D7,Sandra Fischer,8,basara,0,4,tronco,3,0,A1D62C9A
6ACA67D7,Sandra Fischer,8,basara,0,4,rama1,8,0,90BE2221
6ACA67D7,Sandra Fischer,8,basara,0,4,rama1,12,0,84E41252
6ACA67D7,Sandra Fischer,8,basara,0,4,rama1,15,0,B14171BB
6ACA67D7,Sandra Fischer,8,basara,0,4,rama2,18,0,90BE2221
6ACA67D7,Sandra Fischer,8,basara,0,4,rama2,22,0,84E41252
6ACA67D7,Sandra Fischer,8,basara,0,4,rama2,25,0,B14171BB
6ACA67D7,Sandra Fischer,8,basara,5,5,tronco,1,0,F5D99E99
6ACA67D7,Sandra Fischer,8,basara,5,5,tronco,3,0,1CAA9DE4
6ACA67D7,Sandra Fischer,8,basara,5,5,rama1,8,0,F9235A84
6ACA67D7,Sandra Fischer,8,basara,5,5,rama1,12,0,9642721E
6ACA67D7,Sandra Fischer,8,basara,5,5,rama1,15,0,4C2BAEB7
6ACA67D7,Sandra Fischer,8,basara,5,5,rama2,18,0,F9235A84
6ACA67D7,Sandra Fischer,8,basara,5,5,rama2,22,0,9642721E
6ACA67D7,Sandra Fischer,8,basara,5,5,rama2,25,0,4C2BAEB7
712E0C7C,Sandra Fischer,6,propio,,0,tronco,1,0,2097421C
712E0C7C,Sandra Fischer,6,propio,,0,tronco,3,0,2097421C
712E0C7C,Sandra Fischer,6,propio,,0,tronco,7,0,2801F46B
712E0C7C,Sandra Fischer,6,propio,,0,tronco,11,0,9642721E
712E0C7C,Sandra Fischer,6,propio,,0,tronco,14,0,4C2BAEB7
4809DC7B,Sergi Hernández,6,propio,,0,tronco,1,0,1CAA9DE4
4809DC7B,Sergi Hernández,6,propio,,0,tronco,3,0,F5D99E99
4809DC7B,Sergi Hernández,6,propio,,0,tronco,7,0,8A9A9A93
4809DC7B,Sergi Hernández,6,propio,,0,tronco,11,0,9642721E
4809DC7B,Sergi Hernández,6,propio,,0,tronco,14,0,4C2BAEB7
53EDB7D0,Sergi Hernández,8,basara,3,0,tronco,1,0,16D4E13E
53EDB7D0,Sergi Hernández,8,basara,3,0,tronco,3,0,1CAA9DE4
53EDB7D0,Sergi Hernández,8,basara,3,0,rama1,8,0,B812419D
53EDB7D0,Sergi Hernández,8,basara,3,0,rama1,12,0,47B73F79
53EDB7D0,Sergi Hernández,8,basara,3,0,rama1,15,0,72125C90
53EDB7D0,Sergi Hernández,8,basara,3,0,rama2,18,0,B812419D
53EDB7D0,Sergi Hernández,8,basara,3,0,rama2,22,0,47B73F79
53EDB7D0,Sergi Hernández,8,basara,3,0,rama2,25,0,72125C90
53EDB7D0,Sergi Hernández,8,basara,1,1,tronco,1,0,16D4E13E
53EDB7D0,Sergi Hernández,8,basara,1,1,tronco,3,0,1CAA9DE4
53EDB7D0,Sergi Hernández,8,basara,1,1,rama1,8,0,B812419D
53EDB7D0,Sergi Hernández,8,basara,1,1,rama1,12,0,CF6EEDEE
53EDB7D0,Sergi Hernández,8,basara,1,1,rama1,15,0,595EEA99
53EDB7D0,Sergi Hernández,8,basara,1,1,rama2,18,0,B812419D
53EDB7D0,Sergi Hernández,8,basara,1,1,rama2,22,0,CF6EEDEE
53EDB7D0,Sergi Hernández,8,basara,1,1,rama2,25,0,595EEA99
53EDB7D0,Sergi Hernández,8,basara,4,2,tronco,1,0,16D4E13E
53EDB7D0,Sergi Hernández,8,basara,4,2,tronco,3,0,1CAA9DE4
53EDB7D0,Sergi Hernández,8,basara,4,2,rama1,8,0,B812419D
53EDB7D0,Sergi Hernández,8,basara,4,2,rama1,12,0,41436E70
53EDB7D0,Sergi Hernández,8,basara,4,2,rama1,15,0,32FAAE67
53EDB7D0,Sergi Hernández,8,basara,4,2,rama2,18,0,B812419D
53EDB7D0,Sergi Hernández,8,basara,4,2,rama2,22,0,41436E70
53EDB7D0,Sergi Hernández,8,basara,4,2,rama2,25,0,32FAAE67
53EDB7D0,Sergi Hernández,8,basara,2,3,tronco,1,0,16D4E13E
53EDB7D0,Sergi Hernández,8,basara,2,3,tronco,3,0,1CAA9DE4
53EDB7D0,Sergi Hernández,8,basara,2,3,rama1,8,0,B812419D
53EDB7D0,Sergi Hernández,8,basara,2,3,rama1,12,0,186FF180
53EDB7D0,Sergi Hernández,8,basara,2,3,rama1,15,0,C99ABCE7
53EDB7D0,Sergi Hernández,8,basara,2,3,rama2,18,0,B812419D
53EDB7D0,Sergi Hernández,8,basara,2,3,rama2,22,0,186FF180
53EDB7D0,Sergi Hernández,8,basara,2,3,rama2,25,0,C99ABCE7
53EDB7D0,Sergi Hernández,8,basara,0,4,tronco,1,0,16D4E13E
53EDB7D0,Sergi Hernández,8,basara,0,4,tronco,3,0,1CAA9DE4
53EDB7D0,Sergi Hernández,8,basara,0,4,rama1,8,0,B812419D
53EDB7D0,Sergi Hernández,8,basara,0,4,rama1,12,0,84E41252
53EDB7D0,Sergi Hernández,8,basara,0,4,rama1,15,0,B14171BB
53EDB7D0,Sergi Hernández,8,basara,0,4,rama2,18,0,B812419D
53EDB7D0,Sergi Hernández,8,basara,0,4,rama2,22,0,84E41252
53EDB7D0,Sergi Hernández,8,basara,0,4,rama2,25,0,B14171BB
53EDB7D0,Sergi Hernández,8,basara,5,5,tronco,1,0,16D4E13E
53EDB7D0,Sergi Hernández,8,basara,5,5,tronco,3,0,1CAA9DE4
53EDB7D0,Sergi Hernández,8,basara,5,5,rama1,8,0,B812419D
53EDB7D0,Sergi Hernández,8,basara,5,5,rama1,12,0,9642721E
53EDB7D0,Sergi Hernández,8,basara,5,5,rama1,15,0,4C2BAEB7
53EDB7D0,Sergi Hernández,8,basara,5,5,rama2,18,0,B812419D
53EDB7D0,Sergi Hernández,8,basara,5,5,rama2,22,0,9642721E
53EDB7D0,Sergi Hernández,8,basara,5,5,rama2,25,0,4C2BAEB7
61C16889,Sergi Hernández,5,propio,,0,tronco,1,0,1CAA9DE4
61C16889,Sergi Hernández,5,propio,,0,tronco,3,0,F5D99E99
61C16889,Sergi Hernández,5,propio,,0,tronco,7,0,8A9A9A93
61C16889,Sergi Hernández,5,propio,,0,tronco,11,0,604AA059
61C16889,Sergi Hernández,5,propio,,0,tronco,14,0,32FAAE67
04F417C5,Shawn Froste,6,propio,,0,tronco,1,0,1CAA9DE4
04F417C5,Shawn Froste,6,propio,,0,tronco,3,0,CBAB818A
04F417C5,Shawn Froste,6,propio,,0,tronco,7,0,1CAA9DE4
04F417C5,Shawn Froste,6,propio,,0,tronco,11,0,9642721E
04F417C5,Shawn Froste,6,propio,,0,tronco,14,0,4C2BAEB7
2D3CA337,Shawn Froste,5,propio,,0,tronco,1,0,1CAA9DE4
2D3CA337,Shawn Froste,5,propio,,0,tronco,3,0,CBAB818A
2D3CA337,Shawn Froste,5,propio,,0,tronco,7,0,1CAA9DE4
2D3CA337,Shawn Froste,5,propio,,0,tronco,11,0,47B73F79
2D3CA337,Shawn Froste,5,propio,,0,tronco,14,0,72125C90
36D8C89C,Shawn Froste,8,basara,3,0,tronco,1,0,F5D99E99
36D8C89C,Shawn Froste,8,basara,3,0,tronco,3,0,1CAA9DE4
36D8C89C,Shawn Froste,8,basara,3,0,rama1,8,0,F9235A84
36D8C89C,Shawn Froste,8,basara,3,0,rama1,12,0,47B73F79
36D8C89C,Shawn Froste,8,basara,3,0,rama1,15,0,72125C90
36D8C89C,Shawn Froste,8,basara,3,0,rama2,18,0,F9235A84
36D8C89C,Shawn Froste,8,basara,3,0,rama2,22,0,47B73F79
36D8C89C,Shawn Froste,8,basara,3,0,rama2,25,0,72125C90
36D8C89C,Shawn Froste,8,basara,1,1,tronco,1,0,F5D99E99
36D8C89C,Shawn Froste,8,basara,1,1,tronco,3,0,1CAA9DE4
36D8C89C,Shawn Froste,8,basara,1,1,rama1,8,0,F9235A84
36D8C89C,Shawn Froste,8,basara,1,1,rama1,12,0,CF6EEDEE
36D8C89C,Shawn Froste,8,basara,1,1,rama1,15,0,595EEA99
36D8C89C,Shawn Froste,8,basara,1,1,rama2,18,0,F9235A84
36D8C89C,Shawn Froste,8,basara,1,1,rama2,22,0,CF6EEDEE
36D8C89C,Shawn Froste,8,basara,1,1,rama2,25,0,595EEA99
36D8C89C,Shawn Froste,8,basara,4,2,tronco,1,0,F5D99E99
36D8C89C,Shawn Froste,8,basara,4,2,tronco,3,0,1CAA9DE4
36D8C89C,Shawn Froste,8,basara,4,2,rama1,8,0,F9235A84
36D8C89C,Shawn Froste,8,basara,4,2,rama1,12,0,41436E70
36D8C89C,Shawn Froste,8,basara,4,2,rama1,15,0,32FAAE67
36D8C89C,Shawn Froste,8,basara,4,2,rama2,18,0,F9235A84
36D8C89C,Shawn Froste,8,basara,4,2,rama2,22,0,41436E70
36D8C89C,Shawn Froste,8,basara,4,2,rama2,25,0,32FAAE67
36D8C89C,Shawn Froste,8,basara,2,3,tronco,1,0,F5D99E99
36D8C89C,Shawn Froste,8,basara,2,3,tronco,3,0,1CAA9DE4
36D8C89C,Shawn Froste,8,basara,2,3,rama1,8,0,F9235A84
36D8C89C,Shawn Froste,8,basara,2,3,rama1,12,0,186FF180
36D8C89C,Shawn Froste,8,basara,2,3,rama1,15,0,C99ABCE7
36D8C89C,Shawn Froste,8,basara,2,3,rama2,18,0,F9235A84
36D8C89C,Shawn Froste,8,basara,2,3,rama2,22,0,186FF180
36D8C89C,Shawn Froste,8,basara,2,3,rama2,25,0,C99ABCE7
36D8C89C,Shawn Froste,8,basara,0,4,tronco,1,0,F5D99E99
36D8C89C,Shawn Froste,8,basara,0,4,tronco,3,0,1CAA9DE4
36D8C89C,Shawn Froste,8,basara,0,4,rama1,8,0,F9235A84
36D8C89C,Shawn Froste,8,basara,0,4,rama1,12,0,84E41252
36D8C89C,Shawn Froste,8,basara,0,4,rama1,15,0,B14171BB
36D8C89C,Shawn Froste,8,basara,0,4,rama2,18,0,F9235A84
36D8C89C,Shawn Froste,8,basara,0,4,rama2,22,0,84E41252
36D8C89C,Shawn Froste,8,basara,0,4,rama2,25,0,B14171BB
36D8C89C,Shawn Froste,8,basara,5,5,tronco,1,0,F5D99E99
36D8C89C,Shawn Froste,8,basara,5,5,tronco,3,0,1CAA9DE4
36D8C89C,Shawn Froste,8,basara,5,5,rama1,8,0,F9235A84
36D8C89C,Shawn Froste,8,basara,5,5,rama1,12,0,9642721E
36D8C89C,Shawn Froste,8,basara,5,5,rama1,15,0,4C2BAEB7
36D8C89C,Shawn Froste,8,basara,5,5,rama2,18,0,F9235A84
36D8C89C,Shawn Froste,8,basara,5,5,rama2,22,0,9642721E
36D8C89C,Shawn Froste,8,basara,5,5,rama2,25,0,4C2BAEB7
36D8C89C,Shawn Froste,8,propio,,0,tronco,1,0,9321DA68
36D8C89C,Shawn Froste,8,propio,,0,tronco,3,0,E0981A7F
36D8C89C,Shawn Froste,8,propio,,0,rama1,8,0,C642F034
36D8C89C,Shawn Froste,8,propio,,0,rama1,12,0,E5849FF5
36D8C89C,Shawn Froste,8,propio,,0,rama1,15,0,58F82E8B
36D8C89C,Shawn Froste,8,propio,,0,rama2,18,0,6ED45544
36D8C89C,Shawn Froste,8,propio,,0,rama2,22,0,E5849FF5
36D8C89C,Shawn Froste,8,propio,,0,rama2,25,0,58F82E8B
098AA343,Simeon Ayp,7,propio,,0,tronco,1,0,1CAA9DE4
098AA343,Simeon Ayp,7,propio,,0,tronco,3,0,F9235A84
098AA343,Simeon Ayp,7,propio,,0,tronco,7,0,CBAB818A
098AA343,Simeon Ayp,7,propio,,0,tronco,11,0,84E41252
098AA343,Simeon Ayp,7,propio,,0,tronco,14,0,B14171BB
204217B1,Simeon Ayp,5,propio,,0,tronco,1,0,1CAA9DE4
204217B1,Simeon Ayp,5,propio,,0,tronco,3,0,F9235A84
204217B1,Simeon Ayp,5,propio,,0,tronco,7,0,CBAB818A
204217B1,Simeon Ayp,5,propio,,0,tronco,11,0,41436E70
204217B1,Simeon Ayp,5,propio,,0,tronco,14,0,32FAAE67
3BA67C1A,Simeon Ayp,8,basara,3,0,tronco,1,0,F5D99E99
3BA67C1A,Simeon Ayp,8,basara,3,0,tronco,3,0,1CAA9DE4
3BA67C1A,Simeon Ayp,8,basara,3,0,rama1,8,0,F9235A84
3BA67C1A,Simeon Ayp,8,basara,3,0,rama1,12,0,47B73F79
3BA67C1A,Simeon Ayp,8,basara,3,0,rama1,15,0,72125C90
3BA67C1A,Simeon Ayp,8,basara,3,0,rama2,18,0,F9235A84
3BA67C1A,Simeon Ayp,8,basara,3,0,rama2,22,0,47B73F79
3BA67C1A,Simeon Ayp,8,basara,3,0,rama2,25,0,72125C90
3BA67C1A,Simeon Ayp,8,basara,1,1,tronco,1,0,F5D99E99
3BA67C1A,Simeon Ayp,8,basara,1,1,tronco,3,0,1CAA9DE4
3BA67C1A,Simeon Ayp,8,basara,1,1,rama1,8,0,F9235A84
3BA67C1A,Simeon Ayp,8,basara,1,1,rama1,12,0,CF6EEDEE
3BA67C1A,Simeon Ayp,8,basara,1,1,rama1,15,0,595EEA99
3BA67C1A,Simeon Ayp,8,basara,1,1,rama2,18,0,F9235A84
3BA67C1A,Simeon Ayp,8,basara,1,1,rama2,22,0,CF6EEDEE
3BA67C1A,Simeon Ayp,8,basara,1,1,rama2,25,0,595EEA99
3BA67C1A,Simeon Ayp,8,basara,4,2,tronco,1,0,F5D99E99
3BA67C1A,Simeon Ayp,8,basara,4,2,tronco,3,0,1CAA9DE4
3BA67C1A,Simeon Ayp,8,basara,4,2,rama1,8,0,F9235A84
3BA67C1A,Simeon Ayp,8,basara,4,2,rama1,12,0,41436E70
3BA67C1A,Simeon Ayp,8,basara,4,2,rama1,15,0,32FAAE67
3BA67C1A,Simeon Ayp,8,basara,4,2,rama2,18,0,F9235A84
3BA67C1A,Simeon Ayp,8,basara,4,2,rama2,22,0,41436E70
3BA67C1A,Simeon Ayp,8,basara,4,2,rama2,25,0,32FAAE67
3BA67C1A,Simeon Ayp,8,basara,2,3,tronco,1,0,F5D99E99
3BA67C1A,Simeon Ayp,8,basara,2,3,tronco,3,0,1CAA9DE4
3BA67C1A,Simeon Ayp,8,basara,2,3,rama1,8,0,F9235A84
3BA67C1A,Simeon Ayp,8,basara,2,3,rama1,12,0,186FF180
3BA67C1A,Simeon Ayp,8,basara,2,3,rama1,15,0,C99ABCE7
3BA67C1A,Simeon Ayp,8,basara,2,3,rama2,18,0,F9235A84
3BA67C1A,Simeon Ayp,8,basara,2,3,rama2,22,0,186FF180
3BA67C1A,Simeon Ayp,8,basara,2,3,rama2,25,0,C99ABCE7
3BA67C1A,Simeon Ayp,8,basara,0,4,tronco,1,0,F5D99E99
3BA67C1A,Simeon Ayp,8,basara,0,4,tronco,3,0,1CAA9DE4
3BA67C1A,Simeon Ayp,8,basara,0,4,rama1,8,0,F9235A84
3BA67C1A,Simeon Ayp,8,basara,0,4,rama1,12,0,84E41252
3BA67C1A,Simeon Ayp,8,basara,0,4,rama1,15,0,B14171BB
3BA67C1A,Simeon Ayp,8,basara,0,4,rama2,18,0,F9235A84
3BA67C1A,Simeon Ayp,8,basara,0,4,rama2,22,0,84E41252
3BA67C1A,Simeon Ayp,8,basara,0,4,rama2,25,0,B14171BB
3BA67C1A,Simeon Ayp,8,basara,5,5,tronco,1,0,FD4F28EE
3BA67C1A,Simeon Ayp,8,basara,5,5,tronco,3,0,2097421C
3BA67C1A,Simeon Ayp,8,basara,5,5,rama1,8,0,F9235A84
3BA67C1A,Simeon Ayp,8,basara,5,5,rama1,12,0,9642721E
3BA67C1A,Simeon Ayp,8,basara,5,5,rama1,15,0,4C2BAEB7
3BA67C1A,Simeon Ayp,8,basara,5,5,rama2,18,0,F9235A84
3BA67C1A,Simeon Ayp,8,basara,5,5,rama2,22,0,9642721E
3BA67C1A,Simeon Ayp,8,basara,5,5,rama2,25,0,4C2BAEB7
3BA67C1A,Simeon Ayp,8,propio,,0,tronco,1,0,9321DA68
3BA67C1A,Simeon Ayp,8,propio,,0,tronco,3,0,E0981A7F
3BA67C1A,Simeon Ayp,8,propio,,0,rama1,8,0,C642F034
3BA67C1A,Simeon Ayp,8,propio,,0,rama1,12,0,E5849FF5
3BA67C1A,Simeon Ayp,8,propio,,0,rama1,15,0,58F82E8B
3BA67C1A,Simeon Ayp,8,propio,,0,rama2,18,0,6ED45544
3BA67C1A,Simeon Ayp,8,propio,,0,rama2,22,0,E5849FF5
3BA67C1A,Simeon Ayp,8,propio,,0,rama2,25,0,58F82E8B
D05DE84C,Sonny Wright,5,propio,,0,tronco,1,0,CBAB818A
D05DE84C,Sonny Wright,5,propio,,0,tronco,3,0,CBAB818A
D05DE84C,Sonny Wright,5,propio,,0,tronco,7,0,1CAA9DE4
D05DE84C,Sonny Wright,5,propio,,0,tronco,11,0,47B73F79
D05DE84C,Sonny Wright,5,propio,,0,tronco,14,0,72125C90
E2713715,Sonny Wright,8,basara,3,0,tronco,1,0,F5D99E99
E2713715,Sonny Wright,8,basara,3,0,tronco,3,0,1CAA9DE4
E2713715,Sonny Wright,8,basara,3,0,rama1,8,0,F9235A84
E2713715,Sonny Wright,8,basara,3,0,rama1,12,0,47B73F79
E2713715,Sonny Wright,8,basara,3,0,rama1,15,0,72125C90
E2713715,Sonny Wright,8,basara,3,0,rama2,18,0,F9235A84
E2713715,Sonny Wright,8,basara,3,0,rama2,22,0,47B73F79
E2713715,Sonny Wright,8,basara,3,0,rama2,25,0,72125C90
E2713715,Sonny Wright,8,basara,1,1,tronco,1,0,F5D99E99
E2713715,Sonny Wright,8,basara,1,1,tronco,3,0,1CAA9DE4
E2713715,Sonny Wright,8,basara,1,1,rama1,8,0,F9235A84
E2713715,Sonny Wright,8,basara,1,1,rama1,12,0,CF6EEDEE
E2713715,Sonny Wright,8,basara,1,1,rama1,15,0,595EEA99
E2713715,Sonny Wright,8,basara,1,1,rama2,18,0,F9235A84
E2713715,Sonny Wright,8,basara,1,1,rama2,22,0,CF6EEDEE
E2713715,Sonny Wright,8,basara,1,1,rama2,25,0,595EEA99
E2713715,Sonny Wright,8,basara,4,2,tronco,1,0,F5D99E99
E2713715,Sonny Wright,8,basara,4,2,tronco,3,0,1CAA9DE4
E2713715,Sonny Wright,8,basara,4,2,rama1,8,0,F9235A84
E2713715,Sonny Wright,8,basara,4,2,rama1,12,0,41436E70
E2713715,Sonny Wright,8,basara,4,2,rama1,15,0,32FAAE67
E2713715,Sonny Wright,8,basara,4,2,rama2,18,0,F9235A84
E2713715,Sonny Wright,8,basara,4,2,rama2,22,0,41436E70
E2713715,Sonny Wright,8,basara,4,2,rama2,25,0,32FAAE67
E2713715,Sonny Wright,8,basara,2,3,tronco,1,0,F5D99E99
E2713715,Sonny Wright,8,basara,2,3,tronco,3,0,1CAA9DE4
E2713715,Sonny Wright,8,basara,2,3,rama1,8,0,F9235A84
E2713715,Sonny Wright,8,basara,2,3,rama1,12,0,186FF180
E2713715,Sonny Wright,8,basara,2,3,rama1,15,0,C99ABCE7
E2713715,Sonny Wright,8,basara,2,3,rama2,18,0,F9235A84
E2713715,Sonny Wright,8,basara,2,3,rama2,22,0,186FF180
E2713715,Sonny Wright,8,basara,2,3,rama2,25,0,C99ABCE7
E2713715,Sonny Wright,8,basara,0,4,tronco,1,0,F5D99E99
E2713715,Sonny Wright,8,basara,0,4,tronco,3,0,1CAA9DE4
E2713715,Sonny Wright,8,basara,0,4,rama1,8,0,F9235A84
E2713715,Sonny Wright,8,basara,0,4,rama1,12,0,84E41252
E2713715,Sonny Wright,8,basara,0,4,rama1,15,0,B14171BB
E2713715,Sonny Wright,8,basara,0,4,rama2,18,0,F9235A84
E2713715,Sonny Wright,8,basara,0,4,rama2,22,0,84E41252
E2713715,Sonny Wright,8,basara,0,4,rama2,25,0,B14171BB
E2713715,Sonny Wright,8,basara,5,5,tronco,1,0,1AF12A5C
E2713715,Sonny Wright,8,basara,5,5,tronco,3,0,16D4E13E
E2713715,Sonny Wright,8,basara,5,5,rama1,8,0,CBAB818A
E2713715,Sonny Wright,8,basara,5,5,rama1,12,0,9642721E
E2713715,Sonny Wright,8,basara,5,5,rama1,15,0,4C2BAEB7
E2713715,Sonny Wright,8,basara,5,5,rama2,18,0,CBAB818A
E2713715,Sonny Wright,8,basara,5,5,rama2,22,0,9642721E
E2713715,Sonny Wright,8,basara,5,5,rama2,25,0,4C2BAEB7
F9955CBE,Sonny Wright,6,propio,,0,tronco,1,0,1CAA9DE4
F9955CBE,Sonny Wright,6,propio,,0,tronco,3,0,D542546A
F9955CBE,Sonny Wright,6,propio,,0,tronco,7,0,1CAA9DE4
F9955CBE,Sonny Wright,6,propio,,0,tronco,11,0,C99ABCE7
F9955CBE,Sonny Wright,6,propio,,0,tronco,14,0,186FF180
0CEAB098,Terry Archibald,6,propio,,0,tronco,1,0,2097421C
0CEAB098,Terry Archibald,6,propio,,0,tronco,3,0,2801F46B
0CEAB098,Terry Archibald,6,propio,,0,tronco,7,0,2801F46B
0CEAB098,Terry Archibald,6,propio,,0,tronco,11,0,9642721E
0CEAB098,Terry Archibald,6,propio,,0,tronco,14,0,4C2BAEB7
2522046A,Terry Archibald,7,propio,,0,tronco,1,0,2097421C
2522046A,Terry Archibald,7,propio,,0,tronco,3,0,90BE2221
2522046A,Terry Archibald,7,propio,,0,tronco,7,0,90BE2221
2522046A,Terry Archibald,7,propio,,0,tronco,11,0,84E41252
2522046A,Terry Archibald,7,propio,,0,tronco,14,0,B14171BB
3EC66FC1,Terry Archibald,8,basara,3,0,tronco,1,0,90BE2221
3EC66FC1,Terry Archibald,8,basara,3,0,tronco,3,0,13E09DFC
3EC66FC1,Terry Archibald,8,basara,3,0,rama1,8,0,2097421C
3EC66FC1,Terry Archibald,8,basara,3,0,rama1,12,0,47B73F79
3EC66FC1,Terry Archibald,8,basara,3,0,rama1,15,0,72125C90
3EC66FC1,Terry Archibald,8,basara,3,0,rama2,18,0,2097421C
3EC66FC1,Terry Archibald,8,basara,3,0,rama2,22,0,47B73F79
3EC66FC1,Terry Archibald,8,basara,3,0,rama2,25,0,72125C90
3EC66FC1,Terry Archibald,8,basara,1,1,tronco,1,0,90BE2221
3EC66FC1,Terry Archibald,8,basara,1,1,tronco,3,0,13E09DFC
3EC66FC1,Terry Archibald,8,basara,1,1,rama1,8,0,2097421C
3EC66FC1,Terry Archibald,8,basara,1,1,rama1,12,0,CF6EEDEE
3EC66FC1,Terry Archibald,8,basara,1,1,rama1,15,0,595EEA99
3EC66FC1,Terry Archibald,8,basara,1,1,rama2,18,0,2097421C
3EC66FC1,Terry Archibald,8,basara,1,1,rama2,22,0,CF6EEDEE
3EC66FC1,Terry Archibald,8,basara,1,1,rama2,25,0,595EEA99
3EC66FC1,Terry Archibald,8,basara,4,2,tronco,1,0,90BE2221
3EC66FC1,Terry Archibald,8,basara,4,2,tronco,3,0,13E09DFC
3EC66FC1,Terry Archibald,8,basara,4,2,rama1,8,0,2097421C
3EC66FC1,Terry Archibald,8,basara,4,2,rama1,12,0,41436E70
3EC66FC1,Terry Archibald,8,basara,4,2,rama1,15,0,32FAAE67
3EC66FC1,Terry Archibald,8,basara,4,2,rama2,18,0,2097421C
3EC66FC1,Terry Archibald,8,basara,4,2,rama2,22,0,41436E70
3EC66FC1,Terry Archibald,8,basara,4,2,rama2,25,0,32FAAE67
3EC66FC1,Terry Archibald,8,basara,2,3,tronco,1,0,90BE2221
3EC66FC1,Terry Archibald,8,basara,2,3,tronco,3,0,13E09DFC
3EC66FC1,Terry Archibald,8,basara,2,3,rama1,8,0,2097421C
3EC66FC1,Terry Archibald,8,basara,2,3,rama1,12,0,186FF180
3EC66FC1,Terry Archibald,8,basara,2,3,rama1,15,0,C99ABCE7
3EC66FC1,Terry Archibald,8,basara,2,3,rama2,18,0,2097421C
3EC66FC1,Terry Archibald,8,basara,2,3,rama2,22,0,186FF180
3EC66FC1,Terry Archibald,8,basara,2,3,rama2,25,0,C99ABCE7
3EC66FC1,Terry Archibald,8,basara,0,4,tronco,1,0,90BE2221
3EC66FC1,Terry Archibald,8,basara,0,4,tronco,3,0,13E09DFC
3EC66FC1,Terry Archibald,8,basara,0,4,rama1,8,0,2097421C
3EC66FC1,Terry Archibald,8,basara,0,4,rama1,12,0,84E41252
3EC66FC1,Terry Archibald,8,basara,0,4,rama1,15,0,B14171BB
3EC66FC1,Terry Archibald,8,basara,0,4,rama2,18,0,2097421C
3EC66FC1,Terry Archibald,8,basara,0,4,rama2,22,0,84E41252
3EC66FC1,Terry Archibald,8,basara,0,4,rama2,25,0,B14171BB
3EC66FC1,Terry Archibald,8,basara,5,5,tronco,1,0,16D4E13E
3EC66FC1,Terry Archibald,8,basara,5,5,tronco,3,0,CC86396D
3EC66FC1,Terry Archibald,8,basara,5,5,rama1,8,0,D542546A
3EC66FC1,Terry Archibald,8,basara,5,5,rama1,12,0,9642721E
3EC66FC1,Terry Archibald,8,basara,5,5,rama1,15,0,4C2BAEB7
3EC66FC1,Terry Archibald,8,basara,5,5,rama2,18,0,D542546A
3EC66FC1,Terry Archibald,8,basara,5,5,rama2,22,0,9642721E
3EC66FC1,Terry Archibald,8,basara,5,5,rama2,25,0,4C2BAEB7
D234534B,Tezcat,7,propio,,0,tronco,1,0,1CAA9DE4
D234534B,Tezcat,7,propio,,0,tronco,3,0,D542546A
D234534B,Tezcat,7,propio,,0,tronco,7,0,1CAA9DE4
D234534B,Tezcat,7,propio,,0,tronco,11,0,84E41252
D234534B,Tezcat,7,propio,,0,tronco,14,0,B14171BB
E0188C12,Tezcat,8,basara,3,0,tronco,1,0,F5D99E99
E0188C12,Tezcat,8,basara,3,0,tronco,3,0,1CAA9DE4
E0188C12,Tezcat,8,basara,3,0,rama1,8,0,F9235A84
E0188C12,Tezcat,8,basara,3,0,rama1,12,0,47B73F79
E0188C12,Tezcat,8,basara,3,0,rama1,15,0,72125C90
E0188C12,Tezcat,8,basara,3,0,rama2,18,0,F9235A84
E0188C12,Tezcat,8,basara,3,0,rama2,22,0,47B73F79
E0188C12,Tezcat,8,basara,3,0,rama2,25,0,72125C90
E0188C12,Tezcat,8,basara,1,1,tronco,1,0,F5D99E99
E0188C12,Tezcat,8,basara,1,1,tronco,3,0,1CAA9DE4
E0188C12,Tezcat,8,basara,1,1,rama1,8,0,F9235A84
E0188C12,Tezcat,8,basara,1,1,rama1,12,0,CF6EEDEE
E0188C12,Tezcat,8,basara,1,1,rama1,15,0,595EEA99
E0188C12,Tezcat,8,basara,1,1,rama2,18,0,F9235A84
E0188C12,Tezcat,8,basara,1,1,rama2,22,0,CF6EEDEE
E0188C12,Tezcat,8,basara,1,1,rama2,25,0,595EEA99
E0188C12,Tezcat,8,basara,4,2,tronco,1,0,F5D99E99
E0188C12,Tezcat,8,basara,4,2,tronco,3,0,1CAA9DE4
E0188C12,Tezcat,8,basara,4,2,rama1,8,0,F9235A84
E0188C12,Tezcat,8,basara,4,2,rama1,12,0,41436E70
E0188C12,Tezcat,8,basara,4,2,rama1,15,0,32FAAE67
E0188C12,Tezcat,8,basara,4,2,rama2,18,0,F9235A84
E0188C12,Tezcat,8,basara,4,2,rama2,22,0,41436E70
E0188C12,Tezcat,8,basara,4,2,rama2,25,0,32FAAE67
E0188C12,Tezcat,8,basara,2,3,tronco,1,0,F5D99E99
E0188C12,Tezcat,8,basara,2,3,tronco,3,0,1CAA9DE4
E0188C12,Tezcat,8,basara,2,3,rama1,8,0,F9235A84
E0188C12,Tezcat,8,basara,2,3,rama1,12,0,186FF180
E0188C12,Tezcat,8,basara,2,3,rama1,15,0,C99ABCE7
E0188C12,Tezcat,8,basara,2,3,rama2,18,0,F9235A84
E0188C12,Tezcat,8,basara,2,3,rama2,22,0,186FF180
E0188C12,Tezcat,8,basara,2,3,rama2,25,0,C99ABCE7
E0188C12,Tezcat,8,basara,0,4,tronco,1,0,F5D99E99
E0188C12,Tezcat,8,basara,0,4,tronco,3,0,1CAA9DE4
E0188C12,Tezcat,8,basara,0,4,rama1,8,0,F9235A84
E0188C12,Tezcat,8,basara,0,4,rama1,12,0,84E41252
E0188C12,Tezcat,8,basara,0,4,rama1,15,0,B14171BB
E0188C12,Tezcat,8,basara,0,4,rama2,18,0,F9235A84
E0188C12,Tezcat,8,basara,0,4,rama2,22,0,84E41252
E0188C12,Tezcat,8,basara,0,4,rama2,25,0,B14171BB
E0188C12,Tezcat,8,basara,5,5,tronco,1,0,F5D99E99
E0188C12,Tezcat,8,basara,5,5,tronco,3,0,1CAA9DE4
E0188C12,Tezcat,8,basara,5,5,rama1,8,0,F9235A84
E0188C12,Tezcat,8,basara,5,5,rama1,12,0,9642721E
E0188C12,Tezcat,8,basara,5,5,rama1,15,0,4C2BAEB7
E0188C12,Tezcat,8,basara,5,5,rama2,18,0,F9235A84
E0188C12,Tezcat,8,basara,5,5,rama2,22,0,9642721E
E0188C12,Tezcat,8,basara,5,5,rama2,25,0,4C2BAEB7
E0188C12,Tezcat,8,propio,,0,tronco,1,0,9321DA68
E0188C12,Tezcat,8,propio,,0,tronco,3,0,E0981A7F
E0188C12,Tezcat,8,propio,,0,rama1,8,0,C642F034
E0188C12,Tezcat,8,propio,,0,rama1,12,0,E5849FF5
E0188C12,Tezcat,8,propio,,0,rama1,15,0,58F82E8B
E0188C12,Tezcat,8,propio,,0,rama2,18,0,6ED45544
E0188C12,Tezcat,8,propio,,0,rama2,22,0,E5849FF5
E0188C12,Tezcat,8,propio,,0,rama2,25,0,58F82E8B
FBFCE7B9,Tezcat,6,propio,,0,tronco,1,0,1CAA9DE4
FBFCE7B9,Tezcat,6,propio,,0,tronco,3,0,D542546A
FBFCE7B9,Tezcat,6,propio,,0,tronco,7,0,1CAA9DE4
FBFCE7B9,Tezcat,6,propio,,0,tronco,11,0,C99ABCE7
FBFCE7B9,Tezcat,6,propio,,0,tronco,14,0,186FF180
025029AD,Thierry Reyes,5,propio,,0,tronco,1,0,1CAA9DE4
025029AD,Thierry Reyes,5,propio,,0,tronco,3,0,E8A7749E
025029AD,Thierry Reyes,5,propio,,0,tronco,7,0,E8A7749E
025029AD,Thierry Reyes,5,propio,,0,tronco,11,0,47B73F79
025029AD,Thierry Reyes,5,propio,,0,tronco,14,0,72125C90
307CF6F4,Thierry Reyes,8,basara,3,0,tronco,1,0,16D4E13E
307CF6F4,Thierry Reyes,8,basara,3,0,tronco,3,0,CC86396D
307CF6F4,Thierry Reyes,8,basara,3,0,rama1,8,0,D542546A
307CF6F4,Thierry Reyes,8,basara,3,0,rama1,12,0,47B73F79
307CF6F4,Thierry Reyes,8,basara,3,0,rama1,15,0,72125C90
307CF6F4,Thierry Reyes,8,basara,3,0,rama2,18,0,D542546A
307CF6F4,Thierry Reyes,8,basara,3,0,rama2,22,0,47B73F79
307CF6F4,Thierry Reyes,8,basara,3,0,rama2,25,0,72125C90
307CF6F4,Thierry Reyes,8,basara,1,1,tronco,1,0,16D4E13E
307CF6F4,Thierry Reyes,8,basara,1,1,tronco,3,0,CC86396D
307CF6F4,Thierry Reyes,8,basara,1,1,rama1,8,0,D542546A
307CF6F4,Thierry Reyes,8,basara,1,1,rama1,12,0,CF6EEDEE
307CF6F4,Thierry Reyes,8,basara,1,1,rama1,15,0,595EEA99
307CF6F4,Thierry Reyes,8,basara,1,1,rama2,18,0,D542546A
307CF6F4,Thierry Reyes,8,basara,1,1,rama2,22,0,CF6EEDEE
307CF6F4,Thierry Reyes,8,basara,1,1,rama2,25,0,595EEA99
307CF6F4,Thierry Reyes,8,basara,4,2,tronco,1,0,16D4E13E
307CF6F4,Thierry Reyes,8,basara,4,2,tronco,3,0,CC86396D
307CF6F4,Thierry Reyes,8,basara,4,2,rama1,8,0,D542546A
307CF6F4,Thierry Reyes,8,basara,4,2,rama1,12,0,41436E70
307CF6F4,Thierry Reyes,8,basara,4,2,rama1,15,0,32FAAE67
307CF6F4,Thierry Reyes,8,basara,4,2,rama2,18,0,D542546A
307CF6F4,Thierry Reyes,8,basara,4,2,rama2,22,0,41436E70
307CF6F4,Thierry Reyes,8,basara,4,2,rama2,25,0,32FAAE67
307CF6F4,Thierry Reyes,8,basara,2,3,tronco,1,0,16D4E13E
307CF6F4,Thierry Reyes,8,basara,2,3,tronco,3,0,CC86396D
307CF6F4,Thierry Reyes,8,basara,2,3,rama1,8,0,D542546A
307CF6F4,Thierry Reyes,8,basara,2,3,rama1,12,0,186FF180
307CF6F4,Thierry Reyes,8,basara,2,3,rama1,15,0,C99ABCE7
307CF6F4,Thierry Reyes,8,basara,2,3,rama2,18,0,D542546A
307CF6F4,Thierry Reyes,8,basara,2,3,rama2,22,0,186FF180
307CF6F4,Thierry Reyes,8,basara,2,3,rama2,25,0,C99ABCE7
307CF6F4,Thierry Reyes,8,basara,0,4,tronco,1,0,16D4E13E
307CF6F4,Thierry Reyes,8,basara,0,4,tronco,3,0,CC86396D
307CF6F4,Thierry Reyes,8,basara,0,4,rama1,8,0,D542546A
307CF6F4,Thierry Reyes,8,basara,0,4,rama1,12,0,84E41252
307CF6F4,Thierry Reyes,8,basara,0,4,rama1,15,0,B14171BB
307CF6F4,Thierry Reyes,8,basara,0,4,rama2,18,0,D542546A
307CF6F4,Thierry Reyes,8,basara,0,4,rama2,22,0,84E41252
307CF6F4,Thierry Reyes,8,basara,0,4,rama2,25,0,B14171BB
307CF6F4,Thierry Reyes,8,basara,5,5,tronco,1,0,16D4E13E
307CF6F4,Thierry Reyes,8,basara,5,5,tronco,3,0,13E09DFC
307CF6F4,Thierry Reyes,8,basara,5,5,rama1,8,0,94734F73
307CF6F4,Thierry Reyes,8,basara,5,5,rama1,12,0,9642721E
307CF6F4,Thierry Reyes,8,basara,5,5,rama1,15,0,4C2BAEB7
307CF6F4,Thierry Reyes,8,basara,5,5,rama2,18,0,94734F73
307CF6F4,Thierry Reyes,8,basara,5,5,rama2,22,0,9642721E
307CF6F4,Thierry Reyes,8,basara,5,5,rama2,25,0,4C2BAEB7
85F00CCE,Thierry Reyes,7,propio,,0,tronco,1,0,1CAA9DE4
85F00CCE,Thierry Reyes,7,propio,,0,tronco,3,0,E8A7749E
85F00CCE,Thierry Reyes,7,propio,,0,tronco,7,0,E8A7749E
85F00CCE,Thierry Reyes,7,propio,,0,tronco,11,0,84E41252
85F00CCE,Thierry Reyes,7,propio,,0,tronco,14,0,B14171BB
D30FB7F5,Torch,7,propio,,0,tronco,1,0,1CAA9DE4
D30FB7F5,Torch,7,propio,,0,tronco,3,0,CBAB818A
D30FB7F5,Torch,7,propio,,0,tronco,7,0,1CAA9DE4
D30FB7F5,Torch,7,propio,,0,tronco,11,0,84E41252
D30FB7F5,Torch,7,propio,,0,tronco,14,0,B14171BB
E12368AC,Torch,8,basara,3,0,tronco,1,0,F5D99E99
E12368AC,Torch,8,basara,3,0,tronco,3,0,1CAA9DE4
E12368AC,Torch,8,basara,3,0,rama1,8,0,F9235A84
E12368AC,Torch,8,basara,3,0,rama1,12,0,47B73F79
E12368AC,Torch,8,basara,3,0,rama1,15,0,72125C90
E12368AC,Torch,8,basara,3,0,rama2,18,0,F9235A84
E12368AC,Torch,8,basara,3,0,rama2,22,0,47B73F79
E12368AC,Torch,8,basara,3,0,rama2,25,0,72125C90
E12368AC,Torch,8,basara,1,1,tronco,1,0,F5D99E99
E12368AC,Torch,8,basara,1,1,tronco,3,0,1CAA9DE4
E12368AC,Torch,8,basara,1,1,rama1,8,0,F9235A84
E12368AC,Torch,8,basara,1,1,rama1,12,0,CF6EEDEE
E12368AC,Torch,8,basara,1,1,rama1,15,0,595EEA99
E12368AC,Torch,8,basara,1,1,rama2,18,0,F9235A84
E12368AC,Torch,8,basara,1,1,rama2,22,0,CF6EEDEE
E12368AC,Torch,8,basara,1,1,rama2,25,0,595EEA99
E12368AC,Torch,8,basara,4,2,tronco,1,0,F5D99E99
E12368AC,Torch,8,basara,4,2,tronco,3,0,1CAA9DE4
E12368AC,Torch,8,basara,4,2,rama1,8,0,F9235A84
E12368AC,Torch,8,basara,4,2,rama1,12,0,41436E70
E12368AC,Torch,8,basara,4,2,rama1,15,0,32FAAE67
E12368AC,Torch,8,basara,4,2,rama2,18,0,F9235A84
E12368AC,Torch,8,basara,4,2,rama2,22,0,41436E70
E12368AC,Torch,8,basara,4,2,rama2,25,0,32FAAE67
E12368AC,Torch,8,basara,2,3,tronco,1,0,F5D99E99
E12368AC,Torch,8,basara,2,3,tronco,3,0,1CAA9DE4
E12368AC,Torch,8,basara,2,3,rama1,8,0,F9235A84
E12368AC,Torch,8,basara,2,3,rama1,12,0,186FF180
E12368AC,Torch,8,basara,2,3,rama1,15,0,C99ABCE7
E12368AC,Torch,8,basara,2,3,rama2,18,0,F9235A84
E12368AC,Torch,8,basara,2,3,rama2,22,0,186FF180
E12368AC,Torch,8,basara,2,3,rama2,25,0,C99ABCE7
E12368AC,Torch,8,basara,0,4,tronco,1,0,F5D99E99
E12368AC,Torch,8,basara,0,4,tronco,3,0,1CAA9DE4
E12368AC,Torch,8,basara,0,4,rama1,8,0,F9235A84
E12368AC,Torch,8,basara,0,4,rama1,12,0,84E41252
E12368AC,Torch,8,basara,0,4,rama1,15,0,B14171BB
E12368AC,Torch,8,basara,0,4,rama2,18,0,F9235A84
E12368AC,Torch,8,basara,0,4,rama2,22,0,84E41252
E12368AC,Torch,8,basara,0,4,rama2,25,0,B14171BB
E12368AC,Torch,8,basara,5,5,tronco,1,0,F5D99E99
E12368AC,Torch,8,basara,5,5,tronco,3,0,1CAA9DE4
E12368AC,Torch,8,basara,5,5,rama1,8,0,F9235A84
E12368AC,Torch,8,basara,5,5,rama1,12,0,9642721E
E12368AC,Torch,8,basara,5,5,rama1,15,0,4C2BAEB7
E12368AC,Torch,8,basara,5,5,rama2,18,0,F9235A84
E12368AC,Torch,8,basara,5,5,rama2,22,0,9642721E
E12368AC,Torch,8,basara,5,5,rama2,25,0,4C2BAEB7
FAC70307,Torch,5,propio,,0,tronco,1,0,1CAA9DE4
FAC70307,Torch,5,propio,,0,tronco,3,0,CBAB818A
FAC70307,Torch,5,propio,,0,tronco,7,0,1CAA9DE4
FAC70307,Torch,5,propio,,0,tronco,11,0,47B73F79
FAC70307,Torch,5,propio,,0,tronco,14,0,72125C90
C40C8017,Victor Blade,5,propio,,0,tronco,1,0,1CAA9DE4
C40C8017,Victor Blade,5,propio,,0,tronco,3,0,E9B407A5
C40C8017,Victor Blade,5,propio,,0,tronco,7,0,1CAA9DE4
C40C8017,Victor Blade,5,propio,,0,tronco,11,0,41436E70
C40C8017,Victor Blade,5,propio,,0,tronco,14,0,32FAAE67
EDC434E5,Victor Blade,6,propio,,0,tronco,1,0,1CAA9DE4
EDC434E5,Victor Blade,6,propio,,0,tronco,3,0,E9B407A5
EDC434E5,Victor Blade,6,propio,,0,tronco,7,0,1CAA9DE4
EDC434E5,Victor Blade,6,propio,,0,tronco,11,0,C99ABCE7
EDC434E5,Victor Blade,6,propio,,0,tronco,14,0,186FF180
F6205F4E,Victor Blade,8,basara,3,0,tronco,1,0,F5D99E99
F6205F4E,Victor Blade,8,basara,3,0,tronco,3,0,1CAA9DE4
F6205F4E,Victor Blade,8,basara,3,0,rama1,8,0,F9235A84
F6205F4E,Victor Blade,8,basara,3,0,rama1,12,0,47B73F79
F6205F4E,Victor Blade,8,basara,3,0,rama1,15,0,72125C90
F6205F4E,Victor Blade,8,basara,3,0,rama2,18,0,F9235A84
F6205F4E,Victor Blade,8,basara,3,0,rama2,22,0,47B73F79
F6205F4E,Victor Blade,8,basara,3,0,rama2,25,0,72125C90
F6205F4E,Victor Blade,8,basara,1,1,tronco,1,0,F5D99E99
F6205F4E,Victor Blade,8,basara,1,1,tronco,3,0,1CAA9DE4
F6205F4E,Victor Blade,8,basara,1,1,rama1,8,0,F9235A84
F6205F4E,Victor Blade,8,basara,1,1,rama1,12,0,CF6EEDEE
F6205F4E,Victor Blade,8,basara,1,1,rama1,15,0,595EEA99
F6205F4E,Victor Blade,8,basara,1,1,rama2,18,0,F9235A84
F6205F4E,Victor Blade,8,basara,1,1,rama2,22,0,CF6EEDEE
F6205F4E,Victor Blade,8,basara,1,1,rama2,25,0,595EEA99
F6205F4E,Victor Blade,8,basara,4,2,tronco,1,0,F5D99E99
F6205F4E,Victor Blade,8,basara,4,2,tronco,3,0,1CAA9DE4
F6205F4E,Victor Blade,8,basara,4,2,rama1,8,0,F9235A84
F6205F4E,Victor Blade,8,basara,4,2,rama1,12,0,41436E70
F6205F4E,Victor Blade,8,basara,4,2,rama1,15,0,32FAAE67
F6205F4E,Victor Blade,8,basara,4,2,rama2,18,0,F9235A84
F6205F4E,Victor Blade,8,basara,4,2,rama2,22,0,41436E70
F6205F4E,Victor Blade,8,basara,4,2,rama2,25,0,32FAAE67
F6205F4E,Victor Blade,8,basara,2,3,tronco,1,0,F5D99E99
F6205F4E,Victor Blade,8,basara,2,3,tronco,3,0,1CAA9DE4
F6205F4E,Victor Blade,8,basara,2,3,rama1,8,0,F9235A84
F6205F4E,Victor Blade,8,basara,2,3,rama1,12,0,186FF180
F6205F4E,Victor Blade,8,basara,2,3,rama1,15,0,C99ABCE7
F6205F4E,Victor Blade,8,basara,2,3,rama2,18,0,F9235A84
F6205F4E,Victor Blade,8,basara,2,3,rama2,22,0,186FF180
F6205F4E,Victor Blade,8,basara,2,3,rama2,25,0,C99ABCE7
F6205F4E,Victor Blade,8,basara,0,4,tronco,1,0,F5D99E99
F6205F4E,Victor Blade,8,basara,0,4,tronco,3,0,1CAA9DE4
F6205F4E,Victor Blade,8,basara,0,4,rama1,8,0,F9235A84
F6205F4E,Victor Blade,8,basara,0,4,rama1,12,0,84E41252
F6205F4E,Victor Blade,8,basara,0,4,rama1,15,0,B14171BB
F6205F4E,Victor Blade,8,basara,0,4,rama2,18,0,F9235A84
F6205F4E,Victor Blade,8,basara,0,4,rama2,22,0,84E41252
F6205F4E,Victor Blade,8,basara,0,4,rama2,25,0,B14171BB
F6205F4E,Victor Blade,8,basara,5,5,tronco,1,0,F5D99E99
F6205F4E,Victor Blade,8,basara,5,5,tronco,3,0,1CAA9DE4
F6205F4E,Victor Blade,8,basara,5,5,rama1,8,0,F9235A84
F6205F4E,Victor Blade,8,basara,5,5,rama1,12,0,9642721E
F6205F4E,Victor Blade,8,basara,5,5,rama1,15,0,4C2BAEB7
F6205F4E,Victor Blade,8,basara,5,5,rama2,18,0,F9235A84
F6205F4E,Victor Blade,8,basara,5,5,rama2,22,0,9642721E
F6205F4E,Victor Blade,8,basara,5,5,rama2,25,0,4C2BAEB7
F6205F4E,Victor Blade,8,propio,,0,tronco,1,0,9321DA68
F6205F4E,Victor Blade,8,propio,,0,tronco,3,0,E0981A7F
F6205F4E,Victor Blade,8,propio,,0,rama1,8,0,C642F034
F6205F4E,Victor Blade,8,propio,,0,rama1,12,0,E5849FF5
F6205F4E,Victor Blade,8,propio,,0,rama1,15,0,58F82E8B
F6205F4E,Victor Blade,8,propio,,0,rama2,18,0,6ED45544
F6205F4E,Victor Blade,8,propio,,0,rama2,22,0,E5849FF5
F6205F4E,Victor Blade,8,propio,,0,rama2,25,0,58F82E8B
13BE3226,Victorio Cryptix,7,propio,,0,tronco,1,0,1CAA9DE4
13BE3226,Victorio Cryptix,7,propio,,0,tronco,3,0,CBAB818A
13BE3226,Victorio Cryptix,7,propio,,0,tronco,7,0,1CAA9DE4
13BE3226,Victorio Cryptix,7,propio,,0,tronco,11,0,55EFC3B0
13BE3226,Victorio Cryptix,7,propio,,0,tronco,14,0,C3DFC4C7
BDD6A3B7,Victorio Cryptix,6,propio,,0,tronco,1,0,1CAA9DE4
BDD6A3B7,Victorio Cryptix,6,propio,,0,tronco,3,0,CBAB818A
BDD6A3B7,Victorio Cryptix,6,propio,,0,tronco,7,0,1CAA9DE4
BDD6A3B7,Victorio Cryptix,6,propio,,0,tronco,11,0,9642721E
BDD6A3B7,Victorio Cryptix,6,propio,,0,tronco,14,0,4C2BAEB7
0D4C419A,Xavier Schiller,5,propio,,0,tronco,1,0,1CAA9DE4
0D4C419A,Xavier Schiller,5,propio,,0,tronco,3,0,FD4F28EE
0D4C419A,Xavier Schiller,5,propio,,0,tronco,7,0,E9B407A5
0D4C419A,Xavier Schiller,5,propio,,0,tronco,11,0,41436E70
0D4C419A,Xavier Schiller,5,propio,,0,tronco,14,0,32FAAE67
2484F568,Xavier Schiller,6,propio,,0,tronco,1,0,1CAA9DE4
2484F568,Xavier Schiller,6,propio,,0,tronco,3,0,FD4F28EE
2484F568,Xavier Schiller,6,propio,,0,tronco,7,0,E9B407A5
2484F568,Xavier Schiller,6,propio,,0,tronco,11,0,C99ABCE7
2484F568,Xavier Schiller,6,propio,,0,tronco,14,0,186FF180
3F609EC3,Xavier Schiller,8,basara,3,0,tronco,1,0,F5D99E99
3F609EC3,Xavier Schiller,8,basara,3,0,tronco,3,0,1CAA9DE4
3F609EC3,Xavier Schiller,8,basara,3,0,rama1,8,0,F9235A84
3F609EC3,Xavier Schiller,8,basara,3,0,rama1,12,0,47B73F79
3F609EC3,Xavier Schiller,8,basara,3,0,rama1,15,0,72125C90
3F609EC3,Xavier Schiller,8,basara,3,0,rama2,18,0,F9235A84
3F609EC3,Xavier Schiller,8,basara,3,0,rama2,22,0,47B73F79
3F609EC3,Xavier Schiller,8,basara,3,0,rama2,25,0,72125C90
3F609EC3,Xavier Schiller,8,basara,1,1,tronco,1,0,F5D99E99
3F609EC3,Xavier Schiller,8,basara,1,1,tronco,3,0,1CAA9DE4
3F609EC3,Xavier Schiller,8,basara,1,1,rama1,8,0,F9235A84
3F609EC3,Xavier Schiller,8,basara,1,1,rama1,12,0,CF6EEDEE
3F609EC3,Xavier Schiller,8,basara,1,1,rama1,15,0,595EEA99
3F609EC3,Xavier Schiller,8,basara,1,1,rama2,18,0,F9235A84
3F609EC3,Xavier Schiller,8,basara,1,1,rama2,22,0,CF6EEDEE
3F609EC3,Xavier Schiller,8,basara,1,1,rama2,25,0,595EEA99
3F609EC3,Xavier Schiller,8,basara,4,2,tronco,1,0,F5D99E99
3F609EC3,Xavier Schiller,8,basara,4,2,tronco,3,0,1CAA9DE4
3F609EC3,Xavier Schiller,8,basara,4,2,rama1,8,0,F9235A84
3F609EC3,Xavier Schiller,8,basara,4,2,rama1,12,0,41436E70
3F609EC3,Xavier Schiller,8,basara,4,2,rama1,15,0,32FAAE67
3F609EC3,Xavier Schiller,8,basara,4,2,rama2,18,0,F9235A84
3F609EC3,Xavier Schiller,8,basara,4,2,rama2,22,0,41436E70
3F609EC3,Xavier Schiller,8,basara,4,2,rama2,25,0,32FAAE67
3F609EC3,Xavier Schiller,8,basara,2,3,tronco,1,0,F5D99E99
3F609EC3,Xavier Schiller,8,basara,2,3,tronco,3,0,1CAA9DE4
3F609EC3,Xavier Schiller,8,basara,2,3,rama1,8,0,F9235A84
3F609EC3,Xavier Schiller,8,basara,2,3,rama1,12,0,186FF180
3F609EC3,Xavier Schiller,8,basara,2,3,rama1,15,0,C99ABCE7
3F609EC3,Xavier Schiller,8,basara,2,3,rama2,18,0,F9235A84
3F609EC3,Xavier Schiller,8,basara,2,3,rama2,22,0,186FF180
3F609EC3,Xavier Schiller,8,basara,2,3,rama2,25,0,C99ABCE7
3F609EC3,Xavier Schiller,8,basara,0,4,tronco,1,0,F5D99E99
3F609EC3,Xavier Schiller,8,basara,0,4,tronco,3,0,1CAA9DE4
3F609EC3,Xavier Schiller,8,basara,0,4,rama1,8,0,F9235A84
3F609EC3,Xavier Schiller,8,basara,0,4,rama1,12,0,84E41252
3F609EC3,Xavier Schiller,8,basara,0,4,rama1,15,0,B14171BB
3F609EC3,Xavier Schiller,8,basara,0,4,rama2,18,0,F9235A84
3F609EC3,Xavier Schiller,8,basara,0,4,rama2,22,0,84E41252
3F609EC3,Xavier Schiller,8,basara,0,4,rama2,25,0,B14171BB
3F609EC3,Xavier Schiller,8,basara,5,5,tronco,1,0,1AF12A5C
3F609EC3,Xavier Schiller,8,basara,5,5,tronco,3,0,16D4E13E
3F609EC3,Xavier Schiller,8,basara,5,5,rama1,8,0,CBAB818A
3F609EC3,Xavier Schiller,8,basara,5,5,rama1,12,0,9642721E
3F609EC3,Xavier Schiller,8,basara,5,5,rama1,15,0,4C2BAEB7
3F609EC3,Xavier Schiller,8,basara,5,5,rama2,18,0,CBAB818A
3F609EC3,Xavier Schiller,8,basara,5,5,rama2,22,0,9642721E
3F609EC3,Xavier Schiller,8,basara,5,5,rama2,25,0,4C2BAEB7
499EC7EC,Xene,8,basara,3,0,tronco,1,0,F5D99E99
499EC7EC,Xene,8,basara,3,0,tronco,3,0,1CAA9DE4
499EC7EC,Xene,8,basara,3,0,rama1,8,0,F9235A84
499EC7EC,Xene,8,basara,3,0,rama1,12,0,47B73F79
499EC7EC,Xene,8,basara,3,0,rama1,15,0,72125C90
499EC7EC,Xene,8,basara,3,0,rama2,18,0,F9235A84
499EC7EC,Xene,8,basara,3,0,rama2,22,0,47B73F79
499EC7EC,Xene,8,basara,3,0,rama2,25,0,72125C90
499EC7EC,Xene,8,basara,1,1,tronco,1,0,F5D99E99
499EC7EC,Xene,8,basara,1,1,tronco,3,0,1CAA9DE4
499EC7EC,Xene,8,basara,1,1,rama1,8,0,F9235A84
499EC7EC,Xene,8,basara,1,1,rama1,12,0,CF6EEDEE
499EC7EC,Xene,8,basara,1,1,rama1,15,0,595EEA99
499EC7EC,Xene,8,basara,1,1,rama2,18,0,F9235A84
499EC7EC,Xene,8,basara,1,1,rama2,22,0,CF6EEDEE
499EC7EC,Xene,8,basara,1,1,rama2,25,0,595EEA99
499EC7EC,Xene,8,basara,4,2,tronco,1,0,F5D99E99
499EC7EC,Xene,8,basara,4,2,tronco,3,0,1CAA9DE4
499EC7EC,Xene,8,basara,4,2,rama1,8,0,F9235A84
499EC7EC,Xene,8,basara,4,2,rama1,12,0,41436E70
499EC7EC,Xene,8,basara,4,2,rama1,15,0,32FAAE67
499EC7EC,Xene,8,basara,4,2,rama2,18,0,F9235A84
499EC7EC,Xene,8,basara,4,2,rama2,22,0,41436E70
499EC7EC,Xene,8,basara,4,2,rama2,25,0,32FAAE67
499EC7EC,Xene,8,basara,2,3,tronco,1,0,F5D99E99
499EC7EC,Xene,8,basara,2,3,tronco,3,0,1CAA9DE4
499EC7EC,Xene,8,basara,2,3,rama1,8,0,F9235A84
499EC7EC,Xene,8,basara,2,3,rama1,12,0,186FF180
499EC7EC,Xene,8,basara,2,3,rama1,15,0,C99ABCE7
499EC7EC,Xene,8,basara,2,3,rama2,18,0,F9235A84
499EC7EC,Xene,8,basara,2,3,rama2,22,0,186FF180
499EC7EC,Xene,8,basara,2,3,rama2,25,0,C99ABCE7
499EC7EC,Xene,8,basara,0,4,tronco,1,0,F5D99E99
499EC7EC,Xene,8,basara,0,4,tronco,3,0,1CAA9DE4
499EC7EC,Xene,8,basara,0,4,rama1,8,0,F9235A84
499EC7EC,Xene,8,basara,0,4,rama1,12,0,84E41252
499EC7EC,Xene,8,basara,0,4,rama1,15,0,B14171BB
499EC7EC,Xene,8,basara,0,4,rama2,18,0,F9235A84
499EC7EC,Xene,8,basara,0,4,rama2,22,0,84E41252
499EC7EC,Xene,8,basara,0,4,rama2,25,0,B14171BB
499EC7EC,Xene,8,basara,5,5,tronco,1,0,F5D99E99
499EC7EC,Xene,8,basara,5,5,tronco,3,0,1CAA9DE4
499EC7EC,Xene,8,basara,5,5,rama1,8,0,F9235A84
499EC7EC,Xene,8,basara,5,5,rama1,12,0,9642721E
499EC7EC,Xene,8,basara,5,5,rama1,15,0,4C2BAEB7
499EC7EC,Xene,8,basara,5,5,rama2,18,0,F9235A84
499EC7EC,Xene,8,basara,5,5,rama2,22,0,9642721E
499EC7EC,Xene,8,basara,5,5,rama2,25,0,4C2BAEB7
499EC7EC,Xene,8,propio,,0,tronco,1,0,9321DA68
499EC7EC,Xene,8,propio,,0,tronco,3,0,E0981A7F
499EC7EC,Xene,8,propio,,0,rama1,8,0,C642F034
499EC7EC,Xene,8,propio,,0,rama1,12,0,E5849FF5
499EC7EC,Xene,8,propio,,0,rama1,15,0,58F82E8B
499EC7EC,Xene,8,propio,,0,rama2,18,0,6ED45544
499EC7EC,Xene,8,propio,,0,rama2,22,0,E5849FF5
499EC7EC,Xene,8,propio,,0,rama2,25,0,58F82E8B
527AAC47,Xene,5,propio,,0,tronco,1,0,1CAA9DE4
527AAC47,Xene,5,propio,,0,tronco,3,0,F5D99E99
527AAC47,Xene,5,propio,,0,tronco,7,0,8A9A9A93
527AAC47,Xene,5,propio,,0,tronco,11,0,41436E70
527AAC47,Xene,5,propio,,0,tronco,14,0,32FAAE67
7BB218B5,Xene,6,propio,,0,tronco,1,0,1CAA9DE4
7BB218B5,Xene,6,propio,,0,tronco,3,0,F5D99E99
7BB218B5,Xene,6,propio,,0,tronco,7,0,1CAA9DE4
7BB218B5,Xene,6,propio,,0,tronco,11,0,9642721E
7BB218B5,Xene,6,propio,,0,tronco,14,0,4C2BAEB7
8EC6A388,Zanark Avalonic,7,propio,,0,tronco,1,0,8A9A9A93
8EC6A388,Zanark Avalonic,7,propio,,0,tronco,3,0,8A9A9A93
8EC6A388,Zanark Avalonic,7,propio,,0,tronco,7,0,1CAA9DE4
8EC6A388,Zanark Avalonic,7,propio,,0,tronco,11,0,CF6EEDEE
8EC6A388,Zanark Avalonic,7,propio,,0,tronco,14,0,595EEA99
9522C823,Zanark Avalonic,8,basara,3,0,tronco,1,0,F5D99E99
9522C823,Zanark Avalonic,8,basara,3,0,tronco,3,0,1CAA9DE4
9522C823,Zanark Avalonic,8,basara,3,0,rama1,8,0,F9235A84
9522C823,Zanark Avalonic,8,basara,3,0,rama1,12,0,47B73F79
9522C823,Zanark Avalonic,8,basara,3,0,rama1,15,0,72125C90
9522C823,Zanark Avalonic,8,basara,3,0,rama2,18,0,F9235A84
9522C823,Zanark Avalonic,8,basara,3,0,rama2,22,0,47B73F79
9522C823,Zanark Avalonic,8,basara,3,0,rama2,25,0,72125C90
9522C823,Zanark Avalonic,8,basara,1,1,tronco,1,0,F5D99E99
9522C823,Zanark Avalonic,8,basara,1,1,tronco,3,0,1CAA9DE4
9522C823,Zanark Avalonic,8,basara,1,1,rama1,8,0,F9235A84
9522C823,Zanark Avalonic,8,basara,1,1,rama1,12,0,CF6EEDEE
9522C823,Zanark Avalonic,8,basara,1,1,rama1,15,0,595EEA99
9522C823,Zanark Avalonic,8,basara,1,1,rama2,18,0,F9235A84
9522C823,Zanark Avalonic,8,basara,1,1,rama2,22,0,CF6EEDEE
9522C823,Zanark Avalonic,8,basara,1,1,rama2,25,0,595EEA99
9522C823,Zanark Avalonic,8,basara,4,2,tronco,1,0,F5D99E99
9522C823,Zanark Avalonic,8,basara,4,2,tronco,3,0,1CAA9DE4
9522C823,Zanark Avalonic,8,basara,4,2,rama1,8,0,F9235A84
9522C823,Zanark Avalonic,8,basara,4,2,rama1,12,0,41436E70
9522C823,Zanark Avalonic,8,basara,4,2,rama1,15,0,32FAAE67
9522C823,Zanark Avalonic,8,basara,4,2,rama2,18,0,F9235A84
9522C823,Zanark Avalonic,8,basara,4,2,rama2,22,0,41436E70
9522C823,Zanark Avalonic,8,basara,4,2,rama2,25,0,32FAAE67
9522C823,Zanark Avalonic,8,basara,2,3,tronco,1,0,F5D99E99
9522C823,Zanark Avalonic,8,basara,2,3,tronco,3,0,1CAA9DE4
9522C823,Zanark Avalonic,8,basara,2,3,rama1,8,0,F9235A84
9522C823,Zanark Avalonic,8,basara,2,3,rama1,12,0,186FF180
9522C823,Zanark Avalonic,8,basara,2,3,rama1,15,0,C99ABCE7
9522C823,Zanark Avalonic,8,basara,2,3,rama2,18,0,F9235A84
9522C823,Zanark Avalonic,8,basara,2,3,rama2,22,0,186FF180
9522C823,Zanark Avalonic,8,basara,2,3,rama2,25,0,C99ABCE7
9522C823,Zanark Avalonic,8,basara,0,4,tronco,1,0,F5D99E99
9522C823,Zanark Avalonic,8,basara,0,4,tronco,3,0,1CAA9DE4
9522C823,Zanark Avalonic,8,basara,0,4,rama1,8,0,F9235A84
9522C823,Zanark Avalonic,8,basara,0,4,rama1,12,0,84E41252
9522C823,Zanark Avalonic,8,basara,0,4,rama1,15,0,B14171BB
9522C823,Zanark Avalonic,8,basara,0,4,rama2,18,0,F9235A84
9522C823,Zanark Avalonic,8,basara,0,4,rama2,22,0,84E41252
9522C823,Zanark Avalonic,8,basara,0,4,rama2,25,0,B14171BB
9522C823,Zanark Avalonic,8,basara,5,5,tronco,1,0,F5D99E99
9522C823,Zanark Avalonic,8,basara,5,5,tronco,3,0,1CAA9DE4
9522C823,Zanark Avalonic,8,basara,5,5,rama1,8,0,F9235A84
9522C823,Zanark Avalonic,8,basara,5,5,rama1,12,0,9642721E
9522C823,Zanark Avalonic,8,basara,5,5,rama1,15,0,4C2BAEB7
9522C823,Zanark Avalonic,8,basara,5,5,rama2,18,0,F9235A84
9522C823,Zanark Avalonic,8,basara,5,5,rama2,22,0,9642721E
9522C823,Zanark Avalonic,8,basara,5,5,rama2,25,0,4C2BAEB7
9522C823,Zanark Avalonic,8,propio,,0,tronco,1,0,9321DA68
9522C823,Zanark Avalonic,8,propio,,0,tronco,3,0,E0981A7F
9522C823,Zanark Avalonic,8,propio,,0,rama1,8,0,C642F034
9522C823,Zanark Avalonic,8,propio,,0,rama1,12,0,E5849FF5
9522C823,Zanark Avalonic,8,propio,,0,rama1,15,0,58F82E8B
9522C823,Zanark Avalonic,8,propio,,0,rama2,18,0,6ED45544
9522C823,Zanark Avalonic,8,propio,,0,rama2,22,0,E5849FF5
9522C823,Zanark Avalonic,8,propio,,0,rama2,25,0,58F82E8B
A70E177A,Zanark Avalonic,5,propio,,0,tronco,1,0,8A9A9A93
A70E177A,Zanark Avalonic,5,propio,,0,tronco,3,0,8A9A9A93
A70E177A,Zanark Avalonic,5,propio,,0,tronco,7,0,1CAA9DE4
A70E177A,Zanark Avalonic,5,propio,,0,tronco,11,0,41436E70
A70E177A,Zanark Avalonic,5,propio,,0,tronco,14,0,32FAAE67
