# Las pasivas de cada tablero de habilidades del juego, por casilla (NOTAS O-169).
# tablero = la clave que la partida guarda por jugador en 0xBAFA8DBD; pasiva_id como en la partida.
# Lo genera herramientas/construir_tableros.py.
tablero,casillas,tramo,casilla,nivel,pasiva_id
8806B4C4,28,tronco,1,0,F8FEB783
8806B4C4,28,tronco,3,0,42AFBE1A
8806B4C4,28,tronco,5,0,7ADB70BE
8806B4C4,28,tronco,6,0,C08A7927
8806B4C4,28,rama1,8,0,D49FB96D
8806B4C4,28,rama1,10,0,56BA7E50
8806B4C4,28,rama1,12,0,770ADDF3
8806B4C4,28,rama1,14,0,F52F1ACE
8806B4C4,28,rama1,15,0,E13ADA84
8806B4C4,28,rama1,16,0,631F1DB9
8806B4C4,28,rama2,18,0,D49FB96D
8806B4C4,28,rama2,20,0,D94E1420
8806B4C4,28,rama2,22,0,770ADDF3
8806B4C4,28,rama2,24,0,4F7E1357
8806B4C4,28,rama2,25,0,E13ADA84
8806B4C4,28,rama2,26,0,DE63ACC7
9B593C21,53,tronco,7,0,F4CA2B3A
9B593C21,53,rama1,9,0,D8AB25D4
9B593C21,53,rama1,12,0,575F4FA4
9B593C21,53,rama1,14,0,5072F743
9B593C21,53,rama1,15,0,C642F034
9B593C21,53,rama2,18,0,0FAA39BA
9B593C21,53,rama2,20,0,3A0F5A53
9B593C21,53,rama2,23,0,805E53CA
9B593C21,53,rama2,24,0,1143EC5A
9B593C21,53,rama2,26,0,E0981A7F
9B593C21,53,rama2,27,0,76A81D08
9B593C21,53,rama2,30,0,F95C7778
9B593C21,53,rama2,32,0,D53D7996
9B593C21,53,rama2,33,0,430D7EE1
9B593C21,53,rama2,36,0,A1A90166
9B593C21,53,rama2,37,0,37990611
9B593C21,53,rama2,38,0,8DC80F88
9B593C21,53,rama2,40,0,B86D6C61
9B593C21,53,rama2,42,0,940C628F
9B593C21,53,rama2,43,0,023C65F8
9B593C21,53,rama2,44,0,9321DA68
9B593C21,53,rama2,47,0,F00F475E
9B593C21,53,rama2,48,0,4A5E4EC7
9B593C21,53,rama2,50,0,7FFB2D2E
9B593C21,53,rama2,52,0,539A23C0
02506D9B,76,tronco,4,0,C5AA24B7
02506D9B,76,tronco,7,0,E0981A7F
02506D9B,76,rama1,10,0,C642F034
02506D9B,76,rama1,15,0,1EE48D75
02506D9B,76,rama2,19,0,54B79B27
02506D9B,76,rama2,20,0,1143EC5A
02506D9B,76,rama2,22,0,CEC829FC
02506D9B,76,rama2,27,0,5FD5966C
02506D9B,76,rama2,28,0,E9CB2A59
02506D9B,76,rama2,30,0,539A23C0
02506D9B,76,rama2,33,0,23CB3754
02506D9B,76,rama2,34,0,575F4FA4
02506D9B,76,rama2,36,0,8FF932E5
02506D9B,76,rama2,40,0,1EE48D75
02506D9B,76,rama2,43,0,430D7EE1
02506D9B,76,rama2,45,0,C642F034
02506D9B,76,rama2,46,0,CEC829FC
02506D9B,76,rama2,52,0,5FD5966C
02506D9B,76,rama2,53,0,5FD5966C
4D40FEF8,51,tronco,2,0,F4CA2B3A
4D40FEF8,51,tronco,6,0,166E54BD
4D40FEF8,51,rama1,10,0,7FFB2D2E
4D40FEF8,51,rama1,12,0,023C65F8
4D40FEF8,51,rama2,18,0,E5849FF5
4D40FEF8,51,rama2,19,0,8FF932E5
4D40FEF8,51,rama2,23,0,5FD5966C
4D40FEF8,51,rama2,27,0,23CB3754
4D40FEF8,51,rama2,31,0,D210C171
4D40FEF8,51,rama2,33,0,A1A90166
4D40FEF8,51,rama2,38,0,97E4B60C
4D40FEF8,51,rama2,42,0,2B41EE9C
4D40FEF8,51,rama2,44,0,01D4B17B
EFCEEC2F,51,tronco,2,0,7B3E414A
EFCEEC2F,51,tronco,6,0,1143EC5A
EFCEEC2F,51,rama1,10,0,7FFB2D2E
EFCEEC2F,51,rama1,12,0,023C65F8
EFCEEC2F,51,rama2,18,0,88D48A02
EFCEEC2F,51,rama2,19,0,1586803E
EFCEEC2F,51,rama2,23,0,5590EE4C
EFCEEC2F,51,rama2,27,0,23CB3754
EFCEEC2F,51,rama2,31,0,D210C171
EFCEEC2F,51,rama2,33,0,A1A90166
EFCEEC2F,51,rama2,38,0,0B6F55DE
EFCEEC2F,51,rama2,42,0,A8FA3140
EFCEEC2F,51,rama2,44,0,1EE48D75
C40407C1,51,tronco,2,0,8773EB2D
C40407C1,51,tronco,6,0,CCF91491
C40407C1,51,rama1,10,0,7FFB2D2E
C40407C1,51,rama1,12,0,23CB3754
C40407C1,51,rama2,18,0,12AB38D9
C40407C1,51,rama2,19,0,FD991B1C
C40407C1,51,rama2,23,0,9D5F52A9
C40407C1,51,rama2,27,0,23CB3754
C40407C1,51,rama2,31,0,D210C171
C40407C1,51,rama2,33,0,A1A90166
C40407C1,51,rama2,38,0,CEC829FC
C40407C1,51,rama2,42,0,2B41EE9C
C40407C1,51,rama2,44,0,5590EE4C
9C8245B1,51,tronco,2,0,6F6C700F
9C8245B1,51,tronco,6,0,D53D7996
9C8245B1,51,rama1,10,0,7FFB2D2E
9C8245B1,51,rama1,12,0,DC6E49B0
9C8245B1,51,rama2,18,0,D6D5AD15
9C8245B1,51,rama2,19,0,FD991B1C
9C8245B1,51,rama2,23,0,2A980772
9C8245B1,51,rama2,27,0,23CB3754
9C8245B1,51,rama2,31,0,D210C171
9C8245B1,51,rama2,33,0,A1A90166
9C8245B1,51,rama2,38,0,9110E705
9C8245B1,51,rama2,42,0,19C93592
9C8245B1,51,rama2,44,0,FC40F2F2
D6B1A82F,51,tronco,2,0,430D7EE1
D6B1A82F,51,tronco,6,0,CCF91491
D6B1A82F,51,rama1,10,0,7FFB2D2E
D6B1A82F,51,rama1,12,0,23CB3754
D6B1A82F,51,rama2,18,0,12AB38D9
D6B1A82F,51,rama2,19,0,A56C6D02
D6B1A82F,51,rama2,23,0,9D5F52A9
D6B1A82F,51,rama2,27,0,4420C606
D6B1A82F,51,rama2,31,0,D210C171
D6B1A82F,51,rama2,33,0,A1A90166
D6B1A82F,51,rama2,38,0,90C90EEB
D6B1A82F,51,rama2,42,0,40E5AA62
D6B1A82F,51,rama2,44,0,5590EE4C
5FF55116,51,tronco,2,0,2E5D6B16
5FF55116,51,tronco,6,0,CCF91491
5FF55116,51,rama1,10,0,7FFB2D2E
5FF55116,51,rama1,12,0,23CB3754
5FF55116,51,rama2,18,0,12AB38D9
5FF55116,51,rama2,19,0,97E4B60C
5FF55116,51,rama2,23,0,83B68749
5FF55116,51,rama2,27,0,A1A90166
5FF55116,51,rama2,31,0,575F4FA4
5FF55116,51,rama2,33,0,A1A90166
5FF55116,51,rama2,38,0,4611FB6B
5FF55116,51,rama2,42,0,FC40F2F2
5FF55116,51,rama2,44,0,9D5F52A9
8E37EA5F,51,tronco,2,0,37990611
8E37EA5F,51,tronco,6,0,CCF91491
8E37EA5F,51,rama1,10,0,7FFB2D2E
8E37EA5F,51,rama1,12,0,23CB3754
8E37EA5F,51,rama2,18,0,D6D5AD15
8E37EA5F,51,rama2,19,0,0720E072
8E37EA5F,51,rama2,23,0,1F3D649B
8E37EA5F,51,rama2,27,0,D53D7996
8E37EA5F,51,rama2,31,0,7B3E414A
8E37EA5F,51,rama2,33,0,A1A90166
8E37EA5F,51,rama2,38,0,CEC829FC
8E37EA5F,51,rama2,42,0,58F82E8B
8E37EA5F,51,rama2,44,0,06F9099C
FD7B43C1,51,tronco,2,0,37990611
FD7B43C1,51,tronco,6,0,CCF91491
FD7B43C1,51,rama1,10,0,7FFB2D2E
FD7B43C1,51,rama1,12,0,23CB3754
FD7B43C1,51,rama2,18,0,D6D5AD15
FD7B43C1,51,rama2,19,0,0720E072
FD7B43C1,51,rama2,23,0,1F3D649B
FD7B43C1,51,rama2,27,0,D53D7996
FD7B43C1,51,rama2,31,0,7B3E414A
FD7B43C1,51,rama2,33,0,A1A90166
FD7B43C1,51,rama2,38,0,CEC829FC
FD7B43C1,51,rama2,42,0,58F82E8B
FD7B43C1,51,rama2,44,0,06F9099C
FD893B04,67,tronco,3,0,ED0E463D
FD893B04,67,rama1,8,0,4420C606
FD893B04,67,rama1,11,0,5AC913E6
FD893B04,67,rama1,14,0,B86D6C61
FD893B04,67,rama1,16,0,D1F815F2
FD893B04,67,rama2,18,0,9D5F52A9
FD893B04,67,rama2,19,0,5E0C7F82
FD893B04,67,rama2,21,0,2E5D6B16
FD893B04,67,rama2,22,0,4E9B22A3
FD893B04,67,rama2,27,0,1BF808FF
FD893B04,67,rama2,30,0,F00F475E
FD893B04,67,rama2,33,0,5AC913E6
FD893B04,67,rama2,36,0,8DC80F88
FD893B04,67,rama2,38,0,1586803E
FD893B04,67,rama2,40,0,849B3FAE
FD893B04,67,rama2,41,0,6BA91C6B
FD893B04,67,rama2,42,0,FD991B1C
FD893B04,67,rama2,44,0,83B68749
FD893B04,67,rama2,45,0,726D716C
D643D0EA,67,tronco,2,0,3A0F5A53
D643D0EA,67,rama1,8,0,1143EC5A
D643D0EA,67,rama1,11,0,3A0F5A53
D643D0EA,67,rama1,14,0,7FFB2D2E
D643D0EA,67,rama1,16,0,D1F815F2
D643D0EA,67,rama2,18,0,9D5F52A9
D643D0EA,67,rama2,19,0,5E0C7F82
D643D0EA,67,rama2,21,0,1BF808FF
D643D0EA,67,rama2,27,0,1BF808FF
D643D0EA,67,rama2,30,0,F00F475E
D643D0EA,67,rama2,33,0,5AC913E6
D643D0EA,67,rama2,36,0,8DC80F88
D643D0EA,67,rama2,38,0,3ECA3637
D643D0EA,67,rama2,40,0,849B3FAE
D643D0EA,67,rama2,41,0,47C81285
D643D0EA,67,rama2,42,0,C83C78F5
D643D0EA,67,rama2,44,0,726D716C
D643D0EA,67,rama2,45,0,849B3FAE
74CDC23D,67,tronco,3,0,5AC913E6
74CDC23D,67,rama1,8,0,F95C7778
74CDC23D,67,rama1,11,0,5AC913E6
74CDC23D,67,rama1,14,0,575F4FA4
74CDC23D,67,rama1,16,0,97E4B60C
74CDC23D,67,rama2,18,0,5E0C7F82
74CDC23D,67,rama2,19,0,D021FC1C
74CDC23D,67,rama2,21,0,2E5D6B16
74CDC23D,67,rama2,22,0,4E9B22A3
74CDC23D,67,rama2,27,0,1BF808FF
74CDC23D,67,rama2,30,0,F00F475E
74CDC23D,67,rama2,33,0,5AC913E6
74CDC23D,67,rama2,36,0,8DC80F88
74CDC23D,67,rama2,38,0,4611FB6B
74CDC23D,67,rama2,40,0,FC40F2F2
74CDC23D,67,rama2,41,0,5E0C7F82
74CDC23D,67,rama2,42,0,E45D761B
74CDC23D,67,rama2,44,0,01D4B17B
74CDC23D,67,rama2,45,0,5E0C7F82
A50F7974,67,tronco,3,0,6F6C700F
A50F7974,67,rama1,8,0,F95C7778
A50F7974,67,rama1,11,0,8773EB2D
A50F7974,67,rama1,14,0,3A0F5A53
A50F7974,67,rama1,16,0,88D48A02
A50F7974,67,rama2,18,0,5E0C7F82
A50F7974,67,rama2,19,0,3285839B
A50F7974,67,rama2,21,0,A1A90166
A50F7974,67,rama2,22,0,ED0E463D
A50F7974,67,rama2,27,0,1BF808FF
A50F7974,67,rama2,30,0,F00F475E
A50F7974,67,rama2,33,0,5AC913E6
A50F7974,67,rama2,36,0,8DC80F88
A50F7974,67,rama2,38,0,4611FB6B
A50F7974,67,rama2,40,0,73B49882
A50F7974,67,rama2,41,0,5E0C7F82
A50F7974,67,rama2,42,0,E45D761B
A50F7974,67,rama2,44,0,01D4B17B
A50F7974,67,rama2,45,0,5E0C7F82
EF3C94EA,67,tronco,3,0,ED0E463D
EF3C94EA,67,rama1,8,0,4420C606
EF3C94EA,67,rama1,11,0,5AC913E6
EF3C94EA,67,rama1,14,0,B86D6C61
EF3C94EA,67,rama1,16,0,88D48A02
EF3C94EA,67,rama2,18,0,9D5F52A9
EF3C94EA,67,rama2,19,0,1EE48D75
EF3C94EA,67,rama2,21,0,2E5D6B16
EF3C94EA,67,rama2,22,0,8773EB2D
EF3C94EA,67,rama2,27,0,1BF808FF
EF3C94EA,67,rama2,30,0,F00F475E
EF3C94EA,67,rama2,33,0,E0981A7F
EF3C94EA,67,rama2,36,0,C642F034
EF3C94EA,67,rama2,38,0,1586803E
EF3C94EA,67,rama2,40,0,849B3FAE
EF3C94EA,67,rama2,41,0,5590EE4C
EF3C94EA,67,rama2,42,0,8FF932E5
EF3C94EA,67,rama2,44,0,83B68749
EF3C94EA,67,rama2,45,0,5590EE4C
66786DD3,67,rama1,8,0,1143EC5A
66786DD3,67,rama1,11,0,3A0F5A53
66786DD3,67,rama1,14,0,7FFB2D2E
66786DD3,67,rama1,16,0,D1F815F2
66786DD3,67,rama2,18,0,9D5F52A9
66786DD3,67,rama2,19,0,5E0C7F82
66786DD3,67,rama2,21,0,1BF808FF
66786DD3,67,rama2,22,0,76A81D08
66786DD3,67,rama2,27,0,1BF808FF
66786DD3,67,rama2,30,0,F00F475E
66786DD3,67,rama2,33,0,CCF91491
66786DD3,67,rama2,36,0,B5FB3023
66786DD3,67,rama2,38,0,3ECA3637
66786DD3,67,rama2,40,0,849B3FAE
66786DD3,67,rama2,41,0,47C81285
66786DD3,67,rama2,42,0,D1F815F2
66786DD3,67,rama2,44,0,726D716C
66786DD3,67,rama2,45,0,6BA91C6B
B7BAD69A,67,tronco,3,0,5AC913E6
B7BAD69A,67,rama1,8,0,F95C7778
B7BAD69A,67,rama1,11,0,5AC913E6
B7BAD69A,67,rama1,14,0,575F4FA4
B7BAD69A,67,rama1,16,0,97E4B60C
B7BAD69A,67,rama2,18,0,5E0C7F82
B7BAD69A,67,rama2,19,0,D021FC1C
B7BAD69A,67,rama2,21,0,2E5D6B16
B7BAD69A,67,rama2,22,0,6F6C700F
B7BAD69A,67,rama2,27,0,1BF808FF
B7BAD69A,67,rama2,30,0,F00F475E
B7BAD69A,67,rama2,33,0,D53D7996
B7BAD69A,67,rama2,36,0,1143EC5A
B7BAD69A,67,rama2,38,0,4611FB6B
B7BAD69A,67,rama2,40,0,FC40F2F2
B7BAD69A,67,rama2,41,0,5E0C7F82
B7BAD69A,67,rama2,42,0,E45D761B
B7BAD69A,67,rama2,44,0,01D4B17B
B7BAD69A,67,rama2,45,0,5E0C7F82
C4F67F04,67,tronco,3,0,ED0E463D
C4F67F04,67,rama1,8,0,4420C606
C4F67F04,67,rama1,11,0,5AC913E6
C4F67F04,67,rama1,14,0,B86D6C61
C4F67F04,67,rama1,16,0,D1F815F2
C4F67F04,67,rama2,18,0,9D5F52A9
C4F67F04,67,rama2,19,0,5E0C7F82
C4F67F04,67,rama2,21,0,2E5D6B16
C4F67F04,67,rama2,22,0,7B3E414A
C4F67F04,67,rama2,27,0,1BF808FF
C4F67F04,67,rama2,30,0,F00F475E
C4F67F04,67,rama2,33,0,1143EC5A
C4F67F04,67,rama2,36,0,5072F743
C4F67F04,67,rama2,38,0,1586803E
C4F67F04,67,rama2,40,0,849B3FAE
C4F67F04,67,rama2,41,0,6BA91C6B
C4F67F04,67,rama2,42,0,FD991B1C
C4F67F04,67,rama2,44,0,83B68749
C4F67F04,67,rama2,45,0,726D716C
63B6D67E,57,tronco,7,0,4E9B22A3
63B6D67E,57,rama1,8,0,D8AB25D4
63B6D67E,57,rama1,12,0,3A0F5A53
63B6D67E,57,rama1,13,0,5072F743
63B6D67E,57,rama2,19,0,8773EB2D
63B6D67E,57,rama2,21,0,1BF808FF
63B6D67E,57,rama2,24,0,37990611
63B6D67E,57,rama2,27,0,6F6C700F
63B6D67E,57,rama2,33,0,97E4B60C
63B6D67E,57,rama2,34,0,FC40F2F2
63B6D67E,57,rama2,35,0,F00F475E
63B6D67E,57,rama2,36,0,8DC80F88
63B6D67E,57,rama2,39,0,890D63EC
63B6D67E,57,rama2,40,0,2A980772
63B6D67E,57,rama2,56,0,7FFB2D2E
B2746D37,57,tronco,7,0,4E9B22A3
B2746D37,57,rama1,8,0,D8AB25D4
B2746D37,57,rama1,12,0,3A0F5A53
B2746D37,57,rama1,13,0,5072F743
B2746D37,57,rama2,19,0,8773EB2D
B2746D37,57,rama2,21,0,1BF808FF
B2746D37,57,rama2,24,0,37990611
B2746D37,57,rama2,27,0,6F6C700F
B2746D37,57,rama2,33,0,0B6F55DE
B2746D37,57,rama2,34,0,A8FA3140
B2746D37,57,rama2,35,0,F00F475E
B2746D37,57,rama2,36,0,8DC80F88
B2746D37,57,rama2,39,0,E45D761B
B2746D37,57,rama2,40,0,6BA91C6B
B2746D37,57,rama2,56,0,7FFB2D2E
EAF22F47,57,tronco,7,0,8773EB2D
EAF22F47,57,rama1,8,0,D8AB25D4
EAF22F47,57,rama1,12,0,76A81D08
EAF22F47,57,rama1,13,0,76A81D08
EAF22F47,57,rama2,19,0,F95C7778
EAF22F47,57,rama2,21,0,D210C171
EAF22F47,57,rama2,24,0,999A3ECD
EAF22F47,57,rama2,27,0,166E54BD
EAF22F47,57,rama2,33,0,C9E5911B
EAF22F47,57,rama2,34,0,0720E072
EAF22F47,57,rama2,35,0,F00F475E
EAF22F47,57,rama2,36,0,8DC80F88
EAF22F47,57,rama2,39,0,BCA80005
EAF22F47,57,rama2,40,0,335C6A75
EAF22F47,57,rama2,56,0,0FAA39BA
C138C4A9,57,tronco,7,0,3A0F5A53
C138C4A9,57,rama1,8,0,76A81D08
C138C4A9,57,rama1,12,0,CCF91491
C138C4A9,57,rama1,13,0,A1A90166
C138C4A9,57,rama2,19,0,F95C7778
C138C4A9,57,rama2,21,0,5072F743
C138C4A9,57,rama2,24,0,F95C7778
C138C4A9,57,rama2,27,0,166E54BD
C138C4A9,57,rama2,33,0,0B6F55DE
C138C4A9,57,rama2,34,0,83B68749
C138C4A9,57,rama2,35,0,AC3F5D24
C138C4A9,57,rama2,36,0,575F4FA4
C138C4A9,57,rama2,39,0,8FF932E5
C138C4A9,57,rama2,40,0,1EE48D75
C138C4A9,57,rama2,56,0,7B3E414A
F84780A9,57,tronco,7,0,4E9B22A3
F84780A9,57,rama1,8,0,D8AB25D4
F84780A9,57,rama1,12,0,3A0F5A53
F84780A9,57,rama1,13,0,8773EB2D
F84780A9,57,rama2,19,0,8773EB2D
F84780A9,57,rama2,21,0,1BF808FF
F84780A9,57,rama2,24,0,37990611
F84780A9,57,rama2,27,0,D210C171
F84780A9,57,rama2,33,0,BD71E9EB
F84780A9,57,rama2,34,0,2A980772
F84780A9,57,rama2,35,0,F00F475E
F84780A9,57,rama2,36,0,F4CA2B3A
F84780A9,57,rama2,39,0,E45D761B
F84780A9,57,rama2,40,0,47C81285
F84780A9,57,rama2,56,0,7FFB2D2E
71037990,57,tronco,7,0,6F6C700F
71037990,57,rama1,8,0,5AC913E6
71037990,57,rama1,12,0,D53D7996
71037990,57,rama1,13,0,5AC913E6
71037990,57,rama2,19,0,8773EB2D
71037990,57,rama2,21,0,1BF808FF
71037990,57,rama2,24,0,37990611
71037990,57,rama2,27,0,CCF91491
71037990,57,rama2,33,0,E45D761B
71037990,57,rama2,34,0,6BA91C6B
71037990,57,rama2,35,0,D8AB25D4
71037990,57,rama2,36,0,D8AB25D4
71037990,57,rama2,39,0,C9E5911B
71037990,57,rama2,40,0,1EE48D75
71037990,57,rama2,56,0,1143EC5A
A0C1C2D9,57,tronco,7,0,6F6C700F
A0C1C2D9,57,rama1,8,0,5AC913E6
A0C1C2D9,57,rama1,12,0,D53D7996
A0C1C2D9,57,rama1,13,0,5AC913E6
A0C1C2D9,57,rama2,19,0,8773EB2D
A0C1C2D9,57,rama2,21,0,1BF808FF
A0C1C2D9,57,rama2,24,0,37990611
A0C1C2D9,57,rama2,27,0,CCF91491
A0C1C2D9,57,rama2,33,0,E45D761B
A0C1C2D9,57,rama2,34,0,6BA91C6B
A0C1C2D9,57,rama2,35,0,D8AB25D4
A0C1C2D9,57,rama2,36,0,D8AB25D4
A0C1C2D9,57,rama2,39,0,C9E5911B
A0C1C2D9,57,rama2,40,0,1EE48D75
A0C1C2D9,57,rama2,56,0,1143EC5A
D38D6B47,57,tronco,7,0,4E9B22A3
D38D6B47,57,rama1,8,0,D8AB25D4
D38D6B47,57,rama1,12,0,3A0F5A53
D38D6B47,57,rama1,13,0,5072F743
D38D6B47,57,rama2,19,0,8773EB2D
D38D6B47,57,rama2,21,0,1BF808FF
D38D6B47,57,rama2,24,0,37990611
D38D6B47,57,rama2,27,0,3A0F5A53
D38D6B47,57,rama2,33,0,0B6F55DE
D38D6B47,57,rama2,34,0,A8FA3140
D38D6B47,57,rama2,35,0,F00F475E
D38D6B47,57,rama2,36,0,7B3E414A
D38D6B47,57,rama2,39,0,3ECA3637
D38D6B47,57,rama2,40,0,849B3FAE
D38D6B47,57,rama2,56,0,7FFB2D2E
A559A960,60,tronco,6,0,5072F743
A559A960,60,rama1,11,0,3A0F5A53
A559A960,60,rama1,14,0,2E5D6B16
A559A960,60,rama1,17,0,270E5B30
A559A960,60,rama2,20,0,CCF91491
A559A960,60,rama2,23,0,8FF932E5
A559A960,60,rama2,24,0,4A5E4EC7
A559A960,60,rama2,27,0,A1A90166
A559A960,60,rama2,30,0,023C65F8
A559A960,60,rama2,33,0,7FFB2D2E
A559A960,60,rama2,36,0,4611FB6B
A559A960,60,rama2,38,0,1EE48D75
A559A960,60,rama2,39,0,01D4B17B
A559A960,60,rama2,41,0,01D4B17B
A559A960,60,rama2,42,0,19C93592
8E93428E,60,tronco,6,0,6F6C700F
8E93428E,60,rama1,11,0,8773EB2D
8E93428E,60,rama1,14,0,1BF808FF
8E93428E,60,rama1,17,0,0511DD1F
8E93428E,60,rama2,20,0,CCF91491
8E93428E,60,rama2,23,0,CEC829FC
8E93428E,60,rama2,24,0,4A5E4EC7
8E93428E,60,rama2,27,0,A1A90166
8E93428E,60,rama2,30,0,023C65F8
8E93428E,60,rama2,33,0,ED0E463D
8E93428E,60,rama2,36,0,BCA80005
8E93428E,60,rama2,38,0,58F82E8B
8E93428E,60,rama2,39,0,FC40F2F2
8E93428E,60,rama2,41,0,D021FC1C
8E93428E,60,rama2,42,0,5FD5966C
D61500FE,60,tronco,6,0,6F6C700F
D61500FE,60,rama1,11,0,6F6C700F
D61500FE,60,rama1,14,0,1BF808FF
D61500FE,60,rama1,17,0,F00F475E
D61500FE,60,rama2,20,0,CCF91491
D61500FE,60,rama2,23,0,CEC829FC
D61500FE,60,rama2,24,0,DC6E49B0
D61500FE,60,rama2,27,0,C642F034
D61500FE,60,rama2,30,0,C642F034
D61500FE,60,rama2,33,0,7B3E414A
D61500FE,60,rama2,36,0,0B6F55DE
D61500FE,60,rama2,38,0,58F82E8B
D61500FE,60,rama2,39,0,A8FA3140
D61500FE,60,rama2,41,0,A8FA3140
D61500FE,60,rama2,42,0,5FD5966C
07D7BBB7,60,tronco,6,0,6F6C700F
07D7BBB7,60,rama1,11,0,76A81D08
07D7BBB7,60,rama1,14,0,1BF808FF
07D7BBB7,60,rama1,17,0,F95C7778
07D7BBB7,60,rama2,20,0,D53D7996
07D7BBB7,60,rama2,23,0,CEC829FC
07D7BBB7,60,rama2,24,0,4A5E4EC7
07D7BBB7,60,rama2,27,0,A1A90166
07D7BBB7,60,rama2,30,0,023C65F8
07D7BBB7,60,rama2,33,0,4E9B22A3
07D7BBB7,60,rama2,36,0,97E4B60C
07D7BBB7,60,rama2,38,0,5FD5966C
07D7BBB7,60,rama2,39,0,D021FC1C
07D7BBB7,60,rama2,41,0,FC40F2F2
07D7BBB7,60,rama2,42,0,0720E072
57847D32,60,tronco,6,0,23CB3754
57847D32,60,rama1,11,0,6F6C700F
57847D32,60,rama1,14,0,2E5D6B16
57847D32,60,rama1,17,0,270E5B30
57847D32,60,rama2,20,0,CCF91491
57847D32,60,rama2,23,0,12AB38D9
57847D32,60,rama2,24,0,DC6E49B0
57847D32,60,rama2,27,0,A1A90166
57847D32,60,rama2,30,0,023C65F8
57847D32,60,rama2,33,0,7FFB2D2E
57847D32,60,rama2,36,0,4611FB6B
57847D32,60,rama2,38,0,83B68749
57847D32,60,rama2,39,0,01D4B17B
57847D32,60,rama2,41,0,01D4B17B
57847D32,60,rama2,42,0,19C93592
05D1FF2D,63,tronco,6,0,D8AB25D4
05D1FF2D,63,rama1,9,0,1BF808FF
05D1FF2D,63,rama1,12,0,1143EC5A
05D1FF2D,63,rama1,15,0,1143EC5A
05D1FF2D,63,rama2,18,0,5AC913E6
05D1FF2D,63,rama2,21,0,5AC913E6
05D1FF2D,63,rama2,24,0,166E54BD
05D1FF2D,63,rama2,27,0,1143EC5A
05D1FF2D,63,rama2,30,0,A1A90166
05D1FF2D,63,rama2,32,0,8FF932E5
05D1FF2D,63,rama2,33,0,023C65F8
05D1FF2D,63,rama2,35,0,BCA80005
05D1FF2D,63,rama2,36,0,1EE48D75
05D1FF2D,63,rama2,37,0,D021FC1C
05D1FF2D,63,rama2,40,0,1F3D649B
05D1FF2D,63,rama2,41,0,19C93592
9CD8AE97,63,tronco,6,0,D8AB25D4
9CD8AE97,63,rama1,9,0,1BF808FF
9CD8AE97,63,rama1,12,0,5072F743
9CD8AE97,63,rama1,15,0,1143EC5A
9CD8AE97,63,rama2,18,0,5AC913E6
9CD8AE97,63,rama2,21,0,5AC913E6
9CD8AE97,63,rama2,24,0,166E54BD
9CD8AE97,63,rama2,27,0,1143EC5A
9CD8AE97,63,rama2,30,0,A1A90166
9CD8AE97,63,rama2,32,0,8FF932E5
9CD8AE97,63,rama2,33,0,023C65F8
9CD8AE97,63,rama2,35,0,BCA80005
9CD8AE97,63,rama2,36,0,1EE48D75
9CD8AE97,63,rama2,37,0,D021FC1C
9CD8AE97,63,rama2,40,0,1F3D649B
9CD8AE97,63,rama2,41,0,19C93592
83458D83,57,tronco,6,0,E9CB2A59
83458D83,57,rama1,9,0,C5AA24B7
83458D83,57,rama1,16,0,7B3E414A
83458D83,57,rama2,19,0,C5AA24B7
83458D83,57,rama2,22,0,023C65F8
83458D83,57,rama2,25,0,3ECA3637
83458D83,57,rama2,26,0,5AC913E6
83458D83,57,rama2,29,0,F00F475E
83458D83,57,rama2,32,0,D1F815F2
83458D83,57,rama2,35,0,83B68749
83458D83,57,rama2,36,0,726D716C
83458D83,57,rama2,39,0,5E0C7F82
83458D83,57,rama2,40,0,A8FA3140
83458D83,57,rama2,56,0,0FAA39BA
1A4CDC39,57,tronco,6,0,E9CB2A59
1A4CDC39,57,rama1,9,0,C5AA24B7
1A4CDC39,57,rama1,16,0,7B3E414A
1A4CDC39,57,rama2,19,0,C5AA24B7
1A4CDC39,57,rama2,22,0,023C65F8
1A4CDC39,57,rama2,25,0,88D48A02
1A4CDC39,57,rama2,26,0,5AC913E6
1A4CDC39,57,rama2,29,0,F00F475E
1A4CDC39,57,rama2,32,0,D1F815F2
1A4CDC39,57,rama2,35,0,19C93592
1A4CDC39,57,rama2,36,0,726D716C
1A4CDC39,57,rama2,39,0,5E0C7F82
1A4CDC39,57,rama2,40,0,1EE48D75
1A4CDC39,57,rama2,56,0,0FAA39BA
48195E26,56,tronco,6,0,76A81D08
48195E26,56,rama1,9,0,A1A90166
48195E26,56,rama1,10,0,2E5D6B16
48195E26,56,rama1,12,0,5AC913E6
48195E26,56,rama1,13,0,B86D6C61
48195E26,56,rama1,14,0,1BF808FF
48195E26,56,rama1,17,0,C2879C50
48195E26,56,rama2,18,0,54B79B27
48195E26,56,rama2,28,0,0FAA39BA
48195E26,56,rama2,31,0,999A3ECD
48195E26,56,rama2,33,0,D6D5AD15
48195E26,56,rama2,34,0,97E4B60C
48195E26,56,rama2,36,0,335C6A75
48195E26,56,rama2,38,0,73B49882
D1100F9C,56,tronco,6,0,76A81D08
D1100F9C,56,rama1,9,0,F95C7778
D1100F9C,56,rama1,10,0,2E5D6B16
D1100F9C,56,rama1,12,0,5AC913E6
D1100F9C,56,rama1,13,0,B86D6C61
D1100F9C,56,rama1,14,0,1BF808FF
D1100F9C,56,rama1,17,0,023C65F8
D1100F9C,56,rama2,18,0,8DC80F88
D1100F9C,56,rama2,28,0,0FAA39BA
D1100F9C,56,rama2,31,0,999A3ECD
D1100F9C,56,rama2,33,0,E5849FF5
D1100F9C,56,rama2,34,0,97E4B60C
D1100F9C,56,rama2,36,0,58F82E8B
D1100F9C,56,rama2,38,0,73B49882
B94FECF3,57,tronco,6,0,76A81D08
B94FECF3,57,rama1,9,0,76A81D08
B94FECF3,57,rama1,12,0,8773EB2D
B94FECF3,57,rama1,15,0,6F6C700F
B94FECF3,57,rama2,18,0,663F4029
B94FECF3,57,rama2,21,0,9321DA68
B94FECF3,57,rama2,24,0,940C628F
B94FECF3,57,rama2,26,0,DC6E49B0
B94FECF3,57,rama2,29,0,539A23C0
B94FECF3,57,rama2,30,0,CCF91491
B94FECF3,57,rama2,33,0,E5849FF5
B94FECF3,57,rama2,34,0,A4B584EC
B94FECF3,57,rama2,35,0,CEC829FC
B94FECF3,57,rama2,37,0,58F82E8B
B94FECF3,57,rama2,39,0,19C93592
B94FECF3,57,rama2,41,0,5FD5966C
2046BD49,57,tronco,6,0,76A81D08
2046BD49,57,rama1,9,0,76A81D08
2046BD49,57,rama1,12,0,8773EB2D
2046BD49,57,rama1,15,0,6F6C700F
2046BD49,57,rama2,18,0,663F4029
2046BD49,57,rama2,21,0,9321DA68
2046BD49,57,rama2,24,0,940C628F
2046BD49,57,rama2,26,0,DC6E49B0
2046BD49,57,rama2,29,0,539A23C0
2046BD49,57,rama2,30,0,CCF91491
2046BD49,57,rama2,33,0,9110E705
2046BD49,57,rama2,34,0,FD991B1C
2046BD49,57,rama2,35,0,A4B584EC
2046BD49,57,rama2,37,0,1EE48D75
2046BD49,57,rama2,39,0,47C81285
2046BD49,57,rama2,41,0,5590EE4C
72133F56,59,tronco,6,0,37990611
72133F56,59,rama1,9,0,1143EC5A
72133F56,59,rama1,12,0,4420C606
72133F56,59,rama1,14,0,430D7EE1
72133F56,59,rama1,17,0,8DC80F88
72133F56,59,rama2,20,0,1143EC5A
72133F56,59,rama2,23,0,76A81D08
72133F56,59,rama2,28,0,7FFB2D2E
72133F56,59,rama2,30,0,73B49882
72133F56,59,rama2,31,0,0511DD1F
72133F56,59,rama2,33,0,9D5F52A9
72133F56,59,rama2,36,0,01D4B17B
72133F56,59,rama2,37,0,12AB38D9
72133F56,59,rama2,40,0,FC40F2F2
72133F56,59,rama2,41,0,83B68749
EB1A6EEC,59,tronco,6,0,4420C606
EB1A6EEC,59,rama1,9,0,1143EC5A
EB1A6EEC,59,rama1,12,0,4420C606
EB1A6EEC,59,rama1,14,0,6F6C700F
EB1A6EEC,59,rama1,17,0,DC6E49B0
EB1A6EEC,59,rama2,20,0,3A0F5A53
EB1A6EEC,59,rama2,23,0,76A81D08
EB1A6EEC,59,rama2,28,0,7FFB2D2E
EB1A6EEC,59,rama2,30,0,3ECA3637
EB1A6EEC,59,rama2,31,0,7FFB2D2E
EB1A6EEC,59,rama2,33,0,C83C78F5
EB1A6EEC,59,rama2,36,0,849B3FAE
EB1A6EEC,59,rama2,37,0,5E0C7F82
EB1A6EEC,59,rama2,40,0,83B68749
EB1A6EEC,59,rama2,41,0,47C81285
F36B652A,76,tronco,4,0,C5AA24B7
F36B652A,76,tronco,7,0,E0981A7F
F36B652A,76,rama1,10,0,C642F034
F36B652A,76,rama1,11,0,8FF932E5
F36B652A,76,rama1,15,0,1EE48D75
F36B652A,76,rama2,19,0,54B79B27
F36B652A,76,rama2,20,0,1143EC5A
F36B652A,76,rama2,22,0,CEC829FC
F36B652A,76,rama2,27,0,5FD5966C
F36B652A,76,rama2,28,0,E9CB2A59
F36B652A,76,rama2,30,0,539A23C0
F36B652A,76,rama2,33,0,23CB3754
F36B652A,76,rama2,34,0,575F4FA4
F36B652A,76,rama2,36,0,8FF932E5
F36B652A,76,rama2,40,0,1EE48D75
F36B652A,76,rama2,43,0,430D7EE1
F36B652A,76,rama2,45,0,C642F034
F36B652A,76,rama2,46,0,CEC829FC
F36B652A,76,rama2,52,0,5FD5966C
F36B652A,76,rama2,53,0,5FD5966C
3837B68F,54,tronco,7,0,1BF808FF
3837B68F,54,rama1,10,0,4420C606
3837B68F,54,rama1,13,0,4420C606
3837B68F,54,rama1,16,0,B86D6C61
3837B68F,54,rama2,20,0,F95C7778
3837B68F,54,rama2,22,0,54B79B27
3837B68F,54,rama2,25,0,890D63EC
3837B68F,54,rama2,26,0,CEC829FC
3837B68F,54,rama2,27,0,A1A90166
3837B68F,54,rama2,30,0,C9E5911B
3837B68F,54,rama2,31,0,BCA80005
3837B68F,54,rama2,34,0,0720E072
3837B68F,54,rama2,37,0,06F9099C
A13EE735,54,tronco,7,0,9321DA68
A13EE735,54,rama1,10,0,4420C606
A13EE735,54,rama1,13,0,1BF808FF
A13EE735,54,rama1,16,0,D210C171
A13EE735,54,rama2,20,0,CCF91491
A13EE735,54,rama2,22,0,7FFB2D2E
A13EE735,54,rama2,25,0,6A70F585
A13EE735,54,rama2,26,0,BD71E9EB
A13EE735,54,rama2,27,0,A1A90166
A13EE735,54,rama2,30,0,E5849FF5
A13EE735,54,rama2,31,0,4611FB6B
A13EE735,54,rama2,34,0,58F82E8B
A13EE735,54,rama2,37,0,01D4B17B
BEA3C421,63,tronco,6,0,1143EC5A
BEA3C421,63,rama1,9,0,3A0F5A53
BEA3C421,63,rama1,12,0,999A3ECD
BEA3C421,63,rama1,15,0,2E5D6B16
BEA3C421,63,rama2,18,0,1143EC5A
BEA3C421,63,rama2,21,0,940C628F
BEA3C421,63,rama2,24,0,F4CA2B3A
BEA3C421,63,rama2,27,0,F00F475E
BEA3C421,63,rama2,30,0,7FFB2D2E
BEA3C421,63,rama2,32,0,83B68749
BEA3C421,63,rama2,33,0,D53D7996
BEA3C421,63,rama2,35,0,1586803E
BEA3C421,63,rama2,36,0,58F82E8B
BEA3C421,63,rama2,37,0,849B3FAE
BEA3C421,63,rama2,40,0,9D5F52A9
BEA3C421,63,rama2,41,0,5FD5966C
27AA959B,63,tronco,6,0,76A81D08
27AA959B,63,rama1,9,0,3A0F5A53
27AA959B,63,rama1,12,0,999A3ECD
27AA959B,63,rama1,15,0,2E5D6B16
27AA959B,63,rama2,18,0,0FAA39BA
27AA959B,63,rama2,21,0,1143EC5A
27AA959B,63,rama2,24,0,F4CA2B3A
27AA959B,63,rama2,27,0,F00F475E
27AA959B,63,rama2,30,0,7FFB2D2E
27AA959B,63,rama2,32,0,97E4B60C
27AA959B,63,rama2,33,0,A1A90166
27AA959B,63,rama2,35,0,D6D5AD15
27AA959B,63,rama2,36,0,D021FC1C
27AA959B,63,rama2,37,0,06F9099C
27AA959B,63,rama2,40,0,2A980772
27AA959B,63,rama2,41,0,D021FC1C
75FF1784,54,tronco,7,0,8773EB2D
75FF1784,54,rama1,10,0,6F6C700F
75FF1784,54,rama1,13,0,5AC913E6
75FF1784,54,rama1,16,0,E0981A7F
75FF1784,54,rama2,20,0,940C628F
75FF1784,54,rama2,22,0,AC3F5D24
75FF1784,54,rama2,24,0,97E4B60C
75FF1784,54,rama2,26,0,C9E5911B
75FF1784,54,rama2,27,0,A1A90166
75FF1784,54,rama2,29,0,6A70F585
75FF1784,54,rama2,31,0,E5849FF5
75FF1784,54,rama2,34,0,D021FC1C
75FF1784,54,rama2,37,0,0720E072
ECF6463E,54,tronco,7,0,6F6C700F
ECF6463E,54,rama1,10,0,430D7EE1
ECF6463E,54,rama1,13,0,5AC913E6
ECF6463E,54,rama1,16,0,5AC913E6
ECF6463E,54,rama2,20,0,1BF808FF
ECF6463E,54,rama2,22,0,8DC80F88
ECF6463E,54,rama2,24,0,A4B584EC
ECF6463E,54,rama2,26,0,0B6F55DE
ECF6463E,54,rama2,27,0,A1A90166
ECF6463E,54,rama2,29,0,88D48A02
ECF6463E,54,rama2,31,0,1586803E
ECF6463E,54,rama2,34,0,19C93592
ECF6463E,54,rama2,37,0,849B3FAE
1116B11E,28,tronco,1,0,9321DA68
1116B11E,28,tronco,3,0,E0981A7F
1116B11E,28,rama1,8,0,C642F034
1116B11E,28,rama1,12,0,E5849FF5
1116B11E,28,rama1,15,0,58F82E8B
1116B11E,28,rama2,18,0,6ED45544
1116B11E,28,rama2,22,0,E5849FF5
1116B11E,28,rama2,25,0,58F82E8B
4557F423,28,tronco,1,0,E9CB2A59
4557F423,28,tronco,3,0,54B79B27
4557F423,28,rama1,8,0,0FAA39BA
4557F423,28,rama1,12,0,6A70F585
4557F423,28,rama1,15,0,01D4B17B
4557F423,28,rama2,18,0,0FAA39BA
4557F423,28,rama2,22,0,6A70F585
4557F423,28,rama2,25,0,01D4B17B
CD89C154,28,tronco,1,0,8773EB2D
CD89C154,28,tronco,3,0,D210C171
CD89C154,28,rama1,8,0,ED0E463D
CD89C154,28,rama1,12,0,C83C78F5
CD89C154,28,rama1,15,0,6BA91C6B
CD89C154,28,rama2,18,0,ED0E463D
CD89C154,28,rama2,22,0,C83C78F5
CD89C154,28,rama2,25,0,6BA91C6B
DE4B9CF2,28,tronco,1,0,6F6C700F
DE4B9CF2,28,tronco,3,0,54B79B27
DE4B9CF2,28,rama1,8,0,7B3E414A
DE4B9CF2,28,rama1,12,0,890D63EC
DE4B9CF2,28,rama1,15,0,40E5AA62
DE4B9CF2,28,rama2,18,0,7B3E414A
DE4B9CF2,28,rama2,22,0,890D63EC
DE4B9CF2,28,rama2,25,0,40E5AA62
CA64B821,28,tronco,1,0,3A0F5A53
CA64B821,28,tronco,3,0,1143EC5A
CA64B821,28,rama1,8,0,5072F743
CA64B821,28,rama1,12,0,88D48A02
CA64B821,28,rama1,15,0,5590EE4C
CA64B821,28,rama2,18,0,5072F743
CA64B821,28,rama2,22,0,88D48A02
CA64B821,28,rama2,25,0,5590EE4C
D2E979E1,28,tronco,1,0,1BF808FF
D2E979E1,28,tronco,3,0,E0981A7F
D2E979E1,28,rama1,8,0,4E9B22A3
D2E979E1,28,rama1,12,0,1586803E
D2E979E1,28,rama1,15,0,9D5F52A9
D2E979E1,28,rama2,18,0,4E9B22A3
D2E979E1,28,rama2,22,0,1586803E
D2E979E1,28,rama2,25,0,9D5F52A9
B3A13B6D,28,tronco,1,0,1BF808FF
B3A13B6D,28,tronco,3,0,E0981A7F
B3A13B6D,28,rama1,8,0,4E9B22A3
B3A13B6D,28,rama1,12,0,1586803E
B3A13B6D,28,rama1,15,0,9D5F52A9
B3A13B6D,28,rama2,18,0,4E9B22A3
B3A13B6D,28,rama2,22,0,1586803E
B3A13B6D,28,rama2,25,0,9D5F52A9
E388B589,28,tronco,1,0,1BF808FF
E388B589,28,tronco,3,0,F95C7778
E388B589,28,rama1,8,0,999A3ECD
E388B589,28,rama1,12,0,D1F815F2
E388B589,28,rama1,15,0,5E0C7F82
E388B589,28,rama2,18,0,999A3ECD
E388B589,28,rama2,22,0,D1F815F2
E388B589,28,rama2,25,0,5E0C7F82
0C540255,28,tronco,1,0,37990611
0C540255,28,tronco,3,0,D53D7996
0C540255,28,rama1,8,0,7B3E414A
0C540255,28,rama1,12,0,D6D5AD15
0C540255,28,rama1,15,0,2A980772
0C540255,28,rama2,18,0,7B3E414A
0C540255,28,rama2,22,0,D6D5AD15
0C540255,28,rama2,25,0,2A980772
D4CABDB2,28,tronco,1,0,37990611
D4CABDB2,28,tronco,3,0,D53D7996
D4CABDB2,28,rama1,8,0,7B3E414A
D4CABDB2,28,rama1,12,0,E45D761B
D4CABDB2,28,rama1,15,0,5E0C7F82
D4CABDB2,28,rama2,18,0,7B3E414A
D4CABDB2,28,rama2,22,0,E45D761B
D4CABDB2,28,rama2,25,0,5E0C7F82
51477164,28,tronco,1,0,1BF808FF
51477164,28,tronco,3,0,E0981A7F
51477164,28,rama1,8,0,4E9B22A3
51477164,28,rama1,12,0,12AB38D9
51477164,28,rama1,15,0,A8FA3140
51477164,28,rama2,18,0,4E9B22A3
51477164,28,rama2,22,0,12AB38D9
51477164,28,rama2,25,0,A8FA3140
9FDBDE1B,28,tronco,1,0,1BF808FF
9FDBDE1B,28,tronco,3,0,E0981A7F
9FDBDE1B,28,rama1,8,0,4E9B22A3
9FDBDE1B,28,rama1,12,0,12AB38D9
9FDBDE1B,28,rama1,15,0,A8FA3140
9FDBDE1B,28,rama2,18,0,4E9B22A3
9FDBDE1B,28,rama2,22,0,12AB38D9
9FDBDE1B,28,rama2,25,0,A8FA3140
ED86BF89,28,tronco,1,0,37990611
ED86BF89,28,tronco,3,0,D53D7996
ED86BF89,28,rama1,8,0,5072F743
ED86BF89,28,rama1,12,0,73B49882
ED86BF89,28,rama1,15,0,01D4B17B
ED86BF89,28,rama2,18,0,5072F743
ED86BF89,28,rama2,22,0,73B49882
ED86BF89,28,rama2,25,0,01D4B17B
52F549C5,28,tronco,1,0,37990611
52F549C5,28,tronco,3,0,D53D7996
52F549C5,28,rama1,8,0,5072F743
52F549C5,28,rama1,12,0,0B6F55DE
52F549C5,28,rama1,15,0,83B68749
52F549C5,28,rama2,18,0,5072F743
52F549C5,28,rama2,22,0,0B6F55DE
52F549C5,28,rama2,25,0,83B68749
F5BADF6E,28,tronco,1,0,1BF808FF
F5BADF6E,28,tronco,3,0,F95C7778
F5BADF6E,28,rama1,8,0,7B3E414A
F5BADF6E,28,rama1,12,0,FD991B1C
F5BADF6E,28,rama1,15,0,726D716C
F5BADF6E,28,rama2,18,0,7B3E414A
F5BADF6E,28,rama2,22,0,FD991B1C
F5BADF6E,28,rama2,25,0,726D716C
ED62F1A3,28,tronco,1,0,37990611
ED62F1A3,28,tronco,3,0,CCF91491
ED62F1A3,28,rama1,8,0,5072F743
ED62F1A3,28,rama1,12,0,A4B584EC
ED62F1A3,28,rama1,15,0,3285839B
ED62F1A3,28,rama2,18,0,5072F743
ED62F1A3,28,rama2,22,0,A4B584EC
ED62F1A3,28,rama2,25,0,3285839B
AD24E05A,28,tronco,1,0,76A81D08
AD24E05A,28,tronco,3,0,B86D6C61
AD24E05A,28,rama1,8,0,1143EC5A
AD24E05A,28,rama1,12,0,D6D5AD15
AD24E05A,28,rama1,15,0,90C90EEB
AD24E05A,28,rama2,18,0,1143EC5A
AD24E05A,28,rama2,22,0,D6D5AD15
AD24E05A,28,rama2,25,0,90C90EEB
3341C413,28,tronco,1,0,663F4029
3341C413,28,tronco,3,0,A1A90166
3341C413,28,rama1,8,0,4E9B22A3
3341C413,28,rama1,12,0,C9E5911B
3341C413,28,rama1,15,0,5FD5966C
3341C413,28,rama2,18,0,4E9B22A3
3341C413,28,rama2,22,0,C9E5911B
3341C413,28,rama2,25,0,5FD5966C
BBADDF23,28,tronco,1,0,6F6C700F
BBADDF23,28,tronco,3,0,D53D7996
BBADDF23,28,rama1,8,0,1143EC5A
BBADDF23,28,rama1,12,0,12AB38D9
BBADDF23,28,rama1,15,0,A8FA3140
BBADDF23,28,rama2,18,0,1143EC5A
BBADDF23,28,rama2,22,0,12AB38D9
BBADDF23,28,rama2,25,0,A8FA3140
5405D4C3,28,tronco,1,0,6F6C700F
5405D4C3,28,tronco,3,0,940C628F
5405D4C3,28,rama1,8,0,5072F743
5405D4C3,28,rama1,12,0,97E4B60C
5405D4C3,28,rama1,15,0,D021FC1C
5405D4C3,28,rama2,18,0,5072F743
5405D4C3,28,rama2,22,0,97E4B60C
5405D4C3,28,rama2,25,0,D021FC1C
235C8DDC,28,tronco,1,0,1BF808FF
235C8DDC,28,tronco,3,0,CCF91491
235C8DDC,28,rama1,8,0,4E9B22A3
235C8DDC,28,rama1,12,0,D1F815F2
235C8DDC,28,rama1,15,0,5E0C7F82
235C8DDC,28,rama2,18,0,4E9B22A3
235C8DDC,28,rama2,22,0,D1F815F2
235C8DDC,28,rama2,25,0,5E0C7F82
38DDE5FD,28,tronco,1,0,2E5D6B16
38DDE5FD,28,tronco,3,0,6F6C700F
38DDE5FD,28,rama1,8,0,4E9B22A3
38DDE5FD,28,rama1,12,0,BCA80005
38DDE5FD,28,rama1,15,0,06F9099C
38DDE5FD,28,rama2,18,0,4E9B22A3
38DDE5FD,28,rama2,22,0,BCA80005
38DDE5FD,28,rama2,25,0,06F9099C
E00BB074,28,tronco,1,0,1BF808FF
E00BB074,28,tronco,3,0,CCF91491
E00BB074,28,rama1,8,0,4E9B22A3
E00BB074,28,rama1,12,0,D6D5AD15
E00BB074,28,rama1,15,0,335C6A75
E00BB074,28,rama2,18,0,4E9B22A3
E00BB074,28,rama2,22,0,D6D5AD15
E00BB074,28,rama2,25,0,335C6A75
FCD9A8D2,28,tronco,1,0,3A0F5A53
FCD9A8D2,28,tronco,3,0,1143EC5A
FCD9A8D2,28,rama1,8,0,5072F743
FCD9A8D2,28,rama1,12,0,BCA80005
FCD9A8D2,28,rama1,15,0,06F9099C
FCD9A8D2,28,rama2,18,0,5072F743
FCD9A8D2,28,rama2,22,0,BCA80005
FCD9A8D2,28,rama2,25,0,06F9099C
A4DDCF64,28,tronco,1,0,8773EB2D
A4DDCF64,28,tronco,3,0,D210C171
A4DDCF64,28,rama1,8,0,C642F034
A4DDCF64,28,rama1,12,0,0B6F55DE
A4DDCF64,28,rama1,15,0,83B68749
A4DDCF64,28,rama2,18,0,C642F034
A4DDCF64,28,rama2,22,0,0B6F55DE
A4DDCF64,28,rama2,25,0,83B68749
E3B825AE,28,tronco,1,0,663F4029
E3B825AE,28,tronco,3,0,F95C7778
E3B825AE,28,rama1,8,0,B5FB3023
E3B825AE,28,rama1,12,0,FD991B1C
E3B825AE,28,rama1,15,0,726D716C
E3B825AE,28,rama2,18,0,B5FB3023
E3B825AE,28,rama2,22,0,FD991B1C
E3B825AE,28,rama2,25,0,726D716C
493E5742,28,tronco,1,0,76A81D08
493E5742,28,tronco,3,0,E0981A7F
493E5742,28,rama1,8,0,F4CA2B3A
493E5742,28,rama1,12,0,97E4B60C
493E5742,28,rama1,15,0,FC40F2F2
493E5742,28,rama2,18,0,F4CA2B3A
493E5742,28,rama2,22,0,97E4B60C
493E5742,28,rama2,25,0,FC40F2F2
CE4E1B38,28,tronco,1,0,1143EC5A
CE4E1B38,28,tronco,3,0,5072F743
CE4E1B38,28,rama1,8,0,7B3E414A
CE4E1B38,28,rama1,12,0,6A70F585
CE4E1B38,28,rama1,15,0,D021FC1C
CE4E1B38,28,rama2,18,0,7B3E414A
CE4E1B38,28,rama2,22,0,6A70F585
CE4E1B38,28,rama2,25,0,D021FC1C
4C6CCBFE,28,tronco,1,0,4A5E4EC7
4C6CCBFE,28,tronco,3,0,F95C7778
4C6CCBFE,28,rama1,8,0,999A3ECD
4C6CCBFE,28,rama1,12,0,3ECA3637
4C6CCBFE,28,rama1,15,0,6BA91C6B
4C6CCBFE,28,rama2,18,0,999A3ECD
4C6CCBFE,28,rama2,22,0,3ECA3637
4C6CCBFE,28,rama2,25,0,6BA91C6B
8F4D5802,28,tronco,1,0,1BF808FF
8F4D5802,28,tronco,3,0,CCF91491
8F4D5802,28,rama1,8,0,ED0E463D
8F4D5802,28,rama1,12,0,CEC829FC
8F4D5802,28,rama1,15,0,0720E072
8F4D5802,28,rama2,18,0,ED0E463D
8F4D5802,28,rama2,22,0,CEC829FC
8F4D5802,28,rama2,25,0,0720E072
319D03F7,28,tronco,1,0,4420C606
319D03F7,28,tronco,3,0,CCF91491
319D03F7,28,rama1,8,0,C16F48D3
319D03F7,28,rama1,12,0,9110E705
319D03F7,28,rama1,15,0,5590EE4C
319D03F7,28,rama2,18,0,C16F48D3
319D03F7,28,rama2,22,0,9110E705
319D03F7,28,rama2,25,0,5590EE4C
43D6CF6A,28,tronco,1,0,1BF808FF
43D6CF6A,28,tronco,3,0,CCF91491
43D6CF6A,28,rama1,8,0,ED0E463D
43D6CF6A,28,rama1,12,0,6A70F585
43D6CF6A,28,rama1,15,0,73B49882
43D6CF6A,28,rama2,18,0,ED0E463D
43D6CF6A,28,rama2,22,0,6A70F585
43D6CF6A,28,rama2,25,0,73B49882
E480A632,28,tronco,1,0,663F4029
E480A632,28,tronco,3,0,A1A90166
E480A632,28,rama1,8,0,0FAA39BA
E480A632,28,rama1,12,0,12AB38D9
E480A632,28,rama1,15,0,A8FA3140
E480A632,28,rama2,18,0,0FAA39BA
E480A632,28,rama2,22,0,12AB38D9
E480A632,28,rama2,25,0,A8FA3140
8E5C4A30,28,tronco,1,0,8773EB2D
8E5C4A30,28,tronco,3,0,D210C171
8E5C4A30,28,rama1,8,0,ED0E463D
8E5C4A30,28,rama1,12,0,90C90EEB
8E5C4A30,28,rama1,15,0,335C6A75
8E5C4A30,28,rama2,18,0,ED0E463D
8E5C4A30,28,rama2,22,0,90C90EEB
8E5C4A30,28,rama2,25,0,335C6A75
6810D207,28,tronco,1,0,37990611
6810D207,28,tronco,3,0,8DC80F88
6810D207,28,rama1,8,0,5072F743
6810D207,28,rama1,12,0,1586803E
6810D207,28,rama1,15,0,A8FA3140
6810D207,28,rama2,18,0,5072F743
6810D207,28,rama2,22,0,1586803E
6810D207,28,rama2,25,0,A8FA3140
BAF953D2,28,tronco,1,0,1143EC5A
BAF953D2,28,tronco,3,0,5072F743
BAF953D2,28,rama1,8,0,7B3E414A
BAF953D2,28,rama1,12,0,E5849FF5
BAF953D2,28,rama1,15,0,2B41EE9C
BAF953D2,28,rama2,18,0,7B3E414A
BAF953D2,28,rama2,22,0,E5849FF5
BAF953D2,28,rama2,25,0,2B41EE9C
80C58520,28,tronco,1,0,9321DA68
80C58520,28,tronco,3,0,CCF91491
80C58520,28,rama1,8,0,ED0E463D
80C58520,28,rama1,12,0,D6D5AD15
80C58520,28,rama1,15,0,335C6A75
80C58520,28,rama2,18,0,ED0E463D
80C58520,28,rama2,22,0,D6D5AD15
80C58520,28,rama2,25,0,335C6A75
7933EA77,28,tronco,1,0,2E5D6B16
7933EA77,28,tronco,3,0,D53D7996
7933EA77,28,rama1,8,0,7B3E414A
7933EA77,28,rama1,12,0,A56C6D02
7933EA77,28,rama1,15,0,2A980772
7933EA77,28,rama2,18,0,7B3E414A
7933EA77,28,rama2,22,0,A56C6D02
7933EA77,28,rama2,25,0,2A980772
AD5B7C9E,28,tronco,1,0,6F6C700F
AD5B7C9E,28,tronco,3,0,B86D6C61
AD5B7C9E,28,rama1,8,0,5072F743
AD5B7C9E,28,rama1,12,0,D6D5AD15
AD5B7C9E,28,rama1,15,0,1F3D649B
AD5B7C9E,28,rama2,18,0,5072F743
AD5B7C9E,28,rama2,22,0,D6D5AD15
AD5B7C9E,28,rama2,25,0,1F3D649B
9DA86AC5,28,tronco,1,0,663F4029
9DA86AC5,28,tronco,3,0,D53D7996
9DA86AC5,28,rama1,8,0,5072F743
9DA86AC5,28,rama1,12,0,88D48A02
9DA86AC5,28,rama1,15,0,0720E072
9DA86AC5,28,rama2,18,0,5072F743
9DA86AC5,28,rama2,22,0,88D48A02
9DA86AC5,28,rama2,25,0,0720E072
9A5C38C6,28,tronco,1,0,37990611
9A5C38C6,28,tronco,3,0,1143EC5A
9A5C38C6,28,rama1,8,0,5072F743
9A5C38C6,28,rama1,12,0,9110E705
9A5C38C6,28,rama1,15,0,1EE48D75
9A5C38C6,28,rama2,18,0,5072F743
9A5C38C6,28,rama2,22,0,9110E705
9A5C38C6,28,rama2,25,0,1EE48D75
0084126C,27,tronco,1,0,C642F034
0084126C,27,tronco,3,0,A1A90166
0084126C,27,tronco,5,0,7FFB2D2E
0084126C,27,rama1,14,0,A4B584EC
0084126C,27,rama1,15,0,A4B584EC
0084126C,27,rama2,20,0,5590EE4C
0084126C,27,rama2,21,0,5590EE4C
998D43D6,27,tronco,1,0,1BF808FF
998D43D6,27,tronco,3,0,4420C606
998D43D6,27,tronco,5,0,C16F48D3
998D43D6,27,rama1,14,0,CEC829FC
998D43D6,27,rama1,15,0,CEC829FC
998D43D6,27,rama2,20,0,5FD5966C
998D43D6,27,rama2,21,0,5FD5966C
9FF11387,27,tronco,1,0,76A81D08
9FF11387,27,tronco,3,0,E0981A7F
9FF11387,27,tronco,5,0,ED0E463D
9FF11387,27,rama1,14,0,890D63EC
9FF11387,27,rama1,15,0,890D63EC
9FF11387,27,rama2,20,0,40E5AA62
9FF11387,27,rama2,21,0,40E5AA62
06F8423D,27,tronco,1,0,4E9B22A3
06F8423D,27,tronco,3,0,76A81D08
06F8423D,27,tronco,5,0,9321DA68
06F8423D,27,rama1,14,0,8FF932E5
06F8423D,27,rama1,15,0,8FF932E5
06F8423D,27,rama2,20,0,1EE48D75
06F8423D,27,rama2,21,0,1EE48D75
92E171F6,27,tronco,1,0,1BF808FF
92E171F6,27,tronco,3,0,CCF91491
92E171F6,27,tronco,5,0,ED0E463D
92E171F6,27,rama1,14,0,CEC829FC
92E171F6,27,rama1,15,0,CEC829FC
92E171F6,27,rama2,20,0,0720E072
92E171F6,27,rama2,21,0,0720E072
0BE8204C,27,tronco,1,0,7B3E414A
0BE8204C,27,tronco,3,0,8DC80F88
0BE8204C,27,tronco,5,0,023C65F8
0BE8204C,27,rama1,14,0,6A70F585
0BE8204C,27,rama1,15,0,6A70F585
0BE8204C,27,rama2,20,0,4611FB6B
0BE8204C,27,rama2,21,0,4611FB6B
272BD3FB,27,tronco,1,0,575F4FA4
272BD3FB,27,tronco,3,0,37990611
272BD3FB,27,tronco,5,0,C2879C50
272BD3FB,27,rama1,14,0,FD991B1C
272BD3FB,27,rama1,15,0,FD991B1C
272BD3FB,27,rama2,20,0,5E0C7F82
272BD3FB,27,rama2,21,0,5E0C7F82
BE228241,27,tronco,1,0,1143EC5A
BE228241,27,tronco,3,0,1BF808FF
BE228241,27,tronco,5,0,5072F743
BE228241,27,rama1,14,0,1586803E
BE228241,27,rama1,15,0,1586803E
BE228241,27,rama2,20,0,849B3FAE
BE228241,27,rama2,21,0,849B3FAE
9F57BE55,28,tronco,1,0,9321DA68
9F57BE55,28,tronco,3,0,D210C171
9F57BE55,28,tronco,5,0,ED0E463D
9F57BE55,28,rama1,12,0,E5849FF5
9F57BE55,28,rama1,15,0,58F82E8B
9F57BE55,28,rama2,22,0,E5849FF5
9F57BE55,28,rama2,25,0,58F82E8B
DC8D8293,28,tronco,1,0,430D7EE1
DC8D8293,28,tronco,3,0,CCF91491
DC8D8293,28,tronco,5,0,0FAA39BA
DC8D8293,28,rama1,12,0,FD991B1C
DC8D8293,28,rama1,15,0,726D716C
DC8D8293,28,rama2,22,0,FD991B1C
DC8D8293,28,rama2,25,0,726D716C
85106480,28,tronco,1,0,8773EB2D
85106480,28,tronco,3,0,D210C171
85106480,28,tronco,5,0,ED0E463D
85106480,28,rama1,12,0,C83C78F5
85106480,28,rama1,15,0,6BA91C6B
85106480,28,rama2,22,0,C83C78F5
85106480,28,rama2,25,0,6BA91C6B
DC69211B,28,tronco,1,0,1BF808FF
DC69211B,28,tronco,3,0,CCF91491
DC69211B,28,tronco,5,0,ED0E463D
DC69211B,28,rama1,12,0,CEC829FC
DC69211B,28,rama1,15,0,0720E072
DC69211B,28,rama2,22,0,CEC829FC
DC69211B,28,rama2,25,0,0720E072
B63C53CF,28,tronco,1,0,3A0F5A53
B63C53CF,28,tronco,3,0,1143EC5A
B63C53CF,28,tronco,5,0,5072F743
B63C53CF,28,rama1,12,0,88D48A02
B63C53CF,28,rama1,15,0,5590EE4C
B63C53CF,28,rama2,22,0,88D48A02
B63C53CF,28,rama2,25,0,5590EE4C
4BA74415,28,tronco,1,0,76A81D08
4BA74415,28,tronco,3,0,E0981A7F
4BA74415,28,tronco,5,0,ED0E463D
4BA74415,28,rama1,12,0,1586803E
4BA74415,28,rama1,15,0,9D5F52A9
4BA74415,28,rama2,22,0,1586803E
4BA74415,28,rama2,25,0,9D5F52A9
D03CCEFA,28,tronco,1,0,1BF808FF
D03CCEFA,28,tronco,3,0,D53D7996
D03CCEFA,28,tronco,5,0,4E9B22A3
D03CCEFA,28,rama1,12,0,D6D5AD15
D03CCEFA,28,rama1,15,0,06F9099C
D03CCEFA,28,rama2,22,0,D6D5AD15
D03CCEFA,28,rama2,25,0,06F9099C
94211F00,28,tronco,1,0,1BF808FF
94211F00,28,tronco,3,0,F95C7778
94211F00,28,tronco,5,0,999A3ECD
94211F00,28,rama1,12,0,D1F815F2
94211F00,28,rama1,15,0,5E0C7F82
94211F00,28,rama2,22,0,D1F815F2
94211F00,28,rama2,25,0,5E0C7F82
9FB31DDD,28,tronco,1,0,76A81D08
9FB31DDD,28,tronco,3,0,D53D7996
9FB31DDD,28,tronco,5,0,7B3E414A
9FB31DDD,28,rama1,12,0,D6D5AD15
9FB31DDD,28,rama1,15,0,2A980772
9FB31DDD,28,rama2,22,0,D6D5AD15
9FB31DDD,28,rama2,25,0,2A980772
39563A3B,28,tronco,1,0,37990611
39563A3B,28,tronco,3,0,CCF91491
39563A3B,28,tronco,5,0,7B3E414A
39563A3B,28,rama1,12,0,E45D761B
39563A3B,28,rama1,15,0,5E0C7F82
39563A3B,28,rama2,22,0,E45D761B
39563A3B,28,rama2,25,0,5E0C7F82
AAF8B41A,28,tronco,1,0,1BF808FF
AAF8B41A,28,tronco,3,0,E0981A7F
AAF8B41A,28,tronco,5,0,4E9B22A3
AAF8B41A,28,rama1,12,0,12AB38D9
AAF8B41A,28,rama1,15,0,A8FA3140
AAF8B41A,28,rama2,22,0,12AB38D9
AAF8B41A,28,rama2,25,0,A8FA3140
D41C705A,27,tronco,1,0,7B3E414A
D41C705A,27,tronco,3,0,023C65F8
D41C705A,27,tronco,5,0,7FFB2D2E
D41C705A,27,rama1,14,0,BCA80005
D41C705A,27,rama1,15,0,BCA80005
D41C705A,27,rama2,20,0,2A980772
D41C705A,27,rama2,21,0,90C90EEB
A31B40CC,27,tronco,1,0,7B3E414A
A31B40CC,27,tronco,3,0,6F6C700F
A31B40CC,27,tronco,5,0,5072F743
A31B40CC,27,rama1,14,0,4611FB6B
A31B40CC,27,rama1,15,0,4611FB6B
A31B40CC,27,rama2,20,0,01D4B17B
A31B40CC,27,rama2,21,0,01D4B17B
3A121176,27,tronco,1,0,1143EC5A
3A121176,27,tronco,3,0,1BF808FF
3A121176,27,tronco,5,0,23CB3754
3A121176,27,rama1,14,0,1586803E
3A121176,27,rama1,15,0,1586803E
3A121176,27,rama2,20,0,849B3FAE
3A121176,27,rama2,21,0,849B3FAE
4D1521E0,27,tronco,1,0,166E54BD
4D1521E0,27,tronco,3,0,023C65F8
4D1521E0,27,tronco,5,0,D53D7996
4D1521E0,27,rama1,14,0,890D63EC
4D1521E0,27,rama1,15,0,890D63EC
4D1521E0,27,rama2,20,0,335C6A75
4D1521E0,27,rama2,21,0,335C6A75
D371B443,27,tronco,1,0,3A0F5A53
D371B443,27,tronco,3,0,8773EB2D
D371B443,27,tronco,5,0,F95C7778
D371B443,27,rama1,14,0,8FF932E5
D371B443,27,rama1,15,0,8FF932E5
D371B443,27,rama2,20,0,1EE48D75
D371B443,27,rama2,21,0,1EE48D75
A47684D5,27,tronco,1,0,4A5E4EC7
A47684D5,27,tronco,3,0,F4CA2B3A
A47684D5,27,tronco,5,0,A1A90166
A47684D5,27,rama1,14,0,FD991B1C
A47684D5,27,rama1,15,0,FD991B1C
A47684D5,27,rama2,20,0,47C81285
A47684D5,27,rama2,21,0,47C81285
3D7FD56F,27,tronco,1,0,D210C171
3D7FD56F,27,tronco,3,0,430D7EE1
3D7FD56F,27,tronco,5,0,DC6E49B0
3D7FD56F,27,rama1,14,0,97E4B60C
3D7FD56F,27,rama1,15,0,97E4B60C
3D7FD56F,27,rama2,20,0,D021FC1C
3D7FD56F,27,rama2,21,0,D021FC1C
4A78E5F9,27,tronco,1,0,AC3F5D24
4A78E5F9,27,tronco,3,0,F95C7778
4A78E5F9,27,tronco,5,0,1BF808FF
4A78E5F9,27,rama1,14,0,E45D761B
4A78E5F9,27,rama1,15,0,E45D761B
4A78E5F9,27,rama2,20,0,5E0C7F82
4A78E5F9,27,rama2,21,0,5E0C7F82
DAC7F868,27,tronco,1,0,270E5B30
DAC7F868,27,tronco,3,0,B5FB3023
DAC7F868,27,tronco,5,0,F00F475E
DAC7F868,27,rama1,14,0,88D48A02
DAC7F868,27,rama1,15,0,88D48A02
DAC7F868,27,rama2,20,0,5590EE4C
DAC7F868,27,rama2,21,0,5590EE4C
ADC0C8FE,27,tronco,1,0,4E9B22A3
ADC0C8FE,27,tronco,3,0,A1A90166
ADC0C8FE,27,tronco,5,0,7FFB2D2E
ADC0C8FE,27,rama1,14,0,1586803E
ADC0C8FE,27,rama1,15,0,1586803E
ADC0C8FE,27,rama2,20,0,849B3FAE
ADC0C8FE,27,rama2,21,0,849B3FAE
CD07411B,27,tronco,1,0,999A3ECD
CD07411B,27,tronco,3,0,CCF91491
CD07411B,27,tronco,5,0,023C65F8
CD07411B,27,rama1,14,0,C83C78F5
CD07411B,27,rama1,15,0,C83C78F5
CD07411B,27,rama2,20,0,47C81285
CD07411B,27,rama2,21,0,47C81285
BA00718D,27,tronco,1,0,F4CA2B3A
BA00718D,27,tronco,3,0,0FAA39BA
BA00718D,27,tronco,5,0,4A5E4EC7
BA00718D,27,rama1,14,0,8FF932E5
BA00718D,27,rama1,15,0,8FF932E5
BA00718D,27,rama2,20,0,19C93592
BA00718D,27,rama2,21,0,19C93592
23092037,27,tronco,1,0,D8AB25D4
23092037,27,tronco,3,0,5AC913E6
23092037,27,tronco,5,0,4A5E4EC7
23092037,27,rama1,14,0,A4B584EC
23092037,27,rama1,15,0,A4B584EC
23092037,27,rama2,20,0,5590EE4C
23092037,27,rama2,21,0,5590EE4C
540E10A1,27,tronco,1,0,575F4FA4
540E10A1,27,tronco,3,0,37990611
540E10A1,27,tronco,5,0,C2879C50
540E10A1,27,rama1,14,0,FD991B1C
540E10A1,27,rama1,15,0,FD991B1C
540E10A1,27,rama2,20,0,5E0C7F82
540E10A1,27,rama2,21,0,5E0C7F82
93BC0A8A,27,tronco,1,0,575F4FA4
93BC0A8A,27,tronco,3,0,023C65F8
93BC0A8A,27,tronco,5,0,7FFB2D2E
93BC0A8A,27,rama1,14,0,890D63EC
93BC0A8A,27,rama1,15,0,1F3D649B
93BC0A8A,27,rama2,20,0,335C6A75
93BC0A8A,27,rama2,21,0,335C6A75
E4BB3A1C,27,tronco,1,0,7B3E414A
E4BB3A1C,27,tronco,3,0,6F6C700F
E4BB3A1C,27,tronco,5,0,539A23C0
E4BB3A1C,27,rama1,14,0,88D48A02
E4BB3A1C,27,rama1,15,0,88D48A02
E4BB3A1C,27,rama2,20,0,3285839B
E4BB3A1C,27,rama2,21,0,3285839B
7DB26BA6,27,tronco,1,0,F4CA2B3A
7DB26BA6,27,tronco,3,0,430D7EE1
7DB26BA6,27,tronco,5,0,2E5D6B16
7DB26BA6,27,rama1,14,0,0B6F55DE
7DB26BA6,27,rama1,15,0,0B6F55DE
7DB26BA6,27,rama2,20,0,A8FA3140
7DB26BA6,27,rama2,21,0,A8FA3140
0AB55B30,27,tronco,1,0,7B3E414A
0AB55B30,27,tronco,3,0,6F6C700F
0AB55B30,27,tronco,5,0,663F4029
0AB55B30,27,rama1,14,0,9110E705
0AB55B30,27,rama1,15,0,9110E705
0AB55B30,27,rama2,20,0,5590EE4C
0AB55B30,27,rama2,21,0,5590EE4C
94D1CE93,27,tronco,1,0,575F4FA4
94D1CE93,27,tronco,3,0,8773EB2D
94D1CE93,27,tronco,5,0,940C628F
94D1CE93,27,rama1,14,0,BD71E9EB
94D1CE93,27,rama1,15,0,BD71E9EB
94D1CE93,27,rama2,20,0,2B41EE9C
94D1CE93,27,rama2,21,0,2B41EE9C
E3D6FE05,27,tronco,1,0,C642F034
E3D6FE05,27,tronco,3,0,4420C606
E3D6FE05,27,tronco,5,0,940C628F
E3D6FE05,27,rama1,14,0,73B49882
E3D6FE05,27,rama1,15,0,73B49882
E3D6FE05,27,rama2,20,0,01D4B17B
E3D6FE05,27,rama2,21,0,01D4B17B
7ADFAFBF,27,tronco,1,0,D8AB25D4
7ADFAFBF,27,tronco,3,0,4420C606
7ADFAFBF,27,tronco,5,0,7FFB2D2E
7ADFAFBF,27,rama1,14,0,D1F815F2
7ADFAFBF,27,rama1,15,0,D1F815F2
7ADFAFBF,27,rama2,20,0,47C81285
7ADFAFBF,27,rama2,21,0,47C81285
0DD89F29,27,tronco,1,0,B5FB3023
0DD89F29,27,tronco,3,0,A1A90166
0DD89F29,27,tronco,5,0,1BF808FF
0DD89F29,27,rama1,14,0,9D5F52A9
0DD89F29,27,rama1,15,0,9D5F52A9
0DD89F29,27,rama2,20,0,9D5F52A9
0DD89F29,27,rama2,21,0,9D5F52A9
9D6782B8,27,tronco,1,0,575F4FA4
9D6782B8,27,tronco,3,0,8773EB2D
9D6782B8,27,tronco,5,0,E9CB2A59
9D6782B8,27,rama1,14,0,BCA80005
9D6782B8,27,rama1,15,0,BCA80005
9D6782B8,27,rama2,20,0,40E5AA62
9D6782B8,27,rama2,21,0,40E5AA62
EA60B22E,27,tronco,1,0,166E54BD
EA60B22E,27,tronco,3,0,D53D7996
EA60B22E,27,tronco,5,0,B86D6C61
EA60B22E,27,rama1,14,0,8FF932E5
EA60B22E,27,rama1,15,0,8FF932E5
EA60B22E,27,rama2,20,0,5590EE4C
EA60B22E,27,rama2,21,0,5590EE4C
AEDC233A,27,tronco,1,0,5072F743
AEDC233A,27,tronco,3,0,023C65F8
AEDC233A,27,tronco,5,0,C2879C50
AEDC233A,27,rama1,14,0,88D48A02
AEDC233A,27,rama1,15,0,88D48A02
AEDC233A,27,rama2,20,0,19C93592
AEDC233A,27,rama2,21,0,19C93592
D9DB13AC,27,tronco,1,0,5072F743
D9DB13AC,27,tronco,3,0,A1A90166
D9DB13AC,27,tronco,5,0,663F4029
D9DB13AC,27,rama1,14,0,890D63EC
D9DB13AC,27,rama1,15,0,890D63EC
D9DB13AC,27,rama2,20,0,40E5AA62
D9DB13AC,27,rama2,21,0,40E5AA62
40D24216,27,tronco,1,0,C642F034
40D24216,27,tronco,3,0,8DC80F88
40D24216,27,tronco,5,0,663F4029
40D24216,27,rama1,14,0,97E4B60C
40D24216,27,rama1,15,0,97E4B60C
40D24216,27,rama2,20,0,6A70F585
40D24216,27,rama2,21,0,6A70F585
37D57280,27,tronco,1,0,7B3E414A
37D57280,27,tronco,3,0,8DC80F88
37D57280,27,tronco,5,0,023C65F8
37D57280,27,rama1,14,0,6A70F585
37D57280,27,rama1,15,0,6A70F585
37D57280,27,rama2,20,0,4611FB6B
37D57280,27,rama2,21,0,4611FB6B
A9B1E723,27,tronco,1,0,999A3ECD
A9B1E723,27,tronco,3,0,8773EB2D
A9B1E723,27,tronco,5,0,DC6E49B0
A9B1E723,27,rama1,14,0,3ECA3637
A9B1E723,27,rama1,15,0,3ECA3637
A9B1E723,27,rama2,20,0,849B3FAE
A9B1E723,27,rama2,21,0,849B3FAE
DEB6D7B5,27,tronco,1,0,F4CA2B3A
DEB6D7B5,27,tronco,3,0,E0981A7F
DEB6D7B5,27,tronco,5,0,2E5D6B16
DEB6D7B5,27,rama1,14,0,6A70F585
DEB6D7B5,27,rama1,15,0,6A70F585
DEB6D7B5,27,rama2,20,0,1EE48D75
DEB6D7B5,27,rama2,21,0,1EE48D75
47BF860F,27,tronco,1,0,7B3E414A
47BF860F,27,tronco,3,0,76A81D08
47BF860F,27,tronco,5,0,9321DA68
47BF860F,27,rama1,14,0,40E5AA62
47BF860F,27,rama1,15,0,40E5AA62
47BF860F,27,rama2,20,0,1F3D649B
47BF860F,27,rama2,21,0,1F3D649B
30B8B699,27,tronco,1,0,3A0F5A53
30B8B699,27,tronco,3,0,37990611
30B8B699,27,tronco,5,0,539A23C0
30B8B699,27,rama1,14,0,D1F815F2
30B8B699,27,rama1,15,0,D1F815F2
30B8B699,27,rama2,20,0,47C81285
30B8B699,27,rama2,21,0,47C81285
A007AB08,27,tronco,1,0,0FAA39BA
A007AB08,27,tronco,3,0,D53D7996
A007AB08,27,tronco,5,0,940C628F
A007AB08,27,rama1,14,0,88D48A02
A007AB08,27,rama1,15,0,88D48A02
A007AB08,27,rama2,20,0,3285839B
A007AB08,27,rama2,21,0,3285839B
D7009B9E,27,tronco,1,0,575F4FA4
D7009B9E,27,tronco,3,0,D53D7996
D7009B9E,27,tronco,5,0,DC6E49B0
D7009B9E,27,rama1,14,0,4611FB6B
D7009B9E,27,rama1,15,0,4611FB6B
D7009B9E,27,rama2,20,0,01D4B17B
D7009B9E,27,rama2,21,0,01D4B17B
22208A4F,27,tronco,1,0,F4CA2B3A
22208A4F,27,tronco,3,0,E0981A7F
22208A4F,27,tronco,5,0,9321DA68
22208A4F,27,rama1,14,0,D1F815F2
22208A4F,27,rama1,15,0,D1F815F2
22208A4F,27,rama2,20,0,6BA91C6B
22208A4F,27,rama2,21,0,6BA91C6B
5527BAD9,27,tronco,1,0,ED0E463D
5527BAD9,27,tronco,3,0,A1A90166
5527BAD9,27,tronco,5,0,B86D6C61
5527BAD9,27,rama1,14,0,A4B584EC
5527BAD9,27,rama1,15,0,A4B584EC
5527BAD9,27,rama2,20,0,5590EE4C
5527BAD9,27,rama2,21,0,5590EE4C
CC2EEB63,27,tronco,1,0,5072F743
CC2EEB63,27,tronco,3,0,4420C606
CC2EEB63,27,tronco,5,0,B86D6C61
CC2EEB63,27,rama1,14,0,D6D5AD15
CC2EEB63,27,rama1,15,0,D6D5AD15
CC2EEB63,27,rama2,20,0,2A980772
CC2EEB63,27,rama2,21,0,2A980772
BB29DBF5,27,tronco,1,0,805E53CA
BB29DBF5,27,tronco,3,0,D210C171
BB29DBF5,27,tronco,5,0,539A23C0
BB29DBF5,27,rama1,14,0,E5849FF5
BB29DBF5,27,rama1,15,0,E5849FF5
BB29DBF5,27,rama2,20,0,5FD5966C
BB29DBF5,27,rama2,21,0,5FD5966C
254D4E56,27,tronco,1,0,1143EC5A
254D4E56,27,tronco,3,0,D53D7996
254D4E56,27,tronco,5,0,2E5D6B16
254D4E56,27,rama1,14,0,6A70F585
254D4E56,27,rama1,15,0,6A70F585
254D4E56,27,rama2,20,0,01D4B17B
254D4E56,27,rama2,21,0,01D4B17B
524A7EC0,27,tronco,1,0,166E54BD
524A7EC0,27,tronco,3,0,F95C7778
524A7EC0,27,tronco,5,0,9321DA68
524A7EC0,27,rama1,14,0,D1F815F2
524A7EC0,27,rama1,15,0,D1F815F2
524A7EC0,27,rama2,20,0,47C81285
524A7EC0,27,rama2,21,0,47C81285
CB432F7A,27,tronco,1,0,805E53CA
CB432F7A,27,tronco,3,0,A1A90166
CB432F7A,27,tronco,5,0,539A23C0
CB432F7A,27,rama1,14,0,1586803E
CB432F7A,27,rama1,15,0,1586803E
CB432F7A,27,rama2,20,0,9D5F52A9
CB432F7A,27,rama2,21,0,9D5F52A9
BC441FEC,27,tronco,1,0,ED0E463D
BC441FEC,27,tronco,3,0,F95C7778
BC441FEC,27,tronco,5,0,940C628F
BC441FEC,27,rama1,14,0,C83C78F5
BC441FEC,27,rama1,15,0,C83C78F5
BC441FEC,27,rama2,20,0,726D716C
BC441FEC,27,rama2,21,0,726D716C
2CFB027D,27,tronco,1,0,5072F743
2CFB027D,27,tronco,3,0,A1A90166
2CFB027D,27,tronco,5,0,9321DA68
2CFB027D,27,rama1,14,0,BCA80005
2CFB027D,27,rama1,15,0,BCA80005
2CFB027D,27,rama2,20,0,40E5AA62
2CFB027D,27,rama2,21,0,40E5AA62
5BFC32EB,27,tronco,1,0,B5FB3023
5BFC32EB,27,tronco,3,0,D210C171
5BFC32EB,27,tronco,5,0,F00F475E
5BFC32EB,27,rama1,14,0,8FF932E5
5BFC32EB,27,rama1,15,0,8FF932E5
5BFC32EB,27,rama2,20,0,1EE48D75
5BFC32EB,27,rama2,21,0,1EE48D75
1F40A3FF,27,tronco,1,0,AC3F5D24
1F40A3FF,27,tronco,3,0,E0981A7F
1F40A3FF,27,tronco,5,0,9321DA68
1F40A3FF,27,rama1,14,0,D1F815F2
1F40A3FF,27,rama1,15,0,D1F815F2
1F40A3FF,27,rama2,20,0,6BA91C6B
1F40A3FF,27,rama2,21,0,6BA91C6B
68479369,27,tronco,1,0,4E9B22A3
68479369,27,tronco,3,0,D210C171
68479369,27,tronco,5,0,1BF808FF
68479369,27,rama1,14,0,BD71E9EB
68479369,27,rama1,15,0,BD71E9EB
68479369,27,rama2,20,0,0720E072
68479369,27,rama2,21,0,0720E072
F14EC2D3,27,tronco,1,0,C16F48D3
F14EC2D3,27,tronco,3,0,430D7EE1
F14EC2D3,27,tronco,5,0,B86D6C61
F14EC2D3,27,rama1,14,0,D6D5AD15
F14EC2D3,27,rama1,15,0,D6D5AD15
F14EC2D3,27,rama2,20,0,40E5AA62
F14EC2D3,27,rama2,21,0,40E5AA62
8649F245,27,tronco,1,0,C642F034
8649F245,27,tronco,3,0,8773EB2D
8649F245,27,tronco,5,0,1BF808FF
8649F245,27,rama1,14,0,73B49882
8649F245,27,rama1,15,0,73B49882
8649F245,27,rama2,20,0,D021FC1C
8649F245,27,rama2,21,0,D021FC1C
182D67E6,27,tronco,1,0,575F4FA4
182D67E6,27,tronco,3,0,D53D7996
182D67E6,27,tronco,5,0,023C65F8
182D67E6,27,rama1,14,0,88D48A02
182D67E6,27,rama1,15,0,88D48A02
182D67E6,27,rama2,20,0,19C93592
182D67E6,27,rama2,21,0,19C93592
6F2A5770,27,tronco,1,0,7B3E414A
6F2A5770,27,tronco,3,0,76A81D08
6F2A5770,27,tronco,5,0,DC6E49B0
6F2A5770,27,rama1,14,0,FD991B1C
6F2A5770,27,rama1,15,0,FD991B1C
6F2A5770,27,rama2,20,0,5E0C7F82
6F2A5770,27,rama2,21,0,5E0C7F82
F62306CA,27,tronco,1,0,1143EC5A
F62306CA,27,tronco,3,0,CCF91491
F62306CA,27,tronco,5,0,C2879C50
F62306CA,27,rama1,14,0,1586803E
F62306CA,27,rama1,15,0,1586803E
F62306CA,27,rama2,20,0,A8FA3140
F62306CA,27,rama2,21,0,A8FA3140
8124365C,27,tronco,1,0,4E9B22A3
8124365C,27,tronco,3,0,CCF91491
8124365C,27,tronco,5,0,9321DA68
8124365C,27,rama1,14,0,BCA80005
8124365C,27,rama1,15,0,BCA80005
8124365C,27,rama2,20,0,1F3D649B
8124365C,27,rama2,21,0,1F3D649B
119B2BCD,27,tronco,1,0,4E9B22A3
119B2BCD,27,tronco,3,0,430D7EE1
119B2BCD,27,tronco,5,0,940C628F
119B2BCD,27,rama1,14,0,8FF932E5
119B2BCD,27,rama1,15,0,8FF932E5
119B2BCD,27,rama2,20,0,3285839B
119B2BCD,27,rama2,21,0,3285839B
669C1B5B,27,tronco,1,0,9321DA68
669C1B5B,27,tronco,3,0,8773EB2D
669C1B5B,27,tronco,5,0,1BF808FF
669C1B5B,27,rama1,14,0,4611FB6B
669C1B5B,27,rama1,15,0,4611FB6B
669C1B5B,27,rama2,20,0,FC40F2F2
669C1B5B,27,rama2,21,0,FC40F2F2
EED3E1C7,27,tronco,1,0,7B3E414A
EED3E1C7,27,tronco,3,0,76A81D08
EED3E1C7,27,tronco,5,0,539A23C0
EED3E1C7,27,rama1,14,0,88D48A02
EED3E1C7,27,rama1,15,0,88D48A02
EED3E1C7,27,rama2,20,0,3285839B
EED3E1C7,27,rama2,21,0,3285839B
77DAB07D,27,tronco,1,0,3A0F5A53
77DAB07D,27,tronco,3,0,CCF91491
77DAB07D,27,tronco,5,0,C2879C50
77DAB07D,27,rama1,14,0,890D63EC
77DAB07D,27,rama1,15,0,890D63EC
77DAB07D,27,rama2,20,0,2A980772
77DAB07D,27,rama2,21,0,2A980772
00DD80EB,27,tronco,1,0,3A0F5A53
00DD80EB,27,tronco,3,0,A1A90166
00DD80EB,27,tronco,5,0,023C65F8
00DD80EB,27,rama1,14,0,4611FB6B
00DD80EB,27,rama1,15,0,4611FB6B
00DD80EB,27,rama2,20,0,FC40F2F2
00DD80EB,27,rama2,21,0,FC40F2F2
9EB91548,27,tronco,1,0,3A0F5A53
9EB91548,27,tronco,3,0,A1A90166
9EB91548,27,tronco,5,0,023C65F8
9EB91548,27,rama1,14,0,FD991B1C
9EB91548,27,rama1,15,0,FD991B1C
9EB91548,27,rama2,20,0,5E0C7F82
9EB91548,27,rama2,21,0,5E0C7F82
E9BE25DE,27,tronco,1,0,3A0F5A53
E9BE25DE,27,tronco,3,0,A1A90166
E9BE25DE,27,tronco,5,0,023C65F8
E9BE25DE,27,rama1,14,0,3ECA3637
E9BE25DE,27,rama1,15,0,3ECA3637
E9BE25DE,27,rama2,20,0,83B68749
E9BE25DE,27,rama2,21,0,83B68749
70B77464,27,tronco,1,0,3A0F5A53
70B77464,27,tronco,3,0,A1A90166
70B77464,27,tronco,5,0,023C65F8
70B77464,27,rama1,14,0,E5849FF5
70B77464,27,rama1,15,0,E5849FF5
70B77464,27,rama2,20,0,0720E072
70B77464,27,rama2,21,0,0720E072
07B044F2,27,tronco,1,0,0FAA39BA
07B044F2,27,tronco,3,0,37990611
07B044F2,27,tronco,5,0,1BF808FF
07B044F2,27,rama1,14,0,C9E5911B
07B044F2,27,rama1,15,0,C9E5911B
07B044F2,27,rama2,20,0,2B41EE9C
07B044F2,27,rama2,21,0,2B41EE9C
528802F4,27,tronco,1,0,C642F034
528802F4,27,tronco,3,0,E0981A7F
528802F4,27,tronco,5,0,7FFB2D2E
528802F4,27,rama1,14,0,4611FB6B
528802F4,27,rama1,15,0,4611FB6B
528802F4,27,rama2,20,0,01D4B17B
528802F4,27,rama2,21,0,01D4B17B
258F3262,27,tronco,1,0,F4CA2B3A
258F3262,27,tronco,3,0,8773EB2D
258F3262,27,tronco,5,0,1BF808FF
258F3262,27,rama1,14,0,90C90EEB
258F3262,27,rama1,15,0,90C90EEB
258F3262,27,rama2,20,0,40E5AA62
258F3262,27,rama2,21,0,40E5AA62
BC8663D8,27,tronco,1,0,0FAA39BA
BC8663D8,27,tronco,3,0,E0981A7F
BC8663D8,27,tronco,5,0,7FFB2D2E
BC8663D8,27,rama1,14,0,1586803E
BC8663D8,27,rama1,15,0,1586803E
BC8663D8,27,rama2,20,0,849B3FAE
BC8663D8,27,rama2,21,0,849B3FAE
CB81534E,27,tronco,1,0,166E54BD
CB81534E,27,tronco,3,0,D210C171
CB81534E,27,tronco,5,0,4A5E4EC7
CB81534E,27,rama1,14,0,E5849FF5
CB81534E,27,rama1,15,0,E5849FF5
CB81534E,27,rama2,20,0,5FD5966C
CB81534E,27,rama2,21,0,5FD5966C
55E5C6ED,27,tronco,1,0,F4CA2B3A
55E5C6ED,27,tronco,3,0,8773EB2D
55E5C6ED,27,tronco,5,0,663F4029
55E5C6ED,27,rama1,14,0,97E4B60C
55E5C6ED,27,rama1,15,0,97E4B60C
55E5C6ED,27,rama2,20,0,01D4B17B
55E5C6ED,27,rama2,21,0,01D4B17B
22E2F67B,27,tronco,1,0,5072F743
22E2F67B,27,tronco,3,0,8773EB2D
22E2F67B,27,tronco,5,0,1BF808FF
22E2F67B,27,rama1,14,0,CEC829FC
22E2F67B,27,rama1,15,0,CEC829FC
22E2F67B,27,rama2,20,0,47C81285
22E2F67B,27,rama2,21,0,47C81285
BBEBA7C1,27,tronco,1,0,3A0F5A53
BBEBA7C1,27,tronco,3,0,E0981A7F
BBEBA7C1,27,tronco,5,0,1BF808FF
BBEBA7C1,27,rama1,14,0,BD71E9EB
BBEBA7C1,27,rama1,15,0,BD71E9EB
BBEBA7C1,27,rama2,20,0,2B41EE9C
BBEBA7C1,27,rama2,21,0,2B41EE9C
CCEC9757,27,tronco,1,0,7B3E414A
CCEC9757,27,tronco,3,0,D210C171
CCEC9757,27,tronco,5,0,E9CB2A59
CCEC9757,27,rama1,14,0,6A70F585
CCEC9757,27,rama1,15,0,6A70F585
CCEC9757,27,rama2,20,0,D021FC1C
CCEC9757,27,rama2,21,0,D021FC1C
5C538AC6,27,tronco,1,0,4E9B22A3
5C538AC6,27,tronco,3,0,5AC913E6
5C538AC6,27,tronco,5,0,023C65F8
5C538AC6,27,rama1,14,0,BD71E9EB
5C538AC6,27,rama1,15,0,BD71E9EB
5C538AC6,27,rama2,20,0,0720E072
5C538AC6,27,rama2,21,0,0720E072
2B54BA50,27,tronco,1,0,C642F034
2B54BA50,27,tronco,3,0,CCF91491
2B54BA50,27,tronco,5,0,C2879C50
2B54BA50,27,rama1,14,0,890D63EC
2B54BA50,27,rama1,15,0,890D63EC
2B54BA50,27,rama2,20,0,06F9099C
2B54BA50,27,rama2,21,0,06F9099C
6FE82B44,27,tronco,1,0,166E54BD
6FE82B44,27,tronco,3,0,CCF91491
6FE82B44,27,tronco,5,0,7FFB2D2E
6FE82B44,27,rama1,14,0,D6D5AD15
6FE82B44,27,rama1,15,0,D6D5AD15
6FE82B44,27,rama2,20,0,A56C6D02
6FE82B44,27,rama2,21,0,335C6A75
18EF1BD2,27,tronco,1,0,F4CA2B3A
18EF1BD2,27,tronco,3,0,F95C7778
18EF1BD2,27,tronco,5,0,9321DA68
18EF1BD2,27,rama1,14,0,8FF932E5
18EF1BD2,27,rama1,15,0,8FF932E5
18EF1BD2,27,rama2,20,0,1EE48D75
18EF1BD2,27,rama2,21,0,1EE48D75
81E64A68,27,tronco,1,0,4E9B22A3
81E64A68,27,tronco,3,0,76A81D08
81E64A68,27,tronco,5,0,2E5D6B16
81E64A68,27,rama1,14,0,3ECA3637
81E64A68,27,rama1,15,0,3ECA3637
81E64A68,27,rama2,20,0,A8FA3140
81E64A68,27,rama2,21,0,A8FA3140
F6E17AFE,27,tronco,1,0,ED0E463D
F6E17AFE,27,tronco,3,0,8773EB2D
F6E17AFE,27,tronco,5,0,B86D6C61
F6E17AFE,27,rama1,14,0,FD991B1C
F6E17AFE,27,rama1,15,0,FD991B1C
F6E17AFE,27,rama2,20,0,726D716C
F6E17AFE,27,rama2,21,0,726D716C
6885EF5D,27,tronco,1,0,7B3E414A
6885EF5D,27,tronco,3,0,430D7EE1
6885EF5D,27,tronco,5,0,1BF808FF
6885EF5D,27,rama1,14,0,FC40F2F2
6885EF5D,27,rama1,15,0,FC40F2F2
6885EF5D,27,rama2,20,0,D021FC1C
6885EF5D,27,rama2,21,0,D021FC1C
1F82DFCB,27,tronco,1,0,D8AB25D4
1F82DFCB,27,tronco,3,0,4420C606
1F82DFCB,27,tronco,5,0,1BF808FF
1F82DFCB,27,rama1,14,0,E45D761B
1F82DFCB,27,rama1,15,0,E45D761B
1F82DFCB,27,rama2,20,0,726D716C
1F82DFCB,27,rama2,21,0,726D716C
868B8E71,27,tronco,1,0,5072F743
868B8E71,27,tronco,3,0,6F6C700F
868B8E71,27,tronco,5,0,C3A0E93B
868B8E71,27,rama1,14,0,1586803E
868B8E71,27,rama1,15,0,1586803E
868B8E71,27,rama2,20,0,9D5F52A9
868B8E71,27,rama2,21,0,9D5F52A9
F18CBEE7,27,tronco,1,0,ED0E463D
F18CBEE7,27,tronco,3,0,4420C606
F18CBEE7,27,tronco,5,0,940C628F
F18CBEE7,27,rama1,14,0,90C90EEB
F18CBEE7,27,rama1,15,0,90C90EEB
F18CBEE7,27,rama2,20,0,2A980772
F18CBEE7,27,rama2,21,0,2A980772
6133A376,27,tronco,1,0,0FAA39BA
6133A376,27,tronco,3,0,8773EB2D
6133A376,27,tronco,5,0,023C65F8
6133A376,27,rama1,14,0,88D48A02
6133A376,27,rama1,15,0,88D48A02
6133A376,27,rama2,20,0,5590EE4C
6133A376,27,rama2,21,0,5590EE4C
163493E0,27,tronco,1,0,C642F034
163493E0,27,tronco,3,0,CCF91491
163493E0,27,tronco,5,0,539A23C0
163493E0,27,rama1,14,0,12AB38D9
163493E0,27,rama1,15,0,12AB38D9
163493E0,27,rama2,20,0,A8FA3140
163493E0,27,rama2,21,0,A8FA3140
68040396,27,tronco,1,0,B5FB3023
68040396,27,tronco,3,0,CCF91491
68040396,27,tronco,5,0,7FFB2D2E
68040396,27,rama1,14,0,FD991B1C
68040396,27,rama1,15,0,FD991B1C
68040396,27,rama2,20,0,47C81285
68040396,27,rama2,21,0,47C81285
1F033300,27,tronco,1,0,ED0E463D
1F033300,27,tronco,3,0,CCF91491
1F033300,27,tronco,5,0,023C65F8
1F033300,27,rama1,14,0,1F3D649B
1F033300,27,rama1,15,0,1F3D649B
1F033300,27,rama2,20,0,335C6A75
1F033300,27,rama2,21,0,335C6A75
860A62BA,27,tronco,1,0,3A0F5A53
860A62BA,27,tronco,3,0,76A81D08
860A62BA,27,tronco,5,0,2E5D6B16
860A62BA,27,rama1,14,0,E5849FF5
860A62BA,27,rama1,15,0,E5849FF5
860A62BA,27,rama2,20,0,0720E072
860A62BA,27,rama2,21,0,0720E072
F10D522C,27,tronco,1,0,999A3ECD
F10D522C,27,tronco,3,0,F95C7778
F10D522C,27,tronco,5,0,940C628F
F10D522C,27,rama1,14,0,97E4B60C
F10D522C,27,rama1,15,0,97E4B60C
F10D522C,27,rama2,20,0,D021FC1C
F10D522C,27,rama2,21,0,D021FC1C
6F69C78F,27,tronco,1,0,ED0E463D
6F69C78F,27,tronco,3,0,A1A90166
6F69C78F,27,tronco,5,0,023C65F8
6F69C78F,27,rama1,14,0,BCA80005
6F69C78F,27,rama1,15,0,BCA80005
6F69C78F,27,rama2,20,0,40E5AA62
6F69C78F,27,rama2,21,0,40E5AA62
186EF719,27,tronco,1,0,0FAA39BA
186EF719,27,tronco,3,0,1BF808FF
186EF719,27,tronco,5,0,B13E5C47
186EF719,27,rama1,14,0,E45D761B
186EF719,27,rama1,15,0,E45D761B
186EF719,27,rama2,20,0,47C81285
186EF719,27,rama2,21,0,47C81285
8167A6A3,27,tronco,1,0,7B3E414A
8167A6A3,27,tronco,3,0,5AC913E6
8167A6A3,27,tronco,5,0,023C65F8
8167A6A3,27,rama1,14,0,12AB38D9
8167A6A3,27,rama1,15,0,12AB38D9
8167A6A3,27,rama2,20,0,9D5F52A9
8167A6A3,27,rama2,21,0,9D5F52A9
F6609635,27,tronco,1,0,F4CA2B3A
F6609635,27,tronco,3,0,5AC913E6
F6609635,27,tronco,5,0,940C628F
F6609635,27,rama1,14,0,9110E705
F6609635,27,rama1,15,0,9110E705
F6609635,27,rama2,20,0,3285839B
F6609635,27,rama2,21,0,3285839B
66DF8BA4,27,tronco,1,0,23CB3754
66DF8BA4,27,tronco,3,0,8773EB2D
66DF8BA4,27,tronco,5,0,7FFB2D2E
66DF8BA4,27,rama1,14,0,D1F815F2
66DF8BA4,27,rama1,15,0,D1F815F2
66DF8BA4,27,rama2,20,0,6BA91C6B
66DF8BA4,27,rama2,21,0,6BA91C6B
11D8BB32,27,tronco,1,0,C642F034
11D8BB32,27,tronco,3,0,F95C7778
11D8BB32,27,tronco,5,0,539A23C0
11D8BB32,27,rama1,14,0,C9E5911B
11D8BB32,27,rama1,15,0,C9E5911B
11D8BB32,27,rama2,20,0,58F82E8B
11D8BB32,27,rama2,21,0,58F82E8B
3FB9210C,27,tronco,1,0,F4CA2B3A
3FB9210C,27,tronco,3,0,CCF91491
3FB9210C,27,tronco,5,0,023C65F8
3FB9210C,27,rama1,14,0,FD991B1C
3FB9210C,27,rama1,15,0,FD991B1C
3FB9210C,27,rama2,20,0,47C81285
3FB9210C,27,rama2,21,0,47C81285
48BE119A,27,tronco,1,0,3A0F5A53
48BE119A,27,tronco,3,0,76A81D08
48BE119A,27,tronco,5,0,4A5E4EC7
48BE119A,27,rama1,14,0,6A70F585
48BE119A,27,rama1,15,0,6A70F585
48BE119A,27,rama2,20,0,01D4B17B
48BE119A,27,rama2,21,0,01D4B17B
D1B74020,27,tronco,1,0,3A0F5A53
D1B74020,27,tronco,3,0,D53D7996
D1B74020,27,tronco,5,0,C5AA24B7
D1B74020,27,rama1,14,0,C83C78F5
D1B74020,27,rama1,15,0,C83C78F5
D1B74020,27,rama2,20,0,D1F815F2
D1B74020,27,rama2,21,0,D1F815F2
A6B070B6,27,tronco,1,0,B5FB3023
A6B070B6,27,tronco,3,0,6F6C700F
A6B070B6,27,tronco,5,0,940C628F
A6B070B6,27,rama1,14,0,A56C6D02
A6B070B6,27,rama1,15,0,A56C6D02
A6B070B6,27,rama2,20,0,1F3D649B
A6B070B6,27,rama2,21,0,1F3D649B
38D4E515,27,tronco,1,0,1143EC5A
38D4E515,27,tronco,3,0,37990611
38D4E515,27,tronco,5,0,C5AA24B7
38D4E515,27,rama1,14,0,1586803E
38D4E515,27,rama1,15,0,1586803E
38D4E515,27,rama2,20,0,9D5F52A9
38D4E515,27,rama2,21,0,9D5F52A9
4FD3D583,27,tronco,1,0,F4CA2B3A
4FD3D583,27,tronco,3,0,805E53CA
4FD3D583,27,tronco,5,0,4A5E4EC7
4FD3D583,27,rama1,14,0,A4B584EC
4FD3D583,27,rama1,15,0,A4B584EC
4FD3D583,27,rama2,20,0,19C93592
4FD3D583,27,rama2,21,0,19C93592
D6DA8439,27,tronco,1,0,3A0F5A53
D6DA8439,27,tronco,3,0,8DC80F88
D6DA8439,27,tronco,5,0,DC6E49B0
D6DA8439,27,rama1,14,0,6A70F585
D6DA8439,27,rama1,15,0,6A70F585
D6DA8439,27,rama2,20,0,D021FC1C
D6DA8439,27,rama2,21,0,D021FC1C
A1DDB4AF,27,tronco,1,0,ED0E463D
A1DDB4AF,27,tronco,3,0,F95C7778
A1DDB4AF,27,tronco,5,0,9321DA68
A1DDB4AF,27,rama1,14,0,0B6F55DE
A1DDB4AF,27,rama1,15,0,0B6F55DE
A1DDB4AF,27,rama2,20,0,A8FA3140
A1DDB4AF,27,rama2,21,0,A8FA3140
3162A93E,27,tronco,1,0,23CB3754
3162A93E,27,tronco,3,0,CCF91491
3162A93E,27,tronco,5,0,7FFB2D2E
3162A93E,27,rama1,14,0,D1F815F2
3162A93E,27,rama1,15,0,D1F815F2
3162A93E,27,rama2,20,0,726D716C
3162A93E,27,rama2,21,0,726D716C
466599A8,27,tronco,1,0,0FAA39BA
466599A8,27,tronco,3,0,E0981A7F
466599A8,27,tronco,5,0,C2879C50
466599A8,27,rama1,14,0,40E5AA62
466599A8,27,rama1,15,0,40E5AA62
466599A8,27,rama2,20,0,335C6A75
466599A8,27,rama2,21,0,335C6A75
17E8CDF4,27,tronco,1,0,166E54BD
17E8CDF4,27,tronco,3,0,5AC913E6
17E8CDF4,27,tronco,5,0,1BF808FF
17E8CDF4,27,rama1,14,0,12AB38D9
17E8CDF4,27,rama1,15,0,12AB38D9
17E8CDF4,27,rama2,20,0,83B68749
17E8CDF4,27,rama2,21,0,83B68749
8EE19C4E,27,tronco,1,0,7B3E414A
8EE19C4E,27,tronco,3,0,6F6C700F
8EE19C4E,27,tronco,5,0,023C65F8
8EE19C4E,27,rama1,14,0,C83C78F5
8EE19C4E,27,rama1,15,0,C83C78F5
8EE19C4E,27,rama2,20,0,5E0C7F82
8EE19C4E,27,rama2,21,0,5E0C7F82
F9E6ACD8,27,tronco,1,0,7B3E414A
F9E6ACD8,27,tronco,3,0,D53D7996
F9E6ACD8,27,tronco,5,0,F00F475E
F9E6ACD8,27,rama1,14,0,FC40F2F2
F9E6ACD8,27,rama1,15,0,FC40F2F2
F9E6ACD8,27,rama2,20,0,FC40F2F2
F9E6ACD8,27,rama2,21,0,FC40F2F2
A12D0588,27,tronco,1,0,F4CA2B3A
A12D0588,27,tronco,3,0,D210C171
A12D0588,27,tronco,5,0,9321DA68
A12D0588,27,rama1,14,0,90C90EEB
A12D0588,27,rama1,15,0,90C90EEB
A12D0588,27,rama2,19,0,335C6A75
A12D0588,27,rama2,20,0,335C6A75
A12D0588,27,rama2,21,0,335C6A75
D62A351E,27,tronco,1,0,F4CA2B3A
D62A351E,27,tronco,3,0,A1A90166
D62A351E,27,tronco,5,0,C2879C50
D62A351E,27,rama1,14,0,12AB38D9
D62A351E,27,rama1,15,0,12AB38D9
D62A351E,27,rama2,20,0,A8FA3140
D62A351E,27,rama2,21,0,A8FA3140
4F2364A4,27,tronco,1,0,166E54BD
4F2364A4,27,tronco,3,0,D210C171
4F2364A4,27,tronco,5,0,E9CB2A59
4F2364A4,27,rama1,14,0,CEC829FC
4F2364A4,27,rama1,15,0,CEC829FC
4F2364A4,27,rama2,20,0,5E0C7F82
4F2364A4,27,rama2,21,0,5E0C7F82
38245432,27,tronco,1,0,F4CA2B3A
38245432,27,tronco,3,0,F95C7778
38245432,27,tronco,5,0,C2879C50
38245432,27,rama1,14,0,BCA80005
38245432,27,rama1,15,0,BCA80005
38245432,27,rama2,20,0,40E5AA62
38245432,27,rama2,21,0,40E5AA62
A640C191,27,tronco,1,0,575F4FA4
A640C191,27,tronco,3,0,8DC80F88
A640C191,27,tronco,5,0,940C628F
A640C191,27,rama1,14,0,C9E5911B
A640C191,27,rama1,15,0,C9E5911B
A640C191,27,rama2,20,0,2B41EE9C
A640C191,27,rama2,21,0,2B41EE9C
D147F107,27,tronco,1,0,575F4FA4
D147F107,27,tronco,3,0,76A81D08
D147F107,27,tronco,5,0,E9CB2A59
D147F107,27,rama1,14,0,12AB38D9
D147F107,27,rama1,15,0,12AB38D9
D147F107,27,rama2,20,0,A8FA3140
D147F107,27,rama2,21,0,A8FA3140
484EA0BD,27,tronco,1,0,C16F48D3
484EA0BD,27,tronco,3,0,8773EB2D
484EA0BD,27,tronco,5,0,663F4029
484EA0BD,27,rama1,14,0,D1F815F2
484EA0BD,27,rama1,15,0,D1F815F2
484EA0BD,27,rama2,20,0,726D716C
484EA0BD,27,rama2,21,0,726D716C
3F49902B,27,tronco,1,0,C16F48D3
3F49902B,27,tronco,3,0,4420C606
3F49902B,27,tronco,5,0,1BF808FF
3F49902B,27,rama1,14,0,CEC829FC
3F49902B,27,rama1,15,0,CEC829FC
3F49902B,27,rama2,20,0,5FD5966C
3F49902B,27,rama2,21,0,5FD5966C
AFF68DBA,27,tronco,1,0,ED0E463D
AFF68DBA,27,tronco,3,0,CCF91491
AFF68DBA,27,tronco,5,0,940C628F
AFF68DBA,27,rama1,14,0,1586803E
AFF68DBA,27,rama1,15,0,1586803E
AFF68DBA,27,rama2,20,0,9D5F52A9
AFF68DBA,27,rama2,21,0,9D5F52A9
D8F1BD2C,27,tronco,1,0,F4CA2B3A
D8F1BD2C,27,tronco,3,0,8773EB2D
D8F1BD2C,27,tronco,5,0,9321DA68
D8F1BD2C,27,rama1,14,0,890D63EC
D8F1BD2C,27,rama1,15,0,890D63EC
D8F1BD2C,27,rama2,20,0,1F3D649B
D8F1BD2C,27,rama2,21,0,1F3D649B
6761B45C,27,tronco,1,0,E9CB2A59
6761B45C,27,tronco,3,0,F4CA2B3A
6761B45C,27,tronco,5,0,1BF808FF
6761B45C,27,rama1,14,0,90C90EEB
6761B45C,27,rama1,15,0,90C90EEB
6761B45C,27,rama2,20,0,40E5AA62
6761B45C,27,rama2,21,0,40E5AA62
106684CA,27,tronco,1,0,C642F034
106684CA,27,tronco,3,0,4420C606
106684CA,27,tronco,5,0,1BF808FF
106684CA,27,rama1,14,0,E5849FF5
106684CA,27,rama1,15,0,E5849FF5
106684CA,27,rama2,20,0,58F82E8B
106684CA,27,rama2,21,0,58F82E8B
896FD570,27,tronco,1,0,999A3ECD
896FD570,27,tronco,3,0,5AC913E6
896FD570,27,tronco,5,0,54B79B27
896FD570,27,rama1,14,0,E45D761B
896FD570,27,rama1,15,0,E45D761B
896FD570,27,rama2,20,0,47C81285
896FD570,27,rama2,21,0,47C81285
FE68E5E6,27,tronco,1,0,575F4FA4
FE68E5E6,27,tronco,3,0,A1A90166
FE68E5E6,27,tronco,5,0,023C65F8
FE68E5E6,27,rama1,14,0,0B6F55DE
FE68E5E6,27,rama1,15,0,0B6F55DE
FE68E5E6,27,rama2,20,0,A8FA3140
FE68E5E6,27,rama2,21,0,A8FA3140
600C7045,27,tronco,1,0,0FAA39BA
600C7045,27,tronco,3,0,F95C7778
600C7045,27,tronco,5,0,E9CB2A59
600C7045,27,rama1,14,0,90C90EEB
600C7045,27,rama1,15,0,90C90EEB
600C7045,27,rama2,20,0,06F9099C
600C7045,27,rama2,21,0,06F9099C
170B40D3,27,tronco,1,0,B5FB3023
170B40D3,27,tronco,3,0,430D7EE1
170B40D3,27,tronco,5,0,539A23C0
170B40D3,27,rama1,14,0,E5849FF5
170B40D3,27,rama1,15,0,E5849FF5
170B40D3,27,rama2,20,0,58F82E8B
170B40D3,27,rama2,21,0,58F82E8B
8E021169,27,tronco,1,0,23CB3754
8E021169,27,tronco,3,0,F95C7778
8E021169,27,tronco,5,0,023C65F8
8E021169,27,rama1,14,0,E45D761B
8E021169,27,rama1,15,0,E45D761B
8E021169,27,rama2,20,0,726D716C
8E021169,27,rama2,21,0,726D716C
F90521FF,27,tronco,1,0,166E54BD
F90521FF,27,tronco,3,0,76A81D08
F90521FF,27,tronco,5,0,2E5D6B16
F90521FF,27,rama1,14,0,BD71E9EB
F90521FF,27,rama1,15,0,BD71E9EB
F90521FF,27,rama2,20,0,0720E072
F90521FF,27,rama2,21,0,0720E072
69BA3C6E,27,tronco,1,0,23CB3754
69BA3C6E,27,tronco,3,0,E0981A7F
69BA3C6E,27,tronco,5,0,663F4029
69BA3C6E,27,rama1,14,0,3ECA3637
69BA3C6E,27,rama1,15,0,3ECA3637
69BA3C6E,27,rama2,20,0,849B3FAE
69BA3C6E,27,rama2,21,0,849B3FAE
1EBD0CF8,27,tronco,1,0,AC3F5D24
1EBD0CF8,27,tronco,3,0,F95C7778
1EBD0CF8,27,tronco,5,0,023C65F8
1EBD0CF8,27,rama1,14,0,E45D761B
1EBD0CF8,27,rama1,15,0,E45D761B
1EBD0CF8,27,rama2,20,0,6BA91C6B
1EBD0CF8,27,rama2,21,0,6BA91C6B
2D453D85,27,tronco,1,0,ED0E463D
2D453D85,27,tronco,3,0,F95C7778
2D453D85,27,tronco,5,0,DC6E49B0
2D453D85,27,rama1,14,0,A56C6D02
2D453D85,27,rama1,15,0,A56C6D02
2D453D85,27,rama2,20,0,335C6A75
2D453D85,27,rama2,21,0,335C6A75
5A420D13,27,tronco,1,0,999A3ECD
5A420D13,27,tronco,3,0,E0981A7F
5A420D13,27,tronco,5,0,9321DA68
5A420D13,27,rama1,14,0,0720E072
5A420D13,27,rama1,15,0,0720E072
5A420D13,27,rama2,20,0,5FD5966C
5A420D13,27,rama2,21,0,5FD5966C
C34B5CA9,27,tronco,1,0,4E9B22A3
C34B5CA9,27,tronco,3,0,A1A90166
C34B5CA9,27,tronco,5,0,7FFB2D2E
C34B5CA9,27,rama1,14,0,A56C6D02
C34B5CA9,27,rama1,15,0,A56C6D02
C34B5CA9,27,rama2,20,0,2A980772
C34B5CA9,27,rama2,21,0,2A980772
B44C6C3F,27,tronco,1,0,B5FB3023
B44C6C3F,27,tronco,3,0,E0981A7F
B44C6C3F,27,tronco,5,0,2E5D6B16
B44C6C3F,27,rama1,14,0,12AB38D9
B44C6C3F,27,rama1,15,0,12AB38D9
B44C6C3F,27,rama2,20,0,9D5F52A9
B44C6C3F,27,rama2,21,0,9D5F52A9
2A28F99C,27,tronco,1,0,B5FB3023
2A28F99C,27,tronco,3,0,6F6C700F
2A28F99C,27,tronco,5,0,54B79B27
2A28F99C,27,rama1,14,0,A4B584EC
2A28F99C,27,rama1,15,0,A4B584EC
2A28F99C,27,rama2,20,0,5590EE4C
2A28F99C,27,rama2,21,0,5590EE4C
5D2FC90A,27,tronco,1,0,999A3ECD
5D2FC90A,27,tronco,3,0,A1A90166
5D2FC90A,27,tronco,5,0,B86D6C61
5D2FC90A,27,rama1,14,0,C83C78F5
5D2FC90A,27,rama1,15,0,C83C78F5
5D2FC90A,27,rama2,20,0,83B68749
5D2FC90A,27,rama2,21,0,83B68749
C42698B0,27,tronco,1,0,ED0E463D
C42698B0,27,tronco,3,0,37990611
C42698B0,27,tronco,5,0,2E5D6B16
C42698B0,27,rama1,14,0,4611FB6B
C42698B0,27,rama1,15,0,4611FB6B
C42698B0,27,rama2,20,0,D021FC1C
C42698B0,27,rama2,21,0,D021FC1C
B321A826,27,tronco,1,0,F95C7778
B321A826,27,tronco,3,0,166E54BD
B321A826,27,tronco,5,0,9321DA68
B321A826,27,rama1,14,0,A56C6D02
B321A826,27,rama1,15,0,A56C6D02
B321A826,27,rama2,20,0,2A980772
B321A826,27,rama2,21,0,2A980772
239EB5B7,27,tronco,1,0,999A3ECD
239EB5B7,27,tronco,3,0,D210C171
239EB5B7,27,tronco,5,0,E9CB2A59
239EB5B7,27,rama1,14,0,CEC829FC
239EB5B7,27,rama1,15,0,CEC829FC
239EB5B7,27,rama2,20,0,0720E072
239EB5B7,27,rama2,21,0,0720E072
54998521,27,tronco,1,0,F4CA2B3A
54998521,27,tronco,3,0,D210C171
54998521,27,tronco,5,0,663F4029
54998521,27,rama1,14,0,8FF932E5
54998521,27,rama1,15,0,8FF932E5
54998521,27,rama2,20,0,1EE48D75
54998521,27,rama2,21,0,1EE48D75
96B1669B,27,tronco,1,0,575F4FA4
96B1669B,27,tronco,3,0,37990611
96B1669B,27,tronco,5,0,539A23C0
96B1669B,27,rama1,14,0,9D5F52A9
96B1669B,27,rama1,15,0,9D5F52A9
96B1669B,27,rama2,20,0,A8FA3140
96B1669B,27,rama2,21,0,A8FA3140
E1B6560D,27,tronco,1,0,575F4FA4
E1B6560D,27,tronco,3,0,8DC80F88
E1B6560D,27,tronco,5,0,C2879C50
E1B6560D,27,rama1,14,0,CEC829FC
E1B6560D,27,rama1,15,0,CEC829FC
E1B6560D,27,rama2,20,0,58F82E8B
E1B6560D,27,rama2,21,0,58F82E8B
78BF07B7,27,tronco,1,0,D8AB25D4
78BF07B7,27,tronco,3,0,8773EB2D
78BF07B7,27,tronco,5,0,B86D6C61
78BF07B7,27,rama1,14,0,CEC829FC
78BF07B7,27,rama1,15,0,CEC829FC
78BF07B7,27,rama2,20,0,0720E072
78BF07B7,27,rama2,21,0,0720E072
0FB83721,27,tronco,1,0,1143EC5A
0FB83721,27,tronco,3,0,37990611
0FB83721,27,tronco,5,0,1BF808FF
0FB83721,27,rama1,14,0,335C6A75
0FB83721,27,rama1,15,0,335C6A75
0FB83721,27,rama2,20,0,06F9099C
0FB83721,27,rama2,21,0,06F9099C
91DCA282,27,tronco,1,0,F4CA2B3A
91DCA282,27,tronco,3,0,76A81D08
91DCA282,27,tronco,5,0,54B79B27
91DCA282,27,rama1,14,0,D1F815F2
91DCA282,27,rama1,15,0,D1F815F2
91DCA282,27,rama2,20,0,6BA91C6B
91DCA282,27,rama2,21,0,6BA91C6B
E6DB9214,27,tronco,1,0,3A0F5A53
E6DB9214,27,tronco,3,0,5AC913E6
E6DB9214,27,tronco,5,0,539A23C0
E6DB9214,27,rama1,14,0,BD71E9EB
E6DB9214,27,rama1,15,0,BD71E9EB
E6DB9214,27,rama2,20,0,2B41EE9C
E6DB9214,27,rama2,21,0,2B41EE9C
7FD2C3AE,27,tronco,1,0,0FAA39BA
7FD2C3AE,27,tronco,3,0,E0981A7F
7FD2C3AE,27,tronco,5,0,1BF808FF
7FD2C3AE,27,rama1,14,0,12AB38D9
7FD2C3AE,27,rama1,15,0,12AB38D9
7FD2C3AE,27,rama2,20,0,A8FA3140
7FD2C3AE,27,rama2,21,0,A8FA3140
08D5F338,27,tronco,1,0,B5FB3023
08D5F338,27,tronco,3,0,A1A90166
08D5F338,27,tronco,5,0,663F4029
08D5F338,27,rama1,14,0,97E4B60C
08D5F338,27,rama1,15,0,97E4B60C
08D5F338,27,rama2,20,0,FC40F2F2
08D5F338,27,rama2,21,0,FC40F2F2
986AEEA9,27,tronco,1,0,D8AB25D4
986AEEA9,27,tronco,3,0,D53D7996
986AEEA9,27,tronco,5,0,663F4029
986AEEA9,27,rama1,14,0,BCA80005
986AEEA9,27,rama1,15,0,BCA80005
986AEEA9,27,rama2,20,0,40E5AA62
986AEEA9,27,rama2,21,0,40E5AA62
EF6DDE3F,27,tronco,1,0,0FAA39BA
EF6DDE3F,27,tronco,3,0,4420C606
EF6DDE3F,27,tronco,5,0,B86D6C61
EF6DDE3F,27,rama1,14,0,D1F815F2
EF6DDE3F,27,rama1,15,0,D1F815F2
EF6DDE3F,27,rama2,20,0,5E0C7F82
EF6DDE3F,27,rama2,21,0,5E0C7F82
8FAA57DA,27,tronco,1,0,575F4FA4
8FAA57DA,27,tronco,3,0,4420C606
8FAA57DA,27,tronco,5,0,C2879C50
8FAA57DA,27,rama1,14,0,C83C78F5
8FAA57DA,27,rama1,15,0,C83C78F5
8FAA57DA,27,rama2,20,0,47C81285
8FAA57DA,27,rama2,21,0,47C81285
F8AD674C,27,tronco,1,0,D8AB25D4
F8AD674C,27,tronco,3,0,8773EB2D
F8AD674C,27,tronco,5,0,B86D6C61
F8AD674C,27,rama1,14,0,E45D761B
F8AD674C,27,rama1,15,0,E45D761B
F8AD674C,27,rama2,20,0,5E0C7F82
F8AD674C,27,rama2,21,0,5E0C7F82
61A436F6,27,tronco,1,0,1143EC5A
61A436F6,27,tronco,3,0,37990611
61A436F6,27,tronco,5,0,1BF808FF
61A436F6,27,rama1,14,0,D6D5AD15
61A436F6,27,rama1,15,0,D6D5AD15
61A436F6,27,rama2,20,0,2A980772
61A436F6,27,rama2,21,0,2A980772
B6D47F93,27,tronco,1,0,C642F034
B6D47F93,27,tronco,3,0,E0981A7F
B6D47F93,27,tronco,5,0,023C65F8
B6D47F93,27,rama1,14,0,1586803E
B6D47F93,27,rama1,15,0,1586803E
B6D47F93,27,rama2,20,0,9D5F52A9
B6D47F93,27,rama2,21,0,9D5F52A9
C1D34F05,27,tronco,1,0,3A0F5A53
C1D34F05,27,tronco,3,0,4420C606
C1D34F05,27,tronco,5,0,023C65F8
C1D34F05,27,rama1,14,0,BCA80005
C1D34F05,27,rama1,15,0,BCA80005
C1D34F05,27,rama2,20,0,40E5AA62
C1D34F05,27,rama2,21,0,40E5AA62
58DA1EBF,27,tronco,1,0,B5FB3023
58DA1EBF,27,tronco,3,0,8773EB2D
58DA1EBF,27,tronco,5,0,54B79B27
58DA1EBF,27,rama1,14,0,01D4B17B
58DA1EBF,27,rama1,15,0,01D4B17B
58DA1EBF,27,rama2,20,0,4611FB6B
58DA1EBF,27,rama2,21,0,4611FB6B
2FDD2E29,27,tronco,1,0,166E54BD
2FDD2E29,27,tronco,3,0,76A81D08
2FDD2E29,27,tronco,5,0,023C65F8
2FDD2E29,27,rama1,14,0,E5849FF5
2FDD2E29,27,rama1,15,0,E5849FF5
2FDD2E29,27,rama2,20,0,58F82E8B
2FDD2E29,27,rama2,21,0,58F82E8B
B1B9BB8A,27,tronco,1,0,AC3F5D24
B1B9BB8A,27,tronco,3,0,A1A90166
B1B9BB8A,27,tronco,5,0,9321DA68
B1B9BB8A,27,rama1,14,0,A56C6D02
B1B9BB8A,27,rama1,15,0,A56C6D02
B1B9BB8A,27,rama2,20,0,1F3D649B
B1B9BB8A,27,rama2,21,0,1F3D649B
C6BE8B1C,27,tronco,1,0,B5FB3023
C6BE8B1C,27,tronco,3,0,430D7EE1
C6BE8B1C,27,tronco,5,0,940C628F
C6BE8B1C,27,rama1,14,0,3ECA3637
C6BE8B1C,27,rama1,15,0,3ECA3637
C6BE8B1C,27,rama2,20,0,849B3FAE
C6BE8B1C,27,rama2,21,0,849B3FAE
5FB7DAA6,27,tronco,1,0,166E54BD
5FB7DAA6,27,tronco,3,0,76A81D08
5FB7DAA6,27,tronco,5,0,023C65F8
5FB7DAA6,27,rama1,14,0,E5849FF5
5FB7DAA6,27,rama1,15,0,E5849FF5
5FB7DAA6,27,rama2,20,0,2B41EE9C
5FB7DAA6,27,rama2,21,0,2B41EE9C
28B0EA30,27,tronco,1,0,5072F743
28B0EA30,27,tronco,3,0,F95C7778
28B0EA30,27,tronco,5,0,663F4029
28B0EA30,27,rama1,14,0,890D63EC
28B0EA30,27,rama1,15,0,890D63EC
28B0EA30,27,rama2,20,0,06F9099C
28B0EA30,27,rama2,21,0,06F9099C
B80FF7A1,27,tronco,1,0,3A0F5A53
B80FF7A1,27,tronco,3,0,D53D7996
B80FF7A1,27,tronco,5,0,C5AA24B7
B80FF7A1,27,rama1,14,0,9110E705
B80FF7A1,27,rama1,15,0,9110E705
B80FF7A1,27,rama2,20,0,19C93592
B80FF7A1,27,rama2,21,0,19C93592
CF08C737,27,tronco,1,0,1143EC5A
CF08C737,27,tronco,3,0,8773EB2D
CF08C737,27,tronco,5,0,023C65F8
CF08C737,27,rama1,14,0,D1F815F2
CF08C737,27,rama1,15,0,D1F815F2
CF08C737,27,rama2,20,0,726D716C
CF08C737,27,rama2,21,0,726D716C
8BB45623,27,tronco,1,0,F4CA2B3A
8BB45623,27,tronco,3,0,D210C171
8BB45623,27,tronco,5,0,9321DA68
8BB45623,27,rama1,14,0,D6D5AD15
8BB45623,27,rama1,15,0,D6D5AD15
8BB45623,27,rama2,20,0,06F9099C
8BB45623,27,rama2,21,0,06F9099C
FCB366B5,27,tronco,1,0,23CB3754
FCB366B5,27,tronco,3,0,F95C7778
FCB366B5,27,tronco,5,0,B86D6C61
FCB366B5,27,rama1,14,0,88D48A02
FCB366B5,27,rama1,15,0,88D48A02
FCB366B5,27,rama2,20,0,5590EE4C
FCB366B5,27,rama2,21,0,5590EE4C
65BA370F,27,tronco,1,0,23CB3754
65BA370F,27,tronco,3,0,F95C7778
65BA370F,27,tronco,5,0,54B79B27
65BA370F,27,rama1,14,0,E45D761B
65BA370F,27,rama1,15,0,E45D761B
65BA370F,27,rama2,20,0,6BA91C6B
65BA370F,27,rama2,21,0,6BA91C6B
12BD0799,27,tronco,1,0,C642F034
12BD0799,27,tronco,3,0,8773EB2D
12BD0799,27,tronco,5,0,F00F475E
12BD0799,27,rama1,14,0,83B68749
12BD0799,27,rama1,15,0,83B68749
12BD0799,27,rama2,20,0,A8FA3140
12BD0799,27,rama2,21,0,A8FA3140
8CD9923A,27,tronco,1,0,F4CA2B3A
8CD9923A,27,tronco,3,0,E0981A7F
8CD9923A,27,tronco,5,0,4A5E4EC7
8CD9923A,27,rama1,14,0,8FF932E5
8CD9923A,27,rama1,15,0,8FF932E5
8CD9923A,27,rama2,20,0,19C93592
8CD9923A,27,rama2,21,0,19C93592
FBDEA2AC,27,tronco,1,0,AC3F5D24
FBDEA2AC,27,tronco,3,0,CCF91491
FBDEA2AC,27,tronco,5,0,2E5D6B16
FBDEA2AC,27,rama1,14,0,D1F815F2
FBDEA2AC,27,rama1,15,0,D1F815F2
FBDEA2AC,27,rama2,20,0,6BA91C6B
FBDEA2AC,27,rama2,21,0,6BA91C6B
62D7F316,27,tronco,1,0,C642F034
62D7F316,27,tronco,3,0,D210C171
62D7F316,27,tronco,5,0,F00F475E
62D7F316,27,rama1,14,0,97E4B60C
62D7F316,27,rama1,15,0,97E4B60C
62D7F316,27,rama2,20,0,FC40F2F2
62D7F316,27,rama2,21,0,FC40F2F2
15D0C380,27,tronco,1,0,999A3ECD
15D0C380,27,tronco,3,0,D210C171
15D0C380,27,tronco,5,0,DC6E49B0
15D0C380,27,rama1,14,0,E5849FF5
15D0C380,27,rama1,15,0,E5849FF5
15D0C380,27,rama2,20,0,5590EE4C
15D0C380,27,rama2,21,0,2B41EE9C
15D0C380,27,rama2,22,0,2B41EE9C
856FDE11,27,tronco,1,0,F4CA2B3A
856FDE11,27,tronco,3,0,8773EB2D
856FDE11,27,tronco,5,0,1BF808FF
856FDE11,27,rama1,14,0,CEC829FC
856FDE11,27,rama1,15,0,CEC829FC
856FDE11,27,rama2,20,0,5FD5966C
856FDE11,27,rama2,21,0,5FD5966C
F268EE87,27,tronco,1,0,B5FB3023
F268EE87,27,tronco,3,0,D210C171
F268EE87,27,tronco,5,0,4A5E4EC7
F268EE87,27,rama1,14,0,12AB38D9
F268EE87,27,rama1,15,0,12AB38D9
F268EE87,27,rama2,20,0,5590EE4C
F268EE87,27,rama2,21,0,9D5F52A9
F268EE87,27,rama2,22,0,9D5F52A9
BADA2CAC,27,tronco,1,0,5072F743
BADA2CAC,27,tronco,3,0,D210C171
BADA2CAC,27,tronco,5,0,940C628F
BADA2CAC,27,rama1,14,0,88D48A02
BADA2CAC,27,rama1,15,0,88D48A02
BADA2CAC,27,rama2,20,0,1EE48D75
BADA2CAC,27,rama2,21,0,1EE48D75
CDDD1C3A,27,tronco,1,0,5072F743
CDDD1C3A,27,tronco,3,0,CCF91491
CDDD1C3A,27,tronco,5,0,2E5D6B16
CDDD1C3A,27,rama1,14,0,D6D5AD15
CDDD1C3A,27,rama1,15,0,D6D5AD15
CDDD1C3A,27,rama2,20,0,1F3D649B
CDDD1C3A,27,rama2,21,0,1F3D649B
54D44D80,27,tronco,1,0,B5FB3023
54D44D80,27,tronco,3,0,6F6C700F
54D44D80,27,tronco,5,0,F00F475E
54D44D80,27,rama1,14,0,D1F815F2
54D44D80,27,rama1,15,0,D1F815F2
54D44D80,27,rama2,20,0,5E0C7F82
54D44D80,27,rama2,21,0,5E0C7F82
23D37D16,27,tronco,1,0,4E9B22A3
23D37D16,27,tronco,3,0,CCF91491
23D37D16,27,tronco,5,0,023C65F8
23D37D16,27,rama1,14,0,4611FB6B
23D37D16,27,rama1,15,0,4611FB6B
23D37D16,27,rama2,20,0,4611FB6B
23D37D16,27,rama2,21,0,4611FB6B
BDB7E8B5,27,tronco,1,0,D8AB25D4
BDB7E8B5,27,tronco,3,0,4420C606
BDB7E8B5,27,tronco,5,0,DC6E49B0
BDB7E8B5,27,rama1,14,0,9D5F52A9
BDB7E8B5,27,rama1,15,0,9D5F52A9
BDB7E8B5,27,rama2,20,0,83B68749
BDB7E8B5,27,rama2,21,0,83B68749
CAB0D823,27,tronco,1,0,ED0E463D
CAB0D823,27,tronco,3,0,4420C606
CAB0D823,27,tronco,5,0,7FFB2D2E
CAB0D823,27,rama1,14,0,BCA80005
CAB0D823,27,rama1,15,0,BCA80005
CAB0D823,27,rama2,20,0,40E5AA62
CAB0D823,27,rama2,21,0,40E5AA62
53B98999,27,tronco,1,0,D8AB25D4
53B98999,27,tronco,3,0,CCF91491
53B98999,27,tronco,5,0,023C65F8
53B98999,27,rama1,14,0,E45D761B
53B98999,27,rama1,15,0,E45D761B
53B98999,27,rama2,20,0,726D716C
53B98999,27,rama2,21,0,726D716C
24BEB90F,27,tronco,1,0,4E9B22A3
24BEB90F,27,tronco,3,0,6F6C700F
24BEB90F,27,tronco,5,0,4A5E4EC7
24BEB90F,27,rama1,14,0,73B49882
24BEB90F,27,rama1,15,0,73B49882
24BEB90F,27,rama2,20,0,01D4B17B
24BEB90F,27,rama2,21,0,01D4B17B
B401A49E,27,tronco,1,0,4E9B22A3
B401A49E,27,tronco,3,0,4420C606
B401A49E,27,tronco,5,0,54B79B27
B401A49E,27,rama1,14,0,890D63EC
B401A49E,27,rama1,15,0,890D63EC
B401A49E,27,rama2,20,0,335C6A75
B401A49E,27,rama2,21,0,335C6A75
C3069408,27,tronco,1,0,0FAA39BA
C3069408,27,tronco,3,0,D53D7996
C3069408,27,tronco,5,0,B86D6C61
C3069408,27,rama1,14,0,8FF932E5
C3069408,27,rama1,15,0,8FF932E5
C3069408,27,rama2,20,0,19C93592
C3069408,27,rama2,21,0,19C93592
C762C666,27,tronco,1,0,C642F034
C762C666,27,tronco,3,0,D210C171
C762C666,27,tronco,5,0,7FFB2D2E
C762C666,27,rama1,14,0,890D63EC
C762C666,27,rama1,15,0,890D63EC
C762C666,27,rama2,20,0,40E5AA62
C762C666,27,rama2,21,0,40E5AA62
B065F6F0,27,tronco,1,0,D8AB25D4
B065F6F0,27,tronco,3,0,8773EB2D
B065F6F0,27,tronco,5,0,9321DA68
B065F6F0,27,rama1,14,0,BD71E9EB
B065F6F0,27,rama1,15,0,BD71E9EB
B065F6F0,27,rama2,20,0,BD71E9EB
B065F6F0,27,rama2,21,0,BD71E9EB
296CA74A,27,tronco,1,0,ED0E463D
296CA74A,27,tronco,3,0,6F6C700F
296CA74A,27,tronco,5,0,023C65F8
296CA74A,27,rama1,14,0,FD991B1C
296CA74A,27,rama1,15,0,FD991B1C
296CA74A,27,rama2,20,0,6BA91C6B
296CA74A,27,rama2,21,0,6BA91C6B
5E6B97DC,27,tronco,1,0,B5FB3023
5E6B97DC,27,tronco,3,0,76A81D08
5E6B97DC,27,tronco,5,0,539A23C0
5E6B97DC,27,rama1,14,0,88D48A02
5E6B97DC,27,rama1,15,0,88D48A02
5E6B97DC,27,rama2,20,0,3285839B
5E6B97DC,27,rama2,21,0,3285839B
C00F027F,27,tronco,1,0,575F4FA4
C00F027F,27,tronco,3,0,430D7EE1
C00F027F,27,tronco,5,0,1BF808FF
C00F027F,27,rama1,14,0,12AB38D9
C00F027F,27,rama1,15,0,12AB38D9
C00F027F,27,rama2,20,0,83B68749
C00F027F,27,rama2,21,0,83B68749
B70832E9,27,tronco,1,0,5072F743
B70832E9,27,tronco,3,0,8DC80F88
B70832E9,27,tronco,5,0,2E5D6B16
B70832E9,27,rama1,14,0,FD991B1C
B70832E9,27,rama1,15,0,FD991B1C
B70832E9,27,rama2,20,0,47C81285
B70832E9,27,rama2,21,0,47C81285
2E016353,27,tronco,1,0,4E9B22A3
2E016353,27,tronco,3,0,F95C7778
2E016353,27,tronco,5,0,539A23C0
2E016353,27,rama1,14,0,A56C6D02
2E016353,27,rama1,15,0,A56C6D02
2E016353,27,rama2,20,0,40E5AA62
2E016353,27,rama2,21,0,40E5AA62
590653C5,27,tronco,1,0,4E9B22A3
590653C5,27,tronco,3,0,F95C7778
590653C5,27,tronco,5,0,663F4029
590653C5,27,rama1,14,0,0B6F55DE
590653C5,27,rama1,15,0,0B6F55DE
590653C5,27,rama2,20,0,A8FA3140
590653C5,27,rama2,21,0,A8FA3140
C9B94E54,27,tronco,1,0,AC3F5D24
C9B94E54,27,tronco,3,0,8773EB2D
C9B94E54,27,tronco,5,0,B86D6C61
C9B94E54,27,rama1,14,0,E45D761B
C9B94E54,27,rama1,15,0,E45D761B
C9B94E54,27,rama2,20,0,6BA91C6B
C9B94E54,27,rama2,21,0,6BA91C6B
BEBE7EC2,27,tronco,1,0,0FAA39BA
BEBE7EC2,27,tronco,3,0,D210C171
BEBE7EC2,27,tronco,5,0,2E5D6B16
BEBE7EC2,27,rama1,14,0,CEC829FC
BEBE7EC2,27,rama1,15,0,CEC829FC
BEBE7EC2,27,rama2,20,0,0720E072
BEBE7EC2,27,rama2,21,0,0720E072
5B8B3DDA,27,tronco,1,0,7B3E414A
5B8B3DDA,27,tronco,3,0,D53D7996
5B8B3DDA,27,tronco,5,0,023C65F8
5B8B3DDA,27,rama1,14,0,BD71E9EB
5B8B3DDA,27,rama1,15,0,BD71E9EB
5B8B3DDA,27,rama2,20,0,2B41EE9C
5B8B3DDA,27,rama2,21,0,2B41EE9C
2C8C0D4C,27,tronco,1,0,C16F48D3
2C8C0D4C,27,tronco,3,0,A1A90166
2C8C0D4C,27,tronco,5,0,023C65F8
2C8C0D4C,27,rama1,14,0,6A70F585
2C8C0D4C,27,rama1,15,0,6A70F585
2C8C0D4C,27,rama2,20,0,FC40F2F2
2C8C0D4C,27,rama2,21,0,FC40F2F2
B5855CF6,27,tronco,1,0,C642F034
B5855CF6,27,tronco,3,0,8DC80F88
B5855CF6,27,tronco,5,0,023C65F8
B5855CF6,27,rama1,14,0,FD991B1C
B5855CF6,27,rama1,15,0,FD991B1C
B5855CF6,27,rama2,20,0,726D716C
B5855CF6,27,rama2,21,0,726D716C
C2826C60,27,tronco,1,0,575F4FA4
C2826C60,27,tronco,3,0,D53D7996
C2826C60,27,tronco,5,0,023C65F8
C2826C60,27,rama1,14,0,A56C6D02
C2826C60,27,rama1,15,0,A56C6D02
C2826C60,27,rama2,20,0,335C6A75
C2826C60,27,rama2,21,0,335C6A75
5CE6F9C3,27,tronco,1,0,166E54BD
5CE6F9C3,27,tronco,3,0,8773EB2D
5CE6F9C3,27,tronco,5,0,2E5D6B16
5CE6F9C3,27,rama1,14,0,0B6F55DE
5CE6F9C3,27,rama1,15,0,0B6F55DE
5CE6F9C3,27,rama2,20,0,849B3FAE
5CE6F9C3,27,rama2,21,0,849B3FAE
2BE1C955,27,tronco,1,0,166E54BD
2BE1C955,27,tronco,3,0,CCF91491
2BE1C955,27,tronco,5,0,2E5D6B16
2BE1C955,27,rama1,14,0,BD71E9EB
2BE1C955,27,rama1,15,0,BD71E9EB
2BE1C955,27,rama2,20,0,58F82E8B
2BE1C955,27,rama2,21,0,58F82E8B
B2E898EF,27,tronco,1,0,B5FB3023
B2E898EF,27,tronco,3,0,E0981A7F
B2E898EF,27,tronco,5,0,4A5E4EC7
B2E898EF,27,rama1,14,0,97E4B60C
B2E898EF,27,rama1,15,0,97E4B60C
B2E898EF,27,rama2,20,0,73B49882
B2E898EF,27,rama2,21,0,73B49882
C5EFA879,27,tronco,1,0,ED0E463D
C5EFA879,27,tronco,3,0,8DC80F88
C5EFA879,27,tronco,5,0,1BF808FF
C5EFA879,27,rama1,14,0,C83C78F5
C5EFA879,27,rama1,15,0,C83C78F5
C5EFA879,27,rama2,19,0,47C81285
C5EFA879,27,rama2,20,0,47C81285
C5EFA879,27,rama2,21,0,335C6A75
5550B5E8,27,tronco,1,0,805E53CA
5550B5E8,27,tronco,3,0,5AC913E6
5550B5E8,27,tronco,5,0,663F4029
5550B5E8,27,rama1,14,0,D1F815F2
5550B5E8,27,rama1,15,0,D1F815F2
5550B5E8,27,rama2,20,0,47C81285
5550B5E8,27,rama2,21,0,47C81285
2257857E,27,tronco,1,0,805E53CA
2257857E,27,tronco,3,0,E0981A7F
2257857E,27,tronco,5,0,B86D6C61
2257857E,27,rama1,14,0,12AB38D9
2257857E,27,rama1,15,0,12AB38D9
2257857E,27,rama2,20,0,9D5F52A9
2257857E,27,rama2,21,0,9D5F52A9
A0B554D4,27,tronco,1,0,7B3E414A
A0B554D4,27,tronco,3,0,D53D7996
A0B554D4,27,tronco,5,0,7FFB2D2E
A0B554D4,27,rama1,14,0,BCA80005
A0B554D4,27,rama1,15,0,BCA80005
A0B554D4,27,rama2,20,0,2A980772
A0B554D4,27,rama2,21,0,2A980772
D7B26442,27,tronco,1,0,166E54BD
D7B26442,27,tronco,3,0,CCF91491
D7B26442,27,tronco,5,0,940C628F
D7B26442,27,rama1,14,0,FD991B1C
D7B26442,27,rama1,15,0,FD991B1C
D7B26442,27,rama2,20,0,5E0C7F82
D7B26442,27,rama2,21,0,5E0C7F82
4EBB35F8,27,tronco,1,0,999A3ECD
4EBB35F8,27,tronco,3,0,8773EB2D
4EBB35F8,27,tronco,5,0,2E5D6B16
4EBB35F8,27,rama1,14,0,88D48A02
4EBB35F8,27,rama1,15,0,88D48A02
4EBB35F8,27,rama2,20,0,5590EE4C
4EBB35F8,27,rama2,21,0,5590EE4C
39BC056E,27,tronco,1,0,F4CA2B3A
39BC056E,27,tronco,3,0,8773EB2D
39BC056E,27,tronco,5,0,C2879C50
39BC056E,27,rama1,14,0,FD991B1C
39BC056E,27,rama1,15,0,FD991B1C
39BC056E,27,rama2,20,0,6BA91C6B
39BC056E,27,rama2,21,0,6BA91C6B
A7D890CD,27,tronco,1,0,AC3F5D24
A7D890CD,27,tronco,3,0,A1A90166
A7D890CD,27,tronco,5,0,F00F475E
A7D890CD,27,rama1,14,0,97E4B60C
A7D890CD,27,rama1,15,0,97E4B60C
A7D890CD,27,rama2,20,0,FC40F2F2
A7D890CD,27,rama2,21,0,FC40F2F2
D0DFA05B,27,tronco,1,0,AC3F5D24
D0DFA05B,27,tronco,3,0,D53D7996
D0DFA05B,27,tronco,5,0,E9CB2A59
D0DFA05B,27,rama1,14,0,90C90EEB
D0DFA05B,27,rama1,15,0,90C90EEB
D0DFA05B,27,rama2,20,0,335C6A75
D0DFA05B,27,rama2,21,0,335C6A75
49D6F1E1,27,tronco,1,0,23CB3754
49D6F1E1,27,tronco,3,0,D53D7996
49D6F1E1,27,tronco,5,0,DC6E49B0
49D6F1E1,27,rama1,14,0,8FF932E5
49D6F1E1,27,rama1,15,0,8FF932E5
49D6F1E1,27,rama2,20,0,5590EE4C
49D6F1E1,27,rama2,21,0,5590EE4C
3ED1C177,27,tronco,1,0,1143EC5A
3ED1C177,27,tronco,3,0,F95C7778
3ED1C177,27,tronco,5,0,C2879C50
3ED1C177,27,rama1,14,0,97E4B60C
3ED1C177,27,rama1,15,0,97E4B60C
3ED1C177,27,rama2,20,0,01D4B17B
3ED1C177,27,rama2,21,0,01D4B17B
AE6EDCE6,27,tronco,1,0,F4CA2B3A
AE6EDCE6,27,tronco,3,0,F95C7778
AE6EDCE6,27,tronco,5,0,7FFB2D2E
AE6EDCE6,27,rama1,14,0,0B6F55DE
AE6EDCE6,27,rama1,15,0,0B6F55DE
AE6EDCE6,27,rama2,20,0,A8FA3140
AE6EDCE6,27,rama2,21,0,A8FA3140
D969EC70,27,tronco,1,0,7B3E414A
D969EC70,27,tronco,3,0,023C65F8
D969EC70,27,tronco,5,0,7FFB2D2E
D969EC70,27,rama1,14,0,BCA80005
D969EC70,27,rama1,15,0,BCA80005
D969EC70,27,rama2,20,0,335C6A75
D969EC70,27,rama2,21,0,335C6A75
B9AE6595,27,tronco,1,0,166E54BD
B9AE6595,27,tronco,3,0,5AC913E6
B9AE6595,27,tronco,5,0,2E5D6B16
B9AE6595,27,rama1,14,0,BCA80005
B9AE6595,27,rama1,15,0,BCA80005
B9AE6595,27,rama2,20,0,335C6A75
B9AE6595,27,rama2,21,0,335C6A75
CEA95503,27,tronco,1,0,999A3ECD
CEA95503,27,tronco,3,0,8773EB2D
CEA95503,27,tronco,5,0,2E5D6B16
CEA95503,27,rama1,14,0,6A70F585
CEA95503,27,rama1,15,0,6A70F585
CEA95503,27,rama2,20,0,D021FC1C
CEA95503,27,rama2,21,0,D021FC1C
57A004B9,27,tronco,1,0,F4CA2B3A
57A004B9,27,tronco,3,0,8773EB2D
57A004B9,27,tronco,5,0,C2879C50
57A004B9,27,rama1,14,0,12AB38D9
57A004B9,27,rama1,15,0,12AB38D9
57A004B9,27,rama2,20,0,9D5F52A9
57A004B9,27,rama2,21,0,9D5F52A9
41A16747,27,tronco,1,0,D8AB25D4
41A16747,27,tronco,3,0,8DC80F88
41A16747,27,tronco,5,0,C2879C50
41A16747,27,rama1,14,0,D1F815F2
41A16747,27,rama1,15,0,D1F815F2
41A16747,27,rama2,20,0,6BA91C6B
41A16747,27,rama2,21,0,6BA91C6B
36A657D1,27,tronco,1,0,999A3ECD
36A657D1,27,tronco,3,0,F95C7778
36A657D1,27,tronco,5,0,023C65F8
36A657D1,27,rama1,14,0,88D48A02
36A657D1,27,rama1,15,0,88D48A02
36A657D1,27,rama2,20,0,5590EE4C
36A657D1,27,rama2,21,0,5590EE4C
AFAF066B,27,tronco,1,0,7B3E414A
AFAF066B,27,tronco,3,0,8DC80F88
AFAF066B,27,tronco,5,0,1BF808FF
AFAF066B,27,rama1,14,0,CEC829FC
AFAF066B,27,rama1,15,0,CEC829FC
AFAF066B,27,rama2,20,0,5FD5966C
AFAF066B,27,rama2,21,0,5FD5966C
D8A836FD,27,tronco,1,0,805E53CA
D8A836FD,27,tronco,3,0,E0981A7F
D8A836FD,27,tronco,5,0,F00F475E
D8A836FD,27,rama1,14,0,1586803E
D8A836FD,27,rama1,15,0,1586803E
D8A836FD,27,rama2,20,0,A8FA3140
D8A836FD,27,rama2,21,0,A8FA3140
46CCA35E,27,tronco,1,0,ED0E463D
46CCA35E,27,tronco,3,0,5AC913E6
46CCA35E,27,tronco,5,0,E9CB2A59
46CCA35E,27,rama1,14,0,8FF932E5
46CCA35E,27,rama1,15,0,8FF932E5
46CCA35E,27,rama2,20,0,19C93592
46CCA35E,27,rama2,21,0,19C93592
31CB93C8,27,tronco,1,0,D8AB25D4
31CB93C8,27,tronco,3,0,1143EC5A
31CB93C8,27,tronco,5,0,663F4029
31CB93C8,27,rama1,14,0,A4B584EC
31CB93C8,27,rama1,15,0,A4B584EC
31CB93C8,27,rama2,20,0,5590EE4C
31CB93C8,27,rama2,21,0,5590EE4C
A8C2C272,27,tronco,1,0,7B3E414A
A8C2C272,27,tronco,3,0,F95C7778
A8C2C272,27,tronco,5,0,54B79B27
A8C2C272,27,rama1,14,0,D6D5AD15
A8C2C272,27,rama1,15,0,D6D5AD15
A8C2C272,27,rama2,20,0,40E5AA62
A8C2C272,27,rama2,21,0,40E5AA62
DFC5F2E4,27,tronco,1,0,23CB3754
DFC5F2E4,27,tronco,3,0,E0981A7F
DFC5F2E4,27,tronco,5,0,C5AA24B7
DFC5F2E4,27,rama1,14,0,0B6F55DE
DFC5F2E4,27,rama1,15,0,0B6F55DE
DFC5F2E4,27,rama2,20,0,849B3FAE
DFC5F2E4,27,rama2,21,0,849B3FAE
4F7AEF75,27,tronco,1,0,3A0F5A53
4F7AEF75,27,tronco,3,0,5AC913E6
4F7AEF75,27,tronco,5,0,7FFB2D2E
4F7AEF75,27,rama1,14,0,C83C78F5
4F7AEF75,27,rama1,15,0,C83C78F5
4F7AEF75,27,rama2,20,0,726D716C
4F7AEF75,27,rama2,21,0,726D716C
387DDFE3,27,tronco,1,0,C16F48D3
387DDFE3,27,tronco,3,0,A1A90166
387DDFE3,27,tronco,5,0,9321DA68
387DDFE3,27,rama1,14,0,BD71E9EB
387DDFE3,27,rama1,15,0,BD71E9EB
387DDFE3,27,rama2,20,0,2B41EE9C
387DDFE3,27,rama2,21,0,2B41EE9C
93EB60A2,27,tronco,1,0,0FAA39BA
93EB60A2,27,tronco,3,0,F95C7778
93EB60A2,27,tronco,5,0,C2879C50
93EB60A2,27,rama1,14,0,3ECA3637
93EB60A2,27,rama1,15,0,3ECA3637
93EB60A2,27,rama2,20,0,849B3FAE
93EB60A2,27,rama2,21,0,849B3FAE
0AE23118,27,tronco,1,0,575F4FA4
0AE23118,27,tronco,3,0,76A81D08
0AE23118,27,tronco,5,0,54B79B27
0AE23118,27,rama1,14,0,90C90EEB
0AE23118,27,rama1,15,0,90C90EEB
0AE23118,27,rama2,20,0,06F9099C
0AE23118,27,rama2,21,0,06F9099C
7DE5018E,27,tronco,1,0,C16F48D3
7DE5018E,27,tronco,3,0,8773EB2D
7DE5018E,27,tronco,5,0,54B79B27
7DE5018E,27,rama1,14,0,C83C78F5
7DE5018E,27,rama1,15,0,C83C78F5
7DE5018E,27,rama2,20,0,6BA91C6B
7DE5018E,27,rama2,21,0,6BA91C6B
A4E392C9,27,tronco,1,0,5072F743
A4E392C9,27,tronco,3,0,4420C606
A4E392C9,27,tronco,5,0,54B79B27
A4E392C9,27,rama1,14,0,9110E705
A4E392C9,27,rama1,15,0,9110E705
A4E392C9,27,rama2,20,0,1EE48D75
A4E392C9,27,rama2,21,0,1EE48D75
3DEAC373,27,tronco,1,0,0FAA39BA
3DEAC373,27,tronco,3,0,4420C606
3DEAC373,27,tronco,5,0,B13E5C47
3DEAC373,27,rama1,14,0,3ECA3637
3DEAC373,27,rama1,15,0,3ECA3637
3DEAC373,27,rama2,20,0,83B68749
3DEAC373,27,rama2,21,0,83B68749
4AEDF3E5,27,tronco,1,0,23CB3754
4AEDF3E5,27,tronco,3,0,4420C606
4AEDF3E5,27,tronco,5,0,1BF808FF
4AEDF3E5,27,rama1,14,0,BCA80005
4AEDF3E5,27,rama1,15,0,BCA80005
4AEDF3E5,27,rama2,20,0,2A980772
4AEDF3E5,27,rama2,21,0,2A980772
5FDC5A6E,27,tronco,1,0,166E54BD
5FDC5A6E,27,tronco,3,0,37990611
5FDC5A6E,27,tronco,5,0,54B79B27
5FDC5A6E,27,rama1,14,0,E45D761B
5FDC5A6E,27,rama1,15,0,E45D761B
5FDC5A6E,27,rama2,20,0,726D716C
5FDC5A6E,27,rama2,21,0,726D716C
46C76B2F,27,tronco,1,0,575F4FA4
46C76B2F,27,tronco,3,0,0FAA39BA
46C76B2F,27,tronco,5,0,663F4029
46C76B2F,27,rama1,14,0,C83C78F5
46C76B2F,27,rama1,15,0,C83C78F5
46C76B2F,27,rama2,20,0,6BA91C6B
46C76B2F,27,rama2,21,0,6BA91C6B
6DEA38EC,27,tronco,1,0,0FAA39BA
6DEA38EC,27,tronco,3,0,E0981A7F
6DEA38EC,27,tronco,5,0,9321DA68
6DEA38EC,27,rama1,14,0,D1F815F2
6DEA38EC,27,rama1,15,0,D1F815F2
6DEA38EC,27,rama2,20,0,726D716C
6DEA38EC,27,rama2,21,0,726D716C
ABE60144,27,tronco,1,0,C16F48D3
ABE60144,27,tronco,3,0,B5FB3023
ABE60144,27,tronco,5,0,F00F475E
ABE60144,27,rama1,14,0,C9E5911B
ABE60144,27,rama1,15,0,C9E5911B
ABE60144,27,rama2,20,0,5FD5966C
ABE60144,27,rama2,21,0,5FD5966C
DCE131D2,27,tronco,1,0,F4CA2B3A
DCE131D2,27,tronco,3,0,8DC80F88
DCE131D2,27,tronco,5,0,9321DA68
DCE131D2,27,rama1,14,0,A4B584EC
DCE131D2,27,rama1,15,0,A4B584EC
DCE131D2,27,rama2,20,0,19C93592
DCE131D2,27,rama2,21,0,19C93592
45E86068,27,tronco,1,0,D8AB25D4
45E86068,27,tronco,3,0,E0981A7F
45E86068,27,tronco,5,0,F00F475E
45E86068,27,rama1,14,0,D6D5AD15
45E86068,27,rama1,15,0,D6D5AD15
45E86068,27,rama2,20,0,40E5AA62
45E86068,27,rama2,21,0,40E5AA62
32EF50FE,27,tronco,1,0,C16F48D3
32EF50FE,27,tronco,3,0,430D7EE1
32EF50FE,27,tronco,5,0,2E5D6B16
32EF50FE,27,rama1,14,0,FD991B1C
32EF50FE,27,rama1,15,0,FD991B1C
32EF50FE,27,rama2,20,0,726D716C
32EF50FE,27,rama2,21,0,726D716C
AC8BC55D,27,tronco,1,0,0FAA39BA
AC8BC55D,27,tronco,3,0,CCF91491
AC8BC55D,27,tronco,5,0,9321DA68
AC8BC55D,27,rama1,14,0,6A70F585
AC8BC55D,27,rama1,15,0,6A70F585
AC8BC55D,27,rama2,20,0,73B49882
AC8BC55D,27,rama2,21,0,73B49882
DB8CF5CB,27,tronco,1,0,5072F743
DB8CF5CB,27,tronco,3,0,430D7EE1
DB8CF5CB,27,tronco,5,0,7FFB2D2E
DB8CF5CB,27,rama1,14,0,BD71E9EB
DB8CF5CB,27,rama1,15,0,BD71E9EB
DB8CF5CB,27,rama2,20,0,2B41EE9C
DB8CF5CB,27,rama2,21,0,2B41EE9C
4285A471,27,tronco,1,0,4E9B22A3
4285A471,27,tronco,3,0,4420C606
4285A471,27,tronco,5,0,F00F475E
4285A471,27,rama1,14,0,E45D761B
4285A471,27,rama1,15,0,E45D761B
4285A471,27,rama2,20,0,47C81285
4285A471,27,rama2,21,0,47C81285
358294E7,27,tronco,1,0,0FAA39BA
358294E7,27,tronco,3,0,76A81D08
358294E7,27,tronco,5,0,54B79B27
358294E7,27,rama1,14,0,BD71E9EB
358294E7,27,rama1,15,0,BD71E9EB
358294E7,27,rama2,20,0,5FD5966C
358294E7,27,rama2,21,0,5FD5966C
A53D8976,27,tronco,1,0,B5FB3023
A53D8976,27,tronco,3,0,4420C606
A53D8976,27,tronco,5,0,023C65F8
A53D8976,27,rama1,14,0,FD991B1C
A53D8976,27,rama1,15,0,FD991B1C
A53D8976,27,rama2,20,0,726D716C
A53D8976,27,rama2,21,0,726D716C
D23AB9E0,27,tronco,1,0,5072F743
D23AB9E0,27,tronco,3,0,8773EB2D
D23AB9E0,27,tronco,5,0,539A23C0
D23AB9E0,27,rama1,14,0,90C90EEB
D23AB9E0,27,rama1,15,0,90C90EEB
D23AB9E0,27,rama2,20,0,1F3D649B
D23AB9E0,27,rama2,21,0,1F3D649B
5E66A784,27,tronco,1,0,AC3F5D24
5E66A784,27,tronco,3,0,E0981A7F
5E66A784,27,tronco,5,0,9321DA68
5E66A784,27,rama1,14,0,8FF932E5
5E66A784,27,rama1,15,0,8FF932E5
5E66A784,27,rama2,20,0,5590EE4C
5E66A784,27,rama2,21,0,5590EE4C
29619712,27,tronco,1,0,F4CA2B3A
29619712,27,tronco,3,0,CCF91491
29619712,27,tronco,5,0,4A5E4EC7
29619712,27,rama1,14,0,6A70F585
29619712,27,rama1,15,0,6A70F585
29619712,27,rama2,20,0,01D4B17B
29619712,27,rama2,21,0,01D4B17B
B068C6A8,27,tronco,1,0,999A3ECD
B068C6A8,27,tronco,3,0,F95C7778
B068C6A8,27,tronco,5,0,B86D6C61
B068C6A8,27,rama1,14,0,C83C78F5
B068C6A8,27,rama1,15,0,C83C78F5
B068C6A8,27,rama2,20,0,5E0C7F82
B068C6A8,27,rama2,21,0,5E0C7F82
C76FF63E,27,tronco,1,0,5072F743
C76FF63E,27,tronco,3,0,4420C606
C76FF63E,27,tronco,5,0,663F4029
C76FF63E,27,rama1,14,0,90C90EEB
C76FF63E,27,rama1,15,0,90C90EEB
C76FF63E,27,rama2,20,0,335C6A75
C76FF63E,27,rama2,21,0,335C6A75
590B639D,27,tronco,1,0,4E9B22A3
590B639D,27,tronco,3,0,D210C171
590B639D,27,tronco,5,0,663F4029
590B639D,27,rama1,14,0,D6D5AD15
590B639D,27,rama1,15,0,D6D5AD15
590B639D,27,rama2,20,0,40E5AA62
590B639D,27,rama2,21,0,40E5AA62
2E0C530B,27,tronco,1,0,23CB3754
2E0C530B,27,tronco,3,0,6F6C700F
2E0C530B,27,tronco,5,0,9321DA68
2E0C530B,27,rama1,14,0,FD991B1C
2E0C530B,27,rama1,15,0,FD991B1C
2E0C530B,27,rama2,20,0,726D716C
2E0C530B,27,rama2,21,0,726D716C
B70502B1,27,tronco,1,0,7B3E414A
B70502B1,27,tronco,3,0,6F6C700F
B70502B1,27,tronco,5,0,DC6E49B0
B70502B1,27,rama1,14,0,A4B584EC
B70502B1,27,rama1,15,0,A4B584EC
B70502B1,27,rama2,20,0,5590EE4C
B70502B1,27,rama2,21,0,5590EE4C
C0023227,27,tronco,1,0,4E9B22A3
C0023227,27,tronco,3,0,430D7EE1
C0023227,27,tronco,5,0,023C65F8
C0023227,27,rama1,14,0,A56C6D02
C0023227,27,rama1,15,0,A56C6D02
C0023227,27,rama2,20,0,40E5AA62
C0023227,27,rama2,21,0,40E5AA62
50BD2FB6,27,tronco,1,0,575F4FA4
50BD2FB6,27,tronco,3,0,76A81D08
50BD2FB6,27,tronco,5,0,B86D6C61
50BD2FB6,27,rama1,14,0,97E4B60C
50BD2FB6,27,rama1,15,0,97E4B60C
50BD2FB6,27,rama2,20,0,D021FC1C
50BD2FB6,27,rama2,21,0,D021FC1C
27BA1F20,27,tronco,1,0,4E9B22A3
27BA1F20,27,tronco,3,0,D210C171
27BA1F20,27,tronco,5,0,7FFB2D2E
27BA1F20,27,rama1,14,0,3ECA3637
27BA1F20,27,rama1,15,0,3ECA3637
27BA1F20,27,rama2,20,0,83B68749
27BA1F20,27,rama2,21,0,83B68749
19C6DD54,27,tronco,1,0,5072F743
19C6DD54,27,tronco,3,0,D53D7996
19C6DD54,27,tronco,5,0,023C65F8
19C6DD54,27,rama1,14,0,890D63EC
19C6DD54,27,rama1,15,0,890D63EC
19C6DD54,27,rama2,20,0,2A980772
19C6DD54,27,rama2,21,0,2A980772
6EC1EDC2,27,tronco,1,0,7B3E414A
6EC1EDC2,27,tronco,3,0,37990611
6EC1EDC2,27,tronco,5,0,539A23C0
6EC1EDC2,27,rama1,14,0,CEC829FC
6EC1EDC2,27,rama1,15,0,CEC829FC
6EC1EDC2,27,rama2,20,0,58F82E8B
6EC1EDC2,27,rama2,21,0,58F82E8B
F7C8BC78,27,tronco,1,0,5072F743
F7C8BC78,27,tronco,3,0,430D7EE1
F7C8BC78,27,tronco,5,0,E9CB2A59
F7C8BC78,27,rama1,14,0,C83C78F5
F7C8BC78,27,rama1,15,0,C83C78F5
F7C8BC78,27,rama2,20,0,726D716C
F7C8BC78,27,rama2,21,0,726D716C
80CF8CEE,27,tronco,1,0,805E53CA
80CF8CEE,27,tronco,3,0,A1A90166
80CF8CEE,27,tronco,5,0,B86D6C61
80CF8CEE,27,rama1,14,0,3ECA3637
80CF8CEE,27,rama1,15,0,3ECA3637
80CF8CEE,27,rama2,20,0,83B68749
80CF8CEE,27,rama2,21,0,83B68749
1EAB194D,27,tronco,1,0,7B3E414A
1EAB194D,27,tronco,3,0,D210C171
1EAB194D,27,tronco,5,0,1BF808FF
1EAB194D,27,rama1,14,0,8FF932E5
1EAB194D,27,rama1,15,0,8FF932E5
1EAB194D,27,rama2,20,0,3285839B
1EAB194D,27,rama2,21,0,3285839B
69AC29DB,27,tronco,1,0,999A3ECD
69AC29DB,27,tronco,3,0,A1A90166
69AC29DB,27,tronco,5,0,B86D6C61
69AC29DB,27,rama1,14,0,97E4B60C
69AC29DB,27,rama1,15,0,97E4B60C
69AC29DB,27,rama2,20,0,D021FC1C
69AC29DB,27,rama2,21,0,D021FC1C
F0A57861,27,tronco,1,0,805E53CA
F0A57861,27,tronco,3,0,F95C7778
F0A57861,27,tronco,5,0,54B79B27
F0A57861,27,rama1,14,0,E5849FF5
F0A57861,27,rama1,15,0,E5849FF5
F0A57861,27,rama2,20,0,5FD5966C
F0A57861,27,rama2,21,0,5FD5966C
87A248F7,27,tronco,1,0,AC3F5D24
87A248F7,27,tronco,3,0,A1A90166
87A248F7,27,tronco,5,0,1BF808FF
87A248F7,27,rama1,14,0,A56C6D02
87A248F7,27,rama1,15,0,A56C6D02
87A248F7,27,rama2,20,0,335C6A75
87A248F7,27,rama2,21,0,335C6A75
171D5566,27,tronco,1,0,7B3E414A
171D5566,27,tronco,3,0,37990611
171D5566,27,tronco,5,0,539A23C0
171D5566,27,rama1,14,0,0B6F55DE
171D5566,27,rama1,15,0,0B6F55DE
171D5566,27,rama2,20,0,A8FA3140
171D5566,27,rama2,21,0,A8FA3140
601A65F0,27,tronco,1,0,5072F743
601A65F0,27,tronco,3,0,CCF91491
601A65F0,27,tronco,5,0,023C65F8
601A65F0,27,rama1,14,0,8FF932E5
601A65F0,27,rama1,15,0,8FF932E5
601A65F0,27,rama2,20,0,3285839B
601A65F0,27,rama2,21,0,3285839B
22ABAE2B,27,tronco,1,0,C16F48D3
22ABAE2B,27,tronco,3,0,E0981A7F
22ABAE2B,27,tronco,5,0,940C628F
22ABAE2B,27,rama1,14,0,12AB38D9
22ABAE2B,27,rama1,15,0,270E5B30
22ABAE2B,27,rama2,20,0,9D5F52A9
22ABAE2B,27,rama2,21,0,9D5F52A9
C15F77E0,27,tronco,1,0,C16F48D3
C15F77E0,27,tronco,3,0,D53D7996
C15F77E0,27,tronco,5,0,940C628F
C15F77E0,27,rama1,14,0,E45D761B
C15F77E0,27,rama1,15,0,E45D761B
C15F77E0,27,rama2,20,0,5E0C7F82
C15F77E0,27,rama2,21,0,5E0C7F82
0657C667,27,tronco,1,0,C16F48D3
0657C667,27,tronco,3,0,37990611
0657C667,27,tronco,5,0,DC6E49B0
0657C667,27,rama1,14,0,C9E5911B
0657C667,27,rama1,15,0,C9E5911B
0657C667,27,rama2,20,0,5FD5966C
0657C667,27,rama2,21,0,5FD5966C
B0F8F0BA,27,tronco,1,0,AC3F5D24
B0F8F0BA,27,tronco,3,0,76A81D08
B0F8F0BA,27,tronco,5,0,DC6E49B0
B0F8F0BA,27,rama1,14,0,47C81285
B0F8F0BA,27,rama1,15,0,47C81285
B0F8F0BA,27,rama2,20,0,6BA91C6B
B0F8F0BA,27,rama2,21,0,6BA91C6B
67F18918,27,tronco,1,0,999A3ECD
67F18918,27,tronco,3,0,430D7EE1
67F18918,27,tronco,5,0,9321DA68
67F18918,27,rama1,14,0,3ECA3637
67F18918,27,rama1,15,0,3ECA3637
67F18918,27,rama2,20,0,A8FA3140
67F18918,27,rama2,21,0,A8FA3140
B7F15866,27,tronco,1,0,166E54BD
B7F15866,27,tronco,3,0,F95C7778
B7F15866,27,tronco,5,0,B86D6C61
B7F15866,27,rama1,14,0,8FF932E5
B7F15866,27,rama1,15,0,8FF932E5
B7F15866,27,rama2,20,0,1EE48D75
B7F15866,27,rama2,21,0,1EE48D75
D874B538,27,tronco,1,0,ED0E463D
D874B538,27,tronco,3,0,E0981A7F
D874B538,27,tronco,5,0,9321DA68
D874B538,27,rama1,14,0,A4B584EC
D874B538,27,rama1,15,0,A4B584EC
D874B538,27,rama2,20,0,5590EE4C
D874B538,27,rama2,21,0,5590EE4C
AF7385AE,27,tronco,1,0,805E53CA
AF7385AE,27,tronco,3,0,E0981A7F
AF7385AE,27,tronco,5,0,2E5D6B16
AF7385AE,27,rama1,14,0,12AB38D9
AF7385AE,27,rama1,15,0,12AB38D9
AF7385AE,27,rama2,20,0,849B3FAE
AF7385AE,27,rama2,21,0,849B3FAE
367AD414,27,tronco,1,0,C642F034
367AD414,27,tronco,3,0,5AC913E6
367AD414,27,tronco,5,0,54B79B27
367AD414,27,rama1,14,0,890D63EC
367AD414,27,rama1,15,0,890D63EC
367AD414,27,rama2,20,0,2A980772
367AD414,27,rama2,21,0,2A980772
417DE482,27,tronco,1,0,C16F48D3
417DE482,27,tronco,3,0,CCF91491
417DE482,27,tronco,5,0,539A23C0
417DE482,27,rama1,14,0,FD991B1C
417DE482,27,rama1,15,0,FD991B1C
417DE482,27,rama2,20,0,6BA91C6B
417DE482,27,rama2,21,0,6BA91C6B
DF197121,27,tronco,1,0,D8AB25D4
DF197121,27,tronco,3,0,CCF91491
DF197121,27,tronco,5,0,539A23C0
DF197121,27,rama1,14,0,97E4B60C
DF197121,27,rama1,15,0,97E4B60C
DF197121,27,rama2,20,0,01D4B17B
DF197121,27,rama2,21,0,01D4B17B
A81E41B7,27,tronco,1,0,ED0E463D
A81E41B7,27,tronco,3,0,8DC80F88
A81E41B7,27,tronco,5,0,1BF808FF
A81E41B7,27,rama1,14,0,D6D5AD15
A81E41B7,27,rama1,15,0,D6D5AD15
A81E41B7,27,rama2,20,0,2A980772
A81E41B7,27,rama2,21,0,2A980772
3117100D,27,tronco,1,0,D8AB25D4
3117100D,27,tronco,3,0,F95C7778
3117100D,27,tronco,5,0,539A23C0
3117100D,27,rama1,14,0,88D48A02
3117100D,27,rama1,15,0,88D48A02
3117100D,27,rama2,20,0,19C93592
3117100D,27,rama2,21,0,19C93592
4610209B,27,tronco,1,0,C642F034
4610209B,27,tronco,3,0,A1A90166
4610209B,27,tronco,5,0,9321DA68
4610209B,27,rama1,14,0,E45D761B
4610209B,27,rama1,15,0,E45D761B
4610209B,27,rama2,20,0,726D716C
4610209B,27,rama2,21,0,726D716C
D6AF3D0A,27,tronco,1,0,805E53CA
D6AF3D0A,27,tronco,3,0,E0981A7F
D6AF3D0A,27,tronco,5,0,2E5D6B16
D6AF3D0A,27,rama1,14,0,12AB38D9
D6AF3D0A,27,rama1,15,0,12AB38D9
D6AF3D0A,27,rama2,20,0,83B68749
D6AF3D0A,27,rama2,21,0,83B68749
A1A80D9C,27,tronco,1,0,F4CA2B3A
A1A80D9C,27,tronco,3,0,AC3F5D24
A1A80D9C,27,tronco,5,0,539A23C0
A1A80D9C,27,rama1,14,0,CEC829FC
A1A80D9C,27,rama1,15,0,CEC829FC
A1A80D9C,27,rama2,20,0,58F82E8B
A1A80D9C,27,rama2,21,0,58F82E8B
BEEBA102,27,tronco,1,0,805E53CA
BEEBA102,27,tronco,3,0,CCF91491
BEEBA102,27,tronco,5,0,023C65F8
BEEBA102,27,rama1,14,0,8FF932E5
BEEBA102,27,rama1,15,0,8FF932E5
BEEBA102,27,rama2,20,0,5590EE4C
BEEBA102,27,rama2,21,0,5590EE4C
843117A6,27,tronco,1,0,7B3E414A
843117A6,27,tronco,3,0,023C65F8
843117A6,27,tronco,5,0,C2879C50
843117A6,27,rama1,14,0,BCA80005
843117A6,27,rama1,15,0,BCA80005
843117A6,27,rama2,20,0,40E5AA62
843117A6,27,rama2,21,0,40E5AA62
F3362730,27,tronco,1,0,0FAA39BA
F3362730,27,tronco,3,0,E0981A7F
F3362730,27,tronco,5,0,B86D6C61
F3362730,27,rama1,14,0,FD991B1C
F3362730,27,rama1,15,0,FD991B1C
F3362730,27,rama2,20,0,726D716C
F3362730,27,rama2,21,0,726D716C
6A3F768A,27,tronco,1,0,ED0E463D
6A3F768A,27,tronco,3,0,430D7EE1
6A3F768A,27,tronco,5,0,DC6E49B0
6A3F768A,27,rama1,14,0,C9E5911B
6A3F768A,27,rama1,15,0,C9E5911B
6A3F768A,27,rama2,20,0,2B41EE9C
6A3F768A,27,rama2,21,0,2B41EE9C
1D38461C,27,tronco,1,0,D8AB25D4
1D38461C,27,tronco,3,0,CCF91491
1D38461C,27,tronco,5,0,C5AA24B7
1D38461C,27,rama1,14,0,12AB38D9
1D38461C,27,rama1,15,0,12AB38D9
1D38461C,27,rama2,20,0,A8FA3140
1D38461C,27,rama2,21,0,A8FA3140
835CD3BF,27,tronco,1,0,23CB3754
835CD3BF,27,tronco,3,0,8773EB2D
835CD3BF,27,tronco,5,0,E9CB2A59
835CD3BF,27,rama1,14,0,6A70F585
835CD3BF,27,rama1,15,0,6A70F585
835CD3BF,27,rama2,20,0,73B49882
835CD3BF,27,rama2,21,0,73B49882
F45BE329,27,tronco,1,0,ED0E463D
F45BE329,27,tronco,3,0,6F6C700F
F45BE329,27,tronco,5,0,9321DA68
F45BE329,27,rama1,14,0,D6D5AD15
F45BE329,27,rama1,15,0,D6D5AD15
F45BE329,27,rama2,20,0,06F9099C
F45BE329,27,rama2,21,0,06F9099C
6D52B293,27,tronco,1,0,C16F48D3
6D52B293,27,tronco,3,0,4420C606
6D52B293,27,tronco,5,0,2E5D6B16
6D52B293,27,rama1,14,0,88D48A02
6D52B293,27,rama1,15,0,88D48A02
6D52B293,27,rama2,20,0,19C93592
6D52B293,27,rama2,21,0,19C93592
1A558205,27,tronco,1,0,575F4FA4
1A558205,27,tronco,3,0,8DC80F88
1A558205,27,tronco,5,0,4A5E4EC7
1A558205,27,rama1,14,0,890D63EC
1A558205,27,rama1,15,0,890D63EC
1A558205,27,rama2,20,0,2A980772
1A558205,27,rama2,21,0,2A980772
8AEA9F94,27,tronco,1,0,166E54BD
8AEA9F94,27,tronco,3,0,37990611
8AEA9F94,27,tronco,5,0,663F4029
8AEA9F94,27,rama1,14,0,12AB38D9
8AEA9F94,27,rama1,15,0,12AB38D9
8AEA9F94,27,rama2,20,0,83B68749
8AEA9F94,27,rama2,21,0,83B68749
FDEDAF02,27,tronco,1,0,5072F743
FDEDAF02,27,tronco,3,0,D53D7996
FDEDAF02,27,tronco,5,0,B13E5C47
FDEDAF02,27,rama1,14,0,E45D761B
FDEDAF02,27,rama1,15,0,E45D761B
FDEDAF02,27,rama2,20,0,5E0C7F82
FDEDAF02,27,rama2,21,0,5E0C7F82
9D2A26E7,27,tronco,1,0,23CB3754
9D2A26E7,27,tronco,3,0,E0981A7F
9D2A26E7,27,tronco,5,0,940C628F
9D2A26E7,27,rama1,14,0,BD71E9EB
9D2A26E7,27,rama1,15,0,BD71E9EB
9D2A26E7,27,rama2,20,0,5FD5966C
9D2A26E7,27,rama2,21,0,5FD5966C
EA2D1671,27,tronco,1,0,7B3E414A
EA2D1671,27,tronco,3,0,430D7EE1
EA2D1671,27,tronco,5,0,DC6E49B0
EA2D1671,27,rama1,14,0,BCA80005
EA2D1671,27,rama1,15,0,BCA80005
EA2D1671,27,rama2,20,0,1F3D649B
EA2D1671,27,rama2,21,0,1F3D649B
732447CB,27,tronco,1,0,4E9B22A3
732447CB,27,tronco,3,0,76A81D08
732447CB,27,tronco,5,0,54B79B27
732447CB,27,rama1,14,0,73B49882
732447CB,27,rama1,15,0,73B49882
732447CB,27,rama2,20,0,01D4B17B
732447CB,27,rama2,21,0,01D4B17B
61755032,27,tronco,1,0,ED0E463D
61755032,27,tronco,3,0,AC3F5D24
61755032,27,tronco,5,0,9321DA68
61755032,27,rama1,14,0,FD991B1C
61755032,27,rama1,15,0,FD991B1C
61755032,27,rama2,20,0,47C81285
61755032,27,rama2,21,0,47C81285
167260A4,27,tronco,1,0,23CB3754
167260A4,27,tronco,3,0,A1A90166
167260A4,27,tronco,5,0,54B79B27
167260A4,27,rama1,14,0,A4B584EC
167260A4,27,rama1,15,0,A4B584EC
167260A4,27,rama2,20,0,19C93592
167260A4,27,rama2,21,0,19C93592
8F7B311E,27,tronco,1,0,805E53CA
8F7B311E,27,tronco,3,0,5AC913E6
8F7B311E,27,tronco,5,0,7FFB2D2E
8F7B311E,27,rama1,14,0,E45D761B
8F7B311E,27,rama1,15,0,E45D761B
8F7B311E,27,rama2,20,0,726D716C
8F7B311E,27,rama2,21,0,726D716C
F87C0188,27,tronco,1,0,C642F034
F87C0188,27,tronco,3,0,4420C606
F87C0188,27,tronco,5,0,2E5D6B16
F87C0188,27,rama1,14,0,12AB38D9
F87C0188,27,rama1,15,0,12AB38D9
F87C0188,27,rama2,20,0,A8FA3140
F87C0188,27,rama2,21,0,A8FA3140
6618942B,27,tronco,1,0,805E53CA
6618942B,27,tronco,3,0,D210C171
6618942B,27,tronco,5,0,54B79B27
6618942B,27,rama1,14,0,BCA80005
6618942B,27,rama1,15,0,BCA80005
6618942B,27,rama2,20,0,1F3D649B
6618942B,27,rama2,21,0,1F3D649B
111FA4BD,27,tronco,1,0,C642F034
111FA4BD,27,tronco,3,0,A1A90166
111FA4BD,27,tronco,5,0,940C628F
111FA4BD,27,rama1,14,0,97E4B60C
111FA4BD,27,rama1,15,0,97E4B60C
111FA4BD,27,rama2,20,0,01D4B17B
111FA4BD,27,rama2,21,0,01D4B17B
8816F507,27,tronco,1,0,B5FB3023
8816F507,27,tronco,3,0,8773EB2D
8816F507,27,tronco,5,0,539A23C0
8816F507,27,rama1,14,0,1586803E
8816F507,27,rama1,15,0,1586803E
8816F507,27,rama2,20,0,849B3FAE
8816F507,27,rama2,21,0,849B3FAE
FF11C591,27,tronco,1,0,166E54BD
FF11C591,27,tronco,3,0,6F6C700F
FF11C591,27,tronco,5,0,7FFB2D2E
FF11C591,27,rama1,14,0,FD991B1C
FF11C591,27,rama1,15,0,FD991B1C
FF11C591,27,rama2,20,0,47C81285
FF11C591,27,rama2,21,0,47C81285
6FAED800,27,tronco,1,0,B5FB3023
6FAED800,27,tronco,3,0,6F6C700F
6FAED800,27,tronco,5,0,B86D6C61
6FAED800,27,rama1,14,0,CEC829FC
6FAED800,27,rama1,15,0,CEC829FC
6FAED800,27,rama2,20,0,58F82E8B
6FAED800,27,rama2,21,0,58F82E8B
18A9E896,27,tronco,1,0,166E54BD
18A9E896,27,tronco,3,0,E0981A7F
18A9E896,27,tronco,5,0,F00F475E
18A9E896,27,rama1,14,0,90C90EEB
18A9E896,27,rama1,15,0,90C90EEB
18A9E896,27,rama2,20,0,40E5AA62
18A9E896,27,rama2,21,0,40E5AA62
2CBDF139,27,tronco,1,0,23CB3754
2CBDF139,27,tronco,3,0,D210C171
2CBDF139,27,tronco,5,0,9321DA68
2CBDF139,27,rama1,14,0,90C90EEB
2CBDF139,27,rama1,15,0,90C90EEB
2CBDF139,27,rama2,20,0,06F9099C
2CBDF139,27,rama2,21,0,06F9099C
5BBAC1AF,27,tronco,1,0,D8AB25D4
5BBAC1AF,27,tronco,3,0,6F6C700F
5BBAC1AF,27,tronco,5,0,539A23C0
5BBAC1AF,27,rama1,14,0,C9E5911B
5BBAC1AF,27,rama1,15,0,C9E5911B
5BBAC1AF,27,rama2,20,0,2B41EE9C
5BBAC1AF,27,rama2,21,0,2B41EE9C
C2B39015,27,tronco,1,0,AC3F5D24
C2B39015,27,tronco,3,0,5AC913E6
C2B39015,27,tronco,5,0,2E5D6B16
C2B39015,27,rama1,14,0,1586803E
C2B39015,27,rama1,15,0,1586803E
C2B39015,27,rama2,20,0,9D5F52A9
C2B39015,27,rama2,21,0,9D5F52A9
B5B4A083,27,tronco,1,0,1143EC5A
B5B4A083,27,tronco,3,0,4420C606
B5B4A083,27,tronco,5,0,023C65F8
B5B4A083,27,rama1,14,0,E45D761B
B5B4A083,27,rama1,15,0,E45D761B
B5B4A083,27,rama2,20,0,6BA91C6B
B5B4A083,27,rama2,21,0,6BA91C6B
2BD03520,27,tronco,1,0,B5FB3023
2BD03520,27,tronco,3,0,A1A90166
2BD03520,27,tronco,5,0,663F4029
2BD03520,27,rama1,14,0,73B49882
2BD03520,27,rama1,15,0,73B49882
2BD03520,27,rama2,20,0,FC40F2F2
2BD03520,27,rama2,21,0,FC40F2F2
5CD705B6,27,tronco,1,0,F4CA2B3A
5CD705B6,27,tronco,3,0,8DC80F88
5CD705B6,27,tronco,5,0,9321DA68
5CD705B6,27,rama1,14,0,E5849FF5
5CD705B6,27,rama1,15,0,E5849FF5
5CD705B6,27,rama2,20,0,0720E072
5CD705B6,27,rama2,21,0,0720E072
C5DE540C,27,tronco,1,0,0FAA39BA
C5DE540C,27,tronco,3,0,8773EB2D
C5DE540C,27,tronco,5,0,E9CB2A59
C5DE540C,27,rama1,14,0,1586803E
C5DE540C,27,rama1,15,0,1586803E
C5DE540C,27,rama2,20,0,849B3FAE
C5DE540C,27,rama2,21,0,849B3FAE
B2D9649A,27,tronco,1,0,4A5E4EC7
B2D9649A,27,tronco,3,0,B5FB3023
B2D9649A,27,tronco,5,0,805E53CA
B2D9649A,27,rama1,14,0,FD991B1C
B2D9649A,27,rama1,15,0,FD991B1C
B2D9649A,27,rama2,20,0,726D716C
B2D9649A,27,rama2,21,0,726D716C
2266790B,27,tronco,1,0,3A0F5A53
2266790B,27,tronco,3,0,CCF91491
2266790B,27,tronco,5,0,940C628F
2266790B,27,rama1,14,0,E45D761B
2266790B,27,rama1,15,0,E45D761B
2266790B,27,rama2,20,0,6BA91C6B
2266790B,27,rama2,21,0,6BA91C6B
5561499D,27,tronco,1,0,B5FB3023
5561499D,27,tronco,3,0,5AC913E6
5561499D,27,tronco,5,0,C5AA24B7
5561499D,27,rama1,14,0,90C90EEB
5561499D,27,rama1,15,0,90C90EEB
5561499D,27,rama2,20,0,06F9099C
5561499D,27,rama2,21,0,06F9099C
3F25D96F,27,tronco,1,0,D8AB25D4
3F25D96F,27,tronco,3,0,D210C171
3F25D96F,27,tronco,5,0,C2879C50
3F25D96F,27,rama1,14,0,8FF932E5
3F25D96F,27,rama1,15,0,8FF932E5
3F25D96F,27,rama2,20,0,3285839B
3F25D96F,27,rama2,21,0,3285839B
4822E9F9,27,tronco,1,0,AC3F5D24
4822E9F9,27,tronco,3,0,A1A90166
4822E9F9,27,tronco,5,0,023C65F8
4822E9F9,27,rama1,14,0,D1F815F2
4822E9F9,27,rama1,15,0,D1F815F2
4822E9F9,27,rama2,20,0,47C81285
4822E9F9,27,rama2,21,0,47C81285
D12BB843,27,tronco,1,0,ED0E463D
D12BB843,27,tronco,3,0,D210C171
D12BB843,27,tronco,5,0,B86D6C61
D12BB843,27,rama1,14,0,4611FB6B
D12BB843,27,rama1,15,0,4611FB6B
D12BB843,27,rama2,20,0,01D4B17B
D12BB843,27,rama2,21,0,01D4B17B
A62C88D5,27,tronco,1,0,C642F034
A62C88D5,27,tronco,3,0,D210C171
A62C88D5,27,tronco,5,0,54B79B27
A62C88D5,27,rama1,14,0,D6D5AD15
A62C88D5,27,rama1,15,0,D6D5AD15
A62C88D5,27,rama2,20,0,1F3D649B
A62C88D5,27,rama2,21,0,1F3D649B
38481D76,27,tronco,1,0,F4CA2B3A
38481D76,27,tronco,3,0,8DC80F88
38481D76,27,tronco,5,0,539A23C0
38481D76,27,rama1,14,0,4611FB6B
38481D76,27,rama1,15,0,4611FB6B
38481D76,27,rama2,20,0,01D4B17B
38481D76,27,rama2,21,0,01D4B17B
4F4F2DE0,27,tronco,1,0,1143EC5A
4F4F2DE0,27,tronco,3,0,F95C7778
4F4F2DE0,27,tronco,5,0,54B79B27
4F4F2DE0,27,rama1,14,0,12AB38D9
4F4F2DE0,27,rama1,15,0,12AB38D9
4F4F2DE0,27,rama2,20,0,A8FA3140
4F4F2DE0,27,rama2,21,0,A8FA3140
D6467C5A,27,tronco,1,0,0FAA39BA
D6467C5A,27,tronco,3,0,8DC80F88
D6467C5A,27,tronco,5,0,B86D6C61
D6467C5A,27,rama1,14,0,8FF932E5
D6467C5A,27,rama1,15,0,8FF932E5
D6467C5A,27,rama2,20,0,5590EE4C
D6467C5A,27,rama2,21,0,5590EE4C
A1414CCC,27,tronco,1,0,AC3F5D24
A1414CCC,27,tronco,3,0,F95C7778
A1414CCC,27,tronco,5,0,940C628F
A1414CCC,27,rama1,14,0,6A70F585
A1414CCC,27,rama1,15,0,6A70F585
A1414CCC,27,rama2,20,0,D021FC1C
A1414CCC,27,rama2,21,0,D021FC1C
31FE515D,27,tronco,1,0,999A3ECD
31FE515D,27,tronco,3,0,CCF91491
31FE515D,27,tronco,5,0,270E5B30
31FE515D,27,rama1,14,0,0B6F55DE
31FE515D,27,rama1,15,0,0B6F55DE
31FE515D,27,rama2,20,0,335C6A75
31FE515D,27,rama2,21,0,335C6A75
46F961CB,27,tronco,1,0,4E9B22A3
46F961CB,27,tronco,3,0,A1A90166
46F961CB,27,tronco,5,0,023C65F8
46F961CB,27,rama1,14,0,0B6F55DE
46F961CB,27,rama1,15,0,0B6F55DE
46F961CB,27,rama2,20,0,849B3FAE
46F961CB,27,rama2,21,0,849B3FAE
263EE82E,27,tronco,1,0,999A3ECD
263EE82E,27,tronco,3,0,CCF91491
263EE82E,27,tronco,5,0,663F4029
263EE82E,27,rama1,14,0,D1F815F2
263EE82E,27,rama1,15,0,D1F815F2
263EE82E,27,rama2,20,0,5E0C7F82
263EE82E,27,rama2,21,0,5E0C7F82
5139D8B8,27,tronco,1,0,4E9B22A3
5139D8B8,27,tronco,3,0,430D7EE1
5139D8B8,27,tronco,5,0,B86D6C61
5139D8B8,27,rama1,14,0,8FF932E5
5139D8B8,27,rama1,15,0,8FF932E5
5139D8B8,27,rama2,20,0,1EE48D75
5139D8B8,27,rama2,21,0,1EE48D75
C8308902,27,tronco,1,0,166E54BD
C8308902,27,tronco,3,0,E0981A7F
C8308902,27,tronco,5,0,B86D6C61
C8308902,27,rama1,14,0,3ECA3637
C8308902,27,rama1,15,0,3ECA3637
C8308902,27,rama2,20,0,83B68749
C8308902,27,rama2,21,0,83B68749
BF37B994,27,tronco,1,0,999A3ECD
BF37B994,27,tronco,3,0,CCF91491
BF37B994,27,tronco,5,0,B13E5C47
BF37B994,27,rama1,14,0,D1F815F2
BF37B994,27,rama1,15,0,D1F815F2
BF37B994,27,rama2,20,0,5E0C7F82
BF37B994,27,rama2,21,0,5E0C7F82
21532C37,27,tronco,1,0,23CB3754
21532C37,27,tronco,3,0,76A81D08
21532C37,27,tronco,5,0,C2879C50
21532C37,27,rama1,14,0,BCA80005
21532C37,27,rama1,15,0,BCA80005
21532C37,27,rama2,20,0,335C6A75
21532C37,27,rama2,21,0,335C6A75
56541CA1,27,tronco,1,0,B5FB3023
56541CA1,27,tronco,3,0,76A81D08
56541CA1,27,tronco,5,0,9321DA68
56541CA1,27,rama1,14,0,890D63EC
56541CA1,27,rama1,15,0,890D63EC
56541CA1,27,rama2,20,0,40E5AA62
56541CA1,27,rama2,21,0,40E5AA62
CF5D4D1B,27,tronco,1,0,4E9B22A3
CF5D4D1B,27,tronco,3,0,430D7EE1
CF5D4D1B,27,tronco,5,0,1BF808FF
CF5D4D1B,27,rama1,14,0,8FF932E5
CF5D4D1B,27,rama1,15,0,8FF932E5
CF5D4D1B,27,rama2,20,0,1EE48D75
CF5D4D1B,27,rama2,21,0,1EE48D75
B85A7D8D,27,tronco,1,0,C642F034
B85A7D8D,27,tronco,3,0,CCF91491
B85A7D8D,27,tronco,5,0,F00F475E
B85A7D8D,27,rama1,14,0,E45D761B
B85A7D8D,27,rama1,15,0,E45D761B
B85A7D8D,27,rama2,20,0,47C81285
B85A7D8D,27,rama2,21,0,47C81285
0245F0DF,27,tronco,1,0,C642F034
0245F0DF,27,tronco,3,0,023C65F8
0245F0DF,27,tronco,5,0,C2879C50
0245F0DF,27,rama1,14,0,FD991B1C
0245F0DF,27,rama1,15,0,FD991B1C
0245F0DF,27,rama2,20,0,726D716C
0245F0DF,27,rama2,21,0,726D716C
7542C049,27,tronco,1,0,ED0E463D
7542C049,27,tronco,3,0,8DC80F88
7542C049,27,tronco,5,0,4A5E4EC7
7542C049,27,rama1,14,0,C83C78F5
7542C049,27,rama1,15,0,C83C78F5
7542C049,27,rama2,20,0,5E0C7F82
7542C049,27,rama2,21,0,5E0C7F82
EC4B91F3,27,tronco,1,0,7B3E414A
EC4B91F3,27,tronco,3,0,8773EB2D
EC4B91F3,27,tronco,5,0,7FFB2D2E
EC4B91F3,27,rama1,14,0,6A70F585
EC4B91F3,27,rama1,15,0,6A70F585
EC4B91F3,27,rama2,20,0,D021FC1C
EC4B91F3,27,rama2,21,0,D021FC1C
9B4CA165,27,tronco,1,0,C642F034
9B4CA165,27,tronco,3,0,5AC913E6
9B4CA165,27,tronco,5,0,2E5D6B16
9B4CA165,27,rama1,14,0,E5849FF5
9B4CA165,27,rama1,15,0,E5849FF5
9B4CA165,27,rama2,20,0,58F82E8B
9B4CA165,27,rama2,21,0,58F82E8B
052834C6,27,tronco,1,0,D8AB25D4
052834C6,27,tronco,3,0,D210C171
052834C6,27,tronco,5,0,023C65F8
052834C6,27,rama1,14,0,0B6F55DE
052834C6,27,rama1,15,0,0B6F55DE
052834C6,27,rama2,20,0,9D5F52A9
052834C6,27,rama2,21,0,9D5F52A9
722F0450,27,tronco,1,0,AC3F5D24
722F0450,27,tronco,3,0,F95C7778
722F0450,27,tronco,5,0,2E5D6B16
722F0450,27,rama1,14,0,A4B584EC
722F0450,27,rama1,15,0,A4B584EC
722F0450,27,rama2,20,0,3285839B
722F0450,27,rama2,21,0,3285839B
EB2655EA,27,tronco,1,0,C16F48D3
EB2655EA,27,tronco,3,0,37990611
EB2655EA,27,tronco,5,0,C5AA24B7
EB2655EA,27,rama1,14,0,FD991B1C
EB2655EA,27,rama1,15,0,FD991B1C
EB2655EA,27,rama2,20,0,47C81285
EB2655EA,27,rama2,21,0,47C81285
9C21657C,27,tronco,1,0,5072F743
9C21657C,27,tronco,3,0,430D7EE1
9C21657C,27,tronco,5,0,E9CB2A59
9C21657C,27,rama1,14,0,8FF932E5
9C21657C,27,rama1,15,0,8FF932E5
9C21657C,27,rama2,20,0,1EE48D75
9C21657C,27,rama2,21,0,1EE48D75
0C9E78ED,27,tronco,1,0,F4CA2B3A
0C9E78ED,27,tronco,3,0,D210C171
0C9E78ED,27,tronco,5,0,F00F475E
0C9E78ED,27,rama1,14,0,12AB38D9
0C9E78ED,27,rama1,15,0,12AB38D9
0C9E78ED,27,rama2,20,0,A8FA3140
0C9E78ED,27,rama2,21,0,A8FA3140
7B99487B,27,tronco,1,0,5072F743
7B99487B,27,tronco,3,0,CCF91491
7B99487B,27,tronco,5,0,9321DA68
7B99487B,27,rama1,14,0,C9E5911B
7B99487B,27,rama1,15,0,C9E5911B
7B99487B,27,rama2,20,0,2B41EE9C
7B99487B,27,rama2,21,0,2B41EE9C
1B5EC19E,27,tronco,1,0,4E9B22A3
1B5EC19E,27,tronco,3,0,37990611
1B5EC19E,27,tronco,5,0,DC6E49B0
1B5EC19E,27,rama1,14,0,D6D5AD15
1B5EC19E,27,rama1,15,0,D6D5AD15
1B5EC19E,27,rama2,20,0,2A980772
1B5EC19E,27,rama2,21,0,2A980772
6C59F108,27,tronco,1,0,AC3F5D24
6C59F108,27,tronco,3,0,8DC80F88
6C59F108,27,tronco,5,0,C5AA24B7
6C59F108,27,rama1,14,0,C83C78F5
6C59F108,27,rama1,15,0,C83C78F5
6C59F108,27,rama2,20,0,47C81285
6C59F108,27,rama2,21,0,47C81285
F550A0B2,27,tronco,1,0,805E53CA
F550A0B2,27,tronco,3,0,E0981A7F
F550A0B2,27,tronco,5,0,C5AA24B7
F550A0B2,27,rama1,14,0,D6D5AD15
F550A0B2,27,rama1,15,0,D6D5AD15
F550A0B2,27,rama2,20,0,335C6A75
F550A0B2,27,rama2,21,0,335C6A75
82579024,27,tronco,1,0,C16F48D3
82579024,27,tronco,3,0,A1A90166
82579024,27,tronco,5,0,2E5D6B16
82579024,27,rama1,14,0,FD991B1C
82579024,27,rama1,15,0,FD991B1C
82579024,27,rama2,20,0,47C81285
82579024,27,rama2,21,0,47C81285
C409410B,27,tronco,1,0,C642F034
C409410B,27,tronco,3,0,E0981A7F
C409410B,27,tronco,5,0,9321DA68
C409410B,27,rama1,14,0,0B6F55DE
C409410B,27,rama1,15,0,0B6F55DE
C409410B,27,rama2,20,0,849B3FAE
C409410B,27,rama2,21,0,849B3FAE
B30E719D,27,tronco,1,0,C642F034
B30E719D,27,tronco,3,0,76A81D08
B30E719D,27,tronco,5,0,023C65F8
B30E719D,27,rama1,14,0,8FF932E5
B30E719D,27,rama1,15,0,8FF932E5
B30E719D,27,rama2,20,0,5590EE4C
B30E719D,27,rama2,21,0,5590EE4C
2A072027,27,tronco,1,0,575F4FA4
2A072027,27,tronco,3,0,4420C606
2A072027,27,tronco,5,0,7FFB2D2E
2A072027,27,rama1,14,0,4611FB6B
2A072027,27,rama1,15,0,4611FB6B
2A072027,27,rama2,20,0,D021FC1C
2A072027,27,rama2,21,0,D021FC1C
5D0010B1,27,tronco,1,0,AC3F5D24
5D0010B1,27,tronco,3,0,5AC913E6
5D0010B1,27,tronco,5,0,DC6E49B0
5D0010B1,27,rama1,14,0,BCA80005
5D0010B1,27,rama1,15,0,BCA80005
5D0010B1,27,rama2,20,0,335C6A75
5D0010B1,27,rama2,21,0,335C6A75
C3648512,27,tronco,1,0,D8AB25D4
C3648512,27,tronco,3,0,430D7EE1
C3648512,27,tronco,5,0,023C65F8
C3648512,27,rama1,14,0,E45D761B
C3648512,27,rama1,15,0,E45D761B
C3648512,27,rama2,20,0,726D716C
C3648512,27,rama2,21,0,726D716C
B463B584,27,tronco,1,0,805E53CA
B463B584,27,tronco,3,0,8773EB2D
B463B584,27,tronco,5,0,663F4029
B463B584,27,rama1,14,0,9110E705
B463B584,27,rama1,15,0,9110E705
B463B584,27,rama2,20,0,19C93592
B463B584,27,rama2,21,0,19C93592
2D6AE43E,27,tronco,1,0,805E53CA
2D6AE43E,27,tronco,3,0,6F6C700F
2D6AE43E,27,tronco,5,0,663F4029
2D6AE43E,27,rama1,14,0,12AB38D9
2D6AE43E,27,rama1,15,0,12AB38D9
2D6AE43E,27,rama2,20,0,83B68749
2D6AE43E,27,rama2,21,0,83B68749
5A6DD4A8,27,tronco,1,0,7B3E414A
5A6DD4A8,27,tronco,3,0,270E5B30
5A6DD4A8,27,tronco,5,0,9321DA68
5A6DD4A8,27,rama1,14,0,890D63EC
5A6DD4A8,27,rama1,15,0,890D63EC
5A6DD4A8,27,rama2,20,0,335C6A75
5A6DD4A8,27,rama2,21,0,335C6A75
CAD2C939,27,tronco,1,0,ED0E463D
CAD2C939,27,tronco,3,0,B13E5C47
CAD2C939,27,tronco,5,0,B86D6C61
CAD2C939,27,rama1,14,0,E5849FF5
CAD2C939,27,rama1,15,0,E5849FF5
CAD2C939,27,rama2,20,0,0720E072
CAD2C939,27,rama2,21,0,0720E072
BDD5F9AF,27,tronco,1,0,ED0E463D
BDD5F9AF,27,tronco,3,0,8773EB2D
BDD5F9AF,27,tronco,5,0,54B79B27
BDD5F9AF,27,rama1,14,0,8FF932E5
BDD5F9AF,27,rama1,15,0,8FF932E5
BDD5F9AF,27,rama2,20,0,19C93592
BDD5F9AF,27,rama2,21,0,19C93592
DD12704A,27,tronco,1,0,D8AB25D4
DD12704A,27,tronco,3,0,4420C606
DD12704A,27,tronco,5,0,C2879C50
DD12704A,27,rama1,14,0,FD991B1C
DD12704A,27,rama1,15,0,FD991B1C
DD12704A,27,rama2,20,0,47C81285
DD12704A,27,rama2,21,0,47C81285
AA1540DC,27,tronco,1,0,7B3E414A
AA1540DC,27,tronco,3,0,270E5B30
AA1540DC,27,tronco,5,0,9321DA68
AA1540DC,27,rama1,14,0,890D63EC
AA1540DC,27,rama1,15,0,890D63EC
AA1540DC,27,rama2,20,0,335C6A75
AA1540DC,27,rama2,21,0,335C6A75
331C1166,27,tronco,1,0,1143EC5A
331C1166,27,tronco,3,0,D210C171
331C1166,27,tronco,5,0,C5AA24B7
331C1166,27,rama1,14,0,9110E705
331C1166,27,rama1,15,0,9110E705
331C1166,27,rama2,20,0,5590EE4C
331C1166,27,rama2,21,0,5590EE4C
441B21F0,27,tronco,1,0,575F4FA4
441B21F0,27,tronco,3,0,5AC913E6
441B21F0,27,tronco,5,0,E9CB2A59
441B21F0,27,rama1,14,0,C9E5911B
441B21F0,27,rama1,15,0,C9E5911B
441B21F0,27,rama2,20,0,58F82E8B
441B21F0,27,rama2,21,0,58F82E8B
DA7FB453,27,tronco,1,0,0FAA39BA
DA7FB453,27,tronco,3,0,430D7EE1
DA7FB453,27,tronco,5,0,2E5D6B16
DA7FB453,27,rama1,14,0,12AB38D9
DA7FB453,27,rama1,15,0,12AB38D9
DA7FB453,27,rama2,20,0,A8FA3140
DA7FB453,27,rama2,21,0,A8FA3140
6E701980,27,tronco,1,0,4E9B22A3
6E701980,27,tronco,3,0,4A5E4EC7
6E701980,27,tronco,5,0,663F4029
6E701980,27,rama1,14,0,D6D5AD15
6E701980,27,rama1,15,0,D6D5AD15
6E701980,27,rama2,20,0,40E5AA62
6E701980,27,rama2,21,0,40E5AA62
19772916,27,tronco,1,0,4E9B22A3
19772916,27,tronco,3,0,A1A90166
19772916,27,tronco,5,0,663F4029
19772916,27,rama1,14,0,D1F815F2
19772916,27,rama1,15,0,D1F815F2
19772916,27,rama2,20,0,726D716C
19772916,27,rama2,21,0,726D716C
807E78AC,27,tronco,1,0,D8AB25D4
807E78AC,27,tronco,3,0,8DC80F88
807E78AC,27,tronco,5,0,539A23C0
807E78AC,27,rama1,14,0,C9E5911B
807E78AC,27,rama1,15,0,C9E5911B
807E78AC,27,rama2,20,0,5FD5966C
807E78AC,27,rama2,21,0,5FD5966C
F779483A,27,tronco,1,0,166E54BD
F779483A,27,tronco,3,0,6F6C700F
F779483A,27,tronco,5,0,023C65F8
F779483A,27,rama1,14,0,890D63EC
F779483A,27,rama1,15,0,890D63EC
F779483A,27,rama2,20,0,40E5AA62
F779483A,27,rama2,21,0,40E5AA62
691DDD99,27,tronco,1,0,23CB3754
691DDD99,27,tronco,3,0,8DC80F88
691DDD99,27,tronco,5,0,9321DA68
691DDD99,27,rama1,14,0,0B6F55DE
691DDD99,27,rama1,15,0,0B6F55DE
691DDD99,27,rama2,20,0,A8FA3140
691DDD99,27,rama2,21,0,A8FA3140
1E1AED0F,27,tronco,1,0,F4CA2B3A
1E1AED0F,27,tronco,3,0,37990611
1E1AED0F,27,tronco,5,0,1BF808FF
1E1AED0F,27,rama1,14,0,90C90EEB
1E1AED0F,27,rama1,15,0,90C90EEB
1E1AED0F,27,rama2,20,0,40E5AA62
1E1AED0F,27,rama2,21,0,40E5AA62
8713BCB5,27,tronco,1,0,D8AB25D4
8713BCB5,27,tronco,3,0,4420C606
8713BCB5,27,tronco,5,0,C2879C50
8713BCB5,27,rama1,14,0,FD991B1C
8713BCB5,27,rama1,15,0,FD991B1C
8713BCB5,27,rama2,20,0,47C81285
8713BCB5,27,rama2,21,0,47C81285
F0148C23,27,tronco,1,0,ED0E463D
F0148C23,27,tronco,3,0,37990611
F0148C23,27,tronco,5,0,1BF808FF
F0148C23,27,rama1,14,0,3ECA3637
F0148C23,27,rama1,15,0,3ECA3637
F0148C23,27,rama2,20,0,849B3FAE
F0148C23,27,rama2,21,0,849B3FAE
60AB91B2,27,tronco,1,0,0FAA39BA
60AB91B2,27,tronco,3,0,4420C606
60AB91B2,27,tronco,5,0,C5AA24B7
60AB91B2,27,rama1,14,0,8FF932E5
60AB91B2,27,rama1,15,0,8FF932E5
60AB91B2,27,rama2,20,0,88D48A02
60AB91B2,27,rama2,21,0,88D48A02
17ACA124,27,tronco,1,0,D8AB25D4
17ACA124,27,tronco,3,0,430D7EE1
17ACA124,27,tronco,5,0,023C65F8
17ACA124,27,rama1,14,0,A56C6D02
17ACA124,27,rama1,15,0,A56C6D02
17ACA124,27,rama2,20,0,1F3D649B
17ACA124,27,rama2,21,0,1F3D649B
776B28C1,27,tronco,1,0,270E5B30
776B28C1,27,tronco,3,0,76A81D08
776B28C1,27,tronco,5,0,7FFB2D2E
776B28C1,27,rama1,14,0,1586803E
776B28C1,27,rama1,15,0,1586803E
776B28C1,27,rama2,20,0,5E0C7F82
776B28C1,27,rama2,21,0,5E0C7F82
006C1857,27,tronco,1,0,C16F48D3
006C1857,27,tronco,3,0,430D7EE1
006C1857,27,tronco,5,0,C5AA24B7
006C1857,27,rama1,14,0,D6D5AD15
006C1857,27,rama1,15,0,D6D5AD15
006C1857,27,rama2,20,0,1F3D649B
006C1857,27,rama2,21,0,1F3D649B
996549ED,27,tronco,1,0,C16F48D3
996549ED,27,tronco,3,0,8DC80F88
996549ED,27,tronco,5,0,B86D6C61
996549ED,27,rama1,14,0,88D48A02
996549ED,27,rama1,15,0,88D48A02
996549ED,27,rama2,20,0,5590EE4C
996549ED,27,rama2,21,0,5590EE4C
EE62797B,27,tronco,1,0,F4CA2B3A
EE62797B,27,tronco,3,0,5AC913E6
EE62797B,27,tronco,5,0,7FFB2D2E
EE62797B,27,rama1,14,0,D1F815F2
EE62797B,27,rama1,15,0,D1F815F2
EE62797B,27,rama2,20,0,6BA91C6B
EE62797B,27,rama2,21,0,6BA91C6B
7006ECD8,27,tronco,1,0,ED0E463D
7006ECD8,27,tronco,3,0,37990611
7006ECD8,27,tronco,5,0,7FFB2D2E
7006ECD8,27,rama1,14,0,BD71E9EB
7006ECD8,27,rama1,15,0,BD71E9EB
7006ECD8,27,rama2,20,0,0720E072
7006ECD8,27,rama2,21,0,0720E072
23B8B88B,27,tronco,1,0,F4CA2B3A
23B8B88B,27,tronco,3,0,E0981A7F
23B8B88B,27,tronco,5,0,DC6E49B0
23B8B88B,27,rama1,14,0,D1F815F2
23B8B88B,27,rama1,15,0,D1F815F2
23B8B88B,27,rama2,20,0,726D716C
23B8B88B,27,rama2,21,0,726D716C
54BF881D,27,tronco,1,0,166E54BD
54BF881D,27,tronco,3,0,CCF91491
54BF881D,27,tronco,5,0,2E5D6B16
54BF881D,27,rama1,14,0,6A70F585
54BF881D,27,rama1,15,0,6A70F585
54BF881D,27,rama2,20,0,D021FC1C
54BF881D,27,rama2,21,0,D021FC1C
CDB6D9A7,27,tronco,1,0,D8AB25D4
CDB6D9A7,27,tronco,3,0,4420C606
CDB6D9A7,27,tronco,5,0,54B79B27
CDB6D9A7,27,rama1,14,0,D6D5AD15
CDB6D9A7,27,rama1,15,0,D6D5AD15
CDB6D9A7,27,rama2,20,0,06F9099C
CDB6D9A7,27,rama2,21,0,06F9099C
BAB1E931,27,tronco,1,0,805E53CA
BAB1E931,27,tronco,3,0,8773EB2D
BAB1E931,27,tronco,5,0,023C65F8
BAB1E931,27,rama1,14,0,D1F815F2
BAB1E931,27,rama1,15,0,D1F815F2
BAB1E931,27,rama2,20,0,47C81285
BAB1E931,27,rama2,21,0,47C81285
24D57C92,27,tronco,1,0,C642F034
24D57C92,27,tronco,3,0,4420C606
24D57C92,27,tronco,5,0,4A5E4EC7
24D57C92,27,rama1,14,0,CEC829FC
24D57C92,27,rama1,15,0,CEC829FC
24D57C92,27,rama2,20,0,726D716C
24D57C92,27,rama2,21,0,726D716C
53D24C04,27,tronco,1,0,F4CA2B3A
53D24C04,27,tronco,3,0,E0981A7F
53D24C04,27,tronco,5,0,663F4029
53D24C04,27,rama1,14,0,9110E705
53D24C04,27,rama1,15,0,9110E705
53D24C04,27,rama2,20,0,5590EE4C
53D24C04,27,rama2,21,0,5590EE4C
CADB1DBE,27,tronco,1,0,C642F034
CADB1DBE,27,tronco,3,0,37990611
CADB1DBE,27,tronco,5,0,1BF808FF
CADB1DBE,27,rama1,14,0,3ECA3637
CADB1DBE,27,rama1,15,0,3ECA3637
CADB1DBE,27,rama2,20,0,83B68749
CADB1DBE,27,rama2,21,0,83B68749
BDDC2D28,27,tronco,1,0,C16F48D3
BDDC2D28,27,tronco,3,0,5AC913E6
BDDC2D28,27,tronco,5,0,B86D6C61
BDDC2D28,27,rama1,14,0,8FF932E5
BDDC2D28,27,rama1,15,0,8FF932E5
BDDC2D28,27,rama2,20,0,19C93592
BDDC2D28,27,rama2,21,0,19C93592
2D6330B9,27,tronco,1,0,F4CA2B3A
2D6330B9,27,tronco,3,0,430D7EE1
2D6330B9,27,tronco,5,0,663F4029
2D6330B9,27,rama1,14,0,C9E5911B
2D6330B9,27,rama1,15,0,C9E5911B
2D6330B9,27,rama2,20,0,0720E072
2D6330B9,27,rama2,21,0,0720E072
5A64002F,27,tronco,1,0,B5FB3023
5A64002F,27,tronco,3,0,6F6C700F
5A64002F,27,tronco,5,0,C2879C50
5A64002F,27,rama1,14,0,A56C6D02
5A64002F,27,rama1,15,0,A56C6D02
5A64002F,27,rama2,20,0,40E5AA62
5A64002F,27,rama2,21,0,40E5AA62
3AA389CA,27,tronco,1,0,5072F743
3AA389CA,27,tronco,3,0,430D7EE1
3AA389CA,27,tronco,5,0,DC6E49B0
3AA389CA,27,rama1,14,0,D1F815F2
3AA389CA,27,rama1,15,0,D1F815F2
3AA389CA,27,rama2,20,0,47C81285
3AA389CA,27,rama2,21,0,47C81285
C7B51DDE,27,tronco,1,0,3A0F5A53
C7B51DDE,27,tronco,3,0,023C65F8
C7B51DDE,27,tronco,5,0,C2879C50
C7B51DDE,27,rama1,14,0,BCA80005
C7B51DDE,27,rama1,15,0,BCA80005
C7B51DDE,27,rama2,20,0,335C6A75
C7B51DDE,27,rama2,21,0,335C6A75
B0B22D48,27,tronco,1,0,575F4FA4
B0B22D48,27,tronco,3,0,6F6C700F
B0B22D48,27,tronco,5,0,663F4029
B0B22D48,27,rama1,14,0,FD991B1C
B0B22D48,27,rama1,15,0,FD991B1C
B0B22D48,27,rama2,20,0,726D716C
B0B22D48,27,rama2,21,0,726D716C
29BB7CF2,27,tronco,1,0,C16F48D3
29BB7CF2,27,tronco,3,0,8DC80F88
29BB7CF2,27,tronco,5,0,DC6E49B0
29BB7CF2,27,rama1,14,0,4611FB6B
29BB7CF2,27,rama1,15,0,4611FB6B
29BB7CF2,27,rama2,20,0,D021FC1C
29BB7CF2,27,rama2,21,0,D021FC1C
5EBC4C64,27,tronco,1,0,3A0F5A53
5EBC4C64,27,tronco,3,0,4420C606
5EBC4C64,27,tronco,5,0,4A5E4EC7
5EBC4C64,27,rama1,14,0,8FF932E5
5EBC4C64,27,rama1,15,0,8FF932E5
5EBC4C64,27,rama2,20,0,1EE48D75
5EBC4C64,27,rama2,21,0,1EE48D75
C0D8D9C7,27,tronco,1,0,166E54BD
C0D8D9C7,27,tronco,3,0,430D7EE1
C0D8D9C7,27,tronco,5,0,023C65F8
C0D8D9C7,27,rama1,14,0,A8FA3140
C0D8D9C7,27,rama1,15,0,A8FA3140
C0D8D9C7,27,rama2,20,0,849B3FAE
C0D8D9C7,27,rama2,21,0,849B3FAE
B7DFE951,27,tronco,1,0,23CB3754
B7DFE951,27,tronco,3,0,6F6C700F
B7DFE951,27,tronco,5,0,539A23C0
B7DFE951,27,rama1,14,0,D6D5AD15
B7DFE951,27,rama1,15,0,D6D5AD15
B7DFE951,27,rama2,20,0,2A980772
B7DFE951,27,rama2,21,0,2A980772
2ED6B8EB,27,tronco,1,0,575F4FA4
2ED6B8EB,27,tronco,3,0,4420C606
2ED6B8EB,27,tronco,5,0,663F4029
2ED6B8EB,27,rama1,14,0,9110E705
2ED6B8EB,27,rama1,15,0,9110E705
2ED6B8EB,27,rama2,20,0,19C93592
2ED6B8EB,27,rama2,21,0,19C93592
59D1887D,27,tronco,1,0,F4CA2B3A
59D1887D,27,tronco,3,0,8773EB2D
59D1887D,27,tronco,5,0,B86D6C61
59D1887D,27,rama1,14,0,C83C78F5
59D1887D,27,rama1,15,0,C83C78F5
59D1887D,27,rama2,20,0,726D716C
59D1887D,27,rama2,21,0,726D716C
C96E95EC,27,tronco,1,0,ED0E463D
C96E95EC,27,tronco,3,0,6F6C700F
C96E95EC,27,tronco,5,0,C5AA24B7
C96E95EC,27,rama1,14,0,90C90EEB
C96E95EC,27,rama1,15,0,90C90EEB
C96E95EC,27,rama2,20,0,06F9099C
C96E95EC,27,rama2,21,0,06F9099C
BE69A57A,27,tronco,1,0,C16F48D3
BE69A57A,27,tronco,3,0,5AC913E6
BE69A57A,27,tronco,5,0,7FFB2D2E
BE69A57A,27,rama1,14,0,FD991B1C
BE69A57A,27,rama1,15,0,FD991B1C
BE69A57A,27,rama2,20,0,5E0C7F82
BE69A57A,27,rama2,21,0,5E0C7F82
DEAE2C9F,27,tronco,1,0,5072F743
DEAE2C9F,27,tronco,3,0,8DC80F88
DEAE2C9F,27,tronco,5,0,C2879C50
DEAE2C9F,27,rama1,14,0,4611FB6B
DEAE2C9F,27,rama1,15,0,4611FB6B
DEAE2C9F,27,rama2,20,0,73B49882
DEAE2C9F,27,rama2,21,0,73B49882
A9A91C09,27,tronco,1,0,D8AB25D4
A9A91C09,27,tronco,3,0,B13E5C47
A9A91C09,27,tronco,5,0,539A23C0
A9A91C09,27,rama1,14,0,1586803E
A9A91C09,27,rama1,15,0,1586803E
A9A91C09,27,rama2,20,0,849B3FAE
A9A91C09,27,rama2,21,0,849B3FAE
30A04DB3,27,tronco,1,0,C16F48D3
30A04DB3,27,tronco,3,0,D210C171
30A04DB3,27,tronco,5,0,663F4029
30A04DB3,27,rama1,14,0,73B49882
30A04DB3,27,rama1,15,0,73B49882
30A04DB3,27,rama2,20,0,D021FC1C
30A04DB3,27,rama2,21,0,D021FC1C
47A77D25,27,tronco,1,0,D8AB25D4
47A77D25,27,tronco,3,0,B13E5C47
47A77D25,27,tronco,5,0,539A23C0
47A77D25,27,rama1,14,0,A4B584EC
47A77D25,27,rama1,15,0,A4B584EC
47A77D25,27,rama2,20,0,5590EE4C
47A77D25,27,rama2,21,0,5590EE4C
D9C3E886,27,tronco,1,0,C16F48D3
D9C3E886,27,tronco,3,0,430D7EE1
D9C3E886,27,tronco,5,0,F00F475E
D9C3E886,27,rama1,14,0,97E4B60C
D9C3E886,27,rama1,15,0,97E4B60C
D9C3E886,27,rama2,20,0,D021FC1C
D9C3E886,27,rama2,21,0,D021FC1C
AEC4D810,27,tronco,1,0,5072F743
AEC4D810,27,tronco,3,0,430D7EE1
AEC4D810,27,tronco,5,0,7FFB2D2E
AEC4D810,27,rama1,14,0,0B6F55DE
AEC4D810,27,rama1,15,0,0B6F55DE
AEC4D810,27,rama2,20,0,83B68749
AEC4D810,27,rama2,21,0,83B68749
37CD89AA,27,tronco,1,0,0FAA39BA
37CD89AA,27,tronco,3,0,D53D7996
37CD89AA,27,tronco,5,0,DC6E49B0
37CD89AA,27,rama1,14,0,88D48A02
37CD89AA,27,rama1,15,0,88D48A02
37CD89AA,27,rama2,20,0,3285839B
37CD89AA,27,rama2,21,0,3285839B
48F5E87E,27,tronco,1,0,7B3E414A
48F5E87E,27,tronco,3,0,D53D7996
48F5E87E,27,tronco,5,0,940C628F
48F5E87E,27,rama1,14,0,88D48A02
48F5E87E,27,rama1,15,0,88D48A02
48F5E87E,27,rama2,20,0,1EE48D75
48F5E87E,27,rama2,21,0,1EE48D75
3FF2D8E8,27,tronco,1,0,1143EC5A
3FF2D8E8,27,tronco,3,0,76A81D08
3FF2D8E8,27,tronco,5,0,9321DA68
3FF2D8E8,27,rama1,14,0,E45D761B
3FF2D8E8,27,rama1,15,0,E45D761B
3FF2D8E8,27,rama2,20,0,47C81285
3FF2D8E8,27,rama2,21,0,47C81285
A6FB8952,27,tronco,1,0,166E54BD
A6FB8952,27,tronco,3,0,430D7EE1
A6FB8952,27,tronco,5,0,663F4029
A6FB8952,27,rama1,14,0,890D63EC
A6FB8952,27,rama1,15,0,890D63EC
A6FB8952,27,rama2,20,0,40E5AA62
A6FB8952,27,rama2,21,0,40E5AA62
D1FCB9C4,27,tronco,1,0,3A0F5A53
D1FCB9C4,27,tronco,3,0,6F6C700F
D1FCB9C4,27,tronco,5,0,F00F475E
D1FCB9C4,27,rama1,14,0,4611FB6B
D1FCB9C4,27,rama1,15,0,4611FB6B
D1FCB9C4,27,rama2,20,0,01D4B17B
D1FCB9C4,27,rama2,21,0,01D4B17B
4F982C67,27,tronco,1,0,23CB3754
4F982C67,27,tronco,3,0,37990611
4F982C67,27,tronco,5,0,9321DA68
4F982C67,27,rama1,14,0,E5849FF5
4F982C67,27,rama1,15,0,E5849FF5
4F982C67,27,rama2,20,0,2B41EE9C
4F982C67,27,rama2,21,0,2B41EE9C
389F1CF1,27,tronco,1,0,805E53CA
389F1CF1,27,tronco,3,0,4420C606
389F1CF1,27,tronco,5,0,2E5D6B16
389F1CF1,27,rama1,14,0,12AB38D9
389F1CF1,27,rama1,15,0,12AB38D9
389F1CF1,27,rama2,20,0,A8FA3140
389F1CF1,27,rama2,21,0,A8FA3140
A1964D4B,27,tronco,1,0,C16F48D3
A1964D4B,27,tronco,3,0,430D7EE1
A1964D4B,27,tronco,5,0,663F4029
A1964D4B,27,rama1,14,0,D1F815F2
A1964D4B,27,rama1,15,0,D1F815F2
A1964D4B,27,rama2,20,0,726D716C
A1964D4B,27,rama2,21,0,726D716C
D6917DDD,27,tronco,1,0,575F4FA4
D6917DDD,27,tronco,3,0,E0981A7F
D6917DDD,27,tronco,5,0,9321DA68
D6917DDD,27,rama1,14,0,6A70F585
D6917DDD,27,rama1,15,0,6A70F585
D6917DDD,27,rama2,20,0,FC40F2F2
D6917DDD,27,rama2,21,0,FC40F2F2
462E604C,27,tronco,1,0,4E9B22A3
462E604C,27,tronco,3,0,E0981A7F
462E604C,27,tronco,5,0,940C628F
462E604C,27,rama1,14,0,C83C78F5
462E604C,27,rama1,15,0,C83C78F5
462E604C,27,rama2,20,0,6BA91C6B
462E604C,27,rama2,21,0,6BA91C6B
312950DA,27,tronco,1,0,166E54BD
312950DA,27,tronco,3,0,430D7EE1
312950DA,27,tronco,5,0,DC6E49B0
312950DA,27,rama1,14,0,CEC829FC
312950DA,27,rama1,15,0,CEC829FC
312950DA,27,rama2,20,0,58F82E8B
312950DA,27,rama2,21,0,58F82E8B
51EED93F,27,tronco,1,0,F4CA2B3A
51EED93F,27,tronco,3,0,805E53CA
51EED93F,27,tronco,5,0,C2879C50
51EED93F,27,rama1,14,0,1586803E
51EED93F,27,rama1,15,0,1586803E
51EED93F,27,rama2,20,0,9D5F52A9
51EED93F,27,rama2,21,0,9D5F52A9
26E9E9A9,27,tronco,1,0,F4CA2B3A
26E9E9A9,27,tronco,3,0,8773EB2D
26E9E9A9,27,tronco,5,0,E9CB2A59
26E9E9A9,27,rama1,14,0,A4B584EC
26E9E9A9,27,rama1,15,0,A4B584EC
26E9E9A9,27,rama2,20,0,19C93592
26E9E9A9,27,rama2,21,0,19C93592
BFE0B813,27,tronco,1,0,575F4FA4
BFE0B813,27,tronco,3,0,4420C606
BFE0B813,27,tronco,5,0,C2879C50
BFE0B813,27,rama1,14,0,6BA91C6B
BFE0B813,27,rama1,15,0,6BA91C6B
BFE0B813,27,rama2,20,0,5E0C7F82
BFE0B813,27,rama2,21,0,5E0C7F82
C8E78885,27,tronco,1,0,3A0F5A53
C8E78885,27,tronco,3,0,6F6C700F
C8E78885,27,tronco,5,0,B86D6C61
C8E78885,27,rama1,14,0,97E4B60C
C8E78885,27,rama1,15,0,97E4B60C
C8E78885,27,rama2,20,0,D021FC1C
C8E78885,27,rama2,21,0,D021FC1C
4B49B4AB,27,tronco,1,0,0FAA39BA
4B49B4AB,27,tronco,3,0,CCF91491
4B49B4AB,27,tronco,5,0,54B79B27
4B49B4AB,27,rama1,14,0,3ECA3637
4B49B4AB,27,rama1,15,0,3ECA3637
4B49B4AB,27,rama2,20,0,9D5F52A9
4B49B4AB,27,rama2,21,0,9D5F52A9
3C4E843D,27,tronco,1,0,0FAA39BA
3C4E843D,27,tronco,3,0,4420C606
3C4E843D,27,tronco,5,0,C5AA24B7
3C4E843D,27,rama1,14,0,E45D761B
3C4E843D,27,rama1,15,0,E45D761B
3C4E843D,27,rama2,20,0,5E0C7F82
3C4E843D,27,rama2,21,0,5E0C7F82
A547D587,27,tronco,1,0,270E5B30
A547D587,27,tronco,3,0,6F6C700F
A547D587,27,tronco,5,0,663F4029
A547D587,27,rama1,14,0,6A70F585
A547D587,27,rama1,15,0,6A70F585
A547D587,27,rama2,20,0,01D4B17B
A547D587,27,rama2,21,0,01D4B17B
D240E511,27,tronco,1,0,D8AB25D4
D240E511,27,tronco,3,0,5AC913E6
D240E511,27,tronco,5,0,940C628F
D240E511,27,rama1,14,0,BCA80005
D240E511,27,rama1,15,0,BCA80005
D240E511,27,rama2,20,0,2A980772
D240E511,27,rama2,21,0,2A980772
4C2470B2,27,tronco,1,0,0FAA39BA
4C2470B2,27,tronco,3,0,A1A90166
4C2470B2,27,tronco,5,0,539A23C0
4C2470B2,27,rama1,14,0,E5849FF5
4C2470B2,27,rama1,15,0,E5849FF5
4C2470B2,27,rama2,20,0,58F82E8B
4C2470B2,27,rama2,21,0,58F82E8B
3B234024,27,tronco,1,0,0FAA39BA
3B234024,27,tronco,3,0,8DC80F88
3B234024,27,tronco,5,0,023C65F8
3B234024,27,rama1,14,0,90C90EEB
3B234024,27,rama1,15,0,90C90EEB
3B234024,27,rama2,20,0,06F9099C
3B234024,27,rama2,21,0,06F9099C
A22A119E,27,tronco,1,0,999A3ECD
A22A119E,27,tronco,3,0,5AC913E6
A22A119E,27,tronco,5,0,2E5D6B16
A22A119E,27,rama1,14,0,4611FB6B
A22A119E,27,rama1,15,0,4611FB6B
A22A119E,27,rama2,20,0,4611FB6B
A22A119E,27,rama2,21,0,4611FB6B
D52D2108,27,tronco,1,0,C16F48D3
D52D2108,27,tronco,3,0,F95C7778
D52D2108,27,tronco,5,0,4A5E4EC7
D52D2108,27,rama1,14,0,3ECA3637
D52D2108,27,rama1,15,0,3ECA3637
D52D2108,27,rama2,20,0,849B3FAE
D52D2108,27,rama2,21,0,849B3FAE
45923C99,27,tronco,1,0,ED0E463D
45923C99,27,tronco,3,0,A1A90166
45923C99,27,tronco,5,0,023C65F8
45923C99,27,rama1,14,0,8FF932E5
45923C99,27,rama1,15,0,8FF932E5
45923C99,27,rama2,20,0,19C93592
45923C99,27,rama2,21,0,19C93592
32950C0F,27,tronco,1,0,805E53CA
32950C0F,27,tronco,3,0,E0981A7F
32950C0F,27,tronco,5,0,54B79B27
32950C0F,27,rama1,14,0,3ECA3637
32950C0F,27,rama1,15,0,3ECA3637
32950C0F,27,rama2,20,0,849B3FAE
32950C0F,27,rama2,21,0,849B3FAE
525285EA,27,tronco,1,0,166E54BD
525285EA,27,tronco,3,0,CCF91491
525285EA,27,tronco,5,0,C5AA24B7
525285EA,27,rama1,14,0,97E4B60C
525285EA,27,rama1,15,0,97E4B60C
525285EA,27,rama2,20,0,01D4B17B
525285EA,27,rama2,21,0,01D4B17B
2555B57C,27,tronco,1,0,D8AB25D4
2555B57C,27,tronco,3,0,F95C7778
2555B57C,27,tronco,5,0,023C65F8
2555B57C,27,rama1,14,0,90C90EEB
2555B57C,27,rama1,15,0,90C90EEB
2555B57C,27,rama2,20,0,2A980772
2555B57C,27,rama2,21,0,2A980772
BC5CE4C6,27,tronco,1,0,1143EC5A
BC5CE4C6,27,tronco,3,0,270E5B30
BC5CE4C6,27,tronco,5,0,DC6E49B0
BC5CE4C6,27,rama1,14,0,A4B584EC
BC5CE4C6,27,rama1,15,0,A4B584EC
BC5CE4C6,27,rama2,20,0,3285839B
BC5CE4C6,27,rama2,21,0,3285839B
CB5BD450,27,tronco,1,0,AC3F5D24
CB5BD450,27,tronco,3,0,E0981A7F
CB5BD450,27,tronco,5,0,B86D6C61
CB5BD450,27,rama1,14,0,73B49882
CB5BD450,27,rama1,15,0,73B49882
CB5BD450,27,rama2,20,0,01D4B17B
CB5BD450,27,rama2,21,0,01D4B17B
BFC5D24F,27,tronco,1,0,C642F034
BFC5D24F,27,tronco,3,0,D210C171
BFC5D24F,27,tronco,5,0,9321DA68
BFC5D24F,27,rama1,14,0,6A70F585
BFC5D24F,27,rama1,15,0,6A70F585
BFC5D24F,27,rama2,20,0,FC40F2F2
BFC5D24F,27,rama2,21,0,FC40F2F2
C8C2E2D9,27,tronco,1,0,0FAA39BA
C8C2E2D9,27,tronco,3,0,D210C171
C8C2E2D9,27,tronco,5,0,023C65F8
C8C2E2D9,27,rama1,14,0,D6D5AD15
C8C2E2D9,27,rama1,15,0,D6D5AD15
C8C2E2D9,27,rama2,20,0,335C6A75
C8C2E2D9,27,rama2,21,0,335C6A75
51CBB363,27,tronco,1,0,AC3F5D24
51CBB363,27,tronco,3,0,4420C606
51CBB363,27,tronco,5,0,B86D6C61
51CBB363,27,rama1,14,0,8FF932E5
51CBB363,27,rama1,15,0,8FF932E5
51CBB363,27,rama2,20,0,1EE48D75
51CBB363,27,rama2,21,0,1EE48D75
26CC83F5,27,tronco,1,0,C642F034
26CC83F5,27,tronco,3,0,E0981A7F
26CC83F5,27,tronco,5,0,E9CB2A59
26CC83F5,27,rama1,14,0,E5849FF5
26CC83F5,27,rama1,15,0,E5849FF5
26CC83F5,27,rama2,20,0,0720E072
26CC83F5,27,rama2,21,0,0720E072
B8A81656,27,tronco,1,0,5072F743
B8A81656,27,tronco,3,0,D210C171
B8A81656,27,tronco,5,0,E9CB2A59
B8A81656,27,rama1,14,0,C83C78F5
B8A81656,27,rama1,15,0,C83C78F5
B8A81656,27,rama2,20,0,6BA91C6B
B8A81656,27,rama2,21,0,6BA91C6B
CFAF26C0,27,tronco,1,0,4E9B22A3
CFAF26C0,27,tronco,3,0,A1A90166
CFAF26C0,27,tronco,5,0,F00F475E
CFAF26C0,27,rama1,14,0,BCA80005
CFAF26C0,27,rama1,15,0,BCA80005
CFAF26C0,27,rama2,20,0,06F9099C
CFAF26C0,27,rama2,21,0,06F9099C
56A6777A,27,tronco,1,0,C16F48D3
56A6777A,27,tronco,3,0,76A81D08
56A6777A,27,tronco,5,0,940C628F
56A6777A,27,rama1,14,0,8FF932E5
56A6777A,27,rama1,15,0,8FF932E5
56A6777A,27,rama2,20,0,19C93592
56A6777A,27,rama2,21,0,19C93592
21A147EC,27,tronco,1,0,0FAA39BA
21A147EC,27,tronco,3,0,6F6C700F
21A147EC,27,tronco,5,0,1BF808FF
21A147EC,27,rama1,14,0,9110E705
21A147EC,27,rama1,15,0,9110E705
21A147EC,27,rama2,20,0,5590EE4C
21A147EC,27,rama2,21,0,5590EE4C
B11E5A7D,27,tronco,1,0,7B3E414A
B11E5A7D,27,tronco,3,0,6F6C700F
B11E5A7D,27,tronco,5,0,1BF808FF
B11E5A7D,27,rama1,14,0,12AB38D9
B11E5A7D,27,rama1,15,0,12AB38D9
B11E5A7D,27,rama2,20,0,83B68749
B11E5A7D,27,rama2,21,0,83B68749
C6196AEB,27,tronco,1,0,AC3F5D24
C6196AEB,27,tronco,3,0,6F6C700F
C6196AEB,27,tronco,5,0,9321DA68
C6196AEB,27,rama1,14,0,12AB38D9
C6196AEB,27,rama1,15,0,12AB38D9
C6196AEB,27,rama2,20,0,A8FA3140
C6196AEB,27,rama2,21,0,A8FA3140
A6DEE30E,27,tronco,1,0,F4CA2B3A
A6DEE30E,27,tronco,3,0,76A81D08
A6DEE30E,27,tronco,5,0,54B79B27
A6DEE30E,27,rama1,14,0,BCA80005
A6DEE30E,27,rama1,15,0,BCA80005
A6DEE30E,27,rama2,20,0,335C6A75
A6DEE30E,27,rama2,21,0,335C6A75
D1D9D398,27,tronco,1,0,23CB3754
D1D9D398,27,tronco,3,0,B13E5C47
D1D9D398,27,tronco,5,0,C2879C50
D1D9D398,27,rama1,14,0,C9E5911B
D1D9D398,27,rama1,15,0,C9E5911B
D1D9D398,27,rama2,20,0,2B41EE9C
D1D9D398,27,rama2,21,0,2B41EE9C
48D08222,27,tronco,1,0,F4CA2B3A
48D08222,27,tronco,3,0,4420C606
48D08222,27,tronco,5,0,C2879C50
48D08222,27,rama1,14,0,4611FB6B
48D08222,27,rama1,15,0,4611FB6B
48D08222,27,rama2,20,0,01D4B17B
48D08222,27,rama2,21,0,01D4B17B
3FD7B2B4,27,tronco,1,0,C642F034
3FD7B2B4,27,tronco,3,0,F95C7778
3FD7B2B4,27,tronco,5,0,663F4029
3FD7B2B4,27,rama1,14,0,890D63EC
3FD7B2B4,27,rama1,15,0,890D63EC
3FD7B2B4,27,rama2,20,0,40E5AA62
3FD7B2B4,27,rama2,21,0,40E5AA62
548E04F8,27,tronco,1,0,C642F034
548E04F8,27,tronco,3,0,D210C171
548E04F8,27,tronco,5,0,B86D6C61
548E04F8,27,rama1,14,0,9110E705
548E04F8,27,rama1,15,0,9110E705
548E04F8,27,rama2,20,0,5590EE4C
548E04F8,27,rama2,21,0,5590EE4C
2389346E,27,tronco,1,0,ED0E463D
2389346E,27,tronco,3,0,4420C606
2389346E,27,tronco,5,0,663F4029
2389346E,27,rama1,14,0,90C90EEB
2389346E,27,rama1,15,0,90C90EEB
2389346E,27,rama2,20,0,06F9099C
2389346E,27,rama2,21,0,06F9099C
BA8065D4,27,tronco,1,0,166E54BD
BA8065D4,27,tronco,3,0,4420C606
BA8065D4,27,tronco,5,0,54B79B27
BA8065D4,27,rama1,14,0,1586803E
BA8065D4,27,rama1,15,0,1586803E
BA8065D4,27,rama2,20,0,83B68749
BA8065D4,27,rama2,21,0,83B68749
CD875542,27,tronco,1,0,C642F034
CD875542,27,tronco,3,0,D53D7996
CD875542,27,tronco,5,0,C5AA24B7
CD875542,27,rama1,14,0,97E4B60C
CD875542,27,rama1,15,0,97E4B60C
CD875542,27,rama2,20,0,D021FC1C
CD875542,27,rama2,21,0,D021FC1C
53E3C0E1,27,tronco,1,0,C642F034
53E3C0E1,27,tronco,3,0,5AC913E6
53E3C0E1,27,tronco,5,0,2E5D6B16
53E3C0E1,27,rama1,14,0,C9E5911B
53E3C0E1,27,rama1,15,0,C9E5911B
53E3C0E1,27,rama2,20,0,0720E072
53E3C0E1,27,rama2,21,0,0720E072
24E4F077,27,tronco,1,0,7B3E414A
24E4F077,27,tronco,3,0,A1A90166
24E4F077,27,tronco,5,0,DC6E49B0
24E4F077,27,rama1,14,0,FD991B1C
24E4F077,27,rama1,15,0,FD991B1C
24E4F077,27,rama2,20,0,47C81285
24E4F077,27,rama2,21,0,47C81285
BDEDA1CD,27,tronco,1,0,C642F034
BDEDA1CD,27,tronco,3,0,E0981A7F
BDEDA1CD,27,tronco,5,0,B86D6C61
BDEDA1CD,27,rama1,14,0,890D63EC
BDEDA1CD,27,rama1,15,0,890D63EC
BDEDA1CD,27,rama2,20,0,335C6A75
BDEDA1CD,27,rama2,21,0,335C6A75
CAEA915B,27,tronco,1,0,D8AB25D4
CAEA915B,27,tronco,3,0,D53D7996
CAEA915B,27,tronco,5,0,F00F475E
CAEA915B,27,rama1,14,0,FD991B1C
CAEA915B,27,rama1,15,0,FD991B1C
CAEA915B,27,rama2,20,0,6BA91C6B
CAEA915B,27,rama2,21,0,6BA91C6B
5A558CCA,27,tronco,1,0,575F4FA4
5A558CCA,27,tronco,3,0,5AC913E6
5A558CCA,27,tronco,5,0,F00F475E
5A558CCA,27,rama1,14,0,8FF932E5
5A558CCA,27,rama1,15,0,8FF932E5
5A558CCA,27,rama2,20,0,1EE48D75
5A558CCA,27,rama2,21,0,1EE48D75
2D52BC5C,27,tronco,1,0,B5FB3023
2D52BC5C,27,tronco,3,0,D210C171
2D52BC5C,27,tronco,5,0,1BF808FF
2D52BC5C,27,rama1,14,0,BCA80005
2D52BC5C,27,rama1,15,0,BCA80005
2D52BC5C,27,rama2,20,0,2A980772
2D52BC5C,27,rama2,21,0,2A980772
4D9535B9,27,tronco,1,0,ED0E463D
4D9535B9,27,tronco,3,0,37990611
4D9535B9,27,tronco,5,0,F00F475E
4D9535B9,27,rama1,14,0,4611FB6B
4D9535B9,27,rama1,15,0,4611FB6B
4D9535B9,27,rama2,20,0,01D4B17B
4D9535B9,27,rama2,21,0,01D4B17B
3A92052F,27,tronco,1,0,23CB3754
3A92052F,27,tronco,3,0,D210C171
3A92052F,27,tronco,5,0,C2879C50
3A92052F,27,rama1,14,0,D1F815F2
3A92052F,27,rama1,15,0,D1F815F2
3A92052F,27,rama2,20,0,5E0C7F82
3A92052F,27,rama2,21,0,5E0C7F82
A39B5495,27,tronco,1,0,B5FB3023
A39B5495,27,tronco,3,0,F95C7778
A39B5495,27,tronco,5,0,9321DA68
A39B5495,27,rama1,14,0,12AB38D9
A39B5495,27,rama1,15,0,12AB38D9
A39B5495,27,rama2,20,0,83B68749
A39B5495,27,rama2,21,0,83B68749
D49C6403,27,tronco,1,0,D8AB25D4
D49C6403,27,tronco,3,0,D210C171
D49C6403,27,tronco,5,0,9321DA68
D49C6403,27,rama1,14,0,CEC829FC
D49C6403,27,rama1,15,0,CEC829FC
D49C6403,27,rama2,20,0,0720E072
D49C6403,27,rama2,21,0,0720E072
9C6E8B88,27,tronco,1,0,B5FB3023
9C6E8B88,27,tronco,3,0,8DC80F88
9C6E8B88,27,tronco,5,0,023C65F8
9C6E8B88,27,rama1,14,0,88D48A02
9C6E8B88,27,rama1,15,0,88D48A02
9C6E8B88,27,rama2,20,0,3285839B
9C6E8B88,27,rama2,21,0,3285839B
EB69BB1E,27,tronco,1,0,4E9B22A3
EB69BB1E,27,tronco,3,0,8DC80F88
EB69BB1E,27,tronco,5,0,940C628F
EB69BB1E,27,rama1,14,0,90C90EEB
EB69BB1E,27,rama1,15,0,90C90EEB
EB69BB1E,27,rama2,20,0,2A980772
EB69BB1E,27,rama2,21,0,2A980772
7260EAA4,27,tronco,1,0,3A0F5A53
7260EAA4,27,tronco,3,0,8DC80F88
7260EAA4,27,tronco,5,0,4A5E4EC7
7260EAA4,27,rama1,14,0,6A70F585
7260EAA4,27,rama1,15,0,6A70F585
7260EAA4,27,rama2,20,0,D021FC1C
7260EAA4,27,rama2,21,0,D021FC1C
0567DA32,27,tronco,1,0,4E9B22A3
0567DA32,27,tronco,3,0,37990611
0567DA32,27,tronco,5,0,B86D6C61
0567DA32,27,rama1,14,0,E45D761B
0567DA32,27,rama1,15,0,E45D761B
0567DA32,27,rama2,20,0,5E0C7F82
0567DA32,27,rama2,21,0,5E0C7F82
9B034F91,27,tronco,1,0,F4CA2B3A
9B034F91,27,tronco,3,0,4420C606
9B034F91,27,tronco,5,0,1BF808FF
9B034F91,27,rama1,14,0,97E4B60C
9B034F91,27,rama1,15,0,97E4B60C
9B034F91,27,rama2,20,0,D021FC1C
9B034F91,27,rama2,21,0,D021FC1C
EC047F07,27,tronco,1,0,C16F48D3
EC047F07,27,tronco,3,0,CCF91491
EC047F07,27,tronco,5,0,7FFB2D2E
EC047F07,27,rama1,14,0,CEC829FC
EC047F07,27,rama1,15,0,CEC829FC
EC047F07,27,rama2,20,0,47C81285
EC047F07,27,rama2,21,0,47C81285
750D2EBD,27,tronco,1,0,C642F034
750D2EBD,27,tronco,3,0,37990611
750D2EBD,27,tronco,5,0,54B79B27
750D2EBD,27,rama1,14,0,C9E5911B
750D2EBD,27,rama1,15,0,C9E5911B
750D2EBD,27,rama2,20,0,2B41EE9C
750D2EBD,27,rama2,21,0,2B41EE9C
020A1E2B,27,tronco,1,0,AC3F5D24
020A1E2B,27,tronco,3,0,B13E5C47
020A1E2B,27,tronco,5,0,9321DA68
020A1E2B,27,rama1,14,0,A56C6D02
020A1E2B,27,rama1,15,0,A56C6D02
020A1E2B,27,rama2,20,0,1F3D649B
020A1E2B,27,rama2,21,0,1F3D649B
92B503BA,27,tronco,1,0,999A3ECD
92B503BA,27,tronco,3,0,D53D7996
92B503BA,27,tronco,5,0,B86D6C61
92B503BA,27,rama1,14,0,1586803E
92B503BA,27,rama1,15,0,1586803E
92B503BA,27,rama2,20,0,83B68749
92B503BA,27,rama2,21,0,83B68749
E5B2332C,27,tronco,1,0,575F4FA4
E5B2332C,27,tronco,3,0,F95C7778
E5B2332C,27,tronco,5,0,940C628F
E5B2332C,27,rama1,14,0,E45D761B
E5B2332C,27,rama1,15,0,E45D761B
E5B2332C,27,rama2,20,0,5E0C7F82
E5B2332C,27,rama2,21,0,5E0C7F82
8575BAC9,27,tronco,1,0,23CB3754
8575BAC9,27,tronco,3,0,8DC80F88
8575BAC9,27,tronco,5,0,940C628F
8575BAC9,27,rama1,14,0,E5849FF5
8575BAC9,27,rama1,15,0,E5849FF5
8575BAC9,27,rama2,20,0,0720E072
8575BAC9,27,rama2,21,0,0720E072
F2728A5F,27,tronco,1,0,4E9B22A3
F2728A5F,27,tronco,3,0,CCF91491
F2728A5F,27,tronco,5,0,270E5B30
F2728A5F,27,rama1,14,0,88D48A02
F2728A5F,27,rama1,15,0,88D48A02
F2728A5F,27,rama2,20,0,1EE48D75
F2728A5F,27,rama2,21,0,1EE48D75
6B7BDBE5,27,tronco,1,0,7B3E414A
6B7BDBE5,27,tronco,3,0,D53D7996
6B7BDBE5,27,tronco,5,0,1BF808FF
6B7BDBE5,27,rama1,14,0,4611FB6B
6B7BDBE5,27,rama1,15,0,4611FB6B
6B7BDBE5,27,rama2,20,0,73B49882
6B7BDBE5,27,rama2,21,0,73B49882
1C7CEB73,27,tronco,1,0,805E53CA
1C7CEB73,27,tronco,3,0,F95C7778
1C7CEB73,27,tronco,5,0,7FFB2D2E
1C7CEB73,27,rama1,14,0,D1F815F2
1C7CEB73,27,rama1,15,0,D1F815F2
1C7CEB73,27,rama2,20,0,726D716C
1C7CEB73,27,rama2,21,0,726D716C
540864EA,27,tronco,1,0,ED0E463D
540864EA,27,tronco,3,0,A1A90166
540864EA,27,tronco,5,0,9321DA68
540864EA,27,rama1,14,0,90C90EEB
540864EA,27,rama1,15,0,90C90EEB
540864EA,27,rama2,20,0,06F9099C
540864EA,27,rama2,21,0,06F9099C
230F547C,27,tronco,1,0,4E9B22A3
230F547C,27,tronco,3,0,D53D7996
230F547C,27,tronco,5,0,B86D6C61
230F547C,27,rama1,14,0,0B6F55DE
230F547C,27,rama1,15,0,0B6F55DE
230F547C,27,rama2,20,0,A8FA3140
230F547C,27,rama2,21,0,A8FA3140
BA0605C6,27,tronco,1,0,3A0F5A53
BA0605C6,27,tronco,3,0,E0981A7F
BA0605C6,27,tronco,5,0,C5AA24B7
BA0605C6,27,rama1,14,0,FD991B1C
BA0605C6,27,rama1,15,0,FD991B1C
BA0605C6,27,rama2,20,0,47C81285
BA0605C6,27,rama2,21,0,47C81285
CD013550,27,tronco,1,0,4E9B22A3
CD013550,27,tronco,3,0,F95C7778
CD013550,27,tronco,5,0,4A5E4EC7
CD013550,27,rama1,14,0,4611FB6B
CD013550,27,rama1,15,0,4611FB6B
CD013550,27,rama2,20,0,01D4B17B
CD013550,27,rama2,21,0,01D4B17B
5365A0F3,27,tronco,1,0,C642F034
5365A0F3,27,tronco,3,0,CCF91491
5365A0F3,27,tronco,5,0,1BF808FF
5365A0F3,27,rama1,14,0,C9E5911B
5365A0F3,27,rama1,15,0,C9E5911B
5365A0F3,27,rama2,20,0,5FD5966C
5365A0F3,27,rama2,21,0,5FD5966C
24629065,27,tronco,1,0,0FAA39BA
24629065,27,tronco,3,0,D53D7996
24629065,27,tronco,5,0,940C628F
24629065,27,rama1,14,0,A56C6D02
24629065,27,rama1,15,0,A56C6D02
24629065,27,rama2,20,0,335C6A75
24629065,27,rama2,21,0,335C6A75
BD6BC1DF,27,tronco,1,0,3A0F5A53
BD6BC1DF,27,tronco,3,0,4420C606
BD6BC1DF,27,tronco,5,0,1BF808FF
BD6BC1DF,27,rama1,14,0,CEC829FC
BD6BC1DF,27,rama1,15,0,CEC829FC
BD6BC1DF,27,rama2,20,0,5FD5966C
BD6BC1DF,27,rama2,21,0,5FD5966C
CA6CF149,27,tronco,1,0,166E54BD
CA6CF149,27,tronco,3,0,5AC913E6
CA6CF149,27,tronco,5,0,54B79B27
CA6CF149,27,rama1,14,0,3ECA3637
CA6CF149,27,rama1,15,0,3ECA3637
CA6CF149,27,rama2,20,0,83B68749
CA6CF149,27,rama2,21,0,83B68749
5AD3ECD8,27,tronco,1,0,AC3F5D24
5AD3ECD8,27,tronco,3,0,B13E5C47
5AD3ECD8,27,tronco,5,0,9321DA68
5AD3ECD8,27,rama1,14,0,D1F815F2
5AD3ECD8,27,rama1,15,0,D1F815F2
5AD3ECD8,27,rama2,20,0,47C81285
5AD3ECD8,27,rama2,21,0,47C81285
2DD4DC4E,27,tronco,1,0,C642F034
2DD4DC4E,27,tronco,3,0,A1A90166
2DD4DC4E,27,tronco,5,0,7FFB2D2E
2DD4DC4E,27,rama1,14,0,97E4B60C
2DD4DC4E,27,rama1,15,0,97E4B60C
2DD4DC4E,27,rama2,20,0,FC40F2F2
2DD4DC4E,27,rama2,21,0,FC40F2F2
4D1355AB,27,tronco,1,0,7B3E414A
4D1355AB,27,tronco,3,0,8DC80F88
4D1355AB,27,tronco,5,0,F00F475E
4D1355AB,27,rama1,14,0,D6D5AD15
4D1355AB,27,rama1,15,0,D6D5AD15
4D1355AB,27,rama2,20,0,2A980772
4D1355AB,27,rama2,21,0,2A980772
3A14653D,27,tronco,1,0,3A0F5A53
3A14653D,27,tronco,3,0,D53D7996
3A14653D,27,tronco,5,0,B13E5C47
3A14653D,27,rama1,14,0,E45D761B
3A14653D,27,rama1,15,0,E45D761B
3A14653D,27,rama2,20,0,C83C78F5
3A14653D,27,rama2,21,0,C83C78F5
A31D3487,27,tronco,1,0,C642F034
A31D3487,27,tronco,3,0,D53D7996
A31D3487,27,tronco,5,0,DC6E49B0
A31D3487,27,rama1,14,0,CEC829FC
A31D3487,27,rama1,15,0,CEC829FC
A31D3487,27,rama2,20,0,58F82E8B
A31D3487,27,rama2,21,0,58F82E8B
D41A0411,27,tronco,1,0,C16F48D3
D41A0411,27,tronco,3,0,F95C7778
D41A0411,27,tronco,5,0,023C65F8
D41A0411,27,rama1,14,0,1586803E
D41A0411,27,rama1,15,0,1586803E
D41A0411,27,rama2,20,0,9D5F52A9
D41A0411,27,rama2,21,0,9D5F52A9
4A7E91B2,27,tronco,1,0,999A3ECD
4A7E91B2,27,tronco,3,0,5AC913E6
4A7E91B2,27,tronco,5,0,023C65F8
4A7E91B2,27,rama1,14,0,BD71E9EB
4A7E91B2,27,rama1,15,0,BD71E9EB
4A7E91B2,27,rama2,20,0,2B41EE9C
4A7E91B2,27,rama2,21,0,2B41EE9C
3D79A124,27,tronco,1,0,8773EB2D
3D79A124,27,tronco,3,0,023C65F8
3D79A124,27,tronco,5,0,E9CB2A59
3D79A124,27,rama1,14,0,C83C78F5
3D79A124,27,rama1,15,0,C83C78F5
3D79A124,27,rama2,20,0,47C81285
3D79A124,27,rama2,21,0,47C81285
A470F09E,27,tronco,1,0,166E54BD
A470F09E,27,tronco,3,0,F95C7778
A470F09E,27,tronco,5,0,539A23C0
A470F09E,27,rama1,14,0,12AB38D9
A470F09E,27,rama1,15,0,12AB38D9
A470F09E,27,rama2,20,0,A8FA3140
A470F09E,27,rama2,21,0,A8FA3140
D377C008,27,tronco,1,0,F4CA2B3A
D377C008,27,tronco,3,0,E0981A7F
D377C008,27,tronco,5,0,539A23C0
D377C008,27,rama1,14,0,890D63EC
D377C008,27,rama1,15,0,890D63EC
D377C008,27,rama2,20,0,06F9099C
D377C008,27,rama2,21,0,06F9099C
A10EA238,27,tronco,1,0,7B3E414A
A10EA238,27,tronco,3,0,8DC80F88
A10EA238,27,tronco,5,0,940C628F
A10EA238,27,rama1,14,0,C83C78F5
A10EA238,27,rama1,15,0,C83C78F5
A10EA238,27,rama2,20,0,5E0C7F82
A10EA238,27,rama2,21,0,5E0C7F82
D60992AE,27,tronco,1,0,7B3E414A
D60992AE,27,tronco,3,0,CCF91491
D60992AE,27,tronco,5,0,1BF808FF
D60992AE,27,rama1,14,0,E5849FF5
D60992AE,27,rama1,15,0,E5849FF5
D60992AE,27,rama2,20,0,5FD5966C
D60992AE,27,rama2,21,0,5FD5966C
4F00C314,27,tronco,1,0,F4CA2B3A
4F00C314,27,tronco,3,0,37990611
4F00C314,27,tronco,5,0,B86D6C61
4F00C314,27,rama1,14,0,0B6F55DE
4F00C314,27,rama1,15,0,0B6F55DE
4F00C314,27,rama2,20,0,83B68749
4F00C314,27,rama2,21,0,83B68749
3807F382,27,tronco,1,0,7B3E414A
3807F382,27,tronco,3,0,F95C7778
3807F382,27,tronco,5,0,023C65F8
3807F382,27,rama1,14,0,E45D761B
3807F382,27,rama1,15,0,E45D761B
3807F382,27,rama2,20,0,6BA91C6B
3807F382,27,rama2,21,0,6BA91C6B
A6636621,27,tronco,1,0,23CB3754
A6636621,27,tronco,3,0,76A81D08
A6636621,27,tronco,5,0,270E5B30
A6636621,27,rama1,14,0,A56C6D02
A6636621,27,rama1,15,0,A56C6D02
A6636621,27,rama2,20,0,40E5AA62
A6636621,27,rama2,21,0,40E5AA62
D16456B7,27,tronco,1,0,23CB3754
D16456B7,27,tronco,3,0,A1A90166
D16456B7,27,tronco,5,0,2E5D6B16
D16456B7,27,rama1,14,0,97E4B60C
D16456B7,27,rama1,15,0,97E4B60C
D16456B7,27,rama2,20,0,FC40F2F2
D16456B7,27,rama2,21,0,FC40F2F2
486D070D,27,tronco,1,0,575F4FA4
486D070D,27,tronco,3,0,8DC80F88
486D070D,27,tronco,5,0,DC6E49B0
486D070D,27,rama1,14,0,88D48A02
486D070D,27,rama1,15,0,88D48A02
486D070D,27,rama2,20,0,1EE48D75
486D070D,27,rama2,21,0,1EE48D75
3F6A379B,27,tronco,1,0,B5FB3023
3F6A379B,27,tronco,3,0,37990611
3F6A379B,27,tronco,5,0,C2879C50
3F6A379B,27,rama1,14,0,BD71E9EB
3F6A379B,27,rama1,15,0,BD71E9EB
3F6A379B,27,rama2,20,0,2B41EE9C
3F6A379B,27,rama2,21,0,2B41EE9C
AFD52A0A,27,tronco,1,0,575F4FA4
AFD52A0A,27,tronco,3,0,F95C7778
AFD52A0A,27,tronco,5,0,C5AA24B7
AFD52A0A,27,rama1,14,0,4611FB6B
AFD52A0A,27,rama1,15,0,4611FB6B
AFD52A0A,27,rama2,20,0,FC40F2F2
AFD52A0A,27,rama2,21,0,FC40F2F2
D8D21A9C,27,tronco,1,0,D8AB25D4
D8D21A9C,27,tronco,3,0,F95C7778
D8D21A9C,27,tronco,5,0,C5AA24B7
D8D21A9C,27,rama1,14,0,A56C6D02
D8D21A9C,27,rama1,15,0,A56C6D02
D8D21A9C,27,rama2,20,0,2A980772
D8D21A9C,27,rama2,21,0,2A980772
B8159379,27,tronco,1,0,F4CA2B3A
B8159379,27,tronco,3,0,5AC913E6
B8159379,27,tronco,5,0,7FFB2D2E
B8159379,27,rama1,14,0,88D48A02
B8159379,27,rama1,15,0,88D48A02
B8159379,27,rama2,20,0,19C93592
B8159379,27,rama2,21,0,19C93592
CF12A3EF,27,tronco,1,0,AC3F5D24
CF12A3EF,27,tronco,3,0,37990611
CF12A3EF,27,tronco,5,0,E9CB2A59
CF12A3EF,27,rama1,14,0,C83C78F5
CF12A3EF,27,rama1,15,0,C83C78F5
CF12A3EF,27,rama2,20,0,6BA91C6B
CF12A3EF,27,rama2,21,0,6BA91C6B
561BF255,27,tronco,1,0,B5FB3023
561BF255,27,tronco,3,0,CCF91491
561BF255,27,tronco,5,0,E9CB2A59
561BF255,27,rama1,14,0,0B6F55DE
561BF255,27,rama1,15,0,0B6F55DE
561BF255,27,rama2,20,0,A8FA3140
561BF255,27,rama2,21,0,A8FA3140
211CC2C3,27,tronco,1,0,805E53CA
211CC2C3,27,tronco,3,0,F95C7778
211CC2C3,27,tronco,5,0,940C628F
211CC2C3,27,rama1,14,0,D6D5AD15
211CC2C3,27,rama1,15,0,D6D5AD15
211CC2C3,27,rama2,20,0,1F3D649B
211CC2C3,27,rama2,21,0,1F3D649B
15CE96DE,27,tronco,1,0,AC3F5D24
15CE96DE,27,tronco,3,0,E0981A7F
15CE96DE,27,tronco,5,0,9321DA68
15CE96DE,27,rama1,14,0,D6D5AD15
15CE96DE,27,rama1,15,0,D6D5AD15
15CE96DE,27,rama2,20,0,335C6A75
15CE96DE,27,rama2,21,0,335C6A75
62C9A648,27,tronco,1,0,AC3F5D24
62C9A648,27,tronco,3,0,A1A90166
62C9A648,27,tronco,5,0,E9CB2A59
62C9A648,27,rama1,14,0,9110E705
62C9A648,27,rama1,15,0,9110E705
62C9A648,27,rama2,20,0,19C93592
62C9A648,27,rama2,21,0,19C93592
FBC0F7F2,27,tronco,1,0,0FAA39BA
FBC0F7F2,27,tronco,3,0,8773EB2D
FBC0F7F2,27,tronco,5,0,023C65F8
FBC0F7F2,27,rama1,14,0,6A70F585
FBC0F7F2,27,rama1,15,0,6A70F585
FBC0F7F2,27,rama2,20,0,FC40F2F2
FBC0F7F2,27,rama2,21,0,FC40F2F2
8CC7C764,27,tronco,1,0,F4CA2B3A
8CC7C764,27,tronco,3,0,CCF91491
8CC7C764,27,tronco,5,0,9321DA68
8CC7C764,27,rama1,14,0,CEC829FC
8CC7C764,27,rama1,15,0,CEC829FC
8CC7C764,27,rama2,20,0,0720E072
8CC7C764,27,rama2,21,0,0720E072
12A352C7,27,tronco,1,0,D8AB25D4
12A352C7,27,tronco,3,0,430D7EE1
12A352C7,27,tronco,5,0,4A5E4EC7
12A352C7,27,rama1,14,0,3ECA3637
12A352C7,27,rama1,15,0,3ECA3637
12A352C7,27,rama2,20,0,849B3FAE
12A352C7,27,rama2,21,0,849B3FAE
65A46251,27,tronco,1,0,ED0E463D
65A46251,27,tronco,3,0,CCF91491
65A46251,27,tronco,5,0,B13E5C47
65A46251,27,rama1,14,0,12AB38D9
65A46251,27,rama1,15,0,12AB38D9
65A46251,27,rama2,20,0,83B68749
65A46251,27,rama2,21,0,83B68749
FCAD33EB,27,tronco,1,0,D8AB25D4
FCAD33EB,27,tronco,3,0,1143EC5A
FCAD33EB,27,tronco,5,0,B86D6C61
FCAD33EB,27,rama1,14,0,C9E5911B
FCAD33EB,27,rama1,15,0,C9E5911B
FCAD33EB,27,rama2,20,0,5FD5966C
FCAD33EB,27,rama2,21,0,5FD5966C
8BAA037D,27,tronco,1,0,805E53CA
8BAA037D,27,tronco,3,0,76A81D08
8BAA037D,27,tronco,5,0,1BF808FF
8BAA037D,27,rama1,14,0,4611FB6B
8BAA037D,27,rama1,15,0,4611FB6B
8BAA037D,27,rama2,20,0,01D4B17B
8BAA037D,27,rama2,21,0,01D4B17B
1B151EEC,27,tronco,1,0,C16F48D3
1B151EEC,27,tronco,3,0,B13E5C47
1B151EEC,27,tronco,5,0,663F4029
1B151EEC,27,rama1,14,0,FD991B1C
1B151EEC,27,rama1,15,0,FD991B1C
1B151EEC,27,rama2,20,0,6BA91C6B
1B151EEC,27,rama2,21,0,6BA91C6B
6C122E7A,27,tronco,1,0,0FAA39BA
6C122E7A,27,tronco,3,0,5AC913E6
6C122E7A,27,tronco,5,0,E9CB2A59
6C122E7A,27,rama1,14,0,9110E705
6C122E7A,27,rama1,15,0,9110E705
6C122E7A,27,rama2,20,0,1EE48D75
6C122E7A,27,rama2,21,0,1EE48D75
0CD5A79F,27,tronco,1,0,23CB3754
0CD5A79F,27,tronco,3,0,37990611
0CD5A79F,27,tronco,5,0,2E5D6B16
0CD5A79F,27,rama1,14,0,0B6F55DE
0CD5A79F,27,rama1,15,0,0B6F55DE
0CD5A79F,27,rama2,20,0,9D5F52A9
0CD5A79F,27,rama2,21,0,9D5F52A9
7BD29709,27,tronco,1,0,23CB3754
7BD29709,27,tronco,3,0,E0981A7F
7BD29709,27,tronco,5,0,9321DA68
7BD29709,27,rama1,14,0,73B49882
7BD29709,27,rama1,15,0,73B49882
7BD29709,27,rama2,20,0,FC40F2F2
7BD29709,27,rama2,21,0,FC40F2F2
E2DBC6B3,27,tronco,1,0,805E53CA
E2DBC6B3,27,tronco,3,0,430D7EE1
E2DBC6B3,27,tronco,5,0,940C628F
E2DBC6B3,27,rama1,14,0,E45D761B
E2DBC6B3,27,rama1,15,0,E45D761B
E2DBC6B3,27,rama2,20,0,5E0C7F82
E2DBC6B3,27,rama2,21,0,5E0C7F82
95DCF625,27,tronco,1,0,B5FB3023
95DCF625,27,tronco,3,0,76A81D08
95DCF625,27,tronco,5,0,663F4029
95DCF625,27,rama1,14,0,BCA80005
95DCF625,27,rama1,15,0,BCA80005
95DCF625,27,rama2,20,0,1F3D649B
95DCF625,27,rama2,21,0,1F3D649B
F27F6F5E,27,tronco,1,0,C642F034
F27F6F5E,27,tronco,3,0,A1A90166
F27F6F5E,27,tronco,5,0,023C65F8
F27F6F5E,27,rama1,14,0,1586803E
F27F6F5E,27,rama1,15,0,1586803E
F27F6F5E,27,rama2,20,0,849B3FAE
F27F6F5E,27,rama2,21,0,849B3FAE
85785FC8,27,tronco,1,0,5072F743
85785FC8,27,tronco,3,0,37990611
85785FC8,27,tronco,5,0,2E5D6B16
85785FC8,27,rama1,14,0,97E4B60C
85785FC8,27,rama1,15,0,97E4B60C
85785FC8,27,rama2,20,0,FC40F2F2
85785FC8,27,rama2,21,0,FC40F2F2
1C710E72,27,tronco,1,0,999A3ECD
1C710E72,27,tronco,3,0,F95C7778
1C710E72,27,tronco,5,0,C5AA24B7
1C710E72,27,rama1,14,0,C9E5911B
1C710E72,27,rama1,15,0,C9E5911B
1C710E72,27,rama2,20,0,0720E072
1C710E72,27,rama2,21,0,0720E072
6B763EE4,27,tronco,1,0,805E53CA
6B763EE4,27,tronco,3,0,8773EB2D
6B763EE4,27,tronco,5,0,B86D6C61
6B763EE4,27,rama1,14,0,CEC829FC
6B763EE4,27,rama1,15,0,CEC829FC
6B763EE4,27,rama2,20,0,5FD5966C
6B763EE4,27,rama2,21,0,5FD5966C
F512AB47,27,tronco,1,0,B5FB3023
F512AB47,27,tronco,3,0,76A81D08
F512AB47,27,tronco,5,0,C2879C50
F512AB47,27,rama1,14,0,E45D761B
F512AB47,27,rama1,15,0,E45D761B
F512AB47,27,rama2,20,0,2B41EE9C
F512AB47,27,rama2,21,0,2B41EE9C
82159BD1,27,tronco,1,0,23CB3754
82159BD1,27,tronco,3,0,F95C7778
82159BD1,27,tronco,5,0,663F4029
82159BD1,27,rama1,14,0,90C90EEB
82159BD1,27,rama1,15,0,90C90EEB
82159BD1,27,rama2,20,0,40E5AA62
82159BD1,27,rama2,21,0,40E5AA62
1B1CCA6B,27,tronco,1,0,4E9B22A3
1B1CCA6B,27,tronco,3,0,1143EC5A
1B1CCA6B,27,tronco,5,0,539A23C0
1B1CCA6B,27,rama1,14,0,6A70F585
1B1CCA6B,27,rama1,15,0,6A70F585
1B1CCA6B,27,rama2,20,0,01D4B17B
1B1CCA6B,27,rama2,21,0,01D4B17B
6C1BFAFD,27,tronco,1,0,0FAA39BA
6C1BFAFD,27,tronco,3,0,430D7EE1
6C1BFAFD,27,tronco,5,0,DC6E49B0
6C1BFAFD,27,rama1,14,0,FD991B1C
6C1BFAFD,27,rama1,15,0,FD991B1C
6C1BFAFD,27,rama2,20,0,47C81285
6C1BFAFD,27,rama2,21,0,47C81285
FCA4E76C,27,tronco,1,0,C16F48D3
FCA4E76C,27,tronco,3,0,D210C171
FCA4E76C,27,tronco,5,0,C5AA24B7
FCA4E76C,27,rama1,14,0,90C90EEB
FCA4E76C,27,rama1,15,0,90C90EEB
FCA4E76C,27,rama2,20,0,2A980772
FCA4E76C,27,rama2,21,0,2A980772
8BA3D7FA,27,tronco,1,0,B5FB3023
8BA3D7FA,27,tronco,3,0,8DC80F88
8BA3D7FA,27,tronco,5,0,539A23C0
8BA3D7FA,27,rama1,14,0,1586803E
8BA3D7FA,27,rama1,15,0,1586803E
8BA3D7FA,27,rama2,20,0,A8FA3140
8BA3D7FA,27,rama2,21,0,A8FA3140
EB645E1F,27,tronco,1,0,C642F034
EB645E1F,27,tronco,3,0,8DC80F88
EB645E1F,27,tronco,5,0,270E5B30
EB645E1F,27,rama1,14,0,CEC829FC
EB645E1F,27,rama1,15,0,CEC829FC
EB645E1F,27,rama2,20,0,58F82E8B
EB645E1F,27,rama2,21,0,58F82E8B
9C636E89,27,tronco,1,0,ED0E463D
9C636E89,27,tronco,3,0,D210C171
9C636E89,27,tronco,5,0,E9CB2A59
9C636E89,27,rama1,14,0,4611FB6B
9C636E89,27,rama1,15,0,4611FB6B
9C636E89,27,rama2,20,0,01D4B17B
9C636E89,27,rama2,21,0,01D4B17B
BFB7CE55,27,tronco,1,0,ED0E463D
BFB7CE55,27,tronco,3,0,D210C171
BFB7CE55,27,tronco,5,0,9321DA68
BFB7CE55,27,rama1,14,0,BD71E9EB
BFB7CE55,27,rama1,15,0,BD71E9EB
BFB7CE55,27,rama2,20,0,0720E072
BFB7CE55,27,rama2,21,0,0720E072
C8B0FEC3,27,tronco,1,0,ED0E463D
C8B0FEC3,27,tronco,3,0,F95C7778
C8B0FEC3,27,tronco,5,0,1BF808FF
C8B0FEC3,27,rama1,14,0,97E4B60C
C8B0FEC3,27,rama1,15,0,97E4B60C
C8B0FEC3,27,rama2,20,0,01D4B17B
C8B0FEC3,27,rama2,21,0,01D4B17B
51B9AF79,27,tronco,1,0,D8AB25D4
51B9AF79,27,tronco,3,0,5AC913E6
51B9AF79,27,tronco,5,0,E9CB2A59
51B9AF79,27,rama1,14,0,12AB38D9
51B9AF79,27,rama1,15,0,12AB38D9
51B9AF79,27,rama2,20,0,9D5F52A9
51B9AF79,27,rama2,21,0,9D5F52A9
26BE9FEF,27,tronco,1,0,1143EC5A
26BE9FEF,27,tronco,3,0,CCF91491
26BE9FEF,27,tronco,5,0,1BF808FF
26BE9FEF,27,rama1,14,0,A56C6D02
26BE9FEF,27,rama1,15,0,A56C6D02
26BE9FEF,27,rama2,20,0,06F9099C
26BE9FEF,27,rama2,21,0,06F9099C
B8DA0A4C,27,tronco,1,0,F4CA2B3A
B8DA0A4C,27,tronco,3,0,8773EB2D
B8DA0A4C,27,tronco,5,0,663F4029
B8DA0A4C,27,rama1,14,0,C83C78F5
B8DA0A4C,27,rama1,15,0,C83C78F5
B8DA0A4C,27,rama2,20,0,726D716C
B8DA0A4C,27,rama2,21,0,726D716C
CFDD3ADA,27,tronco,1,0,0FAA39BA
CFDD3ADA,27,tronco,3,0,D210C171
CFDD3ADA,27,tronco,5,0,2E5D6B16
CFDD3ADA,27,rama1,14,0,BCA80005
CFDD3ADA,27,rama1,15,0,BCA80005
CFDD3ADA,27,rama2,20,0,335C6A75
CFDD3ADA,27,rama2,21,0,335C6A75
56D46B60,27,tronco,1,0,805E53CA
56D46B60,27,tronco,3,0,37990611
56D46B60,27,tronco,5,0,C2879C50
56D46B60,27,rama1,14,0,4611FB6B
56D46B60,27,rama1,15,0,4611FB6B
56D46B60,27,rama2,20,0,D021FC1C
56D46B60,27,rama2,21,0,D021FC1C
21D35BF6,27,tronco,1,0,F4CA2B3A
21D35BF6,27,tronco,3,0,CCF91491
21D35BF6,27,tronco,5,0,2E5D6B16
21D35BF6,27,rama1,14,0,1586803E
21D35BF6,27,rama1,15,0,1586803E
21D35BF6,27,rama2,20,0,9D5F52A9
21D35BF6,27,rama2,21,0,9D5F52A9
B16C4667,27,tronco,1,0,3A0F5A53
B16C4667,27,tronco,3,0,8773EB2D
B16C4667,27,tronco,5,0,54B79B27
B16C4667,27,rama1,14,0,C83C78F5
B16C4667,27,rama1,15,0,C83C78F5
B16C4667,27,rama2,20,0,5E0C7F82
B16C4667,27,rama2,21,0,5E0C7F82
C66B76F1,27,tronco,1,0,C16F48D3
C66B76F1,27,tronco,3,0,CCF91491
C66B76F1,27,tronco,5,0,940C628F
C66B76F1,27,rama1,14,0,E5849FF5
C66B76F1,27,rama1,15,0,E5849FF5
C66B76F1,27,rama2,20,0,0720E072
C66B76F1,27,rama2,21,0,0720E072
A6ACFF14,27,tronco,1,0,7B3E414A
A6ACFF14,27,tronco,3,0,F95C7778
A6ACFF14,27,tronco,5,0,539A23C0
A6ACFF14,27,rama1,14,0,C83C78F5
A6ACFF14,27,rama1,15,0,C83C78F5
A6ACFF14,27,rama2,20,0,5E0C7F82
A6ACFF14,27,rama2,21,0,5E0C7F82
D1ABCF82,27,tronco,1,0,0FAA39BA
D1ABCF82,27,tronco,3,0,E0981A7F
D1ABCF82,27,tronco,5,0,C2879C50
D1ABCF82,27,rama1,14,0,1586803E
D1ABCF82,27,rama1,15,0,1586803E
D1ABCF82,27,rama2,20,0,849B3FAE
D1ABCF82,27,rama2,21,0,849B3FAE
48A29E38,27,tronco,1,0,166E54BD
48A29E38,27,tronco,3,0,5AC913E6
48A29E38,27,tronco,5,0,54B79B27
48A29E38,27,rama1,14,0,D6D5AD15
48A29E38,27,rama1,15,0,D6D5AD15
48A29E38,27,rama2,20,0,06F9099C
48A29E38,27,rama2,21,0,06F9099C
CDC5097B,17,tronco,1,0,1CAA9DE4
CDC5097B,17,tronco,3,0,F9235A84
CDC5097B,17,tronco,7,0,1CAA9DE4
CDC5097B,17,tronco,11,0,9642721E
CDC5097B,17,tronco,14,0,4C2BAEB7
E40DBD89,17,tronco,1,0,1CAA9DE4
E40DBD89,17,tronco,3,0,F9235A84
E40DBD89,17,tronco,7,0,1CAA9DE4
E40DBD89,17,tronco,11,0,CF6EEDEE
E40DBD89,17,tronco,14,0,595EEA99
5F05B10E,17,tronco,1,0,1CAA9DE4
5F05B10E,17,tronco,3,0,CBAB818A
5F05B10E,17,tronco,7,0,1CAA9DE4
5F05B10E,17,tronco,11,0,9642721E
5F05B10E,17,tronco,14,0,4C2BAEB7
76CD05FC,17,tronco,1,0,1CAA9DE4
76CD05FC,17,tronco,3,0,CBAB818A
76CD05FC,17,tronco,7,0,1CAA9DE4
76CD05FC,17,tronco,11,0,47B73F79
76CD05FC,17,tronco,14,0,72125C90
2043BE7E,17,tronco,1,0,1CAA9DE4
2043BE7E,17,tronco,3,0,F5D99E99
2043BE7E,17,tronco,7,0,1CAA9DE4
2043BE7E,17,tronco,11,0,9642721E
2043BE7E,17,tronco,14,0,4C2BAEB7
098B0A8C,17,tronco,1,0,1CAA9DE4
098B0A8C,17,tronco,3,0,F5D99E99
098B0A8C,17,tronco,7,0,8A9A9A93
098B0A8C,17,tronco,11,0,41436E70
098B0A8C,17,tronco,14,0,32FAAE67
A1CB7955,17,tronco,1,0,8A9A9A93
A1CB7955,17,tronco,3,0,E9B407A5
A1CB7955,17,tronco,7,0,1CAA9DE4
A1CB7955,17,tronco,11,0,47B73F79
A1CB7955,17,tronco,14,0,72125C90
8803CDA7,17,tronco,1,0,8A9A9A93
8803CDA7,17,tronco,3,0,E9B407A5
8803CDA7,17,tronco,7,0,1CAA9DE4
8803CDA7,17,tronco,11,0,9642721E
8803CDA7,17,tronco,14,0,4C2BAEB7
DBC260A0,17,tronco,1,0,1CAA9DE4
DBC260A0,17,tronco,3,0,1AF12A5C
DBC260A0,17,tronco,7,0,1CAA9DE4
DBC260A0,17,tronco,11,0,41436E70
DBC260A0,17,tronco,14,0,32FAAE67
F20AD452,17,tronco,1,0,1CAA9DE4
F20AD452,17,tronco,3,0,1AF12A5C
F20AD452,17,tronco,7,0,1CAA9DE4
F20AD452,17,tronco,11,0,CF6EEDEE
F20AD452,17,tronco,14,0,595EEA99
9FFD26DC,17,tronco,1,0,1CAA9DE4
9FFD26DC,17,tronco,3,0,E9B407A5
9FFD26DC,17,tronco,7,0,1CAA9DE4
9FFD26DC,17,tronco,11,0,41436E70
9FFD26DC,17,tronco,14,0,32FAAE67
B635922E,17,tronco,1,0,1CAA9DE4
B635922E,17,tronco,3,0,E9B407A5
B635922E,17,tronco,7,0,1CAA9DE4
B635922E,17,tronco,11,0,C99ABCE7
B635922E,17,tronco,14,0,186FF180
8A4121EE,17,tronco,1,0,1CAA9DE4
8A4121EE,17,tronco,3,0,CBAB818A
8A4121EE,17,tronco,7,0,1CAA9DE4
8A4121EE,17,tronco,11,0,84E41252
8A4121EE,17,tronco,14,0,B14171BB
A389951C,17,tronco,1,0,1CAA9DE4
A389951C,17,tronco,3,0,CBAB818A
A389951C,17,tronco,7,0,1CAA9DE4
A389951C,17,tronco,11,0,41436E70
A389951C,17,tronco,14,0,32FAAE67
89C5F580,17,tronco,1,0,1CAA9DE4
89C5F580,17,tronco,3,0,D542546A
89C5F580,17,tronco,7,0,1CAA9DE4
89C5F580,17,tronco,11,0,84E41252
89C5F580,17,tronco,14,0,B14171BB
A00D4172,17,tronco,1,0,1CAA9DE4
A00D4172,17,tronco,3,0,D542546A
A00D4172,17,tronco,7,0,1CAA9DE4
A00D4172,17,tronco,11,0,C99ABCE7
A00D4172,17,tronco,14,0,186FF180
5A514F49,17,tronco,1,0,F9235A84
5A514F49,17,tronco,3,0,F9235A84
5A514F49,17,tronco,7,0,1CAA9DE4
5A514F49,17,tronco,11,0,FC3FDF0E
5A514F49,17,tronco,14,0,186FF180
7399FBBB,17,tronco,1,0,F9235A84
7399FBBB,17,tronco,3,0,F9235A84
7399FBBB,17,tronco,7,0,1CAA9DE4
7399FBBB,17,tronco,11,0,84E41252
7399FBBB,17,tronco,14,0,B14171BB
4443D6D4,17,tronco,1,0,E9B407A5
4443D6D4,17,tronco,3,0,D542546A
4443D6D4,17,tronco,7,0,1CAA9DE4
4443D6D4,17,tronco,11,0,CF6EEDEE
4443D6D4,17,tronco,14,0,595EEA99
6D8B6226,17,tronco,1,0,E9B407A5
6D8B6226,17,tronco,3,0,D542546A
6D8B6226,17,tronco,7,0,1CAA9DE4
6D8B6226,17,tronco,11,0,9642721E
6D8B6226,17,tronco,14,0,4C2BAEB7
47C702BA,17,tronco,1,0,CBAB818A
47C702BA,17,tronco,3,0,CBAB818A
47C702BA,17,tronco,7,0,1CAA9DE4
47C702BA,17,tronco,11,0,47B73F79
47C702BA,17,tronco,14,0,72125C90
6E0FB648,17,tronco,1,0,CBAB818A
6E0FB648,17,tronco,3,0,CBAB818A
6E0FB648,17,tronco,7,0,1CAA9DE4
6E0FB648,17,tronco,11,0,84E41252
6E0FB648,17,tronco,14,0,B14171BB
4C9B4587,17,tronco,1,0,1CAA9DE4
4C9B4587,17,tronco,3,0,FD4F28EE
4C9B4587,17,tronco,7,0,E9B407A5
4C9B4587,17,tronco,11,0,41436E70
4C9B4587,17,tronco,14,0,32FAAE67
6553F175,17,tronco,1,0,1CAA9DE4
6553F175,17,tronco,3,0,FD4F28EE
6553F175,17,tronco,7,0,E9B407A5
6553F175,17,tronco,11,0,C99ABCE7
6553F175,17,tronco,14,0,186FF180
FCFFB1B1,17,tronco,1,0,8A9A9A93
FCFFB1B1,17,tronco,3,0,8A9A9A93
FCFFB1B1,17,tronco,7,0,1CAA9DE4
FCFFB1B1,17,tronco,11,0,41436E70
FCFFB1B1,17,tronco,14,0,32FAAE67
D5370543,17,tronco,1,0,8A9A9A93
D5370543,17,tronco,3,0,8A9A9A93
D5370543,17,tronco,7,0,1CAA9DE4
D5370543,17,tronco,11,0,CF6EEDEE
D5370543,17,tronco,14,0,595EEA99
527B0588,17,tronco,1,0,1CAA9DE4
527B0588,17,tronco,3,0,F9235A84
527B0588,17,tronco,7,0,CBAB818A
527B0588,17,tronco,11,0,84E41252
527B0588,17,tronco,14,0,B14171BB
7BB3B17A,17,tronco,1,0,1CAA9DE4
7BB3B17A,17,tronco,3,0,F9235A84
7BB3B17A,17,tronco,7,0,CBAB818A
7BB3B17A,17,tronco,11,0,41436E70
7BB3B17A,17,tronco,14,0,32FAAE67
637601F3,17,tronco,1,0,F9235A84
637601F3,17,tronco,3,0,F9235A84
637601F3,17,tronco,7,0,1CAA9DE4
637601F3,17,tronco,11,0,84E41252
637601F3,17,tronco,14,0,B14171BB
4ABEB501,17,tronco,1,0,F9235A84
4ABEB501,17,tronco,3,0,F9235A84
4ABEB501,17,tronco,7,0,1CAA9DE4
4ABEB501,17,tronco,11,0,47B73F79
4ABEB501,17,tronco,14,0,72125C90
0FFB28E0,17,tronco,1,0,1CAA9DE4
0FFB28E0,17,tronco,3,0,CBAB818A
0FFB28E0,17,tronco,7,0,CBAB818A
0FFB28E0,17,tronco,11,0,CF6EEDEE
0FFB28E0,17,tronco,14,0,595EEA99
26339C12,17,tronco,1,0,1CAA9DE4
26339C12,17,tronco,3,0,CBAB818A
26339C12,17,tronco,7,0,CBAB818A
26339C12,17,tronco,11,0,C99ABCE7
26339C12,17,tronco,14,0,186FF180
56E6C6E3,17,tronco,1,0,1CAA9DE4
56E6C6E3,17,tronco,3,0,E9B407A5
56E6C6E3,17,tronco,7,0,E8A7749E
56E6C6E3,17,tronco,11,0,C99ABCE7
56E6C6E3,17,tronco,14,0,186FF180
7F2E7211,17,tronco,1,0,1CAA9DE4
7F2E7211,17,tronco,3,0,E9B407A5
7F2E7211,17,tronco,7,0,E8A7749E
7F2E7211,17,tronco,11,0,CF6EEDEE
7F2E7211,17,tronco,14,0,595EEA99
CE41DD15,17,tronco,1,0,E8A7749E
CE41DD15,17,tronco,3,0,16D4E13E
CE41DD15,17,tronco,7,0,1CAA9DE4
CE41DD15,17,tronco,11,0,9642721E
CE41DD15,17,tronco,14,0,4C2BAEB7
E78969E7,17,tronco,1,0,E8A7749E
E78969E7,17,tronco,3,0,16D4E13E
E78969E7,17,tronco,7,0,1CAA9DE4
E78969E7,17,tronco,11,0,41436E70
E78969E7,17,tronco,14,0,32FAAE67
E7AD4032,17,tronco,1,0,1CAA9DE4
E7AD4032,17,tronco,3,0,D542546A
E7AD4032,17,tronco,7,0,D542546A
E7AD4032,17,tronco,11,0,C99ABCE7
E7AD4032,17,tronco,14,0,186FF180
CE65F4C0,17,tronco,1,0,1CAA9DE4
CE65F4C0,17,tronco,3,0,D542546A
CE65F4C0,17,tronco,7,0,D542546A
CE65F4C0,17,tronco,11,0,CF6EEDEE
CE65F4C0,17,tronco,14,0,595EEA99
7B6A3FA6,17,tronco,1,0,1CAA9DE4
7B6A3FA6,17,tronco,3,0,E8A7749E
7B6A3FA6,17,tronco,7,0,E8A7749E
7B6A3FA6,17,tronco,11,0,84E41252
7B6A3FA6,17,tronco,14,0,B14171BB
52A28B54,17,tronco,1,0,1CAA9DE4
52A28B54,17,tronco,3,0,E8A7749E
52A28B54,17,tronco,7,0,E8A7749E
52A28B54,17,tronco,11,0,47B73F79
52A28B54,17,tronco,14,0,72125C90
614FFCF0,17,tronco,1,0,E9B407A5
614FFCF0,17,tronco,3,0,B812419D
614FFCF0,17,tronco,7,0,B812419D
614FFCF0,17,tronco,11,0,41436E70
614FFCF0,17,tronco,14,0,32FAAE67
48874802,17,tronco,1,0,E9B407A5
48874802,17,tronco,3,0,B812419D
48874802,17,tronco,7,0,B812419D
48874802,17,tronco,11,0,84E41252
48874802,17,tronco,14,0,B14171BB
3E5127E3,17,tronco,1,0,1CAA9DE4
3E5127E3,17,tronco,3,0,E9B407A5
3E5127E3,17,tronco,7,0,E9B407A5
3E5127E3,17,tronco,11,0,C99ABCE7
3E5127E3,17,tronco,14,0,186FF180
17999311,17,tronco,1,0,1CAA9DE4
17999311,17,tronco,3,0,E9B407A5
17999311,17,tronco,7,0,E9B407A5
17999311,17,tronco,11,0,41436E70
17999311,17,tronco,14,0,32FAAE67
4FFDF7A2,17,tronco,1,0,E8A7749E
4FFDF7A2,17,tronco,3,0,13E09DFC
4FFDF7A2,17,tronco,7,0,357F1E6C
4FFDF7A2,17,tronco,11,0,9642721E
4FFDF7A2,17,tronco,14,0,4C2BAEB7
66354350,17,tronco,1,0,E8A7749E
66354350,17,tronco,3,0,13E09DFC
66354350,17,tronco,7,0,357F1E6C
66354350,17,tronco,11,0,47B73F79
66354350,17,tronco,14,0,72125C90
E72A308F,17,tronco,1,0,A1D62C9A
E72A308F,17,tronco,3,0,CC86396D
E72A308F,17,tronco,7,0,94734F73
E72A308F,17,tronco,11,0,9642721E
E72A308F,17,tronco,14,0,4C2BAEB7
CEE2847D,17,tronco,1,0,A1D62C9A
CEE2847D,17,tronco,3,0,CC86396D
CEE2847D,17,tronco,7,0,94734F73
CEE2847D,17,tronco,11,0,84E41252
CEE2847D,17,tronco,14,0,B14171BB
FE3101CE,17,tronco,1,0,A1D62C9A
FE3101CE,17,tronco,3,0,A1D62C9A
FE3101CE,17,tronco,7,0,F9235A84
FE3101CE,17,tronco,11,0,9642721E
FE3101CE,17,tronco,14,0,4C2BAEB7
D7F9B53C,17,tronco,1,0,A1D62C9A
D7F9B53C,17,tronco,3,0,A1D62C9A
D7F9B53C,17,tronco,7,0,F9235A84
D7F9B53C,17,tronco,11,0,41436E70
D7F9B53C,17,tronco,14,0,32FAAE67
2E0E6A37,17,tronco,1,0,A1D62C9A
2E0E6A37,17,tronco,3,0,16D4E13E
2E0E6A37,17,tronco,7,0,16D4E13E
2E0E6A37,17,tronco,11,0,84E41252
2E0E6A37,17,tronco,14,0,B14171BB
07C6DEC5,17,tronco,1,0,A1D62C9A
07C6DEC5,17,tronco,3,0,16D4E13E
07C6DEC5,17,tronco,7,0,16D4E13E
07C6DEC5,17,tronco,11,0,41436E70
07C6DEC5,17,tronco,14,0,32FAAE67
2726BB0C,17,tronco,1,0,CC86396D
2726BB0C,17,tronco,3,0,CC86396D
2726BB0C,17,tronco,7,0,F9235A84
2726BB0C,17,tronco,11,0,47B73F79
2726BB0C,17,tronco,14,0,72125C90
0EEE0FFE,17,tronco,1,0,CC86396D
0EEE0FFE,17,tronco,3,0,CC86396D
0EEE0FFE,17,tronco,7,0,F9235A84
0EEE0FFE,17,tronco,11,0,C99ABCE7
0EEE0FFE,17,tronco,14,0,186FF180
B5121F28,17,tronco,1,0,94734F73
B5121F28,17,tronco,3,0,94734F73
B5121F28,17,tronco,7,0,16D4E13E
B5121F28,17,tronco,11,0,C99ABCE7
B5121F28,17,tronco,14,0,186FF180
9CDAABDA,17,tronco,1,0,94734F73
9CDAABDA,17,tronco,3,0,94734F73
9CDAABDA,17,tronco,7,0,16D4E13E
9CDAABDA,17,tronco,11,0,CF6EEDEE
9CDAABDA,17,tronco,14,0,595EEA99
D51C520D,17,tronco,1,0,2097421C
D51C520D,17,tronco,3,0,2801F46B
D51C520D,17,tronco,7,0,2801F46B
D51C520D,17,tronco,11,0,9642721E
D51C520D,17,tronco,14,0,4C2BAEB7
FCD4E6FF,17,tronco,1,0,2097421C
FCD4E6FF,17,tronco,3,0,2801F46B
FCD4E6FF,17,tronco,7,0,2801F46B
FCD4E6FF,17,tronco,11,0,CF6EEDEE
FCD4E6FF,17,tronco,14,0,595EEA99
8292E5A6,17,tronco,1,0,2097421C
8292E5A6,17,tronco,3,0,2801F46B
8292E5A6,17,tronco,7,0,2801F46B
8292E5A6,17,tronco,11,0,CF6EEDEE
8292E5A6,17,tronco,14,0,595EEA99
AB5A5154,17,tronco,1,0,2097421C
AB5A5154,17,tronco,3,0,2801F46B
AB5A5154,17,tronco,7,0,2801F46B
AB5A5154,17,tronco,11,0,47B73F79
AB5A5154,17,tronco,14,0,72125C90
250CA8FB,17,tronco,1,0,2097421C
250CA8FB,17,tronco,3,0,90BE2221
250CA8FB,17,tronco,7,0,90BE2221
250CA8FB,17,tronco,11,0,47B73F79
250CA8FB,17,tronco,14,0,72125C90
0CC41C09,17,tronco,1,0,2097421C
0CC41C09,17,tronco,3,0,90BE2221
0CC41C09,17,tronco,7,0,90BE2221
0CC41C09,17,tronco,11,0,84E41252
0CC41C09,17,tronco,14,0,B14171BB
ACAE2511,17,tronco,1,0,2097421C
ACAE2511,17,tronco,3,0,2097421C
ACAE2511,17,tronco,7,0,2801F46B
ACAE2511,17,tronco,11,0,CF6EEDEE
ACAE2511,17,tronco,14,0,595EEA99
856691E3,17,tronco,1,0,2097421C
856691E3,17,tronco,3,0,2097421C
856691E3,17,tronco,7,0,2801F46B
856691E3,17,tronco,11,0,9642721E
856691E3,17,tronco,14,0,4C2BAEB7
87247DAA,17,tronco,1,0,2097421C
87247DAA,17,tronco,3,0,2097421C
87247DAA,17,tronco,7,0,90BE2221
87247DAA,17,tronco,11,0,84E41252
87247DAA,17,tronco,14,0,B14171BB
AEECC958,17,tronco,1,0,2097421C
AEECC958,17,tronco,3,0,2097421C
AEECC958,17,tronco,7,0,90BE2221
AEECC958,17,tronco,11,0,C99ABCE7
AEECC958,17,tronco,14,0,186FF180
9615062A,17,tronco,1,0,2801F46B
9615062A,17,tronco,3,0,2801F46B
9615062A,17,tronco,7,0,2801F46B
9615062A,17,tronco,11,0,CF6EEDEE
9615062A,17,tronco,14,0,595EEA99
BFDDB2D8,17,tronco,1,0,2801F46B
BFDDB2D8,17,tronco,3,0,2801F46B
BFDDB2D8,17,tronco,7,0,2801F46B
BFDDB2D8,17,tronco,11,0,CF6EEDEE
BFDDB2D8,17,tronco,14,0,595EEA99
E348B8AE,17,tronco,1,0,2801F46B
E348B8AE,17,tronco,3,0,90BE2221
E348B8AE,17,tronco,7,0,90BE2221
E348B8AE,17,tronco,11,0,C99ABCE7
E348B8AE,17,tronco,14,0,186FF180
CA800C5C,17,tronco,1,0,2801F46B
CA800C5C,17,tronco,3,0,90BE2221
CA800C5C,17,tronco,7,0,90BE2221
CA800C5C,17,tronco,11,0,CF6EEDEE
CA800C5C,17,tronco,14,0,595EEA99
052339F4,17,tronco,1,0,1CAA9DE4
052339F4,17,tronco,3,0,F9235A84
052339F4,17,tronco,7,0,E9B407A5
052339F4,17,tronco,11,0,CF6EEDEE
052339F4,17,tronco,14,0,595EEA99
2CEB8D06,17,tronco,1,0,1CAA9DE4
2CEB8D06,17,tronco,3,0,F9235A84
2CEB8D06,17,tronco,7,0,E9B407A5
2CEB8D06,17,tronco,11,0,47B73F79
2CEB8D06,17,tronco,14,0,72125C90
6C2178E2,17,tronco,1,0,A1D62C9A
6C2178E2,17,tronco,3,0,CC86396D
6C2178E2,17,tronco,7,0,A1D62C9A
6C2178E2,17,tronco,11,0,47B73F79
6C2178E2,17,tronco,14,0,72125C90
45E9CC10,17,tronco,1,0,A1D62C9A
45E9CC10,17,tronco,3,0,CC86396D
45E9CC10,17,tronco,7,0,A1D62C9A
45E9CC10,17,tronco,11,0,C99ABCE7
45E9CC10,17,tronco,14,0,186FF180
D6988663,17,tronco,1,0,2801F46B
D6988663,17,tronco,3,0,2801F46B
D6988663,17,tronco,7,0,90BE2221
D6988663,17,tronco,11,0,84E41252
D6988663,17,tronco,14,0,B14171BB
FF503291,17,tronco,1,0,2801F46B
FF503291,17,tronco,3,0,2801F46B
FF503291,17,tronco,7,0,90BE2221
FF503291,17,tronco,11,0,CF6EEDEE
FF503291,17,tronco,14,0,595EEA99
B9826D7F,17,tronco,1,0,E9B407A5
B9826D7F,17,tronco,3,0,D542546A
B9826D7F,17,tronco,7,0,1CAA9DE4
B9826D7F,17,tronco,11,0,CF6EEDEE
B9826D7F,17,tronco,14,0,595EEA99
904AD98D,17,tronco,1,0,8A9A9A93
904AD98D,17,tronco,3,0,8A9A9A93
904AD98D,17,tronco,7,0,1CAA9DE4
904AD98D,17,tronco,11,0,41436E70
904AD98D,17,tronco,14,0,32FAAE67
EBD8D416,17,tronco,1,0,8A9A9A93
EBD8D416,17,tronco,3,0,8A9A9A93
EBD8D416,17,tronco,7,0,1CAA9DE4
EBD8D416,17,tronco,11,0,41436E70
EBD8D416,17,tronco,14,0,32FAAE67
C21060E4,17,tronco,1,0,1CAA9DE4
C21060E4,17,tronco,3,0,F9235A84
C21060E4,17,tronco,7,0,CBAB818A
C21060E4,17,tronco,11,0,84E41252
C21060E4,17,tronco,14,0,B14171BB
5EF336A5,17,tronco,1,0,1CAA9DE4
5EF336A5,17,tronco,3,0,FD4F28EE
5EF336A5,17,tronco,7,0,E9B407A5
5EF336A5,17,tronco,11,0,C99ABCE7
5EF336A5,17,tronco,14,0,186FF180
773B8257,17,tronco,1,0,1CAA9DE4
773B8257,17,tronco,3,0,FD4F28EE
773B8257,17,tronco,7,0,E9B407A5
773B8257,17,tronco,11,0,CF6EEDEE
773B8257,17,tronco,14,0,595EEA99
5D77E2CB,17,tronco,1,0,CBAB818A
5D77E2CB,17,tronco,3,0,CBAB818A
5D77E2CB,17,tronco,7,0,1CAA9DE4
5D77E2CB,17,tronco,11,0,47B73F79
5D77E2CB,17,tronco,14,0,72125C90
74BF5639,17,tronco,1,0,1CAA9DE4
74BF5639,17,tronco,3,0,F9235A84
74BF5639,17,tronco,7,0,1CAA9DE4
74BF5639,17,tronco,11,0,9642721E
74BF5639,17,tronco,14,0,4C2BAEB7
88FE113E,17,tronco,1,0,1CAA9DE4
88FE113E,17,tronco,3,0,CBAB818A
88FE113E,17,tronco,7,0,1CAA9DE4
88FE113E,17,tronco,11,0,84E41252
88FE113E,17,tronco,14,0,B14171BB
A136A5CC,17,tronco,1,0,1CAA9DE4
A136A5CC,17,tronco,3,0,CBAB818A
A136A5CC,17,tronco,7,0,1CAA9DE4
A136A5CC,17,tronco,11,0,47B73F79
A136A5CC,17,tronco,14,0,72125C90
58FEC040,17,tronco,1,0,1CAA9DE4
58FEC040,17,tronco,3,0,CBAB818A
58FEC040,17,tronco,7,0,1CAA9DE4
58FEC040,17,tronco,11,0,84E41252
58FEC040,17,tronco,14,0,B14171BB
713674B2,17,tronco,1,0,1CAA9DE4
713674B2,17,tronco,3,0,E9B407A5
713674B2,17,tronco,7,0,1CAA9DE4
713674B2,17,tronco,11,0,C99ABCE7
713674B2,17,tronco,14,0,186FF180
D7FDE72C,17,tronco,1,0,F9235A84
D7FDE72C,17,tronco,3,0,F9235A84
D7FDE72C,17,tronco,7,0,1CAA9DE4
D7FDE72C,17,tronco,11,0,84E41252
D7FDE72C,17,tronco,14,0,B14171BB
FE3553DE,17,tronco,1,0,1CAA9DE4
FE3553DE,17,tronco,3,0,CBAB818A
FE3553DE,17,tronco,7,0,1CAA9DE4
FE3553DE,17,tronco,11,0,41436E70
FE3553DE,17,tronco,14,0,32FAAE67
CEE6D66D,17,tronco,1,0,1CAA9DE4
CEE6D66D,17,tronco,3,0,D542546A
CEE6D66D,17,tronco,7,0,1CAA9DE4
CEE6D66D,17,tronco,11,0,C99ABCE7
CEE6D66D,17,tronco,14,0,186FF180
E72E629F,17,tronco,1,0,CBAB818A
E72E629F,17,tronco,3,0,CBAB818A
E72E629F,17,tronco,7,0,1CAA9DE4
E72E629F,17,tronco,11,0,47B73F79
E72E629F,17,tronco,14,0,72125C90
39588F3F,17,tronco,1,0,1CAA9DE4
39588F3F,17,tronco,3,0,E8A7749E
39588F3F,17,tronco,7,0,E8A7749E
39588F3F,17,tronco,11,0,47B73F79
39588F3F,17,tronco,14,0,72125C90
10903BCD,17,tronco,1,0,E8A7749E
10903BCD,17,tronco,3,0,16D4E13E
10903BCD,17,tronco,7,0,1CAA9DE4
10903BCD,17,tronco,11,0,9642721E
10903BCD,17,tronco,14,0,4C2BAEB7
571B1653,17,tronco,1,0,2097421C
571B1653,17,tronco,3,0,2801F46B
571B1653,17,tronco,7,0,2801F46B
571B1653,17,tronco,11,0,9642721E
571B1653,17,tronco,14,0,4C2BAEB7
7ED3A2A1,17,tronco,1,0,2097421C
7ED3A2A1,17,tronco,3,0,90BE2221
7ED3A2A1,17,tronco,7,0,90BE2221
7ED3A2A1,17,tronco,11,0,84E41252
7ED3A2A1,17,tronco,14,0,B14171BB
185A8094,17,tronco,1,0,1CAA9DE4
185A8094,17,tronco,3,0,D542546A
185A8094,17,tronco,7,0,D542546A
185A8094,17,tronco,11,0,CF6EEDEE
185A8094,17,tronco,14,0,595EEA99
31923466,17,tronco,1,0,E9B407A5
31923466,17,tronco,3,0,B812419D
31923466,17,tronco,7,0,B812419D
31923466,17,tronco,11,0,41436E70
31923466,17,tronco,14,0,32FAAE67
92AF3EBC,17,tronco,1,0,1CAA9DE4
92AF3EBC,17,tronco,3,0,D542546A
92AF3EBC,17,tronco,7,0,D542546A
92AF3EBC,17,tronco,11,0,CF6EEDEE
92AF3EBC,17,tronco,14,0,595EEA99
BB678A4E,17,tronco,1,0,E9B407A5
BB678A4E,17,tronco,3,0,B812419D
BB678A4E,17,tronco,7,0,B812419D
BB678A4E,17,tronco,11,0,41436E70
BB678A4E,17,tronco,14,0,32FAAE67
8F46C880,17,tronco,1,0,1CAA9DE4
8F46C880,17,tronco,3,0,E8A7749E
8F46C880,17,tronco,7,0,E8A7749E
8F46C880,17,tronco,11,0,47B73F79
8F46C880,17,tronco,14,0,72125C90
A68E7C72,17,tronco,1,0,1CAA9DE4
A68E7C72,17,tronco,3,0,E9B407A5
A68E7C72,17,tronco,7,0,E9B407A5
A68E7C72,17,tronco,11,0,C99ABCE7
A68E7C72,17,tronco,14,0,186FF180
C1C53470,17,tronco,1,0,E9B407A5
C1C53470,17,tronco,3,0,B812419D
C1C53470,17,tronco,7,0,B812419D
C1C53470,17,tronco,11,0,41436E70
C1C53470,17,tronco,14,0,32FAAE67
E80D8082,17,tronco,1,0,E9B407A5
E80D8082,17,tronco,3,0,B812419D
E80D8082,17,tronco,7,0,B812419D
E80D8082,17,tronco,11,0,84E41252
E80D8082,17,tronco,14,0,B14171BB
A264FA75,17,tronco,1,0,1CAA9DE4
A264FA75,17,tronco,3,0,D542546A
A264FA75,17,tronco,7,0,1CAA9DE4
A264FA75,17,tronco,11,0,C99ABCE7
A264FA75,17,tronco,14,0,186FF180
8BAC4E87,17,tronco,1,0,CBAB818A
8BAC4E87,17,tronco,3,0,CBAB818A
8BAC4E87,17,tronco,7,0,1CAA9DE4
8BAC4E87,17,tronco,11,0,47B73F79
8BAC4E87,17,tronco,14,0,72125C90
CC0C3457,17,tronco,1,0,8A9A9A93
CC0C3457,17,tronco,3,0,8A9A9A93
CC0C3457,17,tronco,7,0,1CAA9DE4
CC0C3457,17,tronco,11,0,41436E70
CC0C3457,17,tronco,14,0,32FAAE67
4BAC1134,17,tronco,1,0,1CAA9DE4
4BAC1134,17,tronco,3,0,F9235A84
4BAC1134,17,tronco,7,0,CBAB818A
4BAC1134,17,tronco,11,0,84E41252
4BAC1134,17,tronco,14,0,B14171BB
76CC3884,17,tronco,1,0,E9B407A5
76CC3884,17,tronco,3,0,D542546A
76CC3884,17,tronco,7,0,1CAA9DE4
76CC3884,17,tronco,11,0,CF6EEDEE
76CC3884,17,tronco,14,0,595EEA99
F16C1DE7,17,tronco,1,0,8A9A9A93
F16C1DE7,17,tronco,3,0,8A9A9A93
F16C1DE7,17,tronco,7,0,1CAA9DE4
F16C1DE7,17,tronco,11,0,41436E70
F16C1DE7,17,tronco,14,0,32FAAE67
56BDE751,17,tronco,1,0,1CAA9DE4
56BDE751,17,tronco,3,0,FD4F28EE
56BDE751,17,tronco,7,0,E9B407A5
56BDE751,17,tronco,11,0,41436E70
56BDE751,17,tronco,14,0,32FAAE67
7F7553A3,17,tronco,1,0,1CAA9DE4
7F7553A3,17,tronco,3,0,FD4F28EE
7F7553A3,17,tronco,7,0,E9B407A5
7F7553A3,17,tronco,11,0,C99ABCE7
7F7553A3,17,tronco,14,0,186FF180
175173E6,17,tronco,1,0,F9235A84
175173E6,17,tronco,3,0,F9235A84
175173E6,17,tronco,7,0,1CAA9DE4
175173E6,17,tronco,11,0,84E41252
175173E6,17,tronco,14,0,B14171BB
90F15685,17,tronco,1,0,1CAA9DE4
90F15685,17,tronco,3,0,CBAB818A
90F15685,17,tronco,7,0,1CAA9DE4
90F15685,17,tronco,11,0,41436E70
90F15685,17,tronco,14,0,32FAAE67
1DF6B6B2,17,tronco,1,0,1CAA9DE4
1DF6B6B2,17,tronco,3,0,CBAB818A
1DF6B6B2,17,tronco,7,0,CBAB818A
1DF6B6B2,17,tronco,11,0,CF6EEDEE
1DF6B6B2,17,tronco,14,0,595EEA99
B39E2723,17,tronco,1,0,1CAA9DE4
B39E2723,17,tronco,3,0,CBAB818A
B39E2723,17,tronco,7,0,CBAB818A
B39E2723,17,tronco,11,0,C99ABCE7
B39E2723,17,tronco,14,0,186FF180
6B97EDE4,17,tronco,1,0,1CAA9DE4
6B97EDE4,17,tronco,3,0,CBAB818A
6B97EDE4,17,tronco,7,0,CBAB818A
6B97EDE4,17,tronco,11,0,CF6EEDEE
6B97EDE4,17,tronco,14,0,595EEA99
EC37C887,17,tronco,1,0,CBAB818A
EC37C887,17,tronco,3,0,CBAB818A
EC37C887,17,tronco,7,0,1CAA9DE4
EC37C887,17,tronco,11,0,47B73F79
EC37C887,17,tronco,14,0,72125C90
40BABE27,17,tronco,1,0,1CAA9DE4
40BABE27,17,tronco,3,0,D542546A
40BABE27,17,tronco,7,0,D542546A
40BABE27,17,tronco,11,0,C99ABCE7
40BABE27,17,tronco,14,0,186FF180
69720AD5,17,tronco,1,0,E8A7749E
69720AD5,17,tronco,3,0,13E09DFC
69720AD5,17,tronco,7,0,357F1E6C
69720AD5,17,tronco,11,0,47B73F79
69720AD5,17,tronco,14,0,72125C90
59A18F66,17,tronco,1,0,1CAA9DE4
59A18F66,17,tronco,3,0,E8A7749E
59A18F66,17,tronco,7,0,E8A7749E
59A18F66,17,tronco,11,0,47B73F79
59A18F66,17,tronco,14,0,72125C90
DE01AA05,17,tronco,1,0,1CAA9DE4
DE01AA05,17,tronco,3,0,E8A7749E
DE01AA05,17,tronco,7,0,E8A7749E
DE01AA05,17,tronco,11,0,84E41252
DE01AA05,17,tronco,14,0,B14171BB
5B446857,17,tronco,1,0,94734F73
5B446857,17,tronco,3,0,94734F73
5B446857,17,tronco,7,0,16D4E13E
5B446857,17,tronco,11,0,CF6EEDEE
5B446857,17,tronco,14,0,595EEA99
F52CF9C6,17,tronco,1,0,94734F73
F52CF9C6,17,tronco,3,0,94734F73
F52CF9C6,17,tronco,7,0,16D4E13E
F52CF9C6,17,tronco,11,0,C99ABCE7
F52CF9C6,17,tronco,14,0,186FF180
3F28AD53,17,tronco,1,0,2097421C
3F28AD53,17,tronco,3,0,2801F46B
3F28AD53,17,tronco,7,0,2801F46B
3F28AD53,17,tronco,11,0,9642721E
3F28AD53,17,tronco,14,0,4C2BAEB7
91403CC2,17,tronco,1,0,2097421C
91403CC2,17,tronco,3,0,90BE2221
91403CC2,17,tronco,7,0,90BE2221
91403CC2,17,tronco,11,0,84E41252
91403CC2,17,tronco,14,0,B14171BB
77DE9CB1,17,tronco,1,0,1CAA9DE4
77DE9CB1,17,tronco,3,0,F9235A84
77DE9CB1,17,tronco,7,0,CBAB818A
77DE9CB1,17,tronco,11,0,84E41252
77DE9CB1,17,tronco,14,0,B14171BB
D9B60D20,17,tronco,1,0,1CAA9DE4
D9B60D20,17,tronco,3,0,F9235A84
D9B60D20,17,tronco,7,0,1CAA9DE4
D9B60D20,17,tronco,11,0,9642721E
D9B60D20,17,tronco,14,0,4C2BAEB7
2ED5DC84,17,tronco,1,0,1CAA9DE4
2ED5DC84,17,tronco,3,0,D542546A
2ED5DC84,17,tronco,7,0,D542546A
2ED5DC84,17,tronco,11,0,DA1BA9C0
2ED5DC84,17,tronco,14,0,186FF180
80BD4D15,17,tronco,1,0,1CAA9DE4
80BD4D15,17,tronco,3,0,D542546A
80BD4D15,17,tronco,7,0,D542546A
80BD4D15,17,tronco,11,0,CF6EEDEE
80BD4D15,17,tronco,14,0,595EEA99
9A5693D1,17,tronco,1,0,A1D62C9A
9A5693D1,17,tronco,3,0,CC86396D
9A5693D1,17,tronco,7,0,A1D62C9A
9A5693D1,17,tronco,11,0,47B73F79
9A5693D1,17,tronco,14,0,72125C90
5D95E1BB,17,tronco,1,0,1CAA9DE4
5D95E1BB,17,tronco,3,0,CBAB818A
5D95E1BB,17,tronco,7,0,CBAB818A
5D95E1BB,17,tronco,11,0,595EEA99
5D95E1BB,17,tronco,14,0,798ECD5E
F3FD702A,17,tronco,1,0,1CAA9DE4
F3FD702A,17,tronco,3,0,CBAB818A
F3FD702A,17,tronco,7,0,CBAB818A
F3FD702A,17,tronco,11,0,F67AA72E
F3FD702A,17,tronco,14,0,DA1BA9C0
7F01D95F,17,tronco,1,0,1CAA9DE4
7F01D95F,17,tronco,3,0,E9B407A5
7F01D95F,17,tronco,7,0,E8A7749E
7F01D95F,17,tronco,11,0,F67AA72E
7F01D95F,17,tronco,14,0,DA1BA9C0
56C96DAD,17,tronco,1,0,1CAA9DE4
56C96DAD,17,tronco,3,0,E9B407A5
56C96DAD,17,tronco,7,0,E8A7749E
56C96DAD,17,tronco,11,0,EFBECA29
56C96DAD,17,tronco,14,0,72125C90
3A30CE42,17,tronco,1,0,1CAA9DE4
3A30CE42,17,tronco,3,0,F5D99E99
3A30CE42,17,tronco,7,0,8A9A9A93
3A30CE42,17,tronco,11,0,604AA059
3A30CE42,17,tronco,14,0,32FAAE67
13F87AB0,17,tronco,1,0,1CAA9DE4
13F87AB0,17,tronco,3,0,F5D99E99
13F87AB0,17,tronco,7,0,8A9A9A93
13F87AB0,17,tronco,11,0,9642721E
13F87AB0,17,tronco,14,0,4C2BAEB7
CA3450CC,17,tronco,1,0,1CAA9DE4
CA3450CC,17,tronco,3,0,E8A7749E
CA3450CC,17,tronco,7,0,E8A7749E
CA3450CC,17,tronco,11,0,55EFC3B0
CA3450CC,17,tronco,14,0,C3DFC4C7
4D9475AF,17,tronco,1,0,1CAA9DE4
4D9475AF,17,tronco,3,0,E8A7749E
4D9475AF,17,tronco,7,0,E8A7749E
4D9475AF,17,tronco,11,0,EFBECA29
4D9475AF,17,tronco,14,0,72125C90
DF130E30,17,tronco,1,0,2097421C
DF130E30,17,tronco,3,0,2097421C
DF130E30,17,tronco,7,0,2801F46B
DF130E30,17,tronco,11,0,9642721E
DF130E30,17,tronco,14,0,4C2BAEB7
F6DBBAC2,17,tronco,1,0,2097421C
F6DBBAC2,17,tronco,3,0,2097421C
F6DBBAC2,17,tronco,7,0,2801F46B
F6DBBAC2,17,tronco,11,0,EFBECA29
F6DBBAC2,17,tronco,14,0,72125C90
8949A9B6,17,tronco,1,0,1CAA9DE4
8949A9B6,17,tronco,3,0,F9235A84
8949A9B6,17,tronco,7,0,1CAA9DE4
8949A9B6,17,tronco,11,0,9642721E
8949A9B6,17,tronco,14,0,4C2BAEB7
27213827,17,tronco,1,0,1CAA9DE4
27213827,17,tronco,3,0,F9235A84
27213827,17,tronco,7,0,1CAA9DE4
27213827,17,tronco,11,0,798ECD5E
27213827,17,tronco,14,0,595EEA99
484F94ED,17,tronco,1,0,1CAA9DE4
484F94ED,17,tronco,3,0,CBAB818A
484F94ED,17,tronco,7,0,1CAA9DE4
484F94ED,17,tronco,11,0,55EFC3B0
484F94ED,17,tronco,14,0,C3DFC4C7
E627057C,17,tronco,1,0,1CAA9DE4
E627057C,17,tronco,3,0,CBAB818A
E627057C,17,tronco,7,0,1CAA9DE4
E627057C,17,tronco,11,0,9642721E
E627057C,17,tronco,14,0,4C2BAEB7
DBEDB6B8,28,tronco,1,0,9321DA68
DBEDB6B8,28,tronco,3,0,E0981A7F
DBEDB6B8,28,rama1,8,0,C642F034
DBEDB6B8,28,rama1,12,0,E5849FF5
DBEDB6B8,28,rama1,15,0,58F82E8B
DBEDB6B8,28,rama2,18,0,6ED45544
DBEDB6B8,28,rama2,22,0,E5849FF5
DBEDB6B8,28,rama2,25,0,58F82E8B
42E4E702,28,tronco,1,0,8773EB2D
42E4E702,28,tronco,3,0,D210C171
42E4E702,28,rama1,8,0,ED0E463D
42E4E702,28,rama1,12,0,C83C78F5
42E4E702,28,rama1,15,0,6BA91C6B
42E4E702,28,rama2,18,0,ED0E463D
42E4E702,28,rama2,22,0,C83C78F5
42E4E702,28,rama2,25,0,6BA91C6B
35E3D794,28,tronco,1,0,6F6C700F
35E3D794,28,tronco,3,0,54B79B27
35E3D794,28,rama1,8,0,7B3E414A
35E3D794,28,rama1,12,0,890D63EC
35E3D794,28,rama1,15,0,40E5AA62
35E3D794,28,rama2,18,0,7B3E414A
35E3D794,28,rama2,22,0,890D63EC
35E3D794,28,rama2,25,0,40E5AA62
AB874237,28,tronco,1,0,3A0F5A53
AB874237,28,tronco,3,0,1143EC5A
AB874237,28,rama1,8,0,5072F743
AB874237,28,rama1,12,0,88D48A02
AB874237,28,rama1,15,0,5590EE4C
AB874237,28,rama2,18,0,5072F743
AB874237,28,rama2,22,0,88D48A02
AB874237,28,rama2,25,0,5590EE4C
DC8072A1,28,tronco,1,0,1BF808FF
DC8072A1,28,tronco,3,0,E0981A7F
DC8072A1,28,rama1,8,0,4E9B22A3
DC8072A1,28,rama1,12,0,1586803E
DC8072A1,28,rama1,15,0,9D5F52A9
DC8072A1,28,rama2,18,0,4E9B22A3
DC8072A1,28,rama2,22,0,1586803E
DC8072A1,28,rama2,25,0,9D5F52A9
4589231B,28,tronco,1,0,1BF808FF
4589231B,28,tronco,3,0,E0981A7F
4589231B,28,rama1,8,0,4E9B22A3
4589231B,28,rama1,12,0,1586803E
4589231B,28,rama1,15,0,9D5F52A9
4589231B,28,rama2,18,0,4E9B22A3
4589231B,28,rama2,22,0,1586803E
4589231B,28,rama2,25,0,9D5F52A9
8F8C55E6,28,tronco,1,0,F5D99E99
8F8C55E6,28,tronco,3,0,1CAA9DE4
8F8C55E6,28,rama1,8,0,F9235A84
8F8C55E6,28,rama1,12,0,9642721E
8F8C55E6,28,rama1,15,0,4C2BAEB7
8F8C55E6,28,rama2,18,0,F9235A84
8F8C55E6,28,rama2,22,0,9642721E
8F8C55E6,28,rama2,25,0,4C2BAEB7
1685045C,28,tronco,1,0,F5D99E99
1685045C,28,tronco,3,0,1CAA9DE4
1685045C,28,rama1,8,0,F9235A84
1685045C,28,rama1,12,0,47B73F79
1685045C,28,rama1,15,0,72125C90
1685045C,28,rama2,18,0,F9235A84
1685045C,28,rama2,22,0,47B73F79
1685045C,28,rama2,25,0,72125C90
618234CA,28,tronco,1,0,F5D99E99
618234CA,28,tronco,3,0,1CAA9DE4
618234CA,28,rama1,8,0,F9235A84
618234CA,28,rama1,12,0,CF6EEDEE
618234CA,28,rama1,15,0,595EEA99
618234CA,28,rama2,18,0,F9235A84
618234CA,28,rama2,22,0,CF6EEDEE
618234CA,28,rama2,25,0,595EEA99
FFE6A169,28,tronco,1,0,F5D99E99
FFE6A169,28,tronco,3,0,1CAA9DE4
FFE6A169,28,rama1,8,0,F9235A84
FFE6A169,28,rama1,12,0,41436E70
FFE6A169,28,rama1,15,0,32FAAE67
FFE6A169,28,rama2,18,0,F9235A84
FFE6A169,28,rama2,22,0,41436E70
FFE6A169,28,rama2,25,0,32FAAE67
88E191FF,28,tronco,1,0,F5D99E99
88E191FF,28,tronco,3,0,1CAA9DE4
88E191FF,28,rama1,8,0,F9235A84
88E191FF,28,rama1,12,0,186FF180
88E191FF,28,rama1,15,0,C99ABCE7
88E191FF,28,rama2,18,0,F9235A84
88E191FF,28,rama2,22,0,186FF180
88E191FF,28,rama2,25,0,C99ABCE7
11E8C045,28,tronco,1,0,F5D99E99
11E8C045,28,tronco,3,0,1CAA9DE4
11E8C045,28,rama1,8,0,F9235A84
11E8C045,28,rama1,12,0,84E41252
11E8C045,28,rama1,15,0,B14171BB
11E8C045,28,rama2,18,0,F9235A84
11E8C045,28,rama2,22,0,84E41252
11E8C045,28,rama2,25,0,B14171BB
829C3797,28,tronco,1,0,1AF12A5C
829C3797,28,tronco,3,0,16D4E13E
829C3797,28,rama1,8,0,CBAB818A
829C3797,28,rama1,12,0,9642721E
829C3797,28,rama1,15,0,4C2BAEB7
829C3797,28,rama2,18,0,CBAB818A
829C3797,28,rama2,22,0,9642721E
829C3797,28,rama2,25,0,4C2BAEB7
1B95662D,28,tronco,1,0,1AF12A5C
1B95662D,28,tronco,3,0,16D4E13E
1B95662D,28,rama1,8,0,CBAB818A
1B95662D,28,rama1,12,0,47B73F79
1B95662D,28,rama1,15,0,72125C90
1B95662D,28,rama2,18,0,CBAB818A
1B95662D,28,rama2,22,0,47B73F79
1B95662D,28,rama2,25,0,72125C90
6C9256BB,28,tronco,1,0,1AF12A5C
6C9256BB,28,tronco,3,0,16D4E13E
6C9256BB,28,rama1,8,0,CBAB818A
6C9256BB,28,rama1,12,0,CF6EEDEE
6C9256BB,28,rama1,15,0,595EEA99
6C9256BB,28,rama2,18,0,CBAB818A
6C9256BB,28,rama2,22,0,CF6EEDEE
6C9256BB,28,rama2,25,0,595EEA99
F2F6C318,28,tronco,1,0,1AF12A5C
F2F6C318,28,tronco,3,0,16D4E13E
F2F6C318,28,rama1,8,0,CBAB818A
F2F6C318,28,rama1,12,0,41436E70
F2F6C318,28,rama1,15,0,32FAAE67
F2F6C318,28,rama2,18,0,CBAB818A
F2F6C318,28,rama2,22,0,41436E70
F2F6C318,28,rama2,25,0,32FAAE67
85F1F38E,28,tronco,1,0,1AF12A5C
85F1F38E,28,tronco,3,0,16D4E13E
85F1F38E,28,rama1,8,0,CBAB818A
85F1F38E,28,rama1,12,0,186FF180
85F1F38E,28,rama1,15,0,C99ABCE7
85F1F38E,28,rama2,18,0,CBAB818A
85F1F38E,28,rama2,22,0,186FF180
85F1F38E,28,rama2,25,0,C99ABCE7
1CF8A234,28,tronco,1,0,1AF12A5C
1CF8A234,28,tronco,3,0,16D4E13E
1CF8A234,28,rama1,8,0,CBAB818A
1CF8A234,28,rama1,12,0,84E41252
1CF8A234,28,rama1,15,0,B14171BB
1CF8A234,28,rama2,18,0,CBAB818A
1CF8A234,28,rama2,22,0,84E41252
1CF8A234,28,rama2,25,0,B14171BB
3756959A,28,tronco,1,0,FD4F28EE
3756959A,28,tronco,3,0,2097421C
3756959A,28,rama1,8,0,F9235A84
3756959A,28,rama1,12,0,9642721E
3756959A,28,rama1,15,0,4C2BAEB7
3756959A,28,rama2,18,0,F9235A84
3756959A,28,rama2,22,0,9642721E
3756959A,28,rama2,25,0,4C2BAEB7
AE5FC420,28,tronco,1,0,FD4F28EE
AE5FC420,28,tronco,3,0,2097421C
AE5FC420,28,rama1,8,0,F9235A84
AE5FC420,28,rama1,12,0,47B73F79
AE5FC420,28,rama1,15,0,72125C90
AE5FC420,28,rama2,18,0,F9235A84
AE5FC420,28,rama2,22,0,47B73F79
AE5FC420,28,rama2,25,0,72125C90
D958F4B6,28,tronco,1,0,FD4F28EE
D958F4B6,28,tronco,3,0,2097421C
D958F4B6,28,rama1,8,0,F9235A84
D958F4B6,28,rama1,12,0,CF6EEDEE
D958F4B6,28,rama1,15,0,595EEA99
D958F4B6,28,rama2,18,0,F9235A84
D958F4B6,28,rama2,22,0,CF6EEDEE
D958F4B6,28,rama2,25,0,595EEA99
473C6115,28,tronco,1,0,FD4F28EE
473C6115,28,tronco,3,0,2097421C
473C6115,28,rama1,8,0,F9235A84
473C6115,28,rama1,12,0,41436E70
473C6115,28,rama1,15,0,32FAAE67
473C6115,28,rama2,18,0,F9235A84
473C6115,28,rama2,22,0,41436E70
473C6115,28,rama2,25,0,32FAAE67
303B5183,28,tronco,1,0,FD4F28EE
303B5183,28,tronco,3,0,2097421C
303B5183,28,rama1,8,0,F9235A84
303B5183,28,rama1,12,0,186FF180
303B5183,28,rama1,15,0,C99ABCE7
303B5183,28,rama2,18,0,F9235A84
303B5183,28,rama2,22,0,186FF180
303B5183,28,rama2,25,0,C99ABCE7
A9320039,28,tronco,1,0,FD4F28EE
A9320039,28,tronco,3,0,2097421C
A9320039,28,rama1,8,0,F9235A84
A9320039,28,rama1,12,0,84E41252
A9320039,28,rama1,15,0,B14171BB
A9320039,28,rama2,18,0,F9235A84
A9320039,28,rama2,22,0,84E41252
A9320039,28,rama2,25,0,B14171BB
8C3ADF21,28,tronco,1,0,16D4E13E
8C3ADF21,28,tronco,3,0,1CAA9DE4
8C3ADF21,28,rama1,8,0,B812419D
8C3ADF21,28,rama1,12,0,9642721E
8C3ADF21,28,rama1,15,0,4C2BAEB7
8C3ADF21,28,rama2,18,0,B812419D
8C3ADF21,28,rama2,22,0,9642721E
8C3ADF21,28,rama2,25,0,4C2BAEB7
15338E9B,28,tronco,1,0,16D4E13E
15338E9B,28,tronco,3,0,1CAA9DE4
15338E9B,28,rama1,8,0,B812419D
15338E9B,28,rama1,12,0,47B73F79
15338E9B,28,rama1,15,0,72125C90
15338E9B,28,rama2,18,0,B812419D
15338E9B,28,rama2,22,0,47B73F79
15338E9B,28,rama2,25,0,72125C90
6234BE0D,28,tronco,1,0,16D4E13E
6234BE0D,28,tronco,3,0,1CAA9DE4
6234BE0D,28,rama1,8,0,B812419D
6234BE0D,28,rama1,12,0,CF6EEDEE
6234BE0D,28,rama1,15,0,595EEA99
6234BE0D,28,rama2,18,0,B812419D
6234BE0D,28,rama2,22,0,CF6EEDEE
6234BE0D,28,rama2,25,0,595EEA99
FC502BAE,28,tronco,1,0,16D4E13E
FC502BAE,28,tronco,3,0,1CAA9DE4
FC502BAE,28,rama1,8,0,B812419D
FC502BAE,28,rama1,12,0,41436E70
FC502BAE,28,rama1,15,0,32FAAE67
FC502BAE,28,rama2,18,0,B812419D
FC502BAE,28,rama2,22,0,41436E70
FC502BAE,28,rama2,25,0,32FAAE67
8B571B38,28,tronco,1,0,16D4E13E
8B571B38,28,tronco,3,0,1CAA9DE4
8B571B38,28,rama1,8,0,B812419D
8B571B38,28,rama1,12,0,186FF180
8B571B38,28,rama1,15,0,C99ABCE7
8B571B38,28,rama2,18,0,B812419D
8B571B38,28,rama2,22,0,186FF180
8B571B38,28,rama2,25,0,C99ABCE7
125E4A82,28,tronco,1,0,16D4E13E
125E4A82,28,tronco,3,0,1CAA9DE4
125E4A82,28,rama1,8,0,B812419D
125E4A82,28,rama1,12,0,84E41252
125E4A82,28,rama1,15,0,B14171BB
125E4A82,28,rama2,18,0,B812419D
125E4A82,28,rama2,22,0,84E41252
125E4A82,28,rama2,25,0,B14171BB
1E5FBCBB,28,tronco,1,0,16D4E13E
1E5FBCBB,28,tronco,3,0,CC86396D
1E5FBCBB,28,rama1,8,0,D542546A
1E5FBCBB,28,rama1,12,0,9642721E
1E5FBCBB,28,rama1,15,0,4C2BAEB7
1E5FBCBB,28,rama2,18,0,D542546A
1E5FBCBB,28,rama2,22,0,9642721E
1E5FBCBB,28,rama2,25,0,4C2BAEB7
8756ED01,28,tronco,1,0,16D4E13E
8756ED01,28,tronco,3,0,CC86396D
8756ED01,28,rama1,8,0,D542546A
8756ED01,28,rama1,12,0,47B73F79
8756ED01,28,rama1,15,0,72125C90
8756ED01,28,rama2,18,0,D542546A
8756ED01,28,rama2,22,0,47B73F79
8756ED01,28,rama2,25,0,72125C90
F051DD97,28,tronco,1,0,16D4E13E
F051DD97,28,tronco,3,0,CC86396D
F051DD97,28,rama1,8,0,D542546A
F051DD97,28,rama1,12,0,CF6EEDEE
F051DD97,28,rama1,15,0,595EEA99
F051DD97,28,rama2,18,0,D542546A
F051DD97,28,rama2,22,0,CF6EEDEE
F051DD97,28,rama2,25,0,595EEA99
6E354834,28,tronco,1,0,16D4E13E
6E354834,28,tronco,3,0,CC86396D
6E354834,28,rama1,8,0,D542546A
6E354834,28,rama1,12,0,41436E70
6E354834,28,rama1,15,0,32FAAE67
6E354834,28,rama2,18,0,D542546A
6E354834,28,rama2,22,0,41436E70
6E354834,28,rama2,25,0,32FAAE67
193278A2,28,tronco,1,0,16D4E13E
193278A2,28,tronco,3,0,CC86396D
193278A2,28,rama1,8,0,D542546A
193278A2,28,rama1,12,0,186FF180
193278A2,28,rama1,15,0,C99ABCE7
193278A2,28,rama2,18,0,D542546A
193278A2,28,rama2,22,0,186FF180
193278A2,28,rama2,25,0,C99ABCE7
803B2918,28,tronco,1,0,16D4E13E
803B2918,28,tronco,3,0,CC86396D
803B2918,28,rama1,8,0,D542546A
803B2918,28,rama1,12,0,84E41252
803B2918,28,rama1,15,0,B14171BB
803B2918,28,rama2,18,0,D542546A
803B2918,28,rama2,22,0,84E41252
803B2918,28,rama2,25,0,B14171BB
AB951EB6,28,tronco,1,0,13E09DFC
AB951EB6,28,tronco,3,0,2801F46B
AB951EB6,28,rama1,8,0,16D4E13E
AB951EB6,28,rama1,12,0,9642721E
AB951EB6,28,rama1,15,0,4C2BAEB7
AB951EB6,28,rama2,18,0,16D4E13E
AB951EB6,28,rama2,22,0,9642721E
AB951EB6,28,rama2,25,0,4C2BAEB7
329C4F0C,28,tronco,1,0,13E09DFC
329C4F0C,28,tronco,3,0,2801F46B
329C4F0C,28,rama1,8,0,16D4E13E
329C4F0C,28,rama1,12,0,47B73F79
329C4F0C,28,rama1,15,0,72125C90
329C4F0C,28,rama2,18,0,16D4E13E
329C4F0C,28,rama2,22,0,47B73F79
329C4F0C,28,rama2,25,0,72125C90
459B7F9A,28,tronco,1,0,13E09DFC
459B7F9A,28,tronco,3,0,2801F46B
459B7F9A,28,rama1,8,0,16D4E13E
459B7F9A,28,rama1,12,0,CF6EEDEE
459B7F9A,28,rama1,15,0,595EEA99
459B7F9A,28,rama2,18,0,16D4E13E
459B7F9A,28,rama2,22,0,CF6EEDEE
459B7F9A,28,rama2,25,0,595EEA99
DBFFEA39,28,tronco,1,0,13E09DFC
DBFFEA39,28,tronco,3,0,2801F46B
DBFFEA39,28,rama1,8,0,16D4E13E
DBFFEA39,28,rama1,12,0,41436E70
DBFFEA39,28,rama1,15,0,32FAAE67
DBFFEA39,28,rama2,18,0,16D4E13E
DBFFEA39,28,rama2,22,0,41436E70
DBFFEA39,28,rama2,25,0,32FAAE67
ACF8DAAF,28,tronco,1,0,13E09DFC
ACF8DAAF,28,tronco,3,0,2801F46B
ACF8DAAF,28,rama1,8,0,16D4E13E
ACF8DAAF,28,rama1,12,0,186FF180
ACF8DAAF,28,rama1,15,0,C99ABCE7
ACF8DAAF,28,rama2,18,0,16D4E13E
ACF8DAAF,28,rama2,22,0,186FF180
ACF8DAAF,28,rama2,25,0,C99ABCE7
35F18B15,28,tronco,1,0,13E09DFC
35F18B15,28,tronco,3,0,2801F46B
35F18B15,28,rama1,8,0,16D4E13E
35F18B15,28,rama1,12,0,84E41252
35F18B15,28,rama1,15,0,B14171BB
35F18B15,28,rama2,18,0,16D4E13E
35F18B15,28,rama2,22,0,84E41252
35F18B15,28,rama2,25,0,B14171BB
9375C40A,28,tronco,1,0,CC86396D
9375C40A,28,tronco,3,0,F9235A84
9375C40A,28,rama1,8,0,A1D62C9A
9375C40A,28,rama1,12,0,9642721E
9375C40A,28,rama1,15,0,4C2BAEB7
9375C40A,28,rama2,18,0,A1D62C9A
9375C40A,28,rama2,22,0,9642721E
9375C40A,28,rama2,25,0,4C2BAEB7
0A7C95B0,28,tronco,1,0,CC86396D
0A7C95B0,28,tronco,3,0,F9235A84
0A7C95B0,28,rama1,8,0,A1D62C9A
0A7C95B0,28,rama1,12,0,47B73F79
0A7C95B0,28,rama1,15,0,72125C90
0A7C95B0,28,rama2,18,0,A1D62C9A
0A7C95B0,28,rama2,22,0,47B73F79
0A7C95B0,28,rama2,25,0,72125C90
7D7BA526,28,tronco,1,0,CC86396D
7D7BA526,28,tronco,3,0,F9235A84
7D7BA526,28,rama1,8,0,A1D62C9A
7D7BA526,28,rama1,12,0,CF6EEDEE
7D7BA526,28,rama1,15,0,595EEA99
7D7BA526,28,rama2,18,0,A1D62C9A
7D7BA526,28,rama2,22,0,CF6EEDEE
7D7BA526,28,rama2,25,0,595EEA99
E31F3085,28,tronco,1,0,CC86396D
E31F3085,28,tronco,3,0,F9235A84
E31F3085,28,rama1,8,0,A1D62C9A
E31F3085,28,rama1,12,0,41436E70
E31F3085,28,rama1,15,0,32FAAE67
E31F3085,28,rama2,18,0,A1D62C9A
E31F3085,28,rama2,22,0,41436E70
E31F3085,28,rama2,25,0,32FAAE67
94180013,28,tronco,1,0,CC86396D
94180013,28,tronco,3,0,F9235A84
94180013,28,rama1,8,0,A1D62C9A
94180013,28,rama1,12,0,186FF180
94180013,28,rama1,15,0,C99ABCE7
94180013,28,rama2,18,0,A1D62C9A
94180013,28,rama2,22,0,186FF180
94180013,28,rama2,25,0,C99ABCE7
0D1151A9,28,tronco,1,0,CC86396D
0D1151A9,28,tronco,3,0,F9235A84
0D1151A9,28,rama1,8,0,A1D62C9A
0D1151A9,28,rama1,12,0,84E41252
0D1151A9,28,rama1,15,0,B14171BB
0D1151A9,28,rama2,18,0,A1D62C9A
0D1151A9,28,rama2,22,0,84E41252
0D1151A9,28,rama2,25,0,B14171BB
0C00C5E1,28,tronco,1,0,16D4E13E
0C00C5E1,28,tronco,3,0,13E09DFC
0C00C5E1,28,rama1,8,0,94734F73
0C00C5E1,28,rama1,12,0,9642721E
0C00C5E1,28,rama1,15,0,4C2BAEB7
0C00C5E1,28,rama2,18,0,94734F73
0C00C5E1,28,rama2,22,0,9642721E
0C00C5E1,28,rama2,25,0,4C2BAEB7
9509945B,28,tronco,1,0,16D4E13E
9509945B,28,tronco,3,0,13E09DFC
9509945B,28,rama1,8,0,94734F73
9509945B,28,rama1,12,0,47B73F79
9509945B,28,rama1,15,0,72125C90
9509945B,28,rama2,18,0,94734F73
9509945B,28,rama2,22,0,47B73F79
9509945B,28,rama2,25,0,72125C90
E20EA4CD,28,tronco,1,0,16D4E13E
E20EA4CD,28,tronco,3,0,13E09DFC
E20EA4CD,28,rama1,8,0,94734F73
E20EA4CD,28,rama1,12,0,CF6EEDEE
E20EA4CD,28,rama1,15,0,595EEA99
E20EA4CD,28,rama2,18,0,94734F73
E20EA4CD,28,rama2,22,0,CF6EEDEE
E20EA4CD,28,rama2,25,0,595EEA99
7C6A316E,28,tronco,1,0,16D4E13E
7C6A316E,28,tronco,3,0,13E09DFC
7C6A316E,28,rama1,8,0,94734F73
7C6A316E,28,rama1,12,0,41436E70
7C6A316E,28,rama1,15,0,32FAAE67
7C6A316E,28,rama2,18,0,94734F73
7C6A316E,28,rama2,22,0,41436E70
7C6A316E,28,rama2,25,0,32FAAE67
0B6D01F8,28,tronco,1,0,16D4E13E
0B6D01F8,28,tronco,3,0,13E09DFC
0B6D01F8,28,rama1,8,0,94734F73
0B6D01F8,28,rama1,12,0,186FF180
0B6D01F8,28,rama1,15,0,C99ABCE7
0B6D01F8,28,rama2,18,0,94734F73
0B6D01F8,28,rama2,22,0,C99ABCE7
0B6D01F8,28,rama2,25,0,186FF180
92645042,28,tronco,1,0,16D4E13E
92645042,28,tronco,3,0,13E09DFC
92645042,28,rama1,8,0,94734F73
92645042,28,rama1,12,0,84E41252
92645042,28,rama1,15,0,B14171BB
92645042,28,rama2,18,0,94734F73
92645042,28,rama2,22,0,84E41252
92645042,28,rama2,25,0,B14171BB
B4DA059D,28,tronco,1,0,94734F73
B4DA059D,28,tronco,3,0,90BE2221
B4DA059D,28,rama1,8,0,2097421C
B4DA059D,28,rama1,12,0,9642721E
B4DA059D,28,rama1,15,0,4C2BAEB7
B4DA059D,28,rama2,18,0,2097421C
B4DA059D,28,rama2,22,0,9642721E
B4DA059D,28,rama2,25,0,4C2BAEB7
2DD35427,28,tronco,1,0,94734F73
2DD35427,28,tronco,3,0,90BE2221
2DD35427,28,rama1,8,0,2097421C
2DD35427,28,rama1,12,0,47B73F79
2DD35427,28,rama1,15,0,72125C90
2DD35427,28,rama2,18,0,2097421C
2DD35427,28,rama2,22,0,47B73F79
2DD35427,28,rama2,25,0,72125C90
5AD464B1,28,tronco,1,0,94734F73
5AD464B1,28,tronco,3,0,90BE2221
5AD464B1,28,rama1,8,0,2097421C
5AD464B1,28,rama1,12,0,CF6EEDEE
5AD464B1,28,rama1,15,0,595EEA99
5AD464B1,28,rama2,18,0,2097421C
5AD464B1,28,rama2,22,0,CF6EEDEE
5AD464B1,28,rama2,25,0,595EEA99
C4B0F112,28,tronco,1,0,94734F73
C4B0F112,28,tronco,3,0,90BE2221
C4B0F112,28,rama1,8,0,2097421C
C4B0F112,28,rama1,12,0,41436E70
C4B0F112,28,rama1,15,0,32FAAE67
C4B0F112,28,rama2,18,0,2097421C
C4B0F112,28,rama2,22,0,41436E70
C4B0F112,28,rama2,25,0,32FAAE67
B3B7C184,28,tronco,1,0,94734F73
B3B7C184,28,tronco,3,0,90BE2221
B3B7C184,28,rama1,8,0,2097421C
B3B7C184,28,rama1,12,0,186FF180
B3B7C184,28,rama1,15,0,C99ABCE7
B3B7C184,28,rama2,18,0,2097421C
B3B7C184,28,rama2,22,0,186FF180
B3B7C184,28,rama2,25,0,C99ABCE7
2ABE903E,28,tronco,1,0,94734F73
2ABE903E,28,tronco,3,0,90BE2221
2ABE903E,28,rama1,8,0,2097421C
2ABE903E,28,rama1,12,0,84E41252
2ABE903E,28,rama1,15,0,B14171BB
2ABE903E,28,rama2,18,0,2097421C
2ABE903E,28,rama2,22,0,84E41252
2ABE903E,28,rama2,25,0,B14171BB
7C2DA229,28,tronco,1,0,2801F46B
7C2DA229,28,tronco,3,0,FD4F28EE
7C2DA229,28,rama1,8,0,2097421C
7C2DA229,28,rama1,12,0,9642721E
7C2DA229,28,rama1,15,0,4C2BAEB7
7C2DA229,28,rama2,18,0,2097421C
7C2DA229,28,rama2,22,0,9642721E
7C2DA229,28,rama2,25,0,4C2BAEB7
E524F393,28,tronco,1,0,2801F46B
E524F393,28,tronco,3,0,FD4F28EE
E524F393,28,rama1,8,0,2097421C
E524F393,28,rama1,12,0,47B73F79
E524F393,28,rama1,15,0,72125C90
E524F393,28,rama2,18,0,2097421C
E524F393,28,rama2,22,0,47B73F79
E524F393,28,rama2,25,0,72125C90
9223C305,28,tronco,1,0,2801F46B
9223C305,28,tronco,3,0,FD4F28EE
9223C305,28,rama1,8,0,2097421C
9223C305,28,rama1,12,0,CF6EEDEE
9223C305,28,rama1,15,0,595EEA99
9223C305,28,rama2,18,0,2097421C
9223C305,28,rama2,22,0,CF6EEDEE
9223C305,28,rama2,25,0,595EEA99
0C4756A6,28,tronco,1,0,2801F46B
0C4756A6,28,tronco,3,0,FD4F28EE
0C4756A6,28,rama1,8,0,2097421C
0C4756A6,28,rama1,12,0,41436E70
0C4756A6,28,rama1,15,0,32FAAE67
0C4756A6,28,rama2,18,0,2097421C
0C4756A6,28,rama2,22,0,41436E70
0C4756A6,28,rama2,25,0,32FAAE67
7B406630,28,tronco,1,0,2801F46B
7B406630,28,tronco,3,0,FD4F28EE
7B406630,28,rama1,8,0,2097421C
7B406630,28,rama1,12,0,186FF180
7B406630,28,rama1,15,0,C99ABCE7
7B406630,28,rama2,18,0,2097421C
7B406630,28,rama2,22,0,186FF180
7B406630,28,rama2,25,0,C99ABCE7
E249378A,28,tronco,1,0,2801F46B
E249378A,28,tronco,3,0,FD4F28EE
E249378A,28,rama1,8,0,2097421C
E249378A,28,rama1,12,0,84E41252
E249378A,28,rama1,15,0,B14171BB
E249378A,28,rama2,18,0,2097421C
E249378A,28,rama2,22,0,84E41252
E249378A,28,rama2,25,0,B14171BB
E358A3C2,28,tronco,1,0,90BE2221
E358A3C2,28,tronco,3,0,13E09DFC
E358A3C2,28,rama1,8,0,2097421C
E358A3C2,28,rama1,12,0,9642721E
E358A3C2,28,rama1,15,0,4C2BAEB7
E358A3C2,28,rama2,18,0,2097421C
E358A3C2,28,rama2,22,0,9642721E
E358A3C2,28,rama2,25,0,4C2BAEB7
7A51F278,28,tronco,1,0,90BE2221
7A51F278,28,tronco,3,0,13E09DFC
7A51F278,28,rama1,8,0,2097421C
7A51F278,28,rama1,12,0,47B73F79
7A51F278,28,rama1,15,0,72125C90
7A51F278,28,rama2,18,0,2097421C
7A51F278,28,rama2,22,0,47B73F79
7A51F278,28,rama2,25,0,72125C90
0D56C2EE,28,tronco,1,0,90BE2221
0D56C2EE,28,tronco,3,0,13E09DFC
0D56C2EE,28,rama1,8,0,2097421C
0D56C2EE,28,rama1,12,0,CF6EEDEE
0D56C2EE,28,rama1,15,0,595EEA99
0D56C2EE,28,rama2,18,0,2097421C
0D56C2EE,28,rama2,22,0,CF6EEDEE
0D56C2EE,28,rama2,25,0,595EEA99
9332574D,28,tronco,1,0,90BE2221
9332574D,28,tronco,3,0,13E09DFC
9332574D,28,rama1,8,0,2097421C
9332574D,28,rama1,12,0,41436E70
9332574D,28,rama1,15,0,32FAAE67
9332574D,28,rama2,18,0,2097421C
9332574D,28,rama2,22,0,41436E70
9332574D,28,rama2,25,0,32FAAE67
E43567DB,28,tronco,1,0,90BE2221
E43567DB,28,tronco,3,0,13E09DFC
E43567DB,28,rama1,8,0,2097421C
E43567DB,28,rama1,12,0,186FF180
E43567DB,28,rama1,15,0,C99ABCE7
E43567DB,28,rama2,18,0,2097421C
E43567DB,28,rama2,22,0,186FF180
E43567DB,28,rama2,25,0,C99ABCE7
7D3C3661,28,tronco,1,0,90BE2221
7D3C3661,28,tronco,3,0,13E09DFC
7D3C3661,28,rama1,8,0,2097421C
7D3C3661,28,rama1,12,0,84E41252
7D3C3661,28,rama1,15,0,B14171BB
7D3C3661,28,rama2,18,0,2097421C
7D3C3661,28,rama2,22,0,84E41252
7D3C3661,28,rama2,25,0,B14171BB
EE48C1B3,28,tronco,1,0,2097421C
EE48C1B3,28,tronco,3,0,A1D62C9A
EE48C1B3,28,rama1,8,0,90BE2221
EE48C1B3,28,rama1,12,0,9642721E
EE48C1B3,28,rama1,15,0,4C2BAEB7
EE48C1B3,28,rama2,18,0,90BE2221
EE48C1B3,28,rama2,22,0,9642721E
EE48C1B3,28,rama2,25,0,4C2BAEB7
77419009,28,tronco,1,0,2097421C
77419009,28,tronco,3,0,A1D62C9A
77419009,28,rama1,8,0,90BE2221
77419009,28,rama1,12,0,47B73F79
77419009,28,rama1,15,0,72125C90
77419009,28,rama2,18,0,90BE2221
77419009,28,rama2,22,0,47B73F79
77419009,28,rama2,25,0,72125C90
0046A09F,28,tronco,1,0,2097421C
0046A09F,28,tronco,3,0,A1D62C9A
0046A09F,28,rama1,8,0,90BE2221
0046A09F,28,rama1,12,0,CF6EEDEE
0046A09F,28,rama1,15,0,595EEA99
0046A09F,28,rama2,18,0,90BE2221
0046A09F,28,rama2,22,0,CF6EEDEE
0046A09F,28,rama2,25,0,595EEA99
9E22353C,28,tronco,1,0,2097421C
9E22353C,28,tronco,3,0,A1D62C9A
9E22353C,28,rama1,8,0,90BE2221
9E22353C,28,rama1,12,0,41436E70
9E22353C,28,rama1,15,0,32FAAE67
9E22353C,28,rama2,18,0,90BE2221
9E22353C,28,rama2,22,0,41436E70
9E22353C,28,rama2,25,0,32FAAE67
E92505AA,28,tronco,1,0,2097421C
E92505AA,28,tronco,3,0,A1D62C9A
E92505AA,28,rama1,8,0,90BE2221
E92505AA,28,rama1,12,0,186FF180
E92505AA,28,rama1,15,0,C99ABCE7
E92505AA,28,rama2,18,0,90BE2221
E92505AA,28,rama2,22,0,186FF180
E92505AA,28,rama2,25,0,C99ABCE7
702C5410,28,tronco,1,0,2097421C
702C5410,28,tronco,3,0,A1D62C9A
702C5410,28,rama1,8,0,90BE2221
702C5410,28,rama1,12,0,84E41252
702C5410,28,rama1,15,0,B14171BB
702C5410,28,rama2,18,0,90BE2221
702C5410,28,rama2,22,0,84E41252
702C5410,28,rama2,25,0,B14171BB
