# Las casillas de stat de cada tablero de habilidades (NOTAS O-244): tramo, casilla,
# stat y cuanto suma. Lo genera herramientas/construir_tableros.py.
tablero,casillas,tramo,casilla,stat,valor
9B593C21,53,tronco,6,Potencia,3
9B593C21,53,rama1,8,Tecnica,3
9B593C21,53,rama1,10,Potencia,3
9B593C21,53,rama1,13,Potencia,3
9B593C21,53,rama1,17,Potencia,3
9B593C21,53,rama2,19,Tecnica,5
9B593C21,53,rama2,21,Potencia,3
9B593C21,53,rama2,22,Potencia,3
9B593C21,53,rama2,25,Inteligencia,5
9B593C21,53,rama2,28,Potencia,3
9B593C21,53,rama2,31,Potencia,3
9B593C21,53,rama2,34,Agilidad,10
9B593C21,53,rama2,35,Potencia,3
9B593C21,53,rama2,39,Potencia,3
9B593C21,53,rama2,41,Fisico,7
9B593C21,53,rama2,45,Fisico,7
9B593C21,53,rama2,46,Potencia,3
9B593C21,53,rama2,49,Potencia,3
9B593C21,53,rama2,51,Tecnica,5
02506D9B,76,tronco,1,Tecnica,3
02506D9B,76,tronco,2,Inteligencia,3
02506D9B,76,tronco,6,Control,5
02506D9B,76,rama1,9,Control,5
02506D9B,76,rama1,13,Potencia,10
02506D9B,76,rama1,16,Presion,5
02506D9B,76,rama2,18,Fisico,5
02506D9B,76,rama2,24,Presion,10
02506D9B,76,rama2,29,Tecnica,5
02506D9B,76,rama2,31,Inteligencia,5
02506D9B,76,rama2,38,Tecnica,10
02506D9B,76,rama2,41,Potencia,5
02506D9B,76,rama2,48,Fisico,10
02506D9B,76,rama2,50,Control,10
02506D9B,76,rama2,62,Potencia,3
02506D9B,76,rama2,65,Potencia,3
02506D9B,76,rama2,66,Potencia,3
02506D9B,76,rama2,67,Potencia,3
02506D9B,76,rama2,70,Potencia,3
02506D9B,76,rama2,73,Potencia,3
02506D9B,76,rama2,74,Potencia,3
02506D9B,76,rama2,75,Potencia,3
4D40FEF8,51,tronco,3,Tecnica,6
4D40FEF8,51,tronco,4,Potencia,3
4D40FEF8,51,tronco,7,Control,7
4D40FEF8,51,rama1,8,Potencia,3
4D40FEF8,51,rama1,11,Inteligencia,7
4D40FEF8,51,rama1,13,Presion,7
4D40FEF8,51,rama1,14,Potencia,3
4D40FEF8,51,rama1,16,Tecnica,7
4D40FEF8,51,rama1,17,Fisico,7
4D40FEF8,51,rama2,21,Potencia,3
4D40FEF8,51,rama2,22,Tecnica,9
4D40FEF8,51,rama2,24,Potencia,6
4D40FEF8,51,rama2,25,Potencia,3
4D40FEF8,51,rama2,28,Potencia,7
4D40FEF8,51,rama2,29,Potencia,3
4D40FEF8,51,rama2,32,Presion,7
4D40FEF8,51,rama2,34,Control,7
4D40FEF8,51,rama2,35,Potencia,3
4D40FEF8,51,rama2,37,Tecnica,7
4D40FEF8,51,rama2,40,Potencia,3
4D40FEF8,51,rama2,41,Potencia,9
4D40FEF8,51,rama2,43,Fisico,9
EFCEEC2F,51,tronco,1,Fisico,6
EFCEEC2F,51,tronco,4,Potencia,3
EFCEEC2F,51,tronco,7,Fisico,7
EFCEEC2F,51,rama1,8,Potencia,3
EFCEEC2F,51,rama1,11,Fisico,7
EFCEEC2F,51,rama1,13,Fisico,7
EFCEEC2F,51,rama1,14,Potencia,3
EFCEEC2F,51,rama1,16,Agilidad,7
EFCEEC2F,51,rama1,17,Fisico,7
EFCEEC2F,51,rama2,21,Potencia,3
EFCEEC2F,51,rama2,22,Agilidad,9
EFCEEC2F,51,rama2,25,Potencia,3
EFCEEC2F,51,rama2,28,Control,7
EFCEEC2F,51,rama2,29,Potencia,3
EFCEEC2F,51,rama2,32,Presion,7
EFCEEC2F,51,rama2,34,Control,7
EFCEEC2F,51,rama2,35,Potencia,3
EFCEEC2F,51,rama2,37,Potencia,7
EFCEEC2F,51,rama2,40,Potencia,3
EFCEEC2F,51,rama2,41,Potencia,9
EFCEEC2F,51,rama2,43,Tecnica,9
C40407C1,51,tronco,3,Potencia,6
C40407C1,51,tronco,4,Potencia,3
C40407C1,51,tronco,7,Control,7
C40407C1,51,rama1,8,Potencia,3
C40407C1,51,rama1,11,Inteligencia,7
C40407C1,51,rama1,13,Potencia,7
C40407C1,51,rama1,14,Potencia,3
C40407C1,51,rama1,16,Tecnica,7
C40407C1,51,rama1,17,Potencia,7
C40407C1,51,rama2,21,Potencia,3
C40407C1,51,rama2,22,Potencia,9
C40407C1,51,rama2,24,Tecnica,6
C40407C1,51,rama2,25,Potencia,3
C40407C1,51,rama2,28,Control,7
C40407C1,51,rama2,29,Potencia,3
C40407C1,51,rama2,32,Presion,7
C40407C1,51,rama2,34,Control,7
C40407C1,51,rama2,35,Potencia,3
C40407C1,51,rama2,37,Control,7
C40407C1,51,rama2,40,Potencia,3
C40407C1,51,rama2,41,Tecnica,9
C40407C1,51,rama2,43,Fisico,9
9C8245B1,51,tronco,3,Presion,6
9C8245B1,51,tronco,4,Potencia,3
9C8245B1,51,tronco,7,Fisico,7
9C8245B1,51,rama1,8,Potencia,3
9C8245B1,51,rama1,11,Inteligencia,7
9C8245B1,51,rama1,13,Presion,7
9C8245B1,51,rama1,14,Potencia,3
9C8245B1,51,rama1,16,Tecnica,7
9C8245B1,51,rama1,17,Fisico,7
9C8245B1,51,rama2,21,Potencia,3
9C8245B1,51,rama2,22,Presion,9
9C8245B1,51,rama2,24,Tecnica,6
9C8245B1,51,rama2,25,Potencia,3
9C8245B1,51,rama2,28,Control,7
9C8245B1,51,rama2,29,Potencia,3
9C8245B1,51,rama2,32,Inteligencia,7
9C8245B1,51,rama2,34,Control,7
9C8245B1,51,rama2,35,Potencia,3
9C8245B1,51,rama2,37,Inteligencia,7
9C8245B1,51,rama2,40,Potencia,3
9C8245B1,51,rama2,41,Tecnica,9
9C8245B1,51,rama2,43,Fisico,9
D6B1A82F,51,tronco,3,Potencia,6
D6B1A82F,51,tronco,4,Potencia,3
D6B1A82F,51,tronco,7,Control,7
D6B1A82F,51,rama1,8,Potencia,3
D6B1A82F,51,rama1,11,Inteligencia,7
D6B1A82F,51,rama1,13,Tecnica,7
D6B1A82F,51,rama1,14,Potencia,3
D6B1A82F,51,rama1,16,Tecnica,7
D6B1A82F,51,rama1,17,Potencia,7
D6B1A82F,51,rama2,21,Potencia,3
D6B1A82F,51,rama2,22,Tecnica,9
D6B1A82F,51,rama2,24,Potencia,6
D6B1A82F,51,rama2,25,Potencia,3
D6B1A82F,51,rama2,28,Control,7
D6B1A82F,51,rama2,29,Potencia,3
D6B1A82F,51,rama2,32,Potencia,7
D6B1A82F,51,rama2,34,Control,7
D6B1A82F,51,rama2,35,Potencia,3
D6B1A82F,51,rama2,37,Control,7
D6B1A82F,51,rama2,40,Potencia,3
D6B1A82F,51,rama2,41,Potencia,9
D6B1A82F,51,rama2,43,Tecnica,9
5FF55116,51,tronco,3,Presion,6
5FF55116,51,tronco,4,Potencia,3
5FF55116,51,tronco,7,Control,7
5FF55116,51,rama1,8,Potencia,3
5FF55116,51,rama1,11,Inteligencia,7
5FF55116,51,rama1,13,Fisico,7
5FF55116,51,rama1,14,Potencia,3
5FF55116,51,rama1,16,Fisico,7
5FF55116,51,rama1,17,Agilidad,7
5FF55116,51,rama2,21,Potencia,3
5FF55116,51,rama2,22,Presion,9
5FF55116,51,rama2,24,Potencia,6
5FF55116,51,rama2,25,Potencia,3
5FF55116,51,rama2,28,Control,7
5FF55116,51,rama2,29,Potencia,3
5FF55116,51,rama2,32,Tecnica,7
5FF55116,51,rama2,34,Control,7
5FF55116,51,rama2,35,Potencia,3
5FF55116,51,rama2,37,Control,7
5FF55116,51,rama2,40,Potencia,3
5FF55116,51,rama2,41,Tecnica,9
5FF55116,51,rama2,43,Tecnica,9
8E37EA5F,51,tronco,3,Potencia,6
8E37EA5F,51,tronco,4,Potencia,3
8E37EA5F,51,tronco,7,Control,7
8E37EA5F,51,rama1,8,Potencia,3
8E37EA5F,51,rama1,11,Inteligencia,7
8E37EA5F,51,rama1,13,Tecnica,7
8E37EA5F,51,rama1,14,Potencia,3
8E37EA5F,51,rama1,16,Tecnica,7
8E37EA5F,51,rama1,17,Potencia,7
8E37EA5F,51,rama2,21,Potencia,3
8E37EA5F,51,rama2,22,Tecnica,9
8E37EA5F,51,rama2,24,Presion,6
8E37EA5F,51,rama2,25,Potencia,3
8E37EA5F,51,rama2,28,Fisico,7
8E37EA5F,51,rama2,29,Potencia,3
8E37EA5F,51,rama2,32,Presion,7
8E37EA5F,51,rama2,34,Control,7
8E37EA5F,51,rama2,35,Potencia,3
8E37EA5F,51,rama2,37,Fisico,7
8E37EA5F,51,rama2,40,Potencia,3
8E37EA5F,51,rama2,41,Presion,9
8E37EA5F,51,rama2,43,Tecnica,9
FD7B43C1,51,tronco,3,Potencia,6
FD7B43C1,51,tronco,4,Potencia,3
FD7B43C1,51,tronco,7,Control,7
FD7B43C1,51,rama1,8,Potencia,3
FD7B43C1,51,rama1,11,Inteligencia,7
FD7B43C1,51,rama1,13,Tecnica,7
FD7B43C1,51,rama1,14,Potencia,3
FD7B43C1,51,rama1,16,Tecnica,7
FD7B43C1,51,rama1,17,Potencia,7
FD7B43C1,51,rama2,21,Potencia,3
FD7B43C1,51,rama2,22,Tecnica,9
FD7B43C1,51,rama2,24,Presion,6
FD7B43C1,51,rama2,25,Potencia,3
FD7B43C1,51,rama2,28,Fisico,7
FD7B43C1,51,rama2,29,Potencia,3
FD7B43C1,51,rama2,32,Presion,7
FD7B43C1,51,rama2,34,Control,7
FD7B43C1,51,rama2,35,Potencia,3
FD7B43C1,51,rama2,37,Fisico,7
FD7B43C1,51,rama2,40,Potencia,3
FD7B43C1,51,rama2,41,Presion,9
FD7B43C1,51,rama2,43,Tecnica,9
FD893B04,67,tronco,1,Control,6
FD893B04,67,tronco,5,Potencia,7
FD893B04,67,tronco,7,Control,7
FD893B04,67,rama1,9,Inteligencia,7
FD893B04,67,rama1,13,Potencia,7
FD893B04,67,rama1,17,Potencia,7
FD893B04,67,rama2,20,Inteligencia,7
FD893B04,67,rama2,24,Tecnica,7
FD893B04,67,rama2,25,Control,7
FD893B04,67,rama2,28,Tecnica,7
FD893B04,67,rama2,31,Presion,7
FD893B04,67,rama2,34,Fisico,7
FD893B04,67,rama2,39,Presion,9
FD893B04,67,rama2,43,Tecnica,9
FD893B04,67,rama2,46,Potencia,3
FD893B04,67,rama2,47,Potencia,3
FD893B04,67,rama2,48,Potencia,3
FD893B04,67,rama2,49,Potencia,3
FD893B04,67,rama2,50,Potencia,3
FD893B04,67,rama2,51,Potencia,3
FD893B04,67,rama2,52,Potencia,3
FD893B04,67,rama2,53,Potencia,3
FD893B04,67,rama2,54,Potencia,3
FD893B04,67,rama2,55,Potencia,3
FD893B04,67,rama2,56,Potencia,3
FD893B04,67,rama2,57,Potencia,3
FD893B04,67,rama2,58,Potencia,3
D643D0EA,67,tronco,1,Inteligencia,6
D643D0EA,67,tronco,5,Fisico,6
D643D0EA,67,tronco,7,Fisico,7
D643D0EA,67,rama1,9,Fisico,7
D643D0EA,67,rama1,13,Potencia,8
D643D0EA,67,rama1,17,Agilidad,9
D643D0EA,67,rama2,20,Inteligencia,7
D643D0EA,67,rama2,24,Tecnica,5
D643D0EA,67,rama2,25,Control,8
D643D0EA,67,rama2,28,Tecnica,8
D643D0EA,67,rama2,31,Presion,6
D643D0EA,67,rama2,34,Fisico,8
D643D0EA,67,rama2,39,Presion,8
D643D0EA,67,rama2,43,Tecnica,8
D643D0EA,67,rama2,46,Potencia,3
D643D0EA,67,rama2,47,Potencia,3
D643D0EA,67,rama2,48,Potencia,3
D643D0EA,67,rama2,49,Potencia,3
D643D0EA,67,rama2,50,Potencia,3
D643D0EA,67,rama2,51,Potencia,3
D643D0EA,67,rama2,52,Potencia,3
D643D0EA,67,rama2,53,Potencia,3
D643D0EA,67,rama2,54,Potencia,3
D643D0EA,67,rama2,55,Potencia,3
D643D0EA,67,rama2,56,Potencia,3
D643D0EA,67,rama2,57,Potencia,3
D643D0EA,67,rama2,58,Potencia,3
74CDC23D,67,tronco,1,Control,6
74CDC23D,67,tronco,5,Tecnica,7
74CDC23D,67,tronco,7,Tecnica,7
74CDC23D,67,rama1,9,Inteligencia,7
74CDC23D,67,rama1,13,Potencia,7
74CDC23D,67,rama1,17,Control,9
74CDC23D,67,rama2,20,Inteligencia,7
74CDC23D,67,rama2,24,Tecnica,7
74CDC23D,67,rama2,25,Control,7
74CDC23D,67,rama2,28,Tecnica,7
74CDC23D,67,rama2,31,Presion,7
74CDC23D,67,rama2,34,Fisico,7
74CDC23D,67,rama2,39,Presion,9
74CDC23D,67,rama2,43,Tecnica,9
74CDC23D,67,rama2,46,Potencia,3
74CDC23D,67,rama2,47,Potencia,3
74CDC23D,67,rama2,48,Potencia,3
74CDC23D,67,rama2,49,Potencia,3
74CDC23D,67,rama2,50,Potencia,3
74CDC23D,67,rama2,51,Potencia,3
74CDC23D,67,rama2,52,Potencia,3
74CDC23D,67,rama2,53,Potencia,3
74CDC23D,67,rama2,54,Potencia,3
74CDC23D,67,rama2,55,Potencia,3
74CDC23D,67,rama2,56,Potencia,3
74CDC23D,67,rama2,57,Potencia,3
74CDC23D,67,rama2,58,Potencia,3
A50F7974,67,tronco,1,Presion,6
A50F7974,67,tronco,5,Presion,7
A50F7974,67,tronco,7,Fisico,7
A50F7974,67,rama1,9,Fisico,7
A50F7974,67,rama1,13,Potencia,7
A50F7974,67,rama1,17,Fisico,9
A50F7974,67,rama2,20,Inteligencia,7
A50F7974,67,rama2,24,Potencia,7
A50F7974,67,rama2,25,Control,7
A50F7974,67,rama2,28,Tecnica,7
A50F7974,67,rama2,31,Presion,7
A50F7974,67,rama2,34,Fisico,7
A50F7974,67,rama2,39,Presion,9
A50F7974,67,rama2,43,Tecnica,9
A50F7974,67,rama2,46,Potencia,3
A50F7974,67,rama2,47,Potencia,3
A50F7974,67,rama2,48,Potencia,3
A50F7974,67,rama2,49,Potencia,3
A50F7974,67,rama2,50,Potencia,3
A50F7974,67,rama2,51,Potencia,3
A50F7974,67,rama2,52,Potencia,3
A50F7974,67,rama2,53,Potencia,3
A50F7974,67,rama2,54,Potencia,3
A50F7974,67,rama2,55,Potencia,3
A50F7974,67,rama2,56,Potencia,3
A50F7974,67,rama2,57,Potencia,3
A50F7974,67,rama2,58,Potencia,3
EF3C94EA,67,tronco,1,Control,6
EF3C94EA,67,tronco,5,Potencia,7
EF3C94EA,67,tronco,7,Control,7
EF3C94EA,67,rama1,9,Inteligencia,7
EF3C94EA,67,rama1,13,Potencia,7
EF3C94EA,67,rama1,17,Potencia,7
EF3C94EA,67,rama2,20,Inteligencia,7
EF3C94EA,67,rama2,24,Potencia,7
EF3C94EA,67,rama2,25,Control,7
EF3C94EA,67,rama2,28,Tecnica,7
EF3C94EA,67,rama2,31,Control,7
EF3C94EA,67,rama2,34,Potencia,7
EF3C94EA,67,rama2,39,Presion,9
EF3C94EA,67,rama2,43,Potencia,9
EF3C94EA,67,rama2,46,Potencia,3
EF3C94EA,67,rama2,47,Potencia,3
EF3C94EA,67,rama2,48,Potencia,3
EF3C94EA,67,rama2,49,Potencia,3
EF3C94EA,67,rama2,50,Potencia,3
EF3C94EA,67,rama2,51,Potencia,3
EF3C94EA,67,rama2,52,Potencia,3
EF3C94EA,67,rama2,53,Potencia,3
EF3C94EA,67,rama2,54,Potencia,3
EF3C94EA,67,rama2,55,Potencia,3
EF3C94EA,67,rama2,56,Potencia,3
EF3C94EA,67,rama2,57,Potencia,3
EF3C94EA,67,rama2,58,Potencia,3
66786DD3,67,tronco,1,Control,6
66786DD3,67,tronco,5,Fisico,6
66786DD3,67,tronco,7,Fisico,7
66786DD3,67,rama1,9,Fisico,7
66786DD3,67,rama1,13,Potencia,8
66786DD3,67,rama1,17,Agilidad,9
66786DD3,67,rama2,20,Inteligencia,7
66786DD3,67,rama2,24,Tecnica,7
66786DD3,67,rama2,25,Control,8
66786DD3,67,rama2,28,Tecnica,8
66786DD3,67,rama2,31,Tecnica,7
66786DD3,67,rama2,34,Control,7
66786DD3,67,rama2,39,Presion,8
66786DD3,67,rama2,43,Tecnica,9
66786DD3,67,rama2,46,Potencia,3
66786DD3,67,rama2,47,Potencia,3
66786DD3,67,rama2,48,Potencia,3
66786DD3,67,rama2,49,Potencia,3
66786DD3,67,rama2,50,Potencia,3
66786DD3,67,rama2,51,Potencia,3
66786DD3,67,rama2,52,Potencia,3
66786DD3,67,rama2,53,Potencia,3
66786DD3,67,rama2,54,Potencia,3
66786DD3,67,rama2,55,Potencia,3
66786DD3,67,rama2,56,Potencia,3
66786DD3,67,rama2,57,Potencia,3
66786DD3,67,rama2,58,Potencia,3
B7BAD69A,67,tronco,1,Fisico,6
B7BAD69A,67,tronco,5,Tecnica,7
B7BAD69A,67,tronco,7,Tecnica,7
B7BAD69A,67,rama1,9,Inteligencia,7
B7BAD69A,67,rama1,13,Potencia,7
B7BAD69A,67,rama1,17,Control,9
B7BAD69A,67,rama2,20,Inteligencia,7
B7BAD69A,67,rama2,24,Fisico,7
B7BAD69A,67,rama2,25,Control,7
B7BAD69A,67,rama2,28,Tecnica,7
B7BAD69A,67,rama2,31,Agilidad,7
B7BAD69A,67,rama2,34,Fisico,7
B7BAD69A,67,rama2,39,Presion,9
B7BAD69A,67,rama2,43,Fisico,9
B7BAD69A,67,rama2,46,Potencia,3
B7BAD69A,67,rama2,47,Potencia,3
B7BAD69A,67,rama2,48,Potencia,3
B7BAD69A,67,rama2,49,Potencia,3
B7BAD69A,67,rama2,50,Potencia,3
B7BAD69A,67,rama2,51,Potencia,3
B7BAD69A,67,rama2,52,Potencia,3
B7BAD69A,67,rama2,53,Potencia,3
B7BAD69A,67,rama2,54,Potencia,3
B7BAD69A,67,rama2,55,Potencia,3
B7BAD69A,67,rama2,56,Potencia,3
B7BAD69A,67,rama2,57,Potencia,3
B7BAD69A,67,rama2,58,Potencia,3
C4F67F04,67,tronco,1,Fisico,6
C4F67F04,67,tronco,5,Potencia,7
C4F67F04,67,tronco,7,Control,7
C4F67F04,67,rama1,9,Inteligencia,7
C4F67F04,67,rama1,13,Potencia,7
C4F67F04,67,rama1,17,Potencia,7
C4F67F04,67,rama2,20,Inteligencia,7
C4F67F04,67,rama2,24,Agilidad,7
C4F67F04,67,rama2,25,Control,7
C4F67F04,67,rama2,28,Tecnica,7
C4F67F04,67,rama2,31,Fisico,7
C4F67F04,67,rama2,34,Agilidad,7
C4F67F04,67,rama2,39,Presion,9
C4F67F04,67,rama2,43,Agilidad,9
C4F67F04,67,rama2,46,Potencia,3
C4F67F04,67,rama2,47,Potencia,3
C4F67F04,67,rama2,48,Potencia,3
C4F67F04,67,rama2,49,Potencia,3
C4F67F04,67,rama2,50,Potencia,3
C4F67F04,67,rama2,51,Potencia,3
C4F67F04,67,rama2,52,Potencia,3
C4F67F04,67,rama2,53,Potencia,3
C4F67F04,67,rama2,54,Potencia,3
C4F67F04,67,rama2,55,Potencia,3
C4F67F04,67,rama2,56,Potencia,3
C4F67F04,67,rama2,57,Potencia,3
C4F67F04,67,rama2,58,Potencia,3
63B6D67E,57,tronco,1,Tecnica,6
63B6D67E,57,tronco,2,Presion,6
63B6D67E,57,tronco,5,Inteligencia,6
63B6D67E,57,tronco,6,Fisico,6
63B6D67E,57,rama1,9,Potencia,7
63B6D67E,57,rama1,10,Inteligencia,7
63B6D67E,57,rama1,14,Control,7
63B6D67E,57,rama1,15,Fisico,7
63B6D67E,57,rama2,20,Control,7
63B6D67E,57,rama2,22,Tecnica,7
63B6D67E,57,rama2,25,Presion,7
63B6D67E,57,rama2,28,Potencia,7
63B6D67E,57,rama2,31,Tecnica,9
63B6D67E,57,rama2,37,Presion,9
63B6D67E,57,rama2,41,Potencia,3
63B6D67E,57,rama2,42,Potencia,3
63B6D67E,57,rama2,43,Potencia,3
63B6D67E,57,rama2,44,Potencia,3
63B6D67E,57,rama2,45,Potencia,3
63B6D67E,57,rama2,46,Potencia,3
63B6D67E,57,rama2,47,Potencia,3
63B6D67E,57,rama2,48,Potencia,3
63B6D67E,57,rama2,49,Potencia,3
B2746D37,57,tronco,1,Tecnica,6
B2746D37,57,tronco,2,Presion,6
B2746D37,57,tronco,5,Inteligencia,6
B2746D37,57,tronco,6,Fisico,6
B2746D37,57,rama1,9,Potencia,7
B2746D37,57,rama1,10,Inteligencia,7
B2746D37,57,rama1,14,Control,7
B2746D37,57,rama1,15,Fisico,7
B2746D37,57,rama2,20,Control,7
B2746D37,57,rama2,22,Tecnica,7
B2746D37,57,rama2,25,Presion,7
B2746D37,57,rama2,28,Potencia,7
B2746D37,57,rama2,31,Tecnica,9
B2746D37,57,rama2,37,Presion,9
B2746D37,57,rama2,41,Potencia,3
B2746D37,57,rama2,42,Potencia,3
B2746D37,57,rama2,43,Potencia,3
B2746D37,57,rama2,44,Potencia,3
B2746D37,57,rama2,45,Potencia,3
B2746D37,57,rama2,46,Potencia,3
B2746D37,57,rama2,47,Potencia,3
B2746D37,57,rama2,48,Potencia,3
B2746D37,57,rama2,49,Potencia,3
EAF22F47,57,tronco,1,Potencia,6
EAF22F47,57,tronco,2,Presion,6
EAF22F47,57,tronco,5,Control,7
EAF22F47,57,tronco,6,Fisico,6
EAF22F47,57,rama1,9,Potencia,7
EAF22F47,57,rama1,10,Inteligencia,7
EAF22F47,57,rama1,14,Control,7
EAF22F47,57,rama1,15,Fisico,7
EAF22F47,57,rama2,20,Control,7
EAF22F47,57,rama2,22,Control,7
EAF22F47,57,rama2,25,Presion,7
EAF22F47,57,rama2,28,Potencia,7
EAF22F47,57,rama2,31,Potencia,9
EAF22F47,57,rama2,37,Presion,9
EAF22F47,57,rama2,41,Potencia,3
EAF22F47,57,rama2,42,Potencia,3
EAF22F47,57,rama2,43,Potencia,3
EAF22F47,57,rama2,44,Potencia,3
EAF22F47,57,rama2,45,Potencia,3
EAF22F47,57,rama2,46,Potencia,3
EAF22F47,57,rama2,47,Potencia,3
EAF22F47,57,rama2,48,Potencia,3
EAF22F47,57,rama2,49,Potencia,3
C138C4A9,57,tronco,2,Control,6
C138C4A9,57,tronco,5,Fisico,7
C138C4A9,57,tronco,6,Tecnica,7
C138C4A9,57,rama1,10,Inteligencia,7
C138C4A9,57,rama1,14,Control,7
C138C4A9,57,rama1,15,Agilidad,7
C138C4A9,57,rama2,20,Tecnica,7
C138C4A9,57,rama2,22,Fisico,7
C138C4A9,57,rama2,25,Agilidad,7
C138C4A9,57,rama2,28,Potencia,7
C138C4A9,57,rama2,31,Fisico,9
C138C4A9,57,rama2,37,Presion,9
C138C4A9,57,rama2,41,Potencia,3
C138C4A9,57,rama2,42,Potencia,3
C138C4A9,57,rama2,43,Potencia,3
C138C4A9,57,rama2,44,Potencia,3
C138C4A9,57,rama2,45,Potencia,3
C138C4A9,57,rama2,46,Potencia,3
C138C4A9,57,rama2,47,Potencia,3
C138C4A9,57,rama2,48,Potencia,3
C138C4A9,57,rama2,49,Potencia,3
F84780A9,57,tronco,1,Tecnica,6
F84780A9,57,tronco,2,Control,6
F84780A9,57,tronco,5,Inteligencia,6
F84780A9,57,tronco,6,Potencia,7
F84780A9,57,rama1,9,Potencia,7
F84780A9,57,rama1,10,Inteligencia,7
F84780A9,57,rama1,14,Control,7
F84780A9,57,rama1,15,Potencia,7
F84780A9,57,rama2,20,Control,7
F84780A9,57,rama2,22,Tecnica,7
F84780A9,57,rama2,25,Presion,7
F84780A9,57,rama2,28,Potencia,7
F84780A9,57,rama2,31,Tecnica,9
F84780A9,57,rama2,37,Potencia,9
F84780A9,57,rama2,41,Potencia,3
F84780A9,57,rama2,42,Potencia,3
F84780A9,57,rama2,43,Potencia,3
F84780A9,57,rama2,44,Potencia,3
F84780A9,57,rama2,45,Potencia,3
F84780A9,57,rama2,46,Potencia,3
F84780A9,57,rama2,47,Potencia,3
F84780A9,57,rama2,48,Potencia,3
F84780A9,57,rama2,49,Potencia,3
71037990,57,tronco,1,Presion,6
71037990,57,tronco,2,Control,6
71037990,57,tronco,5,Presion,7
71037990,57,tronco,6,Tecnica,7
71037990,57,rama1,9,Fisico,7
71037990,57,rama1,10,Inteligencia,7
71037990,57,rama1,14,Presion,7
71037990,57,rama1,15,Control,7
71037990,57,rama2,20,Control,7
71037990,57,rama2,22,Tecnica,7
71037990,57,rama2,25,Presion,7
71037990,57,rama2,28,Potencia,7
71037990,57,rama2,31,Presion,7
71037990,57,rama2,37,Tecnica,9
71037990,57,rama2,41,Potencia,3
71037990,57,rama2,42,Potencia,3
71037990,57,rama2,43,Potencia,3
71037990,57,rama2,44,Potencia,3
71037990,57,rama2,45,Potencia,3
71037990,57,rama2,46,Potencia,3
71037990,57,rama2,47,Potencia,3
71037990,57,rama2,48,Potencia,3
71037990,57,rama2,49,Potencia,3
A0C1C2D9,57,tronco,1,Presion,6
A0C1C2D9,57,tronco,2,Control,6
A0C1C2D9,57,tronco,5,Presion,7
A0C1C2D9,57,tronco,6,Tecnica,7
A0C1C2D9,57,rama1,9,Fisico,7
A0C1C2D9,57,rama1,10,Inteligencia,7
A0C1C2D9,57,rama1,14,Presion,7
A0C1C2D9,57,rama1,15,Control,7
A0C1C2D9,57,rama2,20,Control,7
A0C1C2D9,57,rama2,22,Tecnica,7
A0C1C2D9,57,rama2,25,Presion,7
A0C1C2D9,57,rama2,28,Potencia,7
A0C1C2D9,57,rama2,31,Presion,7
A0C1C2D9,57,rama2,37,Tecnica,9
A0C1C2D9,57,rama2,41,Potencia,3
A0C1C2D9,57,rama2,42,Potencia,3
A0C1C2D9,57,rama2,43,Potencia,3
A0C1C2D9,57,rama2,44,Potencia,3
A0C1C2D9,57,rama2,45,Potencia,3
A0C1C2D9,57,rama2,46,Potencia,3
A0C1C2D9,57,rama2,47,Potencia,3
A0C1C2D9,57,rama2,48,Potencia,3
A0C1C2D9,57,rama2,49,Potencia,3
D38D6B47,57,tronco,1,Tecnica,6
D38D6B47,57,tronco,2,Fisico,6
D38D6B47,57,tronco,5,Inteligencia,6
D38D6B47,57,tronco,6,Fisico,6
D38D6B47,57,rama1,9,Potencia,7
D38D6B47,57,rama1,10,Inteligencia,7
D38D6B47,57,rama1,14,Control,7
D38D6B47,57,rama2,20,Control,7
D38D6B47,57,rama2,22,Tecnica,7
D38D6B47,57,rama2,25,Presion,7
D38D6B47,57,rama2,31,Tecnica,9
D38D6B47,57,rama2,37,Agilidad,9
D38D6B47,57,rama2,41,Potencia,3
D38D6B47,57,rama2,42,Potencia,3
D38D6B47,57,rama2,43,Potencia,3
D38D6B47,57,rama2,44,Potencia,3
D38D6B47,57,rama2,45,Potencia,3
D38D6B47,57,rama2,46,Potencia,3
D38D6B47,57,rama2,47,Potencia,3
D38D6B47,57,rama2,48,Potencia,3
D38D6B47,57,rama2,49,Potencia,3
A559A960,60,tronco,2,Presion,6
A559A960,60,tronco,4,Agilidad,6
A559A960,60,tronco,7,Tecnica,7
A559A960,60,rama1,9,Fisico,7
A559A960,60,rama1,12,Inteligencia,7
A559A960,60,rama1,15,Inteligencia,7
A559A960,60,rama2,18,Tecnica,7
A559A960,60,rama2,21,Control,7
A559A960,60,rama2,25,Fisico,7
A559A960,60,rama2,28,Presion,7
A559A960,60,rama2,31,Agilidad,7
A559A960,60,rama2,34,Fisico,7
A559A960,60,rama2,37,Presion,9
A559A960,60,rama2,40,Agilidad,9
A559A960,60,rama2,43,Potencia,3
A559A960,60,rama2,44,Potencia,3
A559A960,60,rama2,45,Potencia,3
A559A960,60,rama2,46,Potencia,3
A559A960,60,rama2,47,Potencia,3
A559A960,60,rama2,48,Potencia,3
A559A960,60,rama2,49,Potencia,3
A559A960,60,rama2,50,Potencia,3
A559A960,60,rama2,51,Potencia,3
A559A960,60,rama2,52,Potencia,3
A559A960,60,rama2,53,Potencia,3
8E93428E,60,tronco,2,Presion,6
8E93428E,60,tronco,4,Potencia,6
8E93428E,60,tronco,7,Tecnica,7
8E93428E,60,rama1,9,Fisico,7
8E93428E,60,rama1,12,Control,7
8E93428E,60,rama1,15,Inteligencia,7
8E93428E,60,rama2,18,Potencia,7
8E93428E,60,rama2,21,Inteligencia,7
8E93428E,60,rama2,25,Fisico,7
8E93428E,60,rama2,28,Presion,7
8E93428E,60,rama2,31,Agilidad,7
8E93428E,60,rama2,34,Control,7
8E93428E,60,rama2,37,Agilidad,7
8E93428E,60,rama2,40,Control,9
8E93428E,60,rama2,43,Potencia,3
8E93428E,60,rama2,44,Potencia,3
8E93428E,60,rama2,45,Potencia,3
8E93428E,60,rama2,46,Potencia,3
8E93428E,60,rama2,47,Potencia,3
8E93428E,60,rama2,48,Potencia,3
8E93428E,60,rama2,49,Potencia,3
8E93428E,60,rama2,50,Potencia,3
8E93428E,60,rama2,51,Potencia,3
8E93428E,60,rama2,52,Potencia,3
8E93428E,60,rama2,53,Potencia,3
D61500FE,60,tronco,2,Potencia,6
D61500FE,60,tronco,4,Fisico,6
D61500FE,60,tronco,7,Control,7
D61500FE,60,rama1,9,Potencia,7
D61500FE,60,rama1,12,Presion,7
D61500FE,60,rama1,15,Control,7
D61500FE,60,rama2,18,Agilidad,7
D61500FE,60,rama2,21,Control,7
D61500FE,60,rama2,25,Control,7
D61500FE,60,rama2,28,Potencia,7
D61500FE,60,rama2,31,Potencia,7
D61500FE,60,rama2,34,Presion,7
D61500FE,60,rama2,37,Potencia,7
D61500FE,60,rama2,40,Fisico,9
D61500FE,60,rama2,43,Potencia,3
D61500FE,60,rama2,44,Potencia,3
D61500FE,60,rama2,45,Potencia,3
D61500FE,60,rama2,46,Potencia,3
D61500FE,60,rama2,47,Potencia,3
D61500FE,60,rama2,48,Potencia,3
D61500FE,60,rama2,49,Potencia,3
D61500FE,60,rama2,50,Potencia,3
D61500FE,60,rama2,51,Potencia,3
D61500FE,60,rama2,52,Potencia,3
D61500FE,60,rama2,53,Potencia,3
07D7BBB7,60,tronco,2,Presion,6
07D7BBB7,60,tronco,4,Control,6
07D7BBB7,60,tronco,7,Fisico,7
07D7BBB7,60,rama1,9,Fisico,7
07D7BBB7,60,rama1,12,Control,7
07D7BBB7,60,rama1,15,Inteligencia,7
07D7BBB7,60,rama2,18,Tecnica,7
07D7BBB7,60,rama2,21,Inteligencia,7
07D7BBB7,60,rama2,25,Fisico,7
07D7BBB7,60,rama2,28,Presion,7
07D7BBB7,60,rama2,31,Agilidad,7
07D7BBB7,60,rama2,34,Control,7
07D7BBB7,60,rama2,37,Agilidad,7
07D7BBB7,60,rama2,40,Control,9
07D7BBB7,60,rama2,43,Potencia,3
07D7BBB7,60,rama2,44,Potencia,3
07D7BBB7,60,rama2,45,Potencia,3
07D7BBB7,60,rama2,46,Potencia,3
07D7BBB7,60,rama2,47,Potencia,3
07D7BBB7,60,rama2,48,Potencia,3
07D7BBB7,60,rama2,49,Potencia,3
07D7BBB7,60,rama2,50,Potencia,3
07D7BBB7,60,rama2,51,Potencia,3
07D7BBB7,60,rama2,52,Potencia,3
07D7BBB7,60,rama2,53,Potencia,3
57847D32,60,tronco,2,Presion,6
57847D32,60,tronco,4,Fisico,6
57847D32,60,tronco,7,Tecnica,7
57847D32,60,rama1,9,Fisico,7
57847D32,60,rama1,12,Inteligencia,7
57847D32,60,rama1,15,Inteligencia,7
57847D32,60,rama2,18,Tecnica,7
57847D32,60,rama2,21,Control,7
57847D32,60,rama2,25,Fisico,7
57847D32,60,rama2,28,Presion,7
57847D32,60,rama2,31,Inteligencia,7
57847D32,60,rama2,34,Fisico,7
57847D32,60,rama2,37,Tecnica,9
57847D32,60,rama2,40,Presion,9
57847D32,60,rama2,43,Potencia,3
57847D32,60,rama2,44,Potencia,3
57847D32,60,rama2,45,Potencia,3
57847D32,60,rama2,46,Potencia,3
57847D32,60,rama2,47,Potencia,3
57847D32,60,rama2,48,Potencia,3
57847D32,60,rama2,49,Potencia,3
57847D32,60,rama2,50,Potencia,3
57847D32,60,rama2,51,Potencia,3
57847D32,60,rama2,52,Potencia,3
57847D32,60,rama2,53,Potencia,3
05D1FF2D,63,tronco,2,Tecnica,6
05D1FF2D,63,tronco,4,Presion,6
05D1FF2D,63,tronco,7,Control,7
05D1FF2D,63,rama1,10,Inteligencia,7
05D1FF2D,63,rama1,13,Agilidad,7
05D1FF2D,63,rama1,16,Presion,7
05D1FF2D,63,rama2,20,Control,7
05D1FF2D,63,rama2,23,Inteligencia,7
05D1FF2D,63,rama2,26,Presion,7
05D1FF2D,63,rama2,29,Agilidad,7
05D1FF2D,63,rama2,31,Tecnica,7
05D1FF2D,63,rama2,34,Fisico,7
05D1FF2D,63,rama2,39,Tecnica,9
05D1FF2D,63,rama2,43,Fisico,9
05D1FF2D,63,rama2,44,Potencia,3
05D1FF2D,63,rama2,45,Potencia,3
05D1FF2D,63,rama2,46,Potencia,3
05D1FF2D,63,rama2,47,Potencia,3
05D1FF2D,63,rama2,48,Potencia,3
05D1FF2D,63,rama2,49,Potencia,3
05D1FF2D,63,rama2,50,Potencia,3
05D1FF2D,63,rama2,51,Potencia,3
05D1FF2D,63,rama2,52,Potencia,3
05D1FF2D,63,rama2,53,Potencia,3
05D1FF2D,63,rama2,54,Potencia,3
05D1FF2D,63,rama2,55,Potencia,3
05D1FF2D,63,rama2,56,Potencia,3
05D1FF2D,63,rama2,57,Potencia,3
9CD8AE97,63,tronco,2,Tecnica,6
9CD8AE97,63,tronco,4,Agilidad,6
9CD8AE97,63,tronco,7,Control,7
9CD8AE97,63,rama1,10,Inteligencia,7
9CD8AE97,63,rama1,13,Agilidad,7
9CD8AE97,63,rama1,16,Presion,7
9CD8AE97,63,rama2,20,Control,7
9CD8AE97,63,rama2,23,Inteligencia,7
9CD8AE97,63,rama2,26,Presion,7
9CD8AE97,63,rama2,29,Agilidad,7
9CD8AE97,63,rama2,31,Tecnica,7
9CD8AE97,63,rama2,34,Fisico,7
9CD8AE97,63,rama2,39,Tecnica,9
9CD8AE97,63,rama2,43,Fisico,9
9CD8AE97,63,rama2,44,Potencia,3
9CD8AE97,63,rama2,45,Potencia,3
9CD8AE97,63,rama2,46,Potencia,3
9CD8AE97,63,rama2,47,Potencia,3
9CD8AE97,63,rama2,48,Potencia,3
9CD8AE97,63,rama2,49,Potencia,3
9CD8AE97,63,rama2,50,Potencia,3
9CD8AE97,63,rama2,51,Potencia,3
9CD8AE97,63,rama2,52,Potencia,3
9CD8AE97,63,rama2,53,Potencia,3
9CD8AE97,63,rama2,54,Potencia,3
9CD8AE97,63,rama2,55,Potencia,3
9CD8AE97,63,rama2,56,Potencia,3
9CD8AE97,63,rama2,57,Potencia,3
83458D83,57,tronco,2,Presion,6
83458D83,57,tronco,4,Agilidad,6
83458D83,57,tronco,7,Tecnica,7
83458D83,57,rama1,10,Inteligencia,7
83458D83,57,rama1,12,Fisico,7
83458D83,57,rama1,14,Inteligencia,7
83458D83,57,rama1,17,Fisico,7
83458D83,57,rama2,20,Tecnica,7
83458D83,57,rama2,23,Potencia,7
83458D83,57,rama2,27,Presion,7
83458D83,57,rama2,30,Potencia,7
83458D83,57,rama2,33,Presion,9
83458D83,57,rama2,34,Tecnica,9
83458D83,57,rama2,37,Agilidad,9
83458D83,57,rama2,38,Tecnica,9
83458D83,57,rama2,41,Potencia,3
83458D83,57,rama2,42,Potencia,3
83458D83,57,rama2,43,Potencia,3
83458D83,57,rama2,44,Potencia,3
83458D83,57,rama2,45,Potencia,3
83458D83,57,rama2,46,Potencia,3
83458D83,57,rama2,47,Potencia,3
83458D83,57,rama2,48,Potencia,3
83458D83,57,rama2,49,Potencia,3
83458D83,57,rama2,50,Potencia,3
1A4CDC39,57,tronco,2,Presion,6
1A4CDC39,57,tronco,4,Agilidad,6
1A4CDC39,57,tronco,7,Tecnica,7
1A4CDC39,57,rama1,10,Inteligencia,7
1A4CDC39,57,rama1,12,Fisico,7
1A4CDC39,57,rama1,14,Inteligencia,7
1A4CDC39,57,rama1,17,Fisico,7
1A4CDC39,57,rama2,20,Tecnica,7
1A4CDC39,57,rama2,23,Potencia,7
1A4CDC39,57,rama2,27,Presion,8
1A4CDC39,57,rama2,30,Potencia,7
1A4CDC39,57,rama2,33,Presion,9
1A4CDC39,57,rama2,34,Tecnica,9
1A4CDC39,57,rama2,37,Agilidad,9
1A4CDC39,57,rama2,38,Tecnica,9
1A4CDC39,57,rama2,41,Potencia,3
1A4CDC39,57,rama2,42,Potencia,3
1A4CDC39,57,rama2,43,Potencia,3
1A4CDC39,57,rama2,44,Potencia,3
1A4CDC39,57,rama2,45,Potencia,3
1A4CDC39,57,rama2,46,Potencia,3
1A4CDC39,57,rama2,47,Potencia,3
1A4CDC39,57,rama2,48,Potencia,3
1A4CDC39,57,rama2,49,Potencia,3
1A4CDC39,57,rama2,50,Potencia,3
48195E26,56,tronco,2,Control,6
48195E26,56,tronco,4,Inteligencia,6
48195E26,56,tronco,7,Inteligencia,7
48195E26,56,rama1,8,Potencia,7
48195E26,56,rama1,11,Tecnica,6
48195E26,56,rama1,15,Potencia,7
48195E26,56,rama1,16,Presion,7
48195E26,56,rama2,20,Potencia,7
48195E26,56,rama2,24,Tecnica,7
48195E26,56,rama2,26,Presion,7
48195E26,56,rama2,29,Control,7
48195E26,56,rama2,32,Inteligencia,7
48195E26,56,rama2,35,Potencia,9
48195E26,56,rama2,37,Tecnica,9
48195E26,56,rama2,39,Potencia,3
48195E26,56,rama2,40,Potencia,3
48195E26,56,rama2,41,Potencia,3
48195E26,56,rama2,42,Potencia,3
48195E26,56,rama2,43,Potencia,3
48195E26,56,rama2,44,Potencia,3
48195E26,56,rama2,45,Potencia,3
48195E26,56,rama2,46,Potencia,3
48195E26,56,rama2,47,Potencia,3
48195E26,56,rama2,48,Potencia,3
D1100F9C,56,tronco,2,Control,6
D1100F9C,56,tronco,4,Inteligencia,6
D1100F9C,56,tronco,7,Inteligencia,7
D1100F9C,56,rama1,8,Potencia,7
D1100F9C,56,rama1,11,Tecnica,6
D1100F9C,56,rama1,15,Inteligencia,7
D1100F9C,56,rama1,16,Fisico,7
D1100F9C,56,rama2,20,Potencia,7
D1100F9C,56,rama2,24,Tecnica,7
D1100F9C,56,rama2,26,Presion,7
D1100F9C,56,rama2,29,Control,7
D1100F9C,56,rama2,32,Inteligencia,7
D1100F9C,56,rama2,35,Presion,9
D1100F9C,56,rama2,37,Tecnica,9
D1100F9C,56,rama2,39,Potencia,3
D1100F9C,56,rama2,40,Potencia,3
D1100F9C,56,rama2,41,Potencia,3
D1100F9C,56,rama2,42,Potencia,3
D1100F9C,56,rama2,43,Potencia,3
D1100F9C,56,rama2,44,Potencia,3
D1100F9C,56,rama2,45,Potencia,3
D1100F9C,56,rama2,46,Potencia,3
D1100F9C,56,rama2,47,Potencia,3
D1100F9C,56,rama2,48,Potencia,3
B94FECF3,57,tronco,1,Inteligencia,6
B94FECF3,57,rama1,8,Presion,7
B94FECF3,57,rama1,11,Tecnica,7
B94FECF3,57,rama1,14,Control,8
B94FECF3,57,rama1,17,Presion,7
B94FECF3,57,rama2,20,Tecnica,7
B94FECF3,57,rama2,23,Potencia,7
B94FECF3,57,rama2,25,Fisico,7
B94FECF3,57,rama2,27,Inteligencia,7
B94FECF3,57,rama2,31,Control,7
B94FECF3,57,rama2,36,Inteligencia,9
B94FECF3,57,rama2,38,Inteligencia,9
B94FECF3,57,rama2,40,Potencia,9
B94FECF3,57,rama2,42,Potencia,3
B94FECF3,57,rama2,43,Potencia,3
B94FECF3,57,rama2,44,Potencia,3
B94FECF3,57,rama2,45,Potencia,3
B94FECF3,57,rama2,46,Potencia,3
B94FECF3,57,rama2,47,Potencia,3
B94FECF3,57,rama2,48,Potencia,3
B94FECF3,57,rama2,49,Potencia,3
B94FECF3,57,rama2,50,Potencia,3
B94FECF3,57,rama2,51,Potencia,3
B94FECF3,57,rama2,52,Potencia,3
2046BD49,57,tronco,1,Inteligencia,6
2046BD49,57,rama1,8,Presion,7
2046BD49,57,rama1,11,Tecnica,7
2046BD49,57,rama1,14,Control,8
2046BD49,57,rama1,17,Presion,7
2046BD49,57,rama2,20,Tecnica,7
2046BD49,57,rama2,23,Potencia,7
2046BD49,57,rama2,25,Fisico,7
2046BD49,57,rama2,27,Inteligencia,7
2046BD49,57,rama2,31,Control,7
2046BD49,57,rama2,36,Inteligencia,9
2046BD49,57,rama2,38,Inteligencia,9
2046BD49,57,rama2,40,Potencia,9
2046BD49,57,rama2,42,Potencia,3
2046BD49,57,rama2,43,Potencia,3
2046BD49,57,rama2,44,Potencia,3
2046BD49,57,rama2,45,Potencia,3
2046BD49,57,rama2,46,Potencia,3
2046BD49,57,rama2,47,Potencia,3
2046BD49,57,rama2,48,Potencia,3
2046BD49,57,rama2,49,Potencia,3
2046BD49,57,rama2,50,Potencia,3
2046BD49,57,rama2,51,Potencia,3
2046BD49,57,rama2,52,Potencia,3
72133F56,59,tronco,2,Fisico,6
72133F56,59,tronco,4,Potencia,6
72133F56,59,tronco,7,Presion,7
72133F56,59,rama1,10,Agilidad,7
72133F56,59,rama1,13,Tecnica,7
72133F56,59,rama1,15,Potencia,7
72133F56,59,rama2,19,Presion,7
72133F56,59,rama2,22,Agilidad,7
72133F56,59,rama2,25,Control,7
72133F56,59,rama2,27,Inteligencia,7
72133F56,59,rama2,29,Fisico,7
72133F56,59,rama2,32,Potencia,7
72133F56,59,rama2,35,Fisico,9
72133F56,59,rama2,39,Potencia,9
72133F56,59,rama2,42,Potencia,3
72133F56,59,rama2,43,Potencia,3
72133F56,59,rama2,44,Potencia,3
72133F56,59,rama2,45,Potencia,3
72133F56,59,rama2,46,Potencia,3
72133F56,59,rama2,47,Potencia,3
72133F56,59,rama2,48,Potencia,3
72133F56,59,rama2,49,Potencia,3
72133F56,59,rama2,50,Potencia,3
72133F56,59,rama2,51,Potencia,3
72133F56,59,rama2,52,Potencia,3
EB1A6EEC,59,tronco,2,Fisico,6
EB1A6EEC,59,tronco,4,Fisico,6
EB1A6EEC,59,tronco,7,Tecnica,7
EB1A6EEC,59,rama1,10,Agilidad,7
EB1A6EEC,59,rama1,13,Tecnica,7
EB1A6EEC,59,rama1,15,Presion,7
EB1A6EEC,59,rama2,19,Presion,7
EB1A6EEC,59,rama2,22,Agilidad,7
EB1A6EEC,59,rama2,25,Fisico,7
EB1A6EEC,59,rama2,27,Inteligencia,7
EB1A6EEC,59,rama2,29,Fisico,7
EB1A6EEC,59,rama2,32,Inteligencia,7
EB1A6EEC,59,rama2,35,Fisico,9
EB1A6EEC,59,rama2,39,Inteligencia,9
EB1A6EEC,59,rama2,42,Potencia,3
EB1A6EEC,59,rama2,43,Potencia,3
EB1A6EEC,59,rama2,44,Potencia,3
EB1A6EEC,59,rama2,45,Potencia,3
EB1A6EEC,59,rama2,46,Potencia,3
EB1A6EEC,59,rama2,47,Potencia,3
EB1A6EEC,59,rama2,48,Potencia,3
EB1A6EEC,59,rama2,49,Potencia,3
EB1A6EEC,59,rama2,50,Potencia,3
EB1A6EEC,59,rama2,51,Potencia,3
EB1A6EEC,59,rama2,52,Potencia,3
F36B652A,76,tronco,1,Tecnica,3
F36B652A,76,tronco,2,Inteligencia,3
F36B652A,76,tronco,6,Control,5
F36B652A,76,rama1,9,Control,5
F36B652A,76,rama1,13,Potencia,10
F36B652A,76,rama1,16,Presion,5
F36B652A,76,rama2,18,Fisico,5
F36B652A,76,rama2,24,Presion,10
F36B652A,76,rama2,29,Tecnica,5
F36B652A,76,rama2,31,Inteligencia,5
F36B652A,76,rama2,38,Tecnica,10
F36B652A,76,rama2,41,Potencia,5
F36B652A,76,rama2,48,Fisico,10
F36B652A,76,rama2,50,Control,10
F36B652A,76,rama2,61,Potencia,3
F36B652A,76,rama2,62,Potencia,3
F36B652A,76,rama2,63,Potencia,3
F36B652A,76,rama2,64,Potencia,3
F36B652A,76,rama2,65,Potencia,3
F36B652A,76,rama2,66,Potencia,3
F36B652A,76,rama2,67,Potencia,3
F36B652A,76,rama2,68,Potencia,3
F36B652A,76,rama2,69,Potencia,3
F36B652A,76,rama2,70,Potencia,3
F36B652A,76,rama2,71,Potencia,3
F36B652A,76,rama2,72,Potencia,3
F36B652A,76,rama2,73,Potencia,3
F36B652A,76,rama2,74,Potencia,3
F36B652A,76,rama2,75,Potencia,3
3837B68F,54,tronco,2,Fisico,6
3837B68F,54,tronco,4,Presion,6
3837B68F,54,tronco,6,Inteligencia,7
3837B68F,54,rama1,9,Presion,6
3837B68F,54,rama1,12,Tecnica,7
3837B68F,54,rama1,15,Potencia,7
3837B68F,54,rama2,18,Fisico,7
3837B68F,54,rama2,19,Tecnica,7
3837B68F,54,rama2,23,Fisico,7
3837B68F,54,rama2,24,Inteligencia,7
3837B68F,54,rama2,28,Control,7
3837B68F,54,rama2,29,Inteligencia,7
3837B68F,54,rama2,32,Presion,9
3837B68F,54,rama2,35,Inteligencia,9
3837B68F,54,rama2,38,Potencia,3
3837B68F,54,rama2,39,Potencia,3
3837B68F,54,rama2,40,Potencia,3
3837B68F,54,rama2,41,Potencia,3
3837B68F,54,rama2,42,Potencia,3
3837B68F,54,rama2,43,Potencia,3
3837B68F,54,rama2,44,Potencia,3
3837B68F,54,rama2,45,Potencia,3
3837B68F,54,rama2,46,Potencia,3
3837B68F,54,rama2,47,Potencia,3
3837B68F,54,rama2,48,Potencia,3
3837B68F,54,rama2,49,Potencia,3
A13EE735,54,tronco,2,Control,6
A13EE735,54,tronco,4,Presion,6
A13EE735,54,tronco,6,Inteligencia,7
A13EE735,54,rama1,9,Presion,6
A13EE735,54,rama1,12,Tecnica,7
A13EE735,54,rama1,15,Potencia,7
A13EE735,54,rama2,18,Fisico,7
A13EE735,54,rama2,19,Tecnica,7
A13EE735,54,rama2,23,Control,7
A13EE735,54,rama2,24,Inteligencia,7
A13EE735,54,rama2,28,Control,7
A13EE735,54,rama2,29,Inteligencia,7
A13EE735,54,rama2,32,Potencia,9
A13EE735,54,rama2,35,Inteligencia,9
A13EE735,54,rama2,38,Potencia,3
A13EE735,54,rama2,39,Potencia,3
A13EE735,54,rama2,40,Potencia,3
A13EE735,54,rama2,41,Potencia,3
A13EE735,54,rama2,42,Potencia,3
A13EE735,54,rama2,43,Potencia,3
A13EE735,54,rama2,44,Potencia,3
A13EE735,54,rama2,45,Potencia,3
A13EE735,54,rama2,46,Potencia,3
A13EE735,54,rama2,47,Potencia,3
A13EE735,54,rama2,48,Potencia,3
A13EE735,54,rama2,49,Potencia,3
BEA3C421,63,tronco,1,Fisico,6
BEA3C421,63,tronco,7,Agilidad,7
BEA3C421,63,rama1,11,Presion,7
BEA3C421,63,rama1,13,Inteligencia,7
BEA3C421,63,rama1,16,Control,7
BEA3C421,63,rama2,19,Agilidad,7
BEA3C421,63,rama2,22,Presion,7
BEA3C421,63,rama2,25,Inteligencia,7
BEA3C421,63,rama2,28,Control,7
BEA3C421,63,rama2,31,Fisico,7
BEA3C421,63,rama2,34,Tecnica,7
BEA3C421,63,rama2,39,Fisico,9
BEA3C421,63,rama2,43,Tecnica,9
BEA3C421,63,rama2,44,Potencia,3
BEA3C421,63,rama2,45,Potencia,3
BEA3C421,63,rama2,46,Potencia,3
BEA3C421,63,rama2,47,Potencia,3
BEA3C421,63,rama2,48,Potencia,3
BEA3C421,63,rama2,49,Potencia,3
BEA3C421,63,rama2,50,Potencia,3
BEA3C421,63,rama2,51,Potencia,3
BEA3C421,63,rama2,52,Potencia,3
BEA3C421,63,rama2,53,Potencia,3
BEA3C421,63,rama2,54,Potencia,3
BEA3C421,63,rama2,55,Potencia,3
BEA3C421,63,rama2,56,Potencia,3
BEA3C421,63,rama2,57,Potencia,3
27AA959B,63,tronco,1,Fisico,6
27AA959B,63,tronco,7,Inteligencia,7
27AA959B,63,rama1,11,Presion,7
27AA959B,63,rama1,13,Agilidad,7
27AA959B,63,rama1,16,Control,7
27AA959B,63,rama2,19,Control,7
27AA959B,63,rama2,22,Fisico,7
27AA959B,63,rama2,25,Inteligencia,7
27AA959B,63,rama2,28,Control,7
27AA959B,63,rama2,31,Control,7
27AA959B,63,rama2,34,Tecnica,7
27AA959B,63,rama2,39,Control,9
27AA959B,63,rama2,43,Tecnica,9
27AA959B,63,rama2,44,Potencia,3
27AA959B,63,rama2,45,Potencia,3
27AA959B,63,rama2,46,Potencia,3
27AA959B,63,rama2,47,Potencia,3
27AA959B,63,rama2,48,Potencia,3
27AA959B,63,rama2,49,Potencia,3
27AA959B,63,rama2,50,Potencia,3
27AA959B,63,rama2,51,Potencia,3
27AA959B,63,rama2,52,Potencia,3
27AA959B,63,rama2,53,Potencia,3
27AA959B,63,rama2,54,Potencia,3
27AA959B,63,rama2,55,Potencia,3
27AA959B,63,rama2,56,Potencia,3
27AA959B,63,rama2,57,Potencia,3
75FF1784,54,tronco,2,Potencia,6
75FF1784,54,tronco,4,Presion,6
75FF1784,54,tronco,6,Control,7
75FF1784,54,rama1,9,Presion,6
75FF1784,54,rama1,12,Tecnica,7
75FF1784,54,rama1,15,Control,7
75FF1784,54,rama2,18,Fisico,7
75FF1784,54,rama2,19,Tecnica,7
75FF1784,54,rama2,23,Potencia,7
75FF1784,54,rama2,25,Inteligencia,7
75FF1784,54,rama2,28,Inteligencia,7
75FF1784,54,rama2,30,Fisico,7
75FF1784,54,rama2,32,Control,9
75FF1784,54,rama2,35,Inteligencia,9
75FF1784,54,rama2,38,Potencia,3
75FF1784,54,rama2,39,Potencia,3
75FF1784,54,rama2,40,Potencia,3
75FF1784,54,rama2,41,Potencia,3
75FF1784,54,rama2,42,Potencia,3
75FF1784,54,rama2,43,Potencia,3
75FF1784,54,rama2,44,Potencia,3
75FF1784,54,rama2,45,Potencia,3
75FF1784,54,rama2,46,Potencia,3
75FF1784,54,rama2,47,Potencia,3
75FF1784,54,rama2,48,Potencia,3
ECF6463E,54,tronco,2,Presion,6
ECF6463E,54,tronco,4,Tecnica,6
ECF6463E,54,tronco,6,Fisico,7
ECF6463E,54,rama1,9,Control,7
ECF6463E,54,rama1,12,Tecnica,7
ECF6463E,54,rama1,15,Presion,7
ECF6463E,54,rama2,18,Control,7
ECF6463E,54,rama2,19,Tecnica,7
ECF6463E,54,rama2,23,Presion,7
ECF6463E,54,rama2,25,Inteligencia,7
ECF6463E,54,rama2,28,Potencia,7
ECF6463E,54,rama2,30,Fisico,7
ECF6463E,54,rama2,32,Fisico,9
ECF6463E,54,rama2,35,Inteligencia,9
ECF6463E,54,rama2,38,Potencia,3
ECF6463E,54,rama2,39,Potencia,3
ECF6463E,54,rama2,40,Potencia,3
ECF6463E,54,rama2,41,Potencia,3
ECF6463E,54,rama2,42,Potencia,3
ECF6463E,54,rama2,43,Potencia,3
ECF6463E,54,rama2,44,Potencia,3
ECF6463E,54,rama2,45,Potencia,3
ECF6463E,54,rama2,46,Potencia,3
ECF6463E,54,rama2,47,Potencia,3
ECF6463E,54,rama2,48,Potencia,3
1116B11E,28,tronco,5,Potencia,3
1116B11E,28,tronco,6,Presion,3
1116B11E,28,rama1,10,Control,5
1116B11E,28,rama1,14,Potencia,7
1116B11E,28,rama1,16,Potencia,10
1116B11E,28,rama2,20,Fisico,5
1116B11E,28,rama2,24,Inteligencia,7
1116B11E,28,rama2,26,Presion,10
4557F423,28,tronco,4,Tecnica,3
4557F423,28,tronco,6,Presion,3
4557F423,28,rama1,10,Control,5
4557F423,28,rama1,14,Tecnica,7
4557F423,28,rama1,16,Control,10
4557F423,28,rama2,20,Fisico,5
4557F423,28,rama2,24,Presion,7
4557F423,28,rama2,26,Presion,10
CD89C154,28,tronco,5,Potencia,3
CD89C154,28,tronco,6,Agilidad,3
CD89C154,28,rama1,10,Control,5
CD89C154,28,rama1,14,Potencia,7
CD89C154,28,rama1,16,Potencia,10
CD89C154,28,rama2,20,Fisico,5
CD89C154,28,rama2,24,Agilidad,7
CD89C154,28,rama2,26,Fisico,10
DE4B9CF2,28,tronco,4,Fisico,3
DE4B9CF2,28,tronco,6,Potencia,3
DE4B9CF2,28,rama1,10,Presion,5
DE4B9CF2,28,rama1,14,Presion,7
DE4B9CF2,28,rama1,16,Presion,10
DE4B9CF2,28,rama2,20,Control,5
DE4B9CF2,28,rama2,24,Potencia,7
DE4B9CF2,28,rama2,26,Potencia,10
CA64B821,28,tronco,5,Fisico,3
CA64B821,28,tronco,6,Potencia,3
CA64B821,28,rama1,10,Fisico,5
CA64B821,28,rama1,14,Agilidad,7
CA64B821,28,rama1,16,Agilidad,10
CA64B821,28,rama2,20,Control,5
CA64B821,28,rama2,24,Potencia,7
CA64B821,28,rama2,26,Control,10
D2E979E1,28,tronco,5,Fisico,3
D2E979E1,28,tronco,6,Control,3
D2E979E1,28,rama1,10,Presion,5
D2E979E1,28,rama1,14,Presion,7
D2E979E1,28,rama1,16,Fisico,10
D2E979E1,28,rama2,20,Inteligencia,5
D2E979E1,28,rama2,24,Tecnica,7
D2E979E1,28,rama2,26,Tecnica,10
B3A13B6D,28,tronco,5,Fisico,3
B3A13B6D,28,tronco,6,Control,3
B3A13B6D,28,rama1,10,Presion,5
B3A13B6D,28,rama1,14,Presion,7
B3A13B6D,28,rama1,16,Fisico,10
B3A13B6D,28,rama2,20,Inteligencia,5
B3A13B6D,28,rama2,24,Tecnica,7
B3A13B6D,28,rama2,26,Tecnica,10
E388B589,28,tronco,5,Tecnica,3
E388B589,28,tronco,6,Control,3
E388B589,28,rama1,10,Tecnica,5
E388B589,28,rama1,14,Inteligencia,7
E388B589,28,rama1,16,Tecnica,10
E388B589,28,rama2,20,Potencia,5
E388B589,28,rama2,24,Control,7
E388B589,28,rama2,26,Control,10
0C540255,28,tronco,5,Fisico,3
0C540255,28,tronco,6,Control,3
0C540255,28,rama1,10,Presion,5
0C540255,28,rama1,14,Inteligencia,7
0C540255,28,rama1,16,Presion,10
0C540255,28,rama2,20,Tecnica,5
0C540255,28,rama2,24,Inteligencia,7
0C540255,28,rama2,26,Tecnica,10
D4CABDB2,28,tronco,5,Fisico,3
D4CABDB2,28,tronco,6,Control,3
D4CABDB2,28,rama1,10,Presion,5
D4CABDB2,28,rama1,14,Inteligencia,7
D4CABDB2,28,rama1,16,Presion,10
D4CABDB2,28,rama2,20,Potencia,5
D4CABDB2,28,rama2,24,Control,7
D4CABDB2,28,rama2,26,Potencia,10
51477164,28,tronco,5,Fisico,3
51477164,28,tronco,6,Control,3
51477164,28,rama1,10,Inteligencia,5
51477164,28,rama1,14,Presion,7
51477164,28,rama1,16,Fisico,10
51477164,28,rama2,20,Inteligencia,5
51477164,28,rama2,24,Tecnica,7
51477164,28,rama2,26,Tecnica,10
9FDBDE1B,28,tronco,5,Fisico,3
9FDBDE1B,28,tronco,6,Control,3
9FDBDE1B,28,rama1,10,Inteligencia,5
9FDBDE1B,28,rama1,14,Presion,7
9FDBDE1B,28,rama1,16,Fisico,10
9FDBDE1B,28,rama2,20,Inteligencia,5
9FDBDE1B,28,rama2,24,Tecnica,7
9FDBDE1B,28,rama2,26,Tecnica,10
ED86BF89,28,tronco,5,Potencia,3
ED86BF89,28,tronco,6,Fisico,3
ED86BF89,28,rama1,10,Presion,5
ED86BF89,28,rama1,14,Inteligencia,7
ED86BF89,28,rama1,16,Presion,10
ED86BF89,28,rama2,20,Control,5
ED86BF89,28,rama2,24,Control,7
ED86BF89,28,rama2,26,Potencia,10
52F549C5,28,tronco,5,Agilidad,3
52F549C5,28,tronco,6,Presion,3
52F549C5,28,rama1,10,Presion,5
52F549C5,28,rama1,14,Inteligencia,7
52F549C5,28,rama1,16,Presion,10
52F549C5,28,rama2,20,Fisico,5
52F549C5,28,rama2,24,Fisico,7
52F549C5,28,rama2,26,Agilidad,10
F5BADF6E,28,tronco,5,Fisico,3
F5BADF6E,28,tronco,6,Control,3
F5BADF6E,28,rama1,10,Presion,5
F5BADF6E,28,rama1,14,Inteligencia,7
F5BADF6E,28,rama1,16,Presion,10
F5BADF6E,28,rama2,20,Tecnica,5
F5BADF6E,28,rama2,24,Inteligencia,7
F5BADF6E,28,rama2,26,Tecnica,10
ED62F1A3,28,tronco,5,Fisico,3
ED62F1A3,28,tronco,6,Control,3
ED62F1A3,28,rama1,10,Presion,5
ED62F1A3,28,rama1,14,Inteligencia,7
ED62F1A3,28,rama1,16,Presion,10
ED62F1A3,28,rama2,20,Tecnica,5
ED62F1A3,28,rama2,24,Inteligencia,7
ED62F1A3,28,rama2,26,Tecnica,10
AD24E05A,28,tronco,5,Presion,3
AD24E05A,28,tronco,6,Control,3
AD24E05A,28,rama1,10,Fisico,5
AD24E05A,28,rama1,14,Inteligencia,7
AD24E05A,28,rama1,16,Presion,10
AD24E05A,28,rama2,20,Tecnica,5
AD24E05A,28,rama2,24,Inteligencia,7
AD24E05A,28,rama2,26,Tecnica,10
3341C413,28,tronco,5,Tecnica,3
3341C413,28,tronco,6,Control,3
3341C413,28,rama1,10,Inteligencia,5
3341C413,28,rama1,14,Tecnica,7
3341C413,28,rama1,16,Control,10
3341C413,28,rama2,20,Potencia,5
3341C413,28,rama2,24,Control,7
3341C413,28,rama2,26,Potencia,10
BBADDF23,28,tronco,5,Presion,3
BBADDF23,28,tronco,6,Agilidad,3
BBADDF23,28,rama1,10,Inteligencia,5
BBADDF23,28,rama1,14,Fisico,7
BBADDF23,28,rama1,16,Presion,10
BBADDF23,28,rama2,20,Fisico,5
BBADDF23,28,rama2,24,Agilidad,7
BBADDF23,28,rama2,26,Fisico,10
5405D4C3,28,tronco,5,Inteligencia,3
5405D4C3,28,tronco,6,Control,3
5405D4C3,28,rama1,10,Fisico,5
5405D4C3,28,rama1,14,Presion,7
5405D4C3,28,rama1,16,Presion,10
5405D4C3,28,rama2,20,Tecnica,5
5405D4C3,28,rama2,24,Inteligencia,7
5405D4C3,28,rama2,26,Tecnica,10
235C8DDC,28,tronco,5,Presion,3
235C8DDC,28,tronco,6,Tecnica,3
235C8DDC,28,rama1,10,Inteligencia,5
235C8DDC,28,rama1,14,Control,7
235C8DDC,28,rama1,16,Tecnica,10
235C8DDC,28,rama2,20,Inteligencia,5
235C8DDC,28,rama2,24,Presion,7
235C8DDC,28,rama2,26,Fisico,10
38DDE5FD,28,tronco,5,Presion,3
38DDE5FD,28,tronco,6,Fisico,3
38DDE5FD,28,rama1,10,Inteligencia,5
38DDE5FD,28,rama1,14,Fisico,7
38DDE5FD,28,rama1,16,Presion,10
38DDE5FD,28,rama2,20,Agilidad,5
38DDE5FD,28,rama2,24,Fisico,7
38DDE5FD,28,rama2,26,Agilidad,10
E00BB074,28,tronco,5,Presion,3
E00BB074,28,tronco,6,Potencia,3
E00BB074,28,rama1,10,Inteligencia,5
E00BB074,28,rama1,14,Control,7
E00BB074,28,rama1,16,Tecnica,10
E00BB074,28,rama2,20,Control,5
E00BB074,28,rama2,24,Potencia,7
E00BB074,28,rama2,26,Control,10
FCD9A8D2,28,tronco,5,Presion,3
FCD9A8D2,28,tronco,6,Fisico,3
FCD9A8D2,28,rama1,10,Agilidad,5
FCD9A8D2,28,rama1,14,Fisico,7
FCD9A8D2,28,rama1,16,Agilidad,10
FCD9A8D2,28,rama2,20,Inteligencia,5
FCD9A8D2,28,rama2,24,Fisico,7
FCD9A8D2,28,rama2,26,Presion,10
A4DDCF64,28,tronco,5,Control,3
A4DDCF64,28,tronco,6,Presion,3
A4DDCF64,28,rama1,10,Potencia,5
A4DDCF64,28,rama1,14,Control,7
A4DDCF64,28,rama1,16,Potencia,10
A4DDCF64,28,rama2,20,Fisico,5
A4DDCF64,28,rama2,24,Presion,7
A4DDCF64,28,rama2,26,Inteligencia,10
E3B825AE,28,tronco,5,Inteligencia,3
E3B825AE,28,tronco,6,Potencia,3
E3B825AE,28,rama1,10,Tecnica,5
E3B825AE,28,rama1,14,Control,7
E3B825AE,28,rama1,16,Tecnica,10
E3B825AE,28,rama2,20,Control,5
E3B825AE,28,rama2,24,Control,7
E3B825AE,28,rama2,26,Potencia,10
493E5742,28,tronco,5,Potencia,3
493E5742,28,tronco,6,Tecnica,3
493E5742,28,rama1,10,Control,5
493E5742,28,rama1,14,Control,7
493E5742,28,rama1,16,Potencia,10
493E5742,28,rama2,20,Inteligencia,5
493E5742,28,rama2,24,Control,7
493E5742,28,rama2,26,Tecnica,10
CE4E1B38,28,tronco,5,Agilidad,3
CE4E1B38,28,tronco,6,Tecnica,3
CE4E1B38,28,rama1,10,Fisico,5
CE4E1B38,28,rama1,14,Fisico,7
CE4E1B38,28,rama1,16,Agilidad,10
CE4E1B38,28,rama2,20,Inteligencia,5
CE4E1B38,28,rama2,24,Control,7
CE4E1B38,28,rama2,26,Tecnica,10
4C6CCBFE,28,tronco,5,Inteligencia,3
4C6CCBFE,28,tronco,6,Control,3
4C6CCBFE,28,rama1,10,Tecnica,5
4C6CCBFE,28,rama1,14,Inteligencia,7
4C6CCBFE,28,rama1,16,Tecnica,10
4C6CCBFE,28,rama2,20,Potencia,5
4C6CCBFE,28,rama2,24,Control,7
4C6CCBFE,28,rama2,26,Potencia,10
8F4D5802,28,tronco,5,Control,3
8F4D5802,28,tronco,6,Fisico,3
8F4D5802,28,rama1,10,Inteligencia,5
8F4D5802,28,rama1,14,Tecnica,7
8F4D5802,28,rama1,16,Tecnica,10
8F4D5802,28,rama2,20,Inteligencia,5
8F4D5802,28,rama2,24,Presion,7
8F4D5802,28,rama2,26,Fisico,10
319D03F7,28,tronco,5,Control,3
319D03F7,28,tronco,6,Agilidad,3
319D03F7,28,rama1,10,Inteligencia,5
319D03F7,28,rama1,14,Tecnica,7
319D03F7,28,rama1,16,Tecnica,10
319D03F7,28,rama2,20,Fisico,5
319D03F7,28,rama2,24,Agilidad,7
319D03F7,28,rama2,26,Fisico,10
43D6CF6A,28,tronco,5,Fisico,3
43D6CF6A,28,tronco,6,Control,3
43D6CF6A,28,rama1,10,Inteligencia,5
43D6CF6A,28,rama1,14,Tecnica,7
43D6CF6A,28,rama1,16,Tecnica,10
43D6CF6A,28,rama2,20,Inteligencia,5
43D6CF6A,28,rama2,24,Presion,7
43D6CF6A,28,rama2,26,Fisico,10
E480A632,28,tronco,5,Inteligencia,3
E480A632,28,tronco,6,Potencia,3
E480A632,28,rama1,10,Tecnica,5
E480A632,28,rama1,14,Control,7
E480A632,28,rama1,16,Tecnica,10
E480A632,28,rama2,20,Control,5
E480A632,28,rama2,24,Control,7
E480A632,28,rama2,26,Potencia,10
8E5C4A30,28,tronco,5,Potencia,3
8E5C4A30,28,tronco,6,Agilidad,3
8E5C4A30,28,rama1,10,Control,5
8E5C4A30,28,rama1,14,Control,7
8E5C4A30,28,rama1,16,Potencia,10
8E5C4A30,28,rama2,20,Fisico,5
8E5C4A30,28,rama2,24,Agilidad,7
8E5C4A30,28,rama2,26,Fisico,10
6810D207,28,tronco,5,Fisico,3
6810D207,28,tronco,6,Control,3
6810D207,28,rama1,10,Presion,5
6810D207,28,rama1,14,Inteligencia,7
6810D207,28,rama1,16,Presion,10
6810D207,28,rama2,20,Tecnica,5
6810D207,28,rama2,24,Inteligencia,7
6810D207,28,rama2,26,Tecnica,10
BAF953D2,28,tronco,5,Agilidad,3
BAF953D2,28,tronco,6,Presion,3
BAF953D2,28,rama1,10,Fisico,5
BAF953D2,28,rama1,14,Fisico,7
BAF953D2,28,rama1,16,Agilidad,10
BAF953D2,28,rama2,20,Inteligencia,5
BAF953D2,28,rama2,24,Fisico,7
BAF953D2,28,rama2,26,Presion,10
80C58520,28,tronco,5,Potencia,3
80C58520,28,tronco,6,Presion,3
80C58520,28,rama1,10,Control,5
80C58520,28,rama1,14,Control,7
80C58520,28,rama1,16,Potencia,10
80C58520,28,rama2,20,Fisico,5
80C58520,28,rama2,24,Inteligencia,7
80C58520,28,rama2,26,Presion,10
7933EA77,28,tronco,5,Presion,3
7933EA77,28,tronco,6,Control,3
7933EA77,28,rama1,10,Fisico,5
7933EA77,28,rama1,14,Inteligencia,7
7933EA77,28,rama1,16,Presion,10
7933EA77,28,rama2,20,Control,5
7933EA77,28,rama2,24,Inteligencia,7
7933EA77,28,rama2,26,Tecnica,10
AD5B7C9E,28,tronco,5,Fisico,3
AD5B7C9E,28,tronco,6,Control,3
AD5B7C9E,28,rama1,10,Presion,5
AD5B7C9E,28,rama1,14,Inteligencia,7
AD5B7C9E,28,rama1,16,Presion,10
AD5B7C9E,28,rama2,20,Tecnica,5
AD5B7C9E,28,rama2,24,Inteligencia,7
AD5B7C9E,28,rama2,26,Tecnica,10
9DA86AC5,28,tronco,5,Presion,3
9DA86AC5,28,tronco,6,Potencia,3
9DA86AC5,28,rama1,10,Fisico,5
9DA86AC5,28,rama1,14,Inteligencia,7
9DA86AC5,28,rama1,16,Presion,10
9DA86AC5,28,rama2,20,Control,5
9DA86AC5,28,rama2,24,Control,7
9DA86AC5,28,rama2,26,Potencia,10
9A5C38C6,28,tronco,5,Presion,3
9A5C38C6,28,tronco,6,Agilidad,3
9A5C38C6,28,rama1,10,Inteligencia,5
9A5C38C6,28,rama1,14,Fisico,7
9A5C38C6,28,rama1,16,Presion,10
9A5C38C6,28,rama2,20,Fisico,5
9A5C38C6,28,rama2,24,Agilidad,7
9A5C38C6,28,rama2,26,Fisico,10
0084126C,27,tronco,6,Potencia,3
0084126C,27,tronco,7,Tecnica,3
0084126C,27,rama1,10,Potencia,5
0084126C,27,rama1,11,Control,5
0084126C,27,rama2,18,Potencia,7
0084126C,27,rama2,19,Presion,7
0084126C,27,rama2,22,Potencia,10
0084126C,27,rama2,23,Tecnica,10
998D43D6,27,tronco,6,Potencia,3
998D43D6,27,tronco,7,Fisico,3
998D43D6,27,rama1,10,Control,5
998D43D6,27,rama1,11,Presion,5
998D43D6,27,rama2,18,Potencia,7
998D43D6,27,rama2,19,Inteligencia,7
998D43D6,27,rama2,22,Potencia,10
998D43D6,27,rama2,23,Fisico,10
9FF11387,27,tronco,6,Fisico,3
9FF11387,27,tronco,7,Control,3
9FF11387,27,rama1,10,Presion,5
9FF11387,27,rama1,11,Inteligencia,5
9FF11387,27,rama2,18,Presion,7
9FF11387,27,rama2,19,Tecnica,7
9FF11387,27,rama2,22,Fisico,10
9FF11387,27,rama2,23,Tecnica,10
06F8423D,27,tronco,6,Potencia,3
06F8423D,27,tronco,7,Tecnica,3
06F8423D,27,rama1,10,Potencia,5
06F8423D,27,rama1,11,Control,5
06F8423D,27,rama2,18,Potencia,7
06F8423D,27,rama2,19,Presion,7
06F8423D,27,rama2,22,Potencia,10
06F8423D,27,rama2,23,Tecnica,10
92E171F6,27,tronco,6,Fisico,3
92E171F6,27,tronco,7,Control,3
92E171F6,27,rama1,10,Inteligencia,5
92E171F6,27,rama1,11,Inteligencia,5
92E171F6,27,rama2,18,Presion,7
92E171F6,27,rama2,19,Tecnica,7
92E171F6,27,rama2,22,Fisico,10
92E171F6,27,rama2,23,Tecnica,10
0BE8204C,27,tronco,6,Presion,3
0BE8204C,27,tronco,7,Fisico,3
0BE8204C,27,rama1,10,Fisico,5
0BE8204C,27,rama1,11,Agilidad,5
0BE8204C,27,rama2,18,Inteligencia,7
0BE8204C,27,rama2,19,Agilidad,7
0BE8204C,27,rama2,22,Presion,10
0BE8204C,27,rama2,23,Agilidad,10
272BD3FB,27,tronco,6,Agilidad,3
272BD3FB,27,tronco,7,Fisico,3
272BD3FB,27,rama1,10,Agilidad,5
272BD3FB,27,rama1,11,Fisico,5
272BD3FB,27,rama2,18,Fisico,10
272BD3FB,27,rama2,19,Inteligencia,10
272BD3FB,27,rama2,22,Agilidad,6
272BD3FB,27,rama2,23,Presion,6
BE228241,27,tronco,6,Agilidad,3
BE228241,27,tronco,7,Tecnica,3
BE228241,27,rama1,10,Agilidad,5
BE228241,27,rama1,11,Presion,5
BE228241,27,rama2,18,Agilidad,7
BE228241,27,rama2,19,Control,7
BE228241,27,rama2,22,Fisico,10
BE228241,27,rama2,23,Tecnica,10
9F57BE55,28,tronco,6,Presion,3
9F57BE55,28,rama1,8,Potencia,3
9F57BE55,28,rama1,10,Fisico,5
9F57BE55,28,rama1,14,Inteligencia,7
9F57BE55,28,rama1,16,Presion,10
9F57BE55,28,rama2,18,Potencia,3
9F57BE55,28,rama2,20,Control,5
9F57BE55,28,rama2,24,Potencia,7
9F57BE55,28,rama2,26,Potencia,10
DC8D8293,28,tronco,6,Inteligencia,3
DC8D8293,28,rama1,8,Potencia,3
DC8D8293,28,rama1,10,Tecnica,5
DC8D8293,28,rama1,14,Control,7
DC8D8293,28,rama1,16,Tecnica,10
DC8D8293,28,rama2,18,Potencia,3
DC8D8293,28,rama2,20,Control,5
DC8D8293,28,rama2,24,Control,7
DC8D8293,28,rama2,26,Potencia,10
85106480,28,tronco,6,Agilidad,3
85106480,28,rama1,8,Potencia,3
85106480,28,rama1,10,Fisico,5
85106480,28,rama1,14,Agilidad,7
85106480,28,rama1,16,Fisico,10
85106480,28,rama2,18,Potencia,3
85106480,28,rama2,20,Control,5
85106480,28,rama2,24,Potencia,7
85106480,28,rama2,26,Potencia,10
DC69211B,28,tronco,6,Fisico,3
DC69211B,28,rama1,8,Control,3
DC69211B,28,rama1,10,Inteligencia,5
DC69211B,28,rama1,14,Presion,7
DC69211B,28,rama1,16,Fisico,10
DC69211B,28,rama2,18,Control,3
DC69211B,28,rama2,20,Inteligencia,5
DC69211B,28,rama2,24,Tecnica,7
DC69211B,28,rama2,26,Tecnica,10
B63C53CF,28,tronco,6,Fisico,3
B63C53CF,28,rama1,8,Potencia,3
B63C53CF,28,rama1,10,Fisico,5
B63C53CF,28,rama1,14,Agilidad,7
B63C53CF,28,rama1,16,Agilidad,10
B63C53CF,28,rama2,18,Potencia,3
B63C53CF,28,rama2,20,Control,5
B63C53CF,28,rama2,24,Potencia,7
B63C53CF,28,rama2,26,Control,10
4BA74415,28,tronco,6,Fisico,3
4BA74415,28,rama1,8,Control,3
4BA74415,28,rama1,10,Presion,5
4BA74415,28,rama1,14,Presion,7
4BA74415,28,rama1,16,Fisico,10
4BA74415,28,rama2,18,Control,3
4BA74415,28,rama2,20,Inteligencia,5
4BA74415,28,rama2,24,Tecnica,7
4BA74415,28,rama2,26,Tecnica,10
D03CCEFA,28,tronco,6,Presion,3
D03CCEFA,28,rama1,8,Tecnica,3
D03CCEFA,28,rama1,10,Inteligencia,5
D03CCEFA,28,rama1,14,Presion,7
D03CCEFA,28,rama1,16,Fisico,10
D03CCEFA,28,rama2,18,Tecnica,3
D03CCEFA,28,rama2,20,Inteligencia,5
D03CCEFA,28,rama2,24,Control,7
D03CCEFA,28,rama2,26,Tecnica,10
94211F00,28,tronco,6,Tecnica,3
94211F00,28,rama1,8,Control,3
94211F00,28,rama1,10,Tecnica,5
94211F00,28,rama1,14,Inteligencia,7
94211F00,28,rama1,16,Tecnica,10
94211F00,28,rama2,18,Control,3
94211F00,28,rama2,20,Potencia,5
94211F00,28,rama2,24,Control,7
94211F00,28,rama2,26,Control,10
9FB31DDD,28,tronco,6,Fisico,3
9FB31DDD,28,rama1,8,Control,3
9FB31DDD,28,rama1,10,Presion,5
9FB31DDD,28,rama1,14,Inteligencia,7
9FB31DDD,28,rama1,16,Presion,10
9FB31DDD,28,rama2,18,Control,3
9FB31DDD,28,rama2,20,Tecnica,5
9FB31DDD,28,rama2,24,Inteligencia,7
9FB31DDD,28,rama2,26,Tecnica,10
39563A3B,28,tronco,6,Fisico,3
39563A3B,28,rama1,8,Control,3
39563A3B,28,rama1,10,Presion,5
39563A3B,28,rama1,14,Inteligencia,7
39563A3B,28,rama1,16,Presion,10
39563A3B,28,rama2,18,Control,3
39563A3B,28,rama2,20,Potencia,5
39563A3B,28,rama2,24,Control,7
39563A3B,28,rama2,26,Potencia,10
AAF8B41A,28,tronco,6,Fisico,3
AAF8B41A,28,rama1,8,Control,3
AAF8B41A,28,rama1,10,Inteligencia,5
AAF8B41A,28,rama1,14,Presion,7
AAF8B41A,28,rama1,16,Fisico,10
AAF8B41A,28,rama2,18,Control,3
AAF8B41A,28,rama2,20,Inteligencia,5
AAF8B41A,28,rama2,24,Tecnica,7
AAF8B41A,28,rama2,26,Tecnica,10
D41C705A,27,tronco,6,Agilidad,3
D41C705A,27,tronco,7,Potencia,3
D41C705A,27,rama1,10,Agilidad,5
D41C705A,27,rama1,11,Control,5
D41C705A,27,rama2,18,Agilidad,7
D41C705A,27,rama2,19,Potencia,7
D41C705A,27,rama2,22,Agilidad,10
D41C705A,27,rama2,23,Potencia,10
A31B40CC,27,tronco,6,Agilidad,3
A31B40CC,27,tronco,7,Tecnica,3
A31B40CC,27,rama1,10,Agilidad,5
A31B40CC,27,rama1,11,Control,5
A31B40CC,27,rama2,18,Agilidad,7
A31B40CC,27,rama2,19,Potencia,7
A31B40CC,27,rama2,22,Agilidad,10
A31B40CC,27,rama2,23,Control,10
3A121176,27,tronco,6,Agilidad,3
3A121176,27,tronco,7,Tecnica,3
3A121176,27,rama1,10,Agilidad,5
3A121176,27,rama1,11,Presion,5
3A121176,27,rama2,18,Agilidad,7
3A121176,27,rama2,19,Control,7
3A121176,27,rama2,22,Fisico,10
3A121176,27,rama2,23,Tecnica,10
4D1521E0,27,tronco,6,Agilidad,3
4D1521E0,27,tronco,7,Fisico,3
4D1521E0,27,rama1,10,Agilidad,5
4D1521E0,27,rama1,11,Fisico,5
4D1521E0,27,rama2,18,Fisico,10
4D1521E0,27,rama2,19,Inteligencia,10
4D1521E0,27,rama2,22,Agilidad,6
4D1521E0,27,rama2,23,Presion,6
D371B443,27,tronco,6,Potencia,3
D371B443,27,tronco,7,Fisico,3
D371B443,27,rama1,10,Control,5
D371B443,27,rama1,11,Tecnica,5
D371B443,27,rama2,18,Potencia,7
D371B443,27,rama2,19,Control,7
D371B443,27,rama2,22,Potencia,10
D371B443,27,rama2,23,Presion,10
A47684D5,27,tronco,6,Control,3
A47684D5,27,tronco,7,Presion,3
A47684D5,27,rama1,10,Potencia,5
A47684D5,27,rama1,11,Inteligencia,5
A47684D5,27,rama2,18,Control,7
A47684D5,27,rama2,19,Presion,7
A47684D5,27,rama2,22,Potencia,10
A47684D5,27,rama2,23,Presion,10
3D7FD56F,27,tronco,6,Tecnica,3
3D7FD56F,27,tronco,7,Fisico,3
3D7FD56F,27,rama1,10,Presion,5
3D7FD56F,27,rama1,11,Fisico,5
3D7FD56F,27,rama2,18,Control,7
3D7FD56F,27,rama2,19,Inteligencia,7
3D7FD56F,27,rama2,22,Tecnica,10
3D7FD56F,27,rama2,23,Presion,10
4A78E5F9,27,tronco,6,Agilidad,3
4A78E5F9,27,tronco,7,Tecnica,3
4A78E5F9,27,rama1,10,Agilidad,5
4A78E5F9,27,rama1,11,Control,5
4A78E5F9,27,rama2,18,Agilidad,7
4A78E5F9,27,rama2,19,Potencia,7
4A78E5F9,27,rama2,22,Agilidad,10
4A78E5F9,27,rama2,23,Control,10
DAC7F868,27,tronco,6,Agilidad,3
DAC7F868,27,tronco,7,Tecnica,3
DAC7F868,27,rama1,10,Agilidad,5
DAC7F868,27,rama1,11,Presion,5
DAC7F868,27,rama2,18,Agilidad,7
DAC7F868,27,rama2,19,Control,7
DAC7F868,27,rama2,22,Fisico,10
DAC7F868,27,rama2,23,Tecnica,10
ADC0C8FE,27,tronco,6,Agilidad,3
ADC0C8FE,27,tronco,7,Fisico,3
ADC0C8FE,27,rama1,10,Agilidad,5
ADC0C8FE,27,rama1,11,Fisico,5
ADC0C8FE,27,rama2,18,Fisico,10
ADC0C8FE,27,rama2,19,Inteligencia,10
ADC0C8FE,27,rama2,22,Agilidad,6
ADC0C8FE,27,rama2,23,Presion,6
CD07411B,27,tronco,6,Agilidad,3
CD07411B,27,tronco,7,Tecnica,3
CD07411B,27,rama1,10,Agilidad,5
CD07411B,27,rama1,11,Control,5
CD07411B,27,rama2,18,Agilidad,7
CD07411B,27,rama2,19,Potencia,7
CD07411B,27,rama2,22,Agilidad,10
CD07411B,27,rama2,23,Control,10
BA00718D,27,tronco,6,Agilidad,3
BA00718D,27,tronco,7,Control,3
BA00718D,27,rama1,10,Agilidad,5
BA00718D,27,rama1,11,Potencia,5
BA00718D,27,rama2,18,Agilidad,7
BA00718D,27,rama2,19,Control,7
BA00718D,27,rama2,22,Fisico,10
BA00718D,27,rama2,23,Potencia,10
23092037,27,tronco,6,Agilidad,3
23092037,27,tronco,7,Tecnica,3
23092037,27,rama1,10,Agilidad,5
23092037,27,rama1,11,Presion,5
23092037,27,rama2,18,Agilidad,7
23092037,27,rama2,19,Control,7
23092037,27,rama2,22,Fisico,10
23092037,27,rama2,23,Tecnica,10
540E10A1,27,tronco,6,Agilidad,3
540E10A1,27,tronco,7,Fisico,3
540E10A1,27,rama1,10,Agilidad,5
540E10A1,27,rama1,11,Fisico,5
540E10A1,27,rama2,18,Fisico,10
540E10A1,27,rama2,19,Inteligencia,10
540E10A1,27,rama2,22,Agilidad,6
540E10A1,27,rama2,23,Presion,6
93BC0A8A,27,tronco,6,Inteligencia,3
93BC0A8A,27,tronco,7,Potencia,3
93BC0A8A,27,rama1,10,Presion,5
93BC0A8A,27,rama1,11,Control,5
93BC0A8A,27,rama2,18,Fisico,7
93BC0A8A,27,rama2,19,Potencia,7
93BC0A8A,27,rama2,22,Tecnica,10
93BC0A8A,27,rama2,23,Control,10
E4BB3A1C,27,tronco,6,Control,3
E4BB3A1C,27,tronco,7,Tecnica,3
E4BB3A1C,27,rama1,10,Potencia,5
E4BB3A1C,27,rama1,11,Control,5
E4BB3A1C,27,rama2,18,Tecnica,7
E4BB3A1C,27,rama2,19,Presion,7
E4BB3A1C,27,rama2,22,Control,10
E4BB3A1C,27,rama2,23,Tecnica,10
7DB26BA6,27,tronco,6,Potencia,3
7DB26BA6,27,tronco,7,Presion,3
7DB26BA6,27,rama1,10,Tecnica,5
7DB26BA6,27,rama1,11,Tecnica,5
7DB26BA6,27,rama2,18,Fisico,7
7DB26BA6,27,rama2,19,Tecnica,7
7DB26BA6,27,rama2,22,Inteligencia,10
7DB26BA6,27,rama2,23,Tecnica,10
0AB55B30,27,tronco,6,Control,3
0AB55B30,27,tronco,7,Agilidad,3
0AB55B30,27,rama1,10,Inteligencia,5
0AB55B30,27,rama1,11,Fisico,5
0AB55B30,27,rama2,18,Fisico,7
0AB55B30,27,rama2,19,Agilidad,7
0AB55B30,27,rama2,22,Presion,10
0AB55B30,27,rama2,23,Agilidad,10
94D1CE93,27,tronco,6,Control,3
94D1CE93,27,tronco,7,Tecnica,3
94D1CE93,27,rama1,10,Potencia,5
94D1CE93,27,rama1,11,Control,5
94D1CE93,27,rama2,18,Potencia,7
94D1CE93,27,rama2,19,Presion,7
94D1CE93,27,rama2,22,Control,10
94D1CE93,27,rama2,23,Tecnica,10
E3D6FE05,27,tronco,6,Potencia,3
E3D6FE05,27,tronco,7,Fisico,5
E3D6FE05,27,rama1,10,Potencia,5
E3D6FE05,27,rama1,11,Fisico,5
E3D6FE05,27,rama2,18,Control,7
E3D6FE05,27,rama2,19,Agilidad,7
E3D6FE05,27,rama2,22,Potencia,10
E3D6FE05,27,rama2,23,Agilidad,10
7ADFAFBF,27,tronco,6,Control,3
7ADFAFBF,27,tronco,7,Agilidad,3
7ADFAFBF,27,rama1,10,Tecnica,5
7ADFAFBF,27,rama1,11,Fisico,5
7ADFAFBF,27,rama2,18,Control,7
7ADFAFBF,27,rama2,19,Agilidad,7
7ADFAFBF,27,rama2,22,Tecnica,10
7ADFAFBF,27,rama2,23,Agilidad,10
0DD89F29,27,tronco,6,Presion,3
0DD89F29,27,tronco,7,Potencia,3
0DD89F29,27,rama1,10,Fisico,5
0DD89F29,27,rama1,11,Control,5
0DD89F29,27,rama2,18,Inteligencia,7
0DD89F29,27,rama2,19,Tecnica,7
0DD89F29,27,rama2,22,Tecnica,10
0DD89F29,27,rama2,23,Potencia,10
9D6782B8,27,tronco,6,Potencia,3
9D6782B8,27,tronco,7,Presion,3
9D6782B8,27,rama1,10,Tecnica,5
9D6782B8,27,rama1,11,Tecnica,5
9D6782B8,27,rama2,18,Fisico,7
9D6782B8,27,rama2,19,Tecnica,7
9D6782B8,27,rama2,22,Inteligencia,10
9D6782B8,27,rama2,23,Tecnica,10
EA60B22E,27,tronco,6,Presion,3
EA60B22E,27,tronco,7,Control,3
EA60B22E,27,rama1,10,Tecnica,5
EA60B22E,27,rama1,11,Potencia,5
EA60B22E,27,rama2,18,Fisico,7
EA60B22E,27,rama2,19,Control,7
EA60B22E,27,rama2,22,Inteligencia,10
EA60B22E,27,rama2,23,Potencia,10
AEDC233A,27,tronco,6,Inteligencia,3
AEDC233A,27,tronco,7,Control,3
AEDC233A,27,rama1,10,Presion,5
AEDC233A,27,rama1,11,Potencia,3
AEDC233A,27,rama2,18,Fisico,7
AEDC233A,27,rama2,19,Control,7
AEDC233A,27,rama2,22,Fisico,10
AEDC233A,27,rama2,23,Tecnica,10
D9DB13AC,27,tronco,6,Tecnica,3
D9DB13AC,27,tronco,7,Fisico,3
D9DB13AC,27,rama1,10,Control,5
D9DB13AC,27,rama1,11,Presion,5
D9DB13AC,27,rama2,18,Control,7
D9DB13AC,27,rama2,19,Inteligencia,7
D9DB13AC,27,rama2,22,Tecnica,10
D9DB13AC,27,rama2,23,Fisico,10
40D24216,27,tronco,6,Presion,3
40D24216,27,tronco,7,Potencia,3
40D24216,27,rama1,10,Inteligencia,5
40D24216,27,rama1,11,Potencia,5
40D24216,27,rama2,18,Presion,7
40D24216,27,rama2,19,Control,7
40D24216,27,rama2,22,Fisico,10
40D24216,27,rama2,23,Potencia,10
37D57280,27,tronco,6,Presion,3
37D57280,27,tronco,7,Fisico,3
37D57280,27,rama1,10,Fisico,5
37D57280,27,rama1,11,Agilidad,5
37D57280,27,rama2,18,Inteligencia,7
37D57280,27,rama2,19,Agilidad,7
37D57280,27,rama2,22,Presion,10
37D57280,27,rama2,23,Agilidad,10
A9B1E723,27,tronco,6,Control,3
A9B1E723,27,tronco,7,Tecnica,3
A9B1E723,27,rama1,10,Control,5
A9B1E723,27,rama1,11,Presion,5
A9B1E723,27,rama2,18,Potencia,7
A9B1E723,27,rama2,19,Control,7
A9B1E723,27,rama2,22,Potencia,10
A9B1E723,27,rama2,23,Tecnica,10
DEB6D7B5,27,tronco,6,Fisico,3
DEB6D7B5,27,tronco,7,Potencia,3
DEB6D7B5,27,rama1,10,Agilidad,5
DEB6D7B5,27,rama1,11,Potencia,5
DEB6D7B5,27,rama2,18,Agilidad,7
DEB6D7B5,27,rama2,19,Control,7
DEB6D7B5,27,rama2,22,Fisico,10
DEB6D7B5,27,rama2,23,Potencia,10
47BF860F,27,tronco,6,Presion,3
47BF860F,27,tronco,7,Fisico,3
47BF860F,27,rama1,10,Tecnica,5
47BF860F,27,rama1,11,Fisico,5
47BF860F,27,rama2,18,Control,7
47BF860F,27,rama2,19,Agilidad,7
47BF860F,27,rama2,22,Tecnica,10
47BF860F,27,rama2,23,Agilidad,10
30B8B699,27,tronco,6,Presion,3
30B8B699,27,tronco,7,Potencia,3
30B8B699,27,rama1,10,Inteligencia,5
30B8B699,27,rama1,11,Potencia,5
30B8B699,27,rama2,18,Presion,7
30B8B699,27,rama2,19,Control,7
30B8B699,27,rama2,22,Fisico,10
30B8B699,27,rama2,23,Potencia,10
A007AB08,27,tronco,6,Presion,3
A007AB08,27,tronco,7,Fisico,3
A007AB08,27,rama1,10,Fisico,5
A007AB08,27,rama1,11,Agilidad,5
A007AB08,27,rama2,18,Inteligencia,7
A007AB08,27,rama2,19,Agilidad,7
A007AB08,27,rama2,22,Presion,10
A007AB08,27,rama2,23,Agilidad,10
D7009B9E,27,tronco,6,Fisico,3
D7009B9E,27,tronco,7,Tecnica,3
D7009B9E,27,rama1,10,Presion,5
D7009B9E,27,rama1,11,Control,5
D7009B9E,27,rama2,18,Inteligencia,7
D7009B9E,27,rama2,19,Control,7
D7009B9E,27,rama2,22,Fisico,10
D7009B9E,27,rama2,23,Tecnica,10
22208A4F,27,tronco,6,Potencia,3
22208A4F,27,tronco,7,Tecnica,3
22208A4F,27,rama1,10,Potencia,5
22208A4F,27,rama1,11,Control,5
22208A4F,27,rama2,18,Potencia,7
22208A4F,27,rama2,19,Presion,7
22208A4F,27,rama2,22,Potencia,10
22208A4F,27,rama2,23,Tecnica,10
5527BAD9,27,tronco,6,Potencia,3
5527BAD9,27,tronco,7,Tecnica,3
5527BAD9,27,rama1,10,Potencia,5
5527BAD9,27,rama1,11,Control,5
5527BAD9,27,rama2,18,Potencia,7
5527BAD9,27,rama2,19,Presion,7
5527BAD9,27,rama2,22,Potencia,10
5527BAD9,27,rama2,23,Tecnica,10
CC2EEB63,27,tronco,6,Potencia,3
CC2EEB63,27,tronco,7,Presion,3
CC2EEB63,27,rama1,10,Potencia,5
CC2EEB63,27,rama1,11,Fisico,5
CC2EEB63,27,rama2,18,Potencia,7
CC2EEB63,27,rama2,19,Fisico,7
CC2EEB63,27,rama2,22,Potencia,10
CC2EEB63,27,rama2,23,Inteligencia,10
BB29DBF5,27,tronco,6,Potencia,3
BB29DBF5,27,tronco,7,Fisico,3
BB29DBF5,27,rama1,10,Potencia,5
BB29DBF5,27,rama1,11,Agilidad,5
BB29DBF5,27,rama2,18,Potencia,7
BB29DBF5,27,rama2,19,Agilidad,7
BB29DBF5,27,rama2,22,Control,10
BB29DBF5,27,rama2,23,Fisico,10
254D4E56,27,tronco,6,Tecnica,3
254D4E56,27,tronco,7,Fisico,3
254D4E56,27,rama1,10,Control,5
254D4E56,27,rama1,11,Inteligencia,5
254D4E56,27,rama2,18,Presion,7
254D4E56,27,rama2,19,Inteligencia,7
254D4E56,27,rama2,22,Control,10
254D4E56,27,rama2,23,Fisico,10
524A7EC0,27,tronco,6,Potencia,3
524A7EC0,27,tronco,7,Fisico,3
524A7EC0,27,rama1,10,Control,5
524A7EC0,27,rama1,11,Agilidad,5
524A7EC0,27,rama2,18,Tecnica,7
524A7EC0,27,rama2,19,Agilidad,7
524A7EC0,27,rama2,22,Presion,10
524A7EC0,27,rama2,23,Fisico,10
CB432F7A,27,tronco,6,Presion,3
CB432F7A,27,tronco,7,Fisico,3
CB432F7A,27,rama1,10,Fisico,5
CB432F7A,27,rama1,11,Agilidad,5
CB432F7A,27,rama2,18,Inteligencia,7
CB432F7A,27,rama2,19,Fisico,7
CB432F7A,27,rama2,22,Presion,10
CB432F7A,27,rama2,23,Agilidad,10
BC441FEC,27,tronco,6,Potencia,3
BC441FEC,27,tronco,7,Presion,3
BC441FEC,27,rama1,10,Potencia,5
BC441FEC,27,rama1,11,Fisico,5
BC441FEC,27,rama2,18,Potencia,7
BC441FEC,27,rama2,19,Fisico,7
BC441FEC,27,rama2,22,Potencia,10
BC441FEC,27,rama2,23,Inteligencia,10
2CFB027D,27,tronco,6,Potencia,3
2CFB027D,27,tronco,7,Fisico,3
2CFB027D,27,rama1,10,Potencia,5
2CFB027D,27,rama1,11,Agilidad,5
2CFB027D,27,rama2,18,Potencia,7
2CFB027D,27,rama2,19,Agilidad,7
2CFB027D,27,rama2,22,Control,10
2CFB027D,27,rama2,23,Fisico,10
5BFC32EB,27,tronco,6,Potencia,3
5BFC32EB,27,tronco,7,Tecnica,3
5BFC32EB,27,rama1,10,Potencia,5
5BFC32EB,27,rama1,11,Control,5
5BFC32EB,27,rama2,18,Potencia,7
5BFC32EB,27,rama2,19,Presion,7
5BFC32EB,27,rama2,22,Potencia,10
5BFC32EB,27,rama2,23,Tecnica,10
1F40A3FF,27,tronco,6,Potencia,3
1F40A3FF,27,tronco,7,Tecnica,3
1F40A3FF,27,rama1,10,Potencia,5
1F40A3FF,27,rama1,11,Control,5
1F40A3FF,27,rama2,18,Potencia,7
1F40A3FF,27,rama2,19,Presion,7
1F40A3FF,27,rama2,22,Potencia,10
1F40A3FF,27,rama2,23,Tecnica,10
68479369,27,tronco,6,Potencia,3
68479369,27,tronco,7,Tecnica,3
68479369,27,rama1,10,Potencia,5
68479369,27,rama1,11,Control,5
68479369,27,rama2,18,Potencia,7
68479369,27,rama2,19,Presion,7
68479369,27,rama2,22,Potencia,10
68479369,27,rama2,23,Tecnica,10
F14EC2D3,27,tronco,6,Potencia,3
F14EC2D3,27,tronco,7,Presion,3
F14EC2D3,27,rama1,10,Control,5
F14EC2D3,27,rama1,11,Fisico,5
F14EC2D3,27,rama2,18,Potencia,7
F14EC2D3,27,rama2,19,Inteligencia,7
F14EC2D3,27,rama2,22,Potencia,10
F14EC2D3,27,rama2,23,Presion,10
8649F245,27,tronco,6,Agilidad,3
8649F245,27,tronco,7,Potencia,3
8649F245,27,rama1,10,Fisico,5
8649F245,27,rama1,11,Control,5
8649F245,27,rama2,18,Agilidad,7
8649F245,27,rama2,19,Control,7
8649F245,27,rama2,22,Agilidad,10
8649F245,27,rama2,23,Potencia,10
182D67E6,27,tronco,6,Control,3
182D67E6,27,tronco,7,Presion,3
182D67E6,27,rama1,10,Potencia,5
182D67E6,27,rama1,11,Fisico,5
182D67E6,27,rama2,18,Tecnica,7
182D67E6,27,rama2,19,Inteligencia,7
182D67E6,27,rama2,22,Control,10
182D67E6,27,rama2,23,Presion,10
6F2A5770,27,tronco,6,Potencia,3
6F2A5770,27,tronco,7,Fisico,3
6F2A5770,27,rama1,10,Presion,5
6F2A5770,27,rama1,11,Fisico,5
6F2A5770,27,rama2,18,Control,7
6F2A5770,27,rama2,19,Agilidad,7
6F2A5770,27,rama2,22,Tecnica,10
6F2A5770,27,rama2,23,Agilidad,10
F62306CA,27,tronco,6,Agilidad,3
F62306CA,27,tronco,7,Presion,3
F62306CA,27,rama1,10,Fisico,5
F62306CA,27,rama1,11,Presion,5
F62306CA,27,rama2,18,Agilidad,7
F62306CA,27,rama2,19,Inteligencia,7
F62306CA,27,rama2,22,Inteligencia,10
F62306CA,27,rama2,23,Presion,10
8124365C,27,tronco,6,Potencia,3
8124365C,27,tronco,7,Presion,3
8124365C,27,rama1,10,Control,5
8124365C,27,rama1,11,Fisico,5
8124365C,27,rama2,18,Potencia,7
8124365C,27,rama2,19,Inteligencia,7
8124365C,27,rama2,22,Potencia,10
8124365C,27,rama2,23,Presion,10
119B2BCD,27,tronco,6,Agilidad,3
119B2BCD,27,tronco,7,Potencia,3
119B2BCD,27,rama1,10,Fisico,5
119B2BCD,27,rama1,11,Control,5
119B2BCD,27,rama2,18,Agilidad,7
119B2BCD,27,rama2,19,Control,7
119B2BCD,27,rama2,22,Agilidad,10
119B2BCD,27,rama2,23,Potencia,10
669C1B5B,27,tronco,6,Potencia,3
669C1B5B,27,tronco,7,Tecnica,3
669C1B5B,27,rama1,10,Potencia,5
669C1B5B,27,rama1,11,Control,5
669C1B5B,27,rama2,18,Potencia,7
669C1B5B,27,rama2,19,Presion,7
669C1B5B,27,rama2,22,Potencia,10
669C1B5B,27,rama2,23,Tecnica,10
EED3E1C7,27,tronco,6,Agilidad,3
EED3E1C7,27,tronco,7,Control,3
EED3E1C7,27,rama1,10,Agilidad,5
EED3E1C7,27,rama1,11,Potencia,5
EED3E1C7,27,rama2,18,Fisico,7
EED3E1C7,27,rama2,19,Tecnica,7
EED3E1C7,27,rama2,22,Agilidad,10
EED3E1C7,27,rama2,23,Control,10
77DAB07D,27,tronco,6,Agilidad,5
77DAB07D,27,tronco,7,Tecnica,5
77DAB07D,27,rama1,10,Agilidad,7
77DAB07D,27,rama1,11,Presion,7
77DAB07D,27,rama2,18,Agilidad,10
77DAB07D,27,rama2,19,Tecnica,10
77DAB07D,27,rama2,22,Fisico,10
77DAB07D,27,rama2,23,Control,10
00DD80EB,27,tronco,6,Presion,3
00DD80EB,27,tronco,7,Agilidad,3
00DD80EB,27,rama1,10,Inteligencia,5
00DD80EB,27,rama1,11,Agilidad,5
00DD80EB,27,rama2,18,Fisico,7
00DD80EB,27,rama2,19,Agilidad,7
00DD80EB,27,rama2,22,Inteligencia,10
00DD80EB,27,rama2,23,Agilidad,10
9EB91548,27,tronco,6,Agilidad,3
9EB91548,27,tronco,7,Presion,3
9EB91548,27,rama1,10,Fisico,5
9EB91548,27,rama1,11,Presion,5
9EB91548,27,rama2,18,Fisico,7
9EB91548,27,rama2,19,Control,7
9EB91548,27,rama2,22,Agilidad,10
9EB91548,27,rama2,23,Tecnica,10
E9BE25DE,27,tronco,6,Agilidad,3
E9BE25DE,27,tronco,7,Potencia,3
E9BE25DE,27,rama1,10,Agilidad,5
E9BE25DE,27,rama1,11,Control,5
E9BE25DE,27,rama2,18,Fisico,7
E9BE25DE,27,rama2,19,Control,7
E9BE25DE,27,rama2,22,Agilidad,10
E9BE25DE,27,rama2,23,Potencia,10
70B77464,27,tronco,6,Agilidad,3
70B77464,27,tronco,7,Presion,3
70B77464,27,rama1,10,Fisico,5
70B77464,27,rama1,11,Presion,5
70B77464,27,rama2,18,Fisico,7
70B77464,27,rama2,19,Fisico,7
70B77464,27,rama2,22,Agilidad,10
70B77464,27,rama2,23,Inteligencia,10
07B044F2,27,tronco,6,Agilidad,3
07B044F2,27,tronco,7,Presion,3
07B044F2,27,rama1,10,Fisico,5
07B044F2,27,rama1,11,Presion,5
07B044F2,27,rama2,18,Fisico,7
07B044F2,27,rama2,19,Fisico,7
07B044F2,27,rama2,22,Agilidad,10
07B044F2,27,rama2,23,Inteligencia,10
528802F4,27,tronco,6,Potencia,3
528802F4,27,tronco,7,Tecnica,3
528802F4,27,rama1,10,Potencia,5
528802F4,27,rama1,11,Control,5
528802F4,27,rama2,18,Potencia,7
528802F4,27,rama2,19,Presion,7
528802F4,27,rama2,22,Potencia,10
528802F4,27,rama2,23,Tecnica,10
258F3262,27,tronco,6,Potencia,3
258F3262,27,tronco,7,Agilidad,3
258F3262,27,rama1,10,Potencia,5
258F3262,27,rama1,11,Fisico,5
258F3262,27,rama2,18,Potencia,7
258F3262,27,rama2,19,Agilidad,7
258F3262,27,rama2,22,Potencia,10
258F3262,27,rama2,23,Fisico,10
BC8663D8,27,tronco,6,Potencia,3
BC8663D8,27,tronco,7,Presion,3
BC8663D8,27,rama1,10,Potencia,5
BC8663D8,27,rama1,11,Tecnica,5
BC8663D8,27,rama2,18,Potencia,7
BC8663D8,27,rama2,19,Control,7
BC8663D8,27,rama2,22,Potencia,10
BC8663D8,27,rama2,23,Tecnica,10
CB81534E,27,tronco,6,Potencia,3
CB81534E,27,tronco,7,Presion,3
CB81534E,27,rama1,10,Potencia,5
CB81534E,27,rama1,11,Fisico,5
CB81534E,27,rama2,18,Control,7
CB81534E,27,rama2,19,Inteligencia,7
CB81534E,27,rama2,22,Potencia,10
CB81534E,27,rama2,23,Fisico,10
55E5C6ED,27,tronco,6,Control,3
55E5C6ED,27,tronco,7,Fisico,3
55E5C6ED,27,rama1,10,Presion,5
55E5C6ED,27,rama1,11,Fisico,5
55E5C6ED,27,rama2,18,Tecnica,7
55E5C6ED,27,rama2,19,Inteligencia,7
55E5C6ED,27,rama2,22,Control,10
55E5C6ED,27,rama2,23,Presion,10
22E2F67B,27,tronco,6,Potencia,3
22E2F67B,27,tronco,7,Agilidad,3
22E2F67B,27,rama1,10,Potencia,5
22E2F67B,27,rama1,11,Fisico,5
22E2F67B,27,rama2,18,Potencia,7
22E2F67B,27,rama2,19,Agilidad,7
22E2F67B,27,rama2,22,Potencia,10
22E2F67B,27,rama2,23,Agilidad,10
BBEBA7C1,27,tronco,6,Inteligencia,3
BBEBA7C1,27,tronco,7,Agilidad,3
BBEBA7C1,27,rama1,10,Inteligencia,5
BBEBA7C1,27,rama1,11,Fisico,5
BBEBA7C1,27,rama2,18,Fisico,7
BBEBA7C1,27,rama2,19,Fisico,7
BBEBA7C1,27,rama2,22,Presion,10
BBEBA7C1,27,rama2,23,Agilidad,10
CCEC9757,27,tronco,6,Potencia,3
CCEC9757,27,tronco,7,Presion,3
CCEC9757,27,rama1,10,Potencia,5
CCEC9757,27,rama1,11,Presion,5
CCEC9757,27,rama2,18,Control,7
CCEC9757,27,rama2,19,Fisico,7
CCEC9757,27,rama2,22,Potencia,10
CCEC9757,27,rama2,23,Inteligencia,10
5C538AC6,27,tronco,6,Potencia,3
5C538AC6,27,tronco,7,Control,3
5C538AC6,27,rama1,10,Control,5
5C538AC6,27,rama1,11,Tecnica,5
5C538AC6,27,rama2,18,Potencia,7
5C538AC6,27,rama2,19,Control,7
5C538AC6,27,rama2,22,Potencia,10
5C538AC6,27,rama2,23,Tecnica,10
2B54BA50,27,tronco,6,Potencia,3
2B54BA50,27,tronco,7,Presion,3
2B54BA50,27,rama1,10,Potencia,5
2B54BA50,27,rama1,11,Inteligencia,5
2B54BA50,27,rama2,18,Control,7
2B54BA50,27,rama2,19,Fisico,7
2B54BA50,27,rama2,22,Potencia,10
2B54BA50,27,rama2,23,Fisico,10
6FE82B44,27,tronco,6,Potencia,3
6FE82B44,27,tronco,7,Tecnica,3
6FE82B44,27,rama1,10,Potencia,5
6FE82B44,27,rama1,11,Control,5
6FE82B44,27,rama2,18,Potencia,7
6FE82B44,27,rama2,19,Presion,7
6FE82B44,27,rama2,22,Potencia,10
6FE82B44,27,rama2,23,Tecnica,10
18EF1BD2,27,tronco,6,Potencia,3
18EF1BD2,27,tronco,7,Tecnica,3
18EF1BD2,27,rama1,10,Potencia,5
18EF1BD2,27,rama1,11,Control,5
18EF1BD2,27,rama2,18,Potencia,7
18EF1BD2,27,rama2,19,Presion,7
18EF1BD2,27,rama2,22,Potencia,10
18EF1BD2,27,rama2,23,Tecnica,10
81E64A68,27,tronco,6,Tecnica,3
81E64A68,27,tronco,7,Fisico,3
81E64A68,27,rama1,10,Control,5
81E64A68,27,rama1,11,Presion,5
81E64A68,27,rama2,18,Presion,10
81E64A68,27,rama2,19,Presion,10
81E64A68,27,rama2,22,Potencia,10
81E64A68,27,rama2,23,Inteligencia,10
F6E17AFE,27,tronco,6,Control,3
F6E17AFE,27,tronco,7,Agilidad,3
F6E17AFE,27,rama1,10,Tecnica,5
F6E17AFE,27,rama1,11,Fisico,5
F6E17AFE,27,rama2,18,Presion,7
F6E17AFE,27,rama2,19,Agilidad,7
F6E17AFE,27,rama2,22,Control,10
F6E17AFE,27,rama2,23,Agilidad,10
6885EF5D,27,tronco,6,Potencia,3
6885EF5D,27,tronco,7,Agilidad,3
6885EF5D,27,rama1,10,Control,5
6885EF5D,27,rama1,11,Fisico,5
6885EF5D,27,rama2,18,Control,7
6885EF5D,27,rama2,19,Agilidad,7
6885EF5D,27,rama2,22,Potencia,10
6885EF5D,27,rama2,23,Agilidad,10
1F82DFCB,27,tronco,6,Control,3
1F82DFCB,27,tronco,7,Agilidad,3
1F82DFCB,27,rama1,10,Tecnica,5
1F82DFCB,27,rama1,11,Fisico,5
1F82DFCB,27,rama2,18,Potencia,7
1F82DFCB,27,rama2,19,Fisico,7
1F82DFCB,27,rama2,22,Control,10
1F82DFCB,27,rama2,23,Agilidad,10
868B8E71,27,tronco,6,Presion,3
868B8E71,27,tronco,7,Agilidad,3
868B8E71,27,rama1,10,Fisico,5
868B8E71,27,rama1,11,Fisico,5
868B8E71,27,rama2,18,Presion,7
868B8E71,27,rama2,19,Agilidad,7
868B8E71,27,rama2,22,Inteligencia,10
868B8E71,27,rama2,23,Agilidad,10
F18CBEE7,27,tronco,6,Tecnica,3
F18CBEE7,27,tronco,7,Fisico,3
F18CBEE7,27,rama1,10,Control,5
F18CBEE7,27,rama1,11,Presion,5
F18CBEE7,27,rama2,18,Presion,10
F18CBEE7,27,rama2,19,Presion,10
F18CBEE7,27,rama2,22,Potencia,10
F18CBEE7,27,rama2,23,Inteligencia,10
6133A376,27,tronco,6,Control,3
6133A376,27,tronco,7,Agilidad,3
6133A376,27,rama1,10,Tecnica,5
6133A376,27,rama1,11,Fisico,5
6133A376,27,rama2,18,Presion,7
6133A376,27,rama2,19,Agilidad,7
6133A376,27,rama2,22,Control,10
6133A376,27,rama2,23,Agilidad,10
163493E0,27,tronco,6,Potencia,3
163493E0,27,tronco,7,Tecnica,3
163493E0,27,rama1,10,Potencia,5
163493E0,27,rama1,11,Control,5
163493E0,27,rama2,18,Potencia,7
163493E0,27,rama2,19,Presion,7
163493E0,27,rama2,22,Potencia,10
163493E0,27,rama2,23,Tecnica,10
68040396,27,tronco,6,Potencia,3
68040396,27,tronco,7,Control,3
68040396,27,rama1,10,Tecnica,5
68040396,27,rama1,11,Control,5
68040396,27,rama2,18,Control,7
68040396,27,rama2,19,Potencia,7
68040396,27,rama2,22,Tecnica,10
68040396,27,rama2,23,Potencia,10
1F033300,27,tronco,6,Potencia,3
1F033300,27,tronco,7,Control,3
1F033300,27,rama1,10,Tecnica,5
1F033300,27,rama1,11,Control,5
1F033300,27,rama2,18,Presion,7
1F033300,27,rama2,19,Potencia,7
1F033300,27,rama2,22,Tecnica,10
1F033300,27,rama2,23,Control,10
860A62BA,27,tronco,6,Potencia,3
860A62BA,27,tronco,7,Control,3
860A62BA,27,rama1,10,Tecnica,5
860A62BA,27,rama1,11,Presion,5
860A62BA,27,rama2,18,Control,7
860A62BA,27,rama2,19,Tecnica,7
860A62BA,27,rama2,22,Presion,10
860A62BA,27,rama2,23,Inteligencia,10
F10D522C,27,tronco,6,Potencia,3
F10D522C,27,tronco,7,Fisico,3
F10D522C,27,rama1,10,Tecnica,5
F10D522C,27,rama1,11,Agilidad,5
F10D522C,27,rama2,18,Control,7
F10D522C,27,rama2,19,Agilidad,7
F10D522C,27,rama2,22,Tecnica,10
F10D522C,27,rama2,23,Presion,10
6F69C78F,27,tronco,6,Potencia,3
6F69C78F,27,tronco,7,Fisico,3
6F69C78F,27,rama1,10,Control,5
6F69C78F,27,rama1,11,Inteligencia,5
6F69C78F,27,rama2,18,Control,7
6F69C78F,27,rama2,19,Presion,7
6F69C78F,27,rama2,22,Potencia,10
6F69C78F,27,rama2,23,Fisico,10
186EF719,27,tronco,6,Potencia,3
186EF719,27,tronco,7,Fisico,3
186EF719,27,rama1,10,Potencia,5
186EF719,27,rama1,11,Agilidad,5
186EF719,27,rama2,18,Control,7
186EF719,27,rama2,19,Agilidad,7
186EF719,27,rama2,22,Potencia,10
186EF719,27,rama2,23,Agilidad,10
8167A6A3,27,tronco,6,Fisico,3
8167A6A3,27,tronco,7,Fisico,3
8167A6A3,27,rama1,10,Presion,5
8167A6A3,27,rama1,11,Agilidad,5
8167A6A3,27,rama2,18,Inteligencia,7
8167A6A3,27,rama2,19,Agilidad,7
8167A6A3,27,rama2,22,Presion,10
8167A6A3,27,rama2,23,Fisico,10
F6609635,27,tronco,6,Potencia,3
F6609635,27,tronco,7,Control,3
F6609635,27,rama1,10,Tecnica,5
F6609635,27,rama1,11,Presion,5
F6609635,27,rama2,18,Control,7
F6609635,27,rama2,19,Tecnica,7
F6609635,27,rama2,22,Presion,10
F6609635,27,rama2,23,Inteligencia,10
66DF8BA4,27,tronco,6,Potencia,3
66DF8BA4,27,tronco,7,Fisico,3
66DF8BA4,27,rama1,10,Tecnica,5
66DF8BA4,27,rama1,11,Agilidad,5
66DF8BA4,27,rama2,18,Control,7
66DF8BA4,27,rama2,19,Agilidad,7
66DF8BA4,27,rama2,22,Tecnica,10
66DF8BA4,27,rama2,23,Presion,10
11D8BB32,27,tronco,6,Potencia,3
11D8BB32,27,tronco,7,Control,3
11D8BB32,27,rama1,10,Tecnica,5
11D8BB32,27,rama1,11,Control,5
11D8BB32,27,rama2,18,Presion,7
11D8BB32,27,rama2,19,Potencia,7
11D8BB32,27,rama2,22,Tecnica,10
11D8BB32,27,rama2,23,Control,10
3FB9210C,27,tronco,6,Control,3
3FB9210C,27,tronco,7,Potencia,3
3FB9210C,27,rama1,10,Tecnica,5
3FB9210C,27,rama1,11,Control,5
3FB9210C,27,rama2,18,Presion,7
3FB9210C,27,rama2,19,Potencia,7
3FB9210C,27,rama2,22,Tecnica,10
3FB9210C,27,rama2,23,Potencia,10
48BE119A,27,tronco,6,Control,3
48BE119A,27,tronco,7,Potencia,3
48BE119A,27,rama1,10,Tecnica,5
48BE119A,27,rama1,11,Control,5
48BE119A,27,rama2,18,Presion,7
48BE119A,27,rama2,19,Potencia,7
48BE119A,27,rama2,22,Tecnica,10
48BE119A,27,rama2,23,Potencia,10
D1B74020,27,tronco,6,Potencia,3
D1B74020,27,tronco,7,Presion,3
D1B74020,27,rama1,10,Tecnica,5
D1B74020,27,rama1,11,Fisico,5
D1B74020,27,rama2,18,Tecnica,7
D1B74020,27,rama2,19,Tecnica,7
D1B74020,27,rama2,22,Control,10
D1B74020,27,rama2,23,Inteligencia,10
A6B070B6,27,tronco,6,Potencia,3
A6B070B6,27,tronco,7,Fisico,3
A6B070B6,27,rama1,10,Tecnica,5
A6B070B6,27,rama1,11,Agilidad,5
A6B070B6,27,rama2,18,Control,7
A6B070B6,27,rama2,19,Agilidad,7
A6B070B6,27,rama2,22,Tecnica,10
A6B070B6,27,rama2,23,Presion,10
38D4E515,27,tronco,6,Control,3
38D4E515,27,tronco,7,Presion,3
38D4E515,27,rama1,10,Potencia,5
38D4E515,27,rama1,11,Inteligencia,5
38D4E515,27,rama2,18,Potencia,7
38D4E515,27,rama2,19,Presion,7
38D4E515,27,rama2,22,Control,10
38D4E515,27,rama2,23,Fisico,10
4FD3D583,27,tronco,6,Potencia,3
4FD3D583,27,tronco,7,Agilidad,3
4FD3D583,27,rama1,10,Tecnica,5
4FD3D583,27,rama1,11,Fisico,5
4FD3D583,27,rama2,18,Control,7
4FD3D583,27,rama2,19,Agilidad,7
4FD3D583,27,rama2,22,Potencia,10
4FD3D583,27,rama2,23,Agilidad,10
D6DA8439,27,tronco,6,Inteligencia,3
D6DA8439,27,tronco,7,Fisico,3
D6DA8439,27,rama1,10,Inteligencia,5
D6DA8439,27,rama1,11,Agilidad,5
D6DA8439,27,rama2,18,Fisico,7
D6DA8439,27,rama2,19,Agilidad,7
D6DA8439,27,rama2,22,Presion,10
D6DA8439,27,rama2,23,Presion,10
A1DDB4AF,27,tronco,6,Potencia,3
A1DDB4AF,27,tronco,7,Presion,3
A1DDB4AF,27,rama1,10,Tecnica,5
A1DDB4AF,27,rama1,11,Fisico,5
A1DDB4AF,27,rama2,18,Tecnica,7
A1DDB4AF,27,rama2,19,Tecnica,7
A1DDB4AF,27,rama2,22,Control,10
A1DDB4AF,27,rama2,23,Inteligencia,10
3162A93E,27,tronco,6,Potencia,3
3162A93E,27,tronco,7,Fisico,3
3162A93E,27,rama1,10,Tecnica,5
3162A93E,27,rama1,11,Agilidad,5
3162A93E,27,rama2,18,Control,7
3162A93E,27,rama2,19,Agilidad,7
3162A93E,27,rama2,22,Tecnica,10
3162A93E,27,rama2,23,Presion,10
466599A8,27,tronco,6,Control,3
466599A8,27,tronco,7,Potencia,3
466599A8,27,rama1,10,Tecnica,5
466599A8,27,rama1,11,Control,5
466599A8,27,rama2,18,Presion,7
466599A8,27,rama2,19,Potencia,7
466599A8,27,rama2,22,Tecnica,10
466599A8,27,rama2,23,Potencia,10
17E8CDF4,27,tronco,6,Control,3
17E8CDF4,27,tronco,7,Presion,3
17E8CDF4,27,rama1,10,Tecnica,5
17E8CDF4,27,rama1,11,Control,5
17E8CDF4,27,rama2,18,Presion,7
17E8CDF4,27,rama2,19,Potencia,7
17E8CDF4,27,rama2,22,Tecnica,10
17E8CDF4,27,rama2,23,Potencia,10
8EE19C4E,27,tronco,6,Presion,5
8EE19C4E,27,tronco,7,Tecnica,5
8EE19C4E,27,rama1,10,Fisico,7
8EE19C4E,27,rama1,11,Presion,7
8EE19C4E,27,rama2,18,Inteligencia,7
8EE19C4E,27,rama2,19,Control,7
8EE19C4E,27,rama2,22,Presion,10
8EE19C4E,27,rama2,23,Control,10
F9E6ACD8,27,tronco,6,Presion,3
F9E6ACD8,27,tronco,7,Fisico,3
F9E6ACD8,27,rama1,10,Inteligencia,5
F9E6ACD8,27,rama1,11,Agilidad,5
F9E6ACD8,27,rama2,18,Tecnica,7
F9E6ACD8,27,rama2,19,Agilidad,7
F9E6ACD8,27,rama2,22,Presion,10
F9E6ACD8,27,rama2,23,Agilidad,10
A12D0588,27,tronco,6,Potencia,3
A12D0588,27,tronco,7,Control,3
A12D0588,27,rama1,10,Tecnica,5
A12D0588,27,rama1,11,Control,5
A12D0588,27,rama2,18,Potencia,7
A12D0588,27,rama2,22,Potencia,10
A12D0588,27,rama2,23,Control,10
D62A351E,27,tronco,6,Potencia,3
D62A351E,27,tronco,7,Control,3
D62A351E,27,rama1,10,Tecnica,5
D62A351E,27,rama1,11,Control,5
D62A351E,27,rama2,18,Potencia,7
D62A351E,27,rama2,19,Presion,7
D62A351E,27,rama2,22,Potencia,10
D62A351E,27,rama2,23,Control,10
4F2364A4,27,tronco,6,Potencia,3
4F2364A4,27,tronco,7,Fisico,3
4F2364A4,27,rama1,10,Control,5
4F2364A4,27,rama1,11,Presion,5
4F2364A4,27,rama2,18,Potencia,7
4F2364A4,27,rama2,19,Inteligencia,7
4F2364A4,27,rama2,22,Potencia,10
4F2364A4,27,rama2,23,Fisico,10
38245432,27,tronco,6,Potencia,3
38245432,27,tronco,7,Fisico,3
38245432,27,rama1,10,Potencia,5
38245432,27,rama1,11,Agilidad,5
38245432,27,rama2,18,Control,7
38245432,27,rama2,19,Fisico,7
38245432,27,rama2,22,Potencia,10
38245432,27,rama2,23,Agilidad,10
A640C191,27,tronco,6,Potencia,3
A640C191,27,tronco,7,Presion,3
A640C191,27,rama1,10,Tecnica,5
A640C191,27,rama1,11,Presion,5
A640C191,27,rama2,18,Control,7
A640C191,27,rama2,19,Fisico,7
A640C191,27,rama2,22,Tecnica,10
A640C191,27,rama2,23,Presion,10
D147F107,27,tronco,6,Potencia,3
D147F107,27,tronco,7,Fisico,3
D147F107,27,rama1,10,Control,5
D147F107,27,rama1,11,Presion,5
D147F107,27,rama2,18,Potencia,7
D147F107,27,rama2,19,Inteligencia,7
D147F107,27,rama2,22,Potencia,10
D147F107,27,rama2,23,Fisico,10
484EA0BD,27,tronco,6,Inteligencia,3
484EA0BD,27,tronco,7,Fisico,3
484EA0BD,27,rama1,10,Presion,5
484EA0BD,27,rama1,11,Agilidad,5
484EA0BD,27,rama2,18,Fisico,7
484EA0BD,27,rama2,19,Fisico,7
484EA0BD,27,rama2,22,Inteligencia,10
484EA0BD,27,rama2,23,Agilidad,10
3F49902B,27,tronco,6,Potencia,3
3F49902B,27,tronco,7,Fisico,3
3F49902B,27,rama1,10,Control,5
3F49902B,27,rama1,11,Presion,5
3F49902B,27,rama2,18,Potencia,7
3F49902B,27,rama2,19,Inteligencia,7
3F49902B,27,rama2,22,Potencia,10
3F49902B,27,rama2,23,Fisico,10
AFF68DBA,27,tronco,6,Potencia,3
AFF68DBA,27,tronco,7,Fisico,3
AFF68DBA,27,rama1,10,Potencia,5
AFF68DBA,27,rama1,11,Agilidad,5
AFF68DBA,27,rama2,18,Control,7
AFF68DBA,27,rama2,19,Fisico,7
AFF68DBA,27,rama2,22,Potencia,10
AFF68DBA,27,rama2,23,Agilidad,10
D8F1BD2C,27,tronco,6,Potencia,3
D8F1BD2C,27,tronco,7,Control,3
D8F1BD2C,27,rama1,10,Tecnica,5
D8F1BD2C,27,rama1,11,Control,5
D8F1BD2C,27,rama2,18,Potencia,7
D8F1BD2C,27,rama2,19,Presion,7
D8F1BD2C,27,rama2,22,Potencia,10
D8F1BD2C,27,rama2,23,Control,10
6761B45C,27,tronco,6,Potencia,3
6761B45C,27,tronco,7,Presion,3
6761B45C,27,rama1,10,Tecnica,5
6761B45C,27,rama1,11,Tecnica,5
6761B45C,27,rama2,18,Potencia,7
6761B45C,27,rama2,19,Fisico,7
6761B45C,27,rama2,22,Control,10
6761B45C,27,rama2,23,Presion,10
106684CA,27,tronco,6,Potencia,3
106684CA,27,tronco,7,Presion,3
106684CA,27,rama1,10,Tecnica,5
106684CA,27,rama1,11,Tecnica,5
106684CA,27,rama2,18,Potencia,7
106684CA,27,rama2,19,Fisico,7
106684CA,27,rama2,22,Control,10
106684CA,27,rama2,23,Presion,10
896FD570,27,tronco,6,Potencia,3
896FD570,27,tronco,7,Presion,3
896FD570,27,rama1,10,Potencia,5
896FD570,27,rama1,11,Tecnica,5
896FD570,27,rama2,18,Control,7
896FD570,27,rama2,19,Fisico,7
896FD570,27,rama2,22,Potencia,10
896FD570,27,rama2,23,Control,10
FE68E5E6,27,tronco,6,Potencia,3
FE68E5E6,27,tronco,7,Agilidad,3
FE68E5E6,27,rama1,10,Tecnica,5
FE68E5E6,27,rama1,11,Agilidad,5
FE68E5E6,27,rama2,18,Potencia,7
FE68E5E6,27,rama2,19,Fisico,10
FE68E5E6,27,rama2,22,Potencia,10
FE68E5E6,27,rama2,23,Agilidad,10
600C7045,27,tronco,6,Potencia,3
600C7045,27,tronco,7,Presion,3
600C7045,27,rama1,10,Tecnica,5
600C7045,27,rama1,11,Presion,5
600C7045,27,rama2,18,Tecnica,7
600C7045,27,rama2,19,Fisico,7
600C7045,27,rama2,22,Control,10
600C7045,27,rama2,23,Inteligencia,10
170B40D3,27,tronco,6,Tecnica,3
170B40D3,27,tronco,7,Fisico,3
170B40D3,27,rama1,10,Presion,5
170B40D3,27,rama1,11,Agilidad,5
170B40D3,27,rama2,18,Control,7
170B40D3,27,rama2,19,Fisico,7
170B40D3,27,rama2,22,Tecnica,10
170B40D3,27,rama2,23,Agilidad,10
8E021169,27,tronco,6,Presion,3
8E021169,27,tronco,7,Agilidad,3
8E021169,27,rama1,10,Fisico,5
8E021169,27,rama1,11,Agilidad,5
8E021169,27,rama2,18,Inteligencia,7
8E021169,27,rama2,19,Agilidad,7
8E021169,27,rama2,22,Presion,10
8E021169,27,rama2,23,Agilidad,10
F90521FF,27,tronco,6,Potencia,3
F90521FF,27,tronco,7,Presion,3
F90521FF,27,rama1,10,Potencia,5
F90521FF,27,rama1,11,Tecnica,5
F90521FF,27,rama2,18,Control,7
F90521FF,27,rama2,19,Fisico,7
F90521FF,27,rama2,22,Potencia,10
F90521FF,27,rama2,23,Control,10
69BA3C6E,27,tronco,6,Potencia,3
69BA3C6E,27,tronco,7,Agilidad,3
69BA3C6E,27,rama1,10,Tecnica,5
69BA3C6E,27,rama1,11,Agilidad,5
69BA3C6E,27,rama2,18,Potencia,7
69BA3C6E,27,rama2,19,Fisico,10
69BA3C6E,27,rama2,22,Potencia,10
69BA3C6E,27,rama2,23,Agilidad,10
1EBD0CF8,27,tronco,6,Potencia,3
1EBD0CF8,27,tronco,7,Presion,3
1EBD0CF8,27,rama1,10,Tecnica,5
1EBD0CF8,27,rama1,11,Tecnica,5
1EBD0CF8,27,rama2,18,Potencia,7
1EBD0CF8,27,rama2,19,Fisico,7
1EBD0CF8,27,rama2,22,Control,10
1EBD0CF8,27,rama2,23,Presion,10
2D453D85,27,tronco,6,Control,3
2D453D85,27,tronco,7,Control,3
2D453D85,27,rama1,10,Tecnica,5
2D453D85,27,rama1,11,Control,5
2D453D85,27,rama2,18,Tecnica,7
2D453D85,27,rama2,19,Potencia,7
2D453D85,27,rama2,22,Tecnica,10
2D453D85,27,rama2,23,Control,10
5A420D13,27,tronco,6,Control,3
5A420D13,27,tronco,7,Presion,3
5A420D13,27,rama1,10,Tecnica,5
5A420D13,27,rama1,11,Fisico,5
5A420D13,27,rama2,18,Tecnica,7
5A420D13,27,rama2,19,Inteligencia,7
5A420D13,27,rama2,22,Tecnica,10
5A420D13,27,rama2,23,Presion,10
C34B5CA9,27,tronco,6,Control,3
C34B5CA9,27,tronco,7,Control,3
C34B5CA9,27,rama1,10,Potencia,5
C34B5CA9,27,rama1,11,Control,5
C34B5CA9,27,rama2,18,Potencia,7
C34B5CA9,27,rama2,19,Presion,7
C34B5CA9,27,rama2,22,Potencia,10
C34B5CA9,27,rama2,23,Tecnica,10
B44C6C3F,27,tronco,6,Control,3
B44C6C3F,27,tronco,7,Agilidad,3
B44C6C3F,27,rama1,10,Tecnica,5
B44C6C3F,27,rama1,11,Fisico,5
B44C6C3F,27,rama2,18,Presion,7
B44C6C3F,27,rama2,19,Agilidad,7
B44C6C3F,27,rama2,22,Tecnica,10
B44C6C3F,27,rama2,23,Agilidad,10
2A28F99C,27,tronco,6,Potencia,3
2A28F99C,27,tronco,7,Presion,3
2A28F99C,27,rama1,10,Control,5
2A28F99C,27,rama1,11,Fisico,5
2A28F99C,27,rama2,18,Control,7
2A28F99C,27,rama2,19,Inteligencia,7
2A28F99C,27,rama2,22,Potencia,10
2A28F99C,27,rama2,23,Fisico,10
5D2FC90A,27,tronco,6,Control,3
5D2FC90A,27,tronco,7,Fisico,3
5D2FC90A,27,rama1,10,Potencia,5
5D2FC90A,27,rama1,11,Agilidad,5
5D2FC90A,27,rama2,18,Potencia,7
5D2FC90A,27,rama2,19,Fisico,7
5D2FC90A,27,rama2,22,Potencia,10
5D2FC90A,27,rama2,23,Agilidad,10
C42698B0,27,tronco,6,Inteligencia,3
C42698B0,27,tronco,7,Agilidad,3
C42698B0,27,rama1,10,Presion,5
C42698B0,27,rama1,11,Fisico,5
C42698B0,27,rama2,18,Presion,7
C42698B0,27,rama2,19,Agilidad,7
C42698B0,27,rama2,22,Inteligencia,10
C42698B0,27,rama2,23,Agilidad,10
B321A826,27,tronco,6,Control,3
B321A826,27,tronco,7,Control,3
B321A826,27,rama1,10,Potencia,5
B321A826,27,rama1,11,Control,5
B321A826,27,rama2,18,Potencia,7
B321A826,27,rama2,19,Presion,7
B321A826,27,rama2,22,Potencia,10
B321A826,27,rama2,23,Tecnica,10
239EB5B7,27,tronco,6,Control,3
239EB5B7,27,tronco,7,Agilidad,3
239EB5B7,27,rama1,10,Tecnica,5
239EB5B7,27,rama1,11,Fisico,5
239EB5B7,27,rama2,18,Presion,7
239EB5B7,27,rama2,19,Agilidad,7
239EB5B7,27,rama2,22,Tecnica,10
239EB5B7,27,rama2,23,Agilidad,10
54998521,27,tronco,6,Control,3
54998521,27,tronco,7,Presion,3
54998521,27,rama1,10,Tecnica,5
54998521,27,rama1,11,Fisico,5
54998521,27,rama2,18,Tecnica,7
54998521,27,rama2,19,Inteligencia,7
54998521,27,rama2,22,Tecnica,10
54998521,27,rama2,23,Presion,10
96B1669B,27,tronco,6,Agilidad,3
96B1669B,27,tronco,7,Potencia,5
96B1669B,27,rama1,10,Fisico,5
96B1669B,27,rama1,11,Tecnica,5
96B1669B,27,rama2,18,Agilidad,7
96B1669B,27,rama2,19,Control,7
96B1669B,27,rama2,22,Agilidad,10
96B1669B,27,rama2,23,Potencia,10
E1B6560D,27,tronco,6,Agilidad,3
E1B6560D,27,tronco,7,Potencia,5
E1B6560D,27,rama1,10,Fisico,5
E1B6560D,27,rama1,11,Tecnica,5
E1B6560D,27,rama2,18,Agilidad,7
E1B6560D,27,rama2,19,Control,7
E1B6560D,27,rama2,22,Agilidad,10
E1B6560D,27,rama2,23,Potencia,10
78BF07B7,27,tronco,6,Agilidad,3
78BF07B7,27,tronco,7,Potencia,3
78BF07B7,27,rama1,10,Fisico,5
78BF07B7,27,rama1,11,Tecnica,5
78BF07B7,27,rama2,18,Agilidad,7
78BF07B7,27,rama2,19,Control,7
78BF07B7,27,rama2,22,Fisico,10
78BF07B7,27,rama2,23,Presion,10
0FB83721,27,tronco,6,Agilidad,3
0FB83721,27,tronco,7,Inteligencia,3
0FB83721,27,rama1,10,Fisico,5
0FB83721,27,rama1,11,Presion,5
0FB83721,27,rama2,18,Fisico,7
0FB83721,27,rama2,19,Inteligencia,7
0FB83721,27,rama2,22,Agilidad,10
0FB83721,27,rama2,23,Presion,10
91DCA282,27,tronco,6,Control,3
91DCA282,27,tronco,7,Potencia,5
91DCA282,27,rama1,10,Potencia,5
91DCA282,27,rama1,11,Tecnica,5
91DCA282,27,rama2,18,Potencia,7
91DCA282,27,rama2,19,Control,7
91DCA282,27,rama2,22,Potencia,10
91DCA282,27,rama2,23,Control,10
E6DB9214,27,tronco,6,Potencia,3
E6DB9214,27,tronco,7,Presion,3
E6DB9214,27,rama1,10,Potencia,5
E6DB9214,27,rama1,11,Fisico,5
E6DB9214,27,rama2,18,Potencia,7
E6DB9214,27,rama2,19,Inteligencia,7
E6DB9214,27,rama2,22,Control,10
E6DB9214,27,rama2,23,Presion,10
7FD2C3AE,27,tronco,6,Control,3
7FD2C3AE,27,tronco,7,Inteligencia,3
7FD2C3AE,27,rama1,10,Tecnica,5
7FD2C3AE,27,rama1,11,Fisico,5
7FD2C3AE,27,rama2,18,Presion,7
7FD2C3AE,27,rama2,19,Inteligencia,7
7FD2C3AE,27,rama2,22,Control,10
7FD2C3AE,27,rama2,23,Presion,10
08D5F338,27,tronco,6,Agilidad,3
08D5F338,27,tronco,7,Potencia,3
08D5F338,27,rama1,10,Fisico,5
08D5F338,27,rama1,11,Tecnica,5
08D5F338,27,rama2,18,Agilidad,7
08D5F338,27,rama2,19,Control,7
08D5F338,27,rama2,22,Fisico,10
08D5F338,27,rama2,23,Presion,10
986AEEA9,27,tronco,6,Agilidad,3
986AEEA9,27,tronco,7,Inteligencia,3
986AEEA9,27,rama1,10,Fisico,5
986AEEA9,27,rama1,11,Presion,5
986AEEA9,27,rama2,18,Fisico,7
986AEEA9,27,rama2,19,Inteligencia,7
986AEEA9,27,rama2,22,Agilidad,10
986AEEA9,27,rama2,23,Presion,10
EF6DDE3F,27,tronco,6,Agilidad,3
EF6DDE3F,27,tronco,7,Potencia,5
EF6DDE3F,27,rama1,10,Fisico,5
EF6DDE3F,27,rama1,11,Tecnica,5
EF6DDE3F,27,rama2,18,Agilidad,7
EF6DDE3F,27,rama2,19,Control,7
EF6DDE3F,27,rama2,22,Agilidad,10
EF6DDE3F,27,rama2,23,Potencia,10
8FAA57DA,27,tronco,6,Agilidad,3
8FAA57DA,27,tronco,7,Potencia,5
8FAA57DA,27,rama1,10,Fisico,5
8FAA57DA,27,rama1,11,Potencia,5
8FAA57DA,27,rama2,18,Agilidad,7
8FAA57DA,27,rama2,19,Control,7
8FAA57DA,27,rama2,22,Agilidad,10
8FAA57DA,27,rama2,23,Potencia,10
F8AD674C,27,tronco,6,Agilidad,3
F8AD674C,27,tronco,7,Potencia,3
F8AD674C,27,rama1,10,Fisico,5
F8AD674C,27,rama1,11,Tecnica,5
F8AD674C,27,rama2,18,Agilidad,7
F8AD674C,27,rama2,19,Control,7
F8AD674C,27,rama2,22,Fisico,10
F8AD674C,27,rama2,23,Presion,10
61A436F6,27,tronco,6,Agilidad,3
61A436F6,27,tronco,7,Inteligencia,3
61A436F6,27,rama1,10,Fisico,5
61A436F6,27,rama1,11,Presion,5
61A436F6,27,rama2,18,Fisico,7
61A436F6,27,rama2,19,Inteligencia,7
61A436F6,27,rama2,22,Agilidad,10
61A436F6,27,rama2,23,Presion,10
B6D47F93,27,tronco,6,Potencia,3
B6D47F93,27,tronco,7,Control,3
B6D47F93,27,rama1,10,Control,5
B6D47F93,27,rama1,11,Tecnica,5
B6D47F93,27,rama2,18,Potencia,7
B6D47F93,27,rama2,19,Tecnica,7
B6D47F93,27,rama2,22,Tecnica,10
B6D47F93,27,rama2,23,Control,10
C1D34F05,27,tronco,6,Potencia,3
C1D34F05,27,tronco,7,Control,3
C1D34F05,27,rama1,10,Control,5
C1D34F05,27,rama1,11,Tecnica,5
C1D34F05,27,rama2,18,Potencia,7
C1D34F05,27,rama2,19,Tecnica,7
C1D34F05,27,rama2,22,Tecnica,10
C1D34F05,27,rama2,23,Control,10
58DA1EBF,27,tronco,6,Fisico,3
58DA1EBF,27,tronco,7,Presion,3
58DA1EBF,27,rama1,10,Presion,5
58DA1EBF,27,rama1,11,Fisico,5
58DA1EBF,27,rama2,18,Control,7
58DA1EBF,27,rama2,19,Presion,7
58DA1EBF,27,rama2,22,Tecnica,10
58DA1EBF,27,rama2,23,Inteligencia,10
2FDD2E29,27,tronco,6,Potencia,3
2FDD2E29,27,tronco,7,Presion,3
2FDD2E29,27,rama1,10,Control,5
2FDD2E29,27,rama1,11,Agilidad,5
2FDD2E29,27,rama2,18,Tecnica,7
2FDD2E29,27,rama2,19,Agilidad,7
2FDD2E29,27,rama2,22,Tecnica,10
2FDD2E29,27,rama2,23,Fisico,10
B1B9BB8A,27,tronco,6,Potencia,3
B1B9BB8A,27,tronco,7,Inteligencia,3
B1B9BB8A,27,rama1,10,Control,5
B1B9BB8A,27,rama1,11,Inteligencia,5
B1B9BB8A,27,rama2,18,Potencia,7
B1B9BB8A,27,rama2,19,Fisico,7
B1B9BB8A,27,rama2,22,Potencia,10
B1B9BB8A,27,rama2,23,Presion,10
C6BE8B1C,27,tronco,6,Control,3
C6BE8B1C,27,tronco,7,Agilidad,3
C6BE8B1C,27,rama1,10,Potencia,5
C6BE8B1C,27,rama1,11,Fisico,5
C6BE8B1C,27,rama2,18,Control,7
C6BE8B1C,27,rama2,19,Agilidad,7
C6BE8B1C,27,rama2,22,Potencia,10
C6BE8B1C,27,rama2,23,Agilidad,10
5FB7DAA6,27,tronco,6,Potencia,3
5FB7DAA6,27,tronco,7,Fisico,3
5FB7DAA6,27,rama1,10,Presion,5
5FB7DAA6,27,rama1,11,Agilidad,5
5FB7DAA6,27,rama2,18,Fisico,7
5FB7DAA6,27,rama2,19,Agilidad,7
5FB7DAA6,27,rama2,22,Presion,10
5FB7DAA6,27,rama2,23,Fisico,10
28B0EA30,27,tronco,6,Potencia,3
28B0EA30,27,tronco,7,Control,3
28B0EA30,27,rama1,10,Control,5
28B0EA30,27,rama1,11,Tecnica,5
28B0EA30,27,rama2,18,Potencia,7
28B0EA30,27,rama2,19,Tecnica,7
28B0EA30,27,rama2,22,Tecnica,10
28B0EA30,27,rama2,23,Control,10
B80FF7A1,27,tronco,6,Fisico,3
B80FF7A1,27,tronco,7,Presion,3
B80FF7A1,27,rama1,10,Presion,5
B80FF7A1,27,rama1,11,Fisico,5
B80FF7A1,27,rama2,18,Control,7
B80FF7A1,27,rama2,19,Presion,7
B80FF7A1,27,rama2,22,Tecnica,10
B80FF7A1,27,rama2,23,Inteligencia,10
CF08C737,27,tronco,6,Fisico,3
CF08C737,27,tronco,7,Presion,3
CF08C737,27,rama1,10,Presion,5
CF08C737,27,rama1,11,Fisico,5
CF08C737,27,rama2,18,Control,7
CF08C737,27,rama2,19,Presion,7
CF08C737,27,rama2,22,Tecnica,10
CF08C737,27,rama2,23,Inteligencia,10
8BB45623,27,tronco,6,Potencia,5
8BB45623,27,tronco,7,Control,5
8BB45623,27,rama1,10,Control,7
8BB45623,27,rama1,11,Presion,7
8BB45623,27,rama2,18,Potencia,7
8BB45623,27,rama2,19,Tecnica,10
8BB45623,27,rama2,22,Control,10
8BB45623,27,rama2,23,Presion,10
FCB366B5,27,tronco,6,Potencia,5
FCB366B5,27,tronco,7,Control,5
FCB366B5,27,rama1,10,Control,7
FCB366B5,27,rama1,11,Presion,7
FCB366B5,27,rama2,18,Potencia,7
FCB366B5,27,rama2,19,Tecnica,10
FCB366B5,27,rama2,22,Control,10
FCB366B5,27,rama2,23,Presion,10
65BA370F,27,tronco,6,Potencia,5
65BA370F,27,tronco,7,Presion,5
65BA370F,27,rama1,10,Control,7
65BA370F,27,rama1,11,Presion,7
65BA370F,27,rama2,18,Potencia,7
65BA370F,27,rama2,19,Inteligencia,10
65BA370F,27,rama2,22,Potencia,10
65BA370F,27,rama2,23,Presion,10
12BD0799,27,tronco,6,Control,5
12BD0799,27,tronco,7,Agilidad,5
12BD0799,27,rama1,10,Control,7
12BD0799,27,rama1,11,Fisico,5
12BD0799,27,rama2,18,Potencia,7
12BD0799,27,rama2,19,Agilidad,7
12BD0799,27,rama2,22,Potencia,10
12BD0799,27,rama2,23,Fisico,10
8CD9923A,27,tronco,6,Control,5
8CD9923A,27,tronco,7,Agilidad,5
8CD9923A,27,rama1,10,Control,7
8CD9923A,27,rama1,11,Fisico,5
8CD9923A,27,rama2,18,Tecnica,7
8CD9923A,27,rama2,19,Agilidad,7
8CD9923A,27,rama2,22,Presion,10
8CD9923A,27,rama2,23,Agilidad,10
FBDEA2AC,27,tronco,6,Control,5
FBDEA2AC,27,tronco,7,Agilidad,5
FBDEA2AC,27,rama1,10,Control,7
FBDEA2AC,27,rama1,11,Fisico,5
FBDEA2AC,27,rama2,18,Potencia,7
FBDEA2AC,27,rama2,19,Agilidad,7
FBDEA2AC,27,rama2,22,Potencia,10
FBDEA2AC,27,rama2,23,Fisico,10
62D7F316,27,tronco,6,Control,5
62D7F316,27,tronco,7,Tecnica,5
62D7F316,27,rama1,10,Presion,7
62D7F316,27,rama1,11,Fisico,7
62D7F316,27,rama2,18,Tecnica,10
62D7F316,27,rama2,19,Presion,10
62D7F316,27,rama2,22,Control,10
62D7F316,27,rama2,23,Fisico,10
15D0C380,27,tronco,6,Potencia,5
15D0C380,27,tronco,7,Control,5
15D0C380,27,rama1,10,Control,7
15D0C380,27,rama1,11,Presion,7
15D0C380,27,rama2,18,Potencia,7
15D0C380,27,rama2,19,Tecnica,10
15D0C380,27,rama2,23,Presion,10
856FDE11,27,tronco,6,Potencia,5
856FDE11,27,tronco,7,Presion,5
856FDE11,27,rama1,10,Control,7
856FDE11,27,rama1,11,Presion,7
856FDE11,27,rama2,18,Potencia,7
856FDE11,27,rama2,19,Inteligencia,10
856FDE11,27,rama2,22,Potencia,10
856FDE11,27,rama2,23,Presion,10
F268EE87,27,tronco,6,Potencia,5
F268EE87,27,tronco,7,Control,5
F268EE87,27,rama1,10,Control,7
F268EE87,27,rama1,11,Presion,7
F268EE87,27,rama2,18,Potencia,7
F268EE87,27,rama2,19,Tecnica,10
F268EE87,27,rama2,23,Presion,10
BADA2CAC,27,tronco,6,Presion,3
BADA2CAC,27,tronco,7,Potencia,3
BADA2CAC,27,rama1,10,Presion,5
BADA2CAC,27,rama1,11,Control,5
BADA2CAC,27,rama2,18,Inteligencia,7
BADA2CAC,27,rama2,19,Potencia,7
BADA2CAC,27,rama2,22,Presion,10
BADA2CAC,27,rama2,23,Control,10
CDDD1C3A,27,tronco,6,Presion,3
CDDD1C3A,27,tronco,7,Potencia,3
CDDD1C3A,27,rama1,10,Presion,5
CDDD1C3A,27,rama1,11,Control,5
CDDD1C3A,27,rama2,18,Inteligencia,7
CDDD1C3A,27,rama2,19,Potencia,7
CDDD1C3A,27,rama2,22,Presion,10
CDDD1C3A,27,rama2,23,Control,10
54D44D80,27,tronco,6,Presion,3
54D44D80,27,tronco,7,Presion,3
54D44D80,27,rama1,10,Fisico,5
54D44D80,27,rama1,11,Control,5
54D44D80,27,rama2,18,Inteligencia,7
54D44D80,27,rama2,19,Presion,7
54D44D80,27,rama2,22,Presion,10
54D44D80,27,rama2,23,Tecnica,10
23D37D16,27,tronco,6,Fisico,3
23D37D16,27,tronco,7,Fisico,3
23D37D16,27,rama1,10,Inteligencia,5
23D37D16,27,rama1,11,Agilidad,5
23D37D16,27,rama2,18,Inteligencia,7
23D37D16,27,rama2,19,Agilidad,7
23D37D16,27,rama2,22,Presion,10
23D37D16,27,rama2,23,Fisico,10
BDB7E8B5,27,tronco,6,Presion,3
BDB7E8B5,27,tronco,7,Potencia,3
BDB7E8B5,27,rama1,10,Tecnica,5
BDB7E8B5,27,rama1,11,Control,5
BDB7E8B5,27,rama2,18,Control,7
BDB7E8B5,27,rama2,19,Potencia,7
BDB7E8B5,27,rama2,22,Tecnica,10
BDB7E8B5,27,rama2,23,Control,10
CAB0D823,27,tronco,6,Potencia,3
CAB0D823,27,tronco,7,Agilidad,3
CAB0D823,27,rama1,10,Control,5
CAB0D823,27,rama1,11,Fisico,5
CAB0D823,27,rama2,18,Potencia,7
CAB0D823,27,rama2,19,Fisico,7
CAB0D823,27,rama2,22,Potencia,10
CAB0D823,27,rama2,23,Agilidad,10
53B98999,27,tronco,6,Tecnica,3
53B98999,27,tronco,7,Fisico,3
53B98999,27,rama1,10,Tecnica,5
53B98999,27,rama1,11,Agilidad,5
53B98999,27,rama2,18,Control,7
53B98999,27,rama2,19,Agilidad,7
53B98999,27,rama2,22,Presion,10
53B98999,27,rama2,23,Agilidad,10
24BEB90F,27,tronco,6,Presion,3
24BEB90F,27,tronco,7,Potencia,3
24BEB90F,27,rama1,10,Presion,5
24BEB90F,27,rama1,11,Control,5
24BEB90F,27,rama2,18,Inteligencia,7
24BEB90F,27,rama2,19,Potencia,7
24BEB90F,27,rama2,22,Presion,10
24BEB90F,27,rama2,23,Control,10
B401A49E,27,tronco,6,Presion,3
B401A49E,27,tronco,7,Presion,3
B401A49E,27,rama1,10,Fisico,5
B401A49E,27,rama1,11,Control,5
B401A49E,27,rama2,18,Inteligencia,7
B401A49E,27,rama2,19,Presion,7
B401A49E,27,rama2,22,Presion,10
B401A49E,27,rama2,23,Tecnica,10
C3069408,27,tronco,6,Presion,3
C3069408,27,tronco,7,Presion,3
C3069408,27,rama1,10,Fisico,5
C3069408,27,rama1,11,Control,5
C3069408,27,rama2,18,Inteligencia,7
C3069408,27,rama2,19,Presion,7
C3069408,27,rama2,22,Presion,10
C3069408,27,rama2,23,Tecnica,10
C762C666,27,tronco,6,Potencia,3
C762C666,27,tronco,7,Fisico,3
C762C666,27,rama1,10,Control,5
C762C666,27,rama1,11,Control,5
C762C666,27,rama2,18,Potencia,7
C762C666,27,rama2,19,Fisico,7
C762C666,27,rama2,22,Potencia,10
C762C666,27,rama2,23,Inteligencia,10
B065F6F0,27,tronco,6,Potencia,3
B065F6F0,27,tronco,7,Inteligencia,3
B065F6F0,27,rama1,10,Tecnica,5
B065F6F0,27,rama1,11,Control,5
B065F6F0,27,rama2,18,Control,7
B065F6F0,27,rama2,19,Presion,7
B065F6F0,27,rama2,22,Potencia,10
B065F6F0,27,rama2,23,Tecnica,10
296CA74A,27,tronco,6,Potencia,3
296CA74A,27,tronco,7,Control,3
296CA74A,27,rama1,10,Potencia,5
296CA74A,27,rama1,11,Fisico,5
296CA74A,27,rama2,18,Control,7
296CA74A,27,rama2,19,Presion,7
296CA74A,27,rama2,22,Potencia,10
296CA74A,27,rama2,23,Tecnica,10
5E6B97DC,27,tronco,6,Potencia,3
5E6B97DC,27,tronco,7,Agilidad,3
5E6B97DC,27,rama1,10,Tecnica,5
5E6B97DC,27,rama1,11,Fisico,5
5E6B97DC,27,rama2,18,Potencia,7
5E6B97DC,27,rama2,19,Agilidad,7
5E6B97DC,27,rama2,22,Potencia,10
5E6B97DC,27,rama2,23,Agilidad,10
C00F027F,27,tronco,6,Tecnica,3
C00F027F,27,tronco,7,Fisico,3
C00F027F,27,rama1,10,Control,5
C00F027F,27,rama1,11,Fisico,5
C00F027F,27,rama2,18,Control,7
C00F027F,27,rama2,19,Agilidad,7
C00F027F,27,rama2,22,Tecnica,10
C00F027F,27,rama2,23,Agilidad,10
B70832E9,27,tronco,6,Fisico,3
B70832E9,27,tronco,7,Agilidad,3
B70832E9,27,rama1,10,Inteligencia,5
B70832E9,27,rama1,11,Fisico,5
B70832E9,27,rama2,18,Presion,7
B70832E9,27,rama2,19,Fisico,7
B70832E9,27,rama2,22,Fisico,10
B70832E9,27,rama2,23,Agilidad,10
2E016353,27,tronco,6,Tecnica,3
2E016353,27,tronco,7,Inteligencia,3
2E016353,27,rama1,10,Tecnica,5
2E016353,27,rama1,11,Fisico,5
2E016353,27,rama2,18,Tecnica,7
2E016353,27,rama2,19,Presion,7
2E016353,27,rama2,22,Control,10
2E016353,27,rama2,23,Presion,10
590653C5,27,tronco,6,Potencia,3
590653C5,27,tronco,7,Control,3
590653C5,27,rama1,10,Potencia,5
590653C5,27,rama1,11,Fisico,5
590653C5,27,rama2,18,Control,7
590653C5,27,rama2,19,Presion,7
590653C5,27,rama2,22,Potencia,10
590653C5,27,rama2,23,Tecnica,10
C9B94E54,27,tronco,6,Potencia,3
C9B94E54,27,tronco,7,Agilidad,3
C9B94E54,27,rama1,10,Tecnica,5
C9B94E54,27,rama1,11,Fisico,5
C9B94E54,27,rama2,18,Potencia,7
C9B94E54,27,rama2,19,Agilidad,7
C9B94E54,27,rama2,22,Potencia,10
C9B94E54,27,rama2,23,Agilidad,10
BEBE7EC2,27,tronco,6,Potencia,3
BEBE7EC2,27,tronco,7,Control,3
BEBE7EC2,27,rama1,10,Potencia,5
BEBE7EC2,27,rama1,11,Fisico,5
BEBE7EC2,27,rama2,18,Control,7
BEBE7EC2,27,rama2,19,Presion,7
BEBE7EC2,27,rama2,22,Potencia,10
BEBE7EC2,27,rama2,23,Tecnica,10
5B8B3DDA,27,tronco,6,Fisico,3
5B8B3DDA,27,tronco,7,Tecnica,3
5B8B3DDA,27,rama1,10,Presion,5
5B8B3DDA,27,rama1,11,Control,5
5B8B3DDA,27,rama2,18,Inteligencia,7
5B8B3DDA,27,rama2,19,Fisico,7
5B8B3DDA,27,rama2,22,Fisico,10
5B8B3DDA,27,rama2,23,Tecnica,10
2C8C0D4C,27,tronco,6,Control,3
2C8C0D4C,27,tronco,7,Tecnica,3
2C8C0D4C,27,rama1,10,Tecnica,5
2C8C0D4C,27,rama1,11,Fisico,5
2C8C0D4C,27,rama2,18,Presion,7
2C8C0D4C,27,rama2,19,Inteligencia,7
2C8C0D4C,27,rama2,22,Control,10
2C8C0D4C,27,rama2,23,Fisico,10
B5855CF6,27,tronco,6,Presion,3
B5855CF6,27,tronco,7,Tecnica,3
B5855CF6,27,rama1,10,Tecnica,5
B5855CF6,27,rama1,11,Potencia,5
B5855CF6,27,rama2,18,Inteligencia,7
B5855CF6,27,rama2,19,Control,7
B5855CF6,27,rama2,22,Fisico,10
B5855CF6,27,rama2,23,Potencia,10
C2826C60,27,tronco,6,Fisico,3
C2826C60,27,tronco,7,Tecnica,3
C2826C60,27,rama1,10,Agilidad,5
C2826C60,27,rama1,11,Fisico,5
C2826C60,27,rama2,18,Fisico,7
C2826C60,27,rama2,19,Fisico,7
C2826C60,27,rama2,22,Agilidad,10
C2826C60,27,rama2,23,Inteligencia,10
5CE6F9C3,27,tronco,6,Control,3
5CE6F9C3,27,tronco,7,Tecnica,3
5CE6F9C3,27,rama1,10,Potencia,5
5CE6F9C3,27,rama1,11,Presion,5
5CE6F9C3,27,rama2,18,Potencia,7
5CE6F9C3,27,rama2,19,Tecnica,7
5CE6F9C3,27,rama2,22,Control,10
5CE6F9C3,27,rama2,23,Control,10
2BE1C955,27,tronco,6,Presion,3
2BE1C955,27,tronco,7,Tecnica,3
2BE1C955,27,rama1,10,Tecnica,5
2BE1C955,27,rama1,11,Potencia,5
2BE1C955,27,rama2,18,Inteligencia,7
2BE1C955,27,rama2,19,Control,7
2BE1C955,27,rama2,22,Fisico,10
2BE1C955,27,rama2,23,Potencia,10
B2E898EF,27,tronco,6,Fisico,3
B2E898EF,27,tronco,7,Tecnica,3
B2E898EF,27,rama1,10,Agilidad,5
B2E898EF,27,rama1,11,Fisico,5
B2E898EF,27,rama2,18,Fisico,7
B2E898EF,27,rama2,19,Fisico,7
B2E898EF,27,rama2,22,Agilidad,10
B2E898EF,27,rama2,23,Inteligencia,10
C5EFA879,27,tronco,6,Control,3
C5EFA879,27,tronco,7,Tecnica,3
C5EFA879,27,rama1,10,Tecnica,5
C5EFA879,27,rama1,11,Fisico,5
C5EFA879,27,rama2,18,Presion,7
C5EFA879,27,rama2,22,Control,10
C5EFA879,27,rama2,23,Fisico,10
5550B5E8,27,tronco,6,Fisico,3
5550B5E8,27,tronco,7,Tecnica,3
5550B5E8,27,rama1,10,Agilidad,5
5550B5E8,27,rama1,11,Fisico,5
5550B5E8,27,rama2,18,Fisico,7
5550B5E8,27,rama2,19,Fisico,7
5550B5E8,27,rama2,22,Agilidad,10
5550B5E8,27,rama2,23,Inteligencia,10
2257857E,27,tronco,6,Presion,3
2257857E,27,tronco,7,Tecnica,3
2257857E,27,rama1,10,Tecnica,5
2257857E,27,rama1,11,Potencia,5
2257857E,27,rama2,18,Inteligencia,7
2257857E,27,rama2,19,Control,7
2257857E,27,rama2,22,Fisico,10
2257857E,27,rama2,23,Potencia,10
A0B554D4,27,tronco,6,Agilidad,3
A0B554D4,27,tronco,7,Control,3
A0B554D4,27,rama1,10,Fisico,5
A0B554D4,27,rama1,11,Potencia,5
A0B554D4,27,rama2,18,Agilidad,7
A0B554D4,27,rama2,19,Potencia,7
A0B554D4,27,rama2,22,Agilidad,10
A0B554D4,27,rama2,23,Control,10
D7B26442,27,tronco,6,Agilidad,3
D7B26442,27,tronco,7,Control,3
D7B26442,27,rama1,10,Fisico,5
D7B26442,27,rama1,11,Potencia,5
D7B26442,27,rama2,18,Agilidad,7
D7B26442,27,rama2,19,Potencia,7
D7B26442,27,rama2,22,Agilidad,10
D7B26442,27,rama2,23,Control,10
4EBB35F8,27,tronco,6,Agilidad,3
4EBB35F8,27,tronco,7,Control,3
4EBB35F8,27,rama1,10,Fisico,5
4EBB35F8,27,rama1,11,Tecnica,5
4EBB35F8,27,rama2,18,Agilidad,7
4EBB35F8,27,rama2,19,Presion,7
4EBB35F8,27,rama2,22,Agilidad,10
4EBB35F8,27,rama2,23,Tecnica,10
39BC056E,27,tronco,6,Agilidad,3
39BC056E,27,tronco,7,Tecnica,3
39BC056E,27,rama1,10,Agilidad,5
39BC056E,27,rama1,11,Presion,5
39BC056E,27,rama2,18,Fisico,7
39BC056E,27,rama2,19,Fisico,7
39BC056E,27,rama2,22,Agilidad,10
39BC056E,27,rama2,23,Inteligencia,10
A7D890CD,27,tronco,6,Tecnica,3
A7D890CD,27,tronco,7,Control,3
A7D890CD,27,rama1,10,Fisico,5
A7D890CD,27,rama1,11,Potencia,5
A7D890CD,27,rama2,18,Presion,7
A7D890CD,27,rama2,19,Potencia,7
A7D890CD,27,rama2,22,Control,10
A7D890CD,27,rama2,23,Control,10
D0DFA05B,27,tronco,6,Control,3
D0DFA05B,27,tronco,7,Fisico,3
D0DFA05B,27,rama1,10,Potencia,5
D0DFA05B,27,rama1,11,Presion,5
D0DFA05B,27,rama2,18,Potencia,7
D0DFA05B,27,rama2,19,Presion,7
D0DFA05B,27,rama2,22,Control,10
D0DFA05B,27,rama2,23,Inteligencia,10
49D6F1E1,27,tronco,6,Control,3
49D6F1E1,27,tronco,7,Presion,3
49D6F1E1,27,rama1,10,Potencia,5
49D6F1E1,27,rama1,11,Presion,5
49D6F1E1,27,rama2,18,Control,7
49D6F1E1,27,rama2,19,Fisico,7
49D6F1E1,27,rama2,22,Potencia,10
49D6F1E1,27,rama2,23,Inteligencia,10
3ED1C177,27,tronco,6,Agilidad,3
3ED1C177,27,tronco,7,Control,3
3ED1C177,27,rama1,10,Fisico,5
3ED1C177,27,rama1,11,Tecnica,5
3ED1C177,27,rama2,18,Agilidad,7
3ED1C177,27,rama2,19,Presion,7
3ED1C177,27,rama2,22,Agilidad,10
3ED1C177,27,rama2,23,Tecnica,10
AE6EDCE6,27,tronco,6,Agilidad,3
AE6EDCE6,27,tronco,7,Tecnica,3
AE6EDCE6,27,rama1,10,Agilidad,5
AE6EDCE6,27,rama1,11,Presion,5
AE6EDCE6,27,rama2,18,Fisico,7
AE6EDCE6,27,rama2,19,Fisico,7
AE6EDCE6,27,rama2,22,Agilidad,10
AE6EDCE6,27,rama2,23,Inteligencia,10
D969EC70,27,tronco,6,Agilidad,3
D969EC70,27,tronco,7,Control,3
D969EC70,27,rama1,10,Fisico,5
D969EC70,27,rama1,11,Potencia,5
D969EC70,27,rama2,18,Agilidad,7
D969EC70,27,rama2,19,Potencia,7
D969EC70,27,rama2,22,Agilidad,10
D969EC70,27,rama2,23,Control,10
B9AE6595,27,tronco,6,Agilidad,3
B9AE6595,27,tronco,7,Control,3
B9AE6595,27,rama1,10,Fisico,5
B9AE6595,27,rama1,11,Potencia,5
B9AE6595,27,rama2,18,Agilidad,7
B9AE6595,27,rama2,19,Potencia,7
B9AE6595,27,rama2,22,Agilidad,10
B9AE6595,27,rama2,23,Control,10
CEA95503,27,tronco,6,Agilidad,3
CEA95503,27,tronco,7,Control,3
CEA95503,27,rama1,10,Fisico,5
CEA95503,27,rama1,11,Tecnica,5
CEA95503,27,rama2,18,Agilidad,7
CEA95503,27,rama2,19,Presion,7
CEA95503,27,rama2,22,Agilidad,10
CEA95503,27,rama2,23,Tecnica,10
57A004B9,27,tronco,6,Agilidad,3
57A004B9,27,tronco,7,Tecnica,3
57A004B9,27,rama1,10,Agilidad,5
57A004B9,27,rama1,11,Presion,5
57A004B9,27,rama2,18,Fisico,7
57A004B9,27,rama2,19,Fisico,7
57A004B9,27,rama2,22,Agilidad,10
57A004B9,27,rama2,23,Inteligencia,10
41A16747,27,tronco,6,Fisico,3
41A16747,27,tronco,7,Potencia,3
41A16747,27,rama1,10,Presion,5
41A16747,27,rama1,11,Potencia,5
41A16747,27,rama2,18,Tecnica,7
41A16747,27,rama2,19,Control,7
41A16747,27,rama2,22,Presion,10
41A16747,27,rama2,23,Potencia,10
36A657D1,27,tronco,6,Potencia,3
36A657D1,27,tronco,7,Fisico,3
36A657D1,27,rama1,10,Potencia,5
36A657D1,27,rama1,11,Presion,5
36A657D1,27,rama2,18,Control,7
36A657D1,27,rama2,19,Tecnica,7
36A657D1,27,rama2,22,Potencia,10
36A657D1,27,rama2,23,Presion,10
AFAF066B,27,tronco,6,Presion,3
AFAF066B,27,tronco,7,Control,3
AFAF066B,27,rama1,10,Fisico,5
AFAF066B,27,rama1,11,Presion,5
AFAF066B,27,rama2,18,Inteligencia,7
AFAF066B,27,rama2,19,Tecnica,7
AFAF066B,27,rama2,22,Control,10
AFAF066B,27,rama2,23,Tecnica,10
D8A836FD,27,tronco,6,Potencia,3
D8A836FD,27,tronco,7,Fisico,3
D8A836FD,27,rama1,10,Presion,5
D8A836FD,27,rama1,11,Agilidad,5
D8A836FD,27,rama2,18,Presion,7
D8A836FD,27,rama2,19,Fisico,7
D8A836FD,27,rama2,22,Presion,10
D8A836FD,27,rama2,23,Agilidad,10
46CCA35E,27,tronco,6,Potencia,3
46CCA35E,27,tronco,7,Control,3
46CCA35E,27,rama1,10,Tecnica,5
46CCA35E,27,rama1,11,Potencia,5
46CCA35E,27,rama2,18,Control,7
46CCA35E,27,rama2,19,Control,7
46CCA35E,27,rama2,22,Tecnica,10
46CCA35E,27,rama2,23,Potencia,10
31CB93C8,27,tronco,6,Presion,3
31CB93C8,27,tronco,7,Fisico,3
31CB93C8,27,rama1,10,Fisico,5
31CB93C8,27,rama1,11,Agilidad,5
31CB93C8,27,rama2,18,Inteligencia,7
31CB93C8,27,rama2,19,Agilidad,7
31CB93C8,27,rama2,22,Control,10
31CB93C8,27,rama2,23,Agilidad,10
A8C2C272,27,tronco,6,Potencia,3
A8C2C272,27,tronco,7,Agilidad,3
A8C2C272,27,rama1,10,Presion,5
A8C2C272,27,rama1,11,Fisico,5
A8C2C272,27,rama2,18,Presion,7
A8C2C272,27,rama2,19,Fisico,7
A8C2C272,27,rama2,22,Presion,10
A8C2C272,27,rama2,23,Agilidad,10
DFC5F2E4,27,tronco,6,Potencia,3
DFC5F2E4,27,tronco,7,Fisico,3
DFC5F2E4,27,rama1,10,Potencia,5
DFC5F2E4,27,rama1,11,Presion,5
DFC5F2E4,27,rama2,18,Control,7
DFC5F2E4,27,rama2,19,Tecnica,7
DFC5F2E4,27,rama2,22,Potencia,10
DFC5F2E4,27,rama2,23,Presion,10
4F7AEF75,27,tronco,6,Presion,3
4F7AEF75,27,tronco,7,Control,3
4F7AEF75,27,rama1,10,Fisico,5
4F7AEF75,27,rama1,11,Presion,5
4F7AEF75,27,rama2,18,Inteligencia,7
4F7AEF75,27,rama2,19,Tecnica,7
4F7AEF75,27,rama2,22,Presion,10
4F7AEF75,27,rama2,23,Tecnica,10
387DDFE3,27,tronco,6,Fisico,3
387DDFE3,27,tronco,7,Potencia,3
387DDFE3,27,rama1,10,Presion,5
387DDFE3,27,rama1,11,Potencia,5
387DDFE3,27,rama2,18,Tecnica,7
387DDFE3,27,rama2,19,Control,7
387DDFE3,27,rama2,22,Inteligencia,10
387DDFE3,27,rama2,23,Potencia,10
93EB60A2,27,tronco,6,Potencia,3
93EB60A2,27,tronco,7,Tecnica,3
93EB60A2,27,rama1,10,Control,5
93EB60A2,27,rama1,11,Presion,5
93EB60A2,27,rama2,18,Potencia,7
93EB60A2,27,rama2,19,Fisico,7
93EB60A2,27,rama2,22,Potencia,10
93EB60A2,27,rama2,23,Tecnica,10
0AE23118,27,tronco,6,Potencia,3
0AE23118,27,tronco,7,Fisico,5
0AE23118,27,rama1,10,Control,5
0AE23118,27,rama1,11,Presion,5
0AE23118,27,rama2,18,Potencia,7
0AE23118,27,rama2,19,Inteligencia,7
0AE23118,27,rama2,22,Potencia,10
0AE23118,27,rama2,23,Presion,10
7DE5018E,27,tronco,6,Control,3
7DE5018E,27,tronco,7,Fisico,3
7DE5018E,27,rama1,10,Control,5
7DE5018E,27,rama1,11,Agilidad,5
7DE5018E,27,rama2,18,Potencia,7
7DE5018E,27,rama2,19,Fisico,7
7DE5018E,27,rama2,22,Potencia,10
7DE5018E,27,rama2,23,Agilidad,10
A4E392C9,27,tronco,6,Inteligencia,3
A4E392C9,27,tronco,7,Control,3
A4E392C9,27,rama1,10,Fisico,5
A4E392C9,27,rama1,11,Potencia,5
A4E392C9,27,rama2,18,Fisico,7
A4E392C9,27,rama2,19,Potencia,7
A4E392C9,27,rama2,22,Presion,10
A4E392C9,27,rama2,23,Control,10
3DEAC373,27,tronco,6,Inteligencia,5
3DEAC373,27,tronco,7,Potencia,5
3DEAC373,27,rama1,10,Fisico,7
3DEAC373,27,rama1,11,Potencia,7
3DEAC373,27,rama2,18,Inteligencia,7
3DEAC373,27,rama2,19,Potencia,10
3DEAC373,27,rama2,22,Presion,5
3DEAC373,27,rama2,23,Control,10
4AEDF3E5,27,tronco,6,Inteligencia,5
4AEDF3E5,27,tronco,7,Fisico,5
4AEDF3E5,27,rama1,10,Fisico,7
4AEDF3E5,27,rama1,11,Agilidad,7
4AEDF3E5,27,rama2,18,Fisico,10
4AEDF3E5,27,rama2,19,Agilidad,7
4AEDF3E5,27,rama2,22,Agilidad,10
4AEDF3E5,27,rama2,23,Agilidad,10
5FDC5A6E,27,tronco,6,Tecnica,3
5FDC5A6E,27,tronco,7,Fisico,3
5FDC5A6E,27,rama1,10,Control,5
5FDC5A6E,27,rama1,11,Presion,5
5FDC5A6E,27,rama2,18,Potencia,7
5FDC5A6E,27,rama2,19,Inteligencia,7
5FDC5A6E,27,rama2,22,Control,10
5FDC5A6E,27,rama2,23,Presion,10
46C76B2F,27,tronco,6,Agilidad,3
46C76B2F,27,tronco,7,Potencia,5
46C76B2F,27,rama1,10,Fisico,5
46C76B2F,27,rama1,11,Tecnica,5
46C76B2F,27,rama2,18,Potencia,7
46C76B2F,27,rama2,19,Agilidad,7
46C76B2F,27,rama2,22,Control,10
46C76B2F,27,rama2,23,Presion,10
6DEA38EC,27,tronco,6,Potencia,3
6DEA38EC,27,tronco,7,Inteligencia,3
6DEA38EC,27,rama1,10,Control,5
6DEA38EC,27,rama1,11,Presion,5
6DEA38EC,27,rama2,18,Potencia,7
6DEA38EC,27,rama2,19,Agilidad,7
6DEA38EC,27,rama2,22,Control,10
6DEA38EC,27,rama2,23,Presion,10
ABE60144,27,tronco,6,Potencia,3
ABE60144,27,tronco,7,Inteligencia,3
ABE60144,27,rama1,10,Control,5
ABE60144,27,rama1,11,Tecnica,5
ABE60144,27,rama2,18,Potencia,10
ABE60144,27,rama2,19,Presion,10
ABE60144,27,rama2,22,Control,10
ABE60144,27,rama2,23,Tecnica,10
DCE131D2,27,tronco,6,Potencia,3
DCE131D2,27,tronco,7,Inteligencia,3
DCE131D2,27,rama1,10,Control,5
DCE131D2,27,rama1,11,Tecnica,5
DCE131D2,27,rama2,18,Potencia,10
DCE131D2,27,rama2,19,Presion,10
DCE131D2,27,rama2,22,Control,10
DCE131D2,27,rama2,23,Tecnica,10
45E86068,27,tronco,6,Potencia,3
45E86068,27,tronco,7,Inteligencia,3
45E86068,27,rama1,10,Control,5
45E86068,27,rama1,11,Presion,5
45E86068,27,rama2,18,Potencia,7
45E86068,27,rama2,19,Fisico,7
45E86068,27,rama2,22,Control,10
45E86068,27,rama2,23,Inteligencia,10
32EF50FE,27,tronco,6,Potencia,3
32EF50FE,27,tronco,7,Agilidad,3
32EF50FE,27,rama1,10,Control,5
32EF50FE,27,rama1,11,Agilidad,5
32EF50FE,27,rama2,18,Tecnica,7
32EF50FE,27,rama2,19,Fisico,7
32EF50FE,27,rama2,22,Control,10
32EF50FE,27,rama2,23,Agilidad,10
AC8BC55D,27,tronco,6,Potencia,3
AC8BC55D,27,tronco,7,Fisico,3
AC8BC55D,27,rama1,10,Control,5
AC8BC55D,27,rama1,11,Presion,5
AC8BC55D,27,rama2,18,Potencia,7
AC8BC55D,27,rama2,19,Presion,7
AC8BC55D,27,rama2,22,Control,10
AC8BC55D,27,rama2,23,Inteligencia,10
DB8CF5CB,27,tronco,6,Potencia,3
DB8CF5CB,27,tronco,7,Agilidad,3
DB8CF5CB,27,rama1,10,Control,5
DB8CF5CB,27,rama1,11,Fisico,5
DB8CF5CB,27,rama2,18,Potencia,7
DB8CF5CB,27,rama2,19,Agilidad,7
DB8CF5CB,27,rama2,22,Potencia,10
DB8CF5CB,27,rama2,23,Agilidad,10
4285A471,27,tronco,6,Presion,3
4285A471,27,tronco,7,Agilidad,3
4285A471,27,rama1,10,Inteligencia,5
4285A471,27,rama1,11,Fisico,5
4285A471,27,rama2,18,Presion,7
4285A471,27,rama2,19,Agilidad,7
4285A471,27,rama2,22,Fisico,10
4285A471,27,rama2,23,Agilidad,10
358294E7,27,tronco,6,Potencia,3
358294E7,27,tronco,7,Inteligencia,3
358294E7,27,rama1,10,Control,5
358294E7,27,rama1,11,Tecnica,5
358294E7,27,rama2,18,Potencia,10
358294E7,27,rama2,19,Presion,10
358294E7,27,rama2,22,Control,10
358294E7,27,rama2,23,Tecnica,10
A53D8976,27,tronco,6,Potencia,3
A53D8976,27,tronco,7,Inteligencia,3
A53D8976,27,rama1,10,Control,5
A53D8976,27,rama1,11,Presion,5
A53D8976,27,rama2,18,Potencia,7
A53D8976,27,rama2,19,Fisico,7
A53D8976,27,rama2,22,Control,10
A53D8976,27,rama2,23,Inteligencia,10
D23AB9E0,27,tronco,6,Potencia,3
D23AB9E0,27,tronco,7,Inteligencia,3
D23AB9E0,27,rama1,10,Control,5
D23AB9E0,27,rama1,11,Tecnica,5
D23AB9E0,27,rama2,18,Potencia,10
D23AB9E0,27,rama2,19,Presion,10
D23AB9E0,27,rama2,22,Potencia,10
D23AB9E0,27,rama2,23,Tecnica,10
5E66A784,27,tronco,6,Potencia,3
5E66A784,27,tronco,7,Control,3
5E66A784,27,rama1,10,Potencia,5
5E66A784,27,rama1,11,Inteligencia,5
5E66A784,27,rama2,18,Potencia,7
5E66A784,27,rama2,19,Fisico,7
5E66A784,27,rama2,22,Control,10
5E66A784,27,rama2,23,Presion,10
29619712,27,tronco,6,Fisico,3
29619712,27,tronco,7,Control,3
29619712,27,rama1,10,Inteligencia,5
29619712,27,rama1,11,Potencia,5
29619712,27,rama2,18,Fisico,7
29619712,27,rama2,19,Potencia,7
29619712,27,rama2,22,Tecnica,10
29619712,27,rama2,23,Control,10
B068C6A8,27,tronco,6,Potencia,3
B068C6A8,27,tronco,7,Control,3
B068C6A8,27,rama1,10,Control,5
B068C6A8,27,rama1,11,Presion,5
B068C6A8,27,rama2,18,Potencia,7
B068C6A8,27,rama2,19,Control,7
B068C6A8,27,rama2,22,Control,10
B068C6A8,27,rama2,23,Tecnica,10
C76FF63E,27,tronco,6,Control,3
C76FF63E,27,tronco,7,Agilidad,3
C76FF63E,27,rama1,10,Potencia,5
C76FF63E,27,rama1,11,Fisico,5
C76FF63E,27,rama2,18,Potencia,7
C76FF63E,27,rama2,19,Agilidad,7
C76FF63E,27,rama2,22,Potencia,10
C76FF63E,27,rama2,23,Agilidad,10
590B639D,27,tronco,6,Fisico,3
590B639D,27,tronco,7,Agilidad,3
590B639D,27,rama1,10,Presion,5
590B639D,27,rama1,11,Fisico,5
590B639D,27,rama2,18,Tecnica,7
590B639D,27,rama2,19,Agilidad,7
590B639D,27,rama2,22,Control,10
590B639D,27,rama2,23,Agilidad,10
2E0C530B,27,tronco,6,Presion,3
2E0C530B,27,tronco,7,Fisico,3
2E0C530B,27,rama1,10,Tecnica,5
2E0C530B,27,rama1,11,Presion,5
2E0C530B,27,rama2,18,Tecnica,7
2E0C530B,27,rama2,19,Inteligencia,7
2E0C530B,27,rama2,22,Control,10
2E0C530B,27,rama2,23,Fisico,10
B70502B1,27,tronco,6,Fisico,3
B70502B1,27,tronco,7,Agilidad,3
B70502B1,27,rama1,10,Inteligencia,5
B70502B1,27,rama1,11,Agilidad,5
B70502B1,27,rama2,18,Fisico,7
B70502B1,27,rama2,19,Agilidad,7
B70502B1,27,rama2,22,Presion,10
B70502B1,27,rama2,23,Fisico,10
C0023227,27,tronco,6,Potencia,3
C0023227,27,tronco,7,Control,3
C0023227,27,rama1,10,Control,5
C0023227,27,rama1,11,Presion,5
C0023227,27,rama2,18,Potencia,7
C0023227,27,rama2,19,Control,7
C0023227,27,rama2,22,Control,10
C0023227,27,rama2,23,Tecnica,10
50BD2FB6,27,tronco,6,Control,3
50BD2FB6,27,tronco,7,Agilidad,3
50BD2FB6,27,rama1,10,Potencia,5
50BD2FB6,27,rama1,11,Fisico,5
50BD2FB6,27,rama2,18,Potencia,7
50BD2FB6,27,rama2,19,Agilidad,7
50BD2FB6,27,rama2,22,Potencia,10
50BD2FB6,27,rama2,23,Agilidad,10
27BA1F20,27,tronco,6,Control,3
27BA1F20,27,tronco,7,Fisico,3
27BA1F20,27,rama1,10,Potencia,5
27BA1F20,27,rama1,11,Inteligencia,5
27BA1F20,27,rama2,18,Potencia,7
27BA1F20,27,rama2,19,Fisico,7
27BA1F20,27,rama2,22,Control,10
27BA1F20,27,rama2,23,Tecnica,10
19C6DD54,27,tronco,6,Inteligencia,3
19C6DD54,27,tronco,7,Potencia,3
19C6DD54,27,rama1,10,Fisico,5
19C6DD54,27,rama1,11,Control,5
19C6DD54,27,rama2,18,Presion,7
19C6DD54,27,rama2,19,Potencia,7
19C6DD54,27,rama2,22,Fisico,10
19C6DD54,27,rama2,23,Tecnica,10
6EC1EDC2,27,tronco,6,Inteligencia,3
6EC1EDC2,27,tronco,7,Potencia,3
6EC1EDC2,27,rama1,10,Fisico,5
6EC1EDC2,27,rama1,11,Control,5
6EC1EDC2,27,rama2,18,Presion,7
6EC1EDC2,27,rama2,19,Potencia,7
6EC1EDC2,27,rama2,22,Fisico,10
6EC1EDC2,27,rama2,23,Tecnica,10
F7C8BC78,27,tronco,6,Inteligencia,3
F7C8BC78,27,tronco,7,Control,3
F7C8BC78,27,rama1,10,Presion,5
F7C8BC78,27,rama1,11,Control,5
F7C8BC78,27,rama2,18,Presion,7
F7C8BC78,27,rama2,19,Tecnica,7
F7C8BC78,27,rama2,22,Inteligencia,10
F7C8BC78,27,rama2,23,Presion,10
80CF8CEE,27,tronco,6,Fisico,3
80CF8CEE,27,tronco,7,Agilidad,3
80CF8CEE,27,rama1,10,Presion,5
80CF8CEE,27,rama1,11,Fisico,5
80CF8CEE,27,rama2,18,Presion,7
80CF8CEE,27,rama2,19,Agilidad,7
80CF8CEE,27,rama2,22,Fisico,10
80CF8CEE,27,rama2,23,Agilidad,10
1EAB194D,27,tronco,6,Tecnica,3
1EAB194D,27,tronco,7,Potencia,3
1EAB194D,27,rama1,10,Tecnica,5
1EAB194D,27,rama1,11,Control,5
1EAB194D,27,rama2,18,Presion,7
1EAB194D,27,rama2,19,Potencia,7
1EAB194D,27,rama2,22,Control,10
1EAB194D,27,rama2,23,Potencia,10
69AC29DB,27,tronco,6,Inteligencia,3
69AC29DB,27,tronco,7,Agilidad,3
69AC29DB,27,rama1,10,Tecnica,5
69AC29DB,27,rama1,11,Fisico,5
69AC29DB,27,rama2,18,Presion,7
69AC29DB,27,rama2,19,Fisico,7
69AC29DB,27,rama2,22,Tecnica,10
69AC29DB,27,rama2,23,Agilidad,10
F0A57861,27,tronco,6,Tecnica,3
F0A57861,27,tronco,7,Fisico,3
F0A57861,27,rama1,10,Control,5
F0A57861,27,rama1,11,Agilidad,5
F0A57861,27,rama2,18,Control,7
F0A57861,27,rama2,19,Agilidad,7
F0A57861,27,rama2,22,Potencia,10
F0A57861,27,rama2,23,Fisico,10
87A248F7,27,tronco,6,Inteligencia,3
87A248F7,27,tronco,7,Potencia,3
87A248F7,27,rama1,10,Tecnica,5
87A248F7,27,rama1,11,Control,5
87A248F7,27,rama2,18,Presion,7
87A248F7,27,rama2,19,Potencia,7
87A248F7,27,rama2,22,Fisico,10
87A248F7,27,rama2,23,Tecnica,10
171D5566,27,tronco,6,Inteligencia,3
171D5566,27,tronco,7,Potencia,3
171D5566,27,rama1,10,Tecnica,5
171D5566,27,rama1,11,Control,5
171D5566,27,rama2,18,Presion,7
171D5566,27,rama2,19,Potencia,7
171D5566,27,rama2,22,Fisico,10
171D5566,27,rama2,23,Tecnica,10
601A65F0,27,tronco,6,Inteligencia,3
601A65F0,27,tronco,7,Potencia,3
601A65F0,27,rama1,10,Tecnica,5
601A65F0,27,rama1,11,Control,5
601A65F0,27,rama2,18,Presion,7
601A65F0,27,rama2,19,Potencia,7
601A65F0,27,rama2,22,Fisico,10
601A65F0,27,rama2,23,Tecnica,10
22ABAE2B,27,tronco,6,Inteligencia,3
22ABAE2B,27,tronco,7,Potencia,3
22ABAE2B,27,rama1,10,Tecnica,5
22ABAE2B,27,rama1,11,Control,5
22ABAE2B,27,rama2,18,Presion,7
22ABAE2B,27,rama2,19,Potencia,7
22ABAE2B,27,rama2,22,Fisico,10
22ABAE2B,27,rama2,23,Control,10
C15F77E0,27,tronco,6,Potencia,3
C15F77E0,27,tronco,7,Inteligencia,5
C15F77E0,27,rama1,10,Tecnica,7
C15F77E0,27,rama1,11,Fisico,7
C15F77E0,27,rama2,18,Control,10
C15F77E0,27,rama2,19,Potencia,10
C15F77E0,27,rama2,22,Potencia,5
C15F77E0,27,rama2,23,Inteligencia,5
0657C667,27,tronco,6,Potencia,3
0657C667,27,tronco,7,Control,3
0657C667,27,rama1,10,Potencia,5
0657C667,27,rama1,11,Presion,5
0657C667,27,rama2,18,Control,7
0657C667,27,rama2,19,Tecnica,7
0657C667,27,rama2,22,Potencia,10
0657C667,27,rama2,23,Tecnica,10
B0F8F0BA,27,tronco,6,Tecnica,3
B0F8F0BA,27,tronco,7,Control,3
B0F8F0BA,27,rama1,10,Tecnica,5
B0F8F0BA,27,rama1,11,Potencia,5
B0F8F0BA,27,rama2,18,Control,7
B0F8F0BA,27,rama2,19,Control,7
B0F8F0BA,27,rama2,22,Control,10
B0F8F0BA,27,rama2,23,Potencia,10
67F18918,27,tronco,6,Control,3
67F18918,27,tronco,7,Tecnica,3
67F18918,27,rama1,10,Tecnica,5
67F18918,27,rama1,11,Presion,5
67F18918,27,rama2,18,Potencia,7
67F18918,27,rama2,19,Tecnica,7
67F18918,27,rama2,22,Potencia,10
67F18918,27,rama2,23,Control,10
B7F15866,27,tronco,6,Control,3
B7F15866,27,tronco,7,Tecnica,3
B7F15866,27,rama1,10,Tecnica,5
B7F15866,27,rama1,11,Presion,5
B7F15866,27,rama2,18,Potencia,7
B7F15866,27,rama2,19,Tecnica,7
B7F15866,27,rama2,22,Potencia,10
B7F15866,27,rama2,23,Control,10
D874B538,27,tronco,6,Potencia,3
D874B538,27,tronco,7,Fisico,3
D874B538,27,rama1,10,Control,5
D874B538,27,rama1,11,Tecnica,5
D874B538,27,rama2,18,Control,7
D874B538,27,rama2,19,Control,7
D874B538,27,rama2,22,Potencia,10
D874B538,27,rama2,23,Tecnica,10
AF7385AE,27,tronco,6,Potencia,3
AF7385AE,27,tronco,7,Inteligencia,3
AF7385AE,27,rama1,10,Control,5
AF7385AE,27,rama1,11,Fisico,5
AF7385AE,27,rama2,18,Control,7
AF7385AE,27,rama2,19,Presion,7
AF7385AE,27,rama2,22,Potencia,10
AF7385AE,27,rama2,23,Fisico,10
367AD414,27,tronco,6,Potencia,3
367AD414,27,tronco,7,Control,3
367AD414,27,rama1,10,Control,5
367AD414,27,rama1,11,Tecnica,5
367AD414,27,rama2,18,Control,7
367AD414,27,rama2,19,Presion,7
367AD414,27,rama2,22,Potencia,10
367AD414,27,rama2,23,Fisico,10
417DE482,27,tronco,6,Potencia,3
417DE482,27,tronco,7,Inteligencia,3
417DE482,27,rama1,10,Control,5
417DE482,27,rama1,11,Inteligencia,5
417DE482,27,rama2,18,Control,7
417DE482,27,rama2,19,Presion,7
417DE482,27,rama2,22,Tecnica,10
417DE482,27,rama2,23,Fisico,10
DF197121,27,tronco,6,Fisico,3
DF197121,27,tronco,7,Agilidad,3
DF197121,27,rama1,10,Control,5
DF197121,27,rama1,11,Fisico,5
DF197121,27,rama2,18,Control,7
DF197121,27,rama2,19,Agilidad,7
DF197121,27,rama2,22,Presion,10
DF197121,27,rama2,23,Agilidad,10
A81E41B7,27,tronco,6,Fisico,3
A81E41B7,27,tronco,7,Inteligencia,5
A81E41B7,27,rama1,10,Inteligencia,5
A81E41B7,27,rama1,11,Fisico,5
A81E41B7,27,rama2,18,Inteligencia,7
A81E41B7,27,rama2,19,Agilidad,7
A81E41B7,27,rama2,22,Presion,10
A81E41B7,27,rama2,23,Fisico,10
3117100D,27,tronco,6,Potencia,3
3117100D,27,tronco,7,Agilidad,3
3117100D,27,rama1,10,Control,5
3117100D,27,rama1,11,Fisico,5
3117100D,27,rama2,18,Control,7
3117100D,27,rama2,19,Fisico,7
3117100D,27,rama2,22,Potencia,10
3117100D,27,rama2,23,Agilidad,10
4610209B,27,tronco,6,Potencia,3
4610209B,27,tronco,7,Agilidad,3
4610209B,27,rama1,10,Control,5
4610209B,27,rama1,11,Fisico,5
4610209B,27,rama2,18,Control,7
4610209B,27,rama2,19,Fisico,7
4610209B,27,rama2,22,Potencia,10
4610209B,27,rama2,23,Agilidad,10
D6AF3D0A,27,tronco,6,Potencia,3
D6AF3D0A,27,tronco,7,Inteligencia,3
D6AF3D0A,27,rama1,10,Control,5
D6AF3D0A,27,rama1,11,Fisico,5
D6AF3D0A,27,rama2,18,Control,7
D6AF3D0A,27,rama2,19,Presion,7
D6AF3D0A,27,rama2,22,Potencia,10
D6AF3D0A,27,rama2,23,Fisico,10
A1A80D9C,27,tronco,6,Potencia,3
A1A80D9C,27,tronco,7,Control,3
A1A80D9C,27,rama1,10,Control,5
A1A80D9C,27,rama1,11,Tecnica,5
A1A80D9C,27,rama2,18,Control,7
A1A80D9C,27,rama2,19,Presion,7
A1A80D9C,27,rama2,22,Potencia,10
A1A80D9C,27,rama2,23,Fisico,10
BEEBA102,27,tronco,6,Inteligencia,3
BEEBA102,27,tronco,7,Potencia,3
BEEBA102,27,rama1,10,Presion,5
BEEBA102,27,rama1,11,Control,5
BEEBA102,27,rama2,18,Control,7
BEEBA102,27,rama2,19,Potencia,7
BEEBA102,27,rama2,22,Tecnica,10
BEEBA102,27,rama2,23,Potencia,10
843117A6,27,tronco,6,Agilidad,3
843117A6,27,tronco,7,Potencia,3
843117A6,27,rama1,10,Fisico,5
843117A6,27,rama1,11,Control,5
843117A6,27,rama2,18,Agilidad,7
843117A6,27,rama2,19,Potencia,7
843117A6,27,rama2,22,Agilidad,10
843117A6,27,rama2,23,Potencia,10
F3362730,27,tronco,6,Agilidad,3
F3362730,27,tronco,7,Potencia,3
F3362730,27,rama1,10,Fisico,5
F3362730,27,rama1,11,Control,5
F3362730,27,rama2,18,Agilidad,7
F3362730,27,rama2,19,Potencia,7
F3362730,27,rama2,22,Agilidad,10
F3362730,27,rama2,23,Potencia,10
6A3F768A,27,tronco,6,Fisico,3
6A3F768A,27,tronco,7,Potencia,3
6A3F768A,27,rama1,10,Fisico,5
6A3F768A,27,rama1,11,Control,5
6A3F768A,27,rama2,18,Agilidad,7
6A3F768A,27,rama2,19,Presion,7
6A3F768A,27,rama2,22,Agilidad,10
6A3F768A,27,rama2,23,Tecnica,10
1D38461C,27,tronco,6,Inteligencia,3
1D38461C,27,tronco,7,Potencia,3
1D38461C,27,rama1,10,Agilidad,5
1D38461C,27,rama1,11,Inteligencia,5
1D38461C,27,rama2,18,Fisico,7
1D38461C,27,rama2,19,Fisico,7
1D38461C,27,rama2,22,Agilidad,10
1D38461C,27,rama2,23,Presion,10
835CD3BF,27,tronco,6,Potencia,3
835CD3BF,27,tronco,7,Control,3
835CD3BF,27,rama1,10,Control,5
835CD3BF,27,rama1,11,Tecnica,5
835CD3BF,27,rama2,18,Control,7
835CD3BF,27,rama2,19,Presion,7
835CD3BF,27,rama2,22,Potencia,10
835CD3BF,27,rama2,23,Tecnica,10
F45BE329,27,tronco,6,Potencia,3
F45BE329,27,tronco,7,Presion,3
F45BE329,27,rama1,10,Tecnica,5
F45BE329,27,rama1,11,Inteligencia,5
F45BE329,27,rama2,18,Control,7
F45BE329,27,rama2,19,Fisico,7
F45BE329,27,rama2,22,Potencia,10
F45BE329,27,rama2,23,Inteligencia,10
6D52B293,27,tronco,6,Presion,3
6D52B293,27,tronco,7,Potencia,3
6D52B293,27,rama1,10,Tecnica,5
6D52B293,27,rama1,11,Control,5
6D52B293,27,rama2,18,Tecnica,7
6D52B293,27,rama2,19,Potencia,7
6D52B293,27,rama2,22,Control,10
6D52B293,27,rama2,23,Potencia,10
1A558205,27,tronco,6,Agilidad,3
1A558205,27,tronco,7,Potencia,3
1A558205,27,rama1,10,Fisico,5
1A558205,27,rama1,11,Control,5
1A558205,27,rama2,18,Agilidad,7
1A558205,27,rama2,19,Potencia,7
1A558205,27,rama2,22,Agilidad,10
1A558205,27,rama2,23,Potencia,10
8AEA9F94,27,tronco,6,Fisico,3
8AEA9F94,27,tronco,7,Potencia,3
8AEA9F94,27,rama1,10,Fisico,5
8AEA9F94,27,rama1,11,Control,5
8AEA9F94,27,rama2,18,Agilidad,7
8AEA9F94,27,rama2,19,Presion,7
8AEA9F94,27,rama2,22,Agilidad,10
8AEA9F94,27,rama2,23,Tecnica,10
FDEDAF02,27,tronco,6,Inteligencia,3
FDEDAF02,27,tronco,7,Potencia,3
FDEDAF02,27,rama1,10,Agilidad,5
FDEDAF02,27,rama1,11,Inteligencia,5
FDEDAF02,27,rama2,18,Fisico,7
FDEDAF02,27,rama2,19,Fisico,7
FDEDAF02,27,rama2,22,Agilidad,10
FDEDAF02,27,rama2,23,Presion,10
9D2A26E7,27,tronco,6,Agilidad,3
9D2A26E7,27,tronco,7,Potencia,3
9D2A26E7,27,rama1,10,Fisico,5
9D2A26E7,27,rama1,11,Control,5
9D2A26E7,27,rama2,18,Agilidad,7
9D2A26E7,27,rama2,19,Potencia,7
9D2A26E7,27,rama2,22,Agilidad,10
9D2A26E7,27,rama2,23,Potencia,10
EA2D1671,27,tronco,6,Fisico,3
EA2D1671,27,tronco,7,Potencia,3
EA2D1671,27,rama1,10,Fisico,5
EA2D1671,27,rama1,11,Control,5
EA2D1671,27,rama2,18,Agilidad,7
EA2D1671,27,rama2,19,Presion,7
EA2D1671,27,rama2,22,Agilidad,10
EA2D1671,27,rama2,23,Tecnica,10
732447CB,27,tronco,6,Inteligencia,3
732447CB,27,tronco,7,Potencia,3
732447CB,27,rama1,10,Agilidad,5
732447CB,27,rama1,11,Inteligencia,5
732447CB,27,rama2,18,Fisico,7
732447CB,27,rama2,19,Fisico,7
732447CB,27,rama2,22,Agilidad,10
732447CB,27,rama2,23,Presion,10
61755032,27,tronco,6,Potencia,3
61755032,27,tronco,7,Control,3
61755032,27,rama1,10,Control,5
61755032,27,rama1,11,Tecnica,5
61755032,27,rama2,18,Potencia,7
61755032,27,rama2,19,Tecnica,7
61755032,27,rama2,22,Potencia,10
61755032,27,rama2,23,Control,10
167260A4,27,tronco,6,Potencia,3
167260A4,27,tronco,7,Control,3
167260A4,27,rama1,10,Control,5
167260A4,27,rama1,11,Tecnica,5
167260A4,27,rama2,18,Potencia,7
167260A4,27,rama2,19,Tecnica,7
167260A4,27,rama2,22,Potencia,10
167260A4,27,rama2,23,Control,10
8F7B311E,27,tronco,6,Fisico,3
8F7B311E,27,tronco,7,Potencia,3
8F7B311E,27,rama1,10,Inteligencia,5
8F7B311E,27,rama1,11,Control,5
8F7B311E,27,rama2,18,Inteligencia,7
8F7B311E,27,rama2,19,Control,7
8F7B311E,27,rama2,22,Fisico,10
8F7B311E,27,rama2,23,Potencia,10
F87C0188,27,tronco,6,Inteligencia,3
F87C0188,27,tronco,7,Potencia,3
F87C0188,27,rama1,10,Agilidad,5
F87C0188,27,rama1,11,Potencia,5
F87C0188,27,rama2,18,Fisico,7
F87C0188,27,rama2,19,Potencia,7
F87C0188,27,rama2,22,Agilidad,10
F87C0188,27,rama2,23,Control,10
6618942B,27,tronco,6,Potencia,3
6618942B,27,tronco,7,Presion,3
6618942B,27,rama1,10,Presion,5
6618942B,27,rama1,11,Fisico,5
6618942B,27,rama2,18,Tecnica,7
6618942B,27,rama2,19,Presion,7
6618942B,27,rama2,22,Control,10
6618942B,27,rama2,23,Inteligencia,10
111FA4BD,27,tronco,6,Control,3
111FA4BD,27,tronco,7,Fisico,3
111FA4BD,27,rama1,10,Tecnica,5
111FA4BD,27,rama1,11,Agilidad,5
111FA4BD,27,rama2,18,Control,7
111FA4BD,27,rama2,19,Fisico,7
111FA4BD,27,rama2,22,Potencia,10
111FA4BD,27,rama2,23,Agilidad,10
8816F507,27,tronco,6,Presion,3
8816F507,27,tronco,7,Fisico,3
8816F507,27,rama1,10,Presion,5
8816F507,27,rama1,11,Agilidad,5
8816F507,27,rama2,18,Presion,7
8816F507,27,rama2,19,Agilidad,7
8816F507,27,rama2,22,Fisico,10
8816F507,27,rama2,23,Agilidad,10
FF11C591,27,tronco,6,Potencia,3
FF11C591,27,tronco,7,Control,3
FF11C591,27,rama1,10,Control,5
FF11C591,27,rama1,11,Tecnica,5
FF11C591,27,rama2,18,Potencia,7
FF11C591,27,rama2,19,Tecnica,7
FF11C591,27,rama2,22,Potencia,10
FF11C591,27,rama2,23,Control,10
6FAED800,27,tronco,6,Fisico,3
6FAED800,27,tronco,7,Potencia,3
6FAED800,27,rama1,10,Inteligencia,5
6FAED800,27,rama1,11,Control,5
6FAED800,27,rama2,18,Inteligencia,7
6FAED800,27,rama2,19,Control,7
6FAED800,27,rama2,22,Fisico,10
6FAED800,27,rama2,23,Potencia,10
18A9E896,27,tronco,6,Fisico,3
18A9E896,27,tronco,7,Potencia,3
18A9E896,27,rama1,10,Inteligencia,5
18A9E896,27,rama1,11,Control,5
18A9E896,27,rama2,18,Inteligencia,7
18A9E896,27,rama2,19,Control,7
18A9E896,27,rama2,22,Inteligencia,10
18A9E896,27,rama2,23,Potencia,10
2CBDF139,27,tronco,6,Potencia,3
2CBDF139,27,tronco,7,Tecnica,3
2CBDF139,27,rama1,10,Potencia,5
2CBDF139,27,rama1,11,Control,5
2CBDF139,27,rama2,18,Potencia,7
2CBDF139,27,rama2,19,Potencia,7
2CBDF139,27,rama2,22,Potencia,10
2CBDF139,27,rama2,23,Tecnica,10
5BBAC1AF,27,tronco,6,Tecnica,3
5BBAC1AF,27,tronco,7,Control,3
5BBAC1AF,27,rama1,10,Control,5
5BBAC1AF,27,rama1,11,Control,5
5BBAC1AF,27,rama2,18,Control,7
5BBAC1AF,27,rama2,19,Potencia,7
5BBAC1AF,27,rama2,22,Tecnica,10
5BBAC1AF,27,rama2,23,Potencia,10
C2B39015,27,tronco,6,Potencia,3
C2B39015,27,tronco,7,Fisico,3
C2B39015,27,rama1,10,Control,5
C2B39015,27,rama1,11,Inteligencia,5
C2B39015,27,rama2,18,Control,7
C2B39015,27,rama2,19,Inteligencia,7
C2B39015,27,rama2,22,Potencia,10
C2B39015,27,rama2,23,Fisico,10
B5B4A083,27,tronco,6,Potencia,3
B5B4A083,27,tronco,7,Agilidad,3
B5B4A083,27,rama1,10,Potencia,5
B5B4A083,27,rama1,11,Agilidad,5
B5B4A083,27,rama2,18,Potencia,7
B5B4A083,27,rama2,19,Fisico,7
B5B4A083,27,rama2,22,Control,10
B5B4A083,27,rama2,23,Agilidad,10
2BD03520,27,tronco,6,Presion,3
2BD03520,27,tronco,7,Potencia,3
2BD03520,27,rama1,10,Fisico,5
2BD03520,27,rama1,11,Presion,5
2BD03520,27,rama2,18,Presion,7
2BD03520,27,rama2,19,Tecnica,7
2BD03520,27,rama2,22,Inteligencia,10
2BD03520,27,rama2,23,Control,10
5CD705B6,27,tronco,6,Fisico,3
5CD705B6,27,tronco,7,Control,3
5CD705B6,27,rama1,10,Agilidad,5
5CD705B6,27,rama1,11,Tecnica,5
5CD705B6,27,rama2,18,Fisico,7
5CD705B6,27,rama2,19,Control,7
5CD705B6,27,rama2,22,Agilidad,10
5CD705B6,27,rama2,23,Potencia,10
C5DE540C,27,tronco,6,Fisico,3
C5DE540C,27,tronco,7,Presion,3
C5DE540C,27,rama1,10,Agilidad,5
C5DE540C,27,rama1,11,Presion,5
C5DE540C,27,rama2,18,Agilidad,7
C5DE540C,27,rama2,19,Presion,7
C5DE540C,27,rama2,22,Agilidad,10
C5DE540C,27,rama2,23,Fisico,10
B2D9649A,27,tronco,6,Potencia,3
B2D9649A,27,tronco,7,Control,3
B2D9649A,27,rama1,10,Control,5
B2D9649A,27,rama1,11,Tecnica,5
B2D9649A,27,rama2,18,Control,7
B2D9649A,27,rama2,19,Potencia,7
B2D9649A,27,rama2,22,Potencia,10
B2D9649A,27,rama2,23,Tecnica,10
2266790B,27,tronco,6,Potencia,3
2266790B,27,tronco,7,Fisico,3
2266790B,27,rama1,10,Control,5
2266790B,27,rama1,11,Inteligencia,5
2266790B,27,rama2,18,Control,7
2266790B,27,rama2,19,Inteligencia,7
2266790B,27,rama2,22,Potencia,10
2266790B,27,rama2,23,Fisico,10
5561499D,27,tronco,6,Potencia,3
5561499D,27,tronco,7,Fisico,3
5561499D,27,rama1,10,Control,5
5561499D,27,rama1,11,Inteligencia,5
5561499D,27,rama2,18,Control,7
5561499D,27,rama2,19,Inteligencia,7
5561499D,27,rama2,22,Potencia,10
5561499D,27,rama2,23,Fisico,10
3F25D96F,27,tronco,6,Tecnica,3
3F25D96F,27,tronco,7,Potencia,3
3F25D96F,27,rama1,10,Potencia,5
3F25D96F,27,rama1,11,Control,5
3F25D96F,27,rama2,18,Control,7
3F25D96F,27,rama2,19,Potencia,7
3F25D96F,27,rama2,22,Tecnica,10
3F25D96F,27,rama2,23,Potencia,10
4822E9F9,27,tronco,6,Tecnica,3
4822E9F9,27,tronco,7,Potencia,3
4822E9F9,27,rama1,10,Presion,5
4822E9F9,27,rama1,11,Control,5
4822E9F9,27,rama2,18,Control,7
4822E9F9,27,rama2,19,Potencia,7
4822E9F9,27,rama2,22,Tecnica,10
4822E9F9,27,rama2,23,Potencia,10
D12BB843,27,tronco,6,Tecnica,3
D12BB843,27,tronco,7,Presion,3
D12BB843,27,rama1,10,Presion,5
D12BB843,27,rama1,11,Presion,5
D12BB843,27,rama2,18,Control,7
D12BB843,27,rama2,19,Fisico,7
D12BB843,27,rama2,22,Tecnica,10
D12BB843,27,rama2,23,Inteligencia,10
A62C88D5,27,tronco,6,Tecnica,3
A62C88D5,27,tronco,7,Potencia,3
A62C88D5,27,rama1,10,Control,5
A62C88D5,27,rama1,11,Control,5
A62C88D5,27,rama2,18,Fisico,7
A62C88D5,27,rama2,19,Potencia,7
A62C88D5,27,rama2,22,Tecnica,10
A62C88D5,27,rama2,23,Potencia,10
38481D76,27,tronco,6,Tecnica,3
38481D76,27,tronco,7,Agilidad,3
38481D76,27,rama1,10,Control,5
38481D76,27,rama1,11,Fisico,5
38481D76,27,rama2,18,Potencia,7
38481D76,27,rama2,19,Agilidad,7
38481D76,27,rama2,22,Tecnica,10
38481D76,27,rama2,23,Fisico,10
4F4F2DE0,27,tronco,6,Control,3
4F4F2DE0,27,tronco,7,Agilidad,3
4F4F2DE0,27,rama1,10,Potencia,5
4F4F2DE0,27,rama1,11,Agilidad,5
4F4F2DE0,27,rama2,18,Potencia,7
4F4F2DE0,27,rama2,19,Fisico,7
4F4F2DE0,27,rama2,22,Potencia,10
4F4F2DE0,27,rama2,23,Agilidad,10
D6467C5A,27,tronco,6,Agilidad,3
D6467C5A,27,tronco,7,Potencia,3
D6467C5A,27,rama1,10,Fisico,5
D6467C5A,27,rama1,11,Control,5
D6467C5A,27,rama2,18,Agilidad,7
D6467C5A,27,rama2,19,Potencia,7
D6467C5A,27,rama2,22,Agilidad,10
D6467C5A,27,rama2,23,Potencia,10
A1414CCC,27,tronco,6,Presion,3
A1414CCC,27,tronco,7,Control,3
A1414CCC,27,rama1,10,Tecnica,5
A1414CCC,27,rama1,11,Potencia,5
A1414CCC,27,rama2,18,Control,7
A1414CCC,27,rama2,19,Potencia,7
A1414CCC,27,rama2,22,Tecnica,10
A1414CCC,27,rama2,23,Potencia,10
31FE515D,27,tronco,6,Tecnica,3
31FE515D,27,tronco,7,Fisico,3
31FE515D,27,rama1,10,Tecnica,5
31FE515D,27,rama1,11,Presion,5
31FE515D,27,rama2,18,Control,7
31FE515D,27,rama2,19,Fisico,7
31FE515D,27,rama2,22,Tecnica,10
31FE515D,27,rama2,23,Inteligencia,10
46F961CB,27,tronco,6,Presion,3
46F961CB,27,tronco,7,Control,3
46F961CB,27,rama1,10,Tecnica,5
46F961CB,27,rama1,11,Potencia,5
46F961CB,27,rama2,18,Control,7
46F961CB,27,rama2,19,Potencia,7
46F961CB,27,rama2,22,Tecnica,10
46F961CB,27,rama2,23,Potencia,10
263EE82E,27,tronco,6,Potencia,3
263EE82E,27,tronco,7,Inteligencia,3
263EE82E,27,rama1,10,Tecnica,5
263EE82E,27,rama1,11,Fisico,5
263EE82E,27,rama2,18,Control,7
263EE82E,27,rama2,19,Presion,7
263EE82E,27,rama2,22,Tecnica,10
263EE82E,27,rama2,23,Fisico,10
5139D8B8,27,tronco,6,Potencia,3
5139D8B8,27,tronco,7,Control,3
5139D8B8,27,rama1,10,Tecnica,5
5139D8B8,27,rama1,11,Potencia,5
5139D8B8,27,rama2,18,Control,7
5139D8B8,27,rama2,19,Potencia,7
5139D8B8,27,rama2,22,Tecnica,10
5139D8B8,27,rama2,23,Potencia,10
C8308902,27,tronco,6,Tecnica,3
C8308902,27,tronco,7,Agilidad,3
C8308902,27,rama1,10,Control,5
C8308902,27,rama1,11,Fisico,5
C8308902,27,rama2,18,Potencia,7
C8308902,27,rama2,19,Agilidad,7
C8308902,27,rama2,22,Tecnica,10
C8308902,27,rama2,23,Agilidad,10
BF37B994,27,tronco,6,Potencia,3
BF37B994,27,tronco,7,Inteligencia,3
BF37B994,27,rama1,10,Tecnica,5
BF37B994,27,rama1,11,Fisico,5
BF37B994,27,rama2,18,Control,7
BF37B994,27,rama2,19,Presion,7
BF37B994,27,rama2,22,Tecnica,10
BF37B994,27,rama2,23,Fisico,10
21532C37,27,tronco,6,Potencia,3
21532C37,27,tronco,7,Inteligencia,3
21532C37,27,rama1,10,Tecnica,5
21532C37,27,rama1,11,Fisico,5
21532C37,27,rama2,18,Control,7
21532C37,27,rama2,19,Presion,7
21532C37,27,rama2,22,Tecnica,10
21532C37,27,rama2,23,Fisico,10
56541CA1,27,tronco,6,Potencia,3
56541CA1,27,tronco,7,Control,3
56541CA1,27,rama1,10,Tecnica,5
56541CA1,27,rama1,11,Potencia,5
56541CA1,27,rama2,18,Control,7
56541CA1,27,rama2,19,Potencia,7
56541CA1,27,rama2,22,Control,10
56541CA1,27,rama2,23,Potencia,10
CF5D4D1B,27,tronco,6,Potencia,3
CF5D4D1B,27,tronco,7,Inteligencia,3
CF5D4D1B,27,rama1,10,Tecnica,5
CF5D4D1B,27,rama1,11,Fisico,5
CF5D4D1B,27,rama2,18,Control,7
CF5D4D1B,27,rama2,19,Presion,7
CF5D4D1B,27,rama2,22,Tecnica,10
CF5D4D1B,27,rama2,23,Fisico,10
B85A7D8D,27,tronco,6,Potencia,3
B85A7D8D,27,tronco,7,Inteligencia,3
B85A7D8D,27,rama1,10,Tecnica,5
B85A7D8D,27,rama1,11,Fisico,5
B85A7D8D,27,rama2,18,Control,7
B85A7D8D,27,rama2,19,Presion,7
B85A7D8D,27,rama2,22,Tecnica,10
B85A7D8D,27,rama2,23,Fisico,10
0245F0DF,27,tronco,6,Tecnica,3
0245F0DF,27,tronco,7,Potencia,3
0245F0DF,27,rama1,10,Presion,5
0245F0DF,27,rama1,11,Potencia,5
0245F0DF,27,rama2,18,Control,7
0245F0DF,27,rama2,19,Control,7
0245F0DF,27,rama2,22,Tecnica,10
0245F0DF,27,rama2,23,Potencia,10
7542C049,27,tronco,6,Tecnica,3
7542C049,27,tronco,7,Potencia,3
7542C049,27,rama1,10,Presion,5
7542C049,27,rama1,11,Potencia,5
7542C049,27,rama2,18,Control,7
7542C049,27,rama2,19,Control,7
7542C049,27,rama2,22,Tecnica,10
7542C049,27,rama2,23,Potencia,10
EC4B91F3,27,tronco,6,Tecnica,3
EC4B91F3,27,tronco,7,Presion,3
EC4B91F3,27,rama1,10,Presion,5
EC4B91F3,27,rama1,11,Fisico,5
EC4B91F3,27,rama2,18,Control,7
EC4B91F3,27,rama2,19,Inteligencia,7
EC4B91F3,27,rama2,22,Tecnica,10
EC4B91F3,27,rama2,23,Fisico,10
9B4CA165,27,tronco,6,Tecnica,3
9B4CA165,27,tronco,7,Agilidad,3
9B4CA165,27,rama1,10,Potencia,5
9B4CA165,27,rama1,11,Fisico,5
9B4CA165,27,rama2,18,Control,7
9B4CA165,27,rama2,19,Agilidad,7
9B4CA165,27,rama2,22,Tecnica,10
9B4CA165,27,rama2,23,Fisico,10
052834C6,27,tronco,6,Tecnica,3
052834C6,27,tronco,7,Agilidad,3
052834C6,27,rama1,10,Control,5
052834C6,27,rama1,11,Fisico,5
052834C6,27,rama2,18,Potencia,7
052834C6,27,rama2,19,Agilidad,7
052834C6,27,rama2,22,Tecnica,10
052834C6,27,rama2,23,Agilidad,10
722F0450,27,tronco,6,Presion,3
722F0450,27,tronco,7,Control,3
722F0450,27,rama1,10,Fisico,5
722F0450,27,rama1,11,Potencia,5
722F0450,27,rama2,18,Inteligencia,7
722F0450,27,rama2,19,Tecnica,7
722F0450,27,rama2,22,Fisico,10
722F0450,27,rama2,23,Potencia,10
EB2655EA,27,tronco,6,Presion,3
EB2655EA,27,tronco,7,Agilidad,3
EB2655EA,27,rama1,10,Inteligencia,5
EB2655EA,27,rama1,11,Fisico,5
EB2655EA,27,rama2,18,Inteligencia,7
EB2655EA,27,rama2,19,Agilidad,7
EB2655EA,27,rama2,22,Fisico,10
EB2655EA,27,rama2,23,Agilidad,10
9C21657C,27,tronco,6,Tecnica,3
9C21657C,27,tronco,7,Potencia,3
9C21657C,27,rama1,10,Presion,5
9C21657C,27,rama1,11,Potencia,5
9C21657C,27,rama2,18,Control,7
9C21657C,27,rama2,19,Control,7
9C21657C,27,rama2,22,Tecnica,10
9C21657C,27,rama2,23,Potencia,10
0C9E78ED,27,tronco,6,Tecnica,3
0C9E78ED,27,tronco,7,Presion,3
0C9E78ED,27,rama1,10,Presion,5
0C9E78ED,27,rama1,11,Fisico,5
0C9E78ED,27,rama2,18,Control,7
0C9E78ED,27,rama2,19,Inteligencia,7
0C9E78ED,27,rama2,22,Tecnica,10
0C9E78ED,27,rama2,23,Fisico,10
7B99487B,27,tronco,6,Tecnica,3
7B99487B,27,tronco,7,Potencia,3
7B99487B,27,rama1,10,Presion,5
7B99487B,27,rama1,11,Potencia,5
7B99487B,27,rama2,18,Control,7
7B99487B,27,rama2,19,Control,7
7B99487B,27,rama2,22,Tecnica,10
7B99487B,27,rama2,23,Potencia,10
1B5EC19E,27,tronco,6,Tecnica,3
1B5EC19E,27,tronco,7,Presion,3
1B5EC19E,27,rama1,10,Presion,5
1B5EC19E,27,rama1,11,Fisico,5
1B5EC19E,27,rama2,18,Control,7
1B5EC19E,27,rama2,19,Inteligencia,7
1B5EC19E,27,rama2,22,Tecnica,10
1B5EC19E,27,rama2,23,Fisico,10
6C59F108,27,tronco,6,Tecnica,3
6C59F108,27,tronco,7,Agilidad,3
6C59F108,27,rama1,10,Potencia,5
6C59F108,27,rama1,11,Fisico,5
6C59F108,27,rama2,18,Control,7
6C59F108,27,rama2,19,Agilidad,7
6C59F108,27,rama2,22,Tecnica,10
6C59F108,27,rama2,23,Fisico,10
F550A0B2,27,tronco,6,Tecnica,3
F550A0B2,27,tronco,7,Potencia,3
F550A0B2,27,rama1,10,Presion,5
F550A0B2,27,rama1,11,Potencia,5
F550A0B2,27,rama2,18,Control,7
F550A0B2,27,rama2,19,Control,7
F550A0B2,27,rama2,22,Tecnica,10
F550A0B2,27,rama2,23,Potencia,10
82579024,27,tronco,6,Tecnica,3
82579024,27,tronco,7,Potencia,3
82579024,27,rama1,10,Presion,5
82579024,27,rama1,11,Potencia,5
82579024,27,rama2,18,Control,7
82579024,27,rama2,19,Control,7
82579024,27,rama2,22,Tecnica,10
82579024,27,rama2,23,Potencia,10
C409410B,27,tronco,6,Potencia,3
C409410B,27,tronco,7,Control,3
C409410B,27,rama1,10,Potencia,5
C409410B,27,rama1,11,Control,5
C409410B,27,rama2,18,Control,7
C409410B,27,rama2,19,Tecnica,7
C409410B,27,rama2,22,Potencia,10
C409410B,27,rama2,23,Tecnica,10
B30E719D,27,tronco,6,Potencia,3
B30E719D,27,tronco,7,Control,3
B30E719D,27,rama1,10,Potencia,5
B30E719D,27,rama1,11,Control,5
B30E719D,27,rama2,18,Control,7
B30E719D,27,rama2,19,Tecnica,7
B30E719D,27,rama2,22,Potencia,10
B30E719D,27,rama2,23,Tecnica,10
2A072027,27,tronco,6,Potencia,3
2A072027,27,tronco,7,Fisico,3
2A072027,27,rama1,10,Potencia,5
2A072027,27,rama1,11,Fisico,5
2A072027,27,rama2,18,Potencia,7
2A072027,27,rama2,19,Inteligencia,7
2A072027,27,rama2,22,Potencia,10
2A072027,27,rama2,23,Presion,10
5D0010B1,27,tronco,6,Control,3
5D0010B1,27,tronco,7,Agilidad,3
5D0010B1,27,rama1,10,Potencia,5
5D0010B1,27,rama1,11,Fisico,5
5D0010B1,27,rama2,18,Control,7
5D0010B1,27,rama2,19,Agilidad,7
5D0010B1,27,rama2,22,Potencia,10
5D0010B1,27,rama2,23,Agilidad,10
C3648512,27,tronco,6,Tecnica,3
C3648512,27,tronco,7,Inteligencia,3
C3648512,27,rama1,10,Control,5
C3648512,27,rama1,11,Fisico,5
C3648512,27,rama2,18,Potencia,7
C3648512,27,rama2,19,Presion,7
C3648512,27,rama2,22,Tecnica,10
C3648512,27,rama2,23,Inteligencia,10
B463B584,27,tronco,6,Fisico,3
B463B584,27,tronco,7,Control,3
B463B584,27,rama1,10,Fisico,5
B463B584,27,rama1,11,Potencia,5
B463B584,27,rama2,18,Agilidad,7
B463B584,27,rama2,19,Tecnica,7
B463B584,27,rama2,22,Fisico,10
B463B584,27,rama2,23,Control,10
2D6AE43E,27,tronco,6,Presion,3
2D6AE43E,27,tronco,7,Agilidad,3
2D6AE43E,27,rama1,10,Inteligencia,5
2D6AE43E,27,rama1,11,Fisico,5
2D6AE43E,27,rama2,18,Inteligencia,7
2D6AE43E,27,rama2,19,Agilidad,7
2D6AE43E,27,rama2,22,Fisico,10
2D6AE43E,27,rama2,23,Agilidad,10
5A6DD4A8,27,tronco,6,Potencia,3
5A6DD4A8,27,tronco,7,Control,3
5A6DD4A8,27,rama1,10,Potencia,5
5A6DD4A8,27,rama1,11,Control,5
5A6DD4A8,27,rama2,18,Control,7
5A6DD4A8,27,rama2,19,Tecnica,7
5A6DD4A8,27,rama2,22,Potencia,10
5A6DD4A8,27,rama2,23,Tecnica,10
CAD2C939,27,tronco,6,Potencia,3
CAD2C939,27,tronco,7,Fisico,3
CAD2C939,27,rama1,10,Potencia,5
CAD2C939,27,rama1,11,Fisico,5
CAD2C939,27,rama2,18,Potencia,7
CAD2C939,27,rama2,19,Inteligencia,7
CAD2C939,27,rama2,22,Potencia,10
CAD2C939,27,rama2,23,Presion,10
BDD5F9AF,27,tronco,6,Control,3
BDD5F9AF,27,tronco,7,Agilidad,3
BDD5F9AF,27,rama1,10,Potencia,5
BDD5F9AF,27,rama1,11,Fisico,5
BDD5F9AF,27,rama2,18,Control,7
BDD5F9AF,27,rama2,19,Agilidad,7
BDD5F9AF,27,rama2,22,Potencia,10
BDD5F9AF,27,rama2,23,Agilidad,10
DD12704A,27,tronco,6,Potencia,3
DD12704A,27,tronco,7,Control,3
DD12704A,27,rama1,10,Potencia,5
DD12704A,27,rama1,11,Control,5
DD12704A,27,rama2,18,Control,7
DD12704A,27,rama2,19,Tecnica,7
DD12704A,27,rama2,22,Potencia,10
DD12704A,27,rama2,23,Tecnica,10
AA1540DC,27,tronco,6,Potencia,3
AA1540DC,27,tronco,7,Control,3
AA1540DC,27,rama1,10,Potencia,5
AA1540DC,27,rama1,11,Control,5
AA1540DC,27,rama2,18,Control,7
AA1540DC,27,rama2,19,Tecnica,7
AA1540DC,27,rama2,22,Potencia,10
AA1540DC,27,rama2,23,Tecnica,10
331C1166,27,tronco,6,Potencia,3
331C1166,27,tronco,7,Fisico,3
331C1166,27,rama1,10,Potencia,5
331C1166,27,rama1,11,Fisico,5
331C1166,27,rama2,18,Potencia,7
331C1166,27,rama2,19,Inteligencia,7
331C1166,27,rama2,22,Potencia,10
331C1166,27,rama2,23,Presion,10
441B21F0,27,tronco,6,Potencia,3
441B21F0,27,tronco,7,Control,3
441B21F0,27,rama1,10,Potencia,5
441B21F0,27,rama1,11,Control,5
441B21F0,27,rama2,18,Control,7
441B21F0,27,rama2,19,Tecnica,7
441B21F0,27,rama2,22,Potencia,10
441B21F0,27,rama2,23,Tecnica,10
DA7FB453,27,tronco,6,Potencia,3
DA7FB453,27,tronco,7,Control,3
DA7FB453,27,rama1,10,Potencia,5
DA7FB453,27,rama1,11,Control,5
DA7FB453,27,rama2,18,Control,7
DA7FB453,27,rama2,19,Tecnica,7
DA7FB453,27,rama2,22,Potencia,10
DA7FB453,27,rama2,23,Tecnica,10
6E701980,27,tronco,6,Potencia,3
6E701980,27,tronco,7,Control,3
6E701980,27,rama1,10,Potencia,5
6E701980,27,rama1,11,Control,5
6E701980,27,rama2,18,Potencia,7
6E701980,27,rama2,19,Tecnica,7
6E701980,27,rama2,22,Potencia,10
6E701980,27,rama2,23,Tecnica,10
19772916,27,tronco,6,Potencia,3
19772916,27,tronco,7,Control,3
19772916,27,rama1,10,Potencia,5
19772916,27,rama1,11,Control,5
19772916,27,rama2,18,Potencia,7
19772916,27,rama2,19,Tecnica,7
19772916,27,rama2,22,Potencia,10
19772916,27,rama2,23,Tecnica,10
807E78AC,27,tronco,6,Control,3
807E78AC,27,tronco,7,Fisico,3
807E78AC,27,rama1,10,Potencia,5
807E78AC,27,rama1,11,Fisico,5
807E78AC,27,rama2,18,Potencia,7
807E78AC,27,rama2,19,Inteligencia,7
807E78AC,27,rama2,22,Potencia,10
807E78AC,27,rama2,23,Presion,10
F779483A,27,tronco,6,Control,3
F779483A,27,tronco,7,Agilidad,3
F779483A,27,rama1,10,Potencia,5
F779483A,27,rama1,11,Fisico,5
F779483A,27,rama2,18,Control,7
F779483A,27,rama2,19,Agilidad,7
F779483A,27,rama2,22,Potencia,10
F779483A,27,rama2,23,Agilidad,10
691DDD99,27,tronco,6,Tecnica,3
691DDD99,27,tronco,7,Inteligencia,3
691DDD99,27,rama1,10,Control,5
691DDD99,27,rama1,11,Fisico,5
691DDD99,27,rama2,18,Control,7
691DDD99,27,rama2,19,Presion,7
691DDD99,27,rama2,22,Tecnica,10
691DDD99,27,rama2,23,Inteligencia,10
1E1AED0F,27,tronco,6,Tecnica,3
1E1AED0F,27,tronco,7,Agilidad,3
1E1AED0F,27,rama1,10,Tecnica,5
1E1AED0F,27,rama1,11,Fisico,5
1E1AED0F,27,rama2,18,Presion,7
1E1AED0F,27,rama2,19,Fisico,7
1E1AED0F,27,rama2,22,Control,10
1E1AED0F,27,rama2,23,Agilidad,10
8713BCB5,27,tronco,6,Presion,3
8713BCB5,27,tronco,7,Agilidad,3
8713BCB5,27,rama1,10,Inteligencia,5
8713BCB5,27,rama1,11,Fisico,5
8713BCB5,27,rama2,18,Inteligencia,7
8713BCB5,27,rama2,19,Agilidad,7
8713BCB5,27,rama2,22,Fisico,10
8713BCB5,27,rama2,23,Agilidad,10
F0148C23,27,tronco,6,Potencia,3
F0148C23,27,tronco,7,Control,3
F0148C23,27,rama1,10,Potencia,5
F0148C23,27,rama1,11,Control,5
F0148C23,27,rama2,18,Potencia,7
F0148C23,27,rama2,19,Tecnica,7
F0148C23,27,rama2,22,Potencia,10
F0148C23,27,rama2,23,Tecnica,10
60AB91B2,27,tronco,6,Control,3
60AB91B2,27,tronco,7,Fisico,3
60AB91B2,27,rama1,10,Potencia,5
60AB91B2,27,rama1,11,Fisico,5
60AB91B2,27,rama2,18,Potencia,7
60AB91B2,27,rama2,19,Inteligencia,7
60AB91B2,27,rama2,22,Potencia,10
60AB91B2,27,rama2,23,Presion,10
17ACA124,27,tronco,6,Control,3
17ACA124,27,tronco,7,Agilidad,3
17ACA124,27,rama1,10,Potencia,5
17ACA124,27,rama1,11,Fisico,5
17ACA124,27,rama2,18,Control,7
17ACA124,27,rama2,19,Agilidad,7
17ACA124,27,rama2,22,Potencia,10
17ACA124,27,rama2,23,Agilidad,10
776B28C1,27,tronco,6,Control,3
776B28C1,27,tronco,7,Fisico,3
776B28C1,27,rama1,10,Potencia,5
776B28C1,27,rama1,11,Fisico,5
776B28C1,27,rama2,18,Potencia,7
776B28C1,27,rama2,19,Inteligencia,7
776B28C1,27,rama2,22,Potencia,10
776B28C1,27,rama2,23,Presion,10
006C1857,27,tronco,6,Potencia,3
006C1857,27,tronco,7,Control,3
006C1857,27,rama1,10,Potencia,5
006C1857,27,rama1,11,Control,5
006C1857,27,rama2,18,Potencia,7
006C1857,27,rama2,19,Tecnica,7
006C1857,27,rama2,22,Potencia,10
006C1857,27,rama2,23,Tecnica,10
996549ED,27,tronco,6,Control,3
996549ED,27,tronco,7,Fisico,3
996549ED,27,rama1,10,Potencia,5
996549ED,27,rama1,11,Fisico,5
996549ED,27,rama2,18,Potencia,7
996549ED,27,rama2,19,Inteligencia,7
996549ED,27,rama2,22,Potencia,10
996549ED,27,rama2,23,Presion,10
EE62797B,27,tronco,6,Potencia,3
EE62797B,27,tronco,7,Control,3
EE62797B,27,rama1,10,Potencia,5
EE62797B,27,rama1,11,Control,5
EE62797B,27,rama2,18,Potencia,7
EE62797B,27,rama2,19,Tecnica,7
EE62797B,27,rama2,22,Potencia,10
EE62797B,27,rama2,23,Tecnica,10
7006ECD8,27,tronco,6,Potencia,3
7006ECD8,27,tronco,7,Control,3
7006ECD8,27,rama1,10,Potencia,5
7006ECD8,27,rama1,11,Control,5
7006ECD8,27,rama2,18,Potencia,7
7006ECD8,27,rama2,19,Tecnica,7
7006ECD8,27,rama2,22,Potencia,10
7006ECD8,27,rama2,23,Tecnica,10
23B8B88B,27,tronco,6,Potencia,3
23B8B88B,27,tronco,7,Control,3
23B8B88B,27,rama1,10,Potencia,5
23B8B88B,27,rama1,11,Control,5
23B8B88B,27,rama2,18,Potencia,7
23B8B88B,27,rama2,19,Tecnica,7
23B8B88B,27,rama2,22,Potencia,10
23B8B88B,27,rama2,23,Tecnica,10
54BF881D,27,tronco,6,Potencia,3
54BF881D,27,tronco,7,Control,3
54BF881D,27,rama1,10,Potencia,5
54BF881D,27,rama1,11,Control,5
54BF881D,27,rama2,18,Potencia,7
54BF881D,27,rama2,19,Tecnica,7
54BF881D,27,rama2,22,Potencia,10
54BF881D,27,rama2,23,Tecnica,10
CDB6D9A7,27,tronco,6,Potencia,3
CDB6D9A7,27,tronco,7,Inteligencia,3
CDB6D9A7,27,rama1,10,Potencia,5
CDB6D9A7,27,rama1,11,Fisico,5
CDB6D9A7,27,rama2,18,Control,7
CDB6D9A7,27,rama2,19,Inteligencia,7
CDB6D9A7,27,rama2,22,Potencia,10
CDB6D9A7,27,rama2,23,Presion,10
BAB1E931,27,tronco,6,Control,3
BAB1E931,27,tronco,7,Fisico,3
BAB1E931,27,rama1,10,Potencia,5
BAB1E931,27,rama1,11,Fisico,5
BAB1E931,27,rama2,18,Control,7
BAB1E931,27,rama2,19,Agilidad,7
BAB1E931,27,rama2,22,Potencia,10
BAB1E931,27,rama2,23,Agilidad,10
24D57C92,27,tronco,6,Tecnica,3
24D57C92,27,tronco,7,Inteligencia,3
24D57C92,27,rama1,10,Control,5
24D57C92,27,rama1,11,Fisico,5
24D57C92,27,rama2,18,Control,7
24D57C92,27,rama2,19,Presion,7
24D57C92,27,rama2,22,Tecnica,10
24D57C92,27,rama2,23,Inteligencia,10
53D24C04,27,tronco,6,Tecnica,3
53D24C04,27,tronco,7,Agilidad,3
53D24C04,27,rama1,10,Tecnica,5
53D24C04,27,rama1,11,Agilidad,5
53D24C04,27,rama2,18,Presion,7
53D24C04,27,rama2,19,Fisico,7
53D24C04,27,rama2,22,Control,10
53D24C04,27,rama2,23,Agilidad,10
CADB1DBE,27,tronco,6,Presion,3
CADB1DBE,27,tronco,7,Agilidad,3
CADB1DBE,27,rama1,10,Inteligencia,5
CADB1DBE,27,rama1,11,Fisico,5
CADB1DBE,27,rama2,18,Inteligencia,7
CADB1DBE,27,rama2,19,Agilidad,7
CADB1DBE,27,rama2,22,Fisico,10
CADB1DBE,27,rama2,23,Agilidad,10
BDDC2D28,27,tronco,6,Potencia,3
BDDC2D28,27,tronco,7,Control,3
BDDC2D28,27,rama1,10,Potencia,5
BDDC2D28,27,rama1,11,Control,5
BDDC2D28,27,rama2,18,Potencia,7
BDDC2D28,27,rama2,19,Tecnica,7
BDDC2D28,27,rama2,22,Potencia,10
BDDC2D28,27,rama2,23,Tecnica,10
2D6330B9,27,tronco,6,Potencia,3
2D6330B9,27,tronco,7,Inteligencia,3
2D6330B9,27,rama1,10,Potencia,5
2D6330B9,27,rama1,11,Fisico,5
2D6330B9,27,rama2,18,Control,7
2D6330B9,27,rama2,19,Inteligencia,7
2D6330B9,27,rama2,22,Potencia,10
2D6330B9,27,rama2,23,Presion,10
5A64002F,27,tronco,6,Potencia,3
5A64002F,27,tronco,7,Control,3
5A64002F,27,rama1,10,Potencia,5
5A64002F,27,rama1,11,Control,5
5A64002F,27,rama2,18,Potencia,7
5A64002F,27,rama2,19,Tecnica,7
5A64002F,27,rama2,22,Potencia,10
5A64002F,27,rama2,23,Tecnica,10
3AA389CA,27,tronco,6,Potencia,3
3AA389CA,27,tronco,7,Control,3
3AA389CA,27,rama1,10,Potencia,5
3AA389CA,27,rama1,11,Control,5
3AA389CA,27,rama2,18,Potencia,7
3AA389CA,27,rama2,19,Tecnica,7
3AA389CA,27,rama2,22,Potencia,10
3AA389CA,27,rama2,23,Tecnica,10
C7B51DDE,27,tronco,6,Agilidad,3
C7B51DDE,27,tronco,7,Potencia,3
C7B51DDE,27,rama1,10,Agilidad,5
C7B51DDE,27,rama1,11,Control,5
C7B51DDE,27,rama2,18,Agilidad,7
C7B51DDE,27,rama2,19,Control,7
C7B51DDE,27,rama2,22,Agilidad,10
C7B51DDE,27,rama2,23,Potencia,10
B0B22D48,27,tronco,6,Agilidad,3
B0B22D48,27,tronco,7,Potencia,3
B0B22D48,27,rama1,10,Fisico,5
B0B22D48,27,rama1,11,Control,5
B0B22D48,27,rama2,18,Agilidad,7
B0B22D48,27,rama2,19,Control,7
B0B22D48,27,rama2,22,Agilidad,10
B0B22D48,27,rama2,23,Potencia,10
29BB7CF2,27,tronco,6,Agilidad,3
29BB7CF2,27,tronco,7,Control,3
29BB7CF2,27,rama1,10,Agilidad,5
29BB7CF2,27,rama1,11,Tecnica,5
29BB7CF2,27,rama2,18,Fisico,7
29BB7CF2,27,rama2,19,Tecnica,7
29BB7CF2,27,rama2,22,Agilidad,10
29BB7CF2,27,rama2,23,Presion,10
5EBC4C64,27,tronco,6,Agilidad,3
5EBC4C64,27,tronco,7,Fisico,3
5EBC4C64,27,rama1,10,Potencia,5
5EBC4C64,27,rama1,11,Inteligencia,5
5EBC4C64,27,rama2,18,Agilidad,7
5EBC4C64,27,rama2,19,Inteligencia,7
5EBC4C64,27,rama2,22,Agilidad,10
5EBC4C64,27,rama2,23,Presion,10
C0D8D9C7,27,tronco,6,Presion,3
C0D8D9C7,27,tronco,7,Potencia,3
C0D8D9C7,27,rama1,10,Control,5
C0D8D9C7,27,rama1,11,Potencia,5
C0D8D9C7,27,rama2,18,Control,7
C0D8D9C7,27,rama2,19,Potencia,7
C0D8D9C7,27,rama2,22,Tecnica,10
C0D8D9C7,27,rama2,23,Control,10
B7DFE951,27,tronco,6,Fisico,3
B7DFE951,27,tronco,7,Presion,3
B7DFE951,27,rama1,10,Presion,5
B7DFE951,27,rama1,11,Tecnica,5
B7DFE951,27,rama2,18,Inteligencia,7
B7DFE951,27,rama2,19,Control,7
B7DFE951,27,rama2,22,Fisico,10
B7DFE951,27,rama2,23,Control,10
2ED6B8EB,27,tronco,6,Presion,3
2ED6B8EB,27,tronco,7,Control,3
2ED6B8EB,27,rama1,10,Presion,5
2ED6B8EB,27,rama1,11,Potencia,5
2ED6B8EB,27,rama2,18,Inteligencia,7
2ED6B8EB,27,rama2,19,Control,7
2ED6B8EB,27,rama2,22,Fisico,10
2ED6B8EB,27,rama2,23,Potencia,10
59D1887D,27,tronco,6,Agilidad,3
59D1887D,27,tronco,7,Potencia,3
59D1887D,27,rama1,10,Fisico,5
59D1887D,27,rama1,11,Control,5
59D1887D,27,rama2,18,Agilidad,7
59D1887D,27,rama2,19,Control,7
59D1887D,27,rama2,22,Agilidad,10
59D1887D,27,rama2,23,Potencia,10
C96E95EC,27,tronco,6,Agilidad,3
C96E95EC,27,tronco,7,Control,3
C96E95EC,27,rama1,10,Agilidad,5
C96E95EC,27,rama1,11,Tecnica,5
C96E95EC,27,rama2,18,Fisico,7
C96E95EC,27,rama2,19,Tecnica,7
C96E95EC,27,rama2,22,Agilidad,10
C96E95EC,27,rama2,23,Presion,10
BE69A57A,27,tronco,6,Agilidad,3
BE69A57A,27,tronco,7,Fisico,3
BE69A57A,27,rama1,10,Potencia,5
BE69A57A,27,rama1,11,Inteligencia,5
BE69A57A,27,rama2,18,Agilidad,7
BE69A57A,27,rama2,19,Inteligencia,7
BE69A57A,27,rama2,22,Agilidad,10
BE69A57A,27,rama2,23,Presion,10
DEAE2C9F,27,tronco,6,Agilidad,3
DEAE2C9F,27,tronco,7,Control,3
DEAE2C9F,27,rama1,10,Agilidad,5
DEAE2C9F,27,rama1,11,Tecnica,5
DEAE2C9F,27,rama2,18,Fisico,7
DEAE2C9F,27,rama2,19,Tecnica,7
DEAE2C9F,27,rama2,22,Agilidad,10
DEAE2C9F,27,rama2,23,Presion,10
A9A91C09,27,tronco,6,Agilidad,3
A9A91C09,27,tronco,7,Fisico,3
A9A91C09,27,rama1,10,Potencia,5
A9A91C09,27,rama1,11,Inteligencia,5
A9A91C09,27,rama2,18,Agilidad,7
A9A91C09,27,rama2,19,Inteligencia,7
A9A91C09,27,rama2,22,Agilidad,10
A9A91C09,27,rama2,23,Presion,10
30A04DB3,27,tronco,6,Agilidad,3
30A04DB3,27,tronco,7,Potencia,3
30A04DB3,27,rama1,10,Fisico,5
30A04DB3,27,rama1,11,Control,5
30A04DB3,27,rama2,18,Agilidad,7
30A04DB3,27,rama2,19,Control,7
30A04DB3,27,rama2,22,Agilidad,10
30A04DB3,27,rama2,23,Potencia,10
47A77D25,27,tronco,6,Agilidad,3
47A77D25,27,tronco,7,Fisico,3
47A77D25,27,rama1,10,Potencia,5
47A77D25,27,rama1,11,Inteligencia,5
47A77D25,27,rama2,18,Agilidad,7
47A77D25,27,rama2,19,Inteligencia,7
47A77D25,27,rama2,22,Agilidad,10
47A77D25,27,rama2,23,Presion,10
D9C3E886,27,tronco,6,Agilidad,3
D9C3E886,27,tronco,7,Potencia,3
D9C3E886,27,rama1,10,Fisico,5
D9C3E886,27,rama1,11,Control,5
D9C3E886,27,rama2,18,Agilidad,7
D9C3E886,27,rama2,19,Control,7
D9C3E886,27,rama2,22,Agilidad,10
D9C3E886,27,rama2,23,Potencia,10
AEC4D810,27,tronco,6,Agilidad,3
AEC4D810,27,tronco,7,Control,3
AEC4D810,27,rama1,10,Agilidad,5
AEC4D810,27,rama1,11,Tecnica,5
AEC4D810,27,rama2,18,Fisico,7
AEC4D810,27,rama2,19,Tecnica,7
AEC4D810,27,rama2,22,Agilidad,10
AEC4D810,27,rama2,23,Presion,10
37CD89AA,27,tronco,6,Agilidad,3
37CD89AA,27,tronco,7,Fisico,3
37CD89AA,27,rama1,10,Potencia,5
37CD89AA,27,rama1,11,Inteligencia,5
37CD89AA,27,rama2,18,Agilidad,7
37CD89AA,27,rama2,19,Inteligencia,7
37CD89AA,27,rama2,22,Agilidad,10
37CD89AA,27,rama2,23,Presion,10
48F5E87E,27,tronco,6,Presion,3
48F5E87E,27,tronco,7,Control,3
48F5E87E,27,rama1,10,Presion,5
48F5E87E,27,rama1,11,Control,5
48F5E87E,27,rama2,18,Fisico,7
48F5E87E,27,rama2,19,Potencia,7
48F5E87E,27,rama2,22,Inteligencia,10
48F5E87E,27,rama2,23,Potencia,10
3FF2D8E8,27,tronco,6,Presion,3
3FF2D8E8,27,tronco,7,Control,3
3FF2D8E8,27,rama1,10,Presion,5
3FF2D8E8,27,rama1,11,Control,5
3FF2D8E8,27,rama2,18,Fisico,7
3FF2D8E8,27,rama2,19,Potencia,7
3FF2D8E8,27,rama2,22,Inteligencia,10
3FF2D8E8,27,rama2,23,Potencia,10
A6FB8952,27,tronco,6,Fisico,3
A6FB8952,27,tronco,7,Control,3
A6FB8952,27,rama1,10,Inteligencia,5
A6FB8952,27,rama1,11,Control,5
A6FB8952,27,rama2,18,Presion,7
A6FB8952,27,rama2,19,Tecnica,7
A6FB8952,27,rama2,22,Fisico,10
A6FB8952,27,rama2,23,Tecnica,10
D1FCB9C4,27,tronco,6,Presion,3
D1FCB9C4,27,tronco,7,Fisico,3
D1FCB9C4,27,rama1,10,Fisico,3
D1FCB9C4,27,rama1,11,Fisico,5
D1FCB9C4,27,rama2,18,Inteligencia,7
D1FCB9C4,27,rama2,19,Agilidad,7
D1FCB9C4,27,rama2,22,Presion,10
D1FCB9C4,27,rama2,23,Agilidad,10
4F982C67,27,tronco,6,Potencia,3
4F982C67,27,tronco,7,Control,3
4F982C67,27,rama1,10,Potencia,5
4F982C67,27,rama1,11,Tecnica,5
4F982C67,27,rama2,18,Control,7
4F982C67,27,rama2,19,Control,7
4F982C67,27,rama2,22,Potencia,10
4F982C67,27,rama2,23,Tecnica,10
389F1CF1,27,tronco,6,Control,3
389F1CF1,27,tronco,7,Agilidad,3
389F1CF1,27,rama1,10,Potencia,5
389F1CF1,27,rama1,11,Agilidad,5
389F1CF1,27,rama2,18,Potencia,7
389F1CF1,27,rama2,19,Fisico,7
389F1CF1,27,rama2,22,Control,10
389F1CF1,27,rama2,23,Agilidad,10
A1964D4B,27,tronco,6,Presion,3
A1964D4B,27,tronco,7,Agilidad,3
A1964D4B,27,rama1,10,Fisico,5
A1964D4B,27,rama1,11,Fisico,5
A1964D4B,27,rama2,18,Tecnica,7
A1964D4B,27,rama2,19,Agilidad,7
A1964D4B,27,rama2,22,Control,10
A1964D4B,27,rama2,23,Agilidad,10
D6917DDD,27,tronco,6,Presion,3
D6917DDD,27,tronco,7,Control,3
D6917DDD,27,rama1,10,Presion,5
D6917DDD,27,rama1,11,Control,5
D6917DDD,27,rama2,18,Fisico,7
D6917DDD,27,rama2,19,Potencia,7
D6917DDD,27,rama2,22,Inteligencia,10
D6917DDD,27,rama2,23,Potencia,10
462E604C,27,tronco,6,Fisico,3
462E604C,27,tronco,7,Control,3
462E604C,27,rama1,10,Inteligencia,5
462E604C,27,rama1,11,Control,5
462E604C,27,rama2,18,Presion,7
462E604C,27,rama2,19,Tecnica,7
462E604C,27,rama2,22,Fisico,10
462E604C,27,rama2,23,Tecnica,10
312950DA,27,tronco,6,Presion,3
312950DA,27,tronco,7,Fisico,3
312950DA,27,rama1,10,Fisico,3
312950DA,27,rama1,11,Fisico,5
312950DA,27,rama2,18,Inteligencia,7
312950DA,27,rama2,19,Agilidad,7
312950DA,27,rama2,22,Presion,10
312950DA,27,rama2,23,Agilidad,10
51EED93F,27,tronco,6,Presion,3
51EED93F,27,tronco,7,Control,3
51EED93F,27,rama1,10,Presion,5
51EED93F,27,rama1,11,Control,5
51EED93F,27,rama2,18,Fisico,7
51EED93F,27,rama2,19,Potencia,7
51EED93F,27,rama2,22,Inteligencia,10
51EED93F,27,rama2,23,Potencia,10
26E9E9A9,27,tronco,6,Fisico,3
26E9E9A9,27,tronco,7,Control,3
26E9E9A9,27,rama1,10,Inteligencia,5
26E9E9A9,27,rama1,11,Control,5
26E9E9A9,27,rama2,18,Presion,7
26E9E9A9,27,rama2,19,Tecnica,7
26E9E9A9,27,rama2,22,Fisico,10
26E9E9A9,27,rama2,23,Tecnica,10
BFE0B813,27,tronco,6,Presion,3
BFE0B813,27,tronco,7,Fisico,3
BFE0B813,27,rama1,10,Fisico,3
BFE0B813,27,rama1,11,Fisico,5
BFE0B813,27,rama2,18,Inteligencia,7
BFE0B813,27,rama2,19,Agilidad,7
BFE0B813,27,rama2,22,Presion,10
BFE0B813,27,rama2,23,Agilidad,10
C8E78885,27,tronco,6,Fisico,3
C8E78885,27,tronco,7,Control,3
C8E78885,27,rama1,10,Inteligencia,5
C8E78885,27,rama1,11,Control,5
C8E78885,27,rama2,18,Presion,7
C8E78885,27,rama2,19,Tecnica,7
C8E78885,27,rama2,22,Fisico,10
C8E78885,27,rama2,23,Tecnica,10
4B49B4AB,27,tronco,6,Potencia,3
4B49B4AB,27,tronco,7,Control,3
4B49B4AB,27,rama1,10,Control,5
4B49B4AB,27,rama1,11,Potencia,5
4B49B4AB,27,rama2,18,Potencia,7
4B49B4AB,27,rama2,19,Control,7
4B49B4AB,27,rama2,22,Tecnica,10
4B49B4AB,27,rama2,23,Potencia,10
3C4E843D,27,tronco,6,Potencia,3
3C4E843D,27,tronco,7,Control,3
3C4E843D,27,rama1,10,Potencia,5
3C4E843D,27,rama1,11,Control,5
3C4E843D,27,rama2,18,Control,7
3C4E843D,27,rama2,19,Tecnica,7
3C4E843D,27,rama2,22,Potencia,10
3C4E843D,27,rama2,23,Tecnica,10
A547D587,27,tronco,6,Potencia,3
A547D587,27,tronco,7,Fisico,10
A547D587,27,rama1,10,Control,5
A547D587,27,rama1,11,Fisico,5
A547D587,27,rama2,18,Control,7
A547D587,27,rama2,19,Inteligencia,7
A547D587,27,rama2,22,Tecnica,10
A547D587,27,rama2,23,Presion,10
D240E511,27,tronco,6,Control,3
D240E511,27,tronco,7,Fisico,3
D240E511,27,rama1,10,Potencia,5
D240E511,27,rama1,11,Fisico,5
D240E511,27,rama2,18,Control,7
D240E511,27,rama2,19,Agilidad,7
D240E511,27,rama2,22,Tecnica,10
D240E511,27,rama2,23,Agilidad,10
4C2470B2,27,tronco,6,Control,3
4C2470B2,27,tronco,7,Fisico,3
4C2470B2,27,rama1,10,Potencia,5
4C2470B2,27,rama1,11,Fisico,5
4C2470B2,27,rama2,18,Control,7
4C2470B2,27,rama2,19,Presion,7
4C2470B2,27,rama2,22,Potencia,10
4C2470B2,27,rama2,23,Inteligencia,10
3B234024,27,tronco,6,Potencia,3
3B234024,27,tronco,7,Agilidad,3
3B234024,27,rama1,10,Control,5
3B234024,27,rama1,11,Fisico,5
3B234024,27,rama2,18,Tecnica,7
3B234024,27,rama2,19,Agilidad,7
3B234024,27,rama2,22,Potencia,10
3B234024,27,rama2,23,Agilidad,10
A22A119E,27,tronco,6,Presion,3
A22A119E,27,tronco,7,Agilidad,3
A22A119E,27,rama1,10,Fisico,5
A22A119E,27,rama1,11,Fisico,5
A22A119E,27,rama2,18,Inteligencia,7
A22A119E,27,rama2,19,Agilidad,7
A22A119E,27,rama2,22,Fisico,10
A22A119E,27,rama2,23,Agilidad,10
D52D2108,27,tronco,6,Potencia,3
D52D2108,27,tronco,7,Control,3
D52D2108,27,rama1,10,Potencia,5
D52D2108,27,rama1,11,Control,5
D52D2108,27,rama2,18,Control,7
D52D2108,27,rama2,19,Tecnica,7
D52D2108,27,rama2,22,Potencia,10
D52D2108,27,rama2,23,Tecnica,10
45923C99,27,tronco,6,Potencia,3
45923C99,27,tronco,7,Fisico,10
45923C99,27,rama1,10,Control,5
45923C99,27,rama1,11,Fisico,5
45923C99,27,rama2,18,Control,7
45923C99,27,rama2,19,Inteligencia,7
45923C99,27,rama2,22,Tecnica,10
45923C99,27,rama2,23,Presion,10
32950C0F,27,tronco,6,Control,3
32950C0F,27,tronco,7,Fisico,3
32950C0F,27,rama1,10,Potencia,5
32950C0F,27,rama1,11,Fisico,5
32950C0F,27,rama2,18,Control,7
32950C0F,27,rama2,19,Agilidad,7
32950C0F,27,rama2,22,Tecnica,10
32950C0F,27,rama2,23,Agilidad,10
525285EA,27,tronco,6,Potencia,3
525285EA,27,tronco,7,Control,3
525285EA,27,rama1,10,Potencia,5
525285EA,27,rama1,11,Control,5
525285EA,27,rama2,18,Control,7
525285EA,27,rama2,19,Tecnica,7
525285EA,27,rama2,22,Potencia,10
525285EA,27,rama2,23,Tecnica,10
2555B57C,27,tronco,6,Potencia,3
2555B57C,27,tronco,7,Control,3
2555B57C,27,rama1,10,Potencia,5
2555B57C,27,rama1,11,Control,5
2555B57C,27,rama2,18,Control,7
2555B57C,27,rama2,19,Tecnica,7
2555B57C,27,rama2,22,Potencia,10
2555B57C,27,rama2,23,Tecnica,10
BC5CE4C6,27,tronco,6,Potencia,3
BC5CE4C6,27,tronco,7,Fisico,10
BC5CE4C6,27,rama1,10,Control,5
BC5CE4C6,27,rama1,11,Fisico,5
BC5CE4C6,27,rama2,18,Control,7
BC5CE4C6,27,rama2,19,Inteligencia,7
BC5CE4C6,27,rama2,22,Tecnica,10
BC5CE4C6,27,rama2,23,Presion,10
CB5BD450,27,tronco,6,Potencia,3
CB5BD450,27,tronco,7,Control,3
CB5BD450,27,rama1,10,Potencia,5
CB5BD450,27,rama1,11,Control,5
CB5BD450,27,rama2,18,Control,7
CB5BD450,27,rama2,19,Tecnica,7
CB5BD450,27,rama2,22,Potencia,10
CB5BD450,27,rama2,23,Tecnica,10
BFC5D24F,27,tronco,6,Potencia,3
BFC5D24F,27,tronco,7,Control,3
BFC5D24F,27,rama1,10,Potencia,5
BFC5D24F,27,rama1,11,Tecnica,5
BFC5D24F,27,rama2,18,Potencia,7
BFC5D24F,27,rama2,19,Tecnica,7
BFC5D24F,27,rama2,22,Potencia,10
BFC5D24F,27,rama2,23,Tecnica,10
C8C2E2D9,27,tronco,6,Potencia,3
C8C2E2D9,27,tronco,7,Control,3
C8C2E2D9,27,rama1,10,Potencia,5
C8C2E2D9,27,rama1,11,Tecnica,5
C8C2E2D9,27,rama2,18,Potencia,7
C8C2E2D9,27,rama2,19,Tecnica,7
C8C2E2D9,27,rama2,22,Potencia,10
C8C2E2D9,27,rama2,23,Tecnica,10
51CBB363,27,tronco,6,Potencia,3
51CBB363,27,tronco,7,Fisico,3
51CBB363,27,rama1,10,Potencia,5
51CBB363,27,rama1,11,Fisico,5
51CBB363,27,rama2,18,Control,7
51CBB363,27,rama2,19,Inteligencia,7
51CBB363,27,rama2,22,Potencia,10
51CBB363,27,rama2,23,Presion,10
26CC83F5,27,tronco,6,Potencia,3
26CC83F5,27,tronco,7,Agilidad,3
26CC83F5,27,rama1,10,Potencia,5
26CC83F5,27,rama1,11,Fisico,5
26CC83F5,27,rama2,18,Control,7
26CC83F5,27,rama2,19,Agilidad,7
26CC83F5,27,rama2,22,Potencia,10
26CC83F5,27,rama2,23,Agilidad,10
B8A81656,27,tronco,6,Control,3
B8A81656,27,tronco,7,Presion,3
B8A81656,27,rama1,10,Control,5
B8A81656,27,rama1,11,Inteligencia,5
B8A81656,27,rama2,18,Control,7
B8A81656,27,rama2,19,Presion,7
B8A81656,27,rama2,22,Tecnica,10
B8A81656,27,rama2,23,Fisico,10
CFAF26C0,27,tronco,6,Control,3
CFAF26C0,27,tronco,7,Agilidad,3
CFAF26C0,27,rama1,10,Tecnica,5
CFAF26C0,27,rama1,11,Fisico,5
CFAF26C0,27,rama2,18,Presion,7
CFAF26C0,27,rama2,19,Agilidad,7
CFAF26C0,27,rama2,22,Tecnica,10
CFAF26C0,27,rama2,23,Agilidad,10
56A6777A,27,tronco,6,Presion,3
56A6777A,27,tronco,7,Agilidad,3
56A6777A,27,rama1,10,Inteligencia,5
56A6777A,27,rama1,11,Agilidad,5
56A6777A,27,rama2,18,Fisico,7
56A6777A,27,rama2,19,Fisico,7
56A6777A,27,rama2,22,Inteligencia,10
56A6777A,27,rama2,23,Agilidad,10
21A147EC,27,tronco,6,Potencia,3
21A147EC,27,tronco,7,Control,3
21A147EC,27,rama1,10,Potencia,5
21A147EC,27,rama1,11,Tecnica,5
21A147EC,27,rama2,18,Potencia,7
21A147EC,27,rama2,19,Tecnica,7
21A147EC,27,rama2,22,Potencia,10
21A147EC,27,rama2,23,Tecnica,10
B11E5A7D,27,tronco,6,Potencia,3
B11E5A7D,27,tronco,7,Fisico,3
B11E5A7D,27,rama1,10,Potencia,5
B11E5A7D,27,rama1,11,Fisico,5
B11E5A7D,27,rama2,18,Control,7
B11E5A7D,27,rama2,19,Inteligencia,7
B11E5A7D,27,rama2,22,Potencia,10
B11E5A7D,27,rama2,23,Presion,10
C6196AEB,27,tronco,6,Potencia,3
C6196AEB,27,tronco,7,Agilidad,3
C6196AEB,27,rama1,10,Potencia,5
C6196AEB,27,rama1,11,Fisico,5
C6196AEB,27,rama2,18,Control,7
C6196AEB,27,rama2,19,Agilidad,7
C6196AEB,27,rama2,22,Potencia,10
C6196AEB,27,rama2,23,Agilidad,10
A6DEE30E,27,tronco,6,Potencia,3
A6DEE30E,27,tronco,7,Control,3
A6DEE30E,27,rama1,10,Potencia,5
A6DEE30E,27,rama1,11,Tecnica,5
A6DEE30E,27,rama2,18,Potencia,7
A6DEE30E,27,rama2,19,Tecnica,7
A6DEE30E,27,rama2,22,Potencia,10
A6DEE30E,27,rama2,23,Tecnica,10
D1D9D398,27,tronco,6,Potencia,3
D1D9D398,27,tronco,7,Fisico,3
D1D9D398,27,rama1,10,Potencia,5
D1D9D398,27,rama1,11,Fisico,5
D1D9D398,27,rama2,18,Control,7
D1D9D398,27,rama2,19,Inteligencia,7
D1D9D398,27,rama2,22,Potencia,10
D1D9D398,27,rama2,23,Presion,10
48D08222,27,tronco,6,Potencia,3
48D08222,27,tronco,7,Agilidad,3
48D08222,27,rama1,10,Potencia,5
48D08222,27,rama1,11,Fisico,5
48D08222,27,rama2,18,Control,7
48D08222,27,rama2,19,Agilidad,7
48D08222,27,rama2,22,Potencia,10
48D08222,27,rama2,23,Agilidad,10
3FD7B2B4,27,tronco,6,Potencia,3
3FD7B2B4,27,tronco,7,Fisico,3
3FD7B2B4,27,rama1,10,Potencia,5
3FD7B2B4,27,rama1,11,Fisico,5
3FD7B2B4,27,rama2,18,Control,7
3FD7B2B4,27,rama2,19,Inteligencia,7
3FD7B2B4,27,rama2,22,Potencia,10
3FD7B2B4,27,rama2,23,Presion,10
548E04F8,27,tronco,6,Potencia,3
548E04F8,27,tronco,7,Control,3
548E04F8,27,rama1,10,Potencia,5
548E04F8,27,rama1,11,Control,5
548E04F8,27,rama2,18,Potencia,7
548E04F8,27,rama2,19,Presion,7
548E04F8,27,rama2,22,Control,10
548E04F8,27,rama2,23,Tecnica,10
2389346E,27,tronco,6,Potencia,3
2389346E,27,tronco,7,Control,3
2389346E,27,rama1,10,Potencia,5
2389346E,27,rama1,11,Control,5
2389346E,27,rama2,18,Potencia,7
2389346E,27,rama2,19,Presion,7
2389346E,27,rama2,22,Control,10
2389346E,27,rama2,23,Tecnica,10
BA8065D4,27,tronco,6,Control,3
BA8065D4,27,tronco,7,Inteligencia,3
BA8065D4,27,rama1,10,Potencia,5
BA8065D4,27,rama1,11,Fisico,5
BA8065D4,27,rama2,18,Control,7
BA8065D4,27,rama2,19,Inteligencia,7
BA8065D4,27,rama2,22,Potencia,10
BA8065D4,27,rama2,23,Presion,10
CD875542,27,tronco,6,Control,3
CD875542,27,tronco,7,Fisico,3
CD875542,27,rama1,10,Potencia,5
CD875542,27,rama1,11,Agilidad,5
CD875542,27,rama2,18,Potencia,7
CD875542,27,rama2,19,Agilidad,7
CD875542,27,rama2,22,Potencia,10
CD875542,27,rama2,23,Agilidad,10
53E3C0E1,27,tronco,6,Tecnica,3
53E3C0E1,27,tronco,7,Inteligencia,3
53E3C0E1,27,rama1,10,Control,5
53E3C0E1,27,rama1,11,Fisico,5
53E3C0E1,27,rama2,18,Control,7
53E3C0E1,27,rama2,19,Presion,7
53E3C0E1,27,rama2,22,Tecnica,10
53E3C0E1,27,rama2,23,Inteligencia,10
24E4F077,27,tronco,6,Tecnica,3
24E4F077,27,tronco,7,Fisico,3
24E4F077,27,rama1,10,Control,5
24E4F077,27,rama1,11,Agilidad,5
24E4F077,27,rama2,18,Presion,7
24E4F077,27,rama2,19,Fisico,7
24E4F077,27,rama2,22,Tecnica,10
24E4F077,27,rama2,23,Agilidad,10
BDEDA1CD,27,tronco,6,Presion,3
BDEDA1CD,27,tronco,7,Agilidad,3
BDEDA1CD,27,rama1,10,Inteligencia,5
BDEDA1CD,27,rama1,11,Fisico,5
BDEDA1CD,27,rama2,18,Inteligencia,7
BDEDA1CD,27,rama2,19,Agilidad,7
BDEDA1CD,27,rama2,22,Fisico,10
BDEDA1CD,27,rama2,23,Agilidad,10
CAEA915B,27,tronco,6,Potencia,3
CAEA915B,27,tronco,7,Control,3
CAEA915B,27,rama1,10,Potencia,5
CAEA915B,27,rama1,11,Control,5
CAEA915B,27,rama2,18,Potencia,7
CAEA915B,27,rama2,19,Presion,7
CAEA915B,27,rama2,22,Control,10
CAEA915B,27,rama2,23,Tecnica,10
5A558CCA,27,tronco,6,Control,3
5A558CCA,27,tronco,7,Inteligencia,3
5A558CCA,27,rama1,10,Potencia,5
5A558CCA,27,rama1,11,Fisico,5
5A558CCA,27,rama2,18,Control,7
5A558CCA,27,rama2,19,Inteligencia,7
5A558CCA,27,rama2,22,Potencia,10
5A558CCA,27,rama2,23,Presion,10
2D52BC5C,27,tronco,6,Control,3
2D52BC5C,27,tronco,7,Fisico,3
2D52BC5C,27,rama1,10,Potencia,5
2D52BC5C,27,rama1,11,Agilidad,5
2D52BC5C,27,rama2,18,Potencia,7
2D52BC5C,27,rama2,19,Agilidad,7
2D52BC5C,27,rama2,22,Potencia,10
2D52BC5C,27,rama2,23,Agilidad,10
4D9535B9,27,tronco,6,Tecnica,3
4D9535B9,27,tronco,7,Inteligencia,3
4D9535B9,27,rama1,10,Control,5
4D9535B9,27,rama1,11,Fisico,5
4D9535B9,27,rama2,18,Control,7
4D9535B9,27,rama2,19,Presion,7
4D9535B9,27,rama2,22,Tecnica,10
4D9535B9,27,rama2,23,Inteligencia,10
3A92052F,27,tronco,6,Potencia,3
3A92052F,27,tronco,7,Control,3
3A92052F,27,rama1,10,Potencia,5
3A92052F,27,rama1,11,Control,5
3A92052F,27,rama2,18,Potencia,7
3A92052F,27,rama2,19,Presion,7
3A92052F,27,rama2,22,Control,10
3A92052F,27,rama2,23,Tecnica,10
A39B5495,27,tronco,6,Control,3
A39B5495,27,tronco,7,Inteligencia,3
A39B5495,27,rama1,10,Potencia,5
A39B5495,27,rama1,11,Fisico,5
A39B5495,27,rama2,18,Control,7
A39B5495,27,rama2,19,Inteligencia,7
A39B5495,27,rama2,22,Potencia,10
A39B5495,27,rama2,23,Presion,10
D49C6403,27,tronco,6,Potencia,3
D49C6403,27,tronco,7,Control,3
D49C6403,27,rama1,10,Potencia,5
D49C6403,27,rama1,11,Control,5
D49C6403,27,rama2,18,Potencia,7
D49C6403,27,rama2,19,Presion,7
D49C6403,27,rama2,22,Control,10
D49C6403,27,rama2,23,Tecnica,10
9C6E8B88,27,tronco,6,Presion,3
9C6E8B88,27,tronco,7,Potencia,3
9C6E8B88,27,rama1,10,Fisico,5
9C6E8B88,27,rama1,11,Control,5
9C6E8B88,27,rama2,18,Inteligencia,7
9C6E8B88,27,rama2,19,Potencia,7
9C6E8B88,27,rama2,22,Presion,10
9C6E8B88,27,rama2,23,Control,10
EB69BB1E,27,tronco,6,Potencia,3
EB69BB1E,27,tronco,7,Control,3
EB69BB1E,27,rama1,10,Potencia,5
EB69BB1E,27,rama1,11,Tecnica,5
EB69BB1E,27,rama2,18,Potencia,7
EB69BB1E,27,rama2,19,Presion,7
EB69BB1E,27,rama2,22,Potencia,10
EB69BB1E,27,rama2,23,Tecnica,10
7260EAA4,27,tronco,6,Presion,3
7260EAA4,27,tronco,7,Potencia,3
7260EAA4,27,rama1,10,Fisico,5
7260EAA4,27,rama1,11,Control,5
7260EAA4,27,rama2,18,Inteligencia,7
7260EAA4,27,rama2,19,Potencia,7
7260EAA4,27,rama2,22,Presion,10
7260EAA4,27,rama2,23,Control,10
0567DA32,27,tronco,6,Control,3
0567DA32,27,tronco,7,Agilidad,3
0567DA32,27,rama1,10,Potencia,5
0567DA32,27,rama1,11,Fisico,5
0567DA32,27,rama2,18,Control,7
0567DA32,27,rama2,19,Agilidad,7
0567DA32,27,rama2,22,Potencia,10
0567DA32,27,rama2,23,Agilidad,10
9B034F91,27,tronco,6,Presion,3
9B034F91,27,tronco,7,Control,3
9B034F91,27,rama1,10,Presion,5
9B034F91,27,rama1,11,Tecnica,5
9B034F91,27,rama2,18,Fisico,7
9B034F91,27,rama2,19,Control,7
9B034F91,27,rama2,22,Inteligencia,10
9B034F91,27,rama2,23,Tecnica,10
EC047F07,27,tronco,6,Tecnica,3
EC047F07,27,tronco,7,Fisico,3
EC047F07,27,rama1,10,Tecnica,5
EC047F07,27,rama1,11,Agilidad,5
EC047F07,27,rama2,18,Presion,7
EC047F07,27,rama2,19,Fisico,7
EC047F07,27,rama2,22,Control,10
EC047F07,27,rama2,23,Agilidad,10
750D2EBD,27,tronco,6,Presion,3
750D2EBD,27,tronco,7,Agilidad,3
750D2EBD,27,rama1,10,Inteligencia,5
750D2EBD,27,rama1,11,Fisico,5
750D2EBD,27,rama2,18,Inteligencia,7
750D2EBD,27,rama2,19,Agilidad,7
750D2EBD,27,rama2,22,Fisico,10
750D2EBD,27,rama2,23,Agilidad,10
020A1E2B,27,tronco,6,Presion,3
020A1E2B,27,tronco,7,Potencia,3
020A1E2B,27,rama1,10,Fisico,5
020A1E2B,27,rama1,11,Control,5
020A1E2B,27,rama2,18,Inteligencia,7
020A1E2B,27,rama2,19,Potencia,7
020A1E2B,27,rama2,22,Presion,10
020A1E2B,27,rama2,23,Control,10
92B503BA,27,tronco,6,Presion,3
92B503BA,27,tronco,7,Control,3
92B503BA,27,rama1,10,Presion,5
92B503BA,27,rama1,11,Tecnica,5
92B503BA,27,rama2,18,Fisico,7
92B503BA,27,rama2,19,Control,7
92B503BA,27,rama2,22,Inteligencia,10
92B503BA,27,rama2,23,Tecnica,10
E5B2332C,27,tronco,6,Presion,3
E5B2332C,27,tronco,7,Agilidad,3
E5B2332C,27,rama1,10,Inteligencia,5
E5B2332C,27,rama1,11,Fisico,5
E5B2332C,27,rama2,18,Inteligencia,7
E5B2332C,27,rama2,19,Agilidad,7
E5B2332C,27,rama2,22,Fisico,10
E5B2332C,27,rama2,23,Agilidad,10
8575BAC9,27,tronco,6,Presion,3
8575BAC9,27,tronco,7,Potencia,3
8575BAC9,27,rama1,10,Fisico,5
8575BAC9,27,rama1,11,Control,5
8575BAC9,27,rama2,18,Inteligencia,7
8575BAC9,27,rama2,19,Potencia,7
8575BAC9,27,rama2,22,Presion,10
8575BAC9,27,rama2,23,Control,10
F2728A5F,27,tronco,6,Presion,3
F2728A5F,27,tronco,7,Potencia,3
F2728A5F,27,rama1,10,Fisico,5
F2728A5F,27,rama1,11,Control,5
F2728A5F,27,rama2,18,Inteligencia,7
F2728A5F,27,rama2,19,Potencia,7
F2728A5F,27,rama2,22,Presion,10
F2728A5F,27,rama2,23,Control,10
6B7BDBE5,27,tronco,6,Presion,3
6B7BDBE5,27,tronco,7,Control,3
6B7BDBE5,27,rama1,10,Presion,5
6B7BDBE5,27,rama1,11,Tecnica,5
6B7BDBE5,27,rama2,18,Fisico,7
6B7BDBE5,27,rama2,19,Control,7
6B7BDBE5,27,rama2,22,Inteligencia,10
6B7BDBE5,27,rama2,23,Tecnica,10
1C7CEB73,27,tronco,6,Presion,3
1C7CEB73,27,tronco,7,Potencia,3
1C7CEB73,27,rama1,10,Fisico,5
1C7CEB73,27,rama1,11,Control,5
1C7CEB73,27,rama2,18,Inteligencia,7
1C7CEB73,27,rama2,19,Potencia,7
1C7CEB73,27,rama2,22,Presion,10
1C7CEB73,27,rama2,23,Control,10
540864EA,27,tronco,6,Potencia,3
540864EA,27,tronco,7,Control,3
540864EA,27,rama1,10,Potencia,5
540864EA,27,rama1,11,Tecnica,5
540864EA,27,rama2,18,Potencia,7
540864EA,27,rama2,19,Presion,7
540864EA,27,rama2,22,Potencia,10
540864EA,27,rama2,23,Tecnica,10
230F547C,27,tronco,6,Potencia,3
230F547C,27,tronco,7,Control,3
230F547C,27,rama1,10,Potencia,5
230F547C,27,rama1,11,Tecnica,5
230F547C,27,rama2,18,Potencia,7
230F547C,27,rama2,19,Presion,7
230F547C,27,rama2,22,Potencia,10
230F547C,27,rama2,23,Tecnica,10
BA0605C6,27,tronco,6,Potencia,3
BA0605C6,27,tronco,7,Inteligencia,3
BA0605C6,27,rama1,10,Control,5
BA0605C6,27,rama1,11,Presion,5
BA0605C6,27,rama2,18,Potencia,7
BA0605C6,27,rama2,19,Inteligencia,7
BA0605C6,27,rama2,22,Potencia,10
BA0605C6,27,rama2,23,Fisico,10
CD013550,27,tronco,6,Control,3
CD013550,27,tronco,7,Fisico,3
CD013550,27,rama1,10,Potencia,5
CD013550,27,rama1,11,Agilidad,5
CD013550,27,rama2,18,Control,7
CD013550,27,rama2,19,Agilidad,7
CD013550,27,rama2,22,Potencia,10
CD013550,27,rama2,23,Agilidad,10
5365A0F3,27,tronco,6,Tecnica,3
5365A0F3,27,tronco,7,Presion,3
5365A0F3,27,rama1,10,Presion,5
5365A0F3,27,rama1,11,Fisico,5
5365A0F3,27,rama2,18,Tecnica,7
5365A0F3,27,rama2,19,Inteligencia,7
5365A0F3,27,rama2,22,Control,10
5365A0F3,27,rama2,23,Presion,10
24629065,27,tronco,6,Tecnica,3
24629065,27,tronco,7,Fisico,3
24629065,27,rama1,10,Tecnica,5
24629065,27,rama1,11,Fisico,5
24629065,27,rama2,18,Presion,7
24629065,27,rama2,19,Agilidad,7
24629065,27,rama2,22,Control,10
24629065,27,rama2,23,Agilidad,10
BD6BC1DF,27,tronco,6,Presion,3
BD6BC1DF,27,tronco,7,Agilidad,3
BD6BC1DF,27,rama1,10,Fisico,5
BD6BC1DF,27,rama1,11,Fisico,5
BD6BC1DF,27,rama2,18,Inteligencia,7
BD6BC1DF,27,rama2,19,Agilidad,7
BD6BC1DF,27,rama2,22,Fisico,10
BD6BC1DF,27,rama2,23,Agilidad,10
CA6CF149,27,tronco,6,Potencia,3
CA6CF149,27,tronco,7,Control,3
CA6CF149,27,rama1,10,Potencia,5
CA6CF149,27,rama1,11,Tecnica,5
CA6CF149,27,rama2,18,Potencia,7
CA6CF149,27,rama2,19,Presion,7
CA6CF149,27,rama2,22,Potencia,10
CA6CF149,27,rama2,23,Tecnica,10
5AD3ECD8,27,tronco,6,Potencia,3
5AD3ECD8,27,tronco,7,Inteligencia,3
5AD3ECD8,27,rama1,10,Control,5
5AD3ECD8,27,rama1,11,Presion,5
5AD3ECD8,27,rama2,18,Potencia,7
5AD3ECD8,27,rama2,19,Inteligencia,7
5AD3ECD8,27,rama2,22,Potencia,10
5AD3ECD8,27,rama2,23,Fisico,10
2DD4DC4E,27,tronco,6,Control,3
2DD4DC4E,27,tronco,7,Fisico,3
2DD4DC4E,27,rama1,10,Potencia,5
2DD4DC4E,27,rama1,11,Agilidad,5
2DD4DC4E,27,rama2,18,Control,7
2DD4DC4E,27,rama2,19,Agilidad,7
2DD4DC4E,27,rama2,22,Potencia,10
2DD4DC4E,27,rama2,23,Agilidad,10
4D1355AB,27,tronco,6,Potencia,3
4D1355AB,27,tronco,7,Inteligencia,3
4D1355AB,27,rama1,10,Control,5
4D1355AB,27,rama1,11,Presion,5
4D1355AB,27,rama2,18,Potencia,7
4D1355AB,27,rama2,19,Inteligencia,7
4D1355AB,27,rama2,22,Potencia,10
4D1355AB,27,rama2,23,Fisico,10
3A14653D,27,tronco,6,Potencia,3
3A14653D,27,tronco,7,Control,3
3A14653D,27,rama1,10,Potencia,5
3A14653D,27,rama1,11,Tecnica,5
3A14653D,27,rama2,18,Potencia,7
3A14653D,27,rama2,19,Presion,7
3A14653D,27,rama2,22,Potencia,10
3A14653D,27,rama2,23,Tecnica,10
A31D3487,27,tronco,6,Potencia,3
A31D3487,27,tronco,7,Inteligencia,3
A31D3487,27,rama1,10,Control,5
A31D3487,27,rama1,11,Presion,5
A31D3487,27,rama2,18,Potencia,7
A31D3487,27,rama2,19,Inteligencia,7
A31D3487,27,rama2,22,Potencia,10
A31D3487,27,rama2,23,Fisico,10
D41A0411,27,tronco,6,Potencia,3
D41A0411,27,tronco,7,Inteligencia,3
D41A0411,27,rama1,10,Control,5
D41A0411,27,rama1,11,Presion,5
D41A0411,27,rama2,18,Potencia,7
D41A0411,27,rama2,19,Inteligencia,7
D41A0411,27,rama2,22,Potencia,10
D41A0411,27,rama2,23,Fisico,10
4A7E91B2,27,tronco,6,Potencia,3
4A7E91B2,27,tronco,7,Control,3
4A7E91B2,27,rama1,10,Potencia,5
4A7E91B2,27,rama1,11,Tecnica,5
4A7E91B2,27,rama2,18,Potencia,7
4A7E91B2,27,rama2,19,Presion,7
4A7E91B2,27,rama2,22,Potencia,10
4A7E91B2,27,rama2,23,Tecnica,10
3D79A124,27,tronco,6,Potencia,3
3D79A124,27,tronco,7,Control,3
3D79A124,27,rama1,10,Potencia,5
3D79A124,27,rama1,11,Tecnica,5
3D79A124,27,rama2,18,Potencia,7
3D79A124,27,rama2,19,Presion,7
3D79A124,27,rama2,22,Potencia,10
3D79A124,27,rama2,23,Tecnica,10
A470F09E,27,tronco,6,Potencia,3
A470F09E,27,tronco,7,Control,3
A470F09E,27,rama1,10,Potencia,5
A470F09E,27,rama1,11,Tecnica,5
A470F09E,27,rama2,18,Potencia,7
A470F09E,27,rama2,19,Presion,7
A470F09E,27,rama2,22,Potencia,10
A470F09E,27,rama2,23,Tecnica,10
D377C008,27,tronco,6,Potencia,3
D377C008,27,tronco,7,Inteligencia,3
D377C008,27,rama1,10,Control,5
D377C008,27,rama1,11,Presion,5
D377C008,27,rama2,18,Potencia,7
D377C008,27,rama2,19,Inteligencia,7
D377C008,27,rama2,22,Potencia,10
D377C008,27,rama2,23,Fisico,10
A10EA238,27,tronco,6,Presion,3
A10EA238,27,tronco,7,Control,3
A10EA238,27,rama1,10,Presion,5
A10EA238,27,rama1,11,Potencia,5
A10EA238,27,rama2,18,Inteligencia,7
A10EA238,27,rama2,19,Potencia,7
A10EA238,27,rama2,22,Fisico,10
A10EA238,27,rama2,23,Control,10
D60992AE,27,tronco,6,Presion,3
D60992AE,27,tronco,7,Control,3
D60992AE,27,rama1,10,Presion,5
D60992AE,27,rama1,11,Potencia,5
D60992AE,27,rama2,18,Inteligencia,7
D60992AE,27,rama2,19,Potencia,7
D60992AE,27,rama2,22,Fisico,10
D60992AE,27,rama2,23,Control,10
4F00C314,27,tronco,6,Presion,3
4F00C314,27,tronco,7,Control,3
4F00C314,27,rama1,10,Fisico,5
4F00C314,27,rama1,11,Control,5
4F00C314,27,rama2,18,Inteligencia,7
4F00C314,27,rama2,19,Potencia,7
4F00C314,27,rama2,22,Inteligencia,10
4F00C314,27,rama2,23,Tecnica,10
3807F382,27,tronco,6,Fisico,3
3807F382,27,tronco,7,Fisico,3
3807F382,27,rama1,10,Presion,5
3807F382,27,rama1,11,Agilidad,5
3807F382,27,rama2,18,Inteligencia,7
3807F382,27,rama2,19,Agilidad,7
3807F382,27,rama2,22,Presion,10
3807F382,27,rama2,23,Agilidad,10
A6636621,27,tronco,6,Potencia,3
A6636621,27,tronco,7,Control,3
A6636621,27,rama1,10,Control,5
A6636621,27,rama1,11,Tecnica,5
A6636621,27,rama2,18,Control,7
A6636621,27,rama2,19,Control,7
A6636621,27,rama2,22,Potencia,10
A6636621,27,rama2,23,Tecnica,10
D16456B7,27,tronco,6,Control,3
D16456B7,27,tronco,7,Agilidad,3
D16456B7,27,rama1,10,Potencia,5
D16456B7,27,rama1,11,Agilidad,5
D16456B7,27,rama2,18,Potencia,5
D16456B7,27,rama2,19,Fisico,7
D16456B7,27,rama2,22,Control,10
D16456B7,27,rama2,23,Agilidad,10
486D070D,27,tronco,6,Presion,3
486D070D,27,tronco,7,Fisico,3
486D070D,27,rama1,10,Tecnica,5
486D070D,27,rama1,11,Agilidad,5
486D070D,27,rama2,18,Presion,7
486D070D,27,rama2,19,Agilidad,7
486D070D,27,rama2,22,Control,10
486D070D,27,rama2,23,Agilidad,10
3F6A379B,27,tronco,6,Presion,3
3F6A379B,27,tronco,7,Control,3
3F6A379B,27,rama1,10,Presion,5
3F6A379B,27,rama1,11,Potencia,5
3F6A379B,27,rama2,18,Inteligencia,7
3F6A379B,27,rama2,19,Potencia,7
3F6A379B,27,rama2,22,Fisico,10
3F6A379B,27,rama2,23,Control,10
AFD52A0A,27,tronco,6,Presion,3
AFD52A0A,27,tronco,7,Control,3
AFD52A0A,27,rama1,10,Fisico,5
AFD52A0A,27,rama1,11,Control,5
AFD52A0A,27,rama2,18,Inteligencia,7
AFD52A0A,27,rama2,19,Potencia,7
AFD52A0A,27,rama2,22,Inteligencia,10
AFD52A0A,27,rama2,23,Tecnica,10
D8D21A9C,27,tronco,6,Fisico,3
D8D21A9C,27,tronco,7,Fisico,3
D8D21A9C,27,rama1,10,Presion,5
D8D21A9C,27,rama1,11,Agilidad,5
D8D21A9C,27,rama2,18,Inteligencia,7
D8D21A9C,27,rama2,19,Agilidad,7
D8D21A9C,27,rama2,22,Presion,10
D8D21A9C,27,rama2,23,Agilidad,10
B8159379,27,tronco,6,Presion,3
B8159379,27,tronco,7,Control,3
B8159379,27,rama1,10,Presion,5
B8159379,27,rama1,11,Potencia,5
B8159379,27,rama2,18,Inteligencia,7
B8159379,27,rama2,19,Potencia,7
B8159379,27,rama2,22,Fisico,10
B8159379,27,rama2,23,Control,10
CF12A3EF,27,tronco,6,Presion,3
CF12A3EF,27,tronco,7,Control,3
CF12A3EF,27,rama1,10,Presion,5
CF12A3EF,27,rama1,11,Potencia,5
CF12A3EF,27,rama2,18,Inteligencia,7
CF12A3EF,27,rama2,19,Potencia,7
CF12A3EF,27,rama2,22,Fisico,10
CF12A3EF,27,rama2,23,Control,10
561BF255,27,tronco,6,Presion,3
561BF255,27,tronco,7,Control,3
561BF255,27,rama1,10,Fisico,5
561BF255,27,rama1,11,Control,5
561BF255,27,rama2,18,Inteligencia,7
561BF255,27,rama2,19,Potencia,7
561BF255,27,rama2,22,Inteligencia,10
561BF255,27,rama2,23,Tecnica,10
211CC2C3,27,tronco,6,Presion,3
211CC2C3,27,tronco,7,Control,3
211CC2C3,27,rama1,10,Fisico,5
211CC2C3,27,rama1,11,Control,5
211CC2C3,27,rama2,18,Inteligencia,7
211CC2C3,27,rama2,19,Potencia,7
211CC2C3,27,rama2,22,Inteligencia,10
211CC2C3,27,rama2,23,Tecnica,10
15CE96DE,27,tronco,6,Potencia,3
15CE96DE,27,tronco,7,Control,3
15CE96DE,27,rama1,10,Potencia,5
15CE96DE,27,rama1,11,Tecnica,5
15CE96DE,27,rama2,18,Potencia,7
15CE96DE,27,rama2,19,Presion,7
15CE96DE,27,rama2,22,Potencia,10
15CE96DE,27,rama2,23,Tecnica,10
62C9A648,27,tronco,6,Potencia,3
62C9A648,27,tronco,7,Control,3
62C9A648,27,rama1,10,Potencia,5
62C9A648,27,rama1,11,Tecnica,5
62C9A648,27,rama2,18,Potencia,7
62C9A648,27,rama2,19,Presion,7
62C9A648,27,rama2,22,Potencia,10
62C9A648,27,rama2,23,Tecnica,10
FBC0F7F2,27,tronco,6,Potencia,3
FBC0F7F2,27,tronco,7,Inteligencia,3
FBC0F7F2,27,rama1,10,Control,5
FBC0F7F2,27,rama1,11,Presion,5
FBC0F7F2,27,rama2,18,Potencia,7
FBC0F7F2,27,rama2,19,Fisico,7
FBC0F7F2,27,rama2,22,Potencia,10
FBC0F7F2,27,rama2,23,Inteligencia,10
8CC7C764,27,tronco,6,Control,3
8CC7C764,27,tronco,7,Agilidad,3
8CC7C764,27,rama1,10,Potencia,5
8CC7C764,27,rama1,11,Agilidad,5
8CC7C764,27,rama2,18,Control,7
8CC7C764,27,rama2,19,Agilidad,7
8CC7C764,27,rama2,22,Potencia,10
8CC7C764,27,rama2,23,Agilidad,10
12A352C7,27,tronco,6,Tecnica,3
12A352C7,27,tronco,7,Inteligencia,3
12A352C7,27,rama1,10,Presion,5
12A352C7,27,rama1,11,Fisico,5
12A352C7,27,rama2,18,Tecnica,7
12A352C7,27,rama2,19,Inteligencia,7
12A352C7,27,rama2,22,Control,10
12A352C7,27,rama2,23,Presion,10
65A46251,27,tronco,6,Tecnica,3
65A46251,27,tronco,7,Agilidad,3
65A46251,27,rama1,10,Tecnica,5
65A46251,27,rama1,11,Fisico,5
65A46251,27,rama2,18,Tecnica,7
65A46251,27,rama2,19,Agilidad,7
65A46251,27,rama2,22,Control,10
65A46251,27,rama2,23,Agilidad,10
FCAD33EB,27,tronco,6,Presion,3
FCAD33EB,27,tronco,7,Agilidad,3
FCAD33EB,27,rama1,10,Fisico,5
FCAD33EB,27,rama1,11,Agilidad,5
FCAD33EB,27,rama2,18,Inteligencia,7
FCAD33EB,27,rama2,19,Agilidad,7
FCAD33EB,27,rama2,22,Fisico,10
FCAD33EB,27,rama2,23,Agilidad,10
8BAA037D,27,tronco,6,Potencia,3
8BAA037D,27,tronco,7,Control,3
8BAA037D,27,rama1,10,Potencia,5
8BAA037D,27,rama1,11,Tecnica,5
8BAA037D,27,rama2,18,Potencia,7
8BAA037D,27,rama2,19,Presion,7
8BAA037D,27,rama2,22,Potencia,10
8BAA037D,27,rama2,23,Tecnica,10
1B151EEC,27,tronco,6,Potencia,3
1B151EEC,27,tronco,7,Inteligencia,3
1B151EEC,27,rama1,10,Control,5
1B151EEC,27,rama1,11,Presion,5
1B151EEC,27,rama2,18,Potencia,7
1B151EEC,27,rama2,19,Fisico,7
1B151EEC,27,rama2,22,Potencia,10
1B151EEC,27,rama2,23,Inteligencia,10
6C122E7A,27,tronco,6,Control,3
6C122E7A,27,tronco,7,Agilidad,3
6C122E7A,27,rama1,10,Potencia,5
6C122E7A,27,rama1,11,Agilidad,5
6C122E7A,27,rama2,18,Control,7
6C122E7A,27,rama2,19,Agilidad,7
6C122E7A,27,rama2,22,Potencia,10
6C122E7A,27,rama2,23,Agilidad,10
0CD5A79F,27,tronco,6,Potencia,3
0CD5A79F,27,tronco,7,Control,3
0CD5A79F,27,rama1,10,Potencia,5
0CD5A79F,27,rama1,11,Tecnica,5
0CD5A79F,27,rama2,18,Potencia,7
0CD5A79F,27,rama2,19,Presion,7
0CD5A79F,27,rama2,22,Potencia,10
0CD5A79F,27,rama2,23,Tecnica,10
7BD29709,27,tronco,6,Potencia,3
7BD29709,27,tronco,7,Control,3
7BD29709,27,rama1,10,Potencia,5
7BD29709,27,rama1,11,Tecnica,5
7BD29709,27,rama2,18,Potencia,7
7BD29709,27,rama2,19,Presion,7
7BD29709,27,rama2,22,Potencia,10
7BD29709,27,rama2,23,Tecnica,10
E2DBC6B3,27,tronco,6,Potencia,3
E2DBC6B3,27,tronco,7,Inteligencia,3
E2DBC6B3,27,rama1,10,Control,5
E2DBC6B3,27,rama1,11,Presion,5
E2DBC6B3,27,rama2,18,Potencia,7
E2DBC6B3,27,rama2,19,Fisico,7
E2DBC6B3,27,rama2,22,Potencia,10
E2DBC6B3,27,rama2,23,Inteligencia,10
95DCF625,27,tronco,6,Potencia,3
95DCF625,27,tronco,7,Control,3
95DCF625,27,rama1,10,Potencia,5
95DCF625,27,rama1,11,Tecnica,5
95DCF625,27,rama2,18,Potencia,7
95DCF625,27,rama2,19,Presion,7
95DCF625,27,rama2,22,Potencia,10
95DCF625,27,rama2,23,Tecnica,10
F27F6F5E,27,tronco,6,Potencia,3
F27F6F5E,27,tronco,7,Control,3
F27F6F5E,27,rama1,10,Potencia,5
F27F6F5E,27,rama1,11,Tecnica,5
F27F6F5E,27,rama2,18,Potencia,7
F27F6F5E,27,rama2,19,Control,7
F27F6F5E,27,rama2,22,Potencia,10
F27F6F5E,27,rama2,23,Tecnica,10
85785FC8,27,tronco,6,Potencia,3
85785FC8,27,tronco,7,Control,3
85785FC8,27,rama1,10,Potencia,5
85785FC8,27,rama1,11,Tecnica,5
85785FC8,27,rama2,18,Potencia,7
85785FC8,27,rama2,19,Control,7
85785FC8,27,rama2,22,Potencia,10
85785FC8,27,rama2,23,Tecnica,10
1C710E72,27,tronco,6,Potencia,3
1C710E72,27,tronco,7,Inteligencia,3
1C710E72,27,rama1,10,Control,5
1C710E72,27,rama1,11,Presion,5
1C710E72,27,rama2,18,Potencia,7
1C710E72,27,rama2,19,Fisico,7
1C710E72,27,rama2,22,Potencia,10
1C710E72,27,rama2,23,Inteligencia,10
6B763EE4,27,tronco,6,Control,3
6B763EE4,27,tronco,7,Agilidad,3
6B763EE4,27,rama1,10,Potencia,5
6B763EE4,27,rama1,11,Agilidad,5
6B763EE4,27,rama2,18,Control,7
6B763EE4,27,rama2,19,Agilidad,7
6B763EE4,27,rama2,22,Potencia,10
6B763EE4,27,rama2,23,Agilidad,10
F512AB47,27,tronco,6,Tecnica,3
F512AB47,27,tronco,7,Inteligencia,3
F512AB47,27,rama1,10,Presion,5
F512AB47,27,rama1,11,Fisico,5
F512AB47,27,rama2,18,Tecnica,7
F512AB47,27,rama2,19,Inteligencia,7
F512AB47,27,rama2,22,Control,10
F512AB47,27,rama2,23,Presion,10
82159BD1,27,tronco,6,Tecnica,3
82159BD1,27,tronco,7,Agilidad,3
82159BD1,27,rama1,10,Tecnica,5
82159BD1,27,rama1,11,Fisico,5
82159BD1,27,rama2,18,Tecnica,7
82159BD1,27,rama2,19,Agilidad,7
82159BD1,27,rama2,22,Control,10
82159BD1,27,rama2,23,Agilidad,10
1B1CCA6B,27,tronco,6,Presion,3
1B1CCA6B,27,tronco,7,Agilidad,3
1B1CCA6B,27,rama1,10,Fisico,5
1B1CCA6B,27,rama1,11,Agilidad,5
1B1CCA6B,27,rama2,18,Inteligencia,7
1B1CCA6B,27,rama2,19,Agilidad,7
1B1CCA6B,27,rama2,22,Fisico,10
1B1CCA6B,27,rama2,23,Agilidad,10
6C1BFAFD,27,tronco,6,Potencia,3
6C1BFAFD,27,tronco,7,Control,3
6C1BFAFD,27,rama1,10,Potencia,5
6C1BFAFD,27,rama1,11,Tecnica,5
6C1BFAFD,27,rama2,18,Potencia,7
6C1BFAFD,27,rama2,19,Control,7
6C1BFAFD,27,rama2,22,Potencia,10
6C1BFAFD,27,rama2,23,Tecnica,10
FCA4E76C,27,tronco,6,Potencia,3
FCA4E76C,27,tronco,7,Inteligencia,3
FCA4E76C,27,rama1,10,Control,5
FCA4E76C,27,rama1,11,Presion,5
FCA4E76C,27,rama2,18,Potencia,7
FCA4E76C,27,rama2,19,Fisico,7
FCA4E76C,27,rama2,22,Potencia,10
FCA4E76C,27,rama2,23,Inteligencia,10
8BA3D7FA,27,tronco,6,Control,3
8BA3D7FA,27,tronco,7,Agilidad,3
8BA3D7FA,27,rama1,10,Potencia,5
8BA3D7FA,27,rama1,11,Agilidad,5
8BA3D7FA,27,rama2,18,Control,7
8BA3D7FA,27,rama2,19,Agilidad,7
8BA3D7FA,27,rama2,22,Potencia,10
8BA3D7FA,27,rama2,23,Agilidad,10
EB645E1F,27,tronco,6,Potencia,3
EB645E1F,27,tronco,7,Control,3
EB645E1F,27,rama1,10,Potencia,5
EB645E1F,27,rama1,11,Tecnica,5
EB645E1F,27,rama2,18,Potencia,7
EB645E1F,27,rama2,19,Control,7
EB645E1F,27,rama2,22,Potencia,10
EB645E1F,27,rama2,23,Tecnica,10
9C636E89,27,tronco,6,Potencia,3
9C636E89,27,tronco,7,Control,3
9C636E89,27,rama1,10,Potencia,5
9C636E89,27,rama1,11,Tecnica,5
9C636E89,27,rama2,18,Potencia,7
9C636E89,27,rama2,19,Control,7
9C636E89,27,rama2,22,Potencia,10
9C636E89,27,rama2,23,Tecnica,10
BFB7CE55,27,tronco,6,Potencia,3
BFB7CE55,27,tronco,7,Control,3
BFB7CE55,27,rama1,10,Potencia,5
BFB7CE55,27,rama1,11,Tecnica,5
BFB7CE55,27,rama2,18,Potencia,7
BFB7CE55,27,rama2,19,Control,7
BFB7CE55,27,rama2,22,Potencia,10
BFB7CE55,27,rama2,23,Tecnica,10
C8B0FEC3,27,tronco,6,Potencia,3
C8B0FEC3,27,tronco,7,Control,3
C8B0FEC3,27,rama1,10,Potencia,5
C8B0FEC3,27,rama1,11,Tecnica,5
C8B0FEC3,27,rama2,18,Potencia,7
C8B0FEC3,27,rama2,19,Control,7
C8B0FEC3,27,rama2,22,Potencia,10
C8B0FEC3,27,rama2,23,Tecnica,10
51B9AF79,27,tronco,6,Potencia,3
51B9AF79,27,tronco,7,Inteligencia,3
51B9AF79,27,rama1,10,Control,5
51B9AF79,27,rama1,11,Presion,5
51B9AF79,27,rama2,18,Potencia,7
51B9AF79,27,rama2,19,Fisico,7
51B9AF79,27,rama2,22,Potencia,10
51B9AF79,27,rama2,23,Inteligencia,10
26BE9FEF,27,tronco,6,Control,3
26BE9FEF,27,tronco,7,Agilidad,3
26BE9FEF,27,rama1,10,Potencia,5
26BE9FEF,27,rama1,11,Agilidad,5
26BE9FEF,27,rama2,18,Control,7
26BE9FEF,27,rama2,19,Agilidad,7
26BE9FEF,27,rama2,22,Potencia,10
26BE9FEF,27,rama2,23,Agilidad,10
B8DA0A4C,27,tronco,6,Tecnica,3
B8DA0A4C,27,tronco,7,Inteligencia,3
B8DA0A4C,27,rama1,10,Presion,5
B8DA0A4C,27,rama1,11,Fisico,5
B8DA0A4C,27,rama2,18,Tecnica,7
B8DA0A4C,27,rama2,19,Inteligencia,7
B8DA0A4C,27,rama2,22,Control,10
B8DA0A4C,27,rama2,23,Presion,10
CFDD3ADA,27,tronco,6,Tecnica,3
CFDD3ADA,27,tronco,7,Agilidad,3
CFDD3ADA,27,rama1,10,Tecnica,5
CFDD3ADA,27,rama1,11,Fisico,5
CFDD3ADA,27,rama2,18,Tecnica,7
CFDD3ADA,27,rama2,19,Agilidad,7
CFDD3ADA,27,rama2,22,Control,10
CFDD3ADA,27,rama2,23,Agilidad,10
56D46B60,27,tronco,6,Presion,3
56D46B60,27,tronco,7,Agilidad,3
56D46B60,27,rama1,10,Fisico,5
56D46B60,27,rama1,11,Agilidad,5
56D46B60,27,rama2,18,Inteligencia,7
56D46B60,27,rama2,19,Agilidad,7
56D46B60,27,rama2,22,Fisico,10
56D46B60,27,rama2,23,Agilidad,10
21D35BF6,27,tronco,6,Potencia,3
21D35BF6,27,tronco,7,Control,3
21D35BF6,27,rama1,10,Potencia,5
21D35BF6,27,rama1,11,Tecnica,5
21D35BF6,27,rama2,18,Potencia,7
21D35BF6,27,rama2,19,Control,7
21D35BF6,27,rama2,22,Potencia,10
21D35BF6,27,rama2,23,Tecnica,10
B16C4667,27,tronco,6,Potencia,3
B16C4667,27,tronco,7,Inteligencia,3
B16C4667,27,rama1,10,Control,5
B16C4667,27,rama1,11,Presion,5
B16C4667,27,rama2,18,Potencia,7
B16C4667,27,rama2,19,Fisico,7
B16C4667,27,rama2,22,Potencia,10
B16C4667,27,rama2,23,Inteligencia,10
C66B76F1,27,tronco,6,Control,3
C66B76F1,27,tronco,7,Agilidad,3
C66B76F1,27,rama1,10,Potencia,5
C66B76F1,27,rama1,11,Agilidad,5
C66B76F1,27,rama2,18,Control,7
C66B76F1,27,rama2,19,Agilidad,7
C66B76F1,27,rama2,22,Potencia,10
C66B76F1,27,rama2,23,Agilidad,10
A6ACFF14,27,tronco,6,Potencia,3
A6ACFF14,27,tronco,7,Control,3
A6ACFF14,27,rama1,10,Potencia,5
A6ACFF14,27,rama1,11,Tecnica,5
A6ACFF14,27,rama2,18,Potencia,7
A6ACFF14,27,rama2,19,Control,7
A6ACFF14,27,rama2,22,Potencia,10
A6ACFF14,27,rama2,23,Tecnica,10
D1ABCF82,27,tronco,6,Potencia,3
D1ABCF82,27,tronco,7,Control,3
D1ABCF82,27,rama1,10,Potencia,5
D1ABCF82,27,rama1,11,Tecnica,5
D1ABCF82,27,rama2,18,Potencia,7
D1ABCF82,27,rama2,19,Control,7
D1ABCF82,27,rama2,22,Potencia,10
D1ABCF82,27,rama2,23,Tecnica,10
48A29E38,27,tronco,6,Potencia,3
48A29E38,27,tronco,7,Inteligencia,3
48A29E38,27,rama1,10,Control,5
48A29E38,27,rama1,11,Presion,5
48A29E38,27,rama2,18,Potencia,7
48A29E38,27,rama2,19,Fisico,7
48A29E38,27,rama2,22,Potencia,10
48A29E38,27,rama2,23,Inteligencia,10
CDC5097B,17,tronco,5,Potencia,3
CDC5097B,17,tronco,6,Control,3
CDC5097B,17,tronco,9,Control,5
CDC5097B,17,tronco,13,Potencia,7
CDC5097B,17,tronco,15,Potencia,10
E40DBD89,17,tronco,5,Potencia,3
E40DBD89,17,tronco,6,Control,3
E40DBD89,17,tronco,9,Control,5
E40DBD89,17,tronco,13,Potencia,7
E40DBD89,17,tronco,15,Potencia,10
5F05B10E,17,tronco,5,Potencia,3
5F05B10E,17,tronco,6,Control,3
5F05B10E,17,tronco,9,Control,5
5F05B10E,17,tronco,13,Potencia,7
5F05B10E,17,tronco,15,Potencia,10
76CD05FC,17,tronco,5,Potencia,3
76CD05FC,17,tronco,6,Control,3
76CD05FC,17,tronco,9,Control,5
76CD05FC,17,tronco,13,Potencia,7
76CD05FC,17,tronco,15,Potencia,10
2043BE7E,17,tronco,5,Potencia,3
2043BE7E,17,tronco,6,Control,3
2043BE7E,17,tronco,9,Control,5
2043BE7E,17,tronco,13,Potencia,7
2043BE7E,17,tronco,15,Potencia,10
098B0A8C,17,tronco,5,Potencia,3
098B0A8C,17,tronco,6,Control,3
098B0A8C,17,tronco,9,Control,5
098B0A8C,17,tronco,13,Potencia,7
098B0A8C,17,tronco,15,Potencia,10
A1CB7955,17,tronco,5,Potencia,3
A1CB7955,17,tronco,6,Control,3
A1CB7955,17,tronco,9,Control,5
A1CB7955,17,tronco,13,Potencia,7
A1CB7955,17,tronco,15,Potencia,10
8803CDA7,17,tronco,5,Potencia,3
8803CDA7,17,tronco,6,Control,3
8803CDA7,17,tronco,9,Control,5
8803CDA7,17,tronco,13,Potencia,7
8803CDA7,17,tronco,15,Potencia,10
DBC260A0,17,tronco,5,Potencia,3
DBC260A0,17,tronco,6,Control,3
DBC260A0,17,tronco,9,Control,5
DBC260A0,17,tronco,13,Potencia,7
DBC260A0,17,tronco,15,Potencia,10
F20AD452,17,tronco,5,Potencia,3
F20AD452,17,tronco,6,Control,3
F20AD452,17,tronco,9,Control,5
F20AD452,17,tronco,13,Potencia,7
F20AD452,17,tronco,15,Potencia,10
9FFD26DC,17,tronco,5,Potencia,3
9FFD26DC,17,tronco,6,Control,3
9FFD26DC,17,tronco,9,Control,5
9FFD26DC,17,tronco,13,Potencia,7
9FFD26DC,17,tronco,15,Potencia,10
B635922E,17,tronco,5,Potencia,3
B635922E,17,tronco,6,Control,3
B635922E,17,tronco,9,Control,5
B635922E,17,tronco,13,Potencia,7
B635922E,17,tronco,15,Potencia,10
8A4121EE,17,tronco,5,Potencia,3
8A4121EE,17,tronco,6,Control,3
8A4121EE,17,tronco,9,Control,5
8A4121EE,17,tronco,13,Potencia,7
8A4121EE,17,tronco,15,Potencia,10
A389951C,17,tronco,5,Potencia,3
A389951C,17,tronco,6,Control,3
A389951C,17,tronco,9,Control,5
A389951C,17,tronco,13,Potencia,7
A389951C,17,tronco,15,Potencia,10
89C5F580,17,tronco,5,Potencia,3
89C5F580,17,tronco,6,Control,3
89C5F580,17,tronco,9,Control,5
89C5F580,17,tronco,13,Potencia,7
89C5F580,17,tronco,15,Potencia,10
A00D4172,17,tronco,5,Potencia,3
A00D4172,17,tronco,6,Control,3
A00D4172,17,tronco,9,Control,5
A00D4172,17,tronco,13,Potencia,7
A00D4172,17,tronco,15,Potencia,10
5A514F49,17,tronco,5,Potencia,3
5A514F49,17,tronco,6,Control,3
5A514F49,17,tronco,9,Control,5
5A514F49,17,tronco,13,Potencia,7
5A514F49,17,tronco,15,Potencia,10
7399FBBB,17,tronco,5,Potencia,3
7399FBBB,17,tronco,6,Control,3
7399FBBB,17,tronco,9,Control,5
7399FBBB,17,tronco,13,Potencia,7
7399FBBB,17,tronco,15,Potencia,10
4443D6D4,17,tronco,5,Potencia,3
4443D6D4,17,tronco,6,Control,3
4443D6D4,17,tronco,9,Control,5
4443D6D4,17,tronco,13,Potencia,7
4443D6D4,17,tronco,15,Potencia,10
6D8B6226,17,tronco,5,Potencia,3
6D8B6226,17,tronco,6,Control,3
6D8B6226,17,tronco,9,Control,5
6D8B6226,17,tronco,13,Potencia,7
6D8B6226,17,tronco,15,Potencia,10
47C702BA,17,tronco,5,Potencia,3
47C702BA,17,tronco,6,Control,3
47C702BA,17,tronco,9,Control,5
47C702BA,17,tronco,13,Potencia,7
47C702BA,17,tronco,15,Potencia,10
6E0FB648,17,tronco,5,Potencia,3
6E0FB648,17,tronco,6,Control,3
6E0FB648,17,tronco,9,Control,5
6E0FB648,17,tronco,13,Potencia,7
6E0FB648,17,tronco,15,Potencia,10
4C9B4587,17,tronco,5,Potencia,3
4C9B4587,17,tronco,6,Control,3
4C9B4587,17,tronco,9,Control,5
4C9B4587,17,tronco,13,Potencia,7
4C9B4587,17,tronco,15,Potencia,10
6553F175,17,tronco,5,Potencia,3
6553F175,17,tronco,6,Control,3
6553F175,17,tronco,9,Control,5
6553F175,17,tronco,13,Potencia,7
6553F175,17,tronco,15,Potencia,10
FCFFB1B1,17,tronco,5,Potencia,3
FCFFB1B1,17,tronco,6,Control,3
FCFFB1B1,17,tronco,9,Control,5
FCFFB1B1,17,tronco,13,Potencia,7
FCFFB1B1,17,tronco,15,Potencia,10
D5370543,17,tronco,5,Potencia,3
D5370543,17,tronco,6,Control,3
D5370543,17,tronco,9,Control,5
D5370543,17,tronco,13,Potencia,7
D5370543,17,tronco,15,Potencia,10
527B0588,17,tronco,5,Potencia,3
527B0588,17,tronco,6,Control,3
527B0588,17,tronco,9,Control,5
527B0588,17,tronco,13,Potencia,7
527B0588,17,tronco,15,Potencia,10
7BB3B17A,17,tronco,5,Potencia,3
7BB3B17A,17,tronco,6,Control,3
7BB3B17A,17,tronco,9,Control,5
7BB3B17A,17,tronco,13,Potencia,7
7BB3B17A,17,tronco,15,Potencia,10
637601F3,17,tronco,5,Potencia,3
637601F3,17,tronco,6,Control,3
637601F3,17,tronco,9,Control,5
637601F3,17,tronco,13,Potencia,7
637601F3,17,tronco,15,Potencia,10
4ABEB501,17,tronco,5,Potencia,3
4ABEB501,17,tronco,6,Control,3
4ABEB501,17,tronco,9,Control,5
4ABEB501,17,tronco,13,Potencia,7
4ABEB501,17,tronco,15,Potencia,10
0FFB28E0,17,tronco,5,Potencia,3
0FFB28E0,17,tronco,6,Control,3
0FFB28E0,17,tronco,9,Control,5
0FFB28E0,17,tronco,13,Potencia,7
0FFB28E0,17,tronco,15,Potencia,10
26339C12,17,tronco,5,Potencia,3
26339C12,17,tronco,6,Control,3
26339C12,17,tronco,9,Control,5
26339C12,17,tronco,13,Potencia,7
26339C12,17,tronco,15,Potencia,10
56E6C6E3,17,tronco,5,Tecnica,3
56E6C6E3,17,tronco,6,Inteligencia,3
56E6C6E3,17,tronco,9,Control,5
56E6C6E3,17,tronco,13,Potencia,7
56E6C6E3,17,tronco,15,Potencia,10
7F2E7211,17,tronco,5,Tecnica,3
7F2E7211,17,tronco,6,Inteligencia,3
7F2E7211,17,tronco,9,Control,5
7F2E7211,17,tronco,13,Potencia,7
7F2E7211,17,tronco,15,Potencia,10
CE41DD15,17,tronco,5,Tecnica,3
CE41DD15,17,tronco,6,Tecnica,3
CE41DD15,17,tronco,9,Inteligencia,3
CE41DD15,17,tronco,13,Potencia,7
CE41DD15,17,tronco,15,Control,3
E78969E7,17,tronco,5,Tecnica,3
E78969E7,17,tronco,6,Tecnica,3
E78969E7,17,tronco,9,Inteligencia,3
E78969E7,17,tronco,13,Potencia,7
E78969E7,17,tronco,15,Control,3
E7AD4032,17,tronco,5,Potencia,3
E7AD4032,17,tronco,6,Control,3
E7AD4032,17,tronco,9,Tecnica,3
E7AD4032,17,tronco,13,Potencia,7
E7AD4032,17,tronco,15,Tecnica,3
CE65F4C0,17,tronco,5,Potencia,3
CE65F4C0,17,tronco,6,Control,3
CE65F4C0,17,tronco,9,Tecnica,3
CE65F4C0,17,tronco,13,Potencia,7
CE65F4C0,17,tronco,15,Tecnica,3
7B6A3FA6,17,tronco,5,Potencia,3
7B6A3FA6,17,tronco,6,Control,3
7B6A3FA6,17,tronco,9,Inteligencia,3
7B6A3FA6,17,tronco,13,Potencia,7
7B6A3FA6,17,tronco,15,Control,3
52A28B54,17,tronco,5,Potencia,3
52A28B54,17,tronco,6,Control,3
52A28B54,17,tronco,9,Inteligencia,3
52A28B54,17,tronco,13,Potencia,7
52A28B54,17,tronco,15,Control,3
614FFCF0,17,tronco,5,Tecnica,3
614FFCF0,17,tronco,6,Tecnica,3
614FFCF0,17,tronco,9,Control,5
614FFCF0,17,tronco,13,Potencia,7
614FFCF0,17,tronco,15,Tecnica,3
48874802,17,tronco,5,Tecnica,3
48874802,17,tronco,6,Tecnica,3
48874802,17,tronco,9,Control,5
48874802,17,tronco,13,Potencia,7
48874802,17,tronco,15,Tecnica,3
3E5127E3,17,tronco,5,Control,3
3E5127E3,17,tronco,6,Control,3
3E5127E3,17,tronco,9,Tecnica,3
3E5127E3,17,tronco,13,Potencia,7
3E5127E3,17,tronco,15,Potencia,10
17999311,17,tronco,5,Control,3
17999311,17,tronco,6,Control,3
17999311,17,tronco,9,Tecnica,3
17999311,17,tronco,13,Potencia,7
17999311,17,tronco,15,Potencia,10
4FFDF7A2,17,tronco,5,Inteligencia,3
4FFDF7A2,17,tronco,6,Control,3
4FFDF7A2,17,tronco,9,Tecnica,3
4FFDF7A2,17,tronco,13,Potencia,7
4FFDF7A2,17,tronco,15,Tecnica,3
66354350,17,tronco,5,Inteligencia,3
66354350,17,tronco,6,Control,3
66354350,17,tronco,9,Tecnica,3
66354350,17,tronco,13,Potencia,7
66354350,17,tronco,15,Tecnica,3
E72A308F,17,tronco,5,Fisico,3
E72A308F,17,tronco,6,Fisico,3
E72A308F,17,tronco,9,Inteligencia,3
E72A308F,17,tronco,13,Inteligencia,3
E72A308F,17,tronco,15,Tecnica,3
CEE2847D,17,tronco,5,Fisico,3
CEE2847D,17,tronco,6,Fisico,3
CEE2847D,17,tronco,9,Inteligencia,3
CEE2847D,17,tronco,13,Inteligencia,3
CEE2847D,17,tronco,15,Tecnica,3
FE3101CE,17,tronco,5,Control,3
FE3101CE,17,tronco,6,Control,3
FE3101CE,17,tronco,9,Tecnica,3
FE3101CE,17,tronco,13,Control,3
FE3101CE,17,tronco,15,Inteligencia,3
D7F9B53C,17,tronco,5,Control,3
D7F9B53C,17,tronco,6,Control,3
D7F9B53C,17,tronco,9,Tecnica,3
D7F9B53C,17,tronco,13,Control,3
D7F9B53C,17,tronco,15,Inteligencia,3
2E0E6A37,17,tronco,5,Presion,3
2E0E6A37,17,tronco,6,Presion,3
2E0E6A37,17,tronco,9,Tecnica,3
2E0E6A37,17,tronco,13,Tecnica,3
2E0E6A37,17,tronco,15,Presion,3
07C6DEC5,17,tronco,5,Presion,3
07C6DEC5,17,tronco,6,Presion,3
07C6DEC5,17,tronco,9,Tecnica,3
07C6DEC5,17,tronco,13,Tecnica,3
07C6DEC5,17,tronco,15,Presion,3
2726BB0C,17,tronco,5,Control,3
2726BB0C,17,tronco,6,Control,3
2726BB0C,17,tronco,9,Inteligencia,3
2726BB0C,17,tronco,13,Tecnica,3
2726BB0C,17,tronco,15,Control,3
0EEE0FFE,17,tronco,5,Control,3
0EEE0FFE,17,tronco,6,Control,3
0EEE0FFE,17,tronco,9,Inteligencia,3
0EEE0FFE,17,tronco,13,Tecnica,3
0EEE0FFE,17,tronco,15,Control,3
B5121F28,17,tronco,5,Inteligencia,3
B5121F28,17,tronco,6,Fisico,3
B5121F28,17,tronco,9,Inteligencia,3
B5121F28,17,tronco,13,Tecnica,3
B5121F28,17,tronco,15,Inteligencia,3
9CDAABDA,17,tronco,5,Inteligencia,3
9CDAABDA,17,tronco,6,Fisico,3
9CDAABDA,17,tronco,9,Inteligencia,3
9CDAABDA,17,tronco,13,Inteligencia,3
9CDAABDA,17,tronco,15,Inteligencia,3
D51C520D,17,tronco,5,Agilidad,3
D51C520D,17,tronco,6,Fisico,3
D51C520D,17,tronco,9,Presion,3
D51C520D,17,tronco,13,Presion,3
D51C520D,17,tronco,15,Agilidad,3
FCD4E6FF,17,tronco,5,Agilidad,3
FCD4E6FF,17,tronco,6,Fisico,3
FCD4E6FF,17,tronco,9,Presion,3
FCD4E6FF,17,tronco,13,Presion,3
FCD4E6FF,17,tronco,15,Agilidad,3
8292E5A6,17,tronco,5,Agilidad,3
8292E5A6,17,tronco,6,Presion,3
8292E5A6,17,tronco,9,Fisico,3
8292E5A6,17,tronco,13,Fisico,3
8292E5A6,17,tronco,15,Agilidad,3
AB5A5154,17,tronco,5,Agilidad,3
AB5A5154,17,tronco,6,Presion,3
AB5A5154,17,tronco,9,Fisico,3
AB5A5154,17,tronco,13,Fisico,3
AB5A5154,17,tronco,15,Agilidad,3
250CA8FB,17,tronco,5,Presion,3
250CA8FB,17,tronco,6,Fisico,3
250CA8FB,17,tronco,9,Agilidad,3
250CA8FB,17,tronco,13,Presion,3
250CA8FB,17,tronco,15,Fisico,3
0CC41C09,17,tronco,5,Presion,3
0CC41C09,17,tronco,6,Fisico,3
0CC41C09,17,tronco,9,Agilidad,3
0CC41C09,17,tronco,13,Presion,3
0CC41C09,17,tronco,15,Fisico,3
ACAE2511,17,tronco,5,Fisico,3
ACAE2511,17,tronco,6,Agilidad,3
ACAE2511,17,tronco,9,Presion,3
ACAE2511,17,tronco,13,Fisico,3
ACAE2511,17,tronco,15,Presion,3
856691E3,17,tronco,5,Fisico,3
856691E3,17,tronco,6,Agilidad,3
856691E3,17,tronco,9,Presion,3
856691E3,17,tronco,13,Fisico,3
856691E3,17,tronco,15,Presion,3
87247DAA,17,tronco,5,Agilidad,3
87247DAA,17,tronco,6,Presion,3
87247DAA,17,tronco,9,Fisico,3
87247DAA,17,tronco,13,Agilidad,3
87247DAA,17,tronco,15,Fisico,3
AEECC958,17,tronco,5,Agilidad,3
AEECC958,17,tronco,6,Presion,3
AEECC958,17,tronco,9,Fisico,3
AEECC958,17,tronco,13,Agilidad,3
AEECC958,17,tronco,15,Fisico,3
9615062A,17,tronco,5,Presion,3
9615062A,17,tronco,6,Fisico,3
9615062A,17,tronco,9,Agilidad,3
9615062A,17,tronco,13,Presion,3
9615062A,17,tronco,15,Fisico,3
BFDDB2D8,17,tronco,5,Presion,3
BFDDB2D8,17,tronco,6,Fisico,3
BFDDB2D8,17,tronco,9,Agilidad,3
BFDDB2D8,17,tronco,13,Presion,3
BFDDB2D8,17,tronco,15,Fisico,3
E348B8AE,17,tronco,5,Agilidad,3
E348B8AE,17,tronco,6,Presion,3
E348B8AE,17,tronco,9,Fisico,3
E348B8AE,17,tronco,13,Agilidad,3
E348B8AE,17,tronco,15,Presion,3
CA800C5C,17,tronco,5,Agilidad,3
CA800C5C,17,tronco,6,Presion,3
CA800C5C,17,tronco,9,Fisico,3
CA800C5C,17,tronco,13,Agilidad,3
CA800C5C,17,tronco,15,Presion,3
052339F4,17,tronco,5,Potencia,3
052339F4,17,tronco,6,Control,3
052339F4,17,tronco,9,Control,5
052339F4,17,tronco,13,Potencia,7
052339F4,17,tronco,15,Control,3
2CEB8D06,17,tronco,5,Potencia,3
2CEB8D06,17,tronco,6,Control,3
2CEB8D06,17,tronco,9,Control,5
2CEB8D06,17,tronco,13,Potencia,7
2CEB8D06,17,tronco,15,Control,3
6C2178E2,17,tronco,5,Tecnica,3
6C2178E2,17,tronco,6,Control,3
6C2178E2,17,tronco,9,Control,5
6C2178E2,17,tronco,13,Tecnica,3
6C2178E2,17,tronco,15,Potencia,10
45E9CC10,17,tronco,5,Tecnica,3
45E9CC10,17,tronco,6,Control,3
45E9CC10,17,tronco,9,Control,5
45E9CC10,17,tronco,13,Tecnica,3
45E9CC10,17,tronco,15,Potencia,10
D6988663,17,tronco,5,Presion,3
D6988663,17,tronco,6,Fisico,3
D6988663,17,tronco,9,Agilidad,3
D6988663,17,tronco,13,Presion,3
D6988663,17,tronco,15,Fisico,3
FF503291,17,tronco,5,Presion,3
FF503291,17,tronco,6,Fisico,3
FF503291,17,tronco,9,Agilidad,3
FF503291,17,tronco,13,Presion,3
FF503291,17,tronco,15,Fisico,3
B9826D7F,17,tronco,5,Potencia,3
B9826D7F,17,tronco,6,Control,3
B9826D7F,17,tronco,9,Control,5
B9826D7F,17,tronco,13,Potencia,7
B9826D7F,17,tronco,15,Potencia,10
904AD98D,17,tronco,5,Potencia,3
904AD98D,17,tronco,6,Control,3
904AD98D,17,tronco,9,Control,5
904AD98D,17,tronco,13,Potencia,7
904AD98D,17,tronco,15,Potencia,10
EBD8D416,17,tronco,5,Potencia,3
EBD8D416,17,tronco,6,Control,3
EBD8D416,17,tronco,9,Control,5
EBD8D416,17,tronco,13,Potencia,7
EBD8D416,17,tronco,15,Potencia,10
C21060E4,17,tronco,5,Potencia,3
C21060E4,17,tronco,6,Control,3
C21060E4,17,tronco,9,Control,5
C21060E4,17,tronco,13,Potencia,7
C21060E4,17,tronco,15,Potencia,10
5EF336A5,17,tronco,5,Potencia,3
5EF336A5,17,tronco,6,Control,3
5EF336A5,17,tronco,9,Control,5
5EF336A5,17,tronco,13,Potencia,7
5EF336A5,17,tronco,15,Potencia,10
773B8257,17,tronco,5,Potencia,3
773B8257,17,tronco,6,Control,3
773B8257,17,tronco,9,Control,5
773B8257,17,tronco,13,Potencia,7
773B8257,17,tronco,15,Potencia,10
5D77E2CB,17,tronco,5,Potencia,3
5D77E2CB,17,tronco,6,Control,3
5D77E2CB,17,tronco,9,Control,5
5D77E2CB,17,tronco,13,Potencia,7
5D77E2CB,17,tronco,15,Potencia,10
74BF5639,17,tronco,5,Potencia,3
74BF5639,17,tronco,6,Control,3
74BF5639,17,tronco,9,Control,5
74BF5639,17,tronco,13,Potencia,7
74BF5639,17,tronco,15,Potencia,10
88FE113E,17,tronco,5,Potencia,3
88FE113E,17,tronco,6,Control,3
88FE113E,17,tronco,9,Control,5
88FE113E,17,tronco,13,Potencia,7
88FE113E,17,tronco,15,Potencia,10
A136A5CC,17,tronco,5,Potencia,3
A136A5CC,17,tronco,6,Control,3
A136A5CC,17,tronco,9,Control,5
A136A5CC,17,tronco,13,Potencia,7
A136A5CC,17,tronco,15,Potencia,10
58FEC040,17,tronco,5,Potencia,3
58FEC040,17,tronco,6,Control,3
58FEC040,17,tronco,9,Control,5
58FEC040,17,tronco,13,Potencia,7
58FEC040,17,tronco,15,Potencia,10
713674B2,17,tronco,5,Potencia,3
713674B2,17,tronco,6,Control,3
713674B2,17,tronco,9,Control,5
713674B2,17,tronco,13,Potencia,7
713674B2,17,tronco,15,Potencia,10
D7FDE72C,17,tronco,5,Potencia,3
D7FDE72C,17,tronco,6,Control,3
D7FDE72C,17,tronco,9,Control,5
D7FDE72C,17,tronco,13,Potencia,7
D7FDE72C,17,tronco,15,Potencia,10
FE3553DE,17,tronco,5,Potencia,3
FE3553DE,17,tronco,6,Control,3
FE3553DE,17,tronco,9,Control,5
FE3553DE,17,tronco,13,Potencia,7
FE3553DE,17,tronco,15,Potencia,10
CEE6D66D,17,tronco,5,Potencia,3
CEE6D66D,17,tronco,6,Control,3
CEE6D66D,17,tronco,9,Control,5
CEE6D66D,17,tronco,13,Potencia,7
CEE6D66D,17,tronco,15,Potencia,10
E72E629F,17,tronco,5,Potencia,3
E72E629F,17,tronco,6,Control,3
E72E629F,17,tronco,9,Control,5
E72E629F,17,tronco,13,Potencia,7
E72E629F,17,tronco,15,Potencia,10
39588F3F,17,tronco,5,Potencia,3
39588F3F,17,tronco,6,Control,3
39588F3F,17,tronco,9,Inteligencia,3
39588F3F,17,tronco,13,Potencia,7
39588F3F,17,tronco,15,Control,3
10903BCD,17,tronco,5,Tecnica,3
10903BCD,17,tronco,6,Tecnica,3
10903BCD,17,tronco,9,Inteligencia,3
10903BCD,17,tronco,13,Potencia,7
10903BCD,17,tronco,15,Control,3
571B1653,17,tronco,5,Agilidad,3
571B1653,17,tronco,6,Fisico,3
571B1653,17,tronco,9,Presion,3
571B1653,17,tronco,13,Presion,3
571B1653,17,tronco,15,Agilidad,3
7ED3A2A1,17,tronco,5,Presion,3
7ED3A2A1,17,tronco,6,Fisico,3
7ED3A2A1,17,tronco,9,Agilidad,3
7ED3A2A1,17,tronco,13,Presion,3
7ED3A2A1,17,tronco,15,Fisico,3
185A8094,17,tronco,5,Potencia,3
185A8094,17,tronco,6,Control,3
185A8094,17,tronco,9,Tecnica,3
185A8094,17,tronco,13,Potencia,7
185A8094,17,tronco,15,Tecnica,3
31923466,17,tronco,5,Tecnica,3
31923466,17,tronco,6,Tecnica,3
31923466,17,tronco,9,Control,5
31923466,17,tronco,13,Potencia,7
31923466,17,tronco,15,Tecnica,3
92AF3EBC,17,tronco,5,Potencia,3
92AF3EBC,17,tronco,6,Control,3
92AF3EBC,17,tronco,9,Tecnica,3
92AF3EBC,17,tronco,13,Potencia,7
92AF3EBC,17,tronco,15,Tecnica,3
BB678A4E,17,tronco,5,Tecnica,3
BB678A4E,17,tronco,6,Tecnica,3
BB678A4E,17,tronco,9,Control,5
BB678A4E,17,tronco,13,Potencia,7
BB678A4E,17,tronco,15,Tecnica,3
8F46C880,17,tronco,5,Potencia,3
8F46C880,17,tronco,6,Control,3
8F46C880,17,tronco,9,Inteligencia,3
8F46C880,17,tronco,13,Potencia,7
8F46C880,17,tronco,15,Control,3
A68E7C72,17,tronco,5,Control,3
A68E7C72,17,tronco,6,Control,3
A68E7C72,17,tronco,9,Tecnica,3
A68E7C72,17,tronco,13,Potencia,7
A68E7C72,17,tronco,15,Potencia,10
C1C53470,17,tronco,5,Tecnica,3
C1C53470,17,tronco,6,Tecnica,3
C1C53470,17,tronco,9,Control,5
C1C53470,17,tronco,13,Potencia,7
C1C53470,17,tronco,15,Tecnica,3
E80D8082,17,tronco,5,Tecnica,3
E80D8082,17,tronco,6,Tecnica,3
E80D8082,17,tronco,9,Control,5
E80D8082,17,tronco,13,Potencia,7
E80D8082,17,tronco,15,Tecnica,3
A264FA75,17,tronco,5,Potencia,3
A264FA75,17,tronco,6,Control,3
A264FA75,17,tronco,9,Control,5
A264FA75,17,tronco,13,Potencia,7
A264FA75,17,tronco,15,Potencia,10
8BAC4E87,17,tronco,5,Potencia,3
8BAC4E87,17,tronco,6,Control,3
8BAC4E87,17,tronco,9,Control,5
8BAC4E87,17,tronco,13,Potencia,7
8BAC4E87,17,tronco,15,Potencia,10
CC0C3457,17,tronco,5,Potencia,3
CC0C3457,17,tronco,6,Control,3
CC0C3457,17,tronco,9,Control,5
CC0C3457,17,tronco,13,Potencia,7
CC0C3457,17,tronco,15,Potencia,10
4BAC1134,17,tronco,5,Potencia,3
4BAC1134,17,tronco,6,Control,3
4BAC1134,17,tronco,9,Control,5
4BAC1134,17,tronco,13,Potencia,7
4BAC1134,17,tronco,15,Potencia,10
76CC3884,17,tronco,5,Potencia,3
76CC3884,17,tronco,6,Control,3
76CC3884,17,tronco,9,Control,5
76CC3884,17,tronco,13,Potencia,7
76CC3884,17,tronco,15,Potencia,10
F16C1DE7,17,tronco,5,Potencia,3
F16C1DE7,17,tronco,6,Control,3
F16C1DE7,17,tronco,9,Control,5
F16C1DE7,17,tronco,13,Potencia,7
F16C1DE7,17,tronco,15,Potencia,10
56BDE751,17,tronco,5,Potencia,3
56BDE751,17,tronco,6,Control,3
56BDE751,17,tronco,9,Control,5
56BDE751,17,tronco,13,Potencia,7
56BDE751,17,tronco,15,Potencia,10
7F7553A3,17,tronco,5,Potencia,3
7F7553A3,17,tronco,6,Control,3
7F7553A3,17,tronco,9,Control,5
7F7553A3,17,tronco,13,Potencia,7
7F7553A3,17,tronco,15,Potencia,10
175173E6,17,tronco,5,Potencia,3
175173E6,17,tronco,6,Control,3
175173E6,17,tronco,9,Control,5
175173E6,17,tronco,13,Potencia,7
175173E6,17,tronco,15,Potencia,10
90F15685,17,tronco,5,Potencia,3
90F15685,17,tronco,6,Control,3
90F15685,17,tronco,9,Control,5
90F15685,17,tronco,13,Potencia,7
90F15685,17,tronco,15,Potencia,10
1DF6B6B2,17,tronco,5,Potencia,3
1DF6B6B2,17,tronco,6,Control,3
1DF6B6B2,17,tronco,9,Control,5
1DF6B6B2,17,tronco,13,Potencia,7
1DF6B6B2,17,tronco,15,Potencia,10
B39E2723,17,tronco,5,Potencia,3
B39E2723,17,tronco,6,Control,3
B39E2723,17,tronco,9,Control,5
B39E2723,17,tronco,13,Potencia,7
B39E2723,17,tronco,15,Potencia,10
6B97EDE4,17,tronco,5,Potencia,3
6B97EDE4,17,tronco,6,Control,3
6B97EDE4,17,tronco,9,Control,5
6B97EDE4,17,tronco,13,Potencia,7
6B97EDE4,17,tronco,15,Potencia,10
EC37C887,17,tronco,5,Potencia,3
EC37C887,17,tronco,6,Control,3
EC37C887,17,tronco,9,Control,5
EC37C887,17,tronco,13,Potencia,7
EC37C887,17,tronco,15,Potencia,10
40BABE27,17,tronco,5,Potencia,3
40BABE27,17,tronco,6,Control,3
40BABE27,17,tronco,9,Tecnica,3
40BABE27,17,tronco,13,Potencia,7
40BABE27,17,tronco,15,Tecnica,3
69720AD5,17,tronco,5,Inteligencia,3
69720AD5,17,tronco,6,Control,3
69720AD5,17,tronco,9,Tecnica,3
69720AD5,17,tronco,13,Potencia,7
69720AD5,17,tronco,15,Tecnica,3
59A18F66,17,tronco,5,Potencia,3
59A18F66,17,tronco,6,Control,3
59A18F66,17,tronco,9,Inteligencia,3
59A18F66,17,tronco,13,Potencia,7
59A18F66,17,tronco,15,Control,3
DE01AA05,17,tronco,5,Potencia,3
DE01AA05,17,tronco,6,Control,3
DE01AA05,17,tronco,9,Inteligencia,3
DE01AA05,17,tronco,13,Potencia,7
DE01AA05,17,tronco,15,Control,3
5B446857,17,tronco,5,Inteligencia,3
5B446857,17,tronco,6,Fisico,3
5B446857,17,tronco,9,Inteligencia,3
5B446857,17,tronco,13,Inteligencia,3
5B446857,17,tronco,15,Inteligencia,3
F52CF9C6,17,tronco,5,Inteligencia,3
F52CF9C6,17,tronco,6,Fisico,3
F52CF9C6,17,tronco,9,Inteligencia,3
F52CF9C6,17,tronco,13,Tecnica,3
F52CF9C6,17,tronco,15,Inteligencia,3
3F28AD53,17,tronco,5,Agilidad,3
3F28AD53,17,tronco,6,Fisico,3
3F28AD53,17,tronco,9,Presion,3
3F28AD53,17,tronco,13,Presion,3
3F28AD53,17,tronco,15,Agilidad,3
91403CC2,17,tronco,5,Presion,3
91403CC2,17,tronco,6,Fisico,3
91403CC2,17,tronco,9,Agilidad,3
91403CC2,17,tronco,13,Presion,3
91403CC2,17,tronco,15,Fisico,3
77DE9CB1,17,tronco,5,Potencia,3
77DE9CB1,17,tronco,6,Control,3
77DE9CB1,17,tronco,9,Control,5
77DE9CB1,17,tronco,13,Potencia,7
77DE9CB1,17,tronco,15,Potencia,10
D9B60D20,17,tronco,5,Potencia,3
D9B60D20,17,tronco,6,Control,3
D9B60D20,17,tronco,9,Control,5
D9B60D20,17,tronco,13,Potencia,7
D9B60D20,17,tronco,15,Potencia,10
2ED5DC84,17,tronco,5,Potencia,3
2ED5DC84,17,tronco,6,Control,3
2ED5DC84,17,tronco,9,Tecnica,3
2ED5DC84,17,tronco,13,Potencia,7
2ED5DC84,17,tronco,15,Tecnica,3
80BD4D15,17,tronco,5,Potencia,3
80BD4D15,17,tronco,6,Control,3
80BD4D15,17,tronco,9,Tecnica,3
80BD4D15,17,tronco,13,Potencia,7
80BD4D15,17,tronco,15,Tecnica,3
9A5693D1,17,tronco,5,Tecnica,3
9A5693D1,17,tronco,6,Control,3
9A5693D1,17,tronco,9,Control,5
9A5693D1,17,tronco,13,Tecnica,3
9A5693D1,17,tronco,15,Potencia,10
5D95E1BB,17,tronco,5,Potencia,3
5D95E1BB,17,tronco,6,Control,3
5D95E1BB,17,tronco,9,Control,5
5D95E1BB,17,tronco,13,Potencia,7
5D95E1BB,17,tronco,15,Potencia,10
F3FD702A,17,tronco,5,Potencia,3
F3FD702A,17,tronco,6,Control,3
F3FD702A,17,tronco,9,Control,5
F3FD702A,17,tronco,13,Potencia,7
F3FD702A,17,tronco,15,Potencia,10
7F01D95F,17,tronco,5,Tecnica,3
7F01D95F,17,tronco,6,Inteligencia,3
7F01D95F,17,tronco,9,Control,5
7F01D95F,17,tronco,13,Potencia,7
7F01D95F,17,tronco,15,Potencia,10
56C96DAD,17,tronco,5,Tecnica,3
56C96DAD,17,tronco,6,Inteligencia,3
56C96DAD,17,tronco,9,Control,5
56C96DAD,17,tronco,13,Potencia,7
56C96DAD,17,tronco,15,Potencia,10
3A30CE42,17,tronco,5,Potencia,3
3A30CE42,17,tronco,6,Control,3
3A30CE42,17,tronco,9,Control,5
3A30CE42,17,tronco,13,Potencia,7
3A30CE42,17,tronco,15,Potencia,10
13F87AB0,17,tronco,5,Potencia,3
13F87AB0,17,tronco,6,Control,3
13F87AB0,17,tronco,9,Control,5
13F87AB0,17,tronco,13,Potencia,7
13F87AB0,17,tronco,15,Potencia,10
CA3450CC,17,tronco,5,Potencia,3
CA3450CC,17,tronco,6,Control,3
CA3450CC,17,tronco,9,Inteligencia,3
CA3450CC,17,tronco,13,Potencia,7
CA3450CC,17,tronco,15,Control,3
4D9475AF,17,tronco,5,Potencia,3
4D9475AF,17,tronco,6,Control,3
4D9475AF,17,tronco,9,Inteligencia,3
4D9475AF,17,tronco,13,Potencia,7
4D9475AF,17,tronco,15,Control,3
DF130E30,17,tronco,5,Fisico,3
DF130E30,17,tronco,6,Agilidad,3
DF130E30,17,tronco,9,Presion,3
DF130E30,17,tronco,13,Fisico,3
DF130E30,17,tronco,15,Presion,3
F6DBBAC2,17,tronco,5,Fisico,3
F6DBBAC2,17,tronco,6,Agilidad,3
F6DBBAC2,17,tronco,9,Presion,3
F6DBBAC2,17,tronco,13,Fisico,3
F6DBBAC2,17,tronco,15,Presion,3
8949A9B6,17,tronco,5,Potencia,3
8949A9B6,17,tronco,6,Control,3
8949A9B6,17,tronco,9,Control,5
8949A9B6,17,tronco,13,Potencia,7
8949A9B6,17,tronco,15,Potencia,10
27213827,17,tronco,5,Potencia,3
27213827,17,tronco,6,Control,3
27213827,17,tronco,9,Control,5
27213827,17,tronco,13,Potencia,7
27213827,17,tronco,15,Potencia,10
484F94ED,17,tronco,5,Potencia,3
484F94ED,17,tronco,6,Control,3
484F94ED,17,tronco,9,Control,5
484F94ED,17,tronco,13,Potencia,7
484F94ED,17,tronco,15,Potencia,10
E627057C,17,tronco,5,Potencia,3
E627057C,17,tronco,6,Control,3
E627057C,17,tronco,9,Control,5
E627057C,17,tronco,13,Potencia,7
E627057C,17,tronco,15,Potencia,10
DBEDB6B8,28,tronco,5,Potencia,3
DBEDB6B8,28,tronco,6,Presion,3
DBEDB6B8,28,rama1,10,Control,5
DBEDB6B8,28,rama1,14,Potencia,7
DBEDB6B8,28,rama1,16,Potencia,10
DBEDB6B8,28,rama2,20,Fisico,5
DBEDB6B8,28,rama2,24,Inteligencia,7
DBEDB6B8,28,rama2,26,Presion,10
42E4E702,28,tronco,5,Potencia,3
42E4E702,28,tronco,6,Agilidad,3
42E4E702,28,rama1,10,Control,5
42E4E702,28,rama1,14,Potencia,7
42E4E702,28,rama1,16,Potencia,10
42E4E702,28,rama2,20,Fisico,5
42E4E702,28,rama2,24,Agilidad,7
42E4E702,28,rama2,26,Fisico,10
35E3D794,28,tronco,5,Potencia,3
35E3D794,28,tronco,6,Agilidad,3
35E3D794,28,rama1,10,Presion,5
35E3D794,28,rama1,14,Presion,7
35E3D794,28,rama1,16,Presion,10
35E3D794,28,rama2,20,Control,5
35E3D794,28,rama2,24,Potencia,7
35E3D794,28,rama2,26,Potencia,10
AB874237,28,tronco,5,Fisico,3
AB874237,28,tronco,6,Potencia,3
AB874237,28,rama1,10,Fisico,5
AB874237,28,rama1,14,Agilidad,7
AB874237,28,rama1,16,Agilidad,10
AB874237,28,rama2,20,Control,5
AB874237,28,rama2,24,Potencia,7
AB874237,28,rama2,26,Control,10
DC8072A1,28,tronco,5,Fisico,3
DC8072A1,28,tronco,6,Control,3
DC8072A1,28,rama1,10,Presion,5
DC8072A1,28,rama1,14,Presion,7
DC8072A1,28,rama1,16,Fisico,10
DC8072A1,28,rama2,20,Inteligencia,5
DC8072A1,28,rama2,24,Tecnica,7
DC8072A1,28,rama2,26,Tecnica,10
4589231B,28,tronco,5,Fisico,3
4589231B,28,tronco,6,Control,3
4589231B,28,rama1,10,Presion,5
4589231B,28,rama1,14,Presion,7
4589231B,28,rama1,16,Fisico,10
4589231B,28,rama2,20,Inteligencia,5
4589231B,28,rama2,24,Tecnica,7
4589231B,28,rama2,26,Tecnica,10
8F8C55E6,28,tronco,5,Potencia,3
8F8C55E6,28,tronco,6,Control,10
8F8C55E6,28,rama1,10,Control,5
8F8C55E6,28,rama1,14,Potencia,7
8F8C55E6,28,rama1,16,Potencia,10
8F8C55E6,28,rama2,20,Control,5
8F8C55E6,28,rama2,24,Tecnica,10
8F8C55E6,28,rama2,26,Tecnica,10
1685045C,28,tronco,5,Potencia,3
1685045C,28,tronco,6,Control,10
1685045C,28,rama1,10,Control,5
1685045C,28,rama1,14,Potencia,7
1685045C,28,rama1,16,Potencia,10
1685045C,28,rama2,20,Control,5
1685045C,28,rama2,24,Tecnica,10
1685045C,28,rama2,26,Tecnica,10
618234CA,28,tronco,5,Potencia,3
618234CA,28,tronco,6,Control,10
618234CA,28,rama1,10,Control,5
618234CA,28,rama1,14,Potencia,7
618234CA,28,rama1,16,Potencia,10
618234CA,28,rama2,20,Control,5
618234CA,28,rama2,24,Tecnica,10
618234CA,28,rama2,26,Tecnica,10
FFE6A169,28,tronco,5,Potencia,3
FFE6A169,28,tronco,6,Control,10
FFE6A169,28,rama1,10,Control,5
FFE6A169,28,rama1,14,Potencia,7
FFE6A169,28,rama1,16,Potencia,10
FFE6A169,28,rama2,20,Control,5
FFE6A169,28,rama2,24,Tecnica,10
FFE6A169,28,rama2,26,Tecnica,10
88E191FF,28,tronco,5,Potencia,3
88E191FF,28,tronco,6,Control,10
88E191FF,28,rama1,10,Control,5
88E191FF,28,rama1,14,Potencia,7
88E191FF,28,rama1,16,Potencia,10
88E191FF,28,rama2,20,Control,5
88E191FF,28,rama2,24,Tecnica,10
88E191FF,28,rama2,26,Tecnica,10
11E8C045,28,tronco,5,Potencia,3
11E8C045,28,tronco,6,Control,10
11E8C045,28,rama1,10,Control,5
11E8C045,28,rama1,14,Potencia,7
11E8C045,28,rama1,16,Potencia,10
11E8C045,28,rama2,20,Control,5
11E8C045,28,rama2,24,Tecnica,10
11E8C045,28,rama2,26,Tecnica,10
829C3797,28,tronco,5,Potencia,3
829C3797,28,tronco,6,Inteligencia,10
829C3797,28,rama1,10,Control,5
829C3797,28,rama1,14,Potencia,7
829C3797,28,rama1,16,Potencia,10
829C3797,28,rama2,20,Fisico,10
829C3797,28,rama2,24,Inteligencia,7
829C3797,28,rama2,26,Inteligencia,10
1B95662D,28,tronco,5,Potencia,3
1B95662D,28,tronco,6,Inteligencia,10
1B95662D,28,rama1,10,Control,5
1B95662D,28,rama1,14,Potencia,7
1B95662D,28,rama1,16,Potencia,10
1B95662D,28,rama2,20,Fisico,5
1B95662D,28,rama2,24,Inteligencia,7
1B95662D,28,rama2,26,Inteligencia,7
6C9256BB,28,tronco,5,Potencia,3
6C9256BB,28,tronco,6,Inteligencia,10
6C9256BB,28,rama1,10,Control,5
6C9256BB,28,rama1,14,Potencia,7
6C9256BB,28,rama1,16,Potencia,10
6C9256BB,28,rama2,20,Fisico,5
6C9256BB,28,rama2,24,Inteligencia,7
6C9256BB,28,rama2,26,Inteligencia,7
F2F6C318,28,tronco,5,Potencia,3
F2F6C318,28,tronco,6,Inteligencia,10
F2F6C318,28,rama1,10,Control,5
F2F6C318,28,rama1,14,Potencia,7
F2F6C318,28,rama1,16,Potencia,10
F2F6C318,28,rama2,20,Fisico,5
F2F6C318,28,rama2,24,Inteligencia,7
F2F6C318,28,rama2,26,Inteligencia,7
85F1F38E,28,tronco,5,Potencia,3
85F1F38E,28,tronco,6,Inteligencia,10
85F1F38E,28,rama1,10,Control,5
85F1F38E,28,rama1,14,Potencia,7
85F1F38E,28,rama1,16,Potencia,10
85F1F38E,28,rama2,20,Fisico,5
85F1F38E,28,rama2,24,Inteligencia,7
85F1F38E,28,rama2,26,Inteligencia,7
1CF8A234,28,tronco,5,Potencia,3
1CF8A234,28,tronco,6,Inteligencia,10
1CF8A234,28,rama1,10,Control,5
1CF8A234,28,rama1,14,Potencia,7
1CF8A234,28,rama1,16,Potencia,10
1CF8A234,28,rama2,20,Fisico,5
1CF8A234,28,rama2,24,Inteligencia,7
1CF8A234,28,rama2,26,Inteligencia,7
3756959A,28,tronco,5,Potencia,3
3756959A,28,tronco,6,Presion,3
3756959A,28,rama1,10,Control,5
3756959A,28,rama1,14,Potencia,7
3756959A,28,rama1,16,Potencia,10
3756959A,28,rama2,20,Fisico,5
3756959A,28,rama2,24,Agilidad,10
3756959A,28,rama2,26,Agilidad,10
AE5FC420,28,tronco,5,Potencia,3
AE5FC420,28,tronco,6,Presion,3
AE5FC420,28,rama1,10,Control,5
AE5FC420,28,rama1,14,Potencia,7
AE5FC420,28,rama1,16,Potencia,10
AE5FC420,28,rama2,20,Fisico,5
AE5FC420,28,rama2,24,Agilidad,10
AE5FC420,28,rama2,26,Agilidad,10
D958F4B6,28,tronco,5,Potencia,3
D958F4B6,28,tronco,6,Presion,3
D958F4B6,28,rama1,10,Control,5
D958F4B6,28,rama1,14,Potencia,7
D958F4B6,28,rama1,16,Potencia,10
D958F4B6,28,rama2,20,Fisico,5
D958F4B6,28,rama2,24,Agilidad,10
D958F4B6,28,rama2,26,Agilidad,10
473C6115,28,tronco,5,Potencia,3
473C6115,28,tronco,6,Presion,3
473C6115,28,rama1,10,Control,5
473C6115,28,rama1,14,Potencia,7
473C6115,28,rama1,16,Potencia,10
473C6115,28,rama2,20,Fisico,5
473C6115,28,rama2,24,Agilidad,10
473C6115,28,rama2,26,Agilidad,10
303B5183,28,tronco,5,Potencia,3
303B5183,28,tronco,6,Presion,3
303B5183,28,rama1,10,Control,5
303B5183,28,rama1,14,Potencia,7
303B5183,28,rama1,16,Potencia,10
303B5183,28,rama2,20,Fisico,5
303B5183,28,rama2,24,Agilidad,10
303B5183,28,rama2,26,Agilidad,10
A9320039,28,tronco,5,Potencia,3
A9320039,28,tronco,6,Presion,3
A9320039,28,rama1,10,Control,5
A9320039,28,rama1,14,Potencia,7
A9320039,28,rama1,16,Potencia,10
A9320039,28,rama2,20,Fisico,5
A9320039,28,rama2,24,Inteligencia,7
A9320039,28,rama2,26,Presion,10
8C3ADF21,28,tronco,5,Tecnica,10
8C3ADF21,28,tronco,6,Potencia,10
8C3ADF21,28,rama1,10,Inteligencia,10
8C3ADF21,28,rama1,14,Tecnica,10
8C3ADF21,28,rama1,16,Tecnica,10
8C3ADF21,28,rama2,20,Potencia,10
8C3ADF21,28,rama2,24,Control,10
8C3ADF21,28,rama2,26,Control,10
15338E9B,28,tronco,5,Tecnica,10
15338E9B,28,tronco,6,Potencia,10
15338E9B,28,rama1,10,Inteligencia,10
15338E9B,28,rama1,14,Tecnica,10
15338E9B,28,rama1,16,Tecnica,10
15338E9B,28,rama2,20,Potencia,10
15338E9B,28,rama2,24,Control,10
15338E9B,28,rama2,26,Control,10
6234BE0D,28,tronco,5,Tecnica,10
6234BE0D,28,tronco,6,Potencia,10
6234BE0D,28,rama1,10,Inteligencia,10
6234BE0D,28,rama1,14,Tecnica,10
6234BE0D,28,rama1,16,Tecnica,10
6234BE0D,28,rama2,20,Potencia,10
6234BE0D,28,rama2,24,Control,10
6234BE0D,28,rama2,26,Control,10
FC502BAE,28,tronco,5,Tecnica,10
FC502BAE,28,tronco,6,Potencia,10
FC502BAE,28,rama1,10,Inteligencia,10
FC502BAE,28,rama1,14,Tecnica,10
FC502BAE,28,rama1,16,Tecnica,10
FC502BAE,28,rama2,20,Potencia,10
FC502BAE,28,rama2,24,Control,10
FC502BAE,28,rama2,26,Control,10
8B571B38,28,tronco,5,Tecnica,10
8B571B38,28,tronco,6,Potencia,10
8B571B38,28,rama1,10,Inteligencia,10
8B571B38,28,rama1,14,Tecnica,10
8B571B38,28,rama1,16,Tecnica,10
8B571B38,28,rama2,20,Potencia,10
8B571B38,28,rama2,24,Control,10
8B571B38,28,rama2,26,Control,10
125E4A82,28,tronco,5,Tecnica,10
125E4A82,28,tronco,6,Potencia,10
125E4A82,28,rama1,10,Inteligencia,10
125E4A82,28,rama1,14,Tecnica,10
125E4A82,28,rama1,16,Tecnica,10
125E4A82,28,rama2,20,Potencia,10
125E4A82,28,rama2,24,Control,10
125E4A82,28,rama2,26,Control,10
1E5FBCBB,28,tronco,5,Inteligencia,10
1E5FBCBB,28,tronco,6,Fisico,10
1E5FBCBB,28,rama1,10,Tecnica,10
1E5FBCBB,28,rama1,14,Inteligencia,10
1E5FBCBB,28,rama1,16,Inteligencia,10
1E5FBCBB,28,rama2,20,Presion,10
1E5FBCBB,28,rama2,24,Fisico,10
1E5FBCBB,28,rama2,26,Fisico,10
8756ED01,28,tronco,5,Inteligencia,10
8756ED01,28,tronco,6,Fisico,10
8756ED01,28,rama1,10,Tecnica,10
8756ED01,28,rama1,14,Inteligencia,10
8756ED01,28,rama1,16,Inteligencia,10
8756ED01,28,rama2,20,Presion,10
8756ED01,28,rama2,24,Fisico,10
8756ED01,28,rama2,26,Fisico,10
F051DD97,28,tronco,5,Inteligencia,10
F051DD97,28,tronco,6,Fisico,10
F051DD97,28,rama1,10,Tecnica,10
F051DD97,28,rama1,14,Inteligencia,10
F051DD97,28,rama1,16,Inteligencia,10
F051DD97,28,rama2,20,Presion,10
F051DD97,28,rama2,24,Fisico,10
F051DD97,28,rama2,26,Fisico,10
6E354834,28,tronco,5,Inteligencia,10
6E354834,28,tronco,6,Fisico,10
6E354834,28,rama1,10,Tecnica,10
6E354834,28,rama1,14,Inteligencia,10
6E354834,28,rama1,16,Inteligencia,10
6E354834,28,rama2,20,Presion,10
6E354834,28,rama2,24,Fisico,10
6E354834,28,rama2,26,Fisico,10
193278A2,28,tronco,5,Inteligencia,10
193278A2,28,tronco,6,Fisico,10
193278A2,28,rama1,10,Tecnica,10
193278A2,28,rama1,14,Inteligencia,10
193278A2,28,rama1,16,Inteligencia,10
193278A2,28,rama2,20,Presion,10
193278A2,28,rama2,24,Fisico,10
193278A2,28,rama2,26,Fisico,10
803B2918,28,tronco,5,Inteligencia,10
803B2918,28,tronco,6,Fisico,10
803B2918,28,rama1,10,Tecnica,10
803B2918,28,rama1,14,Inteligencia,10
803B2918,28,rama1,16,Inteligencia,10
803B2918,28,rama2,20,Presion,10
803B2918,28,rama2,24,Fisico,10
803B2918,28,rama2,26,Fisico,10
AB951EB6,28,tronco,5,Tecnica,10
AB951EB6,28,tronco,6,Presion,10
AB951EB6,28,rama1,10,Tecnica,10
AB951EB6,28,rama1,14,Inteligencia,10
AB951EB6,28,rama1,16,Inteligencia,10
AB951EB6,28,rama2,20,Fisico,5
AB951EB6,28,rama2,24,Agilidad,10
AB951EB6,28,rama2,26,Agilidad,10
329C4F0C,28,tronco,5,Tecnica,10
329C4F0C,28,tronco,6,Presion,10
329C4F0C,28,rama1,10,Tecnica,10
329C4F0C,28,rama1,14,Inteligencia,10
329C4F0C,28,rama1,16,Inteligencia,10
329C4F0C,28,rama2,20,Fisico,5
329C4F0C,28,rama2,24,Agilidad,10
329C4F0C,28,rama2,26,Agilidad,10
459B7F9A,28,tronco,5,Tecnica,10
459B7F9A,28,tronco,6,Presion,10
459B7F9A,28,rama1,10,Tecnica,10
459B7F9A,28,rama1,14,Inteligencia,10
459B7F9A,28,rama1,16,Inteligencia,10
459B7F9A,28,rama2,20,Fisico,5
459B7F9A,28,rama2,24,Agilidad,10
459B7F9A,28,rama2,26,Agilidad,10
DBFFEA39,28,tronco,5,Tecnica,10
DBFFEA39,28,tronco,6,Presion,10
DBFFEA39,28,rama1,10,Tecnica,10
DBFFEA39,28,rama1,14,Inteligencia,10
DBFFEA39,28,rama1,16,Inteligencia,10
DBFFEA39,28,rama2,20,Fisico,5
DBFFEA39,28,rama2,24,Agilidad,10
DBFFEA39,28,rama2,26,Agilidad,10
ACF8DAAF,28,tronco,5,Tecnica,10
ACF8DAAF,28,tronco,6,Presion,10
ACF8DAAF,28,rama1,10,Tecnica,10
ACF8DAAF,28,rama1,14,Inteligencia,10
ACF8DAAF,28,rama1,16,Inteligencia,10
ACF8DAAF,28,rama2,20,Fisico,5
ACF8DAAF,28,rama2,24,Agilidad,10
ACF8DAAF,28,rama2,26,Agilidad,10
35F18B15,28,tronco,5,Tecnica,10
35F18B15,28,tronco,6,Presion,10
35F18B15,28,rama1,10,Tecnica,10
35F18B15,28,rama1,14,Inteligencia,10
35F18B15,28,rama1,16,Inteligencia,10
35F18B15,28,rama2,20,Fisico,5
35F18B15,28,rama2,24,Agilidad,10
35F18B15,28,rama2,26,Agilidad,10
9375C40A,28,tronco,5,Inteligencia,10
9375C40A,28,tronco,6,Potencia,10
9375C40A,28,rama1,10,Fisico,10
9375C40A,28,rama1,14,Tecnica,10
9375C40A,28,rama1,16,Tecnica,10
9375C40A,28,rama2,20,Control,10
9375C40A,28,rama2,24,Potencia,10
9375C40A,28,rama2,26,Potencia,10
0A7C95B0,28,tronco,5,Inteligencia,10
0A7C95B0,28,tronco,6,Potencia,10
0A7C95B0,28,rama1,10,Fisico,10
0A7C95B0,28,rama1,14,Tecnica,10
0A7C95B0,28,rama1,16,Tecnica,10
0A7C95B0,28,rama2,20,Control,10
0A7C95B0,28,rama2,24,Potencia,10
0A7C95B0,28,rama2,26,Potencia,10
7D7BA526,28,tronco,5,Inteligencia,10
7D7BA526,28,tronco,6,Potencia,10
7D7BA526,28,rama1,10,Fisico,10
7D7BA526,28,rama1,14,Tecnica,10
7D7BA526,28,rama1,16,Tecnica,10
7D7BA526,28,rama2,20,Control,10
7D7BA526,28,rama2,24,Potencia,10
7D7BA526,28,rama2,26,Potencia,10
E31F3085,28,tronco,5,Inteligencia,10
E31F3085,28,tronco,6,Potencia,10
E31F3085,28,rama1,10,Fisico,10
E31F3085,28,rama1,14,Tecnica,10
E31F3085,28,rama1,16,Tecnica,10
E31F3085,28,rama2,20,Control,10
E31F3085,28,rama2,24,Potencia,10
E31F3085,28,rama2,26,Potencia,10
94180013,28,tronco,5,Inteligencia,10
94180013,28,tronco,6,Potencia,10
94180013,28,rama1,10,Fisico,10
94180013,28,rama1,14,Tecnica,10
94180013,28,rama1,16,Tecnica,10
94180013,28,rama2,20,Control,10
94180013,28,rama2,24,Potencia,10
94180013,28,rama2,26,Potencia,10
0D1151A9,28,tronco,5,Inteligencia,10
0D1151A9,28,tronco,6,Potencia,10
0D1151A9,28,rama1,10,Fisico,10
0D1151A9,28,rama1,14,Tecnica,10
0D1151A9,28,rama1,16,Tecnica,10
0D1151A9,28,rama2,20,Control,10
0D1151A9,28,rama2,24,Potencia,10
0D1151A9,28,rama2,26,Potencia,10
0C00C5E1,28,tronco,5,Fisico,10
0C00C5E1,28,tronco,6,Inteligencia,10
0C00C5E1,28,rama1,10,Tecnica,10
0C00C5E1,28,rama1,14,Presion,10
0C00C5E1,28,rama1,16,Presion,10
0C00C5E1,28,rama2,20,Control,10
0C00C5E1,28,rama2,24,Tecnica,10
0C00C5E1,28,rama2,26,Tecnica,10
9509945B,28,tronco,5,Fisico,10
9509945B,28,tronco,6,Inteligencia,10
9509945B,28,rama1,10,Tecnica,10
9509945B,28,rama1,14,Presion,10
9509945B,28,rama1,16,Presion,10
9509945B,28,rama2,20,Control,10
9509945B,28,rama2,24,Tecnica,10
9509945B,28,rama2,26,Tecnica,10
E20EA4CD,28,tronco,5,Fisico,10
E20EA4CD,28,tronco,6,Inteligencia,10
E20EA4CD,28,rama1,10,Tecnica,10
E20EA4CD,28,rama1,14,Presion,10
E20EA4CD,28,rama1,16,Presion,10
E20EA4CD,28,rama2,20,Control,10
E20EA4CD,28,rama2,24,Tecnica,10
E20EA4CD,28,rama2,26,Tecnica,10
7C6A316E,28,tronco,5,Fisico,10
7C6A316E,28,tronco,6,Inteligencia,10
7C6A316E,28,rama1,10,Tecnica,10
7C6A316E,28,rama1,14,Presion,10
7C6A316E,28,rama1,16,Presion,10
7C6A316E,28,rama2,20,Control,10
7C6A316E,28,rama2,24,Tecnica,10
7C6A316E,28,rama2,26,Tecnica,10
0B6D01F8,28,tronco,5,Fisico,10
0B6D01F8,28,tronco,6,Inteligencia,10
0B6D01F8,28,rama1,10,Tecnica,10
0B6D01F8,28,rama1,14,Presion,10
0B6D01F8,28,rama1,16,Presion,10
0B6D01F8,28,rama2,20,Control,10
0B6D01F8,28,rama2,24,Tecnica,10
0B6D01F8,28,rama2,26,Tecnica,10
92645042,28,tronco,5,Fisico,10
92645042,28,tronco,6,Inteligencia,10
92645042,28,rama1,10,Tecnica,10
92645042,28,rama1,14,Presion,10
92645042,28,rama1,16,Presion,10
92645042,28,rama2,20,Control,10
92645042,28,rama2,24,Tecnica,10
92645042,28,rama2,26,Tecnica,10
B4DA059D,28,tronco,5,Tecnica,10
B4DA059D,28,tronco,6,Fisico,10
B4DA059D,28,rama1,10,Inteligencia,10
B4DA059D,28,rama1,14,Presion,10
B4DA059D,28,rama1,16,Presion,10
B4DA059D,28,rama2,20,Agilidad,10
B4DA059D,28,rama2,24,Fisico,10
B4DA059D,28,rama2,26,Fisico,10
2DD35427,28,tronco,5,Tecnica,10
2DD35427,28,tronco,6,Fisico,10
2DD35427,28,rama1,10,Inteligencia,10
2DD35427,28,rama1,14,Presion,10
2DD35427,28,rama1,16,Presion,10
2DD35427,28,rama2,20,Agilidad,10
2DD35427,28,rama2,24,Fisico,10
2DD35427,28,rama2,26,Fisico,10
5AD464B1,28,tronco,5,Tecnica,10
5AD464B1,28,tronco,6,Fisico,10
5AD464B1,28,rama1,10,Inteligencia,10
5AD464B1,28,rama1,14,Presion,10
5AD464B1,28,rama1,16,Presion,10
5AD464B1,28,rama2,20,Agilidad,10
5AD464B1,28,rama2,24,Fisico,10
5AD464B1,28,rama2,26,Fisico,10
C4B0F112,28,tronco,5,Tecnica,10
C4B0F112,28,tronco,6,Fisico,10
C4B0F112,28,rama1,10,Inteligencia,10
C4B0F112,28,rama1,14,Presion,10
C4B0F112,28,rama1,16,Presion,10
C4B0F112,28,rama2,20,Agilidad,10
C4B0F112,28,rama2,24,Fisico,10
C4B0F112,28,rama2,26,Fisico,10
B3B7C184,28,tronco,5,Tecnica,10
B3B7C184,28,tronco,6,Fisico,10
B3B7C184,28,rama1,10,Inteligencia,10
B3B7C184,28,rama1,14,Presion,10
B3B7C184,28,rama1,16,Presion,10
B3B7C184,28,rama2,20,Agilidad,10
B3B7C184,28,rama2,24,Fisico,10
B3B7C184,28,rama2,26,Fisico,10
2ABE903E,28,tronco,5,Tecnica,10
2ABE903E,28,tronco,6,Fisico,10
2ABE903E,28,rama1,10,Inteligencia,10
2ABE903E,28,rama1,14,Presion,10
2ABE903E,28,rama1,16,Presion,10
2ABE903E,28,rama2,20,Agilidad,10
2ABE903E,28,rama2,24,Fisico,10
2ABE903E,28,rama2,26,Fisico,10
7C2DA229,28,tronco,5,Presion,10
7C2DA229,28,tronco,6,Control,10
7C2DA229,28,rama1,10,Fisico,10
7C2DA229,28,rama1,14,Agilidad,10
7C2DA229,28,rama1,16,Agilidad,10
7C2DA229,28,rama2,20,Control,10
7C2DA229,28,rama2,24,Potencia,10
7C2DA229,28,rama2,26,Potencia,10
E524F393,28,tronco,5,Presion,10
E524F393,28,tronco,6,Control,10
E524F393,28,rama1,10,Fisico,10
E524F393,28,rama1,14,Agilidad,10
E524F393,28,rama1,16,Agilidad,10
E524F393,28,rama2,20,Control,10
E524F393,28,rama2,24,Potencia,10
E524F393,28,rama2,26,Potencia,10
9223C305,28,tronco,5,Presion,10
9223C305,28,tronco,6,Control,10
9223C305,28,rama1,10,Fisico,10
9223C305,28,rama1,14,Agilidad,10
9223C305,28,rama1,16,Agilidad,10
9223C305,28,rama2,20,Control,10
9223C305,28,rama2,24,Potencia,10
9223C305,28,rama2,26,Potencia,10
0C4756A6,28,tronco,5,Presion,10
0C4756A6,28,tronco,6,Control,10
0C4756A6,28,rama1,10,Fisico,10
0C4756A6,28,rama1,14,Agilidad,10
0C4756A6,28,rama1,16,Agilidad,10
0C4756A6,28,rama2,20,Control,10
0C4756A6,28,rama2,24,Potencia,10
0C4756A6,28,rama2,26,Potencia,10
7B406630,28,tronco,5,Presion,10
7B406630,28,tronco,6,Control,10
7B406630,28,rama1,10,Fisico,10
7B406630,28,rama1,14,Agilidad,10
7B406630,28,rama1,16,Agilidad,10
7B406630,28,rama2,20,Control,10
7B406630,28,rama2,24,Potencia,10
7B406630,28,rama2,26,Potencia,10
E249378A,28,tronco,5,Presion,10
E249378A,28,tronco,6,Control,10
E249378A,28,rama1,10,Fisico,10
E249378A,28,rama1,14,Agilidad,10
E249378A,28,rama1,16,Agilidad,10
E249378A,28,rama2,20,Control,10
E249378A,28,rama2,24,Potencia,10
E249378A,28,rama2,26,Potencia,10
E358A3C2,28,tronco,5,Agilidad,10
E358A3C2,28,tronco,6,Inteligencia,10
E358A3C2,28,rama1,10,Presion,10
E358A3C2,28,rama1,14,Fisico,10
E358A3C2,28,rama1,16,Fisico,10
E358A3C2,28,rama2,20,Control,10
E358A3C2,28,rama2,24,Tecnica,10
E358A3C2,28,rama2,26,Tecnica,10
7A51F278,28,tronco,5,Agilidad,10
7A51F278,28,tronco,6,Inteligencia,10
7A51F278,28,rama1,10,Presion,10
7A51F278,28,rama1,14,Fisico,10
7A51F278,28,rama1,16,Fisico,10
7A51F278,28,rama2,20,Control,10
7A51F278,28,rama2,24,Tecnica,10
7A51F278,28,rama2,26,Tecnica,10
0D56C2EE,28,tronco,5,Agilidad,10
0D56C2EE,28,tronco,6,Inteligencia,10
0D56C2EE,28,rama1,10,Presion,10
0D56C2EE,28,rama1,14,Fisico,10
0D56C2EE,28,rama1,16,Fisico,10
0D56C2EE,28,rama2,20,Control,10
0D56C2EE,28,rama2,24,Tecnica,10
0D56C2EE,28,rama2,26,Tecnica,10
9332574D,28,tronco,5,Agilidad,10
9332574D,28,tronco,6,Inteligencia,10
9332574D,28,rama1,10,Presion,10
9332574D,28,rama1,14,Fisico,10
9332574D,28,rama1,16,Fisico,10
9332574D,28,rama2,20,Control,10
9332574D,28,rama2,24,Tecnica,10
9332574D,28,rama2,26,Tecnica,10
E43567DB,28,tronco,5,Agilidad,10
E43567DB,28,tronco,6,Inteligencia,10
E43567DB,28,rama1,10,Presion,10
E43567DB,28,rama1,14,Fisico,10
E43567DB,28,rama1,16,Fisico,10
E43567DB,28,rama2,20,Control,10
E43567DB,28,rama2,24,Tecnica,10
E43567DB,28,rama2,26,Tecnica,10
7D3C3661,28,tronco,5,Agilidad,10
7D3C3661,28,tronco,6,Inteligencia,10
7D3C3661,28,rama1,10,Presion,10
7D3C3661,28,rama1,14,Fisico,10
7D3C3661,28,rama1,16,Fisico,10
7D3C3661,28,rama2,20,Control,10
7D3C3661,28,rama2,24,Tecnica,10
7D3C3661,28,rama2,26,Tecnica,10
EE48C1B3,28,tronco,5,Fisico,10
EE48C1B3,28,tronco,6,Tecnica,10
EE48C1B3,28,rama1,10,Agilidad,10
EE48C1B3,28,rama1,14,Presion,10
EE48C1B3,28,rama1,16,Presion,10
EE48C1B3,28,rama2,20,Tecnica,10
EE48C1B3,28,rama2,24,Fisico,10
EE48C1B3,28,rama2,26,Fisico,10
77419009,28,tronco,5,Fisico,10
77419009,28,tronco,6,Tecnica,10
77419009,28,rama1,10,Agilidad,10
77419009,28,rama1,14,Presion,10
77419009,28,rama1,16,Presion,10
77419009,28,rama2,20,Tecnica,10
77419009,28,rama2,24,Fisico,10
77419009,28,rama2,26,Fisico,10
0046A09F,28,tronco,5,Fisico,10
0046A09F,28,tronco,6,Tecnica,10
0046A09F,28,rama1,10,Agilidad,10
0046A09F,28,rama1,14,Presion,10
0046A09F,28,rama1,16,Presion,10
0046A09F,28,rama2,20,Tecnica,10
0046A09F,28,rama2,24,Fisico,10
0046A09F,28,rama2,26,Fisico,10
9E22353C,28,tronco,5,Fisico,10
9E22353C,28,tronco,6,Tecnica,10
9E22353C,28,rama1,10,Agilidad,10
9E22353C,28,rama1,14,Presion,10
9E22353C,28,rama1,16,Presion,10
9E22353C,28,rama2,20,Tecnica,10
9E22353C,28,rama2,24,Fisico,10
9E22353C,28,rama2,26,Fisico,10
E92505AA,28,tronco,5,Fisico,10
E92505AA,28,tronco,6,Tecnica,10
E92505AA,28,rama1,10,Agilidad,10
E92505AA,28,rama1,14,Presion,10
E92505AA,28,rama1,16,Presion,10
E92505AA,28,rama2,20,Tecnica,10
E92505AA,28,rama2,24,Fisico,10
E92505AA,28,rama2,26,Fisico,10
702C5410,28,tronco,5,Fisico,10
702C5410,28,tronco,6,Tecnica,10
702C5410,28,rama1,10,Agilidad,10
702C5410,28,rama1,14,Presion,10
702C5410,28,rama1,16,Presion,10
702C5410,28,rama2,20,Tecnica,10
702C5410,28,rama2,24,Fisico,10
702C5410,28,rama2,26,Fisico,10
